contractRowId,playerName,playerKey,playerId,pfrId,ageAtSigning,yearsExpAtSigning,prevSignedTeam,termScenario,aavPercPrediction,impliedCap2026,aavPrediction,aavPredictionMillions
5444,Adam Thielen,adam thielen,00-0030035,ThieAd00,35,13,CAR,1,0.013761789726732284,301587301.5873016,4150381.028697038,4.150381028697038
5444,Adam Thielen,adam thielen,00-0030035,ThieAd00,35,13,CAR,2,0.01503310580734581,301587301.5873016,4533793.814913816,4.533793814913816
5444,Adam Thielen,adam thielen,00-0030035,ThieAd00,35,13,CAR,3,0.01924428609837892,301587301.5873016,5803832.315384119,5.803832315384119
5444,Adam Thielen,adam thielen,00-0030035,ThieAd00,35,13,CAR,4,0.029109906942322423,301587301.5873016,8779178.284192478,8.779178284192477
5444,Adam Thielen,adam thielen,00-0030035,ThieAd00,35,13,CAR,5,0.03619486584458565,301587301.5873016,10915911.921382975,10.915911921382975
5445,Ajou Ajou,ajou ajou,00-0039957,NA,24,1,IND,1,0.0050131483985304095,301587301.5873016,1511901.8979694888,1.5119018979694887
5445,Ajou Ajou,ajou ajou,00-0039957,NA,24,1,IND,2,0.006284464479143937,301587301.5873016,1895314.684186267,1.895314684186267
5445,Ajou Ajou,ajou ajou,00-0039957,NA,24,1,IND,3,0.010495644770177052,301587301.5873016,3165353.1846565716,3.1653531846565715
5445,Ajou Ajou,ajou ajou,00-0039957,NA,24,1,IND,4,0.020361265614120563,301587301.5873016,6140699.153464932,6.140699153464932
5445,Ajou Ajou,ajou ajou,00-0039957,NA,24,1,IND,5,0.02744622451638378,301587301.5873016,8277432.790655427,8.277432790655427
5446,Alex Bachman,alex bachman,00-0035602,BachAl00,29,7,LV,1,0.0016844959205118673,301587301.5873016,508022.5792019918,0.5080225792019918
5446,Alex Bachman,alex bachman,00-0035602,BachAl00,29,7,LV,2,0.0029558120011253914,301587301.5873016,891435.365418769,0.891435365418769
5446,Alex Bachman,alex bachman,00-0035602,BachAl00,29,7,LV,3,0.00716699229215851,301587301.5873016,2161473.8658890747,2.1614738658890746
5446,Alex Bachman,alex bachman,00-0035602,BachAl00,29,7,LV,4,0.017032613136102014,301587301.5873016,5136819.834697433,5.136819834697433
5446,Alex Bachman,alex bachman,00-0035602,BachAl00,29,7,LV,5,0.02411757203836523,301587301.5873016,7273553.4718879275,7.273553471887928
5447,Anthony Miller,anthony miller,00-0034353,MillAn02,31,8,BAL,1,0.0052610581802837175,301587301.5873016,1586668.3400855658,1.586668340085566
5447,Anthony Miller,anthony miller,00-0034353,MillAn02,31,8,BAL,2,0.00653237426089724,301587301.5873016,1970081.1263023424,1.9700811263023423
5447,Anthony Miller,anthony miller,00-0034353,MillAn02,31,8,BAL,3,0.010743554551930358,301587301.5873016,3240119.6267726477,3.2401196267726475
5447,Anthony Miller,anthony miller,00-0034353,MillAn02,31,8,BAL,4,0.020609175395873862,301587301.5873016,6215465.595581006,6.215465595581006
5447,Anthony Miller,anthony miller,00-0034353,MillAn02,31,8,BAL,5,0.02769413429813708,301587301.5873016,8352199.232771501,8.3521992327715
5448,Aron Cruickshank,aron cruickshank,00-0038422,NA,25,3,CHI,1,0.005874151470013431,301587301.5873016,1771569.4909564317,1.7715694909564317
5448,Aron Cruickshank,aron cruickshank,00-0038422,NA,25,3,CHI,2,0.007145467550626957,301587301.5873016,2154982.2771732095,2.1549822771732097
5448,Aron Cruickshank,aron cruickshank,00-0038422,NA,25,3,CHI,3,0.011356647841660076,301587301.5873016,3425020.7776435153,3.4250207776435153
5448,Aron Cruickshank,aron cruickshank,00-0038422,NA,25,3,CHI,4,0.021222268685603583,301587301.5873016,6400366.746451875,6.400366746451875
5448,Aron Cruickshank,aron cruickshank,00-0038422,NA,25,3,CHI,5,0.0283072275878668,301587301.5873016,8537100.38364237,8.53710038364237
5449,Austin Mack,austin mack,00-0035869,MackAu01,28,6,ATL,1,0.0022884178476962756,301587301.5873016,690157.7635909403,0.6901577635909403
5449,Austin Mack,austin mack,00-0035869,MackAu01,28,6,ATL,2,0.003559733928309801,301587301.5873016,1073570.5498077178,1.0735705498077177
5449,Austin Mack,austin mack,00-0035869,MackAu01,28,6,ATL,3,0.0077709142193429165,301587301.5873016,2343609.0502780224,2.3436090502780225
5449,Austin Mack,austin mack,00-0035869,MackAu01,28,6,ATL,4,0.017636535063286427,301587301.5873016,5318955.019086383,5.318955019086383
5449,Austin Mack,austin mack,00-0035869,MackAu01,28,6,ATL,5,0.024721493965549644,301587301.5873016,7455688.656276877,7.455688656276877
5450,Austin Watkins,austin watkins,NA,NA,27,NA,PHI,1,0.005007159961019605,301587301.5873016,1510095.861259881,1.510095861259881
5450,Austin Watkins,austin watkins,NA,NA,27,NA,PHI,2,0.006278476041633132,301587301.5873016,1893508.647476659,1.893508647476659
5450,Austin Watkins,austin watkins,NA,NA,27,NA,PHI,3,0.010489656332666249,301587301.5873016,3163547.147946964,3.163547147946964
5450,Austin Watkins,austin watkins,NA,NA,27,NA,PHI,4,0.020355277176609756,301587301.5873016,6138893.1167553235,6.138893116755323
5450,Austin Watkins,austin watkins,NA,NA,27,NA,PHI,5,0.027440236078872974,301587301.5873016,8275626.753945818,8.275626753945819
5451,Avery Davis,avery davis,00-0039186,NA,NA,3,DET,1,0.006633620204189695,301587301.5873016,2000615.617136575,2.000615617136575
5451,Avery Davis,avery davis,00-0039186,NA,NA,3,DET,2,0.007904936284803215,301587301.5873016,2384028.4033533507,2.3840284033533505
5451,Avery Davis,avery davis,00-0039186,NA,NA,3,DET,3,0.012116116575836333,301587301.5873016,3654066.9038236565,3.6540669038236566
5451,Avery Davis,avery davis,00-0039186,NA,NA,3,DET,4,0.02198173741977984,301587301.5873016,6629412.8726320155,6.629412872632016
5451,Avery Davis,avery davis,00-0039186,NA,NA,3,DET,5,0.02906669632204306,301587301.5873016,8766146.50982251,8.76614650982251
5452,Bo Melton,bo melton,00-0037091,MeltBo00,26,4,GB,1,0.004643091286988797,301587301.5873016,1400297.3722664625,1.4002973722664624
5452,Bo Melton,bo melton,00-0037091,MeltBo00,26,4,GB,2,0.005914407367602322,301587301.5873016,1783710.15848324,1.78371015848324
5452,Bo Melton,bo melton,00-0037091,MeltBo00,26,4,GB,3,0.010125587658635441,301587301.5873016,3053748.658953546,3.053748658953546
5452,Bo Melton,bo melton,00-0037091,MeltBo00,26,4,GB,4,0.01999120850257894,301587301.5873016,6029094.627761903,6.0290946277619035
5452,Bo Melton,bo melton,00-0037091,MeltBo00,26,4,GB,5,0.027076167404842158,301587301.5873016,8165828.264952398,8.165828264952397
5453,Brandon Johnson,brandon johnson,00-0037382,JohnBr23,27,4,PIT,1,-0.0015596271257090374,301587301.5873016,-470363.73632494785,-0.4703637363249479
5453,Brandon Johnson,brandon johnson,00-0037382,JohnBr23,27,4,PIT,2,-2.8831104509551296e-4,301587301.5873016,-86950.95010817058,-0.08695095010817058
5453,Brandon Johnson,brandon johnson,00-0037382,JohnBr23,27,4,PIT,3,0.003922869245937605,301587301.5873016,1183087.550362135,1.183087550362135
5453,Brandon Johnson,brandon johnson,00-0037382,JohnBr23,27,4,PIT,4,0.013788490089881106,301587301.5873016,4158433.519170493,4.158433519170493
5453,Brandon Johnson,brandon johnson,00-0037382,JohnBr23,27,4,PIT,5,0.020873448992144328,301587301.5873016,6295167.1563609885,6.295167156360988
5454,Braxton Berrios,braxton berrios,00-0034419,BerrBr00,30,8,HOU,1,1.1888783345412363e-4,301587301.5873016,35855.06088298967,0.03585506088298967
5454,Braxton Berrios,braxton berrios,00-0034419,BerrBr00,30,8,HOU,2,0.0013902039140676473,301587301.5873016,419267.84709976666,0.41926784709976667
5454,Braxton Berrios,braxton berrios,00-0034419,BerrBr00,30,8,HOU,3,0.0056013842051007645,301587301.5873016,1689306.347570072,1.689306347570072
5454,Braxton Berrios,braxton berrios,00-0034419,BerrBr00,30,8,HOU,4,0.015467005049044283,301587301.5873016,4664652.316378435,4.664652316378435
5454,Braxton Berrios,braxton berrios,00-0034419,BerrBr00,30,8,HOU,5,0.02255196395130749,301587301.5873016,6801385.953568926,6.801385953568926
5455,Braxton Burmeister,braxton burmeister,NA,NA,27,NA,LA,1,0.0061989967564150894,301587301.5873016,1869538.7043156622,1.8695387043156622
5455,Braxton Burmeister,braxton burmeister,NA,NA,27,NA,LA,2,0.007470312837028617,301587301.5873016,2252951.49053244,2.25295149053244
5455,Braxton Burmeister,braxton burmeister,NA,NA,27,NA,LA,3,0.011681493128061736,301587301.5873016,3522989.991002746,3.522989991002746
5455,Braxton Burmeister,braxton burmeister,NA,NA,27,NA,LA,4,0.021547113972005243,301587301.5873016,6498335.959811105,6.498335959811105
5455,Braxton Burmeister,braxton burmeister,NA,NA,27,NA,LA,5,0.02863207287426846,301587301.5873016,8635069.597001601,8.635069597001602
5456,Braxton Westfield,braxton westfield,NA,NA,NA,NA,IND,1,0.006210593815044783,301587301.5873016,1873036.229934141,1.873036229934141
5456,Braxton Westfield,braxton westfield,NA,NA,NA,NA,IND,2,0.007481909895658309,301587301.5873016,2256449.016150919,2.2564490161509188
5456,Braxton Westfield,braxton westfield,NA,NA,NA,NA,IND,3,0.011693090186691428,301587301.5873016,3526487.5166212246,3.5264875166212244
5456,Braxton Westfield,braxton westfield,NA,NA,NA,NA,IND,4,0.021558711030634937,301587301.5873016,6501833.485429585,6.501833485429585
5456,Braxton Westfield,braxton westfield,NA,NA,NA,NA,IND,5,0.028643669932898155,301587301.5873016,8638567.12262008,8.63856712262008
5457,Braydon Johnson,braydon johnson,NA,NA,NA,NA,BUF,1,0.0075904908606647436,301587301.5873016,2289195.6563909547,2.289195656390955
5457,Braydon Johnson,braydon johnson,NA,NA,NA,NA,BUF,2,0.008861806941278269,301587301.5873016,2672608.442607732,2.672608442607732
5457,Braydon Johnson,braydon johnson,NA,NA,NA,NA,BUF,3,0.013072987232311387,301587301.5873016,3942646.9430780374,3.9426469430780373
5457,Braydon Johnson,braydon johnson,NA,NA,NA,NA,BUF,4,0.022938608076254894,301587301.5873016,6917992.911886397,6.9179929118863965
5457,Braydon Johnson,braydon johnson,NA,NA,NA,NA,BUF,5,0.03002356697851815,301587301.5873016,9054726.549076904,9.054726549076904
5458,Braylon Sanders,braylon sanders,00-0037355,SandBr00,27,4,WAS,1,0.0035185327993560458,301587301.5873016,1061144.8125042045,1.0611448125042044
5458,Braylon Sanders,braylon sanders,00-0037355,SandBr00,27,4,WAS,2,0.00478984887996957,301587301.5873016,1444557.5987209815,1.4445575987209816
5458,Braylon Sanders,braylon sanders,00-0037355,SandBr00,27,4,WAS,3,0.009001029171002687,301587301.5873016,2714596.0991912866,2.7145960991912865
5458,Braylon Sanders,braylon sanders,00-0037355,SandBr00,27,4,WAS,4,0.018866650014946196,301587301.5873016,5689942.067999647,5.689942067999647
5458,Braylon Sanders,braylon sanders,00-0037355,SandBr00,27,4,WAS,5,0.025951608917209414,301587301.5873016,7826675.705190142,7.826675705190142
5459,Brian Cobbs,brian cobbs,00-0039011,NA,26,3,ARI,1,0.005085987935644524,301587301.5873016,1533869.3774166026,1.5338693774166026
5459,Brian Cobbs,brian cobbs,00-0039011,NA,26,3,ARI,2,0.006357304016258054,301587301.5873016,1917282.1636333815,1.9172821636333814
5459,Brian Cobbs,brian cobbs,00-0039011,NA,26,3,ARI,3,0.010568484307291168,301587301.5873016,3187320.664103686,3.187320664103686
5459,Brian Cobbs,brian cobbs,00-0039011,NA,26,3,ARI,4,0.020434105151234675,301587301.5873016,6162666.632912045,6.162666632912045
5459,Brian Cobbs,brian cobbs,00-0039011,NA,26,3,ARI,5,0.027519064053497893,301587301.5873016,8299400.27010254,8.29940027010254
5460,Bryan Thompson,bryan thompson,00-0038680,ThomBr05,26,3,BUF,1,0.006210731742550745,301587301.5873016,1873077.8271184787,1.8730778271184787
5460,Bryan Thompson,bryan thompson,00-0038680,ThomBr05,26,3,BUF,2,0.007482047823164269,301587301.5873016,2256490.613335256,2.256490613335256
5460,Bryan Thompson,bryan thompson,00-0038680,ThomBr05,26,3,BUF,3,0.011693228114197388,301587301.5873016,3526529.113805562,3.526529113805562
5460,Bryan Thompson,bryan thompson,00-0038680,ThomBr05,26,3,BUF,4,0.021558848958140895,301587301.5873016,6501875.082613921,6.501875082613921
5460,Bryan Thompson,bryan thompson,00-0038680,ThomBr05,26,3,BUF,5,0.028643807860404113,301587301.5873016,8638608.719804415,8.638608719804415
5461,Bryce Ford-Wheaton,bryce ford wheaton,00-0038477,FordBr00,26,3,NYG,1,0.006446406084814273,301587301.5873016,1944154.2160550982,1.9441542160550982
5461,Bryce Ford-Wheaton,bryce ford wheaton,00-0038477,FordBr00,26,3,NYG,2,0.0077177221654277945,301587301.5873016,2327567.002271875,2.327567002271875
5461,Bryce Ford-Wheaton,bryce ford wheaton,00-0038477,FordBr00,26,3,NYG,3,0.011928902456460909,301587301.5873016,3597605.502742179,3.597605502742179
5461,Bryce Ford-Wheaton,bryce ford wheaton,00-0038477,FordBr00,26,3,NYG,4,0.021794523300404416,301587301.5873016,6572951.471550539,6.572951471550539
5461,Bryce Ford-Wheaton,bryce ford wheaton,00-0038477,FordBr00,26,3,NYG,5,0.028879482202667634,301587301.5873016,8709685.108741034,8.709685108741034
5462,C.J. Johnson,c j johnson,NA,NA,NA,NA,SEA,1,0.0056752367251066416,301587301.5873016,1711579.3297940667,1.7115793297940667
5462,C.J. Johnson,c j johnson,NA,NA,NA,NA,SEA,2,0.00694655280572017,301587301.5873016,2094992.1160108452,2.0949921160108453
5462,C.J. Johnson,c j johnson,NA,NA,NA,NA,SEA,3,0.011157733096753287,301587301.5873016,3365030.6164811505,3.3650306164811505
5462,C.J. Johnson,c j johnson,NA,NA,NA,NA,SEA,4,0.021023353940696793,301587301.5873016,6340376.585289509,6.340376585289509
5462,C.J. Johnson,c j johnson,NA,NA,NA,NA,SEA,5,0.02810831284296001,301587301.5873016,8477110.222480005,8.477110222480004
5463,Cedrick Wilson,cedrick wilson,00-0020452,WilsCe00,47,25,MIA,1,-0.003661975202797776,301587301.5873016,-1104405.2198913929,-1.104405219891393
5463,Cedrick Wilson,cedrick wilson,00-0020452,WilsCe00,47,25,MIA,2,-0.00239065912218425,301587301.5873016,-720992.4336746151,-0.7209924336746151
5463,Cedrick Wilson,cedrick wilson,00-0020452,WilsCe00,47,25,MIA,3,0.0018205211688488655,301587301.5873016,549046.0667956896,0.5490460667956897
5463,Cedrick Wilson,cedrick wilson,00-0020452,WilsCe00,47,25,MIA,4,0.011686142012792378,301587301.5873016,3524392.035604051,3.524392035604051
5463,Cedrick Wilson,cedrick wilson,00-0020452,WilsCe00,47,25,MIA,5,0.018771100915055596,301587301.5873016,5661125.672794545,5.661125672794545
5464,Chase Cota,chase cota,00-0038651,CotaCh00,26,3,CLE,1,0.002115077473052218,301587301.5873016,637880.5077459071,0.6378805077459071
5464,Chase Cota,chase cota,00-0038651,CotaCh00,26,3,CLE,2,0.0033863935536657453,301587301.5873016,1021293.2939626852,1.021293293962685
5464,Chase Cota,chase cota,00-0038651,CotaCh00,26,3,CLE,3,0.007597573844698862,301587301.5873016,2291331.7944329903,2.29133179443299
5464,Chase Cota,chase cota,00-0038651,CotaCh00,26,3,CLE,4,0.017463194688642374,301587301.5873016,5266677.763241352,5.2666777632413515
5464,Chase Cota,chase cota,00-0038651,CotaCh00,26,3,CLE,5,0.02454815359090559,301587301.5873016,7403411.400431845,7.403411400431845
5465,Chris Coleman,chris coleman,00-0019038,ColeCh01,48,26,MIA,1,-0.002628499527345496,301587301.5873016,-792722.0796756259,-0.7927220796756259
5465,Chris Coleman,chris coleman,00-0019038,ColeCh01,48,26,MIA,2,-0.0013571834467319716,301587301.5873016,-409309.2934588486,-0.4093092934588486
5465,Chris Coleman,chris coleman,00-0019038,ColeCh01,48,26,MIA,3,0.002853996844301143,301587301.5873016,860729.2070114559,0.8607292070114559
5465,Chris Coleman,chris coleman,00-0019038,ColeCh01,48,26,MIA,4,0.012719617688244655,301587301.5873016,3836075.175819817,3.836075175819817
5465,Chris Coleman,chris coleman,00-0019038,ColeCh01,48,26,MIA,5,0.019804576590507873,301587301.5873016,5972808.813010312,5.972808813010312
5466,Chris Moore,chris moore,00-0032398,MoorCh00,32,10,WAS,1,0.008090130167057523,301587301.5873016,2439880.526572904,2.439880526572904
5466,Chris Moore,chris moore,00-0032398,MoorCh00,32,10,WAS,2,0.009361446247671044,301587301.5873016,2823293.31278968,2.82329331278968
5466,Chris Moore,chris moore,00-0032398,MoorCh00,32,10,WAS,3,0.013572626538704162,301587301.5873016,4093331.8132599858,4.093331813259986
5466,Chris Moore,chris moore,00-0032398,MoorCh00,32,10,WAS,4,0.023438247382647666,301587301.5873016,7068677.782068344,7.0686777820683435
5466,Chris Moore,chris moore,00-0032398,MoorCh00,32,10,WAS,5,0.030523206284910884,301587301.5873016,9205411.419258839,9.205411419258839
5467,Cody Chrest,cody chrest,00-0038430,NA,NA,3,IND,1,0.005654662380476369,301587301.5873016,1705374.3687150956,1.7053743687150955
5467,Cody Chrest,cody chrest,00-0038430,NA,NA,3,IND,2,0.006925978461089896,301587301.5873016,2088787.1549318735,2.0887871549318735
5467,Cody Chrest,cody chrest,00-0038430,NA,NA,3,IND,3,0.011137158752123013,301587301.5873016,3358825.655402179,3.3588256554021787
5467,Cody Chrest,cody chrest,00-0038430,NA,NA,3,IND,4,0.021002779596066522,301587301.5873016,6334171.624210539,6.33417162421054
5467,Cody Chrest,cody chrest,00-0038430,NA,NA,3,IND,5,0.02808773849832974,301587301.5873016,8470905.261401033,8.470905261401033
5468,Collin Johnson,collin johnson,00-0036254,JohnCo01,28,6,LV,1,0.0030010570937543017,301587301.5873016,905080.7108147895,0.9050807108147895
5468,Collin Johnson,collin johnson,00-0036254,JohnCo01,28,6,LV,2,0.004272373174367825,301587301.5873016,1288493.4970315665,1.2884934970315665
5468,Collin Johnson,collin johnson,00-0036254,JohnCo01,28,6,LV,3,0.008483553465400941,301587301.5873016,2558531.9975018715,2.5585319975018717
5468,Collin Johnson,collin johnson,00-0036254,JohnCo01,28,6,LV,4,0.01834917430934445,301587301.5873016,5533877.966310231,5.533877966310231
5468,Collin Johnson,collin johnson,00-0036254,JohnCo01,28,6,LV,5,0.025434133211607667,301587301.5873016,7670611.603500726,7.670611603500726
5469,Cornell Powell,cornell powell,00-0036647,PoweCo00,28,5,HOU,1,0.0028508592108693652,301587301.5873016,859782.9366113959,0.8597829366113959
5469,Cornell Powell,cornell powell,00-0036647,PoweCo00,28,5,HOU,2,0.004122175291482892,301587301.5873016,1243195.722828174,1.243195722828174
5469,Cornell Powell,cornell powell,00-0036647,PoweCo00,28,5,HOU,3,0.008333355582516012,301587301.5873016,2513234.22329848,2.51323422329848
5469,Cornell Powell,cornell powell,00-0036647,PoweCo00,28,5,HOU,4,0.01819897642645952,301587301.5873016,5488580.192106839,5.48858019210684
5469,Cornell Powell,cornell powell,00-0036647,PoweCo00,28,5,HOU,5,0.025283935328722737,301587301.5873016,7625313.829297334,7.625313829297334
5470,D'Wayne Eskridge,d wayne eskridge,NA,NA,28,NA,MIA,1,0.016545296104433147,301587301.5873016,4989851.206098886,4.989851206098886
5470,D'Wayne Eskridge,d wayne eskridge,NA,NA,28,NA,MIA,2,0.017816612185046668,301587301.5873016,5373263.992315662,5.373263992315662
5470,D'Wayne Eskridge,d wayne eskridge,NA,NA,28,NA,MIA,3,0.022027792476079798,301587301.5873016,6643302.492785972,6.643302492785971
5470,D'Wayne Eskridge,d wayne eskridge,NA,NA,28,NA,MIA,4,0.03189341332002329,301587301.5873016,9618648.461594326,9.618648461594326
5470,D'Wayne Eskridge,d wayne eskridge,NA,NA,28,NA,MIA,5,0.0389783722222865,301587301.5873016,11755382.098784817,11.755382098784818
5471,Dallas Daniels,dallas daniels,NA,NA,NA,NA,DEN,1,0.005441299216506724,301587301.5873016,1641026.7478353614,1.6410267478353613
5471,Dallas Daniels,dallas daniels,NA,NA,NA,NA,DEN,2,0.0067126152971202545,301587301.5873016,2024439.5340521403,2.0244395340521404
5471,Dallas Daniels,dallas daniels,NA,NA,NA,NA,DEN,3,0.010923795588153368,301587301.5873016,3294478.0345224445,3.2944780345224443
5471,Dallas Daniels,dallas daniels,NA,NA,NA,NA,DEN,4,0.020789416432096877,301587301.5873016,6269824.003330804,6.269824003330805
5471,Dallas Daniels,dallas daniels,NA,NA,NA,NA,DEN,5,0.027874375334360095,301587301.5873016,8406557.6405213,8.4065576405213
5472,Daniel Arias,daniel arias,00-0038702,AriaDa00,27,3,ARI,1,0.0040074986593937635,301587301.5873016,1208610.7068012939,1.208610706801294
5472,Daniel Arias,daniel arias,00-0038702,AriaDa00,27,3,ARI,2,0.005278814740007286,301587301.5873016,1592023.4930180705,1.5920234930180706
5472,Daniel Arias,daniel arias,00-0038702,AriaDa00,27,3,ARI,3,0.009489995031040406,301587301.5873016,2862061.9934883765,2.8620619934883766
5472,Daniel Arias,daniel arias,00-0038702,AriaDa00,27,3,ARI,4,0.019355615874983915,301587301.5873016,5837407.962296736,5.837407962296736
5472,Daniel Arias,daniel arias,00-0038702,AriaDa00,27,3,ARI,5,0.026440574777247133,301587301.5873016,7974141.599487231,7.974141599487231
5473,Dante Pettis,dante pettis,00-0034860,PettDa00,30,8,NO,1,-2.928035422644321e-4,301587301.5873016,-88305.8302067335,-0.08830583020673351
5473,Dante Pettis,dante pettis,00-0034860,PettDa00,30,8,NO,2,9.785125383490907e-4,301587301.5873016,295106.9560100433,0.2951069560100433
5473,Dante Pettis,dante pettis,00-0034860,PettDa00,30,8,NO,3,0.00518969282938221,301587301.5873016,1565145.4564803492,1.565145456480349
5473,Dante Pettis,dante pettis,00-0034860,PettDa00,30,8,NO,4,0.015055313673325705,301587301.5873016,4540491.425288705,4.540491425288705
5473,Dante Pettis,dante pettis,00-0034860,PettDa00,30,8,NO,5,0.02214027257558893,301587301.5873016,6677225.062479202,6.677225062479201
5474,David Bell,david bell,00-0037257,BellDa02,25,4,CLE,1,0.006164173206109596,301587301.5873016,1859036.3637473385,1.8590363637473386
5474,David Bell,david bell,00-0037257,BellDa02,25,4,CLE,2,0.00743548928672312,301587301.5873016,2242449.1499641156,2.2424491499641155
5474,David Bell,david bell,00-0037257,BellDa02,25,4,CLE,3,0.011646669577756235,301587301.5873016,3512487.6504344204,3.5124876504344202
5474,David Bell,david bell,00-0037257,BellDa02,25,4,CLE,4,0.02151229042169974,301587301.5873016,6487833.61924278,6.48783361924278
5474,David Bell,david bell,00-0037257,BellDa02,25,4,CLE,5,0.028597249323962983,301587301.5873016,8624567.256433282,8.624567256433282
5475,David Durden,david durden,00-0038734,DurdDa00,27,3,DAL,1,0.004083266672431862,301587301.5873016,1231461.3774000856,1.2314613774000855
5475,David Durden,david durden,00-0038734,DurdDa00,27,3,DAL,2,0.005354582753045385,301587301.5873016,1614874.1636168621,1.6148741636168622
5475,David Durden,david durden,00-0038734,DurdDa00,27,3,DAL,3,0.009565763044078506,301587301.5873016,2884912.664087169,2.8849126640871687
5475,David Durden,david durden,00-0038734,DurdDa00,27,3,DAL,4,0.019431383888022014,301587301.5873016,5860258.632895528,5.860258632895528
5475,David Durden,david durden,00-0038734,DurdDa00,27,3,DAL,5,0.02651634279028523,301587301.5873016,7996992.270086023,7.996992270086023
5476,David Sills,david sills,00-0035359,SillDa01,30,7,ATL,1,4.169928773373839e-5,301587301.5873016,12575.975665730626,0.012575975665730627
5476,David Sills,david sills,00-0035359,SillDa01,30,7,ATL,2,0.0013130153683472633,301587301.5873016,395988.761882508,0.395988761882508
5476,David Sills,david sills,00-0035359,SillDa01,30,7,ATL,3,0.005524195659380381,301587301.5873016,1666027.2623528135,1.6660272623528134
5476,David Sills,david sills,00-0035359,SillDa01,30,7,ATL,4,0.01538981650332389,301587301.5873016,4641373.231161173,4.6413732311611735
5476,David Sills,david sills,00-0035359,SillDa01,30,7,ATL,5,0.022474775405587108,301587301.5873016,6778106.868351668,6.778106868351668
5477,David White Jr,david white jr,00-0039562,WhitDa06,25,2,BUF,1,0.004571636450879765,301587301.5873016,1378747.5010589769,1.378747501058977
5477,David White Jr,david white jr,00-0039562,WhitDa06,25,2,BUF,2,0.005842952531493288,301587301.5873016,1762160.2872757537,1.7621602872757536
5477,David White Jr,david white jr,00-0039562,WhitDa06,25,2,BUF,3,0.010054132822526407,301587301.5873016,3032198.7877460592,3.032198787746059
5477,David White Jr,david white jr,00-0039562,WhitDa06,25,2,BUF,4,0.019919753666469916,301587301.5873016,6007544.756554419,6.007544756554419
5477,David White Jr,david white jr,00-0039562,WhitDa06,25,2,BUF,5,0.027004712568733134,301587301.5873016,8144278.393744914,8.144278393744914
5478,Dax Milne,dax milne,00-0036671,MilnDa00,26,5,CAR,1,0.001484145692905717,301587301.5873016,447599.4946858512,0.4475994946858512
5478,Dax Milne,dax milne,00-0036671,MilnDa00,26,5,CAR,2,0.0027554617735192416,301587301.5873016,831012.2809026284,0.8310122809026285
5478,Dax Milne,dax milne,00-0036671,MilnDa00,26,5,CAR,3,0.006966642064552361,301587301.5873016,2101050.7813729346,2.1010507813729347
5478,Dax Milne,dax milne,00-0036671,MilnDa00,26,5,CAR,4,0.01683226290849587,301587301.5873016,5076396.750181294,5.076396750181294
5478,Dax Milne,dax milne,00-0036671,MilnDa00,26,5,CAR,5,0.023917221810759087,301587301.5873016,7213130.387371789,7.2131303873717885
5479,Deandre Carter,deandre carter,00-0031763,CartDe02,32,11,CLE,1,3.890440515022764e-4,301587301.5873016,117330.74569116274,0.11733074569116274
5479,Deandre Carter,deandre carter,00-0031763,CartDe02,32,11,CLE,2,0.0016603601321158,301587301.5873016,500743.5319079397,0.5007435319079397
5479,Deandre Carter,deandre carter,00-0031763,CartDe02,32,11,CLE,3,0.00587154042314892,301587301.5873016,1770782.0323782458,1.770782032378246
5479,Deandre Carter,deandre carter,00-0031763,CartDe02,32,11,CLE,4,0.015737161267092438,301587301.5873016,4746128.001186608,4.746128001186609
5479,Deandre Carter,deandre carter,00-0031763,CartDe02,32,11,CLE,5,0.022822120169355642,301587301.5873016,6882861.638377099,6.882861638377099
5480,DeAndre Hopkins,deandre hopkins,00-0030564,HopkDe00,33,13,BAL,1,0.013941415171903743,301587301.5873016,4204553.782002716,4.204553782002717
5480,DeAndre Hopkins,deandre hopkins,00-0030564,HopkDe00,33,13,BAL,2,0.015212731252517268,301587301.5873016,4587966.568219494,4.587966568219494
5480,DeAndre Hopkins,deandre hopkins,00-0030564,HopkDe00,33,13,BAL,3,0.019423911543550384,301587301.5873016,5858005.068689799,5.858005068689799
5480,DeAndre Hopkins,deandre hopkins,00-0030564,HopkDe00,33,13,BAL,4,0.029289532387493905,301587301.5873016,8833351.037498163,8.833351037498163
5480,DeAndre Hopkins,deandre hopkins,00-0030564,HopkDe00,33,13,BAL,5,0.03637449128975712,301587301.5873016,10970084.674688658,10.970084674688657
5481,Deebo Samuel,deebo samuel,NA,NA,30,NA,WAS,1,0.04478830050762551,301587301.5873016,13507582.692775948,13.507582692775948
5481,Deebo Samuel,deebo samuel,NA,NA,30,NA,WAS,2,0.04605961658823903,301587301.5873016,13890995.478992725,13.890995478992725
5481,Deebo Samuel,deebo samuel,NA,NA,30,NA,WAS,3,0.05027079687927215,301587301.5873016,15161033.97946303,15.16103397946303
5481,Deebo Samuel,deebo samuel,NA,NA,30,NA,WAS,4,0.06013641772321565,301587301.5873016,18136379.94827139,18.13637994827139
5481,Deebo Samuel,deebo samuel,NA,NA,30,NA,WAS,5,0.06722137662547892,301587301.5873016,20273113.585461896,20.273113585461896
5482,Demetric Felton,demetric felton,NA,NA,27,NA,WAS,1,0.005459694855210215,301587301.5873016,1646574.6388729222,1.646574638872922
5482,Demetric Felton,demetric felton,NA,NA,27,NA,WAS,2,0.006731010935823743,301587301.5873016,2029987.4250897004,2.0299874250897005
5482,Demetric Felton,demetric felton,NA,NA,27,NA,WAS,3,0.010942191226856858,301587301.5873016,3300025.925560005,3.300025925560005
5482,Demetric Felton,demetric felton,NA,NA,27,NA,WAS,4,0.020807812070800367,301587301.5873016,6275371.894368365,6.275371894368366
5482,Demetric Felton,demetric felton,NA,NA,27,NA,WAS,5,0.027892770973063585,301587301.5873016,8412105.53155886,8.41210553155886
5483,Deon Cain,deon cain,00-0034406,CainDe00,29,8,BUF,1,0.0031666079504483707,301587301.5873016,955008.7469606198,0.9550087469606198
5483,Deon Cain,deon cain,00-0034406,CainDe00,29,8,BUF,2,0.0044379240310618955,301587301.5873016,1338421.5331773972,1.3384215331773972
5483,Deon Cain,deon cain,00-0034406,CainDe00,29,8,BUF,3,0.008649104322095015,301587301.5873016,2608460.033647703,2.608460033647703
5483,Deon Cain,deon cain,00-0034406,CainDe00,29,8,BUF,4,0.018514725166038522,301587301.5873016,5583806.0024560625,5.583806002456062
5483,Deon Cain,deon cain,00-0034406,CainDe00,29,8,BUF,5,0.025599684068301737,301587301.5873016,7720539.639646556,7.720539639646557
5484,Dez Fitzpatrick,dez fitzpatrick,00-0036627,FitzDe00,28,5,LAC,1,0.0037996856078054094,301587301.5873016,1145936.9293381395,1.1459369293381394
5484,Dez Fitzpatrick,dez fitzpatrick,00-0036627,FitzDe00,28,5,LAC,2,0.005071001688418935,301587301.5873016,1529349.715554917,1.529349715554917
5484,Dez Fitzpatrick,dez fitzpatrick,00-0036627,FitzDe00,28,5,LAC,3,0.009282181979452055,301587301.5873016,2799388.216025223,2.799388216025223
5484,Dez Fitzpatrick,dez fitzpatrick,00-0036627,FitzDe00,28,5,LAC,4,0.01914780282339556,301587301.5873016,5774734.184833582,5.774734184833582
5484,Dez Fitzpatrick,dez fitzpatrick,00-0036627,FitzDe00,28,5,LAC,5,0.026232761725658776,301587301.5873016,7911467.822024076,7.911467822024076
5485,Diontae Johnson,diontae johnson,00-0035216,JohnDi01,29,7,CLE,1,0.007731091414268445,301587301.5873016,2331598.9979539756,2.3315989979539755
5485,Diontae Johnson,diontae johnson,00-0035216,JohnDi01,29,7,CLE,2,0.00900240749488197,301587301.5873016,2715011.784170753,2.715011784170753
5485,Diontae Johnson,diontae johnson,00-0035216,JohnDi01,29,7,CLE,3,0.013213587785915087,301587301.5873016,3985050.284641058,3.985050284641058
5485,Diontae Johnson,diontae johnson,00-0035216,JohnDi01,29,7,CLE,4,0.023079208629858593,301587301.5873016,6960396.253449418,6.960396253449417
5485,Diontae Johnson,diontae johnson,00-0035216,JohnDi01,29,7,CLE,5,0.03016416753212181,301587301.5873016,9097129.890639912,9.097129890639913
5486,DJ Chark,dj chark,00-0034777,CharDJ00,29,8,ATL,1,0.0035916767963116284,301587301.5873016,1083204.1131733484,1.0832041131733483
5486,DJ Chark,dj chark,00-0034777,CharDJ00,29,8,ATL,2,0.0048629928769251575,301587301.5873016,1466616.899390127,1.466616899390127
5486,DJ Chark,dj chark,00-0034777,CharDJ00,29,8,ATL,3,0.009074173167958275,301587301.5873016,2736655.3998604324,2.736655399860432
5486,DJ Chark,dj chark,00-0034777,CharDJ00,29,8,ATL,4,0.018939794011901784,301587301.5873016,5712001.368668793,5.712001368668793
5486,DJ Chark,dj chark,00-0034777,CharDJ00,29,8,ATL,5,0.026024752914165002,301587301.5873016,7848735.005859287,7.848735005859288
5487,DJ Montgomery,dj montgomery,NA,NA,29,NA,IND,1,0.004816113427939899,301587301.5873016,1452478.6528707633,1.4524786528707634
5487,DJ Montgomery,dj montgomery,NA,NA,29,NA,IND,2,0.006087429508553423,301587301.5873016,1835891.4390875404,1.8358914390875403
5487,DJ Montgomery,dj montgomery,NA,NA,29,NA,IND,3,0.010298609799586543,301587301.5873016,3105929.9395578466,3.105929939557847
5487,DJ Montgomery,dj montgomery,NA,NA,29,NA,IND,4,0.020164230643530054,301587301.5873016,6081275.908366207,6.081275908366207
5487,DJ Montgomery,dj montgomery,NA,NA,29,NA,IND,5,0.027249189545793272,301587301.5873016,8218009.545556702,8.218009545556702
5488,Donovan Peoples-Jones,donovan peoples jones,00-0036233,PeopDo00,27,6,NO,1,0.0014969577309046896,301587301.5873016,451463.4426537953,0.4514634426537953
5488,Donovan Peoples-Jones,donovan peoples jones,00-0036233,PeopDo00,27,6,NO,2,0.002768273811518213,301587301.5873016,834876.2288705722,0.8348762288705722
5488,Donovan Peoples-Jones,donovan peoples jones,00-0036233,PeopDo00,27,6,NO,3,0.006979454102551336,301587301.5873016,2104914.7293408792,2.104914729340879
5488,Donovan Peoples-Jones,donovan peoples jones,00-0036233,PeopDo00,27,6,NO,4,0.016845074946494842,301587301.5873016,5080260.698149239,5.080260698149239
5488,Donovan Peoples-Jones,donovan peoples jones,00-0036233,PeopDo00,27,6,NO,5,0.023930033848758057,301587301.5873016,7216994.335339732,7.216994335339732
5489,Dontavian Jackson,dontavian jackson,NA,NA,28,NA,MIN,1,0.004445048791469968,301587301.5873016,1340570.2704433238,1.3405702704433238
5489,Dontavian Jackson,dontavian jackson,NA,NA,28,NA,MIN,2,0.005716364872083492,301587301.5873016,1723983.0566601008,1.7239830566601009
5489,Dontavian Jackson,dontavian jackson,NA,NA,28,NA,MIN,3,0.009927545163116612,301587301.5873016,2994021.557130407,2.994021557130407
5489,Dontavian Jackson,dontavian jackson,NA,NA,28,NA,MIN,4,0.019793166007060117,301587301.5873016,5969367.525938766,5.969367525938766
5489,Dontavian Jackson,dontavian jackson,NA,NA,28,NA,MIN,5,0.026878124909323335,301587301.5873016,8106101.163129261,8.10610116312926
5490,Dontay Demus Jr.,dontay demus jr,00-0038447,DemuDo00,25,3,BAL,1,0.004042097038533172,301587301.5873016,1219045.1386052424,1.2190451386052423
5490,Dontay Demus Jr.,dontay demus jr,00-0038447,DemuDo00,25,3,BAL,2,0.005313413119146695,301587301.5873016,1602457.9248220192,1.6024579248220192
5490,Dontay Demus Jr.,dontay demus jr,00-0038447,DemuDo00,25,3,BAL,3,0.009524593410179815,301587301.5873016,2872496.425292325,2.8724964252923253
5490,Dontay Demus Jr.,dontay demus jr,00-0038447,DemuDo00,25,3,BAL,4,0.019390214254123322,301587301.5873016,5847842.394100685,5.8478423941006845
5490,Dontay Demus Jr.,dontay demus jr,00-0038447,DemuDo00,25,3,BAL,5,0.02647517315638654,301587301.5873016,7984576.031291179,7.984576031291179
5491,Easop Winston,easop winston,00-0036080,WinsEa00,29,5,NYJ,1,0.0018351598448323955,301587301.5873016,553460.9055843733,0.5534609055843733
5491,Easop Winston,easop winston,00-0036080,WinsEa00,29,5,NYJ,2,0.0031064759254459235,301587301.5873016,936873.6918011516,0.9368736918011517
5491,Easop Winston,easop winston,00-0036080,WinsEa00,29,5,NYJ,3,0.007317656216479039,301587301.5873016,2206912.1922714566,2.2069121922714565
5491,Easop Winston,easop winston,00-0036080,WinsEa00,29,5,NYJ,4,0.01718327706042255,301587301.5873016,5182258.1610798165,5.182258161079816
5491,Easop Winston,easop winston,00-0036080,WinsEa00,29,5,NYJ,5,0.024268235962685767,301587301.5873016,7318991.798270311,7.318991798270311
5492,Ed Lee,ed lee,NA,NA,27,NA,NE,1,0.005670858622212981,301587301.5873016,1710258.949556296,1.710258949556296
5492,Ed Lee,ed lee,NA,NA,27,NA,NE,2,0.00694217470282651,301587301.5873016,2093671.7357730747,2.0936717357730745
5492,Ed Lee,ed lee,NA,NA,27,NA,NE,3,0.011153354993859626,301587301.5873016,3363710.2362433793,3.3637102362433793
5492,Ed Lee,ed lee,NA,NA,27,NA,NE,4,0.02101897583780313,301587301.5873016,6339056.205051739,6.3390562050517385
5492,Ed Lee,ed lee,NA,NA,27,NA,NE,5,0.02810393474006635,301587301.5873016,8475789.842242233,8.475789842242234
5493,Elijah Moore,elijah moore,00-0036980,MoorEl00,25,5,BUF,1,0.007453573945883566,301587301.5873016,2247903.253520441,2.2479032535204406
5493,Elijah Moore,elijah moore,00-0036980,MoorEl00,25,5,BUF,2,0.00872489002649709,301587301.5873016,2631316.039737218,2.631316039737218
5493,Elijah Moore,elijah moore,00-0036980,MoorEl00,25,5,BUF,3,0.01293607031753021,301587301.5873016,3901354.540207524,3.901354540207524
5493,Elijah Moore,elijah moore,00-0036980,MoorEl00,25,5,BUF,4,0.022801691161473705,301587301.5873016,6876700.50901588,6.87670050901588
5493,Elijah Moore,elijah moore,00-0036980,MoorEl00,25,5,BUF,5,0.02988665006373695,301587301.5873016,9013434.146206383,9.013434146206382
5494,Equanimeous St. Brown,equanimeous st brown,00-0034279,St.BEq00,29,8,SF,1,0.0010324320306007734,301587301.5873016,311368.3901811857,0.3113683901811857
5494,Equanimeous St. Brown,equanimeous st brown,00-0034279,St.BEq00,29,8,SF,2,0.002303748111214298,301587301.5873016,694781.176397963,0.694781176397963
5494,Equanimeous St. Brown,equanimeous st brown,00-0034279,St.BEq00,29,8,SF,3,0.0065149284022474165,301587301.5873016,1964819.6768682685,1.9648196768682684
5494,Equanimeous St. Brown,equanimeous st brown,00-0034279,St.BEq00,29,8,SF,4,0.016380549246190913,301587301.5873016,4940165.645676625,4.9401656456766245
5494,Equanimeous St. Brown,equanimeous st brown,00-0034279,St.BEq00,29,8,SF,5,0.023465508148454137,301587301.5873016,7076899.2828671215,7.076899282867122
5495,Erik Ezukanma,erik ezukanma,00-0038092,EzukEr00,26,4,MIA,1,0.006281493025937944,301587301.5873016,1894418.5316320783,1.8944185316320783
5495,Erik Ezukanma,erik ezukanma,00-0038092,EzukEr00,26,4,MIA,2,0.007552809106551468,301587301.5873016,2277831.3178488556,2.2778313178488556
5495,Erik Ezukanma,erik ezukanma,00-0038092,EzukEr00,26,4,MIA,3,0.011763989397584586,301587301.5873016,3547869.818319161,3.547869818319161
5495,Erik Ezukanma,erik ezukanma,00-0038092,EzukEr00,26,4,MIA,4,0.021629610241528093,301587301.5873016,6523215.787127521,6.523215787127521
5495,Erik Ezukanma,erik ezukanma,00-0038092,EzukEr00,26,4,MIA,5,0.02871456914379131,301587301.5873016,8659949.424318016,8.659949424318016
5496,Gabriel Davis,gabriel davis,NA,NA,27,NA,BUF,1,0.015301886290861858,301587301.5873016,4614854.595656751,4.614854595656751
5496,Gabriel Davis,gabriel davis,NA,NA,27,NA,BUF,2,0.016573202371475384,301587301.5873016,4998267.3818735285,4.998267381873529
5496,Gabriel Davis,gabriel davis,NA,NA,27,NA,BUF,3,0.020784382662508497,301587301.5873016,6268305.882343832,6.2683058823438325
5496,Gabriel Davis,gabriel davis,NA,NA,27,NA,BUF,4,0.030650003506452,301587301.5873016,9243651.851152191,9.24365185115219
5496,Gabriel Davis,gabriel davis,NA,NA,27,NA,BUF,5,0.037734962408715225,301587301.5873016,11380385.488342687,11.380385488342688
5497,Garett Maag,garett maag,00-0039043,NA,26,3,MIN,1,0.00375377238167122,301587301.5873016,1132090.0833611616,1.1320900833611616
5497,Garett Maag,garett maag,00-0039043,NA,26,3,MIN,2,0.005025088462284743,301587301.5873016,1515502.8695779385,1.5155028695779384
5497,Garett Maag,garett maag,00-0039043,NA,26,3,MIN,3,0.009236268753317862,301587301.5873016,2785541.3700482445,2.7855413700482443
5497,Garett Maag,garett maag,00-0039043,NA,26,3,MIN,4,0.01910188959726137,301587301.5873016,5760887.338856604,5.7608873388566035
5497,Garett Maag,garett maag,00-0039043,NA,26,3,MIN,5,0.026186848499524587,301587301.5873016,7897620.976047099,7.897620976047099
5498,Gavin Holmes,gavin holmes,00-0038962,NA,27,3,TEN,1,0.0052777546160622775,301587301.5873016,1591703.7730981472,1.5917037730981471
5498,Gavin Holmes,gavin holmes,00-0038962,NA,27,3,TEN,2,0.006549070696675809,301587301.5873016,1975116.5593149266,1.9751165593149267
5498,Gavin Holmes,gavin holmes,00-0038962,NA,27,3,TEN,3,0.010760250987708922,301587301.5873016,3245155.059785231,3.245155059785231
5498,Gavin Holmes,gavin holmes,00-0038962,NA,27,3,TEN,4,0.020625871831652424,301587301.5873016,6220501.028593589,6.2205010285935884
5498,Gavin Holmes,gavin holmes,00-0038962,NA,27,3,TEN,5,0.027710830733915642,301587301.5873016,8357234.665784083,8.357234665784084
5499,Grant DuBose,grant dubose,00-0038507,DuboGr00,24,3,BUF,1,0.003081906840763468,301587301.5873016,929463.9678493,0.9294639678493
5499,Grant DuBose,grant dubose,00-0038507,DuboGr00,24,3,BUF,2,0.0043532229213769915,301587301.5873016,1312876.7540660768,1.3128767540660768
5499,Grant DuBose,grant dubose,00-0038507,DuboGr00,24,3,BUF,3,0.008564403212410109,301587301.5873016,2582915.254536382,2.582915254536382
5499,Grant DuBose,grant dubose,00-0038507,DuboGr00,24,3,BUF,4,0.018430024056353626,301587301.5873016,5558261.223344745,5.558261223344745
5499,Grant DuBose,grant dubose,00-0038507,DuboGr00,24,3,BUF,5,0.025514982958616837,301587301.5873016,7694994.860535237,7.694994860535237
5500,Hunter Renfrow,hunter renfrow,00-0034983,RenfHu00,30,7,CAR,1,0.006457748601396375,301587301.5873016,1947574.9750243037,1.9475749750243037
5500,Hunter Renfrow,hunter renfrow,00-0034983,RenfHu00,30,7,CAR,2,0.0077290646820099,301587301.5873016,2330987.761241081,2.330987761241081
5500,Hunter Renfrow,hunter renfrow,00-0034983,RenfHu00,30,7,CAR,3,0.01194024497304302,301587301.5873016,3601026.2617113874,3.6010262617113873
5500,Hunter Renfrow,hunter renfrow,00-0034983,RenfHu00,30,7,CAR,4,0.021805865816986524,301587301.5873016,6576372.2305197455,6.576372230519746
5500,Hunter Renfrow,hunter renfrow,00-0034983,RenfHu00,30,7,CAR,5,0.028890824719249742,301587301.5873016,8713105.86771024,8.71310586771024
5501,Jacob Harris,jacob harris,00-0036918,HarrJa03,28,5,TB,1,0.003620387193046004,301587301.5873016,1091862.8042519696,1.0918628042519696
5501,Jacob Harris,jacob harris,00-0036918,HarrJa03,28,5,TB,2,0.004891703273659528,301587301.5873016,1475275.5904687466,1.4752755904687467
5501,Jacob Harris,jacob harris,00-0036918,HarrJa03,28,5,TB,3,0.009102883564692648,301587301.5873016,2745314.090939053,2.7453140909390528
5501,Jacob Harris,jacob harris,00-0036918,HarrJa03,28,5,TB,4,0.018968504408636153,301587301.5873016,5720660.059747412,5.720660059747412
5501,Jacob Harris,jacob harris,00-0036918,HarrJa03,28,5,TB,5,0.02605346331089937,301587301.5873016,7857393.696937907,7.857393696937907
5502,Jadakis Bonds,jadakis bonds,00-0039022,NA,26,3,GB,1,0.004671509920175443,301587301.5873016,1408868.0711640224,1.4088680711640225
5502,Jadakis Bonds,jadakis bonds,00-0039022,NA,26,3,GB,2,0.005942826000788965,301587301.5873016,1792280.8573807993,1.7922808573807993
5502,Jadakis Bonds,jadakis bonds,00-0039022,NA,26,3,GB,3,0.010154006291822086,301587301.5873016,3062319.3578511053,3.062319357851105
5502,Jadakis Bonds,jadakis bonds,00-0039022,NA,26,3,GB,4,0.02001962713576559,301587301.5873016,6037665.326659464,6.037665326659464
5502,Jadakis Bonds,jadakis bonds,00-0039022,NA,26,3,GB,5,0.02710458603802881,301587301.5873016,8174398.963849959,8.174398963849958
5503,Jadon Haselwood,jadon haselwood,00-0038483,NA,25,3,PHI,1,0.0051921429070240065,301587301.5873016,1565884.3687850179,1.565884368785018
5503,Jadon Haselwood,jadon haselwood,00-0038483,NA,25,3,PHI,2,0.006463458987637537,301587301.5873016,1949297.155001797,1.949297155001797
5503,Jadon Haselwood,jadon haselwood,00-0038483,NA,25,3,PHI,3,0.01067463927867065,301587301.5873016,3219335.655472101,3.219335655472101
5503,Jadon Haselwood,jadon haselwood,00-0038483,NA,25,3,PHI,4,0.020540260122614156,301587301.5873016,6194681.62428046,6.19468162428046
5503,Jadon Haselwood,jadon haselwood,00-0038483,NA,25,3,PHI,5,0.027625219024877374,301587301.5873016,8331415.261470955,8.331415261470955
5504,Jadon Janke,jadon janke,00-0039604,NA,26,2,GB,1,0.0026280302308953887,301587301.5873016,792580.5458255935,0.7925805458255936
5504,Jadon Janke,jadon janke,00-0039604,NA,26,2,GB,2,0.0038993463115089178,301587301.5873016,1175993.332042372,1.175993332042372
5504,Jadon Janke,jadon janke,00-0039604,NA,26,2,GB,3,0.008110526602542035,301587301.5873016,2446031.8325126776,2.4460318325126775
5504,Jadon Janke,jadon janke,00-0039604,NA,26,2,GB,4,0.017976147446485544,301587301.5873016,5421377.801321038,5.421377801321038
5504,Jadon Janke,jadon janke,00-0039604,NA,26,2,GB,5,0.025061106348748762,301587301.5873016,7558111.438511532,7.558111438511532
5505,Jaelen Gill,jaelen gill,00-0039659,GillJa01,26,2,CLE,1,0.0029674681371086604,301587301.5873016,894950.7080168977,0.8949507080168977
5505,Jaelen Gill,jaelen gill,00-0039659,GillJa01,26,2,CLE,2,0.004238784217722184,301587301.5873016,1278363.4942336746,1.2783634942336746
5505,Jaelen Gill,jaelen gill,00-0039659,GillJa01,26,2,CLE,3,0.008449964508755303,301587301.5873016,2548401.99470398,2.54840199470398
5505,Jaelen Gill,jaelen gill,00-0039659,GillJa01,26,2,CLE,4,0.018315585352698813,301587301.5873016,5523747.963512341,5.52374796351234
5505,Jaelen Gill,jaelen gill,00-0039659,GillJa01,26,2,CLE,5,0.02540054425496203,301587301.5873016,7660481.600702835,7.660481600702835
5506,Jalen Cropper,jalen cropper,00-0038740,MoreJa01,24,3,DAL,1,0.007994778980077215,301587301.5873016,2411123.819388367,2.411123819388367
5506,Jalen Cropper,jalen cropper,00-0038740,MoreJa01,24,3,DAL,2,0.009266095060690737,301587301.5873016,2794536.605605143,2.7945366056051433
5506,Jalen Cropper,jalen cropper,00-0038740,MoreJa01,24,3,DAL,3,0.01347727535172386,301587301.5873016,4064575.1060754503,4.06457510607545
5506,Jalen Cropper,jalen cropper,00-0038740,MoreJa01,24,3,DAL,4,0.02334289619566736,301587301.5873016,7039921.074883807,7.039921074883807
5506,Jalen Cropper,jalen cropper,00-0038740,MoreJa01,24,3,DAL,5,0.030427855097930577,301587301.5873016,9176654.712074302,9.176654712074303
5507,Jalen Moreno-Cropper,jalen moreno cropper,NA,NA,25,NA,DAL,1,0.014023750051986228,301587301.5873016,4229384.936313307,4.2293849363133065
5507,Jalen Moreno-Cropper,jalen moreno cropper,NA,NA,25,NA,DAL,2,0.015295066132599752,301587301.5873016,4612797.722530085,4.612797722530084
5507,Jalen Moreno-Cropper,jalen moreno cropper,NA,NA,25,NA,DAL,3,0.01950624642363286,301587301.5873016,5882836.223000387,5.882836223000386
5507,Jalen Moreno-Cropper,jalen moreno cropper,NA,NA,25,NA,DAL,4,0.029371867267576367,301587301.5873016,8858182.191808747,8.858182191808748
5507,Jalen Moreno-Cropper,jalen moreno cropper,NA,NA,25,NA,DAL,5,0.0364568261698396,301587301.5873016,10994915.828999246,10.994915828999245
5508,Jalen Reagor,jalen reagor,00-0036387,ReagJa00,27,6,LAC,1,0.002705231663398695,301587301.5873016,815863.5175329399,0.81586351753294
5508,Jalen Reagor,jalen reagor,00-0036387,ReagJa00,27,6,LAC,2,0.0039765477440122194,301587301.5873016,1199276.303749717,1.1992763037497172
5508,Jalen Reagor,jalen reagor,00-0036387,ReagJa00,27,6,LAC,3,0.008187728035045345,301587301.5873016,2469314.804220025,2.469314804220025
5508,Jalen Reagor,jalen reagor,00-0036387,ReagJa00,27,6,LAC,4,0.018053348878988847,301587301.5873016,5444660.773028383,5.444660773028383
5508,Jalen Reagor,jalen reagor,00-0036387,ReagJa00,27,6,LAC,5,0.02513830778125206,301587301.5873016,7581394.410218877,7.581394410218877
5509,Jalen Sample,jalen sample,NA,NA,27,NA,WAS,1,0.0066365466377424675,301587301.5873016,2001498.19233503,2.00149819233503
5509,Jalen Sample,jalen sample,NA,NA,27,NA,WAS,2,0.00790786271835599,301587301.5873016,2384910.9785518064,2.3849109785518063
5509,Jalen Sample,jalen sample,NA,NA,27,NA,WAS,3,0.012119043009389107,301587301.5873016,3654949.4790221117,3.6549494790221115
5509,Jalen Sample,jalen sample,NA,NA,27,NA,WAS,4,0.021984663853332614,301587301.5873016,6630295.447830471,6.630295447830472
5509,Jalen Sample,jalen sample,NA,NA,27,NA,WAS,5,0.029069622755595832,301587301.5873016,8767029.085020967,8.767029085020967
5510,Jamal Agnew,jamal agnew,00-0033572,AgneJa00,30,9,ATL,1,0.0013945743983277013,301587301.5873016,420585.9296543861,0.4205859296543861
5510,Jamal Agnew,jamal agnew,00-0033572,AgneJa00,30,9,ATL,2,0.0026658904789412276,301587301.5873016,803998.715871164,0.803998715871164
5510,Jamal Agnew,jamal agnew,00-0033572,AgneJa00,30,9,ATL,3,0.006877070769974344,301587301.5873016,2074037.216341469,2.074037216341469
5510,Jamal Agnew,jamal agnew,00-0033572,AgneJa00,30,9,ATL,4,0.01674269161391785,301587301.5873016,5049383.185149829,5.0493831851498285
5510,Jamal Agnew,jamal agnew,00-0033572,AgneJa00,30,9,ATL,5,0.02382765051618107,301587301.5873016,7186116.822340323,7.186116822340322
5511,James Proche,james proche,00-0036133,ProcJa00,29,6,TEN,1,-0.00364125864581999,301587301.5873016,-1098157.369374283,-1.098157369374283
5511,James Proche,james proche,00-0036133,ProcJa00,29,6,TEN,2,-0.0023699425652064666,301587301.5873016,-714744.5831575058,-0.7147445831575059
5511,James Proche,james proche,00-0036133,ProcJa00,29,6,TEN,3,0.001841237725826649,301587301.5873016,555293.9173127989,0.5552939173127989
5511,James Proche,james proche,00-0036133,ProcJa00,29,6,TEN,4,0.011706858569770162,301587301.5873016,3530639.8861211604,3.5306398861211603
5511,James Proche,james proche,00-0036133,ProcJa00,29,6,TEN,5,0.018791817472033373,301587301.5873016,5667373.523311652,5.667373523311652
5512,Jauan Jennings,jauan jennings,00-0036259,JennJa00,28,6,SF,1,0.044345293519057104,301587301.5873016,13373977.410509286,13.373977410509287
5512,Jauan Jennings,jauan jennings,00-0036259,JennJa00,28,6,SF,2,0.04561660959967063,301587301.5873016,13757390.196726063,13.757390196726064
5512,Jauan Jennings,jauan jennings,00-0036259,JennJa00,28,6,SF,3,0.049827789890703744,301587301.5873016,15027428.697196368,15.027428697196369
5512,Jauan Jennings,jauan jennings,00-0036259,JennJa00,28,6,SF,4,0.05969341073464725,301587301.5873016,18002774.66600473,18.00277466600473
5512,Jauan Jennings,jauan jennings,00-0036259,JennJa00,28,6,SF,5,0.06677836963691053,301587301.5873016,20139508.30319524,20.139508303195242
5513,Jerome Kapp,jerome kapp,00-0039033,NA,NA,3,NYJ,1,0.004596899650550684,301587301.5873016,1386366.5612771907,1.3863665612771907
5513,Jerome Kapp,jerome kapp,00-0039033,NA,NA,3,NYJ,2,0.005868215731164208,301587301.5873016,1769779.3474939675,1.7697793474939676
5513,Jerome Kapp,jerome kapp,00-0039033,NA,NA,3,NYJ,3,0.010079396022197328,301587301.5873016,3039817.8479642738,3.0398178479642737
5513,Jerome Kapp,jerome kapp,00-0039033,NA,NA,3,NYJ,4,0.019945016866140836,301587301.5873016,6015163.816772633,6.015163816772633
5513,Jerome Kapp,jerome kapp,00-0039033,NA,NA,3,NYJ,5,0.027029975768404053,301587301.5873016,8151897.453963128,8.151897453963128
5514,Jesse Matthews,jesse matthews,00-0038726,MattJe00,26,3,ATL,1,0.002702713836994844,301587301.5873016,815104.1730619371,0.815104173061937
5514,Jesse Matthews,jesse matthews,00-0038726,MattJe00,26,3,ATL,2,0.003974029917608371,301587301.5873016,1198516.959278715,1.198516959278715
5514,Jesse Matthews,jesse matthews,00-0038726,MattJe00,26,3,ATL,3,0.008185210208641488,301587301.5873016,2468555.45974902,2.46855545974902
5514,Jesse Matthews,jesse matthews,00-0038726,MattJe00,26,3,ATL,4,0.018050831052585,301587301.5873016,5443901.428557381,5.443901428557381
5514,Jesse Matthews,jesse matthews,00-0038726,MattJe00,26,3,ATL,5,0.025135789954848217,301587301.5873016,7580635.065747876,7.580635065747876
5515,John Hall,john hall,00-0038759,NA,28,3,SEA,1,0.004539347244813828,301587301.5873016,1369009.4865311547,1.3690094865311546
5515,John Hall,john hall,00-0038759,NA,28,3,SEA,2,0.0058106633254273515,301587301.5873016,1752422.2727479315,1.7524222727479315
5515,John Hall,john hall,00-0038759,NA,28,3,SEA,3,0.010021843616460472,301587301.5873016,3022460.773218238,3.0224607732182376
5515,John Hall,john hall,00-0038759,NA,28,3,SEA,4,0.01988746446040398,301587301.5873016,5997806.742026597,5.997806742026597
5515,John Hall,john hall,00-0038759,NA,28,3,SEA,5,0.026972423362667197,301587301.5873016,8134540.379217092,8.134540379217093
5516,Johnny Johnson,johnny johnson,NA,NA,26,NA,HOU,1,0.005324979518235994,301587301.5873016,1605946.2039124428,1.6059462039124428
5516,Johnny Johnson,johnny johnson,NA,NA,26,NA,HOU,2,0.006596295598849525,301587301.5873016,1989358.990129222,1.989358990129222
5516,Johnny Johnson,johnny johnson,NA,NA,26,NA,HOU,3,0.010807475889882638,301587301.5873016,3259397.490599526,3.259397490599526
5516,Johnny Johnson,johnny johnson,NA,NA,26,NA,HOU,4,0.020673096733826148,301587301.5873016,6234743.4594078865,6.234743459407887
5516,Johnny Johnson,johnny johnson,NA,NA,26,NA,HOU,5,0.027758055636089365,301587301.5873016,8371477.096598381,8.371477096598381
5517,Johnny King,johnny king,00-0038434,NA,26,3,IND,1,0.005205416791446532,301587301.5873016,1569887.603769589,1.569887603769589
5517,Johnny King,johnny king,00-0038434,NA,26,3,IND,2,0.006476732872060061,301587301.5873016,1953300.389986368,1.953300389986368
5517,Johnny King,johnny king,00-0038434,NA,26,3,IND,3,0.010687913163093175,301587301.5873016,3223338.890456672,3.223338890456672
5517,Johnny King,johnny king,00-0038434,NA,26,3,IND,4,0.020553534007036686,301587301.5873016,6198684.859265032,6.1986848592650325
5517,Johnny King,johnny king,00-0038434,NA,26,3,IND,5,0.027638492909299903,301587301.5873016,8335418.496455527,8.335418496455526
5518,Jordan Byrd,jordan byrd,NA,NA,26,NA,PIT,1,0.005617074594727326,301587301.5873016,1694038.3698384,1.6940383698384
5518,Jordan Byrd,jordan byrd,NA,NA,26,NA,PIT,2,0.006888390675340855,301587301.5873016,2077451.1560551785,2.0774511560551785
5518,Jordan Byrd,jordan byrd,NA,NA,26,NA,PIT,3,0.01109957096637397,301587301.5873016,3347489.6565254834,3.3474896565254832
5518,Jordan Byrd,jordan byrd,NA,NA,26,NA,PIT,4,0.020965191810317477,301587301.5873016,6322835.625333843,6.322835625333843
5518,Jordan Byrd,jordan byrd,NA,NA,26,NA,PIT,5,0.028050150712580695,301587301.5873016,8459569.262524337,8.459569262524337
5519,Jordan Matthews,jordan matthews,00-0031299,NA,33,12,CAR,1,0.0075577996824274605,301587301.5873016,2279336.412160663,2.2793364121606627
5519,Jordan Matthews,jordan matthews,00-0031299,NA,33,12,CAR,2,0.008829115763040987,301587301.5873016,2662749.1983774407,2.6627491983774405
5519,Jordan Matthews,jordan matthews,00-0031299,NA,33,12,CAR,3,0.013040296054074108,301587301.5873016,3932787.698847747,3.932787698847747
5519,Jordan Matthews,jordan matthews,00-0031299,NA,33,12,CAR,4,0.02290591689801761,301587301.5873016,6908133.667656105,6.908133667656105
5519,Jordan Matthews,jordan matthews,00-0031299,NA,33,12,CAR,5,0.029990875800280828,301587301.5873016,9044867.3048466,9.0448673048466
5520,Jose Barbon,jose barbon,00-0038730,NA,26,3,DAL,1,0.00513406021615901,301587301.5873016,1548367.3667781143,1.5483673667781144
5520,Jose Barbon,jose barbon,00-0038730,NA,26,3,DAL,2,0.0064053762967725405,301587301.5873016,1931780.1529948933,1.9317801529948933
5520,Jose Barbon,jose barbon,00-0038730,NA,26,3,DAL,3,0.010616556587805656,301587301.5873016,3201818.653465198,3.201818653465198
5520,Jose Barbon,jose barbon,00-0038730,NA,26,3,DAL,4,0.02048217743174916,301587301.5873016,6177164.622273557,6.177164622273557
5520,Jose Barbon,jose barbon,00-0038730,NA,26,3,DAL,5,0.02756713633401238,301587301.5873016,8313898.259464052,8.313898259464052
5521,Joseph Ngata,joseph ngata,00-0038484,NgatJo01,25,3,PHI,1,0.0042841255576435856,301587301.5873016,1292037.8665909227,1.2920378665909227
5521,Joseph Ngata,joseph ngata,00-0038484,NgatJo01,25,3,PHI,2,0.005555441638257108,301587301.5873016,1675450.6528076995,1.6754506528076996
5521,Joseph Ngata,joseph ngata,00-0038484,NgatJo01,25,3,PHI,3,0.009766621929290228,301587301.5873016,2945489.1532780053,2.945489153278005
5521,Joseph Ngata,joseph ngata,00-0038484,NgatJo01,25,3,PHI,4,0.019632242773233735,301587301.5873016,5920835.122086365,5.920835122086364
5521,Joseph Ngata,joseph ngata,00-0038484,NgatJo01,25,3,PHI,5,0.026717201675496953,301587301.5873016,8057568.759276859,8.05756875927686
5522,Josh Reynolds,josh reynolds,00-0033943,ReynJo00,31,9,NYJ,1,0.005400734114369718,301587301.5873016,1628792.8281432483,1.6287928281432484
5522,Josh Reynolds,josh reynolds,00-0033943,ReynJo00,31,9,NYJ,2,0.006672050194983241,301587301.5873016,2012205.6143600252,2.0122056143600253
5522,Josh Reynolds,josh reynolds,00-0033943,ReynJo00,31,9,NYJ,3,0.01088323048601636,301587301.5873016,3282244.114830331,3.282244114830331
5522,Josh Reynolds,josh reynolds,00-0033943,ReynJo00,31,9,NYJ,4,0.020748851329959864,301587301.5873016,6257590.0836386895,6.257590083638689
5522,Josh Reynolds,josh reynolds,00-0033943,ReynJo00,31,9,NYJ,5,0.02783381023222308,301587301.5873016,8394323.720829183,8.394323720829183
5523,Josh Vann,josh vann,00-0038780,NA,26,3,CAR,1,0.006210228338214861,301587301.5873016,1872926.0067632124,1.8729260067632123
5523,Josh Vann,josh vann,00-0038780,NA,26,3,CAR,2,0.007481544418828386,301587301.5873016,2256338.7929799897,2.2563387929799896
5523,Josh Vann,josh vann,00-0038780,NA,26,3,CAR,3,0.011692724709861504,301587301.5873016,3526377.2934502955,3.5263772934502953
5523,Josh Vann,josh vann,00-0038780,NA,26,3,CAR,4,0.02155834555380501,301587301.5873016,6501723.2622586535,6.501723262258653
5523,Josh Vann,josh vann,00-0038780,NA,26,3,CAR,5,0.028643304456068226,301587301.5873016,8638456.89944915,8.63845689944915
5524,JuJu Smith-Schuster,juju smith schuster,00-0033857,SmitJu00,29,9,KC,1,-0.0018296765095803516,301587301.5873016,-551807.2013020108,-0.5518072013020108
5524,JuJu Smith-Schuster,juju smith schuster,00-0033857,SmitJu00,29,9,KC,2,-5.583604289668269e-4,301587301.5873016,-168394.41508523354,-0.16839441508523353
5524,JuJu Smith-Schuster,juju smith schuster,00-0033857,SmitJu00,29,9,KC,3,0.0036528198620662906,301587301.5873016,1101644.0853850718,1.1016440853850717
5524,JuJu Smith-Schuster,juju smith schuster,00-0033857,SmitJu00,29,9,KC,4,0.013518440706009799,301587301.5873016,4076990.0541934315,4.076990054193431
5524,JuJu Smith-Schuster,juju smith schuster,00-0033857,SmitJu00,29,9,KC,5,0.020603399608273013,301587301.5873016,6213723.691383925,6.213723691383925
5525,Julian Hicks,julian hicks,00-0039329,HickJu01,26,2,GB,1,0.0028340925675462173,301587301.5873016,854726.329894891,0.8547263298948911
5525,Julian Hicks,julian hicks,00-0039329,HickJu01,26,2,GB,2,0.004105408648159744,301587301.5873016,1238139.116111669,1.238139116111669
5525,Julian Hicks,julian hicks,00-0039329,HickJu01,26,2,GB,3,0.008316588939192862,301587301.5873016,2508177.6165819746,2.5081776165819747
5525,Julian Hicks,julian hicks,00-0039329,HickJu01,26,2,GB,4,0.01818220978313637,301587301.5873016,5483523.585390334,5.483523585390334
5525,Julian Hicks,julian hicks,00-0039329,HickJu01,26,2,GB,5,0.025267168685399587,301587301.5873016,7620257.222580829,7.620257222580829
5526,Justin Marshall,justin marshall,00-0038929,NA,NA,3,ATL,1,0.004726608452741859,301587301.5873016,1425485.088922148,1.4254850889221482
5526,Justin Marshall,justin marshall,00-0038929,NA,NA,3,ATL,2,0.005997924533355383,301587301.5873016,1808897.8751389252,1.808897875138925
5526,Justin Marshall,justin marshall,00-0038929,NA,NA,3,ATL,3,0.010209104824388502,301587301.5873016,3078936.375609231,3.0789363756092314
5526,Justin Marshall,justin marshall,00-0038929,NA,NA,3,ATL,4,0.02007472566833201,301587301.5873016,6054282.344417591,6.054282344417591
5526,Justin Marshall,justin marshall,00-0038929,NA,NA,3,ATL,5,0.027159684570595227,301587301.5873016,8191015.981608085,8.191015981608086
5527,Justyn Ross,justyn ross,00-0037216,RossJu00,26,4,KC,1,9.514823077095583e-4,301587301.5873016,286954.9816901843,0.2869549816901843
5527,Justyn Ross,justyn ross,00-0037216,RossJu00,26,4,KC,2,0.0022227983883230827,301587301.5873016,670367.7679069615,0.6703677679069615
5527,Justyn Ross,justyn ross,00-0037216,RossJu00,26,4,KC,3,0.006433978679356204,301587301.5873016,1940406.268377268,1.940406268377268
5527,Justyn Ross,justyn ross,00-0037216,RossJu00,26,4,KC,4,0.016299599523299707,301587301.5873016,4915752.237185626,4.915752237185626
5527,Justyn Ross,justyn ross,00-0037216,RossJu00,26,4,KC,5,0.023384558425562925,301587301.5873016,7052485.874376121,7.052485874376121
5528,Juwann Winfree,juwann winfree,00-0035593,WinfJu00,29,7,HOU,1,0.0018715519850593554,301587301.5873016,564436.3129544088,0.5644363129544088
5528,Juwann Winfree,juwann winfree,00-0035593,WinfJu00,29,7,HOU,2,0.003142868065672885,301587301.5873016,947849.0991711876,0.9478490991711876
5528,Juwann Winfree,juwann winfree,00-0035593,WinfJu00,29,7,HOU,3,0.007354048356706003,301587301.5873016,2217887.599641493,2.217887599641493
5528,Juwann Winfree,juwann winfree,00-0035593,WinfJu00,29,7,HOU,4,0.01721966920064951,301587301.5873016,5193233.568449853,5.193233568449853
5528,Juwann Winfree,juwann winfree,00-0035593,WinfJu00,29,7,HOU,5,0.02430462810291273,301587301.5873016,7329967.205640348,7.329967205640347
5529,K.J. Hamler,k j hamler,NA,NA,26,NA,BUF,1,0.006457758628744692,301587301.5873016,1947577.9991452247,1.9475779991452247
5529,K.J. Hamler,k j hamler,NA,NA,26,NA,BUF,2,0.007729074709358209,301587301.5873016,2330990.7853619996,2.3309907853619998
5529,K.J. Hamler,k j hamler,NA,NA,26,NA,BUF,3,0.01194025500039133,301587301.5873016,3601029.285832306,3.601029285832306
5529,K.J. Hamler,k j hamler,NA,NA,26,NA,BUF,4,0.021805875844334837,301587301.5873016,6576375.254640666,6.5763752546406655
5529,K.J. Hamler,k j hamler,NA,NA,26,NA,BUF,5,0.028890834746598055,301587301.5873016,8713108.89183116,8.71310889183116
5530,K.J. Osborn,k j osborn,00-0036345,OsboKJ00,28,6,WAS,1,0.005430813348676085,301587301.5873016,1637864.3432515177,1.6378643432515176
5530,K.J. Osborn,k j osborn,00-0036345,OsboKJ00,28,6,WAS,2,0.006702129429289614,301587301.5873016,2021277.1294682964,2.0212771294682965
5530,K.J. Osborn,k j osborn,00-0036345,OsboKJ00,28,6,WAS,3,0.01091330972032273,301587301.5873016,3291315.6299386015,3.2913156299386017
5530,K.J. Osborn,k j osborn,00-0036345,OsboKJ00,28,6,WAS,4,0.02077893056426624,301587301.5873016,6266661.598746962,6.266661598746962
5530,K.J. Osborn,k j osborn,00-0036345,OsboKJ00,28,6,WAS,5,0.027863889466529453,301587301.5873016,8403395.235937456,8.403395235937456
5531,Kade Warner,kade warner,00-0038829,NA,27,3,TB,1,0.006448940870730133,301587301.5873016,1944918.6752995641,1.9449186752995642
5531,Kade Warner,kade warner,00-0038829,NA,27,3,TB,2,0.0077202569513436506,301587301.5873016,2328331.4615163393,2.3283314615163393
5531,Kade Warner,kade warner,00-0038829,NA,27,3,TB,3,0.011931437242376771,301587301.5873016,3598369.9619866456,3.5983699619866454
5531,Kade Warner,kade warner,00-0038829,NA,27,3,TB,4,0.02179705808632028,301587301.5873016,6573715.9307950055,6.5737159307950055
5531,Kade Warner,kade warner,00-0038829,NA,27,3,TB,5,0.028882016988583496,301587301.5873016,8710449.5679855,8.7104495679855
5532,Kaden Davis,kaden davis,00-0037380,DaviKa02,27,4,CLE,1,0.003769728266458633,301587301.5873016,1136902.1755986353,1.1369021755986353
5532,Kaden Davis,kaden davis,00-0037380,DaviKa02,27,4,CLE,2,0.005041044347072156,301587301.5873016,1520314.9618154124,1.5203149618154124
5532,Kaden Davis,kaden davis,00-0037380,DaviKa02,27,4,CLE,3,0.009252224638105277,301587301.5873016,2790353.4622857184,2.7903534622857182
5532,Kaden Davis,kaden davis,00-0037380,DaviKa02,27,4,CLE,4,0.019117845482048784,301587301.5873016,5765699.431094078,5.765699431094078
5532,Kaden Davis,kaden davis,00-0037380,DaviKa02,27,4,CLE,5,0.026202804384312002,301587301.5873016,7902433.068284573,7.902433068284573
5533,Kawaan Baker,kawaan baker,00-0036939,BakeKa00,27,5,LV,1,-6.629832033143359e-5,301587301.5873016,-19994.73152852759,-0.01999473152852759
5533,Kawaan Baker,kawaan baker,00-0036939,BakeKa00,27,5,LV,2,0.0012050177602820897,301587301.5873016,363418.0546882493,0.3634180546882493
5533,Kawaan Baker,kawaan baker,00-0036939,BakeKa00,27,5,LV,3,0.005416198051315209,301587301.5873016,1633456.555158555,1.6334565551585551
5533,Kawaan Baker,kawaan baker,00-0036939,BakeKa00,27,5,LV,4,0.015281818895258713,301587301.5873016,4608802.523966914,4.608802523966914
5533,Kawaan Baker,kawaan baker,00-0036939,BakeKa00,27,5,LV,5,0.022366777797521935,301587301.5873016,6745536.16115741,6.74553616115741
5534,Kazmeir Allen,kazmeir allen,00-0038830,AlleKa00,26,3,WAS,1,0.006043940065893204,301587301.5873016,1822775.5754281094,1.8227755754281094
5534,Kazmeir Allen,kazmeir allen,00-0038830,AlleKa00,26,3,WAS,2,0.007315256146506729,301587301.5873016,2206188.3616448864,2.2061883616448865
5534,Kazmeir Allen,kazmeir allen,00-0038830,AlleKa00,26,3,WAS,3,0.011526436437539847,301587301.5873016,3476226.862115192,3.476226862115192
5534,Kazmeir Allen,kazmeir allen,00-0038830,AlleKa00,26,3,WAS,4,0.021392057281483357,301587301.5873016,6451572.830923553,6.451572830923553
5534,Kazmeir Allen,kazmeir allen,00-0038830,AlleKa00,26,3,WAS,5,0.028477016183746574,301587301.5873016,8588306.468114046,8.588306468114046
5535,Kearis Jackson,kearis jackson,00-0038969,JackKe02,26,3,HOU,1,0.0038374163096309096,301587301.5873016,1157316.0298886872,1.157316029888687
5535,Kearis Jackson,kearis jackson,00-0038969,JackKe02,26,3,HOU,2,0.005108732390244433,301587301.5873016,1540728.816105464,1.540728816105464
5535,Kearis Jackson,kearis jackson,00-0038969,JackKe02,26,3,HOU,3,0.009319912681277551,301587301.5873016,2810767.31657577,2.81076731657577
5535,Kearis Jackson,kearis jackson,00-0038969,JackKe02,26,3,HOU,4,0.019185533525221062,301587301.5873016,5786113.285384131,5.786113285384131
5535,Kearis Jackson,kearis jackson,00-0038969,JackKe02,26,3,HOU,5,0.02627049242748428,301587301.5873016,7922846.922574624,7.9228469225746245
5536,Keenan Allen,keenan allen,00-0030279,AlleKe00,33,13,LAC,1,0.04144655728992289,301587301.5873016,12499755.373151349,12.499755373151348
5536,Keenan Allen,keenan allen,00-0030279,AlleKe00,33,13,LAC,2,0.04271787337053642,301587301.5873016,12883168.159368128,12.883168159368127
5536,Keenan Allen,keenan allen,00-0030279,AlleKe00,33,13,LAC,3,0.046929053661569534,301587301.5873016,14153206.659838432,14.153206659838432
5536,Keenan Allen,keenan allen,00-0030279,AlleKe00,33,13,LAC,4,0.05679467450551304,301587301.5873016,17128552.62864679,17.12855262864679
5536,Keenan Allen,keenan allen,00-0030279,AlleKe00,33,13,LAC,5,0.0638796334077763,301587301.5873016,19265286.2658373,19.2652862658373
5537,Keith Kirkwood,keith kirkwood,00-0034317,KirkKe00,31,8,BAL,1,4.6811821833898004e-4,301587301.5873016,141178.5102927083,0.14117851029270828
5537,Keith Kirkwood,keith kirkwood,00-0034317,KirkKe00,31,8,BAL,2,0.001739434298952502,301587301.5873016,524591.2965094848,0.5245912965094848
5537,Keith Kirkwood,keith kirkwood,00-0034317,KirkKe00,31,8,BAL,3,0.00595061458998562,301587301.5873016,1794629.7969797903,1.7946297969797904
5537,Keith Kirkwood,keith kirkwood,00-0034317,KirkKe00,31,8,BAL,4,0.015816235433929127,301587301.5873016,4769975.76578815,4.76997576578815
5537,Keith Kirkwood,keith kirkwood,00-0034317,KirkKe00,31,8,BAL,5,0.022901194336192348,301587301.5873016,6906709.402978646,6.906709402978645
5538,Kelvin Harmon,kelvin harmon,00-0035297,HarmKe00,29,7,DAL,1,-3.0413490443752017e-4,301587301.5873016,-91723.22514782356,-0.09172322514782355
5538,Kelvin Harmon,kelvin harmon,00-0035297,HarmKe00,29,7,DAL,2,9.671811761760026e-4,301587301.5873016,291689.5610689532,0.29168956106895316
5538,Kelvin Harmon,kelvin harmon,00-0035297,HarmKe00,29,7,DAL,3,0.005178361467209122,301587301.5873016,1561728.0615392593,1.5617280615392592
5538,Kelvin Harmon,kelvin harmon,00-0035297,HarmKe00,29,7,DAL,4,0.015043982311152629,301587301.5873016,4537074.030347618,4.537074030347618
5538,Kelvin Harmon,kelvin harmon,00-0035297,HarmKe00,29,7,DAL,5,0.02212894121341585,301587301.5873016,6673807.667538114,6.673807667538114
5539,Keytaon Thompson,keytaon thompson,NA,NA,NA,NA,DET,1,0.0068701973042944895,301587301.5873016,2071964.2663745289,2.071964266374529
5539,Keytaon Thompson,keytaon thompson,NA,NA,NA,NA,DET,2,0.008141513384908013,301587301.5873016,2455377.0525913057,2.455377052591306
5539,Keytaon Thompson,keytaon thompson,NA,NA,NA,NA,DET,3,0.01235269367594113,301587301.5873016,3725415.553061611,3.725415553061611
5539,Keytaon Thompson,keytaon thompson,NA,NA,NA,NA,DET,4,0.022218314519884638,301587301.5873016,6700761.5218699705,6.70076152186997
5539,Keytaon Thompson,keytaon thompson,NA,NA,NA,NA,DET,5,0.029303273422147856,301587301.5873016,8837495.159060465,8.837495159060465
5540,Kody Case,kody case,00-0038532,NA,27,3,IND,1,0.006066370284008213,301587301.5873016,1829540.2443834296,1.8295402443834297
5540,Kody Case,kody case,00-0038532,NA,27,3,IND,2,0.0073376863646217394,301587301.5873016,2212953.0306002074,2.2129530306002074
5540,Kody Case,kody case,00-0038532,NA,27,3,IND,3,0.011548866655654858,301587301.5873016,3482991.531070513,3.482991531070513
5540,Kody Case,kody case,00-0038532,NA,27,3,IND,4,0.02141448749959837,301587301.5873016,6458337.499878874,6.458337499878874
5540,Kody Case,kody case,00-0038532,NA,27,3,IND,5,0.028499446401861587,301587301.5873016,8595071.137069369,8.595071137069368
5541,Kristian Wilkerson,kristian wilkerson,00-0036183,WilkKr00,29,6,BUF,1,0.009588942121436121,301587301.5873016,2891903.179480735,2.8919031794807353
5541,Kristian Wilkerson,kristian wilkerson,00-0036183,WilkKr00,29,6,BUF,2,0.010860258202049644,301587301.5873016,3275315.965697512,3.275315965697512
5541,Kristian Wilkerson,kristian wilkerson,00-0036183,WilkKr00,29,6,BUF,3,0.015071438493082762,301587301.5873016,4545354.466167818,4.545354466167818
5541,Kristian Wilkerson,kristian wilkerson,00-0036183,WilkKr00,29,6,BUF,4,0.02493705933702627,301587301.5873016,7520700.434976177,7.5207004349761775
5541,Kristian Wilkerson,kristian wilkerson,00-0036183,WilkKr00,29,6,BUF,5,0.03202201823928949,301587301.5873016,9657434.072166672,9.657434072166671
5542,Kyle Philips,kyle philips,00-0037273,PhilKy01,26,4,LV,1,0.002273017247984436,301587301.5873016,685513.1382810205,0.6855131382810205
5542,Kyle Philips,kyle philips,00-0037273,PhilKy01,26,4,LV,2,0.003544333328597962,301587301.5873016,1068925.924497798,1.068925924497798
5542,Kyle Philips,kyle philips,00-0037273,PhilKy01,26,4,LV,3,0.00775551361963108,301587301.5873016,2338964.424968104,2.338964424968104
5542,Kyle Philips,kyle philips,00-0037273,PhilKy01,26,4,LV,4,0.017621134463574585,301587301.5873016,5314310.393776462,5.314310393776462
5542,Kyle Philips,kyle philips,00-0037273,PhilKy01,26,4,LV,5,0.024706093365837803,301587301.5873016,7451044.030966957,7.4510440309669574
5543,Lance McCutcheon,lance mccutcheon,00-0037055,McCuLa01,27,4,PIT,1,0.0020563675425936123,301587301.5873016,620174.338242518,0.620174338242518
5543,Lance McCutcheon,lance mccutcheon,00-0037055,McCuLa01,27,4,PIT,2,0.0033276836232071405,301587301.5873016,1003587.1244592965,1.0035871244592964
5543,Lance McCutcheon,lance mccutcheon,00-0037055,McCuLa01,27,4,PIT,3,0.007538863914240255,301587301.5873016,2273625.624929601,2.273625624929601
5543,Lance McCutcheon,lance mccutcheon,00-0037055,McCuLa01,27,4,PIT,4,0.017404484758183767,301587301.5873016,5248971.593737962,5.248971593737962
5543,Lance McCutcheon,lance mccutcheon,00-0037055,McCuLa01,27,4,PIT,5,0.024489443660446985,301587301.5873016,7385705.230928456,7.3857052309284565
5544,Laviska Shenault,laviska shenault,NA,NA,27,NA,BUF,1,0.006517846075477348,301587301.5873016,1965699.6100645973,1.9656996100645974
5544,Laviska Shenault,laviska shenault,NA,NA,27,NA,BUF,2,0.007789162156090864,301587301.5873016,2349112.396281372,2.349112396281372
5544,Laviska Shenault,laviska shenault,NA,NA,27,NA,BUF,3,0.012000342447123984,301587301.5873016,3619150.896751678,3.619150896751678
5544,Laviska Shenault,laviska shenault,NA,NA,27,NA,BUF,4,0.02186596329106749,301587301.5873016,6594496.865560038,6.594496865560038
5544,Laviska Shenault,laviska shenault,NA,NA,27,NA,BUF,5,0.02895092219333071,301587301.5873016,8731230.502750533,8.731230502750533
5545,Lideatrick Griffin,lideatrick griffin,00-0039541,GrifLi00,25,2,GB,1,0.003735178503890295,301587301.5873016,1126482.4059351685,1.1264824059351686
5545,Lideatrick Griffin,lideatrick griffin,00-0039541,GrifLi00,25,2,GB,2,0.005006494584503817,301587301.5873016,1509895.1921519449,1.5098951921519448
5545,Lideatrick Griffin,lideatrick griffin,00-0039541,GrifLi00,25,2,GB,3,0.009217674875536937,301587301.5873016,2779933.692622251,2.779933692622251
5545,Lideatrick Griffin,lideatrick griffin,00-0039541,GrifLi00,25,2,GB,4,0.019083295719480444,301587301.5873016,5755279.66143061,5.7552796614306105
5545,Lideatrick Griffin,lideatrick griffin,00-0039541,GrifLi00,25,2,GB,5,0.026168254621743662,301587301.5873016,7892013.298621105,7.892013298621105
5546,Louis Rees-Zammit,louis rees zammit,NA,NA,25,NA,JAX,1,0.004195611939936732,301587301.5873016,1265343.2834729827,1.2653432834729827
5546,Louis Rees-Zammit,louis rees zammit,NA,NA,25,NA,JAX,2,0.0054669280205502544,301587301.5873016,1648756.0696897595,1.6487560696897596
5546,Louis Rees-Zammit,louis rees zammit,NA,NA,25,NA,JAX,3,0.009678108311583375,301587301.5873016,2918794.570160066,2.918794570160066
5546,Louis Rees-Zammit,louis rees zammit,NA,NA,25,NA,JAX,4,0.019543729155526886,301587301.5873016,5894140.538968426,5.8941405389684265
5546,Louis Rees-Zammit,louis rees zammit,NA,NA,25,NA,JAX,5,0.026628688057790104,301587301.5873016,8030874.176158921,8.030874176158921
5547,Mac Hippenhammer,mac hippenhammer,00-0038887,NA,27,3,CIN,1,0.005580711720389531,301587301.5873016,1683071.7886889065,1.6830717886889064
5547,Mac Hippenhammer,mac hippenhammer,00-0038887,NA,27,3,CIN,2,0.00685202780100306,301587301.5873016,2066484.574905685,2.066484574905685
5547,Mac Hippenhammer,mac hippenhammer,00-0038887,NA,27,3,CIN,3,0.011063208092036177,301587301.5873016,3336523.07537599,3.33652307537599
5547,Mac Hippenhammer,mac hippenhammer,00-0038887,NA,27,3,CIN,4,0.020928828935979683,301587301.5873016,6311869.0441843495,6.311869044184349
5547,Mac Hippenhammer,mac hippenhammer,00-0038887,NA,27,3,CIN,5,0.0280137878382429,301587301.5873016,8448602.681374844,8.448602681374844
5548,Malachi Carter,malachi carter,00-0038886,NA,26,3,CIN,1,0.005043734595336965,301587301.5873016,1521126.306530196,1.521126306530196
5548,Malachi Carter,malachi carter,00-0038886,NA,26,3,CIN,2,0.006315050675950492,301587301.5873016,1904539.092746974,1.9045390927469739
5548,Malachi Carter,malachi carter,00-0038886,NA,26,3,CIN,3,0.01052623096698361,301587301.5873016,3174577.5932172798,3.17457759321728
5548,Malachi Carter,malachi carter,00-0038886,NA,26,3,CIN,4,0.020391851810927116,301587301.5873016,6149923.562025638,6.149923562025639
5548,Malachi Carter,malachi carter,00-0038886,NA,26,3,CIN,5,0.027476810713190334,301587301.5873016,8286657.199216133,8.286657199216133
5549,Malik Flowers,malik flowers,00-0038904,FlowMa01,26,3,NO,1,0.005186379849543295,301587301.5873016,1564146.3038305177,1.5641463038305177
5549,Malik Flowers,malik flowers,00-0038904,FlowMa01,26,3,NO,2,0.006457695930156825,301587301.5873016,1947559.0900472966,1.9475590900472965
5549,Malik Flowers,malik flowers,00-0038904,FlowMa01,26,3,NO,3,0.010668876221189939,301587301.5873016,3217597.590517601,3.217597590517601
5549,Malik Flowers,malik flowers,00-0038904,FlowMa01,26,3,NO,4,0.020534497065133443,301587301.5873016,6192943.5593259595,6.192943559325959
5549,Malik Flowers,malik flowers,00-0038904,FlowMa01,26,3,NO,5,0.02761945596739666,301587301.5873016,8329677.196516454,8.329677196516455
5550,Malik Heath,malik heath,00-0038465,HeatMa00,25,3,GB,1,0.007011405131441352,301587301.5873016,2114550.7539267573,2.1145507539267574
5550,Malik Heath,malik heath,00-0038465,HeatMa00,25,3,GB,2,0.008282721212054877,301587301.5873016,2497963.5401435345,2.4979635401435347
5550,Malik Heath,malik heath,00-0038465,HeatMa00,25,3,GB,3,0.012493901503087997,301587301.5873016,3768002.0406138403,3.7680020406138404
5550,Malik Heath,malik heath,00-0038465,HeatMa00,25,3,GB,4,0.022359522347031494,301587301.5873016,6743348.009422197,6.743348009422197
5550,Malik Heath,malik heath,00-0038465,HeatMa00,25,3,GB,5,0.02944448124929471,301587301.5873016,8880081.64661269,8.880081646612691
5551,Malik Knowles,malik knowles,00-0038806,KnowMa00,25,3,SF,1,0.002798726890940734,301587301.5873016,844060.4909186341,0.8440604909186341
5551,Malik Knowles,malik knowles,00-0038806,KnowMa00,25,3,SF,2,0.004070042971554261,301587301.5873016,1227473.2771354122,1.2274732771354122
5551,Malik Knowles,malik knowles,00-0038806,KnowMa00,25,3,SF,3,0.00828122326258738,301587301.5873016,2497511.777605718,2.497511777605718
5551,Malik Knowles,malik knowles,00-0038806,KnowMa00,25,3,SF,4,0.018146844106530887,301587301.5873016,5472857.7464140775,5.4728577464140775
5551,Malik Knowles,malik knowles,00-0038806,KnowMa00,25,3,SF,5,0.025231803008794105,301587301.5873016,7609591.383604572,7.609591383604572
5552,Malik Taylor,malik taylor,00-0035480,TaylMa01,30,7,DET,1,0.002396372342491903,301587301.5873016,722715.468370574,0.722715468370574
5552,Malik Taylor,malik taylor,00-0035480,TaylMa01,30,7,DET,2,0.0036676884231054327,301587301.5873016,1106128.2545873527,1.1061282545873528
5552,Malik Taylor,malik taylor,00-0035480,TaylMa01,30,7,DET,3,0.00787886871413855,301587301.5873016,2376166.755057658,2.376166755057658
5552,Malik Taylor,malik taylor,00-0035480,TaylMa01,30,7,DET,4,0.01774448955808206,301587301.5873016,5351512.7238660185,5.351512723866018
5552,Malik Taylor,malik taylor,00-0035480,TaylMa01,30,7,DET,5,0.024829448460345276,301587301.5873016,7488246.361056512,7.488246361056512
5553,Marquez Callaway,marquez callaway,00-0036219,CallMa01,27,6,LV,1,0.002849070352113103,301587301.5873016,859243.439526174,0.859243439526174
5553,Marquez Callaway,marquez callaway,00-0036219,CallMa01,27,6,LV,2,0.004120386432726627,301587301.5873016,1242656.2257429513,1.2426562257429512
5553,Marquez Callaway,marquez callaway,00-0036219,CallMa01,27,6,LV,3,0.008331566723759745,301587301.5873016,2512694.726213257,2.512694726213257
5553,Marquez Callaway,marquez callaway,00-0036219,CallMa01,27,6,LV,4,0.018197187567703235,301587301.5873016,5488040.695021611,5.488040695021611
5553,Marquez Callaway,marquez callaway,00-0036219,CallMa01,27,6,LV,5,0.025282146469966467,301587301.5873016,7624774.33221211,7.62477433221211
5554,Marquez Valdes-Scantling,marquez valdes scantling,00-0034272,ValdMa00,31,8,PIT,1,0.004394275486634845,301587301.5873016,1325257.6864454295,1.3252576864454295
5554,Marquez Valdes-Scantling,marquez valdes scantling,00-0034272,ValdMa00,31,8,PIT,2,0.00566559156724837,301587301.5873016,1708670.472662207,1.708670472662207
5554,Marquez Valdes-Scantling,marquez valdes scantling,00-0034272,ValdMa00,31,8,PIT,3,0.009876771858281489,301587301.5873016,2978708.9731325125,2.9787089731325125
5554,Marquez Valdes-Scantling,marquez valdes scantling,00-0034272,ValdMa00,31,8,PIT,4,0.019742392702224994,301587301.5873016,5954054.941940872,5.954054941940872
5554,Marquez Valdes-Scantling,marquez valdes scantling,00-0034272,ValdMa00,31,8,PIT,5,0.026827351604488212,301587301.5873016,8090788.579131367,8.090788579131367
5555,Mathew Sexton,mathew sexton,00-0036471,SextMa00,28,3,MIA,1,0.004546306008063062,301587301.5873016,1371108.161161876,1.371108161161876
5555,Mathew Sexton,mathew sexton,00-0036471,SextMa00,28,3,MIA,2,0.005817622088676585,301587301.5873016,1754520.9473786526,1.7545209473786527
5555,Mathew Sexton,mathew sexton,00-0036471,SextMa00,28,3,MIA,3,0.010028802379709705,301587301.5873016,3024559.447848959,3.024559447848959
5555,Mathew Sexton,mathew sexton,00-0036471,SextMa00,28,3,MIA,4,0.019894423223653212,301587301.5873016,5999905.416657318,5.9999054166573185
5555,Mathew Sexton,mathew sexton,00-0036471,SextMa00,28,3,MIA,5,0.02697938212591643,301587301.5873016,8136639.053847813,8.136639053847812
5556,Michael Gallup,michael gallup,00-0034764,GallMi00,30,8,WAS,1,0.004340998824541558,301587301.5873016,1309190.1216871366,1.3091901216871367
5556,Michael Gallup,michael gallup,00-0034764,GallMi00,30,8,WAS,2,0.005612314905155082,301587301.5873016,1692602.9079039139,1.6926029079039138
5556,Michael Gallup,michael gallup,00-0034764,GallMi00,30,8,WAS,3,0.009823495196188201,301587301.5873016,2962641.4083742197,2.96264140837422
5556,Michael Gallup,michael gallup,00-0034764,GallMi00,30,8,WAS,4,0.01968911604013171,301587301.5873016,5937987.37718258,5.93798737718258
5556,Michael Gallup,michael gallup,00-0034764,GallMi00,30,8,WAS,5,0.026774074942394928,301587301.5873016,8074721.014373074,8.074721014373074
5557,Mike Strachan,mike strachan,00-0036482,StraMi03,28,5,WAS,1,0.001350890482601305,301587301.5873016,407411.4153876952,0.4074114153876952
5557,Mike Strachan,mike strachan,00-0036482,StraMi03,28,5,WAS,2,0.0026222065632148274,301587301.5873016,790824.2016044718,0.7908242016044718
5557,Mike Strachan,mike strachan,00-0036482,StraMi03,28,5,WAS,3,0.006833386854247953,301587301.5873016,2060862.7020747797,2.06086270207478
5557,Mike Strachan,mike strachan,00-0036482,StraMi03,28,5,WAS,4,0.016699007698191458,301587301.5873016,5036208.670883139,5.036208670883139
5557,Mike Strachan,mike strachan,00-0036482,StraMi03,28,5,WAS,5,0.023783966600454676,301587301.5873016,7172942.308073633,7.172942308073633
5558,Mike Williams,mike williams,00-0033536,WillMi07,31,9,LAC,1,0.00576510696532946,301587301.5873016,1738683.053035869,1.738683053035869
5558,Mike Williams,mike williams,00-0033536,WillMi07,31,9,LAC,2,0.007036423045942988,301587301.5873016,2122095.8392526475,2.1220958392526477
5558,Mike Williams,mike williams,00-0033536,WillMi07,31,9,LAC,3,0.011247603336976103,301587301.5873016,3392134.339722952,3.392134339722952
5558,Mike Williams,mike williams,00-0033536,WillMi07,31,9,LAC,4,0.02111322418091961,301587301.5873016,6367480.308531311,6.367480308531311
5558,Mike Williams,mike williams,00-0033536,WillMi07,31,9,LAC,5,0.028198183083182827,301587301.5873016,8504213.945721805,8.504213945721805
5559,Mike Woods,mike woods,00-0037300,WoodMi00,26,4,CLE,1,0.008193813190831688,301587301.5873016,2471150.0099333664,2.4711500099333663
5559,Mike Woods,mike woods,00-0037300,WoodMi00,26,4,CLE,2,0.00946512927144521,301587301.5873016,2854562.796150143,2.8545627961501427
5559,Mike Woods,mike woods,00-0037300,WoodMi00,26,4,CLE,3,0.013676309562478322,301587301.5873016,4124601.2966204467,4.124601296620447
5559,Mike Woods,mike woods,00-0037300,WoodMi00,26,4,CLE,4,0.023541930406421833,301587301.5873016,7099947.265428808,7.099947265428807
5559,Mike Woods,mike woods,00-0037300,WoodMi00,26,4,CLE,5,0.030626889308685068,301587301.5873016,9236680.902619308,9.236680902619307
5560,Miles Boykin,miles boykin,00-0035703,BoykMi00,29,7,CHI,1,0.0037079000531509937,301587301.5873016,1118255.5715852205,1.1182555715852205
5560,Miles Boykin,miles boykin,00-0035703,BoykMi00,29,7,CHI,2,0.0049792161337645175,301587301.5873016,1501668.3578019976,1.5016683578019976
5560,Miles Boykin,miles boykin,00-0035703,BoykMi00,29,7,CHI,3,0.009190396424797636,301587301.5873016,2771706.8582723034,2.7717068582723035
5560,Miles Boykin,miles boykin,00-0035703,BoykMi00,29,7,CHI,4,0.019056017268741142,301587301.5873016,5747052.827080662,5.747052827080663
5560,Miles Boykin,miles boykin,00-0035703,BoykMi00,29,7,CHI,5,0.02614097617100436,301587301.5873016,7883786.464271157,7.883786464271157
5561,Montrell Washington,montrell washington,00-0037272,WashMo00,27,4,NYG,1,0.0029020878924766497,301587301.5873016,875232.8564612119,0.875232856461212
5561,Montrell Washington,montrell washington,00-0037272,WashMo00,27,4,NYG,2,0.004173403973090175,301587301.5873016,1258645.6426779896,1.2586456426779895
5561,Montrell Washington,montrell washington,00-0037272,WashMo00,27,4,NYG,3,0.008384584264123295,301587301.5873016,2528684.1431482956,2.5286841431482956
5561,Montrell Washington,montrell washington,00-0037272,WashMo00,27,4,NYG,4,0.018250205108066797,301587301.5873016,5504030.111956653,5.504030111956653
5561,Montrell Washington,montrell washington,00-0037272,WashMo00,27,4,NYG,5,0.025335164010330015,301587301.5873016,7640763.749147148,7.640763749147148
5562,Nick Williams,nick williams,00-0039045,NA,NA,3,DEN,1,0.004090129717096986,301587301.5873016,1233531.1845213133,1.2335311845213133
5562,Nick Williams,nick williams,00-0039045,NA,NA,3,DEN,2,0.005361445797710509,301587301.5873016,1616943.97073809,1.6169439707380902
5562,Nick Williams,nick williams,00-0039045,NA,NA,3,DEN,3,0.009572626088743628,301587301.5873016,2886982.471208396,2.886982471208396
5562,Nick Williams,nick williams,00-0039045,NA,NA,3,DEN,4,0.019438246932687135,301587301.5873016,5862328.440016756,5.862328440016756
5562,Nick Williams,nick williams,00-0039045,NA,NA,3,DEN,5,0.026523205834950353,301587301.5873016,7999062.07720725,7.99906207720725
5563,Noah Brown,noah brown,00-0033591,BrowNo00,30,9,WAS,1,9.436239439660844e-4,301587301.5873016,284584.99897389853,0.28458499897389855
5563,Noah Brown,noah brown,00-0033591,BrowNo00,30,9,WAS,2,0.0022149400245796086,301587301.5873016,667997.7851906756,0.6679977851906757
5563,Noah Brown,noah brown,00-0033591,BrowNo00,30,9,WAS,3,0.0064261203156127265,301587301.5873016,1938036.2856609812,1.9380362856609812
5563,Noah Brown,noah brown,00-0033591,BrowNo00,30,9,WAS,4,0.016291741159556235,301587301.5873016,4913382.254469341,4.913382254469341
5563,Noah Brown,noah brown,00-0033591,BrowNo00,30,9,WAS,5,0.023376700061819446,301587301.5873016,7050115.8916598335,7.050115891659834
5564,Oliver Martin,oliver martin,00-0038672,NA,27,3,JAX,1,0.004782354214640319,301587301.5873016,1442297.302828033,1.442297302828033
5564,Oliver Martin,oliver martin,00-0038672,NA,27,3,JAX,2,0.006053670295253842,301587301.5873016,1825710.0890448096,1.8257100890448095
5564,Oliver Martin,oliver martin,00-0038672,NA,27,3,JAX,3,0.010264850586286962,301587301.5873016,3095748.589515116,3.0957485895151162
5564,Oliver Martin,oliver martin,00-0038672,NA,27,3,JAX,4,0.020130471430230473,301587301.5873016,6071094.558323476,6.071094558323477
5564,Oliver Martin,oliver martin,00-0038672,NA,27,3,JAX,5,0.02721543033249369,301587301.5873016,8207828.195513971,8.20782819551397
5565,Pokey Wilson,pokey wilson,NA,NA,24,NA,NYJ,1,0.004291310526712538,301587301.5873016,1294204.7620244164,1.2942047620244164
5565,Pokey Wilson,pokey wilson,NA,NA,24,NA,NYJ,2,0.00556262660732606,301587301.5873016,1677617.548241193,1.677617548241193
5565,Pokey Wilson,pokey wilson,NA,NA,24,NA,NYJ,3,0.009773806898359182,301587301.5873016,2947656.0487114997,2.9476560487114996
5565,Pokey Wilson,pokey wilson,NA,NA,24,NA,NYJ,4,0.01963942774230269,301587301.5873016,5923002.017519859,5.923002017519859
5565,Pokey Wilson,pokey wilson,NA,NA,24,NA,NYJ,5,0.026724386644565907,301587301.5873016,8059735.654710353,8.059735654710353
5566,Quintez Cephus,quintez cephus,00-0036277,CephQu00,27,6,HOU,1,0.0011030306842591561,301587301.5873016,332660.0476337138,0.3326600476337138
5566,Quintez Cephus,quintez cephus,00-0036277,CephQu00,27,6,HOU,2,0.0023743467648726785,301587301.5873016,716072.8338504904,0.7160728338504904
5566,Quintez Cephus,quintez cephus,00-0036277,CephQu00,27,6,HOU,3,0.006585527055905808,301587301.5873016,1986111.3343207992,1.9861113343207992
5566,Quintez Cephus,quintez cephus,00-0036277,CephQu00,27,6,HOU,4,0.016451147899849312,301587301.5873016,4961457.303129158,4.961457303129158
5566,Quintez Cephus,quintez cephus,00-0036277,CephQu00,27,6,HOU,5,0.023536106802112527,301587301.5873016,7098190.940319652,7.098190940319652
5567,Racey McMath,racey mcmath,00-0036652,McMaRa00,26,5,DAL,1,0.001829343493438785,301587301.5873016,551706.7678624907,0.5517067678624907
5567,Racey McMath,racey mcmath,00-0036652,McMaRa00,26,5,DAL,2,0.0031006595740523126,301587301.5873016,935119.554079269,0.9351195540792689
5567,Racey McMath,racey mcmath,00-0036652,McMaRa00,26,5,DAL,3,0.007311839865085432,301587301.5873016,2205158.054549575,2.205158054549575
5567,Racey McMath,racey mcmath,00-0036652,McMaRa00,26,5,DAL,4,0.01717746070902894,301587301.5873016,5180504.023357934,5.180504023357934
5567,Racey McMath,racey mcmath,00-0036652,McMaRa00,26,5,DAL,5,0.024262419611292156,301587301.5873016,7317237.660548429,7.317237660548429
5568,Rakim Jarrett,rakim jarrett,00-0038821,JarrRa00,25,3,TB,1,0.007864928798715217,301587301.5873016,2371962.65358078,2.37196265358078
5568,Rakim Jarrett,rakim jarrett,00-0038821,JarrRa00,25,3,TB,2,0.00913624487932874,301587301.5873016,2755375.439797557,2.755375439797557
5568,Rakim Jarrett,rakim jarrett,00-0038821,JarrRa00,25,3,TB,3,0.013347425170361858,301587301.5873016,4025413.9402678623,4.025413940267862
5568,Rakim Jarrett,rakim jarrett,00-0038821,JarrRa00,25,3,TB,4,0.023213046014305364,301587301.5873016,7000759.909076221,7.000759909076221
5568,Rakim Jarrett,rakim jarrett,00-0038821,JarrRa00,25,3,TB,5,0.03029800491656858,301587301.5873016,9137493.546266716,9.137493546266716
5569,Ray-Ray McCloud,ray ray mccloud,00-0034407,McClRa00,29,8,ATL,1,0.005888484513348108,301587301.5873016,1775892.1548192708,1.7758921548192708
5569,Ray-Ray McCloud,ray ray mccloud,00-0034407,McClRa00,29,8,ATL,2,0.007159800593961638,301587301.5873016,2159304.9410360497,2.1593049410360496
5569,Ray-Ray McCloud,ray ray mccloud,00-0034407,McClRa00,29,8,ATL,3,0.011370980884994747,301587301.5873016,3429343.4415063527,3.4293434415063526
5569,Ray-Ray McCloud,ray ray mccloud,00-0034407,McClRa00,29,8,ATL,4,0.021236601728938254,301587301.5873016,6404689.410314712,6.404689410314711
5569,Ray-Ray McCloud,ray ray mccloud,00-0034407,McClRa00,29,8,ATL,5,0.028321560631201472,301587301.5873016,8541423.047505207,8.541423047505207
5570,River Cracraft,river cracraft,00-0034054,CracRi00,31,9,WAS,1,3.3573846601641955e-4,301587301.5873016,101254.45800495194,0.10125445800495195
5570,River Cracraft,river cracraft,00-0034054,CracRi00,31,9,WAS,2,0.001607054546629944,301587301.5873016,484667.24422172917,0.4846672442217292
5570,River Cracraft,river cracraft,00-0034054,CracRi00,31,9,WAS,3,0.0058182348376630616,301587301.5873016,1754705.7446920346,1.7547057446920347
5570,River Cracraft,river cracraft,00-0034054,CracRi00,31,9,WAS,4,0.01568385568160657,301587301.5873016,4730051.7135003945,4.730051713500394
5570,River Cracraft,river cracraft,00-0034054,CracRi00,31,9,WAS,5,0.022768814583869784,301587301.5873016,6866785.350690888,6.866785350690888
5571,Robbie Chosen,robbie chosen,00-0032688,AndeRo04,32,10,WAS,1,-6.261343337948105e-4,301587301.5873016,-188834.1641603397,-0.18883416416033968
5571,Robbie Chosen,robbie chosen,00-0032688,AndeRo04,32,10,WAS,2,6.451817468187142e-4,301587301.5873016,194578.62205643763,0.19457862205643764
5571,Robbie Chosen,robbie chosen,00-0032688,AndeRo04,32,10,WAS,3,0.004856362037851831,301587301.5873016,1464617.122526743,1.464617122526743
5571,Robbie Chosen,robbie chosen,00-0032688,AndeRo04,32,10,WAS,4,0.014721982881795338,301587301.5873016,4439963.091335102,4.439963091335102
5571,Robbie Chosen,robbie chosen,00-0032688,AndeRo04,32,10,WAS,5,0.021806941784058554,301587301.5873016,6576696.728525596,6.5766967285255955
5572,Robert Woods,robert woods,00-0030431,WoodRo02,33,13,PIT,1,0.004918837361494486,301587301.5873016,1483458.8867999245,1.4834588867999245
5572,Robert Woods,robert woods,00-0030431,WoodRo02,33,13,PIT,2,0.00619015344210801,301587301.5873016,1866871.6730167016,1.8668716730167016
5572,Robert Woods,robert woods,00-0030431,WoodRo02,33,13,PIT,3,0.010401333733141126,301587301.5873016,3136910.1734870067,3.136910173487007
5572,Robert Woods,robert woods,00-0030431,WoodRo02,33,13,PIT,4,0.020266954577084637,301587301.5873016,6112256.142295367,6.112256142295367
5572,Robert Woods,robert woods,00-0030431,WoodRo02,33,13,PIT,5,0.027351913479347855,301587301.5873016,8248989.779485862,8.248989779485862
5573,Rondale Moore,rondale moore,00-0036936,MoorRo02,25,5,MIN,1,0.005976441387548901,301587301.5873016,1802418.8311655417,1.8024188311655416
5573,Rondale Moore,rondale moore,00-0036936,MoorRo02,25,5,MIN,2,0.007247757468162427,301587301.5873016,2185831.617382319,2.1858316173823193
5573,Rondale Moore,rondale moore,00-0036936,MoorRo02,25,5,MIN,3,0.011458937759195546,301587301.5873016,3455870.117852625,3.455870117852625
5573,Rondale Moore,rondale moore,00-0036936,MoorRo02,25,5,MIN,4,0.02132455860313905,301587301.5873016,6431216.086660984,6.431216086660984
5573,Rondale Moore,rondale moore,00-0036936,MoorRo02,25,5,MIN,5,0.028409517505402267,301587301.5873016,8567949.723851478,8.567949723851477
5574,Russell Gage,russell gage,00-0034411,GageRu00,30,8,SF,1,0.006072667202750847,301587301.5873016,1831439.315115335,1.831439315115335
5574,Russell Gage,russell gage,00-0034411,GageRu00,30,8,SF,2,0.007343983283364369,301587301.5873016,2214852.1013321117,2.2148521013321116
5574,Russell Gage,russell gage,00-0034411,GageRu00,30,8,SF,3,0.011555163574397492,301587301.5873016,3484890.6018024185,3.4848906018024186
5574,Russell Gage,russell gage,00-0034411,GageRu00,30,8,SF,4,0.021420784418340996,301587301.5873016,6460236.570610777,6.4602365706107765
5574,Russell Gage,russell gage,00-0034411,GageRu00,30,8,SF,5,0.028505743320604213,301587301.5873016,8596970.207801271,8.596970207801272
5575,Sam James,sam james,NA,NA,NA,NA,LA,1,0.006271241035973937,301587301.5873016,1891326.6616429335,1.8913266616429334
5575,Sam James,sam james,NA,NA,NA,NA,LA,2,0.007542557116587459,301587301.5873016,2274739.44785971,2.27473944785971
5575,Sam James,sam james,NA,NA,NA,NA,LA,3,0.011753737407620578,301587301.5873016,3544777.948330016,3.5447779483300157
5575,Sam James,sam james,NA,NA,NA,NA,LA,4,0.021619358251564087,301587301.5873016,6520123.917138376,6.520123917138377
5575,Sam James,sam james,NA,NA,NA,NA,LA,5,0.028704317153827305,301587301.5873016,8656857.55432887,8.65685755432887
5576,Scotty Miller,scotty miller,NA,NA,28,NA,PIT,1,0.004470085836029433,301587301.5873016,1348121.1251517339,1.3481211251517338
5576,Scotty Miller,scotty miller,NA,NA,28,NA,PIT,2,0.005741401916642955,301587301.5873016,1731533.9113685105,1.7315339113685104
5576,Scotty Miller,scotty miller,NA,NA,28,NA,PIT,3,0.009952582207676076,301587301.5873016,3001572.411838817,3.0015724118388167
5576,Scotty Miller,scotty miller,NA,NA,28,NA,PIT,4,0.019818203051619587,301587301.5873016,5976918.380647178,5.976918380647178
5576,Scotty Miller,scotty miller,NA,NA,28,NA,PIT,5,0.026903161953882804,301587301.5873016,8113652.017837672,8.113652017837671
5577,Scotty Washington,scotty washington,00-0035769,NA,28,6,BAL,1,0.0011794939032520769,301587301.5873016,355720.3835204677,0.3557203835204677
5577,Scotty Washington,scotty washington,00-0035769,NA,28,6,BAL,2,0.002450809983865599,301587301.5873016,739133.1697372443,0.7391331697372443
5577,Scotty Washington,scotty washington,00-0035769,NA,28,6,BAL,3,0.006661990274898726,301587301.5873016,2009171.6702075524,2.0091716702075524
5577,Scotty Washington,scotty washington,00-0035769,NA,28,6,BAL,4,0.01652761111884223,301587301.5873016,4984517.63901591,4.98451763901591
5577,Scotty Washington,scotty washington,00-0035769,NA,28,6,BAL,5,0.023612570021105447,301587301.5873016,7121251.276206405,7.121251276206405
5578,Sean Ryan,sean ryan,00-0038455,RyanSe01,27,3,BAL,1,0.003989408598011242,301587301.5873016,1203154.9740033904,1.2031549740033904
5578,Sean Ryan,sean ryan,00-0038455,RyanSe01,27,3,BAL,2,0.0052607246786247645,301587301.5873016,1586567.7602201672,1.5865677602201673
5578,Sean Ryan,sean ryan,00-0038455,RyanSe01,27,3,BAL,3,0.009471904969657885,301587301.5873016,2856606.2606904735,2.8566062606904734
5578,Sean Ryan,sean ryan,00-0038455,RyanSe01,27,3,BAL,4,0.019337525813601392,301587301.5873016,5831952.229498833,5.8319522294988335
5578,Sean Ryan,sean ryan,00-0038455,RyanSe01,27,3,BAL,5,0.02642248471586461,301587301.5873016,7968685.866689327,7.968685866689327
5579,Seth Williams,seth williams,00-0036657,WillSe00,25,5,LV,1,3.0020531774106556e-4,301587301.5873016,90538.11169968644,0.09053811169968644
5579,Seth Williams,seth williams,00-0036657,WillSe00,25,5,LV,2,0.0015715213983545889,301587301.5873016,473950.8979164634,0.4739508979164634
5579,Seth Williams,seth williams,00-0036657,WillSe00,25,5,LV,3,0.00578270168938771,301587301.5873016,1743989.3983867697,1.7439893983867696
5579,Seth Williams,seth williams,00-0036657,WillSe00,25,5,LV,4,0.015648322533331212,301587301.5873016,4719335.3671951275,4.719335367195128
5579,Seth Williams,seth williams,00-0036657,WillSe00,25,5,LV,5,0.022733281435594433,301587301.5873016,6856069.004385623,6.856069004385623
5580,Shae Wyatt,shae wyatt,NA,NA,NA,NA,SF,1,0.005800500666764567,301587301.5873016,1749357.3439448697,1.7493573439448697
5580,Shae Wyatt,shae wyatt,NA,NA,NA,NA,SF,2,0.007071816747378094,301587301.5873016,2132770.1301616477,2.1327701301616475
5580,Shae Wyatt,shae wyatt,NA,NA,NA,NA,SF,3,0.011282997038411213,301587301.5873016,3402808.6306319535,3.4028086306319536
5580,Shae Wyatt,shae wyatt,NA,NA,NA,NA,SF,4,0.02114861788235472,301587301.5873016,6378154.599440312,6.378154599440312
5580,Shae Wyatt,shae wyatt,NA,NA,NA,NA,SF,5,0.028233576784617936,301587301.5873016,8514888.236630807,8.514888236630807
5581,Shaq Davis,shaq davis,NA,NA,25,NA,PHI,1,0.005322734536320843,301587301.5873016,1605269.14587454,1.60526914587454
5581,Shaq Davis,shaq davis,NA,NA,25,NA,PHI,2,0.006594050616934371,301587301.5873016,1988681.9320913185,1.9886819320913185
5581,Shaq Davis,shaq davis,NA,NA,25,NA,PHI,3,0.010805230907967487,301587301.5873016,3258720.4325616234,3.2587204325616232
5581,Shaq Davis,shaq davis,NA,NA,25,NA,PHI,4,0.020670851751910996,301587301.5873016,6234066.401369983,6.234066401369983
5581,Shaq Davis,shaq davis,NA,NA,25,NA,PHI,5,0.027755810654174214,301587301.5873016,8370800.038560478,8.370800038560478
5582,Sterling Shepard,sterling shepard,00-0032385,ShepSt00,33,10,TB,1,0.006552786952337983,301587301.5873016,1976237.3348320904,1.9762373348320905
5582,Sterling Shepard,sterling shepard,00-0032385,ShepSt00,33,10,TB,2,0.007824103032951507,301587301.5873016,2359650.1210488672,2.359650121048867
5582,Sterling Shepard,sterling shepard,00-0032385,ShepSt00,33,10,TB,3,0.012035283323984618,301587301.5873016,3629688.6215191707,3.6296886215191706
5582,Sterling Shepard,sterling shepard,00-0032385,ShepSt00,33,10,TB,4,0.02190090416792813,301587301.5873016,6605034.590327531,6.605034590327531
5582,Sterling Shepard,sterling shepard,00-0032385,ShepSt00,33,10,TB,5,0.02898586307019134,301587301.5873016,8741768.227518024,8.741768227518024
5583,Steven Sims Jr.,steven sims jr,NA,NA,28,NA,SEA,1,0.004199318668693855,301587301.5873016,1266461.1857965596,1.2664611857965595
5583,Steven Sims Jr.,steven sims jr,NA,NA,28,NA,SEA,2,0.0054706347493073786,301587301.5873016,1649873.9720133366,1.6498739720133366
5583,Steven Sims Jr.,steven sims jr,NA,NA,28,NA,SEA,3,0.0096818150403405,301587301.5873016,2919912.472483643,2.919912472483643
5583,Steven Sims Jr.,steven sims jr,NA,NA,28,NA,SEA,4,0.01954743588428401,301587301.5873016,5895258.441292003,5.895258441292003
5583,Steven Sims Jr.,steven sims jr,NA,NA,28,NA,SEA,5,0.026632394786547227,301587301.5873016,8031992.0784824975,8.031992078482498
5584,Sy Barnett,sy barnett,NA,NA,NA,NA,NO,1,0.005897231905169124,301587301.5873016,1778530.2571144977,1.7785302571144976
5584,Sy Barnett,sy barnett,NA,NA,NA,NA,NO,2,0.00716854798578265,301587301.5873016,2161943.0433312757,2.161943043331276
5584,Sy Barnett,sy barnett,NA,NA,NA,NA,NO,3,0.011379728276815769,301587301.5873016,3431981.5438015815,3.4319815438015815
5584,Sy Barnett,sy barnett,NA,NA,NA,NA,NO,4,0.021245349120759274,301587301.5873016,6407327.51260994,6.40732751260994
5584,Sy Barnett,sy barnett,NA,NA,NA,NA,NO,5,0.028330308023022492,301587301.5873016,8544061.149800435,8.544061149800434
5585,T.J. Luther,t j luther,00-0038502,LuthTJ00,25,3,CAR,1,0.003784952475137706,301587301.5873016,1141493.603612959,1.1414936036129588
5585,T.J. Luther,t j luther,00-0038502,LuthTJ00,25,3,CAR,2,0.005056268555751228,301587301.5873016,1524906.3898297355,1.5249063898297355
5585,T.J. Luther,t j luther,00-0038502,LuthTJ00,25,3,CAR,3,0.009267448846784347,301587301.5873016,2794944.8903000415,2.7949448903000413
5585,T.J. Luther,t j luther,00-0038502,LuthTJ00,25,3,CAR,4,0.019133069690727852,301587301.5873016,5770290.8591084005,5.770290859108401
5585,T.J. Luther,t j luther,00-0038502,LuthTJ00,25,3,CAR,5,0.02621802859299107,301587301.5873016,7907024.496298895,7.907024496298895
5586,Tarik Black,tarik black,00-0036491,BlacTa00,28,5,MIA,1,0.002319431217775092,301587301.5873016,699511.0021861389,0.6995110021861389
5586,Tarik Black,tarik black,00-0036491,BlacTa00,28,5,MIA,2,0.00359074729838862,301587301.5873016,1082923.788402917,1.082923788402917
5586,Tarik Black,tarik black,00-0036491,BlacTa00,28,5,MIA,3,0.007801927589421736,301587301.5873016,2352962.288873222,2.352962288873222
5586,Tarik Black,tarik black,00-0036491,BlacTa00,28,5,MIA,4,0.017667548433365245,301587301.5873016,5328308.257681582,5.328308257681583
5586,Tarik Black,tarik black,00-0036491,BlacTa00,28,5,MIA,5,0.024752507335628463,301587301.5873016,7465041.894872077,7.465041894872077
5587,Tay Martin,tay martin,00-0037524,MartTa00,28,4,WAS,1,-5.517806823157578e-4,301587301.5873016,-166410.04704760952,-0.16641004704760953
5587,Tay Martin,tay martin,00-0037524,MartTa00,28,4,WAS,2,7.195353982977636e-4,301587301.5873016,217002.7391691668,0.2170027391691668
5587,Tay Martin,tay martin,00-0037524,MartTa00,28,4,WAS,3,0.004930715689330887,301587301.5873016,1487041.239639474,1.487041239639474
5587,Tay Martin,tay martin,00-0037524,MartTa00,28,4,WAS,4,0.014796336533274392,301587301.5873016,4462387.208447833,4.462387208447833
5587,Tay Martin,tay martin,00-0037524,MartTa00,28,4,WAS,5,0.021881295435537608,301587301.5873016,6599120.845638326,6.599120845638327
5588,Taye Barber,taye barber,00-0038814,NA,26,3,TB,1,0.00694552068884498,301587301.5873016,2094680.842667534,2.094680842667534
5588,Taye Barber,taye barber,00-0038814,NA,26,3,TB,2,0.008216836769458504,301587301.5873016,2478093.628884311,2.4780936288843107
5588,Taye Barber,taye barber,00-0038814,NA,26,3,TB,3,0.012428017060491622,301587301.5873016,3748132.129354616,3.7481321293546164
5588,Taye Barber,taye barber,00-0038814,NA,26,3,TB,4,0.02229363790443513,301587301.5873016,6723478.098162976,6.7234780981629765
5588,Taye Barber,taye barber,00-0038814,NA,26,3,TB,5,0.029378596806698347,301587301.5873016,8860211.73535347,8.86021173535347
5589,Taylor Grimes,taylor grimes,00-0038789,NA,26,3,DEN,1,0.005239667700803855,301587301.5873016,1580217.2430995754,1.5802172430995753
5589,Taylor Grimes,taylor grimes,00-0038789,NA,26,3,DEN,2,0.0065109837814173845,301587301.5873016,1963630.0293163543,1.9636300293163542
5589,Taylor Grimes,taylor grimes,00-0038789,NA,26,3,DEN,3,0.010722164072450498,301587301.5873016,3233668.5297866585,3.2336685297866583
5589,Taylor Grimes,taylor grimes,00-0038789,NA,26,3,DEN,4,0.020587784916394007,301587301.5873016,6209014.498595019,6.209014498595019
5589,Taylor Grimes,taylor grimes,00-0038789,NA,26,3,DEN,5,0.027672743818657225,301587301.5873016,8345748.135785513,8.345748135785513
5590,Thayer Thomas,thayer thomas,00-0038810,ThomTh01,27,3,MIN,1,0.003365053644332591,301587301.5873016,1014857.4482907815,1.0148574482907815
5590,Thayer Thomas,thayer thomas,00-0038810,ThomTh01,27,3,MIN,2,0.004636369724946114,301587301.5873016,1398270.2345075584,1.3982702345075584
5590,Thayer Thomas,thayer thomas,00-0038810,ThomTh01,27,3,MIN,3,0.008847550015979233,301587301.5873016,2668308.734977864,2.668308734977864
5590,Thayer Thomas,thayer thomas,00-0038810,ThomTh01,27,3,MIN,4,0.01871317085992274,301587301.5873016,5643654.703786223,5.643654703786223
5590,Thayer Thomas,thayer thomas,00-0038810,ThomTh01,27,3,MIN,5,0.025798129762185956,301587301.5873016,7780388.340976718,7.780388340976718
5591,Tim Patrick,tim patrick,00-0033375,PatrTi00,32,9,DET,1,0.00971440607631173,301587301.5873016,2929741.515078141,2.929741515078141
5591,Tim Patrick,tim patrick,00-0033375,PatrTi00,32,9,DET,2,0.010985722156925254,301587301.5873016,3313154.301294918,3.3131543012949183
5591,Tim Patrick,tim patrick,00-0033375,PatrTi00,32,9,DET,3,0.015196902447958379,301587301.5873016,4583192.801765226,4.583192801765226
5591,Tim Patrick,tim patrick,00-0033375,PatrTi00,32,9,DET,4,0.02506252329190188,301587301.5873016,7558538.770573583,7.558538770573583
5591,Tim Patrick,tim patrick,00-0033375,PatrTi00,32,9,DET,5,0.03214748219416507,301587301.5873016,9695272.40776407,9.69527240776407
5592,Tre’Shaun Harrison,tre shaun harrison,00-0038844,HarrTr02,25,3,TEN,1,0.004490260052585038,301587301.5873016,1354205.4126843766,1.3542054126843766
5592,Tre’Shaun Harrison,tre shaun harrison,00-0038844,HarrTr02,25,3,TEN,2,0.005761576133198562,301587301.5873016,1737618.1989011536,1.7376181989011537
5592,Tre’Shaun Harrison,tre shaun harrison,00-0038844,HarrTr02,25,3,TEN,3,0.009972756424231682,301587301.5873016,3007656.69937146,3.0076566993714597
5592,Tre’Shaun Harrison,tre shaun harrison,00-0038844,HarrTr02,25,3,TEN,4,0.019838377268175184,301587301.5873016,5983002.6681798175,5.983002668179817
5592,Tre’Shaun Harrison,tre shaun harrison,00-0038844,HarrTr02,25,3,TEN,5,0.026923336170438402,301587301.5873016,8119736.305370312,8.119736305370312
5593,Trent Taylor,trent taylor,00-0033292,TaylTr02,31,9,SF,1,0.0014567946835767128,301587301.5873016,439350.7775866277,0.4393507775866277
5593,Trent Taylor,trent taylor,00-0033292,TaylTr02,31,9,SF,2,0.002728110764190237,301587301.5873016,822763.5638034048,0.8227635638034048
5593,Trent Taylor,trent taylor,00-0033292,TaylTr02,31,9,SF,3,0.006939291055223356,301587301.5873016,2092802.0642737106,2.0928020642737106
5593,Trent Taylor,trent taylor,00-0033292,TaylTr02,31,9,SF,4,0.016804911899166865,301587301.5873016,5068148.033082071,5.068148033082071
5593,Trent Taylor,trent taylor,00-0033292,TaylTr02,31,9,SF,5,0.02388987080143008,301587301.5873016,7204881.6702725645,7.204881670272565
5594,Trenton Irwin,trenton irwin,00-0035341,IrwiTr00,30,7,JAX,1,0.0024227889836226178,301587301.5873016,730682.3918861863,0.7306823918861863
5594,Trenton Irwin,trenton irwin,00-0035341,IrwiTr00,30,7,JAX,2,0.003694105064236142,301587301.5873016,1114095.1781029636,1.1140951781029635
5594,Trenton Irwin,trenton irwin,00-0035341,IrwiTr00,30,7,JAX,3,0.007905285355269262,301587301.5873016,2384133.6785732694,2.3841336785732694
5594,Trenton Irwin,trenton irwin,00-0035341,IrwiTr00,30,7,JAX,4,0.01777090619921277,301587301.5873016,5359479.64738163,5.3594796473816295
5594,Trenton Irwin,trenton irwin,00-0035341,IrwiTr00,30,7,JAX,5,0.02485586510147599,301587301.5873016,7496213.2845721245,7.496213284572124
5595,Trishton Jackson,trishton jackson,00-0035934,JackTr02,28,6,ARI,1,0.00500437102034426,301587301.5873016,1509254.7521673166,1.5092547521673165
5595,Trishton Jackson,trishton jackson,00-0035934,JackTr02,28,6,ARI,2,0.006275687100957785,301587301.5873016,1892667.5383840941,1.892667538384094
5595,Trishton Jackson,trishton jackson,00-0035934,JackTr02,28,6,ARI,3,0.010486867391990902,301587301.5873016,3162706.038854399,3.1627060388543993
5595,Trishton Jackson,trishton jackson,00-0035934,JackTr02,28,6,ARI,4,0.02035248823593441,301587301.5873016,6138052.007662759,6.138052007662759
5595,Trishton Jackson,trishton jackson,00-0035934,JackTr02,28,6,ARI,5,0.027437447138197627,301587301.5873016,8274785.644853253,8.274785644853253
5596,Tyjon Lindsey,tyjon lindsey,00-0038763,LindTy01,27,3,SEA,1,0.004799275781681428,301587301.5873016,1447400.6325705897,1.4474006325705897
5596,Tyjon Lindsey,tyjon lindsey,00-0038763,LindTy01,27,3,SEA,2,0.006070591862294952,301587301.5873016,1830813.4187873665,1.8308134187873666
5596,Tyjon Lindsey,tyjon lindsey,00-0038763,LindTy01,27,3,SEA,3,0.010281772153328072,301587301.5873016,3100851.919257673,3.100851919257673
5596,Tyjon Lindsey,tyjon lindsey,00-0038763,LindTy01,27,3,SEA,4,0.020147392997271578,301587301.5873016,6076197.888066032,6.076197888066032
5596,Tyjon Lindsey,tyjon lindsey,00-0038763,LindTy01,27,3,SEA,5,0.027232351899534796,301587301.5873016,8212931.525256527,8.212931525256527
5597,Tyler Adams,tyler adams,00-0038531,NA,NA,3,IND,1,0.00577946096823791,301587301.5873016,1743012.038040005,1.743012038040005
5597,Tyler Adams,tyler adams,00-0038531,NA,NA,3,IND,2,0.007050777048851435,301587301.5873016,2126424.8242567824,2.1264248242567825
5597,Tyler Adams,tyler adams,00-0038531,NA,NA,3,IND,3,0.011261957339884554,301587301.5873016,3396463.324727088,3.396463324727088
5597,Tyler Adams,tyler adams,00-0038531,NA,NA,3,IND,4,0.021127578183828065,301587301.5873016,6371809.293535449,6.371809293535448
5597,Tyler Adams,tyler adams,00-0038531,NA,NA,3,IND,5,0.028212537086091283,301587301.5873016,8508542.930725943,8.508542930725943
5598,Tyler Hudson,tyler hudson,00-0038356,NA,25,3,LA,1,0.005701202814065053,301587301.5873016,1719410.3724958098,1.7194103724958099
5598,Tyler Hudson,tyler hudson,00-0038356,NA,25,3,LA,2,0.006972518894678579,301587301.5873016,2102823.1587125873,2.1028231587125874
5598,Tyler Hudson,tyler hudson,00-0038356,NA,25,3,LA,3,0.011183699185711698,301587301.5873016,3372861.659182893,3.372861659182893
5598,Tyler Hudson,tyler hudson,00-0038356,NA,25,3,LA,4,0.021049320029655205,301587301.5873016,6348207.627991253,6.348207627991252
5598,Tyler Hudson,tyler hudson,00-0038356,NA,25,3,LA,5,0.028134278931918423,301587301.5873016,8484941.265181748,8.484941265181748
5599,Tyler Johnson,tyler johnson,00-0036427,JohnTy00,27,6,NYJ,1,0.003356390835188172,301587301.5873016,1012244.8550567504,1.0122448550567504
5599,Tyler Johnson,tyler johnson,00-0036427,JohnTy00,27,6,NYJ,2,0.004627706915801695,301587301.5873016,1395657.6412735274,1.3956576412735273
5599,Tyler Johnson,tyler johnson,00-0036427,JohnTy00,27,6,NYJ,3,0.008838887206834815,301587301.5873016,2665696.141743833,2.665696141743833
5599,Tyler Johnson,tyler johnson,00-0036427,JohnTy00,27,6,NYJ,4,0.01870450805077832,301587301.5873016,5641042.110552193,5.641042110552193
5599,Tyler Johnson,tyler johnson,00-0036427,JohnTy00,27,6,NYJ,5,0.02578946695304154,301587301.5873016,7777775.747742686,7.7777757477426865
5600,Tyler Lockett,tyler lockett,00-0032211,LockTy00,33,11,LV,1,-0.014399205304498949,301587301.5873016,-4342617.472785397,-4.342617472785397
5600,Tyler Lockett,tyler lockett,00-0032211,LockTy00,33,11,LV,2,-0.013127889223885423,301587301.5873016,-3959204.6865686197,-3.95920468656862
5600,Tyler Lockett,tyler lockett,00-0032211,LockTy00,33,11,LV,3,-0.008916708932852305,301587301.5873016,-2689166.1860983144,-2.6891661860983143
5600,Tyler Lockett,tyler lockett,00-0032211,LockTy00,33,11,LV,4,9.489119110911994e-4,301587301.5873016,286179.7827100443,0.2861797827100443
5600,Tyler Lockett,tyler lockett,00-0032211,LockTy00,33,11,LV,5,0.008033870813354419,301587301.5873016,2422913.4199005393,2.4229134199005395
5601,Tyrone Scott,tyrone scott,NA,NA,NA,NA,KC,1,0.006753335577936173,301587301.5873016,2036720.2536632905,2.0367202536632907
5601,Tyrone Scott,tyrone scott,NA,NA,NA,NA,KC,2,0.008024651658549691,301587301.5873016,2420133.0398800657,2.420133039880066
5601,Tyrone Scott,tyrone scott,NA,NA,NA,NA,KC,3,0.012235831949582809,301587301.5873016,3690171.5403503715,3.6901715403503714
5601,Tyrone Scott,tyrone scott,NA,NA,NA,NA,KC,4,0.022101452793526315,301587301.5873016,6665517.5091587305,6.665517509158731
5601,Tyrone Scott,tyrone scott,NA,NA,NA,NA,KC,5,0.029186411695789533,301587301.5873016,8802251.146349225,8.802251146349224
5602,Winston Wright,winston wright,NA,NA,NA,NA,CLE,1,0.004358427419437759,301587301.5873016,1314446.36459234,1.31444636459234
5602,Winston Wright,winston wright,NA,NA,NA,NA,CLE,2,0.005629743500051281,301587301.5873016,1697859.1508091167,1.6978591508091168
5602,Winston Wright,winston wright,NA,NA,NA,NA,CLE,3,0.009840923791084403,301587301.5873016,2967897.6512794234,2.9678976512794235
5602,Winston Wright,winston wright,NA,NA,NA,NA,CLE,4,0.01970654463502791,301587301.5873016,5943243.620087784,5.943243620087784
5602,Winston Wright,winston wright,NA,NA,NA,NA,CLE,5,0.02679150353729113,301587301.5873016,8079977.257278278,8.079977257278278
5603,Xavier Malone,xavier malone,00-0038928,NA,26,3,ATL,1,0.004751479080486744,301587301.5873016,1432985.7544325104,1.4329857544325104
5603,Xavier Malone,xavier malone,00-0038928,NA,26,3,ATL,2,0.006022795161100269,301587301.5873016,1816398.5406492874,1.8163985406492873
5603,Xavier Malone,xavier malone,00-0038928,NA,26,3,ATL,3,0.010233975452133387,301587301.5873016,3086437.041119593,3.086437041119593
5603,Xavier Malone,xavier malone,00-0038928,NA,26,3,ATL,4,0.020099596296076896,301587301.5873016,6061783.009927954,6.061783009927954
5603,Xavier Malone,xavier malone,00-0038928,NA,26,3,ATL,5,0.027184555198340114,301587301.5873016,8198516.647118448,8.198516647118447
5604,Zach Pascal,zach pascal,00-0033251,PascZa00,31,9,NYG,1,0.004730094185431396,301587301.5873016,1426536.34163804,1.42653634163804
5604,Zach Pascal,zach pascal,00-0033251,PascZa00,31,9,NYG,2,0.00600141026604492,301587301.5873016,1809949.1278548173,1.8099491278548172
5604,Zach Pascal,zach pascal,00-0033251,PascZa00,31,9,NYG,3,0.010212590557078035,301587301.5873016,3079987.628325122,3.0799876283251217
5604,Zach Pascal,zach pascal,00-0033251,PascZa00,31,9,NYG,4,0.020078211401021544,301587301.5873016,6055333.597133482,6.055333597133482
5604,Zach Pascal,zach pascal,00-0033251,PascZa00,31,9,NYG,5,0.027163170303284762,301587301.5873016,8192067.234323977,8.192067234323977
5605,Zay Jones,zay jones,00-0033891,JoneZa00,30,9,ARI,1,0.00807089911423094,301587301.5873016,2434080.685244252,2.434080685244252
5605,Zay Jones,zay jones,00-0033891,JoneZa00,30,9,ARI,2,0.009342215194844457,301587301.5873016,2817493.471461027,2.817493471461027
5605,Zay Jones,zay jones,00-0033891,JoneZa00,30,9,ARI,3,0.013553395485877582,301587301.5873016,4087531.9719313346,4.087531971931335
5605,Zay Jones,zay jones,00-0033891,JoneZa00,30,9,ARI,4,0.023419016329821084,301587301.5873016,7062877.940739693,7.0628779407396935
5605,Zay Jones,zay jones,00-0033891,JoneZa00,30,9,ARI,5,0.030503975232084302,301587301.5873016,9199611.577930188,9.199611577930188
5606,Zion Bowens,zion bowens,00-0038831,NA,26,3,WAS,1,0.006185019743391396,301587301.5873016,1865323.414673596,1.865323414673596
5606,Zion Bowens,zion bowens,00-0038831,NA,26,3,WAS,2,0.007456335824004919,301587301.5873016,2248736.2008903725,2.2487362008903724
5606,Zion Bowens,zion bowens,00-0038831,NA,26,3,WAS,3,0.01166751611503804,301587301.5873016,3518774.7013606788,3.518774701360679
5606,Zion Bowens,zion bowens,00-0038831,NA,26,3,WAS,4,0.02153313695898155,301587301.5873016,6494120.670169039,6.494120670169039
5606,Zion Bowens,zion bowens,00-0038831,NA,26,3,WAS,5,0.028618095861244766,301587301.5873016,8630854.307359533,8.630854307359533
