contractRowId,playerName,playerKey,playerId,pfrId,ageAtSigning,yearsExpAtSigning,prevSignedTeam,termScenario,aavPercPrediction,impliedCap2026,aavPrediction,aavPredictionMillions
5444,Adam Thielen,adam thielen,00-0030035,ThieAd00,35,13,CAR,1,0.013986213132739067,301587301.5873016,4218064.278127655,4.218064278127655
5444,Adam Thielen,adam thielen,00-0030035,ThieAd00,35,13,CAR,2,0.01716131716966629,301587301.5873016,5175635.336883484,5.175635336883484
5444,Adam Thielen,adam thielen,00-0030035,ThieAd00,35,13,CAR,3,0.0289127416908741,301587301.5873016,8719715.748041395,8.719715748041395
5444,Adam Thielen,adam thielen,00-0030035,ThieAd00,35,13,CAR,4,0.03281848877668381,301587301.5873016,9897639.472333213,9.897639472333214
5444,Adam Thielen,adam thielen,00-0030035,ThieAd00,35,13,CAR,5,0.034671440720558167,301587301.5873016,10456466.249057226,10.456466249057225
5445,Ajou Ajou,ajou ajou,00-0039957,NA,24,1,IND,1,0.003210744122043252,301587301.5873016,968319.6558543142,0.9683196558543142
5445,Ajou Ajou,ajou ajou,00-0039957,NA,24,1,IND,2,0.0034299991093575954,301587301.5873016,1034444.175838005,1.034444175838005
5445,Ajou Ajou,ajou ajou,00-0039957,NA,24,1,IND,3,0.004467860795557499,301587301.5873016,1347450.0811998807,1.3474500811998806
5445,Ajou Ajou,ajou ajou,00-0039957,NA,24,1,IND,4,0.013486425392329693,301587301.5873016,4067334.6421311777,4.067334642131177
5445,Ajou Ajou,ajou ajou,00-0039957,NA,24,1,IND,5,0.026987256482243538,301587301.5873016,8139013.859724242,8.139013859724242
5446,Alex Bachman,alex bachman,00-0035602,BachAl00,29,7,LV,1,0.004067831672728062,301587301.5873016,1226806.3774894155,1.2268063774894156
5446,Alex Bachman,alex bachman,00-0035602,BachAl00,29,7,LV,2,0.004507601261138916,301587301.5873016,1359435.3009784033,1.3594353009784033
5446,Alex Bachman,alex bachman,00-0035602,BachAl00,29,7,LV,3,0.006756104528903961,301587301.5873016,2037555.3341138933,2.0375553341138932
5446,Alex Bachman,alex bachman,00-0035602,BachAl00,29,7,LV,4,0.014409378170967102,301587301.5873016,4345685.480132936,4.345685480132936
5446,Alex Bachman,alex bachman,00-0035602,BachAl00,29,7,LV,5,0.02757170796394348,301587301.5873016,8315277.004998828,8.315277004998828
5447,Anthony Miller,anthony miller,00-0034353,MillAn02,31,8,BAL,1,0.004300698172301054,301587301.5873016,1297035.9567257147,1.2970359567257148
5447,Anthony Miller,anthony miller,00-0034353,MillAn02,31,8,BAL,2,0.004664579406380653,301587301.5873016,1406777.9162100384,1.4067779162100384
5447,Anthony Miller,anthony miller,00-0034353,MillAn02,31,8,BAL,3,0.006134508643299341,301587301.5873016,1850089.9082966268,1.8500899082966267
5447,Anthony Miller,anthony miller,00-0034353,MillAn02,31,8,BAL,4,0.017747515812516212,301587301.5873016,5352425.403774731,5.352425403774731
5447,Anthony Miller,anthony miller,00-0034353,MillAn02,31,8,BAL,5,0.023756759241223335,301587301.5873016,7164736.914019736,7.164736914019737
5448,Aron Cruickshank,aron cruickshank,00-0038422,NA,25,3,CHI,1,0.0034368711058050394,301587301.5873016,1036516.6827031072,1.0365166827031072
5448,Aron Cruickshank,aron cruickshank,00-0038422,NA,25,3,CHI,2,0.003656126093119383,301587301.5873016,1102641.202686798,1.102641202686798
5448,Aron Cruickshank,aron cruickshank,00-0038422,NA,25,3,CHI,3,0.004693986847996712,301587301.5873016,1415646.8271736116,1.4156468271736116
5448,Aron Cruickshank,aron cruickshank,00-0038422,NA,25,3,CHI,4,0.01371255237609148,301587301.5873016,4135531.6689799707,4.13553166897997
5448,Aron Cruickshank,aron cruickshank,00-0038422,NA,25,3,CHI,5,0.027213379740715027,301587301.5873016,8207209.763072787,8.207209763072786
5449,Austin Mack,austin mack,00-0035869,MackAu01,28,6,ATL,1,0.0032262392342090607,301587301.5873016,972992.784920193,0.972992784920193
5449,Austin Mack,austin mack,00-0035869,MackAu01,28,6,ATL,2,0.0035901200026273727,301587301.5873016,1082734.6039669856,1.0827346039669856
5449,Austin Mack,austin mack,00-0035869,MackAu01,28,6,ATL,3,0.004483357071876526,301587301.5873016,1352123.5613595874,1.3521235613595874
5449,Austin Mack,austin mack,00-0035869,MackAu01,28,6,ATL,4,0.013501922599971294,301587301.5873016,4072008.4031659462,4.072008403165946
5449,Austin Mack,austin mack,00-0035869,MackAu01,28,6,ATL,5,0.027002746239304543,301587301.5873016,8143685.3737585135,8.143685373758514
5450,Austin Watkins,austin watkins,NA,NA,27,NA,PHI,1,0.0038187915924936533,301587301.5873016,1151699.0517044351,1.1516990517044352
5450,Austin Watkins,austin watkins,NA,NA,27,NA,PHI,2,0.0041826688684523106,301587301.5873016,1261439.8174697445,1.2614398174697445
5450,Austin Watkins,austin watkins,NA,NA,27,NA,PHI,3,0.005075909197330475,301587301.5873016,1530829.757925064,1.530829757925064
5450,Austin Watkins,austin watkins,NA,NA,27,NA,PHI,4,0.014094475656747818,301587301.5873016,4250714.8806064855,4.250714880606486
5450,Austin Watkins,austin watkins,NA,NA,27,NA,PHI,5,0.02759529836475849,301587301.5873016,8322391.57032399,8.32239157032399
5451,Avery Davis,avery davis,00-0039186,NA,NA,3,DET,1,0.0034368711058050394,301587301.5873016,1036516.6827031072,1.0365166827031072
5451,Avery Davis,avery davis,00-0039186,NA,NA,3,DET,2,0.003656126093119383,301587301.5873016,1102641.202686798,1.102641202686798
5451,Avery Davis,avery davis,00-0039186,NA,NA,3,DET,3,0.004693986847996712,301587301.5873016,1415646.8271736116,1.4156468271736116
5451,Avery Davis,avery davis,00-0039186,NA,NA,3,DET,4,0.01371255237609148,301587301.5873016,4135531.6689799707,4.13553166897997
5451,Avery Davis,avery davis,00-0039186,NA,NA,3,DET,5,0.027213379740715027,301587301.5873016,8207209.763072787,8.207209763072786
5452,Bo Melton,bo melton,00-0037091,MeltBo00,26,4,GB,1,0.00663489056751132,301587301.5873016,2000998.7425827791,2.0009987425827793
5452,Bo Melton,bo melton,00-0037091,MeltBo00,26,4,GB,2,0.006998770870268345,301587301.5873016,2110740.4211920407,2.1107404211920406
5452,Bo Melton,bo melton,00-0037091,MeltBo00,26,4,GB,3,0.010829923674464226,301587301.5873016,3266167.4573781,3.2661674573781
5452,Bo Melton,bo melton,00-0037091,MeltBo00,26,4,GB,4,0.01711452379822731,301587301.5873016,5161523.05025903,5.161523050259031
5452,Bo Melton,bo melton,00-0037091,MeltBo00,26,4,GB,5,0.026208797469735146,301587301.5873016,7904240.506745521,7.904240506745521
5453,Brandon Johnson,brandon johnson,00-0037382,JohnBr23,27,4,PIT,1,0.005115221254527569,301587301.5873016,1542685.7751749812,1.5426857751749812
5453,Brandon Johnson,brandon johnson,00-0037382,JohnBr23,27,4,PIT,2,0.005791192874312401,301587301.5873016,1746550.2319354862,1.7465502319354862
5453,Brandon Johnson,brandon johnson,00-0037382,JohnBr23,27,4,PIT,3,0.011221121065318584,301587301.5873016,3384147.622873859,3.384147622873859
5453,Brandon Johnson,brandon johnson,00-0037382,JohnBr23,27,4,PIT,4,0.01924942433834076,301587301.5873016,5805381.943309118,5.805381943309118
5453,Brandon Johnson,brandon johnson,00-0037382,JohnBr23,27,4,PIT,5,0.028462443500757217,301587301.5873016,8583911.5319744,8.5839115319744
5454,Braxton Berrios,braxton berrios,00-0034419,BerrBr00,30,8,HOU,1,0.004450338892638683,301587301.5873016,1342165.6977799204,1.3421656977799203
5454,Braxton Berrios,braxton berrios,00-0034419,BerrBr00,30,8,HOU,2,0.0049277981743216515,301587301.5873016,1486161.3541604981,1.486161354160498
5454,Braxton Berrios,braxton berrios,00-0034419,BerrBr00,30,8,HOU,3,0.010740766301751137,301587301.5873016,3239278.7259249464,3.2392787259249465
5454,Braxton Berrios,braxton berrios,00-0034419,BerrBr00,30,8,HOU,4,0.016088971868157387,301587301.5873016,4852229.611031593,4.852229611031593
5454,Braxton Berrios,braxton berrios,00-0034419,BerrBr00,30,8,HOU,5,0.02578635700047016,301587301.5873016,7776837.82553862,7.77683782553862
5455,Braxton Burmeister,braxton burmeister,NA,NA,27,NA,LA,1,0.004027548711746931,301587301.5873016,1214657.5479871698,1.2146575479871697
5455,Braxton Burmeister,braxton burmeister,NA,NA,27,NA,LA,2,0.004391427617520094,301587301.5873016,1324398.805283838,1.324398805283838
5455,Braxton Burmeister,braxton burmeister,NA,NA,27,NA,LA,3,0.0052846684120595455,301587301.5873016,1593788.8861766884,1.5937888861766885
5455,Braxton Burmeister,braxton burmeister,NA,NA,27,NA,LA,4,0.01430323626846075,301587301.5873016,4313674.430170703,4.313674430170702
5455,Braxton Burmeister,braxton burmeister,NA,NA,27,NA,LA,5,0.02780405804514885,301587301.5873016,8385350.839013145,8.385350839013146
5456,Braxton Westfield,braxton westfield,NA,NA,NA,NA,IND,1,0.004002392292022705,301587301.5873016,1207070.6912449428,1.207070691244943
5456,Braxton Westfield,braxton westfield,NA,NA,NA,NA,IND,2,0.004366271197795868,301587301.5873016,1316811.948541611,1.316811948541611
5456,Braxton Westfield,braxton westfield,NA,NA,NA,NA,IND,3,0.0052595119923353195,301587301.5873016,1586202.0294344616,1.5862020294344616
5456,Braxton Westfield,braxton westfield,NA,NA,NA,NA,IND,4,0.014278079383075237,301587301.5873016,4306087.432990945,4.306087432990945
5456,Braxton Westfield,braxton westfield,NA,NA,NA,NA,IND,5,0.027778901159763336,301587301.5873016,8377763.8418333875,8.377763841833387
5457,Braydon Johnson,braydon johnson,NA,NA,NA,NA,BUF,1,0.004057937301695347,301587301.5873016,1223822.3608287554,1.2238223608287555
5457,Braydon Johnson,braydon johnson,NA,NA,NA,NA,BUF,2,0.00442181620746851,301587301.5873016,1333563.6181254236,1.3335636181254236
5457,Braydon Johnson,braydon johnson,NA,NA,NA,NA,BUF,3,0.005315057002007961,301587301.5873016,1602953.6990182742,1.6029536990182742
5457,Braydon Johnson,braydon johnson,NA,NA,NA,NA,BUF,4,0.014333624392747879,301587301.5873016,4322839.102574757,4.322839102574758
5457,Braydon Johnson,braydon johnson,NA,NA,NA,NA,BUF,5,0.027834445238113403,301587301.5873016,8394515.230542138,8.394515230542138
5458,Braylon Sanders,braylon sanders,00-0037355,SandBr00,27,4,WAS,1,0.0036321617662906647,301587301.5873016,1095413.866024169,1.095413866024169
5458,Braylon Sanders,braylon sanders,00-0037355,SandBr00,27,4,WAS,2,0.003996043931692839,301587301.5873016,1205156.1063835546,1.2051561063835547
5458,Braylon Sanders,braylon sanders,00-0037355,SandBr00,27,4,WAS,3,0.004889278206974268,301587301.5873016,1474544.2211509699,1.4745442211509698
5458,Braylon Sanders,braylon sanders,00-0037355,SandBr00,27,4,WAS,4,0.013907845132052898,301587301.5873016,4194429.484269922,4.1944294842699215
5458,Braylon Sanders,braylon sanders,00-0037355,SandBr00,27,4,WAS,5,0.027408668771386147,301587301.5873016,8266106.454862489,8.26610645486249
5459,Brian Cobbs,brian cobbs,00-0039011,NA,26,3,ARI,1,0.0034368711058050394,301587301.5873016,1036516.6827031072,1.0365166827031072
5459,Brian Cobbs,brian cobbs,00-0039011,NA,26,3,ARI,2,0.003656126093119383,301587301.5873016,1102641.202686798,1.102641202686798
5459,Brian Cobbs,brian cobbs,00-0039011,NA,26,3,ARI,3,0.004693986847996712,301587301.5873016,1415646.8271736116,1.4156468271736116
5459,Brian Cobbs,brian cobbs,00-0039011,NA,26,3,ARI,4,0.01371255237609148,301587301.5873016,4135531.6689799707,4.13553166897997
5459,Brian Cobbs,brian cobbs,00-0039011,NA,26,3,ARI,5,0.027213379740715027,301587301.5873016,8207209.763072787,8.207209763072786
5460,Bryan Thompson,bryan thompson,00-0038680,ThomBr05,26,3,BUF,1,0.0031509583350270987,301587301.5873016,950289.0216748393,0.9502890216748393
5460,Bryan Thompson,bryan thompson,00-0038680,ThomBr05,26,3,BUF,2,0.0033702137880027294,301587301.5873016,1016413.6820960613,1.0164136820960612
5460,Bryan Thompson,bryan thompson,00-0038680,ThomBr05,26,3,BUF,3,0.004408074542880058,301587301.5873016,1329419.3065828749,1.3294193065828748
5460,Bryan Thompson,bryan thompson,00-0038680,ThomBr05,26,3,BUF,4,0.013426639139652252,301587301.5873016,4049303.8675141716,4.049303867514172
5460,Bryan Thompson,bryan thompson,00-0038680,ThomBr05,26,3,BUF,5,0.026927463710308075,301587301.5873016,8120981.118981801,8.1209811189818
5461,Bryce Ford-Wheaton,bryce ford wheaton,00-0038477,FordBr00,26,3,NYG,1,0.003168631112203002,301587301.5873016,955618.9068548736,0.9556189068548736
5461,Bryce Ford-Wheaton,bryce ford wheaton,00-0038477,FordBr00,26,3,NYG,2,0.003334009787067771,301587301.5873016,1005495.015147423,1.0054950151474231
5461,Bryce Ford-Wheaton,bryce ford wheaton,00-0038477,FordBr00,26,3,NYG,3,0.004825783893465996,301587301.5873016,1455395.1424738718,1.4553951424738718
5461,Bryce Ford-Wheaton,bryce ford wheaton,00-0038477,FordBr00,26,3,NYG,4,0.013444311916828156,301587301.5873016,4054633.752694206,4.054633752694206
5461,Bryce Ford-Wheaton,bryce ford wheaton,00-0038477,FordBr00,26,3,NYG,5,0.026672497391700745,301587301.5873016,8044086.514957368,8.04408651495737
5462,C.J. Johnson,c j johnson,NA,NA,NA,NA,SEA,1,0.004216508474200964,301587301.5873016,1271645.4128542591,1.2716454128542591
5462,C.J. Johnson,c j johnson,NA,NA,NA,NA,SEA,2,0.004580387845635414,301587301.5873016,1381386.8105884583,1.3813868105884584
5462,C.J. Johnson,c j johnson,NA,NA,NA,NA,SEA,3,0.005473628640174866,301587301.5873016,1650776.8914813087,1.6507768914813088
5462,C.J. Johnson,c j johnson,NA,NA,NA,NA,SEA,4,0.014492196962237358,301587301.5873016,4370662.575912855,4.370662575912855
5462,C.J. Johnson,c j johnson,NA,NA,NA,NA,SEA,5,0.027993015944957733,301587301.5873016,8442338.14213011,8.44233814213011
5463,Cedrick Wilson,cedrick wilson,00-0020452,WilsCe00,47,25,MIA,1,0.004298165440559387,301587301.5873016,1296272.116994101,1.2962721169941012
5463,Cedrick Wilson,cedrick wilson,00-0020452,WilsCe00,47,25,MIA,2,0.0047697145491838455,301587301.5873016,1438485.3402300489,1.4384853402300488
5463,Cedrick Wilson,cedrick wilson,00-0020452,WilsCe00,47,25,MIA,3,0.0058191996067762375,301587301.5873016,1754996.706805532,1.754996706805532
5463,Cedrick Wilson,cedrick wilson,00-0020452,WilsCe00,47,25,MIA,4,0.014573854394257069,301587301.5873016,4395289.420490228,4.3952894204902275
5463,Cedrick Wilson,cedrick wilson,00-0020452,WilsCe00,47,25,MIA,5,0.02807466872036457,301587301.5873016,8466963.582332173,8.466963582332173
5464,Chase Cota,chase cota,00-0038651,CotaCh00,26,3,CLE,1,0.002530979923903942,301587301.5873016,763311.4056218239,0.7633114056218239
5464,Chase Cota,chase cota,00-0038651,CotaCh00,26,3,CLE,2,0.0027502349112182856,301587301.5873016,829435.9256055148,0.8294359256055148
5464,Chase Cota,chase cota,00-0038651,CotaCh00,26,3,CLE,3,0.0037880989257246256,301587301.5873016,1142442.533155046,1.1424425331550458
5464,Chase Cota,chase cota,00-0038651,CotaCh00,26,3,CLE,4,0.012806660495698452,301587301.5873016,3862326.1812423905,3.8623261812423904
5464,Chase Cota,chase cota,00-0038651,CotaCh00,26,3,CLE,5,0.026307491585612297,301587301.5873016,7934005.398835455,7.934005398835455
5465,Chris Coleman,chris coleman,00-0019038,ColeCh01,48,26,MIA,1,0.004547173622995615,301587301.5873016,1371369.8228082014,1.3713698228082014
5465,Chris Coleman,chris coleman,00-0019038,ColeCh01,48,26,MIA,2,0.005018720403313637,301587301.5873016,1513582.3438564937,1.5135823438564937
5465,Chris Coleman,chris coleman,00-0019038,ColeCh01,48,26,MIA,3,0.006068206857889891,301587301.5873016,1830094.1317445703,1.8300941317445703
5465,Chris Coleman,chris coleman,00-0019038,ColeCh01,48,26,MIA,4,0.014822862111032009,301587301.5873016,4470386.985866797,4.4703869858667975
5465,Chris Coleman,chris coleman,00-0019038,ColeCh01,48,26,MIA,5,0.02832368202507496,301587301.5873016,8542062.832959116,8.542062832959116
5466,Chris Moore,chris moore,00-0032398,MoorCh00,32,10,WAS,1,0.005954255349934101,301587301.5873016,1795727.8039483798,1.7957278039483797
5466,Chris Moore,chris moore,00-0032398,MoorCh00,32,10,WAS,2,0.006745162419974804,301587301.5873016,2034255.3330082744,2.0342553330082747
5466,Chris Moore,chris moore,00-0032398,MoorCh00,32,10,WAS,3,0.01097348053008318,301587301.5873016,3309462.3820885783,3.3094623820885785
5466,Chris Moore,chris moore,00-0032398,MoorCh00,32,10,WAS,4,0.016229946166276932,301587301.5873016,4894745.66919463,4.894745669194631
5466,Chris Moore,chris moore,00-0032398,MoorCh00,32,10,WAS,5,0.02886083722114563,301587301.5873016,8704062.019075667,8.704062019075668
5467,Cody Chrest,cody chrest,00-0038430,NA,NA,3,IND,1,0.0034368711058050394,301587301.5873016,1036516.6827031072,1.0365166827031072
5467,Cody Chrest,cody chrest,00-0038430,NA,NA,3,IND,2,0.003656126093119383,301587301.5873016,1102641.202686798,1.102641202686798
5467,Cody Chrest,cody chrest,00-0038430,NA,NA,3,IND,3,0.004693986847996712,301587301.5873016,1415646.8271736116,1.4156468271736116
5467,Cody Chrest,cody chrest,00-0038430,NA,NA,3,IND,4,0.01371255237609148,301587301.5873016,4135531.6689799707,4.13553166897997
5467,Cody Chrest,cody chrest,00-0038430,NA,NA,3,IND,5,0.027213379740715027,301587301.5873016,8207209.763072787,8.207209763072786
5468,Collin Johnson,collin johnson,00-0036254,JohnCo01,28,6,LV,1,0.003181350650265813,301587301.5873016,959454.9580166738,0.9594549580166738
5468,Collin Johnson,collin johnson,00-0036254,JohnCo01,28,6,LV,2,0.0035452309530228376,301587301.5873016,1069196.6366259353,1.0691966366259353
5468,Collin Johnson,collin johnson,00-0036254,JohnCo01,28,6,LV,3,0.004838502965867519,301587301.5873016,1459231.0531981408,1.4592310531981407
5468,Collin Johnson,collin johnson,00-0036254,JohnCo01,28,6,LV,4,0.013457031920552254,301587301.5873016,4058469.944293537,4.058469944293537
5468,Collin Johnson,collin johnson,00-0036254,JohnCo01,28,6,LV,5,0.023546980693936348,301587301.5873016,7101470.36801255,7.10147036801255
5469,Cornell Powell,cornell powell,00-0036647,PoweCo00,28,5,HOU,1,0.0031777378171682358,301587301.5873016,958365.3734316903,0.9583653734316903
5469,Cornell Powell,cornell powell,00-0036647,PoweCo00,28,5,HOU,2,0.0035416181199252605,301587301.5873016,1068107.0520409518,1.0681070520409517
5469,Cornell Powell,cornell powell,00-0036647,PoweCo00,28,5,HOU,3,0.004434855654835701,301587301.5873016,1337496.1498710846,1.3374961498710847
5469,Cornell Powell,cornell powell,00-0036647,PoweCo00,28,5,HOU,4,0.01345342118293047,301587301.5873016,4057380.9916774435,4.0573809916774435
5469,Cornell Powell,cornell powell,00-0036647,PoweCo00,28,5,HOU,5,0.026954246684908867,301587301.5873016,8129058.524020135,8.129058524020136
5470,D'Wayne Eskridge,d wayne eskridge,NA,NA,28,NA,MIA,1,0.007801172789186239,301587301.5873016,2352734.6507069613,2.352734650706961
5470,D'Wayne Eskridge,d wayne eskridge,NA,NA,28,NA,MIA,2,0.008165056817233562,301587301.5873016,2462477.4528164715,2.4624774528164717
5470,D'Wayne Eskridge,d wayne eskridge,NA,NA,28,NA,MIA,3,0.011653664521872997,301587301.5873016,3514597.2367553487,3.514597236755349
5470,D'Wayne Eskridge,d wayne eskridge,NA,NA,28,NA,MIA,4,0.01807684265077114,301587301.5873016,5451746.196264313,5.451746196264312
5470,D'Wayne Eskridge,d wayne eskridge,NA,NA,28,NA,MIA,5,0.03070773184299469,301587301.5873016,9261061.984395225,9.261061984395225
5471,Dallas Daniels,dallas daniels,NA,NA,NA,NA,DEN,1,0.004002392292022705,301587301.5873016,1207070.6912449428,1.207070691244943
5471,Dallas Daniels,dallas daniels,NA,NA,NA,NA,DEN,2,0.004366271197795868,301587301.5873016,1316811.948541611,1.316811948541611
5471,Dallas Daniels,dallas daniels,NA,NA,NA,NA,DEN,3,0.0052595119923353195,301587301.5873016,1586202.0294344616,1.5862020294344616
5471,Dallas Daniels,dallas daniels,NA,NA,NA,NA,DEN,4,0.014278079383075237,301587301.5873016,4306087.432990945,4.306087432990945
5471,Dallas Daniels,dallas daniels,NA,NA,NA,NA,DEN,5,0.027778901159763336,301587301.5873016,8377763.8418333875,8.377763841833387
5472,Daniel Arias,daniel arias,00-0038702,AriaDa00,27,3,ARI,1,0.0031357312109321356,301587301.5873016,945696.7144081044,0.9456967144081044
5472,Daniel Arias,daniel arias,00-0038702,AriaDa00,27,3,ARI,2,0.0033549866639077663,301587301.5873016,1011821.3748293264,1.0118213748293263
5472,Daniel Arias,daniel arias,00-0038702,AriaDa00,27,3,ARI,3,0.004392846487462521,301587301.5873016,1324826.7184410777,1.3248267184410778
5472,Daniel Arias,daniel arias,00-0038702,AriaDa00,27,3,ARI,4,0.013411412015557289,301587301.5873016,4044711.5602474366,4.044711560247436
5472,Daniel Arias,daniel arias,00-0038702,AriaDa00,27,3,ARI,5,0.02691223844885826,301587301.5873016,8116389.373465191,8.116389373465191
5473,Dante Pettis,dante pettis,00-0034860,PettDa00,30,8,NO,1,0.004319450352340937,301587301.5873016,1302691.3761028224,1.3026913761028223
5473,Dante Pettis,dante pettis,00-0034860,PettDa00,30,8,NO,2,0.00666127260774374,301587301.5873016,2008955.2309068425,2.0089552309068424
5473,Dante Pettis,dante pettis,00-0034860,PettDa00,30,8,NO,3,0.007629456929862499,301587301.5873016,2300947.3280537697,2.30094732805377
5473,Dante Pettis,dante pettis,00-0034860,PettDa00,30,8,NO,4,0.014872618950903416,301587301.5873016,4485393.016939126,4.485393016939126
5473,Dante Pettis,dante pettis,00-0034860,PettDa00,30,8,NO,5,0.02573353797197342,301587301.5873016,7760908.277261825,7.760908277261826
5474,David Bell,david bell,00-0037257,BellDa02,25,4,CLE,1,0.004923827946186066,301587301.5873016,1484963.983770401,1.484963983770401
5474,David Bell,david bell,00-0037257,BellDa02,25,4,CLE,2,0.005287709180265665,301587301.5873016,1594705.9432547246,1.5947059432547246
5474,David Bell,david bell,00-0037257,BellDa02,25,4,CLE,3,0.01161356084048748,301587301.5873016,3502502.4757025735,3.5025024757025736
5474,David Bell,david bell,00-0037257,BellDa02,25,4,CLE,4,0.01943339966237545,301587301.5873016,5860866.56484339,5.86086656484339
5474,David Bell,david bell,00-0037257,BellDa02,25,4,CLE,5,0.02528945356607437,301587301.5873016,7626978.059609732,7.626978059609732
5475,David Durden,david durden,00-0038734,DurdDa00,27,3,DAL,1,0.0031357312109321356,301587301.5873016,945696.7144081044,0.9456967144081044
5475,David Durden,david durden,00-0038734,DurdDa00,27,3,DAL,2,0.0033549866639077663,301587301.5873016,1011821.3748293264,1.0118213748293263
5475,David Durden,david durden,00-0038734,DurdDa00,27,3,DAL,3,0.004392846487462521,301587301.5873016,1324826.7184410777,1.3248267184410778
5475,David Durden,david durden,00-0038734,DurdDa00,27,3,DAL,4,0.013411412015557289,301587301.5873016,4044711.5602474366,4.044711560247436
5475,David Durden,david durden,00-0038734,DurdDa00,27,3,DAL,5,0.02691223844885826,301587301.5873016,8116389.373465191,8.116389373465191
5476,David Sills,david sills,00-0035359,SillDa01,30,7,ATL,1,0.002534102415665984,301587301.5873016,764253.1094865667,0.7642531094865668
5476,David Sills,david sills,00-0035359,SillDa01,30,7,ATL,2,0.003325007390230894,301587301.5873016,1002780.0065775713,1.0027800065775714
5476,David Sills,david sills,00-0035359,SillDa01,30,7,ATL,3,0.00551262404769659,301587301.5873016,1662537.411210083,1.662537411210083
5476,David Sills,david sills,00-0035359,SillDa01,30,7,ATL,4,0.017109541222453117,301587301.5873016,5160020.368676337,5.160020368676338
5476,David Sills,david sills,00-0035359,SillDa01,30,7,ATL,5,0.0260054599493742,301587301.5873016,7842916.49266841,7.84291649266841
5477,David White Jr,david white jr,00-0039562,WhitDa06,25,2,BUF,1,0.0029248313512653112,301587301.5873016,882091.9948260463,0.8820919948260463
5477,David White Jr,david white jr,00-0039562,WhitDa06,25,2,BUF,2,0.003144086804240942,301587301.5873016,948216.6552472683,0.9482166552472683
5477,David White Jr,david white jr,00-0039562,WhitDa06,25,2,BUF,3,0.0041819484904408455,301587301.5873016,1261222.560609144,1.2612225606091438
5477,David White Jr,david white jr,00-0039562,WhitDa06,25,2,BUF,4,0.013200512155890465,301587301.5873016,3981106.8406653786,3.9811068406653787
5477,David White Jr,david white jr,00-0039562,WhitDa06,25,2,BUF,5,0.026701340451836586,301587301.5873016,8052785.215633256,8.052785215633257
5478,Dax Milne,dax milne,00-0036671,MilnDa00,26,5,CAR,1,0.0029900979716330767,301587301.5873016,901775.5787464835,0.9017755787464835
5478,Dax Milne,dax milne,00-0036671,MilnDa00,26,5,CAR,2,0.0033539780415594578,301587301.5873016,1011517.1871369794,1.0115171871369795
5478,Dax Milne,dax milne,00-0036671,MilnDa00,26,5,CAR,3,0.004247215110808611,301587301.5873016,1280906.144529581,1.280906144529581
5478,Dax Milne,dax milne,00-0036671,MilnDa00,26,5,CAR,4,0.013265781104564667,301587301.5873016,4000791.1267734715,4.000791126773471
5478,Dax Milne,dax milne,00-0036671,MilnDa00,26,5,CAR,5,0.02676660753786564,301587301.5873016,8072468.9399912255,8.072468939991225
5479,Deandre Carter,deandre carter,00-0031763,CartDe02,32,11,CLE,1,0.0029711537063121796,301587301.5873016,896062.2288878002,0.8960622288878003
5479,Deandre Carter,deandre carter,00-0031763,CartDe02,32,11,CLE,2,0.005105712916702032,301587301.5873016,1539818.1812275972,1.5398181812275973
5479,Deandre Carter,deandre carter,00-0031763,CartDe02,32,11,CLE,3,0.008024511858820915,301587301.5873016,2420090.8780571017,2.4200908780571018
5479,Deandre Carter,deandre carter,00-0031763,CartDe02,32,11,CLE,4,0.013298152945935726,301587301.5873016,4010554.0630599814,4.010554063059981
5479,Deandre Carter,deandre carter,00-0031763,CartDe02,32,11,CLE,5,0.02647504210472107,301587301.5873016,7984536.507773021,7.984536507773021
5480,DeAndre Hopkins,deandre hopkins,00-0030564,HopkDe00,33,13,BAL,1,0.013886462897062302,301587301.5873016,4187980.8737172023,4.187980873717202
5480,DeAndre Hopkins,deandre hopkins,00-0030564,HopkDe00,33,13,BAL,2,0.016791030764579773,301587301.5873016,5063961.65915898,5.06396165915898
5480,DeAndre Hopkins,deandre hopkins,00-0030564,HopkDe00,33,13,BAL,3,0.03042246773838997,301587301.5873016,9175029.95284777,9.175029952847769
5480,DeAndre Hopkins,deandre hopkins,00-0030564,HopkDe00,33,13,BAL,4,0.03358219563961029,301587301.5873016,10127963.764326913,10.127963764326914
5480,DeAndre Hopkins,deandre hopkins,00-0030564,HopkDe00,33,13,BAL,5,0.03245716169476509,301587301.5873016,9788667.812706932,9.788667812706933
5481,Deebo Samuel,deebo samuel,NA,NA,30,NA,WAS,1,0.033675260841846466,301587301.5873016,10156031.047540998,10.156031047540997
5481,Deebo Samuel,deebo samuel,NA,NA,30,NA,WAS,2,0.03403914347290993,301587301.5873016,10265773.428337915,10.265773428337916
5481,Deebo Samuel,deebo samuel,NA,NA,30,NA,WAS,3,0.04917342588305473,301587301.5873016,14830080.821873652,14.830080821873652
5481,Deebo Samuel,deebo samuel,NA,NA,30,NA,WAS,4,0.05380035936832428,301587301.5873016,16225505.206320021,16.225505206320022
5481,Deebo Samuel,deebo samuel,NA,NA,30,NA,WAS,5,0.054380595684051514,301587301.5873016,16400497.111063156,16.400497111063157
5482,Demetric Felton,demetric felton,NA,NA,27,NA,WAS,1,0.0038781757466495037,301587301.5873016,1169608.5585133424,1.1696085585133424
5482,Demetric Felton,demetric felton,NA,NA,27,NA,WAS,2,0.004242053255438805,301587301.5873016,1279349.3944974174,1.2793493944974175
5482,Demetric Felton,demetric felton,NA,NA,27,NA,WAS,3,0.005135293584316969,301587301.5873016,1548739.3349527367,1.5487393349527367
5482,Demetric Felton,demetric felton,NA,NA,27,NA,WAS,4,0.0141538605093956,301587301.5873016,4268624.598071689,4.268624598071689
5482,Demetric Felton,demetric felton,NA,NA,27,NA,WAS,5,0.027654683217406273,301587301.5873016,8340301.287789194,8.340301287789194
5483,Deon Cain,deon cain,00-0034406,CainDe00,29,8,BUF,1,0.00361223635263741,301587301.5873016,1089404.614287473,1.089404614287473
5483,Deon Cain,deon cain,00-0034406,CainDe00,29,8,BUF,2,0.003976114559918642,301587301.5873016,1199145.6609278445,1.1991456609278444
5483,Deon Cain,deon cain,00-0034406,CainDe00,29,8,BUF,3,0.004869351163506508,301587301.5873016,1468534.4778829152,1.4685344778829152
5483,Deon Cain,deon cain,00-0034406,CainDe00,29,8,BUF,4,0.01388792134821415,301587301.5873016,4188420.7240645853,4.188420724064585
5483,Deon Cain,deon cain,00-0034406,CainDe00,29,8,BUF,5,0.027388738468289375,301587301.5873016,8260095.728531717,8.260095728531716
5484,Dez Fitzpatrick,dez fitzpatrick,00-0036627,FitzDe00,28,5,LAC,1,0.005938586313277483,301587301.5873016,1791002.221464638,1.791002221464638
5484,Dez Fitzpatrick,dez fitzpatrick,00-0036627,FitzDe00,28,5,LAC,2,0.006302467547357082,301587301.5873016,1900744.1809489615,1.9007441809489616
5484,Dez Fitzpatrick,dez fitzpatrick,00-0036627,FitzDe00,28,5,LAC,3,0.009438530541956425,301587301.5873016,2846540.9570979695,2.8465409570979694
5484,Dez Fitzpatrick,dez fitzpatrick,00-0036627,FitzDe00,28,5,LAC,4,0.020448163151741028,301587301.5873016,6166906.347350469,6.166906347350469
5484,Dez Fitzpatrick,dez fitzpatrick,00-0036627,FitzDe00,28,5,LAC,5,0.02928580716252327,301587301.5873016,8832227.556951463,8.832227556951464
5485,Diontae Johnson,diontae johnson,00-0035216,JohnDi01,29,7,CLE,1,0.0010530556319281459,301587301.5873016,317588.20645452023,0.31758820645452024
5485,Diontae Johnson,diontae johnson,00-0035216,JohnDi01,29,7,CLE,2,0.0021330697927623987,301587301.5873016,643306.7628965965,0.6433067628965965
5485,Diontae Johnson,diontae johnson,00-0035216,JohnDi01,29,7,CLE,3,0.011618589051067829,301587301.5873016,3504018.920163314,3.504018920163314
5485,Diontae Johnson,diontae johnson,00-0035216,JohnDi01,29,7,CLE,4,0.017553776502609253,301587301.5873016,5293996.088088505,5.293996088088505
5485,Diontae Johnson,diontae johnson,00-0035216,JohnDi01,29,7,CLE,5,0.022919664159417152,301587301.5873016,6912279.667125808,6.912279667125808
5486,DJ Chark,dj chark,00-0034777,CharDJ00,29,8,ATL,1,0.005833751056343317,301587301.5873016,1759385.2392146513,1.7593852392146514
5486,DJ Chark,dj chark,00-0034777,CharDJ00,29,8,ATL,2,0.006197632290422916,301587301.5873016,1869127.198698975,1.8691271986989748
5486,DJ Chark,dj chark,00-0034777,CharDJ00,29,8,ATL,3,0.011434851214289665,301587301.5873016,3448605.9217698993,3.448605921769899
5486,DJ Chark,dj chark,00-0034777,CharDJ00,29,8,ATL,4,0.020343324169516563,301587301.5873016,6135288.241600234,6.135288241600234
5486,DJ Chark,dj chark,00-0034777,CharDJ00,29,8,ATL,5,0.026213504374027252,301587301.5873016,7905660.049309807,7.905660049309807
5487,DJ Montgomery,dj montgomery,NA,NA,29,NA,IND,1,0.0038781757466495037,301587301.5873016,1169608.5585133424,1.1696085585133424
5487,DJ Montgomery,dj montgomery,NA,NA,29,NA,IND,2,0.004242053255438805,301587301.5873016,1279349.3944974174,1.2793493944974175
5487,DJ Montgomery,dj montgomery,NA,NA,29,NA,IND,3,0.005135293584316969,301587301.5873016,1548739.3349527367,1.5487393349527367
5487,DJ Montgomery,dj montgomery,NA,NA,29,NA,IND,4,0.0141538605093956,301587301.5873016,4268624.598071689,4.268624598071689
5487,DJ Montgomery,dj montgomery,NA,NA,29,NA,IND,5,0.027654683217406273,301587301.5873016,8340301.287789194,8.340301287789194
5488,Donovan Peoples-Jones,donovan peoples jones,00-0036233,PeopDo00,27,6,NO,1,0.003385328222066164,301587301.5873016,1020972.0034802718,1.0209720034802718
5488,Donovan Peoples-Jones,donovan peoples jones,00-0036233,PeopDo00,27,6,NO,2,0.0037492092233151197,301587301.5873016,1130713.89274583,1.1307138927458298
5488,Donovan Peoples-Jones,donovan peoples jones,00-0036233,PeopDo00,27,6,NO,3,0.004642442334443331,301587301.5873016,1400101.6564194174,1.4001016564194173
5488,Donovan Peoples-Jones,donovan peoples jones,00-0036233,PeopDo00,27,6,NO,4,0.013661010190844536,301587301.5873016,4119987.200413432,4.119987200413432
5488,Donovan Peoples-Jones,donovan peoples jones,00-0036233,PeopDo00,27,6,NO,5,0.02716183289885521,301587301.5873016,8191663.890130937,8.191663890130938
5489,Dontavian Jackson,dontavian jackson,NA,NA,28,NA,MIN,1,0.0034783263690769672,301587301.5873016,1049019.0636898791,1.049019063689879
5489,Dontavian Jackson,dontavian jackson,NA,NA,28,NA,MIN,2,0.0038422029465436935,301587301.5873016,1158759.6187988918,1.1587596187988918
5489,Dontavian Jackson,dontavian jackson,NA,NA,28,NA,MIN,3,0.004735443275421858,301587301.5873016,1428149.5592542111,1.428149559254211
5489,Dontavian Jackson,dontavian jackson,NA,NA,28,NA,MIN,4,0.013652557507157326,301587301.5873016,4117437.978349035,4.117437978349035
5489,Dontavian Jackson,dontavian jackson,NA,NA,28,NA,MIN,5,0.027254831045866013,301587301.5873016,8219710.950340544,8.219710950340543
5490,Dontay Demus Jr.,dontay demus jr,00-0038447,DemuDo00,25,3,BAL,1,0.0030561501625925303,301587301.5873016,921696.0807818742,0.9216960807818743
5490,Dontay Demus Jr.,dontay demus jr,00-0038447,DemuDo00,25,3,BAL,2,0.003275405615568161,301587301.5873016,987820.7412030962,0.9878207412030963
5490,Dontay Demus Jr.,dontay demus jr,00-0038447,DemuDo00,25,3,BAL,3,0.004313266836106777,301587301.5873016,1300826.5061274408,1.3008265061274409
5490,Dontay Demus Jr.,dontay demus jr,00-0038447,DemuDo00,25,3,BAL,4,0.013331830501556396,301587301.5873016,4020710.7861836753,4.020710786183676
5490,Dontay Demus Jr.,dontay demus jr,00-0038447,DemuDo00,25,3,BAL,5,0.026832658797502518,301587301.5873016,8092389.1611515535,8.092389161151553
5491,Easop Winston,easop winston,00-0036080,WinsEa00,29,5,NYJ,1,0.0033196676522493362,301587301.5873016,1001169.60940853,1.00116960940853
5491,Easop Winston,easop winston,00-0036080,WinsEa00,29,5,NYJ,2,0.0036835484206676483,301587301.5873016,1110911.4284553225,1.1109114284553225
5491,Easop Winston,easop winston,00-0036080,WinsEa00,29,5,NYJ,3,0.004576785024255514,301587301.5873016,1380300.2454103932,1.3803002454103932
5491,Easop Winston,easop winston,00-0036080,WinsEa00,29,5,NYJ,4,0.013595351949334145,301587301.5873016,4100185.5085293455,4.1001855085293455
5491,Easop Winston,easop winston,00-0036080,WinsEa00,29,5,NYJ,5,0.027096176519989967,301587301.5873016,8171862.759996975,8.171862759996975
5492,Ed Lee,ed lee,NA,NA,27,NA,NE,1,0.004027548711746931,301587301.5873016,1214657.5479871698,1.2146575479871697
5492,Ed Lee,ed lee,NA,NA,27,NA,NE,2,0.004391427617520094,301587301.5873016,1324398.805283838,1.324398805283838
5492,Ed Lee,ed lee,NA,NA,27,NA,NE,3,0.0052846684120595455,301587301.5873016,1593788.8861766884,1.5937888861766885
5492,Ed Lee,ed lee,NA,NA,27,NA,NE,4,0.01430323626846075,301587301.5873016,4313674.430170703,4.313674430170702
5492,Ed Lee,ed lee,NA,NA,27,NA,NE,5,0.02780405804514885,301587301.5873016,8385350.839013145,8.385350839013146
5493,Elijah Moore,elijah moore,00-0036980,MoorEl00,25,5,BUF,1,0.008311123587191105,301587301.5873016,2506529.3358195396,2.5065293358195397
5493,Elijah Moore,elijah moore,00-0036980,MoorEl00,25,5,BUF,2,0.011221599765121937,301587301.5873016,3384291.9926558225,3.3842919926558226
5493,Elijah Moore,elijah moore,00-0036980,MoorEl00,25,5,BUF,3,0.024954434484243393,301587301.5873016,7525940.558740072,7.525940558740072
5493,Elijah Moore,elijah moore,00-0036980,MoorEl00,25,5,BUF,4,0.026050055399537086,301587301.5873016,7856365.914146106,7.856365914146106
5493,Elijah Moore,elijah moore,00-0036980,MoorEl00,25,5,BUF,5,0.027288932353258133,301587301.5873016,8229995.471617533,8.229995471617533
5494,Equanimeous St. Brown,equanimeous st brown,00-0034279,St.BEq00,29,8,SF,1,0.003700920147821307,301587301.5873016,1116150.5207715055,1.1161505207715054
5494,Equanimeous St. Brown,equanimeous st brown,00-0034279,St.BEq00,29,8,SF,2,0.004064797889441252,301587301.5873016,1225891.426974346,1.225891426974346
5494,Equanimeous St. Brown,equanimeous st brown,00-0034279,St.BEq00,29,8,SF,3,0.005358073860406876,301587301.5873016,1615927.0372655657,1.6159270372655656
5494,Equanimeous St. Brown,equanimeous st brown,00-0034279,St.BEq00,29,8,SF,4,0.013976601883769035,301587301.5873016,4215165.6474859,4.215165647485899
5494,Equanimeous St. Brown,equanimeous st brown,00-0034279,St.BEq00,29,8,SF,5,0.02747742459177971,301587301.5873016,8286842.337203405,8.286842337203405
5495,Erik Ezukanma,erik ezukanma,00-0038092,EzukEr00,26,4,MIA,1,0.0068590412847697735,301587301.5873016,2068599.7525496143,2.0685997525496145
5495,Erik Ezukanma,erik ezukanma,00-0038092,EzukEr00,26,4,MIA,2,0.007222922518849373,301587301.5873016,2178341.712033938,2.178341712033938
5495,Erik Ezukanma,erik ezukanma,00-0038092,EzukEr00,26,4,MIA,3,0.01314346119761467,301587301.5873016,3963900.996106012,3.9639009961060117
5495,Erik Ezukanma,erik ezukanma,00-0038092,EzukEr00,26,4,MIA,4,0.021368611603975296,301587301.5873016,6444501.912310011,6.4445019123100105
5495,Erik Ezukanma,erik ezukanma,00-0038092,EzukEr00,26,4,MIA,5,0.03036290965974331,301587301.5873016,9157067.992620999,9.157067992620998
5496,Gabriel Davis,gabriel davis,NA,NA,27,NA,BUF,1,0.007836728356778622,301587301.5873016,2363457.7583935526,2.3634577583935528
5496,Gabriel Davis,gabriel davis,NA,NA,27,NA,BUF,2,0.008314184844493866,301587301.5873016,2507452.572148944,2.5074525721489436
5496,Gabriel Davis,gabriel davis,NA,NA,27,NA,BUF,3,0.0225461907684803,301587301.5873016,6799644.834938504,6.799644834938504
5496,Gabriel Davis,gabriel davis,NA,NA,27,NA,BUF,4,0.02471000701189041,301587301.5873016,7452224.336919331,7.452224336919331
5496,Gabriel Davis,gabriel davis,NA,NA,27,NA,BUF,5,0.03008054941892624,301587301.5873016,9071911.729517438,9.071911729517437
5497,Garett Maag,garett maag,00-0039043,NA,26,3,MIN,1,0.003012866945937276,301587301.5873016,908642.4122667976,0.90864241226679765
5497,Garett Maag,garett maag,00-0039043,NA,26,3,MIN,2,0.0032321219332516193,301587301.5873016,974766.9322504884,0.9747669322504884
5497,Garett Maag,garett maag,00-0039043,NA,26,3,MIN,3,0.004269982222467661,301587301.5873016,1287772.4162997708,1.2877724162997708
5497,Garett Maag,garett maag,00-0039043,NA,26,3,MIN,4,0.01318709459155798,301587301.5873016,3977060.27364447,3.97706027364447
5497,Garett Maag,garett maag,00-0039043,NA,26,3,MIN,5,0.02678937464952469,301587301.5873016,8079335.211761415,8.079335211761416
5498,Gavin Holmes,gavin holmes,00-0038962,NA,27,3,TEN,1,0.0033985369373112917,301587301.5873016,1024955.5842684848,1.0249555842684848
5498,Gavin Holmes,gavin holmes,00-0038962,NA,27,3,TEN,2,0.0036177916917949915,301587301.5873016,1091080.0340334103,1.0910800340334104
5498,Gavin Holmes,gavin holmes,00-0038962,NA,27,3,TEN,3,0.004655651748180389,301587301.5873016,1404085.447863927,1.404085447863927
5498,Gavin Holmes,gavin holmes,00-0038962,NA,27,3,TEN,4,0.013674218207597733,301587301.5873016,4123970.5705453483,4.123970570545349
5498,Gavin Holmes,gavin holmes,00-0038962,NA,27,3,TEN,5,0.027175042778253555,301587301.5873016,8195647.822012978,8.195647822012978
5499,Grant DuBose,grant dubose,00-0038507,DuboGr00,24,3,BUF,1,0.0040119546465575695,301587301.5873016,1209954.5759459338,1.2099545759459338
5499,Grant DuBose,grant dubose,00-0038507,DuboGr00,24,3,BUF,2,0.004231210332363844,301587301.5873016,1276079.3065859212,1.2760793065859213
5499,Grant DuBose,grant dubose,00-0038507,DuboGr00,24,3,BUF,3,0.007335248868912458,301587301.5873016,2212217.9128466146,2.2122179128466146
5499,Grant DuBose,grant dubose,00-0038507,DuboGr00,24,3,BUF,4,0.01852153055369854,301587301.5873016,5585858.420956703,5.585858420956703
5499,Grant DuBose,grant dubose,00-0038507,DuboGr00,24,3,BUF,5,0.02381279692053795,301587301.5873016,7181637.166511445,7.181637166511445
5500,Hunter Renfrow,hunter renfrow,00-0034983,RenfHu00,30,7,CAR,1,0.00231915176846087,301587301.5873016,699426.7238215322,0.6994267238215323
5500,Hunter Renfrow,hunter renfrow,00-0034983,RenfHu00,30,7,CAR,2,0.002683032536879182,301587301.5873016,809168.5428683248,0.8091685428683247
5500,Hunter Renfrow,hunter renfrow,00-0034983,RenfHu00,30,7,CAR,3,0.006158133503049612,301587301.5873016,1857214.8659990896,1.8572148659990895
5500,Hunter Renfrow,hunter renfrow,00-0034983,RenfHu00,30,7,CAR,4,0.016894593834877014,301587301.5873016,5095194.966074021,5.095194966074021
5500,Hunter Renfrow,hunter renfrow,00-0034983,RenfHu00,30,7,CAR,5,0.02499719336628914,301587301.5873016,7538836.094595138,7.538836094595138
5501,Jacob Harris,jacob harris,00-0036918,HarrJa03,28,5,TB,1,0.0033446047455072403,301587301.5873016,1008690.3200736123,1.0086903200736124
5501,Jacob Harris,jacob harris,00-0036918,HarrJa03,28,5,TB,2,0.0037084855139255524,301587301.5873016,1118432.1391204048,1.1184321391204048
5501,Jacob Harris,jacob harris,00-0036918,HarrJa03,28,5,TB,3,0.004601720720529556,301587301.5873016,1387820.5347628822,1.3878205347628823
5501,Jacob Harris,jacob harris,00-0036918,HarrJa03,28,5,TB,4,0.0136202871799469,301587301.5873016,4107705.6574443034,4.107705657444304
5501,Jacob Harris,jacob harris,00-0036918,HarrJa03,28,5,TB,5,0.02712111361324787,301587301.5873016,8179383.470662057,8.179383470662058
5502,Jadakis Bonds,jadakis bonds,00-0039022,NA,26,3,GB,1,0.0034368711058050394,301587301.5873016,1036516.6827031072,1.0365166827031072
5502,Jadakis Bonds,jadakis bonds,00-0039022,NA,26,3,GB,2,0.003656126093119383,301587301.5873016,1102641.202686798,1.102641202686798
5502,Jadakis Bonds,jadakis bonds,00-0039022,NA,26,3,GB,3,0.004693986847996712,301587301.5873016,1415646.8271736116,1.4156468271736116
5502,Jadakis Bonds,jadakis bonds,00-0039022,NA,26,3,GB,4,0.01371255237609148,301587301.5873016,4135531.6689799707,4.13553166897997
5502,Jadakis Bonds,jadakis bonds,00-0039022,NA,26,3,GB,5,0.027213379740715027,301587301.5873016,8207209.763072787,8.207209763072786
5503,Jadon Haselwood,jadon haselwood,00-0038483,NA,25,3,PHI,1,0.0034368711058050394,301587301.5873016,1036516.6827031072,1.0365166827031072
5503,Jadon Haselwood,jadon haselwood,00-0038483,NA,25,3,PHI,2,0.003656126093119383,301587301.5873016,1102641.202686798,1.102641202686798
5503,Jadon Haselwood,jadon haselwood,00-0038483,NA,25,3,PHI,3,0.004693986847996712,301587301.5873016,1415646.8271736116,1.4156468271736116
5503,Jadon Haselwood,jadon haselwood,00-0038483,NA,25,3,PHI,4,0.01371255237609148,301587301.5873016,4135531.6689799707,4.13553166897997
5503,Jadon Haselwood,jadon haselwood,00-0038483,NA,25,3,PHI,5,0.027213379740715027,301587301.5873016,8207209.763072787,8.207209763072786
5504,Jadon Janke,jadon janke,00-0039604,NA,26,2,GB,1,0.002884447341784835,301587301.5873016,869912.6903795535,0.8699126903795534
5504,Jadon Janke,jadon janke,00-0039604,NA,26,2,GB,2,0.0031037027947604656,301587301.5873016,936037.3508007755,0.9360373508007754
5504,Jadon Janke,jadon janke,00-0039604,NA,26,2,GB,3,0.004141564015299082,301587301.5873016,1249043.11572512,1.24904311572512
5504,Jadon Janke,jadon janke,00-0039604,NA,26,2,GB,4,0.013160128146409988,301587301.5873016,3968927.536218886,3.9689275362188856
5504,Jadon Janke,jadon janke,00-0039604,NA,26,2,GB,5,0.02666095830500126,301587301.5873016,8040606.472936888,8.040606472936888
5505,Jaelen Gill,jaelen gill,00-0039659,GillJa01,26,2,CLE,1,0.0025747043546289206,301587301.5873016,776498.138697611,0.7764981386976111
5505,Jaelen Gill,jaelen gill,00-0039659,GillJa01,26,2,CLE,2,0.002793959341943264,301587301.5873016,842622.6586813019,0.8426226586813018
5505,Jaelen Gill,jaelen gill,00-0039659,GillJa01,26,2,CLE,3,0.003831823356449604,301587301.5873016,1155629.266230833,1.155629266230833
5505,Jaelen Gill,jaelen gill,00-0039659,GillJa01,26,2,CLE,4,0.012850385159254074,301587301.5873016,3875512.9845369435,3.8755129845369436
5505,Jaelen Gill,jaelen gill,00-0039659,GillJa01,26,2,CLE,5,0.026351215317845345,301587301.5873016,7947191.921254946,7.947191921254946
5506,Jalen Cropper,jalen cropper,00-0038740,MoreJa01,24,3,DAL,1,0.0033062186557799578,301587301.5873016,997113.562854273,0.997113562854273
5506,Jalen Cropper,jalen cropper,00-0038740,MoreJa01,24,3,DAL,2,0.003525472478941083,301587301.5873016,1063237.7317441362,1.0632377317441362
5506,Jalen Cropper,jalen cropper,00-0038740,MoreJa01,24,3,DAL,3,0.0068570589646697044,301587301.5873016,2068001.9099797523,2.068001909979752
5506,Jalen Cropper,jalen cropper,00-0038740,MoreJa01,24,3,DAL,4,0.01380174420773983,301587301.5873016,4162430.792810425,4.162430792810425
5506,Jalen Cropper,jalen cropper,00-0038740,MoreJa01,24,3,DAL,5,0.02737487480044365,301587301.5873016,8255914.622356022,8.255914622356022
5507,Jalen Moreno-Cropper,jalen moreno cropper,NA,NA,25,NA,DAL,1,0.004645222332328558,301587301.5873016,1400940.0684800413,1.4009400684800413
5507,Jalen Moreno-Cropper,jalen moreno cropper,NA,NA,25,NA,DAL,2,0.005009103566408157,301587301.5873016,1510682.027964365,1.510682027964365
5507,Jalen Moreno-Cropper,jalen moreno cropper,NA,NA,25,NA,DAL,3,0.008196073584258556,301587301.5873016,2471831.7158875014,2.471831715887501
5507,Jalen Moreno-Cropper,jalen moreno cropper,NA,NA,25,NA,DAL,4,0.015140758827328682,301587301.5873016,4566260.598718175,4.566260598718174
5507,Jalen Moreno-Cropper,jalen moreno cropper,NA,NA,25,NA,DAL,5,0.02871387079358101,301587301.5873016,8659738.810762526,8.659738810762526
5508,Jalen Reagor,jalen reagor,00-0036387,ReagJa00,27,6,LAC,1,0.003577068680897355,301587301.5873016,1078798.4910642817,1.0787984910642816
5508,Jalen Reagor,jalen reagor,00-0036387,ReagJa00,27,6,LAC,2,0.003940945025533438,301587301.5873016,1188538.975954529,1.1885389759545288
5508,Jalen Reagor,jalen reagor,00-0036387,ReagJa00,27,6,LAC,3,0.007512039504945278,301587301.5873016,2265535.7237136555,2.2655357237136555
5508,Jalen Reagor,jalen reagor,00-0036387,ReagJa00,27,6,LAC,4,0.013852751813828945,301587301.5873016,4177814.0390912695,4.1778140390912695
5508,Jalen Reagor,jalen reagor,00-0036387,ReagJa00,27,6,LAC,5,0.02692429907619953,301587301.5873016,8120026.705520494,8.120026705520495
5509,Jalen Sample,jalen sample,NA,NA,27,NA,WAS,1,0.004027548711746931,301587301.5873016,1214657.5479871698,1.2146575479871697
5509,Jalen Sample,jalen sample,NA,NA,27,NA,WAS,2,0.004391427617520094,301587301.5873016,1324398.805283838,1.324398805283838
5509,Jalen Sample,jalen sample,NA,NA,27,NA,WAS,3,0.0052846684120595455,301587301.5873016,1593788.8861766884,1.5937888861766885
5509,Jalen Sample,jalen sample,NA,NA,27,NA,WAS,4,0.01430323626846075,301587301.5873016,4313674.430170703,4.313674430170702
5509,Jalen Sample,jalen sample,NA,NA,27,NA,WAS,5,0.02780405804514885,301587301.5873016,8385350.839013145,8.385350839013146
5510,Jamal Agnew,jamal agnew,00-0033572,AgneJa00,30,9,ATL,1,0.0047589694149792194,301587301.5873016,1435244.7442000823,1.4352447442000822
5510,Jamal Agnew,jamal agnew,00-0033572,AgneJa00,30,9,ATL,2,0.005122850649058819,301587301.5873016,1544986.703684406,1.5449867036844058
5510,Jamal Agnew,jamal agnew,00-0033572,AgneJa00,30,9,ATL,3,0.010243954136967659,301587301.5873016,3089446.4857521513,3.0894464857521515
5510,Jamal Agnew,jamal agnew,00-0033572,AgneJa00,30,9,ATL,4,0.016587672755122185,301587301.5873016,5002631.4658305,5.0026314658305004
5510,Jamal Agnew,jamal agnew,00-0033572,AgneJa00,30,9,ATL,5,0.028230328112840652,301587301.5873016,8513908.478475753,8.513908478475754
5511,James Proche,james proche,00-0036133,ProcJa00,29,6,TEN,1,0.0014525074511766434,301587301.5873016,438057.80273581314,0.43805780273581313
5511,James Proche,james proche,00-0036133,ProcJa00,29,6,TEN,2,0.0018383990973234177,301587301.5873016,554437.8230023006,0.5544378230023006
5511,James Proche,james proche,00-0036133,ProcJa00,29,6,TEN,3,0.004140782169997692,301587301.5873016,1248807.3211104153,1.2488073211104154
5511,James Proche,james proche,00-0036133,ProcJa00,29,6,TEN,4,0.01141869556158781,301587301.5873016,3443733.5820661653,3.4437335820661654
5511,James Proche,james proche,00-0036133,ProcJa00,29,6,TEN,5,0.019209614023566246,301587301.5873016,5793375.657900932,5.793375657900932
5512,Jauan Jennings,jauan jennings,00-0036259,JennJa00,28,6,SF,1,0.03002118691802025,301587301.5873016,9054008.753053727,9.054008753053727
5512,Jauan Jennings,jauan jennings,00-0036259,JennJa00,28,6,SF,2,0.03323507308959961,301587301.5873016,10023276.01114909,10.02327601114909
5512,Jauan Jennings,jauan jennings,00-0036259,JennJa00,28,6,SF,3,0.047181498259305954,301587301.5873016,14229340.74487005,14.22934074487005
5512,Jauan Jennings,jauan jennings,00-0036259,JennJa00,28,6,SF,4,0.05091565102338791,301587301.5873016,15355513.800704291,15.35551380070429
5512,Jauan Jennings,jauan jennings,00-0036259,JennJa00,28,6,SF,5,0.04906991124153137,301587301.5873016,14798862.120461844,14.798862120461845
5513,Jerome Kapp,jerome kapp,00-0039033,NA,NA,3,NYJ,1,0.0034368711058050394,301587301.5873016,1036516.6827031072,1.0365166827031072
5513,Jerome Kapp,jerome kapp,00-0039033,NA,NA,3,NYJ,2,0.003656126093119383,301587301.5873016,1102641.202686798,1.102641202686798
5513,Jerome Kapp,jerome kapp,00-0039033,NA,NA,3,NYJ,3,0.004693986847996712,301587301.5873016,1415646.8271736116,1.4156468271736116
5513,Jerome Kapp,jerome kapp,00-0039033,NA,NA,3,NYJ,4,0.01371255237609148,301587301.5873016,4135531.6689799707,4.13553166897997
5513,Jerome Kapp,jerome kapp,00-0039033,NA,NA,3,NYJ,5,0.027213379740715027,301587301.5873016,8207209.763072787,8.207209763072786
5514,Jesse Matthews,jesse matthews,00-0038726,MattJe00,26,3,ATL,1,0.0028407229110598564,301587301.5873016,856725.9573037663,0.8567259573037663
5514,Jesse Matthews,jesse matthews,00-0038726,MattJe00,26,3,ATL,2,0.003059978364035487,301587301.5873016,922850.6177249883,0.9228506177249882
5514,Jesse Matthews,jesse matthews,00-0038726,MattJe00,26,3,ATL,3,0.004097839817404747,301587301.5873016,1235856.4528680984,1.2358564528680984
5514,Jesse Matthews,jesse matthews,00-0038726,MattJe00,26,3,ATL,4,0.013116403482854366,301587301.5873016,3955740.732924333,3.955740732924333
5514,Jesse Matthews,jesse matthews,00-0038726,MattJe00,26,3,ATL,5,0.02661723457276821,301587301.5873016,8027419.950517397,8.027419950517398
5515,John Hall,john hall,00-0038759,NA,28,3,SEA,1,0.0036761451046913862,301587301.5873016,1108678.6823672436,1.1086786823672437
5515,John Hall,john hall,00-0038759,NA,28,3,SEA,2,0.0038953993935137987,301587301.5873016,1174802.9916946378,1.1748029916946379
5515,John Hall,john hall,00-0038759,NA,28,3,SEA,3,0.004933259915560484,301587301.5873016,1487808.5459626857,1.4878085459626857
5515,John Hall,john hall,00-0038759,NA,28,3,SEA,4,0.013951826840639114,301587301.5873016,4207693.809081638,4.207693809081638
5515,John Hall,john hall,00-0038759,NA,28,3,SEA,5,0.027452651411294937,301587301.5873016,8279371.060549268,8.279371060549268
5516,Johnny Johnson,johnny johnson,NA,NA,26,NA,HOU,1,0.0030838344246149063,301587301.5873016,930045.3026616385,0.9300453026616384
5516,Johnny Johnson,johnny johnson,NA,NA,26,NA,HOU,2,0.0034477151930332184,301587301.5873016,1039787.121708431,1.0397871217084311
5516,Johnny Johnson,johnny johnson,NA,NA,26,NA,HOU,3,0.004340953193604946,301587301.5873016,1309176.359976095,1.3091763599760948
5516,Johnny Johnson,johnny johnson,NA,NA,26,NA,HOU,4,0.01335951779037714,301587301.5873016,4029060.9209073917,4.0290609209073915
5516,Johnny Johnson,johnny johnson,NA,NA,26,NA,HOU,5,0.026860343292355537,301587301.5873016,8100738.453250083,8.100738453250083
5517,Johnny King,johnny king,00-0038434,NA,26,3,IND,1,0.0034368711058050394,301587301.5873016,1036516.6827031072,1.0365166827031072
5517,Johnny King,johnny king,00-0038434,NA,26,3,IND,2,0.003656126093119383,301587301.5873016,1102641.202686798,1.102641202686798
5517,Johnny King,johnny king,00-0038434,NA,26,3,IND,3,0.004693986847996712,301587301.5873016,1415646.8271736116,1.4156468271736116
5517,Johnny King,johnny king,00-0038434,NA,26,3,IND,4,0.01371255237609148,301587301.5873016,4135531.6689799707,4.13553166897997
5517,Johnny King,johnny king,00-0038434,NA,26,3,IND,5,0.027213379740715027,301587301.5873016,8207209.763072787,8.207209763072786
5518,Jordan Byrd,jordan byrd,NA,NA,26,NA,PIT,1,0.004002392292022705,301587301.5873016,1207070.6912449428,1.207070691244943
5518,Jordan Byrd,jordan byrd,NA,NA,26,NA,PIT,2,0.004366271197795868,301587301.5873016,1316811.948541611,1.316811948541611
5518,Jordan Byrd,jordan byrd,NA,NA,26,NA,PIT,3,0.0052595119923353195,301587301.5873016,1586202.0294344616,1.5862020294344616
5518,Jordan Byrd,jordan byrd,NA,NA,26,NA,PIT,4,0.014278079383075237,301587301.5873016,4306087.432990945,4.306087432990945
5518,Jordan Byrd,jordan byrd,NA,NA,26,NA,PIT,5,0.027778901159763336,301587301.5873016,8377763.8418333875,8.377763841833387
5519,Jordan Matthews,jordan matthews,00-0031299,NA,33,12,CAR,1,0.004865344148129225,301587301.5873016,1467326.0129278617,1.4673260129278616
5519,Jordan Matthews,jordan matthews,00-0031299,NA,33,12,CAR,2,0.00533689372241497,301587301.5873016,1609539.3766013405,1.6095393766013404
5519,Jordan Matthews,jordan matthews,00-0031299,NA,33,12,CAR,3,0.006786417216062546,301587301.5873016,2046697.2556379107,2.046697255637911
5519,Jordan Matthews,jordan matthews,00-0031299,NA,33,12,CAR,4,0.01514102891087532,301587301.5873016,4566342.052486208,4.566342052486208
5519,Jordan Matthews,jordan matthews,00-0031299,NA,33,12,CAR,5,0.02873115986585617,301587301.5873016,8664952.975416942,8.664952975416941
5520,Jose Barbon,jose barbon,00-0038730,NA,26,3,DAL,1,0.0034368711058050394,301587301.5873016,1036516.6827031072,1.0365166827031072
5520,Jose Barbon,jose barbon,00-0038730,NA,26,3,DAL,2,0.003656126093119383,301587301.5873016,1102641.202686798,1.102641202686798
5520,Jose Barbon,jose barbon,00-0038730,NA,26,3,DAL,3,0.004693986847996712,301587301.5873016,1415646.8271736116,1.4156468271736116
5520,Jose Barbon,jose barbon,00-0038730,NA,26,3,DAL,4,0.01371255237609148,301587301.5873016,4135531.6689799707,4.13553166897997
5520,Jose Barbon,jose barbon,00-0038730,NA,26,3,DAL,5,0.027213379740715027,301587301.5873016,8207209.763072787,8.207209763072786
5521,Joseph Ngata,joseph ngata,00-0038484,NgatJo01,25,3,PHI,1,0.0030561501625925303,301587301.5873016,921696.0807818742,0.9216960807818743
5521,Joseph Ngata,joseph ngata,00-0038484,NgatJo01,25,3,PHI,2,0.003275405615568161,301587301.5873016,987820.7412030962,0.9878207412030963
5521,Joseph Ngata,joseph ngata,00-0038484,NgatJo01,25,3,PHI,3,0.004313266836106777,301587301.5873016,1300826.5061274408,1.3008265061274409
5521,Joseph Ngata,joseph ngata,00-0038484,NgatJo01,25,3,PHI,4,0.013331830501556396,301587301.5873016,4020710.7861836753,4.020710786183676
5521,Joseph Ngata,joseph ngata,00-0038484,NgatJo01,25,3,PHI,5,0.026832658797502518,301587301.5873016,8092389.1611515535,8.092389161151553
5522,Josh Reynolds,josh reynolds,00-0033943,ReynJo00,31,9,NYJ,1,0.01328338123857975,301587301.5873016,4006099.103698655,4.006099103698655
5522,Josh Reynolds,josh reynolds,00-0033943,ReynJo00,31,9,NYJ,2,0.013951032422482967,301587301.5873016,4207454.222653594,4.207454222653594
5522,Josh Reynolds,josh reynolds,00-0033943,ReynJo00,31,9,NYJ,3,0.028179995715618134,301587301.5873016,8498728.866614994,8.498728866614993
5522,Josh Reynolds,josh reynolds,00-0033943,ReynJo00,31,9,NYJ,4,0.03315876051783562,301587301.5873016,10000261.1085536,10.0002611085536
5522,Josh Reynolds,josh reynolds,00-0033943,ReynJo00,31,9,NYJ,5,0.03176454082131386,301587301.5873016,9579782.152459735,9.579782152459735
5523,Josh Vann,josh vann,00-0038780,NA,26,3,CAR,1,0.0034368711058050394,301587301.5873016,1036516.6827031072,1.0365166827031072
5523,Josh Vann,josh vann,00-0038780,NA,26,3,CAR,2,0.003656126093119383,301587301.5873016,1102641.202686798,1.102641202686798
5523,Josh Vann,josh vann,00-0038780,NA,26,3,CAR,3,0.004693986847996712,301587301.5873016,1415646.8271736116,1.4156468271736116
5523,Josh Vann,josh vann,00-0038780,NA,26,3,CAR,4,0.01371255237609148,301587301.5873016,4135531.6689799707,4.13553166897997
5523,Josh Vann,josh vann,00-0038780,NA,26,3,CAR,5,0.027213379740715027,301587301.5873016,8207209.763072787,8.207209763072786
5524,JuJu Smith-Schuster,juju smith schuster,00-0033857,SmitJu00,29,9,KC,1,0.005130128003656864,301587301.5873016,1547181.4614203242,1.547181461420324
5524,JuJu Smith-Schuster,juju smith schuster,00-0033857,SmitJu00,29,9,KC,2,0.0056790257804095745,301587301.5873016,1712722.0607584433,1.7127220607584432
5524,JuJu Smith-Schuster,juju smith schuster,00-0033857,SmitJu00,29,9,KC,3,0.01896619237959385,301587301.5873016,5719962.7811473515,5.719962781147352
5524,JuJu Smith-Schuster,juju smith schuster,00-0033857,SmitJu00,29,9,KC,4,0.021157193928956985,301587301.5873016,6380741.026193377,6.380741026193377
5524,JuJu Smith-Schuster,juju smith schuster,00-0033857,SmitJu00,29,9,KC,5,0.027638712897896767,301587301.5873016,8335484.842222835,8.335484842222835
5525,Julian Hicks,julian hicks,00-0039329,HickJu01,26,2,GB,1,0.002884447341784835,301587301.5873016,869912.6903795535,0.8699126903795534
5525,Julian Hicks,julian hicks,00-0039329,HickJu01,26,2,GB,2,0.0031037027947604656,301587301.5873016,936037.3508007755,0.9360373508007754
5525,Julian Hicks,julian hicks,00-0039329,HickJu01,26,2,GB,3,0.004141564015299082,301587301.5873016,1249043.11572512,1.24904311572512
5525,Julian Hicks,julian hicks,00-0039329,HickJu01,26,2,GB,4,0.013160128146409988,301587301.5873016,3968927.536218886,3.9689275362188856
5525,Julian Hicks,julian hicks,00-0039329,HickJu01,26,2,GB,5,0.02666095830500126,301587301.5873016,8040606.472936888,8.040606472936888
5526,Justin Marshall,justin marshall,00-0038929,NA,NA,3,ATL,1,0.0034368711058050394,301587301.5873016,1036516.6827031072,1.0365166827031072
5526,Justin Marshall,justin marshall,00-0038929,NA,NA,3,ATL,2,0.003656126093119383,301587301.5873016,1102641.202686798,1.102641202686798
5526,Justin Marshall,justin marshall,00-0038929,NA,NA,3,ATL,3,0.004693986847996712,301587301.5873016,1415646.8271736116,1.4156468271736116
5526,Justin Marshall,justin marshall,00-0038929,NA,NA,3,ATL,4,0.01371255237609148,301587301.5873016,4135531.6689799707,4.13553166897997
5526,Justin Marshall,justin marshall,00-0038929,NA,NA,3,ATL,5,0.027213379740715027,301587301.5873016,8207209.763072787,8.207209763072786
5527,Justyn Ross,justyn ross,00-0037216,RossJu00,26,4,KC,1,0.003696840489283204,301587301.5873016,1114920.1475616014,1.1149201475616013
5527,Justyn Ross,justyn ross,00-0037216,RossJu00,26,4,KC,2,0.0040607210248708725,301587301.5873016,1224661.8963896283,1.2246618963896283
5527,Justyn Ross,justyn ross,00-0037216,RossJu00,26,4,KC,3,0.0070201326161623,301587301.5873016,2117182.8524933923,2.1171828524933924
5527,Justyn Ross,justyn ross,00-0037216,RossJu00,26,4,KC,4,0.018206417560577393,301587301.5873016,5490824.343666199,5.4908243436661985
5527,Justyn Ross,justyn ross,00-0037216,RossJu00,26,4,KC,5,0.02707657963037491,301587301.5873016,8165952.586938465,8.165952586938465
5528,Juwann Winfree,juwann winfree,00-0035593,WinfJu00,29,7,HOU,1,0.0031588529236614704,301587301.5873016,952669.9293582214,0.9526699293582214
5528,Juwann Winfree,juwann winfree,00-0035593,WinfJu00,29,7,HOU,2,0.0035227336920797825,301587301.5873016,1062411.748405014,1.062411748405014
5528,Juwann Winfree,juwann winfree,00-0035593,WinfJu00,29,7,HOU,3,0.004415967967361212,301587301.5873016,1331799.8631724291,1.331799863172429
5528,Juwann Winfree,juwann winfree,00-0035593,WinfJu00,29,7,HOU,4,0.013434535823762417,301587301.5873016,4051685.4071664433,4.051685407166444
5528,Juwann Winfree,juwann winfree,00-0035593,WinfJu00,29,7,HOU,5,0.026935361325740814,301587301.5873016,8123362.939509135,8.123362939509136
5529,K.J. Hamler,k j hamler,NA,NA,26,NA,BUF,1,0.00447902362793684,301587301.5873016,1350816.6496952376,1.3508166496952376
5529,K.J. Hamler,k j hamler,NA,NA,26,NA,BUF,2,0.004842905793339014,301587301.5873016,1460558.8900546234,1.4605588900546234
5529,K.J. Hamler,k j hamler,NA,NA,26,NA,BUF,3,0.00573614239692688,301587301.5873016,1729947.707009694,1.729947707009694
5529,K.J. Hamler,k j hamler,NA,NA,26,NA,BUF,4,0.014754708856344223,301587301.5873016,4449832.829691115,4.449832829691115
5529,K.J. Hamler,k j hamler,NA,NA,26,NA,BUF,5,0.028255531564354897,301587301.5873016,8521509.51940862,8.521509519408621
5530,K.J. Osborn,k j osborn,00-0036345,OsboKJ00,28,6,WAS,1,0.0053986841812729836,301587301.5873016,1628174.5943521697,1.6281745943521697
5530,K.J. Osborn,k j osborn,00-0036345,OsboKJ00,28,6,WAS,2,0.005762565415352583,301587301.5873016,1737916.5538364935,1.7379165538364936
5530,K.J. Osborn,k j osborn,00-0036345,OsboKJ00,28,6,WAS,3,0.014683226123452187,301587301.5873016,4428274.54516812,4.4282745451681205
5530,K.J. Osborn,k j osborn,00-0036345,OsboKJ00,28,6,WAS,4,0.021899389103055,301587301.5873016,6604577.6660007145,6.604577666000715
5530,K.J. Osborn,k j osborn,00-0036345,OsboKJ00,28,6,WAS,5,0.025213656947016716,301587301.5873016,7604118.761798693,7.604118761798693
5531,Kade Warner,kade warner,00-0038829,NA,27,3,TB,1,0.0034620279911905527,301587301.5873016,1044103.6798828652,1.0441036798828651
5531,Kade Warner,kade warner,00-0038829,NA,27,3,TB,2,0.003681282978504896,301587301.5873016,1110228.199866556,1.1102281998665562
5531,Kade Warner,kade warner,00-0038829,NA,27,3,TB,3,0.004719143267720938,301587301.5873016,1423233.6839158384,1.4232336839158384
5531,Kade Warner,kade warner,00-0038829,NA,27,3,TB,4,0.013737709261476994,301587301.5873016,4143118.6661597285,4.143118666159729
5531,Kade Warner,kade warner,00-0038829,NA,27,3,TB,5,0.02723853662610054,301587301.5873016,8214796.760252545,8.214796760252545
5532,Kaden Davis,kaden davis,00-0037380,DaviKa02,27,4,CLE,1,0.0016987945418804884,301587301.5873016,512334.8618369727,0.5123348618369727
5532,Kaden Davis,kaden davis,00-0037380,DaviKa02,27,4,CLE,2,0.0020088001620024443,301587301.5873016,605828.6202864515,0.6058286202864516
5532,Kaden Davis,kaden davis,00-0037380,DaviKa02,27,4,CLE,3,0.00592221412807703,301587301.5873016,1786064.5783089458,1.7860645783089457
5532,Kaden Davis,kaden davis,00-0037380,DaviKa02,27,4,CLE,4,0.011758774518966675,301587301.5873016,3546297.07714868,3.54629707714868
5532,Kaden Davis,kaden davis,00-0037380,DaviKa02,27,4,CLE,5,0.025767454877495766,301587301.5873016,7771137.185276502,7.771137185276502
5533,Kawaan Baker,kawaan baker,00-0036939,BakeKa00,27,5,LV,1,0.002709918888285756,301587301.5873016,817277.1250385614,0.8172771250385614
5533,Kawaan Baker,kawaan baker,00-0036939,BakeKa00,27,5,LV,2,0.0030737989582121372,301587301.5873016,927018.7334290573,0.9270187334290573
5533,Kawaan Baker,kawaan baker,00-0036939,BakeKa00,27,5,LV,3,0.003967035561800003,301587301.5873016,1196407.550384128,1.196407550384128
5533,Kawaan Baker,kawaan baker,00-0036939,BakeKa00,27,5,LV,4,0.012985601089894772,301587301.5873016,3916292.392190487,3.916292392190487
5533,Kawaan Baker,kawaan baker,00-0036939,BakeKa00,27,5,LV,5,0.026486432179808617,301587301.5873016,7987971.609783552,7.987971609783552
5534,Kazmeir Allen,kazmeir allen,00-0038830,AlleKa00,26,3,WAS,1,0.0031105743255466223,301587301.5873016,938109.7172283465,0.9381097172283465
5534,Kazmeir Allen,kazmeir allen,00-0038830,AlleKa00,26,3,WAS,2,0.003329829778522253,301587301.5873016,1004234.3776495685,1.0042343776495686
5534,Kazmeir Allen,kazmeir allen,00-0038830,AlleKa00,26,3,WAS,3,0.004367690067738295,301587301.5873016,1317239.8616988508,1.3172398616988508
5534,Kazmeir Allen,kazmeir allen,00-0038830,AlleKa00,26,3,WAS,4,0.013386255130171776,301587301.5873016,4037124.563067679,4.037124563067679
5534,Kazmeir Allen,kazmeir allen,00-0038830,AlleKa00,26,3,WAS,5,0.026887081563472748,301587301.5873016,8108802.376285433,8.108802376285432
5535,Kearis Jackson,kearis jackson,00-0038969,JackKe02,26,3,HOU,1,0.002782132476568222,301587301.5873016,839055.8262666067,0.8390558262666067
5535,Kearis Jackson,kearis jackson,00-0038969,JackKe02,26,3,HOU,2,0.003001387696713209,301587301.5873016,905180.4164690631,0.9051804164690631
5535,Kearis Jackson,kearis jackson,00-0038969,JackKe02,26,3,HOU,3,0.0040392507798969746,301587301.5873016,1218186.7431435322,1.2181867431435323
5535,Kearis Jackson,kearis jackson,00-0038969,JackKe02,26,3,HOU,4,0.013057813048362732,301587301.5873016,3938070.6018871735,3.9380706018871736
5535,Kearis Jackson,kearis jackson,00-0038969,JackKe02,26,3,HOU,5,0.026558643206954002,301587301.5873016,8009749.538605176,8.009749538605176
5536,Keenan Allen,keenan allen,00-0030279,AlleKe00,33,13,LAC,1,0.02896096743643284,301587301.5873016,8734260.020511491,8.734260020511492
5536,Keenan Allen,keenan allen,00-0030279,AlleKe00,33,13,LAC,2,0.030675500631332397,301587301.5873016,9251341.460243104,9.251341460243104
5536,Keenan Allen,keenan allen,00-0030279,AlleKe00,33,13,LAC,3,0.044306349009275436,301587301.5873016,13362232.240892593,13.362232240892594
5536,Keenan Allen,keenan allen,00-0030279,AlleKe00,33,13,LAC,4,0.04947780445218086,301587301.5873016,14921877.533197405,14.921877533197405
5536,Keenan Allen,keenan allen,00-0030279,AlleKe00,33,13,LAC,5,0.05091356486082077,301587301.5873016,15354884.640564995,15.354884640564995
5537,Keith Kirkwood,keith kirkwood,00-0034317,KirkKe00,31,8,BAL,1,0.0033761444501578808,301587301.5873016,1018202.2944920594,1.0182022944920595
5537,Keith Kirkwood,keith kirkwood,00-0034317,KirkKe00,31,8,BAL,2,0.003740025218576193,301587301.5873016,1127944.113538852,1.127944113538852
5537,Keith Kirkwood,keith kirkwood,00-0034317,KirkKe00,31,8,BAL,3,0.004633260425180197,301587301.5873016,1397332.5091813293,1.3973325091813293
5537,Keith Kirkwood,keith kirkwood,00-0034317,KirkKe00,31,8,BAL,4,0.013651828281581402,301587301.5873016,4117218.0531753437,4.1172180531753435
5537,Keith Kirkwood,keith kirkwood,00-0034317,KirkKe00,31,8,BAL,5,0.02715265192091465,301587301.5873016,8188895.023767911,8.18889502376791
5538,Kelvin Harmon,kelvin harmon,00-0035297,HarmKe00,29,7,DAL,1,0.00309173041023314,301587301.5873016,932426.6316576137,0.9324266316576136
5538,Kelvin Harmon,kelvin harmon,00-0035297,HarmKe00,29,7,DAL,2,0.0034556107129901648,301587301.5873016,1042168.3102668752,1.0421683102668753
5538,Kelvin Harmon,kelvin harmon,00-0035297,HarmKe00,29,7,DAL,3,0.004348847083747387,301587301.5873016,1311557.0570031803,1.3115570570031803
5538,Kelvin Harmon,kelvin harmon,00-0035297,HarmKe00,29,7,DAL,4,0.013367414474487305,301587301.5873016,4031442.460559664,4.0314424605596635
5538,Kelvin Harmon,kelvin harmon,00-0035297,HarmKe00,29,7,DAL,5,0.026868240907788277,301587301.5873016,8103120.273777418,8.103120273777417
5539,Keytaon Thompson,keytaon thompson,NA,NA,NA,NA,DET,1,0.004002392292022705,301587301.5873016,1207070.6912449428,1.207070691244943
5539,Keytaon Thompson,keytaon thompson,NA,NA,NA,NA,DET,2,0.004366271197795868,301587301.5873016,1316811.948541611,1.316811948541611
5539,Keytaon Thompson,keytaon thompson,NA,NA,NA,NA,DET,3,0.0052595119923353195,301587301.5873016,1586202.0294344616,1.5862020294344616
5539,Keytaon Thompson,keytaon thompson,NA,NA,NA,NA,DET,4,0.014278079383075237,301587301.5873016,4306087.432990945,4.306087432990945
5539,Keytaon Thompson,keytaon thompson,NA,NA,NA,NA,DET,5,0.027778901159763336,301587301.5873016,8377763.8418333875,8.377763841833387
5540,Kody Case,kody case,00-0038532,NA,27,3,IND,1,0.0034620279911905527,301587301.5873016,1044103.6798828652,1.0441036798828651
5540,Kody Case,kody case,00-0038532,NA,27,3,IND,2,0.003681282978504896,301587301.5873016,1110228.199866556,1.1102281998665562
5540,Kody Case,kody case,00-0038532,NA,27,3,IND,3,0.004719143267720938,301587301.5873016,1423233.6839158384,1.4232336839158384
5540,Kody Case,kody case,00-0038532,NA,27,3,IND,4,0.013737709261476994,301587301.5873016,4143118.6661597285,4.143118666159729
5540,Kody Case,kody case,00-0038532,NA,27,3,IND,5,0.02723853662610054,301587301.5873016,8214796.760252545,8.214796760252545
5541,Kristian Wilkerson,kristian wilkerson,00-0036183,WilkKr00,29,6,BUF,1,0.006247284356504679,301587301.5873016,1884101.6313268081,1.8841016313268082
5541,Kristian Wilkerson,kristian wilkerson,00-0036183,WilkKr00,29,6,BUF,2,0.006558145396411419,301587301.5873016,1977853.3735209042,1.9778533735209043
5541,Kristian Wilkerson,kristian wilkerson,00-0036183,WilkKr00,29,6,BUF,3,0.00790444016456604,301587301.5873016,2383878.7797897584,2.3838787797897583
5541,Kristian Wilkerson,kristian wilkerson,00-0036183,WilkKr00,29,6,BUF,4,0.016522975638508797,301587301.5873016,4983119.63701059,4.98311963701059
5541,Kristian Wilkerson,kristian wilkerson,00-0036183,WilkKr00,29,6,BUF,5,0.031051523983478546,301587301.5873016,9364745.328350672,9.364745328350672
5542,Kyle Philips,kyle philips,00-0037273,PhilKy01,26,4,LV,1,0.0030726660043001175,301587301.5873016,926677.0489159086,0.9266770489159085
5542,Kyle Philips,kyle philips,00-0037273,PhilKy01,26,4,LV,2,0.0034365467727184296,301587301.5873016,1036418.867962701,1.036418867962701
5542,Kyle Philips,kyle philips,00-0037273,PhilKy01,26,4,LV,3,0.004329782444983721,301587301.5873016,1305807.4040427096,1.3058074040427097
5542,Kyle Philips,kyle philips,00-0037273,PhilKy01,26,4,LV,4,0.013348347507417202,301587301.5873016,4025692.1054115375,4.0256921054115375
5542,Kyle Philips,kyle philips,00-0037273,PhilKy01,26,4,LV,5,0.02684917487204075,301587301.5873016,8097370.199504353,8.097370199504352
5543,Lance McCutcheon,lance mccutcheon,00-0037055,McCuLa01,27,4,PIT,1,0.0032204254530370235,301587301.5873016,971239.4223444993,0.9712394223444992
5543,Lance McCutcheon,lance mccutcheon,00-0037055,McCuLa01,27,4,PIT,2,0.0035843062214553356,301587301.5873016,1080981.2413912918,1.0809812413912918
5543,Lance McCutcheon,lance mccutcheon,00-0037055,McCuLa01,27,4,PIT,3,0.004477541893720627,301587301.5873016,1350369.7774713002,1.3503697774713002
5543,Lance McCutcheon,lance mccutcheon,00-0037055,McCuLa01,27,4,PIT,4,0.01349610835313797,301587301.5873016,4070254.9001527214,4.0702549001527215
5543,Lance McCutcheon,lance mccutcheon,00-0037055,McCuLa01,27,4,PIT,5,0.026996934786438942,301587301.5873016,8141932.713370475,8.141932713370474
5544,Laviska Shenault,laviska shenault,NA,NA,27,NA,BUF,1,0.004504180047661066,301587301.5873016,1358403.5064374644,1.3584035064374644
5544,Laviska Shenault,laviska shenault,NA,NA,27,NA,BUF,2,0.00486806221306324,301587301.5873016,1468145.7467968503,1.4681457467968504
5544,Laviska Shenault,laviska shenault,NA,NA,27,NA,BUF,3,0.005761298816651106,301587301.5873016,1737534.563751921,1.737534563751921
5544,Laviska Shenault,laviska shenault,NA,NA,27,NA,BUF,4,0.014779865741729736,301587301.5873016,4457419.826870874,4.457419826870874
5544,Laviska Shenault,laviska shenault,NA,NA,27,NA,BUF,5,0.02828068844974041,301587301.5873016,8529096.516588379,8.529096516588378
5545,Lideatrick Griffin,lideatrick griffin,00-0039541,GrifLi00,25,2,GB,1,0.0032658616546541452,301587301.5873016,984942.4037845836,0.9849424037845835
5545,Lideatrick Griffin,lideatrick griffin,00-0039541,GrifLi00,25,2,GB,2,0.003485117107629776,301587301.5873016,1051067.0642058055,1.0510670642058055
5545,Lideatrick Griffin,lideatrick griffin,00-0039541,GrifLi00,25,2,GB,3,0.004522979259490967,301587301.5873016,1364073.1100052122,1.3640731100052121
5545,Lideatrick Griffin,lideatrick griffin,00-0039541,GrifLi00,25,2,GB,4,0.013541544787585735,301587301.5873016,4083957.951811571,4.083957951811571
5545,Lideatrick Griffin,lideatrick griffin,00-0039541,GrifLi00,25,2,GB,5,0.027042368426918983,301587301.5873016,8155634.922404138,8.155634922404138
5546,Louis Rees-Zammit,louis rees zammit,NA,NA,25,NA,JAX,1,0.0032177867833524942,301587301.5873016,970443.6330745618,0.9704436330745618
5546,Louis Rees-Zammit,louis rees zammit,NA,NA,25,NA,JAX,2,0.0035816673189401627,301587301.5873016,1080185.3819025888,1.0801853819025888
5546,Louis Rees-Zammit,louis rees zammit,NA,NA,25,NA,JAX,3,0.00447490531951189,301587301.5873016,1349574.6201702529,1.3495746201702528
5546,Louis Rees-Zammit,louis rees zammit,NA,NA,25,NA,JAX,4,0.013493469916284084,301587301.5873016,4069459.1811015494,4.069459181101549
5546,Louis Rees-Zammit,louis rees zammit,NA,NA,25,NA,JAX,5,0.02699429541826248,301587301.5873016,8141136.713444241,8.141136713444242
5547,Mac Hippenhammer,mac hippenhammer,00-0038887,NA,27,3,CIN,1,0.0034620279911905527,301587301.5873016,1044103.6798828652,1.0441036798828651
5547,Mac Hippenhammer,mac hippenhammer,00-0038887,NA,27,3,CIN,2,0.003681282978504896,301587301.5873016,1110228.199866556,1.1102281998665562
5547,Mac Hippenhammer,mac hippenhammer,00-0038887,NA,27,3,CIN,3,0.004719143267720938,301587301.5873016,1423233.6839158384,1.4232336839158384
5547,Mac Hippenhammer,mac hippenhammer,00-0038887,NA,27,3,CIN,4,0.013737709261476994,301587301.5873016,4143118.6661597285,4.143118666159729
5547,Mac Hippenhammer,mac hippenhammer,00-0038887,NA,27,3,CIN,5,0.02723853662610054,301587301.5873016,8214796.760252545,8.214796760252545
5548,Malachi Carter,malachi carter,00-0038886,NA,26,3,CIN,1,0.0034368711058050394,301587301.5873016,1036516.6827031072,1.0365166827031072
5548,Malachi Carter,malachi carter,00-0038886,NA,26,3,CIN,2,0.003656126093119383,301587301.5873016,1102641.202686798,1.102641202686798
5548,Malachi Carter,malachi carter,00-0038886,NA,26,3,CIN,3,0.004693986847996712,301587301.5873016,1415646.8271736116,1.4156468271736116
5548,Malachi Carter,malachi carter,00-0038886,NA,26,3,CIN,4,0.01371255237609148,301587301.5873016,4135531.6689799707,4.13553166897997
5548,Malachi Carter,malachi carter,00-0038886,NA,26,3,CIN,5,0.027213379740715027,301587301.5873016,8207209.763072787,8.207209763072786
5549,Malik Flowers,malik flowers,00-0038904,FlowMa01,26,3,NO,1,0.0034368711058050394,301587301.5873016,1036516.6827031072,1.0365166827031072
5549,Malik Flowers,malik flowers,00-0038904,FlowMa01,26,3,NO,2,0.003656126093119383,301587301.5873016,1102641.202686798,1.102641202686798
5549,Malik Flowers,malik flowers,00-0038904,FlowMa01,26,3,NO,3,0.004693986847996712,301587301.5873016,1415646.8271736116,1.4156468271736116
5549,Malik Flowers,malik flowers,00-0038904,FlowMa01,26,3,NO,4,0.01371255237609148,301587301.5873016,4135531.6689799707,4.13553166897997
5549,Malik Flowers,malik flowers,00-0038904,FlowMa01,26,3,NO,5,0.027213379740715027,301587301.5873016,8207209.763072787,8.207209763072786
5550,Malik Heath,malik heath,00-0038465,HeatMa00,25,3,GB,1,0.005759228952229023,301587301.5873016,1736910.3189262133,1.7369103189262134
5550,Malik Heath,malik heath,00-0038465,HeatMa00,25,3,GB,2,0.006318628787994385,301587301.5873016,1905618.2059030687,1.9056182059030686
5550,Malik Heath,malik heath,00-0038465,HeatMa00,25,3,GB,3,0.010142543353140354,301587301.5873016,3058862.2811058215,3.0588622811058217
5550,Malik Heath,malik heath,00-0038465,HeatMa00,25,3,GB,4,0.01623888686299324,301587301.5873016,4897442.069791612,4.897442069791612
5550,Malik Heath,malik heath,00-0038465,HeatMa00,25,3,GB,5,0.0263815987855196,301587301.5873016,7956355.1892836895,7.9563551892836895
5551,Malik Knowles,malik knowles,00-0038806,KnowMa00,25,3,SF,1,0.0028407229110598564,301587301.5873016,856725.9573037663,0.8567259573037663
5551,Malik Knowles,malik knowles,00-0038806,KnowMa00,25,3,SF,2,0.003059978364035487,301587301.5873016,922850.6177249883,0.9228506177249882
5551,Malik Knowles,malik knowles,00-0038806,KnowMa00,25,3,SF,3,0.004097839817404747,301587301.5873016,1235856.4528680984,1.2358564528680984
5551,Malik Knowles,malik knowles,00-0038806,KnowMa00,25,3,SF,4,0.013116403482854366,301587301.5873016,3955740.732924333,3.955740732924333
5551,Malik Knowles,malik knowles,00-0038806,KnowMa00,25,3,SF,5,0.02661723457276821,301587301.5873016,8027419.950517397,8.027419950517398
5552,Malik Taylor,malik taylor,00-0035480,TaylMa01,30,7,DET,1,0.0033761444501578808,301587301.5873016,1018202.2944920594,1.0182022944920595
5552,Malik Taylor,malik taylor,00-0035480,TaylMa01,30,7,DET,2,0.003740025218576193,301587301.5873016,1127944.113538852,1.127944113538852
5552,Malik Taylor,malik taylor,00-0035480,TaylMa01,30,7,DET,3,0.004633260425180197,301587301.5873016,1397332.5091813293,1.3973325091813293
5552,Malik Taylor,malik taylor,00-0035480,TaylMa01,30,7,DET,4,0.013651828281581402,301587301.5873016,4117218.0531753437,4.1172180531753435
5552,Malik Taylor,malik taylor,00-0035480,TaylMa01,30,7,DET,5,0.02715265192091465,301587301.5873016,8188895.023767911,8.18889502376791
5553,Marquez Callaway,marquez callaway,00-0036219,CallMa01,27,6,LV,1,0.006858706008642912,301587301.5873016,2068498.6375272276,2.068498637527228
5553,Marquez Callaway,marquez callaway,00-0036219,CallMa01,27,6,LV,2,0.007222587242722511,301587301.5873016,2178240.5970115513,2.1782405970115515
5553,Marquez Callaway,marquez callaway,00-0036219,CallMa01,27,6,LV,3,0.010358652099967003,301587301.5873016,3124037.9349106834,3.1240379349106835
5553,Marquez Callaway,marquez callaway,00-0036219,CallMa01,27,6,LV,4,0.021368276327848434,301587301.5873016,6444400.797287623,6.444400797287623
5553,Marquez Callaway,marquez callaway,00-0036219,CallMa01,27,6,LV,5,0.02964114397764206,301587301.5873016,8939392.628177764,8.939392628177764
5554,Marquez Valdes-Scantling,marquez valdes scantling,00-0034272,ValdMa00,31,8,PIT,1,0.0028641021344810724,301587301.5873016,863776.8342085775,0.8637768342085775
5554,Marquez Valdes-Scantling,marquez valdes scantling,00-0034272,ValdMa00,31,8,PIT,2,0.00550587335601449,301587301.5873016,1660501.4883218305,1.6605014883218305
5554,Marquez Valdes-Scantling,marquez valdes scantling,00-0034272,ValdMa00,31,8,PIT,3,0.015020274557173252,301587301.5873016,4529924.072798283,4.529924072798283
5554,Marquez Valdes-Scantling,marquez valdes scantling,00-0034272,ValdMa00,31,8,PIT,4,0.019167954102158546,301587301.5873016,5780811.554619244,5.780811554619245
5554,Marquez Valdes-Scantling,marquez valdes scantling,00-0034272,ValdMa00,31,8,PIT,5,0.026149144396185875,301587301.5873016,7886249.8972624075,7.886249897262408
5555,Mathew Sexton,mathew sexton,00-0036471,SextMa00,28,3,MIA,1,0.003711046651005745,301587301.5873016,1119204.5455414152,1.1192045455414152
5555,Mathew Sexton,mathew sexton,00-0036471,SextMa00,28,3,MIA,2,0.003930302336812019,301587301.5873016,1185329.2761814028,1.185329276181403
5555,Mathew Sexton,mathew sexton,00-0036471,SextMa00,28,3,MIA,3,0.004968162160366774,301587301.5873016,1498334.619793154,1.498334619793154
5555,Mathew Sexton,mathew sexton,00-0036471,SextMa00,28,3,MIA,4,0.013986729085445404,301587301.5873016,4218219.882912106,4.218219882912106
5555,Mathew Sexton,mathew sexton,00-0036471,SextMa00,28,3,MIA,5,0.027487555518746376,301587301.5873016,8289897.69612986,8.289897696129861
5556,Michael Gallup,michael gallup,00-0034764,GallMi00,30,8,WAS,1,0.0033761444501578808,301587301.5873016,1018202.2944920594,1.0182022944920595
5556,Michael Gallup,michael gallup,00-0034764,GallMi00,30,8,WAS,2,0.003740025218576193,301587301.5873016,1127944.113538852,1.127944113538852
5556,Michael Gallup,michael gallup,00-0034764,GallMi00,30,8,WAS,3,0.004633260425180197,301587301.5873016,1397332.5091813293,1.3973325091813293
5556,Michael Gallup,michael gallup,00-0034764,GallMi00,30,8,WAS,4,0.013651828281581402,301587301.5873016,4117218.0531753437,4.1172180531753435
5556,Michael Gallup,michael gallup,00-0034764,GallMi00,30,8,WAS,5,0.02715265192091465,301587301.5873016,8188895.023767911,8.18889502376791
5557,Mike Strachan,mike strachan,00-0036482,StraMi03,28,5,WAS,1,0.003202369436621666,301587301.5873016,965793.9570763755,0.9657939570763755
5557,Mike Strachan,mike strachan,00-0036482,StraMi03,28,5,WAS,2,0.003566249506548047,301587301.5873016,1075535.5654668715,1.0755355654668715
5557,Mike Strachan,mike strachan,00-0036482,StraMi03,28,5,WAS,3,0.004459484480321407,301587301.5873016,1344923.8908905832,1.3449238908905832
5557,Mike Strachan,mike strachan,00-0036482,StraMi03,28,5,WAS,4,0.013478051871061325,301587301.5873016,4064809.2944470667,4.064809294447067
5557,Mike Strachan,mike strachan,00-0036482,StraMi03,28,5,WAS,5,0.026978878304362297,301587301.5873016,8136487.107664821,8.13648710766482
5558,Mike Williams,mike williams,00-0033536,WillMi07,31,9,LAC,1,0.008102549239993095,301587301.5873016,2443625.961267759,2.443625961267759
5558,Mike Williams,mike williams,00-0033536,WillMi07,31,9,LAC,2,0.009154509752988815,301587301.5873016,2760883.8937585317,2.760883893758532
5558,Mike Williams,mike williams,00-0033536,WillMi07,31,9,LAC,3,0.015748731791973114,301587301.5873016,4749617.524563321,4.7496175245633205
5558,Mike Williams,mike williams,00-0033536,WillMi07,31,9,LAC,4,0.027231374755501747,301587301.5873016,8212636.831024338,8.212636831024337
5558,Mike Williams,mike williams,00-0033536,WillMi07,31,9,LAC,5,0.027619102969765663,301587301.5873016,8329570.736913455,8.329570736913455
5559,Mike Woods,mike woods,00-0037300,WoodMi00,26,4,CLE,1,0.008360227569937706,301587301.5873016,2521338.4734732765,2.5213384734732767
5559,Mike Woods,mike woods,00-0037300,WoodMi00,26,4,CLE,2,0.008724107407033443,301587301.5873016,2631080.011645007,2.631080011645007
5559,Mike Woods,mike woods,00-0037300,WoodMi00,26,4,CLE,3,0.020103394985198975,301587301.5873016,6062928.64632985,6.06292864632985
5559,Mike Woods,mike woods,00-0037300,WoodMi00,26,4,CLE,4,0.02238858863711357,301587301.5873016,6752114.033415205,6.7521140334152046
5559,Mike Woods,mike woods,00-0037300,WoodMi00,26,4,CLE,5,0.031104179099202156,301587301.5873016,9380625.442616524,9.380625442616525
5560,Miles Boykin,miles boykin,00-0035703,BoykMi00,29,7,CHI,1,0.0029250504449009895,301587301.5873016,882158.0706844255,0.8821580706844255
5560,Miles Boykin,miles boykin,00-0035703,BoykMi00,29,7,CHI,2,0.0032889305148273706,301587301.5873016,991899.6790749214,0.9918996790749214
5560,Miles Boykin,miles boykin,00-0035703,BoykMi00,29,7,CHI,3,0.004182165022939444,301587301.5873016,1261287.864061102,1.261287864061102
5560,Miles Boykin,miles boykin,00-0035703,BoykMi00,29,7,CHI,4,0.013200731948018074,301587301.5873016,3981173.1271800543,3.981173127180054
5560,Miles Boykin,miles boykin,00-0035703,BoykMi00,29,7,CHI,5,0.026701554656028748,301587301.5873016,8052849.816897559,8.05284981689756
5561,Montrell Washington,montrell washington,00-0037272,WashMo00,27,4,NYG,1,0.002723989775404334,301587301.5873016,821520.7259155929,0.8215207259155929
5561,Montrell Washington,montrell washington,00-0037272,WashMo00,27,4,NYG,2,0.003087870543822646,301587301.5873016,931262.5449623854,0.9312625449623855
5561,Montrell Washington,montrell washington,00-0037272,WashMo00,27,4,NYG,3,0.004381144419312477,301587301.5873016,1321297.5232847154,1.3212975232847153
5561,Montrell Washington,montrell washington,00-0037272,WashMo00,27,4,NYG,4,0.012999670580029488,301587301.5873016,3920535.571754925,3.920535571754925
5561,Montrell Washington,montrell washington,00-0037272,WashMo00,27,4,NYG,5,0.026103734970092773,301587301.5873016,7872554.990980361,7.872554990980361
5562,Nick Williams,nick williams,00-0039045,NA,NA,3,DEN,1,0.0034368711058050394,301587301.5873016,1036516.6827031072,1.0365166827031072
5562,Nick Williams,nick williams,00-0039045,NA,NA,3,DEN,2,0.003656126093119383,301587301.5873016,1102641.202686798,1.102641202686798
5562,Nick Williams,nick williams,00-0039045,NA,NA,3,DEN,3,0.004693986847996712,301587301.5873016,1415646.8271736116,1.4156468271736116
5562,Nick Williams,nick williams,00-0039045,NA,NA,3,DEN,4,0.01371255237609148,301587301.5873016,4135531.6689799707,4.13553166897997
5562,Nick Williams,nick williams,00-0039045,NA,NA,3,DEN,5,0.027213379740715027,301587301.5873016,8207209.763072787,8.207209763072786
5563,Noah Brown,noah brown,00-0033591,BrowNo00,30,9,WAS,1,0.004451909568160772,301587301.5873016,1342639.3935722965,1.3426393935722964
5563,Noah Brown,noah brown,00-0033591,BrowNo00,30,9,WAS,2,0.007377718575298786,301587301.5873016,2225026.2369948723,2.2250262369948723
5563,Noah Brown,noah brown,00-0033591,BrowNo00,30,9,WAS,3,0.018490249291062355,301587301.5873016,5576424.389368013,5.576424389368013
5563,Noah Brown,noah brown,00-0033591,BrowNo00,30,9,WAS,4,0.023033061996102333,301587301.5873016,6946479.014697529,6.9464790146975295
5563,Noah Brown,noah brown,00-0033591,BrowNo00,30,9,WAS,5,0.023968340829014778,301587301.5873016,7228547.234147315,7.228547234147315
5564,Oliver Martin,oliver martin,00-0038672,NA,27,3,JAX,1,0.0034620279911905527,301587301.5873016,1044103.6798828652,1.0441036798828651
5564,Oliver Martin,oliver martin,00-0038672,NA,27,3,JAX,2,0.003681282978504896,301587301.5873016,1110228.199866556,1.1102281998665562
5564,Oliver Martin,oliver martin,00-0038672,NA,27,3,JAX,3,0.004719143267720938,301587301.5873016,1423233.6839158384,1.4232336839158384
5564,Oliver Martin,oliver martin,00-0038672,NA,27,3,JAX,4,0.013737709261476994,301587301.5873016,4143118.6661597285,4.143118666159729
5564,Oliver Martin,oliver martin,00-0038672,NA,27,3,JAX,5,0.02723853662610054,301587301.5873016,8214796.760252545,8.214796760252545
5565,Pokey Wilson,pokey wilson,NA,NA,24,NA,NYJ,1,0.0032177867833524942,301587301.5873016,970443.6330745618,0.9704436330745618
5565,Pokey Wilson,pokey wilson,NA,NA,24,NA,NYJ,2,0.0035816673189401627,301587301.5873016,1080185.3819025888,1.0801853819025888
5565,Pokey Wilson,pokey wilson,NA,NA,24,NA,NYJ,3,0.00447490531951189,301587301.5873016,1349574.6201702529,1.3495746201702528
5565,Pokey Wilson,pokey wilson,NA,NA,24,NA,NYJ,4,0.013493469916284084,301587301.5873016,4069459.1811015494,4.069459181101549
5565,Pokey Wilson,pokey wilson,NA,NA,24,NA,NYJ,5,0.02699429541826248,301587301.5873016,8141136.713444241,8.141136713444242
5566,Quintez Cephus,quintez cephus,00-0036277,CephQu00,27,6,HOU,1,0.0036475188098847866,301587301.5873016,1100045.3553620786,1.1000453553620786
5566,Quintez Cephus,quintez cephus,00-0036277,CephQu00,27,6,HOU,2,0.004011395387351513,301587301.5873016,1209785.9104710913,1.2097859104710913
5566,Quintez Cephus,quintez cephus,00-0036277,CephQu00,27,6,HOU,3,0.004904636647552252,301587301.5873016,1479176.131801473,1.479176131801473
5566,Quintez Cephus,quintez cephus,00-0036277,CephQu00,27,6,HOU,4,0.013923202641308308,301587301.5873016,4199061.114045363,4.199061114045363
5566,Quintez Cephus,quintez cephus,00-0036277,CephQu00,27,6,HOU,5,0.027424030005931854,301587301.5873016,8270739.208138179,8.27073920813818
5567,Racey McMath,racey mcmath,00-0036652,McMaRa00,26,5,DAL,1,0.0034518097527325153,301587301.5873016,1041021.9889193301,1.04102198891933
5567,Racey McMath,racey mcmath,00-0036652,McMaRa00,26,5,DAL,2,0.00381569005548954,301587301.5873016,1150763.6675285916,1.1507636675285915
5567,Racey McMath,racey mcmath,00-0036652,McMaRa00,26,5,DAL,3,0.004708925727754831,301587301.5873016,1420152.2036086,1.4201522036086
5567,Racey McMath,racey mcmath,00-0036652,McMaRa00,26,5,DAL,4,0.013727492652833462,301587301.5873016,4140037.4667275525,4.140037466727552
5567,Racey McMath,racey mcmath,00-0036652,McMaRa00,26,5,DAL,5,0.02722831815481186,301587301.5873016,8211714.999070244,8.211714999070244
5568,Rakim Jarrett,rakim jarrett,00-0038821,JarrRa00,25,3,TB,1,0.004375807009637356,301587301.5873016,1319687.8283033296,1.3196878283033298
5568,Rakim Jarrett,rakim jarrett,00-0038821,JarrRa00,25,3,TB,2,0.0045950631611049175,301587301.5873016,1385812.6993808483,1.3858126993808484
5568,Rakim Jarrett,rakim jarrett,00-0038821,JarrRa00,25,3,TB,3,0.006209618411958218,301587301.5873016,1872742.0607493038,1.8727420607493037
5568,Rakim Jarrett,rakim jarrett,00-0038821,JarrRa00,25,3,TB,4,0.01465148851275444,301587301.5873016,4418702.884798959,4.418702884798959
5568,Rakim Jarrett,rakim jarrett,00-0038821,JarrRa00,25,3,TB,5,0.023455223068594933,301587301.5873016,7073797.433385774,7.073797433385773
5569,Ray-Ray McCloud,ray ray mccloud,00-0034407,McClRa00,29,8,ATL,1,0.009614108130335808,301587301.5873016,2899492.9281965136,2.8994929281965134
5569,Ray-Ray McCloud,ray ray mccloud,00-0034407,McClRa00,29,8,ATL,2,0.01201372779905796,301587301.5873016,3623187.7489222423,3.623187748922242
5569,Ray-Ray McCloud,ray ray mccloud,00-0034407,McClRa00,29,8,ATL,3,0.022760985419154167,301587301.5873016,6864424.1740306225,6.864424174030622
5569,Ray-Ray McCloud,ray ray mccloud,00-0034407,McClRa00,29,8,ATL,4,0.023097097873687744,301587301.5873016,6965791.422223289,6.965791422223289
5569,Ray-Ray McCloud,ray ray mccloud,00-0034407,McClRa00,29,8,ATL,5,0.03207360953092575,301587301.5873016,9672993.350596655,9.672993350596656
5570,River Cracraft,river cracraft,00-0034054,CracRi00,31,9,WAS,1,0.003931565210223198,301587301.5873016,1185710.1427657264,1.1857101427657264
5570,River Cracraft,river cracraft,00-0034054,CracRi00,31,9,WAS,2,0.00460753683000803,301587301.5873016,1389574.5995262314,1.3895745995262314
5570,River Cracraft,river cracraft,00-0034054,CracRi00,31,9,WAS,3,0.007784062065184116,301587301.5873016,2347574.2736269557,2.3475742736269556
5570,River Cracraft,river cracraft,00-0034054,CracRi00,31,9,WAS,4,0.01610853709280491,301587301.5873016,4858130.234337988,4.858130234337988
5570,River Cracraft,river cracraft,00-0034054,CracRi00,31,9,WAS,5,0.02313510701060295,301587301.5873016,6977254.495261208,6.977254495261208
5571,Robbie Chosen,robbie chosen,00-0032688,AndeRo04,32,10,WAS,1,0.00555645115673542,301587301.5873016,1675755.110761476,1.6757551107614759
5571,Robbie Chosen,robbie chosen,00-0032688,AndeRo04,32,10,WAS,2,0.006232425570487976,301587301.5873016,1879620.4101471675,1.8796204101471674
5571,Robbie Chosen,robbie chosen,00-0032688,AndeRo04,32,10,WAS,3,0.011339006945490837,301587301.5873016,3419700.5073702526,3.4197005073702527
5571,Robbie Chosen,robbie chosen,00-0032688,AndeRo04,32,10,WAS,4,0.01977248303592205,301587301.5873016,5963129.804484429,5.963129804484429
5571,Robbie Chosen,robbie chosen,00-0032688,AndeRo04,32,10,WAS,5,0.022151459008455276,301587301.5873016,6680598.74858175,6.68059874858175
5572,Robert Woods,robert woods,00-0030431,WoodRo02,33,13,PIT,1,0.0049790977500379086,301587301.5873016,1501632.6547733375,1.5016326547733376
5572,Robert Woods,robert woods,00-0030431,WoodRo02,33,13,PIT,2,0.005711703561246395,301587301.5873016,1722577.264502881,1.7225772645028812
5572,Robert Woods,robert woods,00-0030431,WoodRo02,33,13,PIT,3,0.011223061941564083,301587301.5873016,3384732.966503454,3.384732966503454
5572,Robert Woods,robert woods,00-0030431,WoodRo02,33,13,PIT,4,0.016807813197374344,301587301.5873016,5069023.027779564,5.069023027779564
5572,Robert Woods,robert woods,00-0030431,WoodRo02,33,13,PIT,5,0.028923628851771355,301587301.5873016,8722999.177518345,8.722999177518345
5573,Rondale Moore,rondale moore,00-0036936,MoorRo02,25,5,MIN,1,0.0026296142023056746,301587301.5873016,793058.251489013,0.793058251489013
5573,Rondale Moore,rondale moore,00-0036936,MoorRo02,25,5,MIN,2,0.003184694331139326,301587301.5873016,960463.3697086857,0.9604633697086856
5573,Rondale Moore,rondale moore,00-0036936,MoorRo02,25,5,MIN,3,0.006393196061253548,301587301.5873016,1928106.7486320224,1.9281067486320225
5573,Rondale Moore,rondale moore,00-0036936,MoorRo02,25,5,MIN,4,0.01435686182230711,301587301.5873016,4329847.216251351,4.329847216251351
5573,Rondale Moore,rondale moore,00-0036936,MoorRo02,25,5,MIN,5,0.026406118646264076,301587301.5873016,7963750.067920913,7.9637500679209126
5574,Russell Gage,russell gage,00-0034411,GageRu00,30,8,SF,1,0.003738424275070429,301587301.5873016,1127461.2893069547,1.1274612893069547
5574,Russell Gage,russell gage,00-0034411,GageRu00,30,8,SF,2,0.00410230178385973,301587301.5873016,1237202.1252910297,1.2372021252910297
5574,Russell Gage,russell gage,00-0034411,GageRu00,30,8,SF,3,0.007452417630702257,301587301.5873016,2247554.5235451255,2.2475545235451255
5574,Russell Gage,russell gage,00-0034411,GageRu00,30,8,SF,4,0.018411023542284966,301587301.5873016,5552530.909578006,5.552530909578006
5574,Russell Gage,russell gage,00-0034411,GageRu00,30,8,SF,5,0.027085650712251663,301587301.5873016,8168688.310044153,8.168688310044153
5575,Sam James,sam james,NA,NA,NA,NA,LA,1,0.004002392292022705,301587301.5873016,1207070.6912449428,1.207070691244943
5575,Sam James,sam james,NA,NA,NA,NA,LA,2,0.004366271197795868,301587301.5873016,1316811.948541611,1.316811948541611
5575,Sam James,sam james,NA,NA,NA,NA,LA,3,0.0052595119923353195,301587301.5873016,1586202.0294344616,1.5862020294344616
5575,Sam James,sam james,NA,NA,NA,NA,LA,4,0.014278079383075237,301587301.5873016,4306087.432990945,4.306087432990945
5575,Sam James,sam james,NA,NA,NA,NA,LA,5,0.027778901159763336,301587301.5873016,8377763.8418333875,8.377763841833387
5576,Scotty Miller,scotty miller,NA,NA,28,NA,PIT,1,0.005995151586830616,301587301.5873016,1808061.5896790747,1.8080615896790746
5576,Scotty Miller,scotty miller,NA,NA,28,NA,PIT,2,0.006359032820910215,301587301.5873016,1917803.5491633983,1.9178035491633982
5576,Scotty Miller,scotty miller,NA,NA,28,NA,PIT,3,0.00935342162847519,301587301.5873016,2820873.1895401366,2.8208731895401367
5576,Scotty Miller,scotty miller,NA,NA,28,NA,PIT,4,0.01627083122730255,301587301.5873016,4907076.0844245795,4.907076084424579
5576,Scotty Miller,scotty miller,NA,NA,28,NA,PIT,5,0.029771653935313225,301587301.5873016,8978752.774142085,8.978752774142084
5577,Scotty Washington,scotty washington,00-0035769,NA,28,6,BAL,1,0.002965126419439912,301587301.5873016,894244.4757041004,0.8942444757041005
5577,Scotty Washington,scotty washington,00-0035769,NA,28,6,BAL,2,0.003329007187858224,301587301.5873016,1003986.294750893,1.003986294750893
5577,Scotty Washington,scotty washington,00-0035769,NA,28,6,BAL,3,0.004222244955599308,301587301.5873016,1273375.4627997915,1.2733754627997915
5577,Scotty Washington,scotty washington,00-0035769,NA,28,6,BAL,4,0.013240809552371502,301587301.5873016,3993260.0237310883,3.9932600237310885
5577,Scotty Washington,scotty washington,00-0035769,NA,28,6,BAL,5,0.02674163691699505,301587301.5873016,8064938.117823904,8.064938117823905
5578,Sean Ryan,sean ryan,00-0038455,RyanSe01,27,3,BAL,1,0.0031357312109321356,301587301.5873016,945696.7144081044,0.9456967144081044
5578,Sean Ryan,sean ryan,00-0038455,RyanSe01,27,3,BAL,2,0.0033549866639077663,301587301.5873016,1011821.3748293264,1.0118213748293263
5578,Sean Ryan,sean ryan,00-0038455,RyanSe01,27,3,BAL,3,0.004392846487462521,301587301.5873016,1324826.7184410777,1.3248267184410778
5578,Sean Ryan,sean ryan,00-0038455,RyanSe01,27,3,BAL,4,0.013411412015557289,301587301.5873016,4044711.5602474366,4.044711560247436
5578,Sean Ryan,sean ryan,00-0038455,RyanSe01,27,3,BAL,5,0.02691223844885826,301587301.5873016,8116389.373465191,8.116389373465191
5579,Seth Williams,seth williams,00-0036657,WillSe00,25,5,LV,1,0.0026957886293530464,301587301.5873016,813015.6183763157,0.8130156183763156
5579,Seth Williams,seth williams,00-0036657,WillSe00,25,5,LV,2,0.0030596686992794275,301587301.5873016,922757.2267668116,0.9227572267668116
5579,Seth Williams,seth williams,00-0036657,WillSe00,25,5,LV,3,0.003952906001359224,301587301.5873016,1192146.2543781789,1.192146254378179
5579,Seth Williams,seth williams,00-0036657,WillSe00,25,5,LV,4,0.012971471063792706,301587301.5873016,3912030.955747007,3.912030955747007
5579,Seth Williams,seth williams,00-0036657,WillSe00,25,5,LV,5,0.02647230215370655,301587301.5873016,7983710.173340072,7.9837101733400715
5580,Shae Wyatt,shae wyatt,NA,NA,NA,NA,SF,1,0.004002392292022705,301587301.5873016,1207070.6912449428,1.207070691244943
5580,Shae Wyatt,shae wyatt,NA,NA,NA,NA,SF,2,0.004366271197795868,301587301.5873016,1316811.948541611,1.316811948541611
5580,Shae Wyatt,shae wyatt,NA,NA,NA,NA,SF,3,0.0052595119923353195,301587301.5873016,1586202.0294344616,1.5862020294344616
5580,Shae Wyatt,shae wyatt,NA,NA,NA,NA,SF,4,0.014278079383075237,301587301.5873016,4306087.432990945,4.306087432990945
5580,Shae Wyatt,shae wyatt,NA,NA,NA,NA,SF,5,0.027778901159763336,301587301.5873016,8377763.8418333875,8.377763841833387
5581,Shaq Davis,shaq davis,NA,NA,25,NA,PHI,1,0.00379363470710814,301587301.5873016,1144112.0545246773,1.1441120545246772
5581,Shaq Davis,shaq davis,NA,NA,25,NA,PHI,2,0.0041575124487280846,301587301.5873016,1253852.9607275177,1.2538529607275177
5581,Shaq Davis,shaq davis,NA,NA,25,NA,PHI,3,0.005050752777606249,301587301.5873016,1523242.901182837,1.523242901182837
5581,Shaq Davis,shaq davis,NA,NA,25,NA,PHI,4,0.014069318771362305,301587301.5873016,4243127.883426727,4.243127883426727
5581,Shaq Davis,shaq davis,NA,NA,25,NA,PHI,5,0.027570141479372978,301587301.5873016,8314804.573144232,8.314804573144231
5582,Sterling Shepard,sterling shepard,00-0032385,ShepSt00,33,10,TB,1,0.013887886889278889,301587301.5873016,4188410.331687284,4.188410331687284
5582,Sterling Shepard,sterling shepard,00-0032385,ShepSt00,33,10,TB,2,0.01493984367698431,301587301.5873016,4505667.140677808,4.505667140677808
5582,Sterling Shepard,sterling shepard,00-0032385,ShepSt00,33,10,TB,3,0.02761729806661606,301587301.5873016,8329026.401042939,8.32902640104294
5582,Sterling Shepard,sterling shepard,00-0032385,ShepSt00,33,10,TB,4,0.03045037016272545,301587301.5873016,9183444.969710851,9.183444969710852
5582,Sterling Shepard,sterling shepard,00-0032385,ShepSt00,33,10,TB,5,0.03077586181461811,301587301.5873016,9281609.118694352,9.281609118694352
5583,Steven Sims Jr.,steven sims jr,NA,NA,28,NA,SEA,1,0.004215727094560862,301587301.5873016,1271409.7586770854,1.2714097586770854
5583,Steven Sims Jr.,steven sims jr,NA,NA,28,NA,SEA,2,0.004579606465995312,301587301.5873016,1381151.1564112846,1.3811511564112846
5583,Steven Sims Jr.,steven sims jr,NA,NA,28,NA,SEA,3,0.005472846794873476,301587301.5873016,1650541.096866604,1.6505410968666039
5583,Steven Sims Jr.,steven sims jr,NA,NA,28,NA,SEA,4,0.014491414651274681,301587301.5873016,4370426.640860618,4.370426640860618
5583,Steven Sims Jr.,steven sims jr,NA,NA,28,NA,SEA,5,0.027992235496640205,301587301.5873016,8442102.768827999,8.442102768827999
5584,Sy Barnett,sy barnett,NA,NA,NA,NA,NO,1,0.004002392292022705,301587301.5873016,1207070.6912449428,1.207070691244943
5584,Sy Barnett,sy barnett,NA,NA,NA,NA,NO,2,0.004366271197795868,301587301.5873016,1316811.948541611,1.316811948541611
5584,Sy Barnett,sy barnett,NA,NA,NA,NA,NO,3,0.0052595119923353195,301587301.5873016,1586202.0294344616,1.5862020294344616
5584,Sy Barnett,sy barnett,NA,NA,NA,NA,NO,4,0.014278079383075237,301587301.5873016,4306087.432990945,4.306087432990945
5584,Sy Barnett,sy barnett,NA,NA,NA,NA,NO,5,0.027778901159763336,301587301.5873016,8377763.8418333875,8.377763841833387
5585,T.J. Luther,t j luther,00-0038502,LuthTJ00,25,3,CAR,1,0.0028407229110598564,301587301.5873016,856725.9573037663,0.8567259573037663
5585,T.J. Luther,t j luther,00-0038502,LuthTJ00,25,3,CAR,2,0.003059978364035487,301587301.5873016,922850.6177249883,0.9228506177249882
5585,T.J. Luther,t j luther,00-0038502,LuthTJ00,25,3,CAR,3,0.004097839817404747,301587301.5873016,1235856.4528680984,1.2358564528680984
5585,T.J. Luther,t j luther,00-0038502,LuthTJ00,25,3,CAR,4,0.013116403482854366,301587301.5873016,3955740.732924333,3.955740732924333
5585,T.J. Luther,t j luther,00-0038502,LuthTJ00,25,3,CAR,5,0.02661723457276821,301587301.5873016,8027419.950517397,8.027419950517398
5586,Tarik Black,tarik black,00-0036491,BlacTa00,28,5,MIA,1,0.0037432245444506407,301587301.5873016,1128908.989596225,1.128908989596225
5586,Tarik Black,tarik black,00-0036491,BlacTa00,28,5,MIA,2,0.004107102286070585,301587301.5873016,1238649.8957990655,1.2386498957990655
5586,Tarik Black,tarik black,00-0036491,BlacTa00,28,5,MIA,3,0.005000344943255186,301587301.5873016,1508040.5384420403,1.5080405384420403
5586,Tarik Black,tarik black,00-0036491,BlacTa00,28,5,MIA,4,0.014018907211720943,301587301.5873016,4227924.397185681,4.2279243971856815
5586,Tarik Black,tarik black,00-0036491,BlacTa00,28,5,MIA,5,0.02751973271369934,301587301.5873016,8299601.929528373,8.299601929528373
5587,Tay Martin,tay martin,00-0037524,MartTa00,28,4,WAS,1,0.005104564130306244,301587301.5873016,1539471.7218383912,1.539471721838391
5587,Tay Martin,tay martin,00-0037524,MartTa00,28,4,WAS,2,0.005937498062849045,301587301.5873016,1790674.018954474,1.790674018954474
5587,Tay Martin,tay martin,00-0037524,MartTa00,28,4,WAS,3,0.01001825649291277,301587301.5873016,3021378.942307026,3.021378942307026
5587,Tay Martin,tay martin,00-0037524,MartTa00,28,4,WAS,4,0.015004868619143963,301587301.5873016,4525277.837519608,4.525277837519608
5587,Tay Martin,tay martin,00-0037524,MartTa00,28,4,WAS,5,0.029059594497084618,301587301.5873016,8764004.68959695,8.764004689596948
5588,Taye Barber,taye barber,00-0038814,NA,26,3,TB,1,0.0034368711058050394,301587301.5873016,1036516.6827031072,1.0365166827031072
5588,Taye Barber,taye barber,00-0038814,NA,26,3,TB,2,0.003656126093119383,301587301.5873016,1102641.202686798,1.102641202686798
5588,Taye Barber,taye barber,00-0038814,NA,26,3,TB,3,0.004693986847996712,301587301.5873016,1415646.8271736116,1.4156468271736116
5588,Taye Barber,taye barber,00-0038814,NA,26,3,TB,4,0.01371255237609148,301587301.5873016,4135531.6689799707,4.13553166897997
5588,Taye Barber,taye barber,00-0038814,NA,26,3,TB,5,0.027213379740715027,301587301.5873016,8207209.763072787,8.207209763072786
5589,Taylor Grimes,taylor grimes,00-0038789,NA,26,3,DEN,1,0.0034368711058050394,301587301.5873016,1036516.6827031072,1.0365166827031072
5589,Taylor Grimes,taylor grimes,00-0038789,NA,26,3,DEN,2,0.003656126093119383,301587301.5873016,1102641.202686798,1.102641202686798
5589,Taylor Grimes,taylor grimes,00-0038789,NA,26,3,DEN,3,0.004693986847996712,301587301.5873016,1415646.8271736116,1.4156468271736116
5589,Taylor Grimes,taylor grimes,00-0038789,NA,26,3,DEN,4,0.01371255237609148,301587301.5873016,4135531.6689799707,4.13553166897997
5589,Taylor Grimes,taylor grimes,00-0038789,NA,26,3,DEN,5,0.027213379740715027,301587301.5873016,8207209.763072787,8.207209763072786
5590,Thayer Thomas,thayer thomas,00-0038810,ThomTh01,27,3,MIN,1,0.0026871557347476482,301587301.5873016,810412.0469873861,0.8104120469873861
5590,Thayer Thomas,thayer thomas,00-0038810,ThomTh01,27,3,MIN,2,0.002906411187723279,301587301.5873016,876536.707408608,0.876536707408608
5590,Thayer Thomas,thayer thomas,00-0038810,ThomTh01,27,3,MIN,3,0.00394427077844739,301587301.5873016,1189541.9808015937,1.1895419808015937
5590,Thayer Thomas,thayer thomas,00-0038810,ThomTh01,27,3,MIN,4,0.012861383147537708,301587301.5873016,3878829.838146293,3.878829838146293
5590,Thayer Thomas,thayer thomas,00-0038810,ThomTh01,27,3,MIN,5,0.026463665068149567,301587301.5873016,7981105.338013362,7.9811053380133625
5591,Tim Patrick,tim patrick,00-0033375,PatrTi00,32,9,DET,1,0.0071343062445521355,301587301.5873016,2151616.168991914,2.151616168991914
5591,Tim Patrick,tim patrick,00-0033375,PatrTi00,32,9,DET,2,0.010088167153298855,301587301.5873016,3042463.1097250516,3.0424631097250514
5591,Tim Patrick,tim patrick,00-0033375,PatrTi00,32,9,DET,3,0.022224394604563713,301587301.5873016,6702595.198201755,6.702595198201755
5591,Tim Patrick,tim patrick,00-0033375,PatrTi00,32,9,DET,4,0.025313131511211395,301587301.5873016,7634119.027190739,7.6341190271907395
5591,Tim Patrick,tim patrick,00-0033375,PatrTi00,32,9,DET,5,0.031217096373438835,301587301.5873016,9414679.858656157,9.414679858656157
5592,Tre’Shaun Harrison,tre shaun harrison,00-0038844,HarrTr02,25,3,TEN,1,0.0030470832716673613,301587301.5873016,918961.6216139662,0.9189616216139662
5592,Tre’Shaun Harrison,tre shaun harrison,00-0038844,HarrTr02,25,3,TEN,2,0.0032663384918123484,301587301.5873016,985086.2118164226,0.9850862118164226
5592,Tre’Shaun Harrison,tre shaun harrison,00-0038844,HarrTr02,25,3,TEN,3,0.004304198548197746,301587301.5873016,1298091.6256469395,1.2980916256469395
5592,Tre’Shaun Harrison,tre shaun harrison,00-0038844,HarrTr02,25,3,TEN,4,0.013322764076292515,301587301.5873016,4017976.4674532986,4.017976467453298
5592,Tre’Shaun Harrison,tre shaun harrison,00-0038844,HarrTr02,25,3,TEN,5,0.02682359144091606,301587301.5873016,8089654.561546114,8.089654561546114
5593,Trent Taylor,trent taylor,00-0033292,TaylTr02,31,9,SF,1,0.004079609643667936,301587301.5873016,1230358.463963346,1.230358463963346
5593,Trent Taylor,trent taylor,00-0033292,TaylTr02,31,9,SF,2,0.004443485755473375,301587301.5873016,1340098.8786348277,1.3400988786348276
5593,Trent Taylor,trent taylor,00-0033292,TaylTr02,31,9,SF,3,0.0059134215116500854,301587301.5873016,1783412.8368468513,1.7834128368468514
5593,Trent Taylor,trent taylor,00-0033292,TaylTr02,31,9,SF,4,0.014355289749801159,301587301.5873016,4329373.099146382,4.329373099146382
5593,Trent Taylor,trent taylor,00-0033292,TaylTr02,31,9,SF,5,0.023847952485084534,301587301.5873016,7192239.638358829,7.192239638358829
5594,Trenton Irwin,trenton irwin,00-0035341,IrwiTr00,30,7,JAX,1,0.004477307666093111,301587301.5873016,1350299.1373931605,1.3502991373931605
5594,Trenton Irwin,trenton irwin,00-0035341,IrwiTr00,30,7,JAX,2,0.004760115407407284,301587301.5873016,1435590.3609641015,1.4355903609641014
5594,Trenton Irwin,trenton irwin,00-0035341,IrwiTr00,30,7,JAX,3,0.0063111199997365475,301587301.5873016,1903353.650714197,1.903353650714197
5594,Trenton Irwin,trenton irwin,00-0035341,IrwiTr00,30,7,JAX,4,0.017924122512340546,301587301.5873016,5405687.74181699,5.40568774181699
5594,Trenton Irwin,trenton irwin,00-0035341,IrwiTr00,30,7,JAX,5,0.024842942133545876,301587301.5873016,7492315.881545582,7.492315881545582
5595,Trishton Jackson,trishton jackson,00-0035934,JackTr02,28,6,ARI,1,0.004487231373786926,301587301.5873016,1353292.0016182794,1.3532920016182794
5595,Trishton Jackson,trishton jackson,00-0035934,JackTr02,28,6,ARI,2,0.0048511135391891,301587301.5873016,1463034.2419776653,1.4630342419776654
5595,Trishton Jackson,trishton jackson,00-0035934,JackTr02,28,6,ARI,3,0.0063210465013980865,301587301.5873016,1906347.3575645024,1.9063473575645025
5595,Trishton Jackson,trishton jackson,00-0035934,JackTr02,28,6,ARI,4,0.017934050410985947,301587301.5873016,5408681.869979889,5.4086818699798895
5595,Trishton Jackson,trishton jackson,00-0035934,JackTr02,28,6,ARI,5,0.027834460139274597,301587301.5873016,8394519.724543134,8.394519724543134
5596,Tyjon Lindsey,tyjon lindsey,00-0038763,LindTy01,27,3,SEA,1,0.003349848324432969,301587301.5873016,1010271.7168924828,1.0102717168924829
5596,Tyjon Lindsey,tyjon lindsey,00-0038763,LindTy01,27,3,SEA,2,0.0035691037774086,301587301.5873016,1076396.3773137047,1.0763963773137046
5596,Tyjon Lindsey,tyjon lindsey,00-0038763,LindTy01,27,3,SEA,3,0.004606963135302067,301587301.5873016,1389401.580487925,1.3894015804879252
5596,Tyjon Lindsey,tyjon lindsey,00-0038763,LindTy01,27,3,SEA,4,0.01362552959471941,301587301.5873016,4109286.7031693463,4.109286703169347
5596,Tyjon Lindsey,tyjon lindsey,00-0038763,LindTy01,27,3,SEA,5,0.027126353234052658,301587301.5873016,8180963.673761914,8.180963673761914
5597,Tyler Adams,tyler adams,00-0038531,NA,NA,3,IND,1,0.0034368711058050394,301587301.5873016,1036516.6827031072,1.0365166827031072
5597,Tyler Adams,tyler adams,00-0038531,NA,NA,3,IND,2,0.003656126093119383,301587301.5873016,1102641.202686798,1.102641202686798
5597,Tyler Adams,tyler adams,00-0038531,NA,NA,3,IND,3,0.004693986847996712,301587301.5873016,1415646.8271736116,1.4156468271736116
5597,Tyler Adams,tyler adams,00-0038531,NA,NA,3,IND,4,0.01371255237609148,301587301.5873016,4135531.6689799707,4.13553166897997
5597,Tyler Adams,tyler adams,00-0038531,NA,NA,3,IND,5,0.027213379740715027,301587301.5873016,8207209.763072787,8.207209763072786
5598,Tyler Hudson,tyler hudson,00-0038356,NA,25,3,LA,1,0.0034368711058050394,301587301.5873016,1036516.6827031072,1.0365166827031072
5598,Tyler Hudson,tyler hudson,00-0038356,NA,25,3,LA,2,0.003656126093119383,301587301.5873016,1102641.202686798,1.102641202686798
5598,Tyler Hudson,tyler hudson,00-0038356,NA,25,3,LA,3,0.004693986847996712,301587301.5873016,1415646.8271736116,1.4156468271736116
5598,Tyler Hudson,tyler hudson,00-0038356,NA,25,3,LA,4,0.01371255237609148,301587301.5873016,4135531.6689799707,4.13553166897997
5598,Tyler Hudson,tyler hudson,00-0038356,NA,25,3,LA,5,0.027213379740715027,301587301.5873016,8207209.763072787,8.207209763072786
5599,Tyler Johnson,tyler johnson,00-0036427,JohnTy00,27,6,NYJ,1,0.004081577993929386,301587301.5873016,1230952.0934072754,1.2309520934072753
5599,Tyler Johnson,tyler johnson,00-0036427,JohnTy00,27,6,NYJ,2,0.006006233394145966,301587301.5873016,1811403.7220440216,1.8114037220440216
5599,Tyler Johnson,tyler johnson,00-0036427,JohnTy00,27,6,NYJ,3,0.01049143634736538,301587301.5873016,3164083.977776861,3.164083977776861
5599,Tyler Johnson,tyler johnson,00-0036427,JohnTy00,27,6,NYJ,4,0.018283085897564888,301587301.5873016,5513946.5405354425,5.513946540535443
5599,Tyler Johnson,tyler johnson,00-0036427,JohnTy00,27,6,NYJ,5,0.02698817290365696,301587301.5873016,8139290.240785433,8.139290240785433
5600,Tyler Lockett,tyler lockett,00-0032211,LockTy00,33,11,LV,1,4.6655075857415795e-4,301587301.5873016,140705.78433188892,0.14070578433188893
5600,Tyler Lockett,tyler lockett,00-0032211,LockTy00,33,11,LV,2,0.003617629176005721,301587301.5873016,1091031.0213350588,1.091031021335059
5600,Tyler Lockett,tyler lockett,00-0032211,LockTy00,33,11,LV,3,0.012853668071329594,301587301.5873016,3876503.0691311476,3.8765030691311475
5600,Tyler Lockett,tyler lockett,00-0032211,LockTy00,33,11,LV,4,0.017145764082670212,301587301.5873016,5170944.723344985,5.170944723344985
5600,Tyler Lockett,tyler lockett,00-0032211,LockTy00,33,11,LV,5,0.021017421036958694,301587301.5873016,6338587.296860559,6.338587296860559
5601,Tyrone Scott,tyrone scott,NA,NA,NA,NA,KC,1,0.0039017456583678722,301587301.5873016,1176716.9445871362,1.1767169445871362
5601,Tyrone Scott,tyrone scott,NA,NA,NA,NA,KC,2,0.004265621770173311,301587301.5873016,1286457.3592586177,1.2864573592586177
5601,Tyrone Scott,tyrone scott,NA,NA,NA,NA,KC,3,0.005158862564712763,301587301.5873016,1555847.4401514684,1.5558474401514684
5601,Tyrone Scott,tyrone scott,NA,NA,NA,NA,KC,4,0.014177429489791393,301587301.5873016,4275732.70327042,4.27573270327042
5601,Tyrone Scott,tyrone scott,NA,NA,NA,NA,KC,5,0.027678251266479492,301587301.5873016,8347409.112112863,8.347409112112864
5602,Winston Wright,winston wright,NA,NA,NA,NA,CLE,1,0.0030086932238191366,301587301.5873016,907383.6706756128,0.9073836706756128
5602,Winston Wright,winston wright,NA,NA,NA,NA,CLE,2,0.003372573759406805,301587301.5873016,1017125.4195036397,1.0171254195036397
5602,Winston Wright,winston wright,NA,NA,NA,NA,CLE,3,0.004265811759978533,301587301.5873016,1286514.6577713036,1.2865146577713036
5602,Winston Wright,winston wright,NA,NA,NA,NA,CLE,4,0.013284376822412014,301587301.5873016,4006399.3591401316,4.006399359140132
5602,Winston Wright,winston wright,NA,NA,NA,NA,CLE,5,0.02678520232439041,301587301.5873016,8078076.8914828235,8.078076891482823
5603,Xavier Malone,xavier malone,00-0038928,NA,26,3,ATL,1,0.0031105743255466223,301587301.5873016,938109.7172283465,0.9381097172283465
5603,Xavier Malone,xavier malone,00-0038928,NA,26,3,ATL,2,0.003329829778522253,301587301.5873016,1004234.3776495685,1.0042343776495686
5603,Xavier Malone,xavier malone,00-0038928,NA,26,3,ATL,3,0.004367690067738295,301587301.5873016,1317239.8616988508,1.3172398616988508
5603,Xavier Malone,xavier malone,00-0038928,NA,26,3,ATL,4,0.013386255130171776,301587301.5873016,4037124.563067679,4.037124563067679
5603,Xavier Malone,xavier malone,00-0038928,NA,26,3,ATL,5,0.026887081563472748,301587301.5873016,8108802.376285433,8.108802376285432
5604,Zach Pascal,zach pascal,00-0033251,PascZa00,31,9,NYG,1,0.0045364489778876305,301587301.5873016,1368135.406029603,1.368135406029603
5604,Zach Pascal,zach pascal,00-0033251,PascZa00,31,9,NYG,2,0.004900333005934954,301587301.5873016,1477878.2081391132,1.477878208139113
5604,Zach Pascal,zach pascal,00-0033251,PascZa00,31,9,NYG,3,0.008294764906167984,301587301.5873016,2501595.765352249,2.501595765352249
5604,Zach Pascal,zach pascal,00-0033251,PascZa00,31,9,NYG,4,0.014812136068940163,301587301.5873016,4467152.147775605,4.4671521477756055
5604,Zach Pascal,zach pascal,00-0033251,PascZa00,31,9,NYG,5,0.02744302898645401,301587301.5873016,8276469.059406766,8.276469059406766
5605,Zay Jones,zay jones,00-0033891,JoneZa00,30,9,ARI,1,0.00637900922447443,301587301.5873016,1923828.178809749,1.9238281788097489
5605,Zay Jones,zay jones,00-0033891,JoneZa00,30,9,ARI,2,0.0067428904585540295,301587301.5873016,2033570.1382940726,2.0335701382940727
5605,Zay Jones,zay jones,00-0033891,JoneZa00,30,9,ARI,3,0.013660886324942112,301587301.5873016,4119949.844030161,4.1199498440301605
5605,Zay Jones,zay jones,00-0033891,JoneZa00,30,9,ARI,4,0.022735053673386574,301587301.5873016,6856603.488799126,6.856603488799126
5605,Zay Jones,zay jones,00-0033891,JoneZa00,30,9,ARI,5,0.024136105552315712,301587301.5873016,7279142.944349184,7.279142944349184
5606,Zion Bowens,zion bowens,00-0038831,NA,26,3,WAS,1,0.0034368711058050394,301587301.5873016,1036516.6827031072,1.0365166827031072
5606,Zion Bowens,zion bowens,00-0038831,NA,26,3,WAS,2,0.003656126093119383,301587301.5873016,1102641.202686798,1.102641202686798
5606,Zion Bowens,zion bowens,00-0038831,NA,26,3,WAS,3,0.004693986847996712,301587301.5873016,1415646.8271736116,1.4156468271736116
5606,Zion Bowens,zion bowens,00-0038831,NA,26,3,WAS,4,0.01371255237609148,301587301.5873016,4135531.6689799707,4.13553166897997
5606,Zion Bowens,zion bowens,00-0038831,NA,26,3,WAS,5,0.027213379740715027,301587301.5873016,8207209.763072787,8.207209763072786
