contractRowId,playerName,playerKey,playerId,pfrId,ageAtSigning,yearsExpAtSigning,prevSignedTeam,termScenario,aavPercPrediction,impliedCap2026,aavPrediction,aavPredictionMillions,termProbability,pairId,termModelId,aavModelId,weightedAavPercContribution,weightedAavContribution,prevContractTerm,prevContractAav,prevContractAavPerc,regWeightedTargets,regWeightedReceptions,regWeightedReceivingYards,regWeightedReceivingTds,regWeightedTargetShare,snapWeightedOffensePctMean,ngsWeightedYardsPerTarget,marketPrev1MedianAavPerc,prevContractAavMillions
5463,Cedrick Wilson,cedrick wilson,00-0020452,WilsCe00,47,25,MIA,1,-0.003661975202797776,301587301.5873016,-1104405.2198913929,-1.104405219891393,0.9890026645831572,glm_pair,term_ll_final,aavPerc_rl_final,-0.003621703233204448,-1092259.7052521352,1,1170000,0.0042,NA,NA,NA,NA,NA,NA,NA,0.0042,1.17
5465,Chris Coleman,chris coleman,00-0019038,ColeCh01,48,26,MIA,1,-0.002628499527345496,301587301.5873016,-792722.0796756259,-0.7927220796756259,0.9879571920816398,glm_pair,term_ll_final,aavPerc_rl_final,-0.0025968450124241736,-783175.4799374493,3,900000,0.004,NA,NA,NA,NA,NA,NA,NA,0.0042,0.9
5522,Josh Reynolds,josh reynolds,00-0033943,ReynJo00,31,9,NYJ,1,0.005400734114369718,301587301.5873016,1628792.8281432483,1.6287928281432484,0.9867887810552121,glm_pair,term_ll_final,aavPerc_rl_final,0.005329383833522194,1607274.4894749476,1,2750000,0.0098,22,11.666666666666666,132,0.3333333333333333,0.04423296594733105,0.7357777777777778,NA,0.0042,2.75
5587,Tay Martin,tay martin,00-0037524,MartTa00,28,4,WAS,1,-5.517806823157578e-4,301587301.5873016,-166410.04704760952,-0.16641004704760953,0.9812026577740454,glm_pair,term_ll_final,aavPerc_rl_final,-5.414086719965977e-4,-163281.9804434184,1,840000,0.003,2,1.6666666666666667,31.666666666666668,0.3333333333333333,0.00440134414493388,0.13333333333333333,NA,0.0042,0.84
5444,Adam Thielen,adam thielen,00-0030035,ThieAd00,35,13,CAR,1,0.013761789726732284,301587301.5873016,4150381.028697038,4.150381028697038,0.9794710728093987,glm_pair,term_ll_final,aavPerc_rl_final,0.013479274947419831,4065178.1587456637,3,8333333,0.0371,44,28.666666666666668,329,1.6666666666666667,0.08975458975458976,0.4989166666666667,9.919354838709678,0.0042,8.333333
5519,Jordan Matthews,jordan matthews,00-0031299,NA,33,12,CAR,1,0.0075577996824274605,301587301.5873016,2279336.412160663,2.2793364121606627,0.9792531712018838,glm_pair,term_ll_final,aavPerc_rl_final,0.007400999306325681,2232047.409844253,1,1255000,0.0045,1,0,0,0,0.00193050193050193,NA,NA,0.0042,1.255
5554,Marquez Valdes-Scantling,marquez valdes scantling,00-0034272,ValdMa00,31,8,PIT,1,0.004394275486634845,301587301.5873016,1325257.6864454295,1.3252576864454295,0.9718937034780092,glm_pair,term_ll_final,aavPerc_rl_final,0.004270768676808171,1288009.6009421467,1,1255000,0.0045,34,15.666666666666666,217,2,0.06478114478114479,0.5011904761904762,NA,0.0042,1.255
5600,Tyler Lockett,tyler lockett,00-0032211,LockTy00,33,11,LV,1,-0.014399205304498949,301587301.5873016,-4342617.472785397,-4.342617472785397,0.970993645942353,glm_pair,term_ll_final,aavPerc_rl_final,-0.013981536857287903,-4216653.97283286,1,1255000,0.0045,61.333333333333336,37.666666666666664,394,1.3333333333333333,0.11253329796288314,0.5635294117647058,6.22997542997543,0.0042,1.255
5571,Robbie Chosen,robbie chosen,00-0032688,AndeRo04,32,10,WAS,1,-6.261343337948105e-4,301587301.5873016,-188834.1641603397,-0.18883416416033968,0.9687195096622842,glm_pair,term_ll_final,aavPerc_rl_final,-6.065485448164298e-4,-182927.33891289154,1,1255000,0.0045,7.333333333333333,3.6666666666666665,37,0,0.01623630672926447,0.31611111111111106,NA,0.0042,1.255
5570,River Cracraft,river cracraft,00-0034054,CracRi00,31,9,WAS,1,3.3573846601641955e-4,301587301.5873016,101254.45800495194,0.10125445800495195,0.9685442610287436,glm_pair,term_ll_final,aavPerc_rl_final,3.25177564466797e-4,98069.42420427213,1,1170000,0.0042,3,2.3333333333333335,22,0,0.00528169014084507,0.10916666666666668,NA,0.0042,1.17
5479,Deandre Carter,deandre carter,00-0031763,CartDe02,32,11,CLE,1,3.890440515022764e-4,301587301.5873016,117330.74569116274,0.11733074569116274,0.9681990901775396,glm_pair,term_ll_final,aavPerc_rl_final,3.7667209670348787e-4,113599.52122803603,1,1422500,0.0051,4.666666666666667,3,24,0,0.00887198986058301,0.04666666666666666,NA,0.0042,1.4225
5466,Chris Moore,chris moore,00-0032398,MoorCh00,32,10,WAS,1,0.008090130167057523,301587301.5873016,2439880.526572904,2.439880526572904,0.9633769370572756,glm_pair,term_ll_final,aavPerc_rl_final,0.007793844820734541,2350524.628475497,1,1255000,0.0045,23,11,207,1,0.05324074074074074,0.3538095238095238,NA,0.0042,1.255
5473,Dante Pettis,dante pettis,00-0034860,PettDa00,30,8,NO,1,-2.928035422644321e-4,301587301.5873016,-88305.8302067335,-0.08830583020673351,0.9631770473360356,glm_pair,term_ll_final,aavPerc_rl_final,-2.8202165128778784e-4,-85054.14880107887,1,1255000,0.0045,16.666666666666668,10,124.66666666666669,0.3333333333333333,0.03103222014914728,0.2508333333333333,NA,0.0042,1.255
5599,Tyler Johnson,tyler johnson,00-0036427,JohnTy00,27,6,NYJ,1,0.003356390835188172,301587301.5873016,1012244.8550567504,1.0122448550567504,0.9624927896173899,glm_pair,term_ll_final,aavPerc_rl_final,0.003230501978006505,974278.3743194222,1,1170000,0.0042,25.666666666666668,16.666666666666668,228.33333333333337,1,0.05068558956525371,0.3988888888888889,NA,0.0042,1.17
5563,Noah Brown,noah brown,00-0033591,BrowNo00,30,9,WAS,1,9.436239439660844e-4,301587301.5873016,284584.99897389853,0.28458499897389855,0.9618932763691681,glm_pair,term_ll_final,aavPerc_rl_final,9.076655271219332e-4,273740.3970685196,1,3250000,0.0116,25.333333333333332,15,206.33333333333337,0.3333333333333333,0.05246913580246912,0.4836363636363636,8.089285714285714,0.0042,3.25
5447,Anthony Miller,anthony miller,00-0034353,MillAn02,31,8,BAL,1,0.0052610581802837175,301587301.5873016,1586668.3400855658,1.586668340085566,0.961060397943693,glm_pair,term_ll_final,aavPerc_rl_final,0.005056194668348391,1524884.1063272927,1,1170000,0.0042,1,1,16,0,0.00218818380743982,0.07500000000000001,NA,0.0042,1.17
5532,Kaden Davis,kaden davis,00-0037380,DaviKa02,27,4,CLE,1,0.003769728266458633,301587301.5873016,1136902.1755986353,1.1369021755986353,0.9590076016911373,glm_pair,term_ll_final,aavPerc_rl_final,0.0036151980638437823,1090297.8287782834,1,840000,0.003,0,0,0,0,0,0.09000000000000001,NA,0.0042,0.84
5605,Zay Jones,zay jones,00-0033891,JoneZa00,30,9,ARI,1,0.00807089911423094,301587301.5873016,2434080.685244252,2.434080685244252,0.9574615780808675,glm_pair,term_ll_final,aavPerc_rl_final,0.007727575802443032,2330538.734070121,1,2400000,0.0086,15.666666666666666,10.666666666666666,150,0,0.02645978144210199,0.4459848484848485,NA,0.0042,2.4
5558,Mike Williams,mike williams,00-0033536,WillMi07,31,9,LAC,1,0.00576510696532946,301587301.5873016,1738683.053035869,1.738683053035869,0.9573324130050198,glm_pair,term_ll_final,aavPerc_rl_final,0.005519123762350899,1664497.6426137632,1,3000000,0.0107,34,21,298,1,0.05772495755517826,0.4066666666666666,NA,0.0042,3
5604,Zach Pascal,zach pascal,00-0033251,PascZa00,31,9,NYG,1,0.004730094185431396,301587301.5873016,1426536.34163804,1.42653634163804,0.9567798737852785,glm_pair,term_ll_final,aavPerc_rl_final,0.0045256589177295305,1364881.2609025568,1,1422500,0.0051,0,0,0,0,0,0.06588235294117648,NA,0.0042,1.4225
5591,Tim Patrick,tim patrick,00-0033375,PatrTi00,32,9,DET,1,0.00971440607631173,301587301.5873016,2929741.515078141,2.929741515078141,0.955304555769384,glm_pair,term_ll_final,aavPerc_rl_final,0.009280216381294382,2798795.4165808456,1,2500000,0.009,30.666666666666668,21,256,3,0.05734751961821242,0.40895833333333337,NA,0.0042,2.5
5572,Robert Woods,robert woods,00-0030431,WoodRo02,33,13,PIT,1,0.004918837361494486,301587301.5873016,1483458.8867999245,1.4834588867999245,0.9544369926600137,glm_pair,term_ll_final,aavPerc_rl_final,0.004694720338688514,1415868.0386520918,1,2000000,0.0072,30,20,203,0,0.05484460694698354,0.37066666666666664,NA,0.0042,2
5511,James Proche,james proche,00-0036133,ProcJa00,29,6,TEN,1,-0.00364125864581999,301587301.5873016,-1098157.369374283,-1.098157369374283,0.9542108747300723,glm_pair,term_ll_final,aavPerc_rl_final,-0.003474528597546331,-1047873.7040219095,1,1170000,0.0042,9,5,50.333333333333336,0,0.01667162668888756,0.2081481481481481,NA,0.0042,1.17
5541,Kristian Wilkerson,kristian wilkerson,00-0036183,WilkKr00,29,6,BUF,1,0.009588942121436121,301587301.5873016,2891903.179480735,2.8919031794807353,0.9540654080877959,glm_pair,term_ll_final,aavPerc_rl_final,0.009148477978218208,2759064.787081682,1,1100000,0.0039,3,2,18,1,0.00506756756756756,0.22,NA,0.0042,1.1
5569,Ray-Ray McCloud,ray ray mccloud,00-0034407,McClRa00,29,8,ATL,1,0.005888484513348108,301587301.5873016,1775892.1548192708,1.7758921548192708,0.9536389525093173,glm_pair,term_ll_final,aavPerc_rl_final,0.005615488203176627,1693559.9342913637,2,2500000,0.0098,39,25.333333333333332,274.6666666666667,0.3333333333333333,0.07307116225365606,0.6370588235294118,7.885057471264368,0.0042,2.5
5494,Equanimeous St. Brown,equanimeous st brown,00-0034279,St.BEq00,29,8,SF,1,0.0010324320306007734,301587301.5873016,311368.3901811857,0.3113683901811857,0.9526604397174544,glm_pair,term_ll_final,aavPerc_rl_final,9.835571522505172e-4,296628.3475041243,1,1170000,0.0042,NA,NA,NA,NA,NA,0.24,NA,0.0042,1.17
5454,Braxton Berrios,braxton berrios,00-0034419,BerrBr00,30,8,HOU,1,1.1888783345412363e-4,301587301.5873016,35855.06088298967,0.03585506088298967,0.9525215235487798,glm_pair,term_ll_final,aavPerc_rl_final,1.1324322025313543e-4,34152.71721919958,1,1800000,0.0064,6.666666666666667,4,24.666666666666668,0,0.0119917819151194,0.21777777777777776,NA,0.0042,1.8
5593,Trent Taylor,trent taylor,00-0033292,TaylTr02,31,9,SF,1,0.0014567946835767128,301587301.5873016,439350.7775866277,0.4393507775866277,0.9501359149678669,glm_pair,term_ll_final,aavPerc_rl_final,0.001384152949600484,417442.9530541143,1,1170000,0.0042,1,1,11,0,0.00194931773879142,0.095,NA,0.0042,1.17
5453,Brandon Johnson,brandon johnson,00-0037382,JohnBr23,27,4,PIT,1,-0.0015596271257090374,301587301.5873016,-470363.73632494785,-0.4703637363249479,0.9483372863128898,glm_pair,term_ll_final,aavPerc_rl_final,-0.0014790525560548808,-446063.4692863927,1,1100000,0.0039,0.3333333333333333,0.3333333333333333,3,0,7.246376811594203e-4,0.1,NA,0.0042,1.1
5446,Alex Bachman,alex bachman,00-0035602,BachAl00,29,7,LV,1,0.0016844959205118673,301587301.5873016,508022.5792019918,0.5080225792019918,0.945705346861156,glm_pair,term_ll_final,aavPerc_rl_final,0.0015930367987938778,480439.66947751876,1,1030000,0.0037,3,2.3333333333333335,18.333333333333332,0,0.0057377721851406,0.09871794871794871,NA,0.0042,1.03
5582,Sterling Shepard,sterling shepard,00-0032385,ShepSt00,33,10,TB,1,0.006552786952337983,301587301.5873016,1976237.3348320904,1.9762373348320905,0.9455399264471571,glm_pair,term_ll_final,aavPerc_rl_final,0.006195921692937548,1868611.3042192606,1,1750000,0.0063,52.333333333333336,36.666666666666664,358.6666666666667,1,0.09550653407007832,0.551978021978022,6.849673202614379,0.0042,1.75
5561,Montrell Washington,montrell washington,00-0037272,WashMo00,27,4,NYG,1,0.0029020878924766497,301587301.5873016,875232.8564612119,0.875232856461212,0.9449940174052316,glm_pair,term_ll_final,aavPerc_rl_final,0.002742455696374591,827089.813192337,1,1030000,0.0037,0,0,0,0,0,0.07,NA,0.0042,1.03
5524,JuJu Smith-Schuster,juju smith schuster,00-0033857,SmitJu00,29,9,KC,1,-0.0018296765095803516,301587301.5873016,-551807.2013020108,-0.5518072013020108,0.9449232872370502,glm_pair,term_ll_final,aavPerc_rl_final,-0.001728903942013078,-521415.47457537276,1,1422500,0.0051,38.666666666666664,28,307,1.3333333333333333,0.06979632389468454,0.5370448179271708,7.666666666666667,0.0042,1.4225
5594,Trenton Irwin,trenton irwin,00-0035341,IrwiTr00,30,7,JAX,1,0.0024227889836226178,301587301.5873016,730682.3918861863,0.7306823918861863,0.944747197366178,glm_pair,term_ll_final,aavPerc_rl_final,0.002288923102087119,690310.1418992899,1,1170000,0.0042,10,3,15,0,0.01592356687898089,0.2914285714285714,NA,0.0042,1.17
5480,DeAndre Hopkins,deandre hopkins,00-0030564,HopkDe00,33,13,BAL,1,0.013941415171903743,301587301.5873016,4204553.782002716,4.204553782002717,0.9415070690479145,glm_pair,term_ll_final,aavPerc_rl_final,0.013125940936879221,3958617.1079477016,1,5000000,0.0179,52.666666666666664,33.333333333333336,423.3333333333333,3,0.11647903955596264,0.3833333333333333,7.725,0.0042,5
5538,Kelvin Harmon,kelvin harmon,00-0035297,HarmKe00,29,7,DAL,1,-3.0413490443752017e-4,301587301.5873016,-91723.22514782356,-0.09172322514782355,0.9391300956580378,glm_pair,term_ll_final,aavPerc_rl_final,-2.856222418973565e-4,-86140.04120713928,1,960000,0.0034,NA,NA,NA,NA,NA,NA,NA,0.0042,0.96
5537,Keith Kirkwood,keith kirkwood,00-0034317,KirkKe00,31,8,BAL,1,4.6811821833898004e-4,301587301.5873016,141178.5102927083,0.14117851029270828,0.9379715018030264,glm_pair,term_ll_final,aavPerc_rl_final,4.390815482767701e-4,132421.4193215656,1,1170000,0.0042,NA,NA,NA,NA,NA,NA,NA,0.0042,1.17
5500,Hunter Renfrow,hunter renfrow,00-0034983,RenfHu00,30,7,CAR,1,0.006457748601396375,301587301.5873016,1947574.9750243037,1.9475749750243037,0.9371286211060434,glm_pair,term_ll_final,aavPerc_rl_final,0.006051741042276065,1825128.2508451627,1,1220000,0.0044,26,15,89,2,0.05416666666666667,0.4916666666666667,NA,0.0042,1.22
5556,Michael Gallup,michael gallup,00-0034764,GallMi00,30,8,WAS,1,0.004340998824541558,301587301.5873016,1309190.1216871366,1.3091901216871367,0.9327867694434335,glm_pair,term_ll_final,aavPerc_rl_final,0.004049226269701862,1221195.2241957998,1,1250000,0.0045,NA,NA,NA,NA,NA,NA,NA,0.0042,1.25
5486,DJ Chark,dj chark,00-0034777,CharDJ00,29,8,ATL,1,0.0035916767963116284,301587301.5873016,1083204.1131733484,1.0832041131733483,0.9322835277978938,glm_pair,term_ll_final,aavPerc_rl_final,0.0033484611143752424,1009853.3519544383,1,1300000,0.0047,10,4,31,1,0.02036659877800407,0.21714285714285717,NA,0.0042,1.3
5485,Diontae Johnson,diontae johnson,00-0035216,JohnDi01,29,7,CLE,1,0.007731091414268445,301587301.5873016,2331598.9979539756,2.3315989979539755,0.9290208679509965,glm_pair,term_ll_final,aavPerc_rl_final,0.007182345255892167,2166104.124792876,1,1170000,0.0042,67,33,375,3,0.1293436293436293,0.5516666666666666,5.597014925373134,0.0042,1.17
5560,Miles Boykin,miles boykin,00-0035703,BoykMi00,29,7,CHI,1,0.0037079000531509937,301587301.5873016,1118255.5715852205,1.1182555715852205,0.9283749120546584,glm_pair,term_ll_final,aavPerc_rl_final,0.003442321385751517,1038160.4179250608,1,1170000,0.0042,NA,NA,NA,NA,NA,NA,NA,0.0042,1.17
5468,Collin Johnson,collin johnson,00-0036254,JohnCo01,28,6,LV,1,0.0030010570937543017,301587301.5873016,905080.7108147895,0.9050807108147895,0.9274120607326658,glm_pair,term_ll_final,aavPerc_rl_final,0.002783216543695062,839382.7671461299,1,1170000,0.0042,2,1,6,0,0.00380228136882129,0.05444444444444445,NA,0.0042,1.17
5530,K.J. Osborn,k j osborn,00-0036345,OsboKJ00,28,6,WAS,1,0.005430813348676085,301587301.5873016,1637864.3432515177,1.6378643432515176,0.9255610397913605,glm_pair,term_ll_final,aavPerc_rl_final,0.005026549249913438,1515943.4245770685,1,1195000,0.0043,18,7,57,1,0.036,0.495,NA,0.0042,1.195
5491,Easop Winston,easop winston,00-0036080,WinsEa00,29,5,NYJ,1,0.0018351598448323955,301587301.5873016,553460.9055843733,0.5534609055843733,0.9250895110912897,glm_pair,term_ll_final,aavPerc_rl_final,0.0016976871236303677,512000.8785551903,1,960000,0.0034,NA,NA,NA,NA,NA,NA,NA,0.0042,0.96
5552,Malik Taylor,malik taylor,00-0035480,TaylMa01,30,7,DET,1,0.002396372342491903,301587301.5873016,722715.468370574,0.722715468370574,0.9235542046649564,glm_pair,term_ll_final,aavPerc_rl_final,0.002213179752851208,667466.9095900469,1,1100000,0.0039,NA,NA,NA,NA,NA,NA,NA,0.0042,1.1
5484,Dez Fitzpatrick,dez fitzpatrick,00-0036627,FitzDe00,28,5,LAC,1,0.0037996856078054094,301587301.5873016,1145936.9293381395,1.1459369293381394,0.9224774723311548,glm_pair,term_ll_final,aavPerc_rl_final,0.003505124375141402,1057101.0020267721,1,1030000,0.0037,NA,NA,NA,NA,NA,0.13,NA,0.0042,1.03
5483,Deon Cain,deon cain,00-0034406,CainDe00,29,8,BUF,1,0.0031666079504483707,301587301.5873016,955008.7469606198,0.9550087469606198,0.9207512458458638,glm_pair,term_ll_final,aavPerc_rl_final,0.0029156582154807546,879325.493557688,1,960000,0.0034,NA,NA,NA,NA,NA,NA,NA,0.0042,0.96
5474,David Bell,david bell,00-0037257,BellDa02,25,4,CLE,1,0.006164173206109596,301587301.5873016,1859036.3637473385,1.8590363637473386,0.9184757254133259,glm_pair,term_ll_final,aavPerc_rl_final,0.0056616434570548975,1707479.7727625885,4,1273726,0.00609999999999999,3,3,27,0,0.00473186119873817,0.13,NA,0.0042,1.273726
5501,Jacob Harris,jacob harris,00-0036918,HarrJa03,28,5,TB,1,0.003620387193046004,301587301.5873016,1091862.8042519696,1.0918628042519696,0.9183312474478877,glm_pair,term_ll_final,aavPerc_rl_final,0.0033247146872342937,1002691.73107066,1,1100000,0.0039,NA,NA,NA,NA,NA,NA,NA,0.0042,1.1
5528,Juwann Winfree,juwann winfree,00-0035593,WinfJu00,29,7,HOU,1,0.0018715519850593554,301587301.5873016,564436.3129544088,0.5644363129544088,0.9176172431066058,glm_pair,term_ll_final,aavPerc_rl_final,0.001717368372860861,517936.49340248195,1,1170000,0.0042,NA,NA,NA,NA,NA,NA,NA,0.0042,1.17
5493,Elijah Moore,elijah moore,00-0036980,MoorEl00,25,5,BUF,1,0.007453573945883566,301587301.5873016,2247903.253520441,2.2479032535204406,0.9171405534730462,glm_pair,term_ll_final,aavPerc_rl_final,0.0068359749340799305,2061643.2340875985,1,2500000,0.009,45.333333333333336,26.333333333333332,254,0.3333333333333333,0.07728816387101589,0.4619825708061002,5.2745098039215685,0.0042,2.5
5508,Jalen Reagor,jalen reagor,00-0036387,ReagJa00,27,6,LAC,1,0.002705231663398695,301587301.5873016,815863.5175329399,0.81586351753294,0.9144047337985456,glm_pair,term_ll_final,aavPerc_rl_final,0.0024736766390334804,746029.4625656529,1,1337500,0.0048,12,7,100,0,0.02443991853360488,0.28250000000000003,NA,0.0042,1.3375
5557,Mike Strachan,mike strachan,00-0036482,StraMi03,28,5,WAS,1,0.001350890482601305,301587301.5873016,407411.4153876952,0.4074114153876952,0.9126014714161748,glm_pair,term_ll_final,aavPerc_rl_final,0.0012328246421440573,371804.25715455704,1,1100000,0.0039,NA,NA,NA,NA,NA,NA,NA,0.0042,1.1
5577,Scotty Washington,scotty washington,00-0035769,NA,28,6,BAL,1,0.0011794939032520769,301587301.5873016,355720.3835204677,0.3557203835204677,0.9103031305295964,glm_pair,term_ll_final,aavPerc_rl_final,0.0010736969925709385,323813.3787118704,1,840000,0.003,NA,NA,NA,NA,NA,NA,NA,0.0042,0.84
5567,Racey McMath,racey mcmath,00-0036652,McMaRa00,26,5,DAL,1,0.001829343493438785,301587301.5873016,551706.7678624907,0.5517067678624907,0.9096774704982161,glm_pair,term_ll_final,aavPerc_rl_final,0.001664112561783764,501875.2170458971,2,1042500,0.0041,NA,NA,NA,NA,NA,NA,NA,0.0042,1.0425
5461,Bryce Ford-Wheaton,bryce ford wheaton,00-0038477,FordBr00,26,3,NYG,1,0.006446406084814273,301587301.5873016,1944154.2160550982,1.9441542160550982,0.9091827673805009,glm_pair,term_ll_final,aavPerc_rl_final,0.00586096132384994,1767591.5103674424,3,905000,0.004,0,0,0,0,0,0.00285714285714285,NA,0.0042,0.905
5559,Mike Woods,mike woods,00-0037300,WoodMi00,26,4,CLE,1,0.008193813190831688,301587301.5873016,2471150.0099333664,2.4711500099333663,0.9061467901281147,glm_pair,term_ll_final,aavPerc_rl_final,0.00742479752178154,2239224.649426179,4,957072,0.0046,17,7,65,0,0.02681388012618296,0.838,NA,0.0042,0.957072
5595,Trishton Jackson,trishton jackson,00-0035934,JackTr02,28,6,ARI,1,0.00500437102034426,301587301.5873016,1509254.7521673166,1.5092547521673165,0.9055901122348552,glm_pair,term_ll_final,aavPerc_rl_final,0.004531908913978415,1366766.1804061888,1,1100000,0.0039,NA,NA,NA,NA,NA,0.08499999999999999,NA,0.0042,1.1
5527,Justyn Ross,justyn ross,00-0037216,RossJu00,26,4,KC,1,9.514823077095583e-4,301587301.5873016,286954.9816901843,0.2869549816901843,0.9055754911085324,glm_pair,term_ll_final,aavPerc_rl_final,8.61639058085163e-4,259859.39847012854,1,960000,0.0034,1,0,0,0,0.00174825174825174,0.09,NA,0.0042,0.96
5506,Jalen Cropper,jalen cropper,00-0038740,MoreJa01,24,3,DAL,1,0.007994778980077215,301587301.5873016,2411123.819388367,2.411123819388367,0.9044133305471586,glm_pair,term_ll_final,aavPerc_rl_final,0.0072305846843600495,2180652.5238546184,2,877500,0.0034,0,0,0,0,0,0.09555555555555556,NA,0.0042,0.8775
5475,David Durden,david durden,00-0038734,DurdDa00,27,3,DAL,1,0.004083266672431862,301587301.5873016,1231461.3774000856,1.2314613774000855,0.9040499257379342,glm_pair,term_ll_final,aavPerc_rl_final,0.0036914769319802065,1113302.5667876815,3,901667,0.004,NA,NA,NA,NA,NA,NA,NA,0.0042,0.901667
5586,Tarik Black,tarik black,00-0036491,BlacTa00,28,5,MIA,1,0.002319431217775092,301587301.5873016,699511.0021861389,0.6995110021861389,0.9037349340697832,glm_pair,term_ll_final,aavPerc_rl_final,0.00209615101867537,632172.5294417782,1,840000,0.003,NA,NA,NA,NA,NA,NA,NA,0.0042,0.84
5469,Cornell Powell,cornell powell,00-0036647,PoweCo00,28,5,HOU,1,0.0028508592108693652,301587301.5873016,859782.9366113959,0.8597829366113959,0.9029700277234974,glm_pair,term_ll_final,aavPerc_rl_final,0.002574240420674499,776358.2221081821,1,960000,0.0034,NA,NA,NA,NA,NA,NA,NA,0.0042,0.96
5510,Jamal Agnew,jamal agnew,00-0033572,AgneJa00,30,9,ATL,1,0.0013945743983277013,301587301.5873016,420585.9296543861,0.4205859296543861,0.9018276836331661,glm_pair,term_ll_final,aavPerc_rl_final,0.0012576657992979872,379296.0347089168,1,2500000,0.009,0,0,0,0,0,0.00181818181818181,NA,0.0042,2.5
5553,Marquez Callaway,marquez callaway,00-0036219,CallMa01,27,6,LV,1,0.002849070352113103,301587301.5873016,859243.439526174,0.859243439526174,0.901368303771057,glm_pair,term_ll_final,aavPerc_rl_final,0.002568061710608596,774494.8016121163,1,1170000,0.0042,NA,NA,NA,NA,NA,0.04,NA,0.0042,1.17
5550,Malik Heath,malik heath,00-0038465,HeatMa00,25,3,GB,1,0.007011405131441352,301587301.5873016,2114550.7539267573,2.1145507539267574,0.9001753565973084,glm_pair,term_ll_final,aavPerc_rl_final,0.0063114941144434165,1903466.4789591262,3,901333,0.004,9,7.333333333333333,89.66666666666667,0.6666666666666666,0.019484007996002,0.26736596736596735,NA,0.0042,0.901333
5476,David Sills,david sills,00-0035359,SillDa01,30,7,ATL,1,4.169928773373839e-5,301587301.5873016,12575.975665730626,0.012575975665730627,0.8976824545259383,glm_pair,term_ll_final,aavPerc_rl_final,3.743271896480563e-5,11289.23270367154,1,1100000,0.0039,36,18,191,2,0.06936416184971098,0.15333333333333335,NA,0.0042,1.1
5574,Russell Gage,russell gage,00-0034411,GageRu00,30,8,SF,1,0.006072667202750847,301587301.5873016,1831439.315115335,1.831439315115335,0.8976450829160231,glm_pair,term_ll_final,aavPerc_rl_final,0.005451099854734698,1643982.4958723693,1,1170000,0.0042,NA,NA,NA,NA,NA,0.37,NA,0.0042,1.17
5566,Quintez Cephus,quintez cephus,00-0036277,CephQu00,27,6,HOU,1,0.0011030306842591561,301587301.5873016,332660.0476337138,0.3326600476337138,0.8965546351494357,glm_pair,term_ll_final,aavPerc_rl_final,9.889272726846e-4,298247.9076350382,1,1100000,0.0039,NA,NA,NA,NA,NA,NA,NA,0.0042,1.1
5478,Dax Milne,dax milne,00-0036671,MilnDa00,26,5,CAR,1,0.001484145692905717,301587301.5873016,447599.4946858512,0.4475994946858512,0.8939076622140985,glm_pair,term_ll_final,aavPerc_rl_final,0.0013266892067304728,400112.61790284107,1,1030000,0.0037,NA,NA,NA,NA,NA,NA,NA,0.0042,1.03
5533,Kawaan Baker,kawaan baker,00-0036939,BakeKa00,27,5,LV,1,-6.629832033143359e-5,301587301.5873016,-19994.73152852759,-0.01999473152852759,0.8898183908803025,glm_pair,term_ll_final,aavPerc_rl_final,-5.8993464715383073e-5,-17791.679834798073,1,840000,0.003,NA,NA,NA,NA,NA,NA,NA,0.0042,0.84
5543,Lance McCutcheon,lance mccutcheon,00-0037055,McCuLa01,27,4,PIT,1,0.0020563675425936123,301587301.5873016,620174.338242518,0.620174338242518,0.888668554280717,glm_pair,term_ll_final,aavPerc_rl_final,0.0018274291711464562,551129.4325679789,1,960000,0.0034,NA,NA,NA,NA,NA,NA,NA,0.0042,0.96
5458,Braylon Sanders,braylon sanders,00-0037355,SandBr00,27,4,WAS,1,0.0035185327993560458,301587301.5873016,1061144.8125042045,1.0611448125042044,0.8846413139771013,glm_pair,term_ll_final,aavPerc_rl_final,0.003112639478893861,938732.5412537042,1,960000,0.0034,NA,NA,NA,NA,NA,NA,NA,0.0042,0.96
5568,Rakim Jarrett,rakim jarrett,00-0038821,JarrRa00,25,3,TB,1,0.007864928798715217,301587301.5873016,2371962.65358078,2.37196265358078,0.8834126229295989,glm_pair,term_ll_final,aavPerc_rl_final,0.00694797737922755,2095421.7492908484,3,906667,0.004,11,9,124,0,0.01953818827708703,0.325,NA,0.0042,0.906667
5449,Austin Mack,austin mack,00-0035869,MackAu01,28,6,ATL,1,0.0022884178476962756,301587301.5873016,690157.7635909403,0.6901577635909403,0.8820995076235288,glm_pair,term_ll_final,aavPerc_rl_final,0.0020186122566897805,608787.8234461242,2,984500,0.0039,NA,NA,NA,NA,NA,NA,NA,0.0042,0.9845
5555,Mathew Sexton,mathew sexton,00-0036471,SextMa00,28,3,MIA,1,0.004546306008063062,301587301.5873016,1371108.161161876,1.371108161161876,0.8814830732483796,glm_pair,term_ll_final,aavPerc_rl_final,0.004007491791915001,1208608.6356569051,2,877500,0.0034,NA,NA,NA,NA,NA,NA,NA,0.0042,0.8775
5504,Jadon Janke,jadon janke,00-0039604,NA,26,2,GB,1,0.0026280302308953887,301587301.5873016,792580.5458255935,0.7925805458255936,0.8770386217171873,glm_pair,term_ll_final,aavPerc_rl_final,0.0023048840115355933,695123.7495107346,1,840000,0.003,NA,NA,NA,NA,NA,NA,NA,0.0042,0.84
5578,Sean Ryan,sean ryan,00-0038455,RyanSe01,27,3,BAL,1,0.003989408598011242,301587301.5873016,1203154.9740033904,1.2031549740033904,0.876917594723344,glm_pair,term_ll_final,aavPerc_rl_final,0.003498382592136646,1055067.7658824807,3,900000,0.004,NA,NA,NA,NA,NA,NA,NA,0.0042,0.9
5464,Chase Cota,chase cota,00-0038651,CotaCh00,26,3,CLE,1,0.002115077473052218,301587301.5873016,637880.5077459071,0.6378805077459071,0.87655345285044,glm_pair,term_ll_final,aavPerc_rl_final,0.001853978462050105,559136.3615706667,1,840000,0.003,NA,NA,NA,NA,NA,NA,NA,0.0042,0.84
5472,Daniel Arias,daniel arias,00-0038702,AriaDa00,27,3,ARI,1,0.0040074986593937635,301587301.5873016,1208610.7068012939,1.208610706801294,0.8751691583977319,glm_pair,term_ll_final,aavPerc_rl_final,0.003507239229021679,1057738.8151017763,3,902333,0.004,NA,NA,NA,NA,NA,NA,NA,0.0042,0.902333
5542,Kyle Philips,kyle philips,00-0037273,PhilKy01,26,4,LV,1,0.002273017247984436,301587301.5873016,685513.1382810205,0.6855131382810205,0.875087964698815,glm_pair,term_ll_final,aavPerc_rl_final,0.0019890900372640016,599884.2969526355,1,1030000,0.0037,NA,NA,NA,NA,NA,NA,NA,0.0042,1.03
5579,Seth Williams,seth williams,00-0036657,WillSe00,25,5,LV,1,3.0020531774106556e-4,301587301.5873016,90538.11169968644,0.09053811169968644,0.8729935997021213,glm_pair,term_ll_final,aavPerc_rl_final,2.620773209844919e-4,79039.19204294201,1,840000,0.003,NA,NA,NA,NA,NA,NA,NA,0.0042,0.84
5488,Donovan Peoples-Jones,donovan peoples jones,00-0036233,PeopDo00,27,6,NO,1,0.0014969577309046896,301587301.5873016,451463.4426537953,0.4514634426537953,0.8723198970189807,glm_pair,term_ll_final,aavPerc_rl_final,0.0013058260136645458,393820.5438035932,1,1170000,0.0042,NA,NA,NA,NA,NA,NA,NA,0.0042,1.17
5585,T.J. Luther,t j luther,00-0038502,LuthTJ00,25,3,CAR,1,0.003784952475137706,301587301.5873016,1141493.603612959,1.1414936036129588,0.8723155962579635,glm_pair,term_ll_final,aavPerc_rl_final,0.003301673075157803,995742.6734602897,1,840000,0.003,NA,NA,NA,NA,NA,NA,NA,0.0042,0.84
5525,Julian Hicks,julian hicks,00-0039329,HickJu01,26,2,GB,1,0.0028340925675462173,301587301.5873016,854726.329894891,0.8547263298948911,0.8717378345487123,glm_pair,term_ll_final,aavPerc_rl_final,0.00247058571774334,745097.2799543407,1,840000,0.003,NA,NA,NA,NA,NA,NA,NA,0.0042,0.84
5590,Thayer Thomas,thayer thomas,00-0038810,ThomTh01,27,3,MIN,1,0.003365053644332591,301587301.5873016,1014857.4482907815,1.0148574482907815,0.8654365635797749,glm_pair,term_ll_final,aavPerc_rl_final,0.0029122404622127958,878294.742572113,3,901667,0.004,NA,NA,NA,NA,NA,NA,NA,0.0042,0.901667
5505,Jaelen Gill,jaelen gill,00-0039659,GillJa01,26,2,CLE,1,0.0029674681371086604,301587301.5873016,894950.7080168977,0.8949507080168977,0.8649570491698376,glm_pair,term_ll_final,aavPerc_rl_final,0.002566732483379022,774093.9235587528,1,840000,0.003,NA,NA,NA,NA,NA,NA,NA,0.0042,0.84
5535,Kearis Jackson,kearis jackson,00-0038969,JackKe02,26,3,HOU,1,0.0038374163096309096,301587301.5873016,1157316.0298886872,1.157316029888687,0.8632961890254448,glm_pair,term_ll_final,aavPerc_rl_final,0.0033128268758084506,999106.5181009615,1,840000,0.003,NA,NA,NA,NA,NA,NA,NA,0.0042,0.84
5573,Rondale Moore,rondale moore,00-0036936,MoorRo02,25,5,MIN,1,0.005976441387548901,301587301.5873016,1802418.8311655417,1.8024188311655416,0.8623700923876825,glm_pair,term_ll_final,aavPerc_rl_final,0.005153904311530115,1554352.0939535268,1,2000000,0.0072,NA,NA,NA,NA,NA,NA,NA,0.0042,2
5596,Tyjon Lindsey,tyjon lindsey,00-0038763,LindTy01,27,3,SEA,1,0.004799275781681428,301587301.5873016,1447400.6325705897,1.4474006325705897,0.8611271882135533,glm_pair,term_ll_final,aavPerc_rl_final,0.004132786859340732,1246396.0369440303,3,898667,0.004,NA,NA,NA,NA,NA,NA,NA,0.0042,0.898667
5477,David White Jr,david white jr,00-0039562,WhitDa06,25,2,BUF,1,0.004571636450879765,301587301.5873016,1378747.5010589769,1.378747501058977,0.8587310671313014,glm_pair,term_ll_final,aavPerc_rl_final,0.003925806248000337,1183973.3128889904,1,840000,0.003,NA,NA,NA,NA,NA,NA,NA,0.0042,0.84
5551,Malik Knowles,malik knowles,00-0038806,KnowMa00,25,3,SF,1,0.002798726890940734,301587301.5873016,844060.4909186341,0.8440604909186341,0.8566179696589704,glm_pair,term_ll_final,aavPerc_rl_final,0.0023974397469476143,723037.3840000742,1,840000,0.003,NA,NA,NA,NA,NA,NA,NA,0.0042,0.84
5515,John Hall,john hall,00-0038759,NA,28,3,SEA,1,0.004539347244813828,301587301.5873016,1369009.4865311547,1.3690094865311546,0.853408791001054,glm_pair,term_ll_final,aavPerc_rl_final,0.0038739188441305346,1168324.7307695264,3,901667,0.004,NA,NA,NA,NA,NA,NA,NA,0.0042,0.901667
5490,Dontay Demus Jr.,dontay demus jr,00-0038447,DemuDo00,25,3,BAL,1,0.004042097038533172,301587301.5873016,1219045.1386052424,1.2190451386052423,0.8513877738319513,glm_pair,term_ll_final,aavPerc_rl_final,0.0034413919992494803,1037880.1267577799,3,899167,0.004,NA,NA,NA,NA,NA,NA,NA,0.0042,0.899167
5514,Jesse Matthews,jesse matthews,00-0038726,MattJe00,26,3,ATL,1,0.002702713836994844,301587301.5873016,815104.1730619371,0.815104173061937,0.8508415601169064,glm_pair,term_ll_final,aavPerc_rl_final,0.0022995812576182433,693524.5062658194,1,840000,0.003,NA,NA,NA,NA,NA,NA,NA,0.0042,0.84
5460,Bryan Thompson,bryan thompson,00-0038680,ThomBr05,26,3,BUF,1,0.006210731742550745,301587301.5873016,1873077.8271184787,1.8730778271184787,0.8491677376883352,glm_pair,term_ll_final,aavPerc_rl_final,0.0052739530232109475,1590557.2609683813,3,900500,0.004,NA,NA,NA,NA,NA,NA,NA,0.0042,0.9005
5513,Jerome Kapp,jerome kapp,00-0039033,NA,NA,3,NYJ,1,0.004596899650550684,301587301.5873016,1386366.5612771907,1.3863665612771907,0.8488846911180619,glm_pair,term_ll_final,aavPerc_rl_final,0.003902237739958444,1176865.3501461977,3,898333,0.004,NA,NA,NA,NA,NA,NA,NA,0.0042,0.898333
5521,Joseph Ngata,joseph ngata,00-0038484,NgatJo01,25,3,PHI,1,0.0042841255576435856,301587301.5873016,1292037.8665909227,1.2920378665909227,0.845376851966729,glm_pair,term_ll_final,aavPerc_rl_final,0.0036217005773509416,1092258.9042804427,3,908333,0.004,NA,NA,NA,NA,NA,NA,NA,0.0042,0.908333
5545,Lideatrick Griffin,lideatrick griffin,00-0039541,GrifLi00,25,2,GB,1,0.003735178503890295,301587301.5873016,1126482.4059351685,1.1264824059351686,0.8424561686833626,glm_pair,term_ll_final,aavPerc_rl_final,0.003146724171735872,949012.0517933584,1,840000,0.003,NA,NA,NA,NA,NA,NA,NA,0.0042,0.84
5534,Kazmeir Allen,kazmeir allen,00-0038830,AlleKa00,26,3,WAS,1,0.006043940065893204,301587301.5873016,1822775.5754281094,1.8227755754281094,0.8380130970375173,glm_pair,term_ll_final,aavPerc_rl_final,0.0050649009329283,1527509.8051688527,3,903333,0.004,NA,NA,NA,NA,NA,NA,NA,0.0042,0.903333
5452,Bo Melton,bo melton,00-0037091,MeltBo00,26,4,GB,1,0.004643091286988797,301587301.5873016,1400297.3722664625,1.4002973722664624,0.8375852993670458,glm_pair,term_ll_final,aavPerc_rl_final,0.0038889850056010333,1172868.4937526926,1,1030000,0.0037,14.333333333333334,5.333333333333333,101.66666666666669,0.6666666666666666,0.03105322338830584,0.22823529411764704,NA,0.0042,1.03
5495,Erik Ezukanma,erik ezukanma,00-0038092,EzukEr00,26,4,MIA,1,0.006281493025937944,301587301.5873016,1894418.5316320783,1.8944185316320783,0.8366563748456788,glm_pair,term_ll_final,aavPerc_rl_final,0.005255451183699653,1584977.3411157685,4,1096248,0.0053,2,0,0,0,0.00352112676056338,0.14,NA,0.0042,1.096248
5520,Jose Barbon,jose barbon,00-0038730,NA,26,3,DAL,1,0.00513406021615901,301587301.5873016,1548367.3667781143,1.5483673667781144,0.8360555606628576,glm_pair,term_ll_final,aavPerc_rl_final,0.004292359592497693,1294521.146943749,3,899333,0.004,NA,NA,NA,NA,NA,NA,NA,0.0042,0.899333
5562,Nick Williams,nick williams,00-0039045,NA,NA,3,DEN,1,0.004090129717096986,301587301.5873016,1233531.1845213133,1.2335311845213133,0.8351916679133212,glm_pair,term_ll_final,aavPerc_rl_final,0.003416042260404072,1030234.9674234504,3,898333,0.004,NA,NA,NA,NA,NA,NA,NA,0.0042,0.898333
5481,Deebo Samuel,deebo samuel,NA,NA,30,NA,WAS,1,0.04478830050762551,301587301.5873016,13507582.692775948,13.507582692775948,0.8342920338576858,glm_pair,term_ll_final,aavPerc_rl_final,0.03736652232353611,11269268.637256922,1,17545529,0.06280000000000001,NA,NA,NA,NA,NA,0.7254444444444444,7.652824541713431,0.0042,17.545529
5523,Josh Vann,josh vann,00-0038780,NA,26,3,CAR,1,0.006210228338214861,301587301.5873016,1872926.0067632124,1.8729260067632123,0.8265980151449807,glm_pair,term_ll_final,aavPerc_rl_final,0.005133362417965516,1548156.919703886,3,901667,0.004,NA,NA,NA,NA,NA,NA,NA,0.0042,0.901667
5531,Kade Warner,kade warner,00-0038829,NA,27,3,TB,1,0.006448940870730133,301587301.5873016,1944918.6752995641,1.9449186752995642,0.8259476611441002,glm_pair,term_ll_final,aavPerc_rl_final,0.005326487629036151,1606401.0309791567,3,900000,0.004,NA,NA,NA,NA,NA,NA,NA,0.0042,0.9
5564,Oliver Martin,oliver martin,00-0038672,NA,27,3,JAX,1,0.004782354214640319,301587301.5873016,1442297.302828033,1.442297302828033,0.8254271478226708,glm_pair,term_ll_final,aavPerc_rl_final,0.003947484999268287,1190511.348985674,3,898667,0.004,NA,NA,NA,NA,NA,NA,NA,0.0042,0.898667
5547,Mac Hippenhammer,mac hippenhammer,00-0038887,NA,27,3,CIN,1,0.005580711720389531,301587301.5873016,1683071.7886889065,1.6830717886889064,0.8239189185690423,glm_pair,term_ll_final,aavPerc_rl_final,0.004598053965508922,1386714.6880106276,3,898333,0.004,NA,NA,NA,NA,NA,NA,NA,0.0042,0.898333
5536,Keenan Allen,keenan allen,00-0030279,AlleKe00,33,13,LAC,1,0.04144655728992289,301587301.5873016,12499755.373151349,12.499755373151348,0.8212241805187129,glm_pair,term_ll_final,aavPerc_rl_final,0.034036915045738816,10265101.363000596,1,3020000,0.0108,121.66666666666669,77.33333333333333,766,5,0.2261891448594647,0.6591372549019607,6.295488416203766,0.0042,3.02
5496,Gabriel Davis,gabriel davis,NA,NA,27,NA,BUF,1,0.015301886290861858,301587301.5873016,4614854.595656751,4.614854595656751,0.8209718343604832,glm_pair,term_ll_final,aavPerc_rl_final,0.01256241765738439,3788665.6427032286,1,1170000,0.0042,NA,NA,NA,NA,NA,0.6197777777777778,NA,0.0042,1.17
5517,Johnny King,johnny king,00-0038434,NA,26,3,IND,1,0.005205416791446532,301587301.5873016,1569887.603769589,1.569887603769589,0.8205318847803325,glm_pair,term_ll_final,aavPerc_rl_final,0.004271210450952813,1288142.8344143406,3,900000,0.004,NA,NA,NA,NA,NA,NA,NA,0.0042,0.9
5603,Xavier Malone,xavier malone,00-0038928,NA,26,3,ATL,1,0.004751479080486744,301587301.5873016,1432985.7544325104,1.4329857544325104,0.8202601774260263,glm_pair,term_ll_final,aavPerc_rl_final,0.003897449073596109,1175421.149179779,3,901667,0.004,NA,NA,NA,NA,NA,NA,NA,0.0042,0.901667
5548,Malachi Carter,malachi carter,00-0038886,NA,26,3,CIN,1,0.005043734595336965,301587301.5873016,1521126.306530196,1.521126306530196,0.8195039153650924,glm_pair,term_ll_final,aavPerc_rl_final,0.004133360248941013,1246568.9639663373,3,898333,0.004,NA,NA,NA,NA,NA,NA,NA,0.0042,0.898333
5497,Garett Maag,garett maag,00-0039043,NA,26,3,MIN,1,0.00375377238167122,301587301.5873016,1132090.0833611616,1.1320900833611616,0.8184028026847431,glm_pair,term_ll_final,aavPerc_rl_final,0.00307209783780031,926505.6971143791,3,898333,0.004,NA,NA,NA,NA,NA,NA,NA,0.0042,0.898333
5502,Jadakis Bonds,jadakis bonds,00-0039022,NA,26,3,GB,1,0.004671509920175443,301587301.5873016,1408868.0711640224,1.4088680711640225,0.8170497501117672,glm_pair,term_ll_final,aavPerc_rl_final,0.003816856012923987,1151115.305485012,3,898333,0.004,NA,NA,NA,NA,NA,NA,NA,0.0042,0.898333
5499,Grant DuBose,grant dubose,00-0038507,DuboGr00,24,3,BUF,1,0.003081906840763468,301587301.5873016,929463.9678493,0.9294639678493,0.8149534644251413,glm_pair,term_ll_final,aavPerc_rl_final,0.0025116106569157306,757469.8806571251,1,840000,0.003,4,2,11,0,0.00704225352112676,0.22666666666666668,NA,0.0042,0.84
5487,DJ Montgomery,dj montgomery,NA,NA,29,NA,IND,1,0.004816113427939899,301587301.5873016,1452478.6528707633,1.4524786528707634,0.8148054808133897,glm_pair,term_ll_final,aavPerc_rl_final,0.003924195617304392,1183487.5671235467,1,1030000,0.0037,NA,NA,NA,NA,NA,NA,NA,0.0042,1.03
5540,Kody Case,kody case,00-0038532,NA,27,3,IND,1,0.006066370284008213,301587301.5873016,1829540.2443834296,1.8295402443834297,0.8127844851309312,glm_pair,term_ll_final,aavPerc_rl_final,0.0049306516479011965,1487021.9255575037,3,898333,0.004,NA,NA,NA,NA,NA,NA,NA,0.0042,0.898333
5459,Brian Cobbs,brian cobbs,00-0039011,NA,26,3,ARI,1,0.005085987935644524,301587301.5873016,1533869.3774166026,1.5338693774166026,0.8105365773927847,glm_pair,term_ll_final,aavPerc_rl_final,0.004122379254018307,1243257.2353388546,3,898333,0.004,NA,NA,NA,NA,NA,NA,NA,0.0042,0.898333
5467,Cody Chrest,cody chrest,00-0038430,NA,NA,3,IND,1,0.005654662380476369,301587301.5873016,1705374.3687150956,1.7053743687150955,0.8095864960387273,glm_pair,term_ll_final,aavPerc_rl_final,0.004577938302891872,1380648.0596023109,3,898333,0.004,NA,NA,NA,NA,NA,NA,NA,0.0042,0.898333
5606,Zion Bowens,zion bowens,00-0038831,NA,26,3,WAS,1,0.006185019743391396,301587301.5873016,1865323.414673596,1.865323414673596,0.8067641270259992,glm_pair,term_ll_final,aavPerc_rl_final,0.004989852053915729,1504876.0162602996,3,899167,0.004,NA,NA,NA,NA,NA,NA,NA,0.0042,0.899167
5583,Steven Sims Jr.,steven sims jr,NA,NA,28,NA,SEA,1,0.004199318668693855,301587301.5873016,1266461.1857965596,1.2664611857965595,0.8065890370564573,glm_pair,term_ll_final,aavPerc_rl_final,0.003387124401274981,1021513.7083210261,1,1170000,0.0042,NA,NA,NA,NA,NA,NA,NA,0.0042,1.17
5597,Tyler Adams,tyler adams,00-0038531,NA,NA,3,IND,1,0.00577946096823791,301587301.5873016,1743012.038040005,1.743012038040005,0.8046865764657668,glm_pair,term_ll_final,aavPerc_rl_final,0.00465065466034889,1402578.3896290304,3,898333,0.004,NA,NA,NA,NA,NA,NA,NA,0.0042,0.898333
5451,Avery Davis,avery davis,00-0039186,NA,NA,3,DET,1,0.006633620204189695,301587301.5873016,2000615.617136575,2.000615617136575,0.802871730064326,glm_pair,term_ll_final,aavPerc_rl_final,0.005325946129927448,1606237.7217241512,3,898333,0.004,NA,NA,NA,NA,NA,NA,NA,0.0042,0.898333
5592,Tre’Shaun Harrison,tre shaun harrison,00-0038844,HarrTr02,25,3,TEN,1,0.004490260052585038,301587301.5873016,1354205.4126843766,1.3542054126843766,0.7991232513313408,glm_pair,term_ll_final,aavPerc_rl_final,0.003588271212544993,1082177.0323548391,3,901667,0.004,NA,NA,NA,NA,NA,NA,NA,0.0042,0.901667
5589,Taylor Grimes,taylor grimes,00-0038789,NA,26,3,DEN,1,0.005239667700803855,301587301.5873016,1580217.2430995754,1.5802172430995753,0.7979584068208178,glm_pair,term_ll_final,aavPerc_rl_final,0.004181036890803941,1260947.6337345222,3,899000,0.004,NA,NA,NA,NA,NA,NA,NA,0.0042,0.899
5526,Justin Marshall,justin marshall,00-0038929,NA,NA,3,ATL,1,0.004726608452741859,301587301.5873016,1425485.088922148,1.4254850889221482,0.7962710308602093,glm_pair,term_ll_final,aavPerc_rl_final,0.0037636613851373393,1135072.481231896,3,904167,0.004,NA,NA,NA,NA,NA,NA,NA,0.0042,0.904167
5503,Jadon Haselwood,jadon haselwood,00-0038483,NA,25,3,PHI,1,0.0051921429070240065,301587301.5873016,1565884.3687850179,1.565884368785018,0.7960135606766128,glm_pair,term_ll_final,aavPerc_rl_final,0.004133016162961999,1246465.1920044124,3,902500,0.004,NA,NA,NA,NA,NA,NA,NA,0.0042,0.9025
5498,Gavin Holmes,gavin holmes,00-0038962,NA,27,3,TEN,1,0.0052777546160622775,301587301.5873016,1591703.7730981472,1.5917037730981471,0.7956578178488475,glm_pair,term_ll_final,aavPerc_rl_final,0.0041992867209577935,1266451.550765049,3,898333,0.004,NA,NA,NA,NA,NA,NA,NA,0.0042,0.898333
5588,Taye Barber,taye barber,00-0038814,NA,26,3,TB,1,0.00694552068884498,301587301.5873016,2094680.842667534,2.094680842667534,0.7946193415339784,glm_pair,term_ll_final,aavPerc_rl_final,0.0055190450763806225,1664473.911924315,3,899000,0.004,NA,NA,NA,NA,NA,NA,NA,0.0042,0.899
5576,Scotty Miller,scotty miller,NA,NA,28,NA,PIT,1,0.004470085836029433,301587301.5873016,1348121.1251517339,1.3481211251517338,0.7941355793475553,glm_pair,term_ll_final,aavPerc_rl_final,0.0035498542051285347,1070590.9507530504,1,1337500,0.0048,NA,NA,NA,NA,NA,NA,NA,0.0042,1.3375
5598,Tyler Hudson,tyler hudson,00-0038356,NA,25,3,LA,1,0.005701202814065053,301587301.5873016,1719410.3724958098,1.7194103724958099,0.7899598651600277,glm_pair,term_ll_final,aavPerc_rl_final,0.0045037214062488,1358265.1860115428,3,898333,0.004,NA,NA,NA,NA,NA,NA,NA,0.0042,0.898333
5445,Ajou Ajou,ajou ajou,00-0039957,NA,24,1,IND,1,0.0050131483985304095,301587301.5873016,1511901.8979694888,1.5119018979694887,0.7861531063855053,glm_pair,term_ll_final,aavPerc_rl_final,0.003941102186276202,1188586.3736388548,1,840000,0.003,NA,NA,NA,NA,NA,NA,NA,0.0042,0.84
5549,Malik Flowers,malik flowers,00-0038904,FlowMa01,26,3,NO,1,0.005186379849543295,301587301.5873016,1564146.3038305177,1.5641463038305177,0.7842579319627493,glm_pair,term_ll_final,aavPerc_rl_final,0.0040674595351760994,1226694.1455293,3,898667,0.004,NA,NA,NA,NA,NA,NA,NA,0.0042,0.898667
5482,Demetric Felton,demetric felton,NA,NA,27,NA,WAS,1,0.005459694855210215,301587301.5873016,1646574.6388729222,1.646574638872922,0.7766843628560747,glm_pair,term_ll_final,aavPerc_rl_final,0.004240459620007535,1278868.7742879868,1,1030000,0.0037,NA,NA,NA,NA,NA,NA,NA,0.0042,1.03
5489,Dontavian Jackson,dontavian jackson,NA,NA,28,NA,MIN,1,0.004445048791469968,301587301.5873016,1340570.2704433238,1.3405702704433238,0.774117731332831,glm_pair,term_ll_final,aavPerc_rl_final,0.0034409910861164738,1037759.2164478255,3,898333,0.004,NA,NA,NA,NA,NA,NA,NA,0.0042,0.898333
5448,Aron Cruickshank,aron cruickshank,00-0038422,NA,25,3,CHI,1,0.005874151470013431,301587301.5873016,1771569.4909564317,1.7715694909564317,0.7735705333640489,glm_pair,term_ll_final,aavPerc_rl_final,0.004544070485719502,1370433.9560106434,3,901000,0.004,NA,NA,NA,NA,NA,NA,NA,0.0042,0.901
5450,Austin Watkins,austin watkins,NA,NA,27,NA,PHI,1,0.005007159961019605,301587301.5873016,1510095.861259881,1.510095861259881,0.7684461164871534,glm_pair,term_ll_final,aavPerc_rl_final,0.003847732626675482,1160427.3001084789,2,902500,0.00349999999999999,NA,NA,NA,NA,NA,NA,NA,0.0042,0.9025
5544,Laviska Shenault,laviska shenault,NA,NA,27,NA,BUF,1,0.006517846075477348,301587301.5873016,1965699.6100645973,1.9656996100645974,0.7652053323720615,glm_pair,term_ll_final,aavPerc_rl_final,0.00498749057253558,1504163.8234631119,1,1210000,0.0043,NA,NA,NA,NA,NA,NA,NA,0.0042,1.21
5509,Jalen Sample,jalen sample,NA,NA,27,NA,WAS,1,0.0066365466377424675,301587301.5873016,2001498.19233503,2.00149819233503,0.7507320850454464,glm_pair,term_ll_final,aavPerc_rl_final,0.00498226849485375,1502588.911146369,3,899167,0.004,NA,NA,NA,NA,NA,NA,NA,0.0042,0.899167
5516,Johnny Johnson,johnny johnson,NA,NA,26,NA,HOU,1,0.005324979518235994,301587301.5873016,1605946.2039124428,1.6059462039124428,0.7492974887992979,glm_pair,term_ll_final,aavPerc_rl_final,0.003989993780921925,1203331.4577383585,1,840000,0.003,NA,NA,NA,NA,NA,NA,NA,0.0042,0.84
5455,Braxton Burmeister,braxton burmeister,NA,NA,27,NA,LA,1,0.0061989967564150894,301587301.5873016,1869538.7043156622,1.8695387043156622,0.7482066777648744,glm_pair,term_ll_final,aavPerc_rl_final,0.004638130768592566,1398801.3429088693,3,898333,0.004,NA,NA,NA,NA,NA,NA,NA,0.0042,0.898333
5492,Ed Lee,ed lee,NA,NA,27,NA,NE,1,0.005670858622212981,301587301.5873016,1710258.949556296,1.710258949556296,0.7482066777648744,glm_pair,term_ll_final,aavPerc_rl_final,0.004242974289800267,1279627.1667651602,3,898333,0.004,NA,NA,NA,NA,NA,NA,NA,0.0042,0.898333
5565,Pokey Wilson,pokey wilson,NA,NA,24,NA,NYJ,1,0.004291310526712538,301587301.5873016,1294204.7620244164,1.2942047620244164,0.7481990156970666,glm_pair,term_ll_final,aavPerc_rl_final,0.003210754312136781,968322.7290571246,1,840000,0.003,NA,NA,NA,NA,NA,NA,NA,0.0042,0.84
5529,K.J. Hamler,k j hamler,NA,NA,26,NA,BUF,1,0.006457758628744692,301587301.5873016,1947577.9991452247,1.9475779991452247,0.7460650239791047,glm_pair,term_ll_final,aavPerc_rl_final,0.004817907846205679,1453019.8266334587,1,1108000,0.004,NA,NA,NA,NA,NA,NA,NA,0.0042,1.108
5602,Winston Wright,winston wright,NA,NA,NA,NA,CLE,1,0.004358427419437759,301587301.5873016,1314446.36459234,1.31444636459234,0.7458325755980844,glm_pair,term_ll_final,aavPerc_rl_final,0.003250657147796576,980356.9175894436,1,840000,0.003,NA,NA,NA,NA,NA,NA,NA,0.0042,0.84
5470,D'Wayne Eskridge,d wayne eskridge,NA,NA,28,NA,MIA,1,0.016545296104433147,301587301.5873016,4989851.206098886,4.989851206098886,0.7280672423705719,glm_pair,term_ll_final,aavPerc_rl_final,0.012046088108959206,3632947.207463888,1,1270000,0.0045,NA,NA,NA,NA,NA,0.11175213675213676,NA,0.0042,1.27
5462,C.J. Johnson,c j johnson,NA,NA,NA,NA,SEA,1,0.0056752367251066416,301587301.5873016,1711579.3297940667,1.7115793297940667,0.72783432752673,glm_pair,term_ll_final,aavPerc_rl_final,0.004130632105372995,1245746.1905093158,3,898667,0.004,NA,NA,NA,NA,NA,NA,NA,0.0042,0.898667
5601,Tyrone Scott,tyrone scott,NA,NA,NA,NA,KC,1,0.006753335577936173,301587301.5873016,2036720.2536632905,2.0367202536632907,0.727733584388004,glm_pair,term_ll_final,aavPerc_rl_final,0.004914629106706523,1482189.730594031,3,898333,0.004,NA,NA,NA,NA,NA,NA,NA,0.0042,0.898333
5546,Louis Rees-Zammit,louis rees zammit,NA,NA,25,NA,JAX,1,0.004195611939936732,301587301.5873016,1265343.2834729827,1.2653432834729827,0.7252372865877639,glm_pair,term_ll_final,aavPerc_rl_final,0.0030428142188949395,917674.1295079977,1,840000,0.003,NA,NA,NA,NA,NA,NA,NA,0.0042,0.84
5471,Dallas Daniels,dallas daniels,NA,NA,NA,NA,DEN,1,0.005441299216506724,301587301.5873016,1641026.7478353614,1.6410267478353613,0.7240803386667676,glm_pair,term_ll_final,aavPerc_rl_final,0.003939937779475406,1188235.2033338526,3,898333,0.004,NA,NA,NA,NA,NA,NA,NA,0.0042,0.898333
5575,Sam James,sam james,NA,NA,NA,NA,LA,1,0.006271241035973937,301587301.5873016,1891326.6616429335,1.8913266616429334,0.7240803386667676,glm_pair,term_ll_final,aavPerc_rl_final,0.004540882333188939,1369472.4496919021,3,898333,0.004,NA,NA,NA,NA,NA,NA,NA,0.0042,0.898333
5539,Keytaon Thompson,keytaon thompson,NA,NA,NA,NA,DET,1,0.0068701973042944895,301587301.5873016,2071964.2663745289,2.071964266374529,0.7240758138777956,glm_pair,term_ll_final,aavPerc_rl_final,0.00497454370460807,1500259.2125008467,3,900000,0.004,NA,NA,NA,NA,NA,NA,NA,0.0042,0.9
5518,Jordan Byrd,jordan byrd,NA,NA,26,NA,PIT,1,0.005617074594727326,301587301.5873016,1694038.3698384,1.6940383698384,0.7240735528163477,glm_pair,term_ll_final,aavPerc_rl_final,0.004067175158238661,1226608.3810561043,3,900833,0.004,NA,NA,NA,NA,NA,NA,NA,0.0042,0.900833
5580,Shae Wyatt,shae wyatt,NA,NA,NA,NA,SF,1,0.005800500666764567,301587301.5873016,1749357.3439448697,1.7493573439448697,0.7240730995163795,glm_pair,term_ll_final,aavPerc_rl_final,0.0041999864965310465,1266662.594191903,3,901000,0.004,NA,NA,NA,NA,NA,NA,NA,0.0042,0.901
5456,Braxton Westfield,braxton westfield,NA,NA,NA,NA,IND,1,0.006210593815044783,301587301.5873016,1873036.229934141,1.873036229934141,0.724071289024433,glm_pair,term_ll_final,aavPerc_rl_final,0.004496912669266647,1356211.7573978778,3,901667,0.004,NA,NA,NA,NA,NA,NA,NA,0.0042,0.901667
5457,Braydon Johnson,braydon johnson,NA,NA,NA,NA,BUF,1,0.0075904908606647436,301587301.5873016,2289195.6563909547,2.289195656390955,0.7182185220297587,glm_pair,term_ll_final,aavPerc_rl_final,0.005451631127427023,1644142.7209700549,3,903333,0.004,NA,NA,NA,NA,NA,NA,NA,0.0042,0.903333
5512,Jauan Jennings,jauan jennings,00-0036259,JennJa00,28,6,SF,1,0.044345293519057104,301587301.5873016,13373977.410509286,13.373977410509287,0.7140196647758735,glm_pair,term_ll_final,aavPerc_rl_final,0.03166341161286487,9549282.867371947,2,5945000,0.02329999999999999,97.66666666666669,62.333333333333336,753.6666666666666,8,0.182515210585386,0.7951111111111112,7.639069157653229,0.0042,5.945
5581,Shaq Davis,shaq davis,NA,NA,25,NA,PHI,1,0.005322734536320843,301587301.5873016,1605269.14587454,1.60526914587454,0.7137493306818196,glm_pair,term_ll_final,aavPerc_rl_final,0.0037990982126960065,1145759.7784321292,2,927500,0.0036,NA,NA,NA,NA,NA,NA,NA,0.0042,0.9275
5584,Sy Barnett,sy barnett,NA,NA,NA,NA,NO,1,0.005897231905169124,301587301.5873016,1778530.2571144977,1.7785302571144976,0.7002855083070059,glm_pair,term_ll_final,aavPerc_rl_final,0.004129746042315653,1245478.9651428158,3,898333,0.004,NA,NA,NA,NA,NA,NA,NA,0.0042,0.898333
5507,Jalen Moreno-Cropper,jalen moreno cropper,NA,NA,25,NA,DAL,1,0.014023750051986228,301587301.5873016,4229384.936313307,4.2293849363133065,0.6984063435324125,glm_pair,term_ll_final,aavPerc_rl_final,0.00979427599642018,2953829.268761642,3,901667,0.004,NA,NA,NA,NA,NA,0.09555555555555556,NA,0.0042,0.901667
5507,Jalen Moreno-Cropper,jalen moreno cropper,NA,NA,25,NA,DAL,3,0.01950624642363286,301587301.5873016,5882836.223000387,5.882836223000386,0.23068886422325358,glm_pair,term_ll_final,aavPerc_rl_final,0.004499873832726767,1357104.8066953742,3,901667,0.004,NA,NA,NA,NA,NA,0.09555555555555556,NA,0.0042,0.901667
5581,Shaq Davis,shaq davis,NA,NA,25,NA,PHI,3,0.010805230907967487,301587301.5873016,3258720.4325616234,3.2587204325616232,0.1814241614629881,glm_pair,term_ll_final,aavPerc_rl_final,0.0019603299568919626,591210.6219197983,2,927500,0.0036,NA,NA,NA,NA,NA,NA,NA,0.0042,0.9275
5457,Braydon Johnson,braydon johnson,NA,NA,NA,NA,BUF,3,0.013072987232311387,301587301.5873016,3942646.9430780374,3.9426469430780373,0.1786694931354264,glm_pair,term_ll_final,aavPerc_rl_final,0.002335744002562976,704430.7309316912,3,903333,0.004,NA,NA,NA,NA,NA,NA,NA,0.0042,0.903333
5462,C.J. Johnson,c j johnson,NA,NA,NA,NA,SEA,3,0.011157733096753287,301587301.5873016,3365030.6164811505,3.3650306164811505,0.17585692841761763,glm_pair,term_ll_final,aavPerc_rl_final,0.001962164670498626,591763.9482456174,3,898667,0.004,NA,NA,NA,NA,NA,NA,NA,0.0042,0.898667
5456,Braxton Westfield,braxton westfield,NA,NA,NA,NA,IND,3,0.011693090186691428,301587301.5873016,3526487.5166212246,3.5264875166212244,0.17495714569348061,glm_pair,term_ll_final,aavPerc_rl_final,0.0020457896833999804,616984.1902317402,3,901667,0.004,NA,NA,NA,NA,NA,NA,NA,0.0042,0.901667
5580,Shae Wyatt,shae wyatt,NA,NA,NA,NA,SF,3,0.011282997038411213,301587301.5873016,3402808.6306319535,3.4028086306319536,0.17495548646048598,glm_pair,term_ll_final,aavPerc_rl_final,0.0019740222355874564,595340.0393041535,3,901000,0.004,NA,NA,NA,NA,NA,NA,NA,0.0042,0.901
5518,Jordan Byrd,jordan byrd,NA,NA,26,NA,PIT,3,0.01109957096637397,301587301.5873016,3347489.6565254834,3.3474896565254832,0.17495507103223795,glm_pair,term_ll_final,aavPerc_rl_final,0.001941926226849324,585660.2906370978,3,900833,0.004,NA,NA,NA,NA,NA,NA,NA,0.0042,0.900833
5539,Keytaon Thompson,keytaon thompson,NA,NA,NA,NA,DET,3,0.01235269367594113,301587301.5873016,3725415.553061611,3.725415553061611,0.1749529988775617,glm_pair,term_ll_final,aavPerc_rl_final,0.002161140802821792,651772.6230732389,3,900000,0.004,NA,NA,NA,NA,NA,NA,NA,0.0042,0.9
5471,Dallas Daniels,dallas daniels,NA,NA,NA,NA,DEN,3,0.010923795588153368,301587301.5873016,3294478.0345224445,3.2944780345224443,0.17494885213754038,glm_pair,term_ll_final,aavPerc_rl_final,0.0019111054991325597,576365.1505320418,3,898333,0.004,NA,NA,NA,NA,NA,NA,NA,0.0042,0.898333
5575,Sam James,sam james,NA,NA,NA,NA,LA,3,0.011753737407620578,301587301.5873016,3544777.948330016,3.5447779483300157,0.17494885213754038,glm_pair,term_ll_final,aavPerc_rl_final,0.00205630286778929,620154.8331428018,3,898333,0.004,NA,NA,NA,NA,NA,NA,NA,0.0042,0.898333
5546,Louis Rees-Zammit,louis rees zammit,NA,NA,25,NA,JAX,3,0.009678108311583375,301587301.5873016,2918794.570160066,2.918794570160066,0.17407633902005376,glm_pair,term_ll_final,aavPerc_rl_final,0.0016847296635199877,508093.0731250757,1,840000,0.003,NA,NA,NA,NA,NA,NA,NA,0.0042,0.84
5601,Tyrone Scott,tyrone scott,NA,NA,NA,NA,KC,3,0.012235831949582809,301587301.5873016,3690171.5403503715,3.6901715403503714,0.17253894729122365,glm_pair,term_ll_final,aavPerc_rl_final,0.0021111575638133387,636698.3128960864,3,898333,0.004,NA,NA,NA,NA,NA,NA,NA,0.0042,0.898333
5584,Sy Barnett,sy barnett,NA,NA,NA,NA,NO,3,0.011379728276815769,301587301.5873016,3431981.5438015815,3.4319815438015815,0.16919965824848546,glm_pair,term_ll_final,aavPerc_rl_final,0.0019254461353978543,580690.1043263371,3,898333,0.004,NA,NA,NA,NA,NA,NA,NA,0.0042,0.898333
5499,Grant DuBose,grant dubose,00-0038507,DuboGr00,24,3,BUF,2,0.0043532229213769915,301587301.5873016,1312876.7540660768,1.3128767540660768,0.16143800814253392,glm_pair,term_ll_final,aavPerc_rl_final,7.027756374275241e-4,211948.2081130628,1,840000,0.003,4,2,11,0,0.00704225352112676,0.22666666666666668,NA,0.0042,0.84
5602,Winston Wright,winston wright,NA,NA,NA,NA,CLE,3,0.009840923791084403,301587301.5873016,2967897.6512794234,2.9678976512794235,0.16111549843005096,glm_pair,term_ll_final,aavPerc_rl_final,0.0015855253416127103,478174.3093752619,1,840000,0.003,NA,NA,NA,NA,NA,NA,NA,0.0042,0.84
5529,K.J. Hamler,k j hamler,NA,NA,26,NA,BUF,3,0.01194025500039133,301587301.5873016,3601029.285832306,3.601029285832306,0.16098274748745262,glm_pair,term_ll_final,aavPerc_rl_final,0.0019221750556637908,579703.5882160639,1,1108000,0.004,NA,NA,NA,NA,NA,NA,NA,0.0042,1.108
5455,Braxton Burmeister,braxton burmeister,NA,NA,27,NA,LA,3,0.011681493128061736,301587301.5873016,3522989.991002746,3.522989991002746,0.15965137275133173,glm_pair,term_ll_final,aavPerc_rl_final,0.0018649664136803042,562450.1882527902,3,898333,0.004,NA,NA,NA,NA,NA,NA,NA,0.0042,0.898333
5492,Ed Lee,ed lee,NA,NA,27,NA,NE,3,0.011153354993859626,301587301.5873016,3363710.2362433793,3.3637102362433793,0.15965137275133173,glm_pair,term_ll_final,aavPerc_rl_final,0.0017806484355526104,537020.9567539619,3,898333,0.004,NA,NA,NA,NA,NA,NA,NA,0.0042,0.898333
5565,Pokey Wilson,pokey wilson,NA,NA,24,NA,NYJ,3,0.009773806898359182,301587301.5873016,2947656.0487114997,2.9476560487114996,0.159528900281812,glm_pair,term_ll_final,aavPerc_rl_final,0.001559204666062028,470236.3278599768,1,840000,0.003,NA,NA,NA,NA,NA,NA,NA,0.0042,0.84
5516,Johnny Johnson,johnny johnson,NA,NA,26,NA,HOU,3,0.010807475889882638,301587301.5873016,3259397.490599526,3.259397490599526,0.15883296096102975,glm_pair,term_ll_final,aavPerc_rl_final,0.0017165833961049993,517699.7543808729,1,840000,0.003,NA,NA,NA,NA,NA,NA,NA,0.0042,0.84
5470,D'Wayne Eskridge,d wayne eskridge,NA,NA,28,NA,MIA,3,0.022027792476079798,301587301.5873016,6643302.492785972,6.643302492785971,0.15869300544034404,glm_pair,term_ll_final,aavPerc_rl_final,0.0034956565912453007,1054245.6386295352,1,1270000,0.0045,NA,NA,NA,NA,NA,0.11175213675213676,NA,0.0042,1.27
5592,Tre’Shaun Harrison,tre shaun harrison,00-0038844,HarrTr02,25,3,TEN,2,0.005761576133198562,301587301.5873016,1737618.1989011536,1.7376181989011537,0.15838192085468505,glm_pair,term_ll_final,aavPerc_rl_final,9.125294951264969e-4,275207.3080540229,3,901667,0.004,NA,NA,NA,NA,NA,NA,NA,0.0042,0.901667
5509,Jalen Sample,jalen sample,NA,NA,27,NA,WAS,3,0.012119043009389107,301587301.5873016,3654949.4790221117,3.6549494790221115,0.1580506975520732,glm_pair,term_ll_final,aavPerc_rl_final,0.001915423201297525,577667.3146770314,3,899167,0.004,NA,NA,NA,NA,NA,NA,NA,0.0042,0.899167
5544,Laviska Shenault,laviska shenault,NA,NA,27,NA,BUF,3,0.012000342447123984,301587301.5873016,3619150.896751678,3.619150896751678,0.14899585281732647,glm_pair,term_ll_final,aavPerc_rl_final,0.0017880012570092006,539238.4743361081,1,1210000,0.0043,NA,NA,NA,NA,NA,NA,NA,0.0042,1.21
5450,Austin Watkins,austin watkins,NA,NA,27,NA,PHI,3,0.010489656332666249,301587301.5873016,3163547.147946964,3.163547147946964,0.14658231170153593,glm_pair,term_ll_final,aavPerc_rl_final,0.0015375980741968744,463720.0541228669,2,902500,0.00349999999999999,NA,NA,NA,NA,NA,NA,NA,0.0042,0.9025
5489,Dontavian Jackson,dontavian jackson,NA,NA,28,NA,MIN,3,0.009927545163116612,301587301.5873016,2994021.557130407,2.994021557130407,0.1431446796696638,glm_pair,term_ll_final,aavPerc_rl_final,0.0014210752722804475,428578.2567195001,3,898333,0.004,NA,NA,NA,NA,NA,NA,NA,0.0042,0.898333
5482,Demetric Felton,demetric felton,NA,NA,27,NA,WAS,3,0.010942191226856858,301587301.5873016,3300025.925560005,3.300025925560005,0.14152313667551003,glm_pair,term_ll_final,aavPerc_rl_final,0.00154857322452803,467030.02009575506,1,1030000,0.0037,NA,NA,NA,NA,NA,NA,NA,0.0042,1.03
5495,Erik Ezukanma,erik ezukanma,00-0038092,EzukEr00,26,4,MIA,2,0.007552809106551468,301587301.5873016,2277831.3178488556,2.2778313178488556,0.14137282446842464,glm_pair,term_ll_final,aavPerc_rl_final,0.0010677619560640198,322023.44706692663,4,1096248,0.0053,2,0,0,0,0.00352112676056338,0.14,NA,0.0042,1.096248
5603,Xavier Malone,xavier malone,00-0038928,NA,26,3,ATL,2,0.006022795161100269,301587301.5873016,1816398.5406492874,1.8163985406492873,0.13315546074794957,glm_pair,term_ll_final,aavPerc_rl_final,8.019680646668274e-4,241863.38458205905,3,901667,0.004,NA,NA,NA,NA,NA,NA,NA,0.0042,0.901667
5481,Deebo Samuel,deebo samuel,NA,NA,30,NA,WAS,3,0.05027079687927215,301587301.5873016,15161033.97946303,15.16103397946303,0.1314028284633431,glm_pair,term_ll_final,aavPerc_rl_final,0.006605724899042562,1992202.7473302968,1,17545529,0.06280000000000001,NA,NA,NA,NA,NA,0.7254444444444444,7.652824541713431,0.0042,17.545529
5496,Gabriel Davis,gabriel davis,NA,NA,27,NA,BUF,3,0.020784382662508497,301587301.5873016,6268305.882343832,6.2683058823438325,0.13126066666058914,glm_pair,term_ll_final,aavPerc_rl_final,0.0027281719244096557,822782.0089489438,1,1170000,0.0042,NA,NA,NA,NA,NA,0.6197777777777778,NA,0.0042,1.17
5549,Malik Flowers,malik flowers,00-0038904,FlowMa01,26,3,NO,2,0.006457695930156825,301587301.5873016,1947559.0900472966,1.9475590900472965,0.1310683315335399,glm_pair,term_ll_final,aavPerc_rl_final,8.46399431116586e-4,255263.32049547834,3,898667,0.004,NA,NA,NA,NA,NA,NA,NA,0.0042,0.898667
5576,Scotty Miller,scotty miller,NA,NA,28,NA,PIT,3,0.009952582207676076,301587301.5873016,3001572.411838817,3.0015724118388167,0.1306395070708145,glm_pair,term_ll_final,aavPerc_rl_final,0.0013002004336925613,392123.94031997886,1,1337500,0.0048,NA,NA,NA,NA,NA,NA,NA,0.0042,1.3375
5583,Steven Sims Jr.,steven sims jr,NA,NA,28,NA,SEA,3,0.0096818150403405,301587301.5873016,2919912.472483643,2.919912472483643,0.12478827563107836,glm_pair,term_ll_final,aavPerc_rl_final,0.0012081770038631303,364370.84243491234,1,1170000,0.0042,NA,NA,NA,NA,NA,NA,NA,0.0042,1.17
5584,Sy Barnett,sy barnett,NA,NA,NA,NA,NO,2,0.00716854798578265,301587301.5873016,2161943.0433312757,2.161943043331276,0.12177132366770979,glm_pair,term_ll_final,aavPerc_rl_final,8.729235770042482e-4,263262.66608064633,3,898333,0.004,NA,NA,NA,NA,NA,NA,NA,0.0042,0.898333
5498,Gavin Holmes,gavin holmes,00-0038962,NA,27,3,TEN,2,0.006549070696675809,301587301.5873016,1975116.5593149266,1.9751165593149267,0.12165556957561272,glm_pair,term_ll_final,aavPerc_rl_final,7.967309257950503e-4,240283.93000168185,3,898333,0.004,NA,NA,NA,NA,NA,NA,NA,0.0042,0.898333
5448,Aron Cruickshank,aron cruickshank,00-0038422,NA,25,3,CHI,2,0.007145467550626957,301587301.5873016,2154982.2771732095,2.1549822771732097,0.12013252697235843,glm_pair,term_ll_final,aavPerc_rl_final,8.584030732558048e-4,258883.466537465,3,901000,0.004,NA,NA,NA,NA,NA,NA,NA,0.0042,0.901
5534,Kazmeir Allen,kazmeir allen,00-0038830,AlleKa00,26,3,WAS,2,0.007315256146506729,301587301.5873016,2206188.3616448864,2.2061883616448865,0.12000323705940855,glm_pair,term_ll_final,aavPerc_rl_final,8.778544174995424e-4,264749.74496017944,3,903333,0.004,NA,NA,NA,NA,NA,NA,NA,0.0042,0.903333
5452,Bo Melton,bo melton,00-0037091,MeltBo00,26,4,GB,2,0.005914407367602322,301587301.5873016,1783710.15848324,1.78371015848324,0.1188308272298078,glm_pair,term_ll_final,aavPerc_rl_final,7.028139200662538e-4,211959.75367077498,1,1030000,0.0037,14.333333333333334,5.333333333333333,101.66666666666669,0.6666666666666666,0.03105322338830584,0.22823529411764704,NA,0.0042,1.03
5487,DJ Montgomery,dj montgomery,NA,NA,29,NA,IND,3,0.010298609799586543,301587301.5873016,3105929.9395578466,3.105929939557847,0.11736441561192731,glm_pair,term_ll_final,aavPerc_rl_final,0.0012086903207437424,364525.6522877954,1,1030000,0.0037,NA,NA,NA,NA,NA,NA,NA,0.0042,1.03
5545,Lideatrick Griffin,lideatrick griffin,00-0039541,GrifLi00,25,2,GB,2,0.005006494584503817,301587301.5873016,1509895.1921519449,1.5098951921519448,0.1161451606423572,glm_pair,term_ll_final,aavPerc_rl_final,5.814801177722873e-4,175367.01964561045,1,840000,0.003,NA,NA,NA,NA,NA,NA,NA,0.0042,0.84
5521,Joseph Ngata,joseph ngata,00-0038484,NgatJo01,25,3,PHI,2,0.005555441638257108,301587301.5873016,1675450.6528076995,1.6754506528076996,0.1145855270379232,glm_pair,term_ll_final,aavPerc_rl_final,6.365732080481142e-4,191982.39607800273,3,908333,0.004,NA,NA,NA,NA,NA,NA,NA,0.0042,0.908333
5445,Ajou Ajou,ajou ajou,00-0039957,NA,24,1,IND,2,0.006284464479143937,301587301.5873016,1895314.684186267,1.895314684186267,0.11346387395182624,glm_pair,term_ll_final,aavPerc_rl_final,7.13059685516317e-4,215049.74642555593,1,840000,0.003,NA,NA,NA,NA,NA,NA,NA,0.0042,0.84
5460,Bryan Thompson,bryan thompson,00-0038680,ThomBr05,26,3,BUF,2,0.007482047823164269,301587301.5873016,2256490.613335256,2.256490613335256,0.11149933770647481,glm_pair,term_ll_final,aavPerc_rl_final,8.342433769709875e-4,251597.20892775818,3,900500,0.004,NA,NA,NA,NA,NA,NA,NA,0.0042,0.9005
5598,Tyler Hudson,tyler hudson,00-0038356,NA,25,3,LA,2,0.006972518894678579,301587301.5873016,2102823.1587125873,2.1028231587125874,0.11135356784979032,glm_pair,term_ll_final,aavPerc_rl_final,7.764148558225362e-4,234156.8612798125,3,898333,0.004,NA,NA,NA,NA,NA,NA,NA,0.0042,0.898333
5514,Jesse Matthews,jesse matthews,00-0038726,MattJe00,26,3,ATL,2,0.003974029917608371,301587301.5873016,1198516.959278715,1.198516959278715,0.11060828213341015,glm_pair,term_ll_final,aavPerc_rl_final,4.3956062233343937e-4,132565.90197357695,1,840000,0.003,NA,NA,NA,NA,NA,NA,NA,0.0042,0.84
5490,Dontay Demus Jr.,dontay demus jr,00-0038447,DemuDo00,25,3,BAL,2,0.005313413119146695,301587301.5873016,1602457.9248220192,1.6024579248220192,0.10958763631091947,glm_pair,term_ll_final,aavPerc_rl_final,5.822843844707162e-4,175609.57626894617,3,899167,0.004,NA,NA,NA,NA,NA,NA,NA,0.0042,0.899167
5588,Taye Barber,taye barber,00-0038814,NA,26,3,TB,2,0.008216836769458504,301587301.5873016,2478093.628884311,2.4780936288843107,0.10888296571565326,glm_pair,term_ll_final,aavPerc_rl_final,8.946735562600694e-4,269822.1836339892,3,899000,0.004,NA,NA,NA,NA,NA,NA,NA,0.0042,0.899
5503,Jadon Haselwood,jadon haselwood,00-0038483,NA,25,3,PHI,2,0.006463458987637537,301587301.5873016,1949297.155001797,1.949297155001797,0.10814192473285675,glm_pair,term_ll_final,aavPerc_rl_final,6.98970895355005e-4,210800.74621817612,3,902500,0.004,NA,NA,NA,NA,NA,NA,NA,0.0042,0.9025
5526,Justin Marshall,justin marshall,00-0038929,NA,NA,3,ATL,2,0.005997924533355383,301587301.5873016,1808897.8751389252,1.808897875138925,0.10808703008509365,glm_pair,term_ll_final,aavPerc_rl_final,6.482978494849047e-4,195518.39905100298,3,904167,0.004,NA,NA,NA,NA,NA,NA,NA,0.0042,0.904167
5589,Taylor Grimes,taylor grimes,00-0038789,NA,26,3,DEN,2,0.0065109837814173845,301587301.5873016,1963630.0293163543,1.9636300293163542,0.10711275359409944,glm_pair,term_ll_final,aavPerc_rl_final,6.974094014341382e-4,210329.8194801369,3,899000,0.004,NA,NA,NA,NA,NA,NA,NA,0.0042,0.899
5551,Malik Knowles,malik knowles,00-0038806,KnowMa00,25,3,SF,2,0.004070042971554261,301587301.5873016,1227473.2771354122,1.2274732771354122,0.10628009711749059,glm_pair,term_ll_final,aavPerc_rl_final,4.3256456228914686e-4,130455.97910307605,1,840000,0.003,NA,NA,NA,NA,NA,NA,NA,0.0042,0.84
5451,Avery Davis,avery davis,00-0039186,NA,NA,3,DET,2,0.007904936284803215,301587301.5873016,2384028.4033533507,2.3840284033533505,0.10458812250919483,glm_pair,term_ll_final,aavPerc_rl_final,8.267624445823782e-4,249341.05471532038,3,898333,0.004,NA,NA,NA,NA,NA,NA,NA,0.0042,0.898333
5477,David White Jr,david white jr,00-0039562,WhitDa06,25,2,BUF,2,0.005842952531493288,301587301.5873016,1762160.2872757537,1.7621602872757536,0.1045005668006016,glm_pair,term_ll_final,aavPerc_rl_final,6.105918513300586e-4,184146.7488138272,1,840000,0.003,NA,NA,NA,NA,NA,NA,NA,0.0042,0.84
5597,Tyler Adams,tyler adams,00-0038531,NA,NA,3,IND,2,0.007050777048851435,301587301.5873016,2126424.8242567824,2.1264248242567825,0.10362523992603614,glm_pair,term_ll_final,aavPerc_rl_final,7.30638463352219e-4,220351.28259828832,3,898333,0.004,NA,NA,NA,NA,NA,NA,NA,0.0042,0.898333
5606,Zion Bowens,zion bowens,00-0038831,NA,26,3,WAS,2,0.007456335824004919,301587301.5873016,2248736.2008903725,2.2487362008903724,0.1024442979052273,glm_pair,term_ll_final,aavPerc_rl_final,7.638590884357783e-4,230370.2012742824,3,899167,0.004,NA,NA,NA,NA,NA,NA,NA,0.0042,0.899167
5535,Kearis Jackson,kearis jackson,00-0038969,JackKe02,26,3,HOU,2,0.005108732390244433,301587301.5873016,1540728.816105464,1.540728816105464,0.10138703575948019,glm_pair,term_ll_final,aavPerc_rl_final,5.17959233535327e-4,156209.92757414625,1,840000,0.003,NA,NA,NA,NA,NA,NA,NA,0.0042,0.84
5596,Tyjon Lindsey,tyjon lindsey,00-0038763,LindTy01,27,3,SEA,2,0.006070591862294952,301587301.5873016,1830813.4187873665,1.8308134187873666,0.10131966924542202,glm_pair,term_ll_final,aavPerc_rl_final,6.15070359611675e-4,185497.41004161627,3,898667,0.004,NA,NA,NA,NA,NA,NA,NA,0.0042,0.898667
5467,Cody Chrest,cody chrest,00-0038430,NA,NA,3,IND,2,0.006925978461089896,301587301.5873016,2088787.1549318735,2.0887871549318735,0.10102554487088639,glm_pair,term_ll_final,aavPerc_rl_final,6.997007477956299e-4,211020.8604463011,3,898333,0.004,NA,NA,NA,NA,NA,NA,NA,0.0042,0.898333
5512,Jauan Jennings,jauan jennings,00-0036259,JennJa00,28,6,SF,2,0.04561660959967063,301587301.5873016,13757390.196726063,13.757390196726064,0.10082629366263793,glm_pair,term_ll_final,aavPerc_rl_final,0.004599353675390299,1387106.6640065983,2,5945000,0.02329999999999999,97.66666666666669,62.333333333333336,753.6666666666666,8,0.182515210585386,0.7951111111111112,7.639069157653229,0.0042,5.945
5459,Brian Cobbs,brian cobbs,00-0039011,NA,26,3,ARI,2,0.006357304016258054,301587301.5873016,1917282.1636333815,1.9172821636333814,0.10044474643105704,glm_pair,term_ll_final,aavPerc_rl_final,6.385577898981808e-4,192580.92076294342,3,898333,0.004,NA,NA,NA,NA,NA,NA,NA,0.0042,0.898333
5505,Jaelen Gill,jaelen gill,00-0039659,GillJa01,26,2,CLE,2,0.004238784217722184,301587301.5873016,1278363.4942336746,1.2783634942336746,0.10011047167161903,glm_pair,term_ll_final,aavPerc_rl_final,4.2434668735038254e-4,127977.5723755122,1,840000,0.003,NA,NA,NA,NA,NA,NA,NA,0.0042,0.84
5548,Malachi Carter,malachi carter,00-0038886,NA,26,3,CIN,2,0.006315050675950492,301587301.5873016,1904539.092746974,1.9045390927469739,0.09993945969930808,glm_pair,term_ll_final,aavPerc_rl_final,6.311227525282424e-4,190338.60790534297,3,898333,0.004,NA,NA,NA,NA,NA,NA,NA,0.0042,0.898333
5512,Jauan Jennings,jauan jennings,00-0036259,JennJa00,28,6,SF,3,0.049827789890703744,301587301.5873016,15027428.697196368,15.027428697196369,0.09971240763270309,glm_pair,term_ll_final,aavPerc_rl_final,0.0049684488970185335,1498421.0959262245,2,5945000,0.02329999999999999,97.66666666666669,62.333333333333336,753.6666666666666,8,0.182515210585386,0.7951111111111112,7.639069157653229,0.0042,5.945
5590,Thayer Thomas,thayer thomas,00-0038810,ThomTh01,27,3,MIN,2,0.004636369724946114,301587301.5873016,1398270.2345075584,1.3982702345075584,0.09968773819718335,glm_pair,term_ll_final,aavPerc_rl_final,4.621892113257752e-4,139390.39706650365,3,901667,0.004,NA,NA,NA,NA,NA,NA,NA,0.0042,0.901667
5470,D'Wayne Eskridge,d wayne eskridge,NA,NA,28,NA,MIA,2,0.017816612185046668,301587301.5873016,5373263.992315662,5.373263992315662,0.09927126487167662,glm_pair,term_ll_final,aavPerc_rl_final,0.0017686776273377089,533410.7130066106,1,1270000,0.0045,NA,NA,NA,NA,NA,0.11175213675213676,NA,0.0042,1.27
5540,Kody Case,kody case,00-0038532,NA,27,3,IND,2,0.0073376863646217394,301587301.5873016,2212953.0306002074,2.2129530306002074,0.09925300968498008,glm_pair,term_ll_final,aavPerc_rl_final,7.282874558131477e-4,219642.2485785684,3,898333,0.004,NA,NA,NA,NA,NA,NA,NA,0.0042,0.898333
5488,Donovan Peoples-Jones,donovan peoples jones,00-0036233,PeopDo00,27,6,NO,2,0.002768273811518213,301587301.5873016,834876.2288705722,0.8348762288705722,0.09870011743480524,glm_pair,term_ll_final,aavPerc_rl_final,2.7322895028854353e-4,82402.3818330528,1,1170000,0.0042,NA,NA,NA,NA,NA,NA,NA,0.0042,1.17
5547,Mac Hippenhammer,mac hippenhammer,00-0038887,NA,27,3,CIN,2,0.00685202780100306,301587301.5873016,2066484.574905685,2.066484574905685,0.09749490232474806,glm_pair,term_ll_final,aavPerc_rl_final,6.680377811852516e-4,201471.71178602826,3,898333,0.004,NA,NA,NA,NA,NA,NA,NA,0.0042,0.898333
5502,Jadakis Bonds,jadakis bonds,00-0039022,NA,26,3,GB,2,0.005942826000788965,301587301.5873016,1792280.8573807993,1.7922808573807993,0.09699176340553577,glm_pair,term_ll_final,aavPerc_rl_final,5.764051734287897e-4,173836.48087534928,3,898333,0.004,NA,NA,NA,NA,NA,NA,NA,0.0042,0.898333
5497,Garett Maag,garett maag,00-0039043,NA,26,3,MIN,2,0.005025088462284743,301587301.5873016,1515502.8695779385,1.5155028695779384,0.09627443749254308,glm_pair,term_ll_final,aavPerc_rl_final,4.8378756505673194e-4,145904.1862869509,3,898333,0.004,NA,NA,NA,NA,NA,NA,NA,0.0042,0.898333
5581,Shaq Davis,shaq davis,NA,NA,25,NA,PHI,2,0.006594050616934371,301587301.5873016,1988681.9320913185,1.9886819320913185,0.09545456166510935,glm_pair,term_ll_final,aavPerc_rl_final,6.294322112370143e-4,189828.76211909956,2,927500,0.0036,NA,NA,NA,NA,NA,NA,NA,0.0042,0.9275
5517,Johnny King,johnny king,00-0038434,NA,26,3,IND,2,0.006476732872060061,301587301.5873016,1953300.389986368,1.953300389986368,0.09521758030735011,glm_pair,term_ll_final,aavPerc_rl_final,6.166988323746332e-4,185988.53674790528,3,900000,0.004,NA,NA,NA,NA,NA,NA,NA,0.0042,0.9
5525,Julian Hicks,julian hicks,00-0039329,HickJu01,26,2,GB,2,0.004105408648159744,301587301.5873016,1238139.116111669,1.238139116111669,0.09508371819496478,glm_pair,term_ll_final,aavPerc_rl_final,3.9035751897679245e-4,117726.8708025247,1,840000,0.003,NA,NA,NA,NA,NA,NA,NA,0.0042,0.84
5585,T.J. Luther,t j luther,00-0038502,LuthTJ00,25,3,CAR,2,0.005056268555751228,301587301.5873016,1524906.3898297355,1.5249063898297355,0.09468423351842917,glm_pair,term_ll_final,aavPerc_rl_final,4.7874891266463986e-4,144384.59270838345,1,840000,0.003,NA,NA,NA,NA,NA,NA,NA,0.0042,0.84
5448,Aron Cruickshank,aron cruickshank,00-0038422,NA,25,3,CHI,3,0.011356647841660076,301587301.5873016,3425020.7776435153,3.4250207776435153,0.09450205465418234,glm_pair,term_ll_final,aavPerc_rl_final,0.0010732265550208624,323671.50072057755,3,901000,0.004,NA,NA,NA,NA,NA,NA,NA,0.0042,0.901
5457,Braydon Johnson,braydon johnson,NA,NA,NA,NA,BUF,2,0.008861806941278269,301587301.5873016,2672608.442607732,2.672608442607732,0.09387966745396938,glm_pair,term_ll_final,aavPerc_rl_final,8.319434886884814e-4,250903.5918266849,3,903333,0.004,NA,NA,NA,NA,NA,NA,NA,0.0042,0.903333
5573,Rondale Moore,rondale moore,00-0036936,MoorRo02,25,5,MIN,2,0.007247757468162427,301587301.5873016,2185831.617382319,2.1858316173823193,0.0926274566433057,glm_pair,term_ll_final,aavPerc_rl_final,6.713413406434103e-4,202468.02336864753,1,2000000,0.0072,NA,NA,NA,NA,NA,NA,NA,0.0042,2
5564,Oliver Martin,oliver martin,00-0038672,NA,27,3,JAX,2,0.006053670295253842,301587301.5873016,1825710.0890448096,1.8257100890448095,0.09255029989433895,glm_pair,term_ll_final,aavPerc_rl_final,5.602690012871945e-4,168970.0162612174,3,898667,0.004,NA,NA,NA,NA,NA,NA,NA,0.0042,0.898667
5472,Daniel Arias,daniel arias,00-0038702,AriaDa00,27,3,ARI,2,0.005278814740007286,301587301.5873016,1592023.4930180705,1.5920234930180706,0.09247746713109949,glm_pair,term_ll_final,aavPerc_rl_final,4.881714166101873e-4,147226.3002475168,3,902333,0.004,NA,NA,NA,NA,NA,NA,NA,0.0042,0.902333
5531,Kade Warner,kade warner,00-0038829,NA,27,3,TB,2,0.0077202569513436506,301587301.5873016,2328331.4615163393,2.3283314615163393,0.09227373312129336,glm_pair,term_ll_final,aavPerc_rl_final,7.123769295560939e-4,214843.8358978696,3,900000,0.004,NA,NA,NA,NA,NA,NA,NA,0.0042,0.9
5456,Braxton Westfield,braxton westfield,NA,NA,NA,NA,IND,2,0.007481909895658309,301587301.5873016,2256449.016150919,2.2564490161509188,0.0919308942231561,glm_pair,term_ll_final,aavPerc_rl_final,6.878186672049489e-4,207437.37582371477,3,901667,0.004,NA,NA,NA,NA,NA,NA,NA,0.0042,0.901667
5580,Shae Wyatt,shae wyatt,NA,NA,NA,NA,SF,2,0.007071816747378094,301587301.5873016,2132770.1301616477,2.1327701301616475,0.09193075650744699,glm_pair,term_ll_final,aavPerc_rl_final,6.501174634685013e-4,196067.17152224647,3,901000,0.004,NA,NA,NA,NA,NA,NA,NA,0.0042,0.901
5518,Jordan Byrd,jordan byrd,NA,NA,26,NA,PIT,2,0.006888390675340855,301587301.5873016,2077451.1560551785,2.0774511560551785,0.09193072202663957,glm_pair,term_ll_final,aavPerc_rl_final,6.332547283856561e-4,190981.58475122965,3,900833,0.004,NA,NA,NA,NA,NA,NA,NA,0.0042,0.900833
5539,Keytaon Thompson,keytaon thompson,NA,NA,NA,NA,DET,2,0.008141513384908013,301587301.5873016,2455377.0525913057,2.455377052591306,0.0919305500339761,glm_pair,term_ll_final,aavPerc_rl_final,7.484538035835722e-4,225724.1629855218,3,900000,0.004,NA,NA,NA,NA,NA,NA,NA,0.0042,0.9
5471,Dallas Daniels,dallas daniels,NA,NA,NA,NA,DEN,2,0.0067126152971202545,301587301.5873016,2024439.5340521403,2.0244395340521404,0.09193020583431961,glm_pair,term_ll_final,aavPerc_rl_final,6.170921059508675e-4,186107.14306454736,3,898333,0.004,NA,NA,NA,NA,NA,NA,NA,0.0042,0.898333
5575,Sam James,sam james,NA,NA,NA,NA,LA,2,0.007542557116587459,301587301.5873016,2274739.44785971,2.27473944785971,0.09193020583431961,glm_pair,term_ll_final,aavPerc_rl_final,6.933888282449974e-4,209117.2656611897,3,898333,0.004,NA,NA,NA,NA,NA,NA,NA,0.0042,0.898333
5523,Josh Vann,josh vann,00-0038780,NA,26,3,CAR,2,0.007481544418828386,301587301.5873016,2256338.7929799897,2.2563387929799896,0.09192818197846957,glm_pair,term_ll_final,aavPerc_rl_final,6.877647768140591e-4,207421.12316614485,3,901667,0.004,NA,NA,NA,NA,NA,NA,NA,0.0042,0.901667
5579,Seth Williams,seth williams,00-0036657,WillSe00,25,5,LV,2,0.0015715213983545889,301587301.5873016,473950.8979164634,0.4739508979164634,0.09171367141278457,glm_pair,term_ll_final,aavPerc_rl_final,1.4412999714685248e-4,43467.77691730473,1,840000,0.003,NA,NA,NA,NA,NA,NA,NA,0.0042,0.84
5546,Louis Rees-Zammit,louis rees zammit,NA,NA,25,NA,JAX,2,0.0054669280205502544,301587301.5873016,1648756.0696897595,1.6487560696897596,0.09168457415877561,glm_pair,term_ll_final,aavPerc_rl_final,5.012329675208281e-4,151165.49814120217,1,840000,0.003,NA,NA,NA,NA,NA,NA,NA,0.0042,0.84
5464,Chase Cota,chase cota,00-0038651,CotaCh00,26,3,CLE,2,0.0033863935536657453,301587301.5873016,1021293.2939626852,1.021293293962685,0.09150317503991842,glm_pair,term_ll_final,aavPerc_rl_final,3.098657620951281e-4,93451.57904456244,1,840000,0.003,NA,NA,NA,NA,NA,NA,NA,0.0042,0.84
5504,Jadon Janke,jadon janke,00-0039604,NA,26,2,GB,2,0.0038993463115089178,301587301.5873016,1175993.332042372,1.175993332042372,0.09119244262595505,glm_pair,term_ll_final,aavPerc_rl_final,3.5559091479100643e-4,107241.70446077973,1,840000,0.003,NA,NA,NA,NA,NA,NA,NA,0.0042,0.84
5578,Sean Ryan,sean ryan,00-0038455,RyanSe01,27,3,BAL,2,0.0052607246786247645,301587301.5873016,1586567.7602201672,1.5865677602201673,0.09118266110937488,glm_pair,term_ll_final,aavPerc_rl_final,4.79686875560767e-4,144667.47040721544,3,900000,0.004,NA,NA,NA,NA,NA,NA,NA,0.0042,0.9
5601,Tyrone Scott,tyrone scott,NA,NA,NA,NA,KC,2,0.008024651658549691,301587301.5873016,2420133.0398800657,2.420133039880066,0.09081139846498179,glm_pair,term_ll_final,aavPerc_rl_final,7.28729839307233e-4,219775.6658228163,3,898333,0.004,NA,NA,NA,NA,NA,NA,NA,0.0042,0.898333
5445,Ajou Ajou,ajou ajou,00-0039957,NA,24,1,IND,3,0.010495644770177052,301587301.5873016,3165353.1846565716,3.1653531846565715,0.08922475159469595,glm_pair,term_ll_final,aavPerc_rl_final,9.364712974452171e-4,282427.85161046236,1,840000,0.003,NA,NA,NA,NA,NA,NA,NA,0.0042,0.84
5568,Rakim Jarrett,rakim jarrett,00-0038821,JarrRa00,25,3,TB,2,0.00913624487932874,301587301.5873016,2755375.439797557,2.755375439797557,0.08916037604360112,glm_pair,term_ll_final,aavPerc_rl_final,8.145910290673756e-4,245670.310353653,3,906667,0.004,11,9,124,0,0.01953818827708703,0.325,NA,0.0042,0.906667
5542,Kyle Philips,kyle philips,00-0037273,PhilKy01,26,4,LV,2,0.003544333328597962,301587301.5873016,1068925.924497798,1.068925924497798,0.08869812302621467,glm_pair,term_ll_final,aavPerc_rl_final,3.14375713625895e-4,94811.72315701595,1,1030000,0.0037,NA,NA,NA,NA,NA,NA,NA,0.0042,1.03
5555,Mathew Sexton,mathew sexton,00-0036471,SextMa00,28,3,MIA,2,0.005817622088676585,301587301.5873016,1754520.9473786526,1.7545209473786527,0.08791569039806904,glm_pair,term_ll_final,aavPerc_rl_final,5.114602624010584e-4,154249.92040666842,2,877500,0.0034,NA,NA,NA,NA,NA,NA,NA,0.0042,0.8775
5562,Nick Williams,nick williams,00-0039045,NA,NA,3,DEN,2,0.005361445797710509,301587301.5873016,1616943.97073809,1.6169439707380902,0.08777409768769576,glm_pair,term_ll_final,aavPerc_rl_final,4.705960671955281e-4,141925.7980430958,3,898333,0.004,NA,NA,NA,NA,NA,NA,NA,0.0042,0.898333
5598,Tyler Hudson,tyler hudson,00-0038356,NA,25,3,LA,3,0.011183699185711698,301587301.5873016,3372861.659182893,3.372861659182893,0.08773583071512188,glm_pair,term_ll_final,aavPerc_rl_final,9.81211138526448e-4,295920.8195555954,3,898333,0.004,NA,NA,NA,NA,NA,NA,NA,0.0042,0.898333
5462,C.J. Johnson,c j johnson,NA,NA,NA,NA,SEA,2,0.00694655280572017,301587301.5873016,2094992.1160108452,2.0949921160108453,0.0872212515615328,glm_pair,term_ll_final,aavPerc_rl_final,6.058870297531905e-4,182727.83437000983,3,898667,0.004,NA,NA,NA,NA,NA,NA,NA,0.0042,0.898667
5449,Austin Mack,austin mack,00-0035869,MackAu01,28,6,ATL,2,0.003559733928309801,301587301.5873016,1073570.5498077178,1.0735705498077177,0.08687228676091775,glm_pair,term_ll_final,aavPerc_rl_final,3.0924222661269724e-4,93263.5286609722,2,984500,0.0039,NA,NA,NA,NA,NA,NA,NA,0.0042,0.9845
5520,Jose Barbon,jose barbon,00-0038730,NA,26,3,DAL,3,0.010616556587805656,301587301.5873016,3201818.653465198,3.201818653465198,0.08670204849383473,glm_pair,term_ll_final,aavPerc_rl_final,9.204772041134665e-4,277604.2361612042,3,899333,0.004,NA,NA,NA,NA,NA,NA,NA,0.0042,0.899333
5588,Taye Barber,taye barber,00-0038814,NA,26,3,TB,3,0.012428017060491622,301587301.5873016,3748132.129354616,3.7481321293546164,0.08578992051259902,glm_pair,term_ll_final,aavPerc_rl_final,0.0010661985957488007,321551.957448051,3,899000,0.004,NA,NA,NA,NA,NA,NA,NA,0.0042,0.899
5458,Braylon Sanders,braylon sanders,00-0037355,SandBr00,27,4,WAS,2,0.00478984887996957,301587301.5873016,1444557.5987209815,1.4445575987209816,0.08551134663977827,glm_pair,term_ll_final,aavPerc_rl_final,4.095864279272316e-4,123526.06556535557,1,960000,0.0034,NA,NA,NA,NA,NA,NA,NA,0.0042,0.96
5503,Jadon Haselwood,jadon haselwood,00-0038483,NA,25,3,PHI,3,0.01067463927867065,301587301.5873016,3219335.655472101,3.219335655472101,0.08520961782975138,glm_pair,term_ll_final,aavPerc_rl_final,9.09581933405979e-4,274318.36086846987,3,902500,0.004,NA,NA,NA,NA,NA,NA,NA,0.0042,0.9025
5526,Justin Marshall,justin marshall,00-0038929,NA,NA,3,ATL,3,0.010209104824388502,301587301.5873016,3078936.375609231,3.0789363756092314,0.08502970835421668,glm_pair,term_ll_final,aavPerc_rl_final,8.680772057753808e-4,261801.06205924187,3,904167,0.004,NA,NA,NA,NA,NA,NA,NA,0.0042,0.904167
5602,Winston Wright,winston wright,NA,NA,NA,NA,CLE,2,0.005629743500051281,301587301.5873016,1697859.1508091167,1.6978591508091168,0.08472035409059975,glm_pair,term_ll_final,aavPerc_rl_final,4.769538627635969e-4,143843.22845251337,1,840000,0.003,NA,NA,NA,NA,NA,NA,NA,0.0042,0.84
5529,K.J. Hamler,k j hamler,NA,NA,26,NA,BUF,2,0.007729074709358209,301587301.5873016,2330990.7853619996,2.3309907853619998,0.08465418955655828,glm_pair,term_ll_final,aavPerc_rl_final,6.542985555428104e-4,197328.13579862536,1,1108000,0.004,NA,NA,NA,NA,NA,NA,NA,0.0042,1.108
5589,Taylor Grimes,taylor grimes,00-0038789,NA,26,3,DEN,3,0.010722164072450498,301587301.5873016,3233668.5297866585,3.2336685297866583,0.08439515360667971,glm_pair,term_ll_final,aavPerc_rl_final,9.048986838904822e-4,272905.9522844312,3,899000,0.004,NA,NA,NA,NA,NA,NA,NA,0.0042,0.899
5565,Pokey Wilson,pokey wilson,NA,NA,24,NA,NYJ,2,0.00556262660732606,301587301.5873016,1677617.548241193,1.677617548241193,0.08402255798055784,glm_pair,term_ll_final,aavPerc_rl_final,4.6738611663824764e-4,140957.71771629693,1,840000,0.003,NA,NA,NA,NA,NA,NA,NA,0.0042,0.84
5455,Braxton Burmeister,braxton burmeister,NA,NA,27,NA,LA,2,0.007470312837028617,301587301.5873016,2252951.49053244,2.25295149053244,0.0838918539872619,glm_pair,term_ll_final,aavPerc_rl_final,6.26698393763173e-4,189004.27748413154,3,898333,0.004,NA,NA,NA,NA,NA,NA,NA,0.0042,0.898333
5492,Ed Lee,ed lee,NA,NA,27,NA,NE,2,0.00694217470282651,301587301.5873016,2093671.7357730747,2.0936717357730745,0.0838918539872619,glm_pair,term_ll_final,aavPerc_rl_final,5.823919065235849e-4,175642.00355473196,3,898333,0.004,NA,NA,NA,NA,NA,NA,NA,0.0042,0.898333
5510,Jamal Agnew,jamal agnew,00-0033572,AgneJa00,30,9,ATL,2,0.0026658904789412276,301587301.5873016,803998.715871164,0.803998715871164,0.08373568909017551,glm_pair,term_ll_final,aavPerc_rl_final,2.232301762930817e-4,67323.38650108814,1,2500000,0.009,0,0,0,0,0,0.00181818181818181,NA,0.0042,2.5
5516,Johnny Johnson,johnny johnson,NA,NA,26,NA,HOU,2,0.006596295598849525,301587301.5873016,1989358.990129222,1.989358990129222,0.0836560124716997,glm_pair,term_ll_final,aavPerc_rl_final,5.518197868843737e-4,166421.8404889381,1,840000,0.003,NA,NA,NA,NA,NA,NA,NA,0.0042,0.84
5476,David Sills,david sills,00-0035359,SillDa01,30,7,ATL,2,0.0013130153683472633,301587301.5873016,395988.761882508,0.395988761882508,0.083553123894757525,glm_pair,term_ll_final,aavPerc_rl_final,1.0970653574723958e-4,33086.09808250083,1,1100000,0.0039,36,18,191,2,0.06936416184971098,0.15333333333333335,NA,0.0042,1.1
5527,Justyn Ross,justyn ross,00-0037216,RossJu00,26,4,KC,2,0.0022227983883230827,301587301.5873016,670367.7679069615,0.6703677679069615,0.08345674397938296,glm_pair,term_ll_final,aavPerc_rl_final,1.8550751601206458e-4,55946.711178241705,1,960000,0.0034,1,0,0,0,0.00174825174825174,0.09,NA,0.0042,0.96
5509,Jalen Sample,jalen sample,NA,NA,27,NA,WAS,2,0.00790786271835599,301587301.5873016,2384910.9785518064,2.3849109785518063,0.08304991945931331,glm_pair,term_ll_final,aavPerc_rl_final,6.567473618547714e-4,198066.6646863596,3,899167,0.004,NA,NA,NA,NA,NA,NA,NA,0.0042,0.899167
5543,Lance McCutcheon,lance mccutcheon,00-0037055,McCuLa01,27,4,PIT,2,0.0033276836232071405,301587301.5873016,1003587.1244592965,1.0035871244592964,0.08234832517478038,glm_pair,term_ll_final,aavPerc_rl_final,2.74029173082653e-4,82643.71886619694,1,960000,0.0034,NA,NA,NA,NA,NA,NA,NA,0.0042,0.96
5451,Avery Davis,avery davis,00-0039186,NA,NA,3,DET,3,0.012116116575836333,301587301.5873016,3654066.9038236565,3.6540669038236566,0.08227144743792482,glm_pair,term_ll_final,aavPerc_rl_final,9.968104480206886e-4,300625.37321258866,3,898333,0.004,NA,NA,NA,NA,NA,NA,NA,0.0042,0.898333
5597,Tyler Adams,tyler adams,00-0038531,NA,NA,3,IND,3,0.011261957339884554,301587301.5873016,3396463.324727088,3.396463324727088,0.08151402162389637,glm_pair,term_ll_final,aavPerc_rl_final,9.18007434130748e-4,276859.38489657483,3,898333,0.004,NA,NA,NA,NA,NA,NA,NA,0.0042,0.898333
5533,Kawaan Baker,kawaan baker,00-0036939,BakeKa00,27,5,LV,2,0.0012050177602820897,301587301.5873016,363418.0546882493,0.3634180546882493,0.08106289814888502,glm_pair,term_ll_final,aavPerc_rl_final,9.768223196934459e-5,29459.72075265948,1,840000,0.003,NA,NA,NA,NA,NA,NA,NA,0.0042,0.84
5606,Zion Bowens,zion bowens,00-0038831,NA,26,3,WAS,3,0.01166751611503804,301587301.5873016,3518774.7013606788,3.518774701360679,0.08071699451508031,glm_pair,term_ll_final,aavPerc_rl_final,9.417668342621366e-4,284024.91826953326,3,899167,0.004,NA,NA,NA,NA,NA,NA,NA,0.0042,0.899167
5513,Jerome Kapp,jerome kapp,00-0039033,NA,NA,3,NYJ,2,0.005868215731164208,301587301.5873016,1769779.3474939675,1.7697793474939676,0.08011434963868916,glm_pair,term_ll_final,aavPerc_rl_final,4.701282868417453e-4,141784.72142846286,3,898333,0.004,NA,NA,NA,NA,NA,NA,NA,0.0042,0.898333
5574,Russell Gage,russell gage,00-0034411,GageRu00,30,8,SF,2,0.007343983283364369,301587301.5873016,2214852.1013321117,2.2148521013321116,0.07957137019221269,glm_pair,term_ll_final,aavPerc_rl_final,5.843708125260079e-4,176238.81647609765,1,1170000,0.0042,NA,NA,NA,NA,NA,0.37,NA,0.0042,1.17
5467,Cody Chrest,cody chrest,00-0038430,NA,NA,3,IND,3,0.011137158752123013,301587301.5873016,3358825.655402179,3.3588256554021787,0.07946904108544581,glm_pair,term_ll_final,aavPerc_rl_final,8.850593264475961e-4,266922.6540080052,3,898333,0.004,NA,NA,NA,NA,NA,NA,NA,0.0042,0.898333
5459,Brian Cobbs,brian cobbs,00-0039011,NA,26,3,ARI,3,0.010568484307291168,301587301.5873016,3187320.664103686,3.187320664103686,0.0791407355800783,glm_pair,term_ll_final,aavPerc_rl_final,8.363976220455373e-4,252246.90188674934,3,898333,0.004,NA,NA,NA,NA,NA,NA,NA,0.0042,0.898333
5553,Marquez Callaway,marquez callaway,00-0036219,CallMa01,27,6,LV,2,0.004120386432726627,301587301.5873016,1242656.2257429513,1.2426562257429512,0.0790437748250135,glm_pair,term_ll_final,aavPerc_rl_final,3.2569089738048417e-4,98224.23889252698,1,1170000,0.0042,NA,NA,NA,NA,NA,0.04,NA,0.0042,1.17
5540,Kody Case,kody case,00-0038532,NA,27,3,IND,3,0.011548866655654858,301587301.5873016,3482991.531070513,3.482991531070513,0.07820176240274963,glm_pair,term_ll_final,aavPerc_rl_final,9.03141726226559e-4,272376.07616356545,3,898333,0.004,NA,NA,NA,NA,NA,NA,NA,0.0042,0.898333
5544,Laviska Shenault,laviska shenault,NA,NA,27,NA,BUF,2,0.007789162156090864,301587301.5873016,2349112.396281372,2.349112396281372,0.07812802722042819,glm_pair,term_ll_final,aavPerc_rl_final,6.085518729553962e-4,183531.51724051632,1,1210000,0.0043,NA,NA,NA,NA,NA,NA,NA,0.0042,1.21
5478,Dax Milne,dax milne,00-0036671,MilnDa00,26,5,CAR,2,0.0027554617735192416,301587301.5873016,831012.2809026284,0.8310122809026285,0.07756202022884572,glm_pair,term_ll_final,aavPerc_rl_final,2.137191818175105e-4,64454.99134178888,1,1030000,0.0037,NA,NA,NA,NA,NA,NA,NA,0.0042,1.03
5450,Austin Watkins,austin watkins,NA,NA,27,NA,PHI,2,0.006278476041633132,301587301.5873016,1893508.647476659,1.893508647476659,0.07739720700563554,glm_pair,term_ll_final,aavPerc_rl_final,4.859365098742027e-4,146552.28075571195,2,902500,0.00349999999999999,NA,NA,NA,NA,NA,NA,NA,0.0042,0.9025
5461,Bryce Ford-Wheaton,bryce ford wheaton,00-0038477,FordBr00,26,3,NYG,2,0.0077177221654277945,301587301.5873016,2327567.002271875,2.327567002271875,0.07722260998399841,glm_pair,term_ll_final,aavPerc_rl_final,5.959826487456902e-4,179740.79882806534,3,905000,0.004,0,0,0,0,0,0.00285714285714285,NA,0.0042,0.905
5536,Keenan Allen,keenan allen,00-0030279,AlleKe00,33,13,LAC,3,0.046929053661569534,301587301.5873016,14153206.659838432,14.153206659838432,0.07658268412043291,glm_pair,term_ll_final,aavPerc_rl_final,0.003593952892634825,1083890.554921614,1,3020000,0.0108,121.66666666666669,77.33333333333333,766,5,0.2261891448594647,0.6591372549019607,6.295488416203766,0.0042,3.02
5502,Jadakis Bonds,jadakis bonds,00-0039022,NA,26,3,GB,3,0.010154006291822086,301587301.5873016,3062319.3578511053,3.062319357851105,0.07642011925821973,glm_pair,term_ll_final,aavPerc_rl_final,7.759703717697573e-4,234022.81053373634,3,898333,0.004,NA,NA,NA,NA,NA,NA,NA,0.0042,0.898333
5497,Garett Maag,garett maag,00-0039043,NA,26,3,MIN,3,0.009236268753317862,301587301.5873016,2785541.3700482445,2.7855413700482443,0.07585493588704305,glm_pair,term_ll_final,aavPerc_rl_final,7.006165741184255e-4,211297.06203571564,3,898333,0.004,NA,NA,NA,NA,NA,NA,NA,0.0042,0.898333
5515,John Hall,john hall,00-0038759,NA,28,3,SEA,2,0.0058106633254273515,301587301.5873016,1752422.2727479315,1.7524222727479315,0.07560260428837426,glm_pair,term_ll_final,aavPerc_rl_final,4.393012800452529e-4,132487.68763269534,3,901667,0.004,NA,NA,NA,NA,NA,NA,NA,0.0042,0.901667
5489,Dontavian Jackson,dontavian jackson,NA,NA,28,NA,MIN,2,0.005716364872083492,301587301.5873016,1723983.0566601008,1.7239830566601009,0.07534048832280797,glm_pair,term_ll_final,aavPerc_rl_final,4.30673720894116e-4,129885.72534901912,3,898333,0.004,NA,NA,NA,NA,NA,NA,NA,0.0042,0.898333
5549,Malik Flowers,malik flowers,00-0038904,FlowMa01,26,3,NO,3,0.010668876221189939,301587301.5873016,3217597.590517601,3.217597590517601,0.07527796472098025,glm_pair,term_ll_final,aavPerc_rl_final,8.031312877912413e-4,242214.19790529503,3,898667,0.004,NA,NA,NA,NA,NA,NA,NA,0.0042,0.898667
5517,Johnny King,johnny king,00-0038434,NA,26,3,IND,3,0.010687913163093175,301587301.5873016,3223338.890456672,3.223338890456672,0.07490185609148577,glm_pair,term_ll_final,aavPerc_rl_final,8.005445336603014e-4,241434.06570707503,3,900000,0.004,NA,NA,NA,NA,NA,NA,NA,0.0042,0.9
5482,Demetric Felton,demetric felton,NA,NA,27,NA,WAS,2,0.006731010935823743,301587301.5873016,2029987.4250897004,2.0299874250897005,0.07449071365154994,glm_pair,term_ll_final,aavPerc_rl_final,5.013978082058976e-4,151215.21199860406,1,1030000,0.0037,NA,NA,NA,NA,NA,NA,NA,0.0042,1.03
5498,Gavin Holmes,gavin holmes,00-0038962,NA,27,3,TEN,3,0.010760250987708922,301587301.5873016,3245155.059785231,3.245155059785231,0.07351130822147413,glm_pair,term_ll_final,aavPerc_rl_final,7.91000126897892e-4,238555.59382634843,3,898333,0.004,NA,NA,NA,NA,NA,NA,NA,0.0042,0.898333
5595,Trishton Jackson,trishton jackson,00-0035934,JackTr02,28,6,ARI,2,0.006275687100957785,301587301.5873016,1892667.5383840941,1.892667538384094,0.07338774978857462,glm_pair,term_ll_final,aavPerc_rl_final,4.605585547164752e-4,138898.61173988937,1,1100000,0.0039,NA,NA,NA,NA,NA,0.08499999999999999,NA,0.0042,1.1
5550,Malik Heath,malik heath,00-0038465,HeatMa00,25,3,GB,2,0.008282721212054877,301587301.5873016,2497963.5401435345,2.4979635401435347,0.07314552413447006,glm_pair,term_ll_final,aavPerc_rl_final,6.058439843154472e-4,182714.85241259518,3,901333,0.004,9,7.333333333333333,89.66666666666667,0.6666666666666666,0.019484007996002,0.26736596736596735,NA,0.0042,0.901333
5564,Oliver Martin,oliver martin,00-0038672,NA,27,3,JAX,3,0.010264850586286962,301587301.5873016,3095748.589515116,3.0957485895151162,0.07292096761093214,glm_pair,term_ll_final,aavPerc_rl_final,7.485228371336894e-4,225744.98262762063,3,898667,0.004,NA,NA,NA,NA,NA,NA,NA,0.0042,0.898667
5566,Quintez Cephus,quintez cephus,00-0036277,CephQu00,27,6,HOU,2,0.0023743467648726785,301587301.5873016,716072.8338504904,0.7160728338504904,0.07277912667140506,glm_pair,term_ll_final,aavPerc_rl_final,1.7280288396250948e-4,52115.155480756825,1,1100000,0.0039,NA,NA,NA,NA,NA,NA,NA,0.0042,1.1
5531,Kade Warner,kade warner,00-0038829,NA,27,3,TB,3,0.011931437242376771,301587301.5873016,3598369.9619866456,3.5983699619866454,0.07270421920134663,glm_pair,term_ll_final,aavPerc_rl_final,8.674658286568716e-4,261616.67848381842,3,900000,0.004,NA,NA,NA,NA,NA,NA,NA,0.0042,0.9
5523,Josh Vann,josh vann,00-0038780,NA,26,3,CAR,3,0.011692724709861504,301587301.5873016,3526377.2934502955,3.5263772934502953,0.07243339854527668,glm_pair,term_ll_final,aavPerc_rl_final,8.46943788989603e-4,255427.49191749934,3,901667,0.004,NA,NA,NA,NA,NA,NA,NA,0.0042,0.901667
5559,Mike Woods,mike woods,00-0037300,WoodMi00,26,4,CLE,2,0.00946512927144521,301587301.5873016,2854562.796150143,2.8545627961501427,0.07232254933742457,glm_pair,term_ll_final,aavPerc_rl_final,6.845422787191977e-4,206449.25866134535,4,957072,0.0046,17,7,65,0,0.02681388012618296,0.838,NA,0.0042,0.957072
5506,Jalen Cropper,jalen cropper,00-0038740,MoreJa01,24,3,DAL,2,0.009266095060690737,301587301.5873016,2794536.605605143,2.7945366056051433,0.07131249030475571,glm_pair,term_ll_final,aavPerc_rl_final,6.60788314178453e-4,199285.3645935017,2,877500,0.0034,0,0,0,0,0,0.09555555555555556,NA,0.0042,0.8775
5586,Tarik Black,tarik black,00-0036491,BlacTa00,28,5,MIA,2,0.00359074729838862,301587301.5873016,1082923.788402917,1.082923788402917,0.07130135280133684,glm_pair,term_ll_final,aavPerc_rl_final,2.5602513994285413e-4,77213.93109387664,1,840000,0.003,NA,NA,NA,NA,NA,NA,NA,0.0042,0.84
5548,Malachi Carter,malachi carter,00-0038886,NA,26,3,CIN,3,0.01052623096698361,301587301.5873016,3174577.5932172798,3.17457759321728,0.07072837526410787,glm_pair,term_ll_final,aavPerc_rl_final,7.445032139494898e-4,224532.71531810015,3,898333,0.004,NA,NA,NA,NA,NA,NA,NA,0.0042,0.898333
5547,Mac Hippenhammer,mac hippenhammer,00-0038887,NA,27,3,CIN,3,0.011063208092036177,301587301.5873016,3336523.07537599,3.33652307537599,0.06899833217739584,glm_pair,term_ll_final,aavPerc_rl_final,7.633429068819659e-4,230214.5274723389,3,898333,0.004,NA,NA,NA,NA,NA,NA,NA,0.0042,0.898333
5469,Cornell Powell,cornell powell,00-0036647,PoweCo00,28,5,HOU,2,0.004122175291482892,301587301.5873016,1243195.722828174,1.243195722828174,0.06895637962495725,glm_pair,term_ll_final,aavPerc_rl_final,2.842502842801131e-4,85726.2762114627,1,960000,0.0034,NA,NA,NA,NA,NA,NA,NA,0.0042,0.96
5576,Scotty Miller,scotty miller,NA,NA,28,NA,PIT,2,0.005741401916642955,301587301.5873016,1731533.9113685105,1.7315339113685104,0.06850942892051151,glm_pair,term_ll_final,aavPerc_rl_final,3.933401665123391e-4,118626.39942435625,1,1337500,0.0048,NA,NA,NA,NA,NA,NA,NA,0.0042,1.3375
5562,Nick Williams,nick williams,00-0039045,NA,NA,3,DEN,3,0.009572626088743628,301587301.5873016,2886982.471208396,2.886982471208396,0.0684861451221683,glm_pair,term_ll_final,aavPerc_rl_final,6.555922595139505e-4,197718.30048833427,3,898333,0.004,NA,NA,NA,NA,NA,NA,NA,0.0042,0.898333
5520,Jose Barbon,jose barbon,00-0038730,NA,26,3,DAL,2,0.0064053762967725405,301587301.5873016,1931780.1529948933,1.9317801529948933,0.06642081552361956,glm_pair,term_ll_final,aavPerc_rl_final,4.254503173672943e-4,128310.41317426338,3,899333,0.004,NA,NA,NA,NA,NA,NA,NA,0.0042,0.899333
5577,Scotty Washington,scotty washington,00-0035769,NA,28,6,BAL,2,0.002450809983865599,301587301.5873016,739133.1697372443,0.7391331697372443,0.06637634323492626,glm_pair,term_ll_final,aavPerc_rl_final,1.626758046926471e-4,49060.95697079834,1,840000,0.003,NA,NA,NA,NA,NA,NA,NA,0.0042,0.84
5508,Jalen Reagor,jalen reagor,00-0036387,ReagJa00,27,6,LAC,2,0.0039765477440122194,301587301.5873016,1199276.303749717,1.1992763037497172,0.06556253201800098,glm_pair,term_ll_final,aavPerc_rl_final,2.6071253878791074e-4,78627.59106302069,1,1337500,0.0048,12,7,100,0,0.02443991853360488,0.28250000000000003,NA,0.0042,1.3375
5557,Mike Strachan,mike strachan,00-0036482,StraMi03,28,5,WAS,2,0.0026222065632148274,301587301.5873016,790824.2016044718,0.7908242016044718,0.0632205862752168,glm_pair,term_ll_final,aavPerc_rl_final,1.6577743626116273e-4,49996.36966606495,1,1100000,0.0039,NA,NA,NA,NA,NA,NA,NA,0.0042,1.1
5513,Jerome Kapp,jerome kapp,00-0039033,NA,NA,3,NYJ,3,0.010079396022197328,301587301.5873016,3039817.8479642738,3.0398178479642737,0.06312235120507055,glm_pair,term_ll_final,aavPerc_rl_final,6.362351756481309e-4,191880.44979864266,3,898333,0.004,NA,NA,NA,NA,NA,NA,NA,0.0042,0.898333
5515,John Hall,john hall,00-0038759,NA,28,3,SEA,3,0.010021843616460472,301587301.5873016,3022460.773218238,3.0224607732182376,0.06311164712619476,glm_pair,term_ll_final,aavPerc_rl_final,6.324950578759608e-4,190752.47777211518,3,901667,0.004,NA,NA,NA,NA,NA,NA,NA,0.0042,0.901667
5583,Steven Sims Jr.,steven sims jr,NA,NA,28,NA,SEA,2,0.0054706347493073786,301587301.5873016,1649873.9720133366,1.6498739720133366,0.06219510652535935,glm_pair,term_ll_final,aavPerc_rl_final,3.4024671099450496e-4,102614.08744278723,1,1170000,0.0042,NA,NA,NA,NA,NA,NA,NA,0.0042,1.17
5512,Jauan Jennings,jauan jennings,00-0036259,JennJa00,28,6,SF,4,0.05969341073464725,301587301.5873016,18002774.66600473,18.00277466600473,0.061998123149808605,glm_pair,term_ll_final,aavPerc_rl_final,0.003700879429958767,1116138.2407812157,2,5945000,0.02329999999999999,97.66666666666669,62.333333333333336,753.6666666666666,8,0.182515210585386,0.7951111111111112,7.639069157653229,0.0042,5.945
5487,DJ Montgomery,dj montgomery,NA,NA,29,NA,IND,2,0.006087429508553423,301587301.5873016,1835891.4390875404,1.8358914390875403,0.06177476899960794,glm_pair,term_ll_final,aavPerc_rl_final,3.7604955169228457e-4,113411.7695579906,1,1030000,0.0037,NA,NA,NA,NA,NA,NA,NA,0.0042,1.03
5474,David Bell,david bell,00-0037257,BellDa02,25,4,CLE,2,0.00743548928672312,301587301.5873016,2242449.1499641156,2.2424491499641155,0.06158660543067676,glm_pair,term_ll_final,aavPerc_rl_final,4.5792654488544096e-4,138104.8309971965,4,1273726,0.00609999999999999,3,3,27,0,0.00473186119873817,0.13,NA,0.0042,1.273726
5475,David Durden,david durden,00-0038734,DurdDa00,27,3,DAL,2,0.005354582753045385,301587301.5873016,1614874.1636168621,1.6148741636168622,0.06074327871875684,glm_pair,term_ll_final,aavPerc_rl_final,3.2525491259088413e-4,98092.75141629839,3,901667,0.004,NA,NA,NA,NA,NA,NA,NA,0.0042,0.901667
5468,Collin Johnson,collin johnson,00-0036254,JohnCo01,28,6,LV,2,0.004272373174367825,301587301.5873016,1288493.4970315665,1.2884934970315665,0.05887664639438109,glm_pair,term_ll_final,aavPerc_rl_final,2.515430046520939e-4,75862.17600618706,1,1170000,0.0042,2,1,6,0,0.00380228136882129,0.05444444444444445,NA,0.0042,1.17
5528,Juwann Winfree,juwann winfree,00-0035593,WinfJu00,29,7,HOU,2,0.003142868065672885,301587301.5873016,947849.0991711876,0.9478490991711876,0.0586424819097709,glm_pair,term_ll_final,aavPerc_rl_final,1.8430558368601882e-4,55584.223651339016,1,1170000,0.0042,NA,NA,NA,NA,NA,NA,NA,0.0042,1.17
5507,Jalen Moreno-Cropper,jalen moreno cropper,NA,NA,25,NA,DAL,2,0.015295066132599752,301587301.5873016,4612797.722530085,4.612797722530084,0.0582056297338756,glm_pair,term_ll_final,aavPerc_rl_final,8.902589560692418e-4,268490.7962748507,3,901667,0.004,NA,NA,NA,NA,NA,0.09555555555555556,NA,0.0042,0.901667
5530,K.J. Osborn,k j osborn,00-0036345,OsboKJ00,28,6,WAS,2,0.006702129429289614,301587301.5873016,2021277.1294682964,2.0212771294682965,0.05794952709083021,glm_pair,term_ll_final,aavPerc_rl_final,3.883852309288689e-4,117132.05377219857,1,1195000,0.0043,18,7,57,1,0.036,0.495,NA,0.0042,1.195
5484,Dez Fitzpatrick,dez fitzpatrick,00-0036627,FitzDe00,28,5,LAC,2,0.005071001688418935,301587301.5873016,1529349.715554917,1.529349715554917,0.05751594837944788,glm_pair,term_ll_final,aavPerc_rl_final,2.916634713431965e-4,87961.9992939799,1,1030000,0.0037,NA,NA,NA,NA,NA,0.13,NA,0.0042,1.03
5501,Jacob Harris,jacob harris,00-0036918,HarrJa03,28,5,TB,2,0.004891703273659528,301587301.5873016,1475275.5904687466,1.4752755904687467,0.056956954945583324,glm_pair,term_ll_final,aavPerc_rl_final,2.786165229649882e-4,84027.20533864724,1,1100000,0.0039,NA,NA,NA,NA,NA,NA,NA,0.0042,1.1
5552,Malik Taylor,malik taylor,00-0035480,TaylMa01,30,7,DET,2,0.0036676884231054327,301587301.5873016,1106128.2545873527,1.1061282545873528,0.056724455459027136,glm_pair,term_ll_final,aavPerc_rl_final,2.080476285940336e-4,62744.522909311716,1,1100000,0.0039,NA,NA,NA,NA,NA,NA,NA,0.0042,1.1
5483,Deon Cain,deon cain,00-0034406,CainDe00,29,8,BUF,2,0.0044379240310618955,301587301.5873016,1338421.5331773972,1.3384215331773972,0.05615829033864761,glm_pair,term_ll_final,aavPerc_rl_final,2.492262262372353e-4,75163.46505567414,1,960000,0.0034,NA,NA,NA,NA,NA,NA,NA,0.0042,0.96
5491,Easop Winston,easop winston,00-0036080,WinsEa00,29,5,NYJ,2,0.0031064759254459235,301587301.5873016,936873.6918011516,0.9368736918011517,0.055568761146631014,glm_pair,term_ll_final,aavPerc_rl_final,1.7262301870886405e-4,52060.91040426059,1,960000,0.0034,NA,NA,NA,NA,NA,NA,NA,0.0042,0.96
5567,Racey McMath,racey mcmath,00-0036652,McMaRa00,26,5,DAL,2,0.0031006595740523126,301587301.5873016,935119.554079269,0.9351195540792689,0.054214501496655444,glm_pair,term_ll_final,aavPerc_rl_final,1.6810071311807814e-4,50697.0404641823,2,1042500,0.0041,NA,NA,NA,NA,NA,NA,NA,0.0042,1.0425
5486,DJ Chark,dj chark,00-0034777,CharDJ00,29,8,ATL,2,0.0048629928769251575,301587301.5873016,1466616.899390127,1.466616899390127,0.05304683564107162,glm_pair,term_ll_final,aavPerc_rl_final,2.5796638386595084e-4,77799.38561036614,1,1300000,0.0047,10,4,31,1,0.02036659877800407,0.21714285714285717,NA,0.0042,1.3
5500,Hunter Renfrow,hunter renfrow,00-0034983,RenfHu00,30,7,CAR,2,0.0077290646820099,301587301.5873016,2330987.761241081,2.330987761241081,0.05083594687485228,glm_pair,term_ll_final,aavPerc_rl_final,3.9291432156695233e-4,118497.96999638245,1,1220000,0.0044,26,15,89,2,0.05416666666666667,0.4916666666666667,NA,0.0042,1.22
5485,Diontae Johnson,diontae johnson,00-0035216,JohnDi01,29,7,CLE,2,0.00900240749488197,301587301.5873016,2715011.784170753,2.715011784170753,0.05004144000449031,glm_pair,term_ll_final,aavPerc_rl_final,4.5049343455111e-4,135863.0993090649,1,1170000,0.0042,67,33,375,3,0.1293436293436293,0.5516666666666666,5.597014925373134,0.0042,1.17
5560,Miles Boykin,miles boykin,00-0035703,BoykMi00,29,7,CHI,2,0.0049792161337645175,301587301.5873016,1501668.3578019976,1.5016683578019976,0.0493972578780656,glm_pair,term_ll_final,aavPerc_rl_final,2.4595962339019067e-4,74178.29911767655,1,1170000,0.0042,NA,NA,NA,NA,NA,NA,NA,0.0042,1.17
5561,Montrell Washington,montrell washington,00-0037272,WashMo00,27,4,NYG,2,0.004173403973090175,301587301.5873016,1258645.6426779896,1.2586456426779895,0.046457346150339106,glm_pair,term_ll_final,aavPerc_rl_final,1.9388527300305078e-4,58473.336302507385,1,1030000,0.0037,0,0,0,0,0,0.07,NA,0.0042,1.03
5537,Keith Kirkwood,keith kirkwood,00-0034317,KirkKe00,31,8,BAL,2,0.001739434298952502,301587301.5873016,524591.2965094848,0.5245912965094848,0.046052602356738345,glm_pair,term_ll_final,aavPerc_rl_final,8.010547609533151e-5,24158.79437795712,1,1170000,0.0042,NA,NA,NA,NA,NA,NA,NA,0.0042,1.17
5453,Brandon Johnson,brandon johnson,00-0037382,JohnBr23,27,4,PIT,2,-2.8831104509551296e-4,301587301.5873016,-86950.95010817058,-0.08695095010817058,0.04566842532196388,glm_pair,term_ll_final,aavPerc_rl_final,-1.3166711432441794e-5,-3970.912971688795,1,1100000,0.0039,0.3333333333333333,0.3333333333333333,3,0,7.246376811594203e-4,0.1,NA,0.0042,1.1
5493,Elijah Moore,elijah moore,00-0036980,MoorEl00,25,5,BUF,2,0.00872489002649709,301587301.5873016,2631316.039737218,2.631316039737218,0.04563493439058228,glm_pair,term_ll_final,aavPerc_rl_final,3.981597839242404e-4,120079.93483429473,1,2500000,0.009,45.333333333333336,26.333333333333332,254,0.3333333333333333,0.07728816387101589,0.4619825708061002,5.2745098039215685,0.0042,2.5
5556,Michael Gallup,michael gallup,00-0034764,GallMi00,30,8,WAS,2,0.005612314905155082,301587301.5873016,1692602.9079039139,1.6926029079039138,0.04555091989626644,glm_pair,term_ll_final,aavPerc_rl_final,2.5564610667734133e-4,77099.61947411882,1,1250000,0.0045,NA,NA,NA,NA,NA,NA,NA,0.0042,1.25
5446,Alex Bachman,alex bachman,00-0035602,BachAl00,29,7,LV,2,0.0029558120011253914,301587301.5873016,891435.365418769,0.891435365418769,0.044824547843257304,glm_pair,term_ll_final,aavPerc_rl_final,1.3249293646011923e-4,39958.18718638516,1,1030000,0.0037,3,2.3333333333333335,18.333333333333332,0,0.0057377721851406,0.09871794871794871,NA,0.0042,1.03
5594,Trenton Irwin,trenton irwin,00-0035341,IrwiTr00,30,7,JAX,2,0.003694105064236142,301587301.5873016,1114095.1781029636,1.1140951781029635,0.04466123295948478,glm_pair,term_ll_final,aavPerc_rl_final,1.6498328685066283e-4,49756.86428829514,1,1170000,0.0042,10,3,15,0,0.01592356687898089,0.2914285714285714,NA,0.0042,1.17
5536,Keenan Allen,keenan allen,00-0030279,AlleKe00,33,13,LAC,4,0.05679467450551304,301587301.5873016,17128552.62864679,17.12855262864679,0.043607364869976156,glm_pair,term_ll_final,aavPerc_rl_final,0.0024766660938334395,746931.0441719898,1,3020000,0.0108,121.66666666666669,77.33333333333333,766,5,0.2261891448594647,0.6591372549019607,6.295488416203766,0.0042,3.02
5593,Trent Taylor,trent taylor,00-0033292,TaylTr02,31,9,SF,2,0.002728110764190237,301587301.5873016,822763.5638034048,0.8227635638034048,0.0412729956960476,glm_pair,term_ll_final,aavPerc_rl_final,1.1259730382876478e-4,33957.91702772271,1,1170000,0.0042,1,1,11,0,0.00194931773879142,0.095,NA,0.0042,1.17
5536,Keenan Allen,keenan allen,00-0030279,AlleKe00,33,13,LAC,2,0.04271787337053642,301587301.5873016,12883168.159368128,12.883168159368127,0.03972438383918072,glm_pair,term_ll_final,aavPerc_rl_final,0.0016969411985647052,511775.91702745087,1,3020000,0.0108,121.66666666666669,77.33333333333333,766,5,0.2261891448594647,0.6591372549019607,6.295488416203766,0.0042,3.02
5496,Gabriel Davis,gabriel davis,NA,NA,27,NA,BUF,2,0.016573202371475384,301587301.5873016,4998267.3818735285,4.998267381873529,0.03962448893731234,glm_pair,term_ll_final,aavPerc_rl_final,6.56704674024365e-4,198053.79057877674,1,1170000,0.0042,NA,NA,NA,NA,NA,0.6197777777777778,NA,0.0042,1.17
5511,James Proche,james proche,00-0036133,ProcJa00,29,6,TEN,2,-0.0023699425652064666,301587301.5873016,-714744.5831575058,-0.7147445831575059,0.03825880863042795,glm_pair,term_ll_final,aavPerc_rl_final,-9.067117906733972e-5,-27345.276226658014,1,1170000,0.0042,9,5,50.333333333333336,0,0.01667162668888756,0.2081481481481481,NA,0.0042,1.17
5454,Braxton Berrios,braxton berrios,00-0034419,BerrBr00,30,8,HOU,2,0.0013902039140676473,301587301.5873016,419267.84709976666,0.41926784709976667,0.03698367266623679,glm_pair,term_ll_final,aavPerc_rl_final,5.141484649719905e-5,15506.064816615586,1,1800000,0.0064,6.666666666666667,4,24.666666666666668,0,0.0119917819151194,0.21777777777777776,NA,0.0042,1.8
5604,Zach Pascal,zach pascal,00-0033251,PascZa00,31,9,NYG,2,0.00600141026604492,301587301.5873016,1809949.1278548173,1.8099491278548172,0.03697335718851517,glm_pair,term_ll_final,aavPerc_rl_final,2.2189228540130067e-4,66919.89559721766,1,1422500,0.0051,0,0,0,0,0,0.06588235294117648,NA,0.0042,1.4225
5538,Kelvin Harmon,kelvin harmon,00-0035297,HarmKe00,29,7,DAL,2,9.671811761760026e-4,301587301.5873016,291689.5610689532,0.29168956106895316,0.036624390394125454,glm_pair,term_ll_final,aavPerc_rl_final,3.542242097811935e-5,10682.95235848044,1,960000,0.0034,NA,NA,NA,NA,NA,NA,NA,0.0042,0.96
5541,Kristian Wilkerson,kristian wilkerson,00-0036183,WilkKr00,29,6,BUF,2,0.010860258202049644,301587301.5873016,3275315.965697512,3.275315965697512,0.035750872917323345,glm_pair,term_ll_final,aavPerc_rl_final,3.8826371083079534e-4,117095.40485373195,1,1100000,0.0039,3,2,18,1,0.00506756756756756,0.22,NA,0.0042,1.1
5494,Equanimeous St. Brown,equanimeous st brown,00-0034279,St.BEq00,29,8,SF,2,0.002303748111214298,301587301.5873016,694781.176397963,0.694781176397963,0.035246447229546736,glm_pair,term_ll_final,aavPerc_rl_final,8.119893623208272e-5,24488.568069993205,1,1170000,0.0042,NA,NA,NA,NA,NA,0.24,NA,0.0042,1.17
5532,Kaden Davis,kaden davis,00-0037380,DaviKa02,27,4,CLE,2,0.005041044347072156,301587301.5873016,1520314.9618154124,1.5203149618154124,0.03511928125085787,glm_pair,term_ll_final,aavPerc_rl_final,1.7703785422287425e-4,53392.368733882715,1,840000,0.003,0,0,0,0,0,0.09000000000000001,NA,0.0042,0.84
5603,Xavier Malone,xavier malone,00-0038928,NA,26,3,ATL,3,0.010233975452133387,301587301.5873016,3086437.041119593,3.086437041119593,0.0334895830740591,glm_pair,term_ll_final,aavPerc_rl_final,3.4273157108210265e-4,103363.48969142779,3,901667,0.004,NA,NA,NA,NA,NA,NA,NA,0.0042,0.901667
5573,Rondale Moore,rondale moore,00-0036936,MoorRo02,25,5,MIN,3,0.011458937759195546,301587301.5873016,3455870.117852625,3.455870117852625,0.0329564375419018,glm_pair,term_ll_final,aavPerc_rl_final,3.776457665574682e-4,113893.16769193484,1,2000000,0.0072,NA,NA,NA,NA,NA,NA,NA,0.0042,2
5569,Ray-Ray McCloud,ray ray mccloud,00-0034407,McClRa00,29,8,ATL,2,0.007159800593961638,301587301.5873016,2159304.9410360497,2.1593049410360496,0.031094604661714473,glm_pair,term_ll_final,aavPerc_rl_final,2.226311689259456e-4,67142.73348560264,2,2500000,0.0098,39,25.333333333333332,274.6666666666667,0.3333333333333333,0.07307116225365606,0.6370588235294118,7.885057471264368,0.0042,2.5
5447,Anthony Miller,anthony miller,00-0034353,MillAn02,31,8,BAL,2,0.00653237426089724,301587301.5873016,1970081.1263023424,1.9700811263023423,0.030802856372791808,glm_pair,term_ll_final,aavPerc_rl_final,2.0121578613173973e-4,60684.12597623897,1,1170000,0.0042,1,1,16,0,0.00218818380743982,0.07500000000000001,NA,0.0042,1.17
5591,Tim Patrick,tim patrick,00-0033375,PatrTi00,32,9,DET,2,0.010985722156925254,301587301.5873016,3313154.301294918,3.3131543012949183,0.030573968932279753,glm_pair,term_ll_final,aavPerc_rl_final,3.3587712792449e-4,101296.27667563986,1,2500000,0.009,30.666666666666668,21,256,3,0.05734751961821242,0.40895833333333337,NA,0.0042,2.5
5592,Tre’Shaun Harrison,tre shaun harrison,00-0038844,HarrTr02,25,3,TEN,3,0.009972756424231682,301587301.5873016,3007656.69937146,3.0076566993714597,0.03054960957947266,glm_pair,term_ll_final,aavPerc_rl_final,3.046638151914557e-4,91882.73791488347,3,901667,0.004,NA,NA,NA,NA,NA,NA,NA,0.0042,0.901667
5524,JuJu Smith-Schuster,juju smith schuster,00-0033857,SmitJu00,29,9,KC,2,-5.583604289668269e-4,301587301.5873016,-168394.41508523354,-0.16839441508523353,0.030220359525889626,glm_pair,term_ll_final,aavPerc_rl_final,-1.6873852908407467e-5,-5088.939766027649,1,1422500,0.0051,38.666666666666664,28,307,1.3333333333333333,0.06979632389468454,0.5370448179271708,7.666666666666667,0.0042,1.4225
5534,Kazmeir Allen,kazmeir allen,00-0038830,AlleKa00,26,3,WAS,3,0.011526436437539847,301587301.5873016,3476226.862115192,3.476226862115192,0.03018230357076187,glm_pair,term_ll_final,aavPerc_rl_final,3.4789440364691864e-4,104920.5344331977,3,903333,0.004,NA,NA,NA,NA,NA,NA,NA,0.0042,0.903333
5572,Robert Woods,robert woods,00-0030431,WoodRo02,33,13,PIT,2,0.00619015344210801,301587301.5873016,1866871.6730167016,1.8668716730167016,0.03009971724326292,glm_pair,term_ll_final,aavPerc_rl_final,1.863218682998618e-4,56192.3094872599,1,2000000,0.0072,30,20,203,0,0.05484460694698354,0.37066666666666664,NA,0.0042,2
5480,DeAndre Hopkins,deandre hopkins,00-0030564,HopkDe00,33,13,BAL,2,0.015212731252517268,301587301.5873016,4587966.568219494,4.587966568219494,0.029970342589070217,glm_pair,term_ll_final,aavPerc_rl_final,4.559307673533978e-4,137502.92983673903,1,5000000,0.0179,52.666666666666664,33.333333333333336,423.3333333333333,3,0.11647903955596264,0.3833333333333333,7.725,0.0042,5
5545,Lideatrick Griffin,lideatrick griffin,00-0039541,GrifLi00,25,2,GB,3,0.009217674875536937,301587301.5873016,2779933.692622251,2.779933692622251,0.02942362294783902,glm_pair,term_ll_final,aavPerc_rl_final,2.712173899935678e-4,81795.72079171092,1,840000,0.003,NA,NA,NA,NA,NA,NA,NA,0.0042,0.84
5605,Zay Jones,zay jones,00-0033891,JoneZa00,30,9,ARI,2,0.009342215194844457,301587301.5873016,2817493.471461027,2.817493471461027,0.029295416672104103,glm_pair,term_ll_final,aavPerc_rl_final,2.736840867734306e-4,82539.64521738383,1,2400000,0.0086,15.666666666666666,10.666666666666666,150,0,0.02645978144210199,0.4459848484848485,NA,0.0042,2.4
5481,Deebo Samuel,deebo samuel,NA,NA,30,NA,WAS,2,0.04605961658823903,301587301.5873016,13890995.478992725,13.890995478992725,0.02887709492741392,glm_pair,term_ll_final,aavPerc_rl_final,0.0013300679205388672,401131.5950831505,1,17545529,0.06280000000000001,NA,NA,NA,NA,NA,0.7254444444444444,7.652824541713431,0.0042,17.545529
5521,Joseph Ngata,joseph ngata,00-0038484,NgatJo01,25,3,PHI,3,0.009766621929290228,301587301.5873016,2945489.1532780053,2.945489153278005,0.028783764806957997,glm_pair,term_ll_final,aavPerc_rl_final,2.8112014857116827e-4,84782.26702939995,3,908333,0.004,NA,NA,NA,NA,NA,NA,NA,0.0042,0.908333
5582,Sterling Shepard,sterling shepard,00-0032385,ShepSt00,33,10,TB,2,0.007824103032951507,301587301.5873016,2359650.1210488672,2.359650121048867,0.02839609223252702,glm_pair,term_ll_final,aavPerc_rl_final,2.221739513604854e-4,67004.84247379718,1,1750000,0.0063,52.333333333333336,36.666666666666664,358.6666666666667,1,0.09550653407007832,0.551978021978022,6.849673202614379,0.0042,1.75
5460,Bryan Thompson,bryan thompson,00-0038680,ThomBr05,26,3,BUF,3,0.011693228114197388,301587301.5873016,3526529.113805562,3.526529113805562,0.02836785302603272,glm_pair,term_ll_final,aavPerc_rl_final,3.317117765434252e-4,100040.05959246159,3,900500,0.004,NA,NA,NA,NA,NA,NA,NA,0.0042,0.9005
5473,Dante Pettis,dante pettis,00-0034860,PettDa00,30,8,NO,2,9.785125383490907e-4,301587301.5873016,295106.9560100433,0.2951069560100433,0.028093074675185573,glm_pair,term_ll_final,aavPerc_rl_final,2.7489425810446392e-5,8290.46175235685,1,1255000,0.0045,16.666666666666668,10,124.66666666666669,0.3333333333333333,0.03103222014914728,0.2508333333333333,NA,0.0042,1.255
5563,Noah Brown,noah brown,00-0033591,BrowNo00,30,9,WAS,2,0.0022149400245796086,301587301.5873016,667997.7851906756,0.6679977851906757,0.027876210575645412,glm_pair,term_ll_final,aavPerc_rl_final,6.17441345376064e-5,18621.246924040024,1,3250000,0.0116,25.333333333333332,15,206.33333333333337,0.3333333333333333,0.05246913580246912,0.4836363636363636,8.089285714285714,0.0042,3.25
5514,Jesse Matthews,jesse matthews,00-0038726,MattJe00,26,3,ATL,3,0.008185210208641488,301587301.5873016,2468555.45974902,2.46855545974902,0.027708026472813035,glm_pair,term_ll_final,aavPerc_rl_final,2.2679602114657784e-4,68398.800028333,1,840000,0.003,NA,NA,NA,NA,NA,NA,NA,0.0042,0.84
5452,Bo Melton,bo melton,00-0037091,MeltBo00,26,4,GB,3,0.010125587658635441,301587301.5873016,3053748.658953546,3.053748658953546,0.02767704394439534,glm_pair,term_ll_final,aavPerc_rl_final,2.8024633459088023e-4,84518.73582899563,1,1030000,0.0037,14.333333333333334,5.333333333333333,101.66666666666669,0.6666666666666666,0.03105322338830584,0.22823529411764704,NA,0.0042,1.03
5490,Dontay Demus Jr.,dontay demus jr,00-0038447,DemuDo00,25,3,BAL,3,0.009524593410179815,301587301.5873016,2872496.425292325,2.8724964252923253,0.02753727282327789,glm_pair,term_ll_final,aavPerc_rl_final,2.6228132726691626e-4,79100.71774716522,3,899167,0.004,NA,NA,NA,NA,NA,NA,NA,0.0042,0.899167
5596,Tyjon Lindsey,tyjon lindsey,00-0038763,LindTy01,27,3,SEA,3,0.010281772153328072,301587301.5873016,3100851.919257673,3.100851919257673,0.026996750408484812,glm_pair,term_ll_final,aavPerc_rl_final,2.775744365803074e-4,83712.9253178705,3,898667,0.004,NA,NA,NA,NA,NA,NA,NA,0.0042,0.898667
5479,Deandre Carter,deandre carter,00-0031763,CartDe02,32,11,CLE,2,0.0016603601321158,301587301.5873016,500743.5319079397,0.5007435319079397,0.02694602208025292,glm_pair,term_ll_final,aavPerc_rl_final,4.4740100781163995e-5,13493.046267335176,1,1422500,0.0051,4.666666666666667,3,24,0,0.00887198986058301,0.04666666666666666,NA,0.0042,1.4225
5571,Robbie Chosen,robbie chosen,00-0032688,AndeRo04,32,10,WAS,2,6.451817468187142e-4,301587301.5873016,194578.62205643763,0.19457862205643764,0.026680477376314193,glm_pair,term_ll_final,aavPerc_rl_final,1.7213756999607573e-5,5191.450523691174,1,1255000,0.0045,7.333333333333333,3.6666666666666665,37,0,0.01623630672926447,0.31611111111111106,NA,0.0042,1.255
5551,Malik Knowles,malik knowles,00-0038806,KnowMa00,25,3,SF,3,0.00828122326258738,301587301.5873016,2497511.777605718,2.497511777605718,0.026667111315745506,glm_pair,term_ll_final,aavPerc_rl_final,2.2083630257395883e-4,66601.42458579711,1,840000,0.003,NA,NA,NA,NA,NA,NA,NA,0.0042,0.84
5493,Elijah Moore,elijah moore,00-0036980,MoorEl00,25,5,BUF,3,0.01293607031753021,301587301.5873016,3901354.540207524,3.901354540207524,0.026644653831174904,glm_pair,term_ll_final,aavPerc_rl_final,3.446771155463293e-4,103950.24119651201,1,2500000,0.009,45.333333333333336,26.333333333333332,254,0.3333333333333333,0.07728816387101589,0.4619825708061002,5.2745098039215685,0.0042,2.5
5570,River Cracraft,river cracraft,00-0034054,CracRi00,31,9,WAS,2,0.001607054546629944,301587301.5873016,484667.24422172917,0.4846672442217292,0.026642298261135136,glm_pair,term_ll_final,aavPerc_rl_final,4.281562655322827e-5,12912.649277957733,1,1170000,0.0042,3,2.3333333333333335,22,0,0.00528169014084507,0.10916666666666668,NA,0.0042,1.17
5558,Mike Williams,mike williams,00-0033536,WillMi07,31,9,LAC,2,0.007036423045942988,301587301.5873016,2122095.8392526475,2.1220958392526477,0.02653992802774062,glm_pair,term_ll_final,aavPerc_rl_final,1.8674616121206234e-4,56320.270841733094,1,3000000,0.0107,34,21,298,1,0.05772495755517826,0.4066666666666666,NA,0.0042,3
5477,David White Jr,david white jr,00-0039562,WhitDa06,25,2,BUF,3,0.010054132822526407,301587301.5873016,3032198.7877460592,3.032198787746059,0.026508262498354435,glm_pair,term_ll_final,aavPerc_rl_final,2.6651759205285116e-4,80378.32141276464,1,840000,0.003,NA,NA,NA,NA,NA,NA,NA,0.0042,0.84
5542,Kyle Philips,kyle philips,00-0037273,PhilKy01,26,4,LV,3,0.00775551361963108,301587301.5873016,2338964.424968104,2.338964424968104,0.02605004948681783,glm_pair,term_ll_final,aavPerc_rl_final,2.0203151358707934e-4,60930.13901832552,1,1030000,0.0037,NA,NA,NA,NA,NA,NA,NA,0.0042,1.03
5599,Tyler Johnson,tyler johnson,00-0036427,JohnTy00,27,6,NYJ,2,0.004627706915801695,301587301.5873016,1395657.6412735274,1.3956576412735273,0.025740906306437654,glm_pair,term_ll_final,aavPerc_rl_final,1.19121370133305e-4,35925.49257988564,1,1170000,0.0042,25.666666666666668,16.666666666666668,228.33333333333337,1,0.05068558956525371,0.3988888888888889,NA,0.0042,1.17
5567,Racey McMath,racey mcmath,00-0036652,McMaRa00,26,5,DAL,3,0.007311839865085432,301587301.5873016,2205158.054549575,2.205158054549575,0.025528569270921897,glm_pair,term_ll_final,aavPerc_rl_final,1.8666081049372168e-4,56294.53014890019,2,1042500,0.0041,NA,NA,NA,NA,NA,NA,NA,0.0042,1.0425
5535,Kearis Jackson,kearis jackson,00-0038969,JackKe02,26,3,HOU,3,0.009319912681277551,301587301.5873016,2810767.31657577,2.81076731657577,0.02538402433908899,glm_pair,term_ll_final,aavPerc_rl_final,2.365768903397335e-4,71348.58597547519,1,840000,0.003,NA,NA,NA,NA,NA,NA,NA,0.0042,0.84
5475,David Durden,david durden,00-0038734,DurdDa00,27,3,DAL,3,0.009565763044078506,301587301.5873016,2884912.664087169,2.8849126640871687,0.02531022982610408,glm_pair,term_ll_final,aavPerc_rl_final,2.4211166110767998e-4,73017.80255628444,3,901667,0.004,NA,NA,NA,NA,NA,NA,NA,0.0042,0.901667
5505,Jaelen Gill,jaelen gill,00-0039659,GillJa01,26,2,CLE,3,0.008449964508755303,301587301.5873016,2548401.99470398,2.54840199470398,0.025103405123696243,glm_pair,term_ll_final,aavPerc_rl_final,2.1212288234413927e-4,63973.56769108962,1,840000,0.003,NA,NA,NA,NA,NA,NA,NA,0.0042,0.84
5590,Thayer Thomas,thayer thomas,00-0038810,ThomTh01,27,3,MIN,3,0.008847550015979233,301587301.5873016,2668308.734977864,2.668308734977864,0.025072203355888542,glm_pair,term_ll_final,aavPerc_rl_final,2.2182757320202625e-4,66900.37921965872,3,901667,0.004,NA,NA,NA,NA,NA,NA,NA,0.0042,0.901667
5579,Seth Williams,seth williams,00-0036657,WillSe00,25,5,LV,3,0.00578270168938771,301587301.5873016,1743989.3983867697,1.7439893983867696,0.024801087795567823,glm_pair,term_ll_final,aavPerc_rl_final,1.4341729229408297e-4,43252.83418392979,1,840000,0.003,NA,NA,NA,NA,NA,NA,NA,0.0042,0.84
5466,Chris Moore,chris moore,00-0032398,MoorCh00,32,10,WAS,2,0.009361446247671044,301587301.5873016,2823293.31278968,2.82329331278968,0.024613600157624267,glm_pair,term_ll_final,aavPerc_rl_final,2.304188948372671e-4,69491.41272869961,1,1255000,0.0045,23,11,207,1,0.05324074074074074,0.3538095238095238,NA,0.0042,1.255
5525,Julian Hicks,julian hicks,00-0039329,HickJu01,26,2,GB,3,0.008316588939192862,301587301.5873016,2508177.6165819746,2.5081776165819747,0.023842911322455123,glm_pair,term_ll_final,aavPerc_rl_final,1.9829169258248652e-4,59802.256493130866,1,840000,0.003,NA,NA,NA,NA,NA,NA,NA,0.0042,0.84
5585,T.J. Luther,t j luther,00-0038502,LuthTJ00,25,3,CAR,3,0.009267448846784347,301587301.5873016,2794944.8903000415,2.7949448903000413,0.02371895845667594,glm_pair,term_ll_final,aavPerc_rl_final,2.1981423419624725e-4,66293.18174172538,1,840000,0.003,NA,NA,NA,NA,NA,NA,NA,0.0042,0.84
5512,Jauan Jennings,jauan jennings,00-0036259,JennJa00,28,6,SF,5,0.06677836963691053,301587301.5873016,20139508.30319524,20.139508303195242,0.023443510778976877,glm_pair,term_ll_final,aavPerc_rl_final,0.0015655194283854142,472140.779989252,2,5945000,0.02329999999999999,97.66666666666669,62.333333333333336,753.6666666666666,8,0.182515210585386,0.7951111111111112,7.639069157653229,0.0042,5.945
5472,Daniel Arias,daniel arias,00-0038702,AriaDa00,27,3,ARI,3,0.009489995031040406,301587301.5873016,2862061.9934883765,2.8620619934883766,0.02325895232113679,glm_pair,term_ll_final,aavPerc_rl_final,2.2072734195479384e-4,66568.56344668387,3,902333,0.004,NA,NA,NA,NA,NA,NA,NA,0.0042,0.902333
5464,Chase Cota,chase cota,00-0038651,CotaCh00,26,3,CLE,3,0.007597573844698862,301587301.5873016,2291331.7944329903,2.29133179443299,0.02295938205472412,glm_pair,term_ll_final,aavPerc_rl_final,1.744356005894204e-4,52607.56208252362,1,840000,0.003,NA,NA,NA,NA,NA,NA,NA,0.0042,0.84
5578,Sean Ryan,sean ryan,00-0038455,RyanSe01,27,3,BAL,3,0.009471904969657885,301587301.5873016,2856606.2606904735,2.8566062606904734,0.022932655874125577,glm_pair,term_ll_final,aavPerc_rl_final,2.1721593714158416e-4,65509.56834428728,3,900000,0.004,NA,NA,NA,NA,NA,NA,NA,0.0042,0.9
5504,Jadon Janke,jadon janke,00-0039604,NA,26,2,GB,3,0.008110526602542035,301587301.5873016,2446031.8325126776,2.4460318325126775,0.022829998939473906,glm_pair,term_ll_final,aavPerc_rl_final,1.8516331373460957e-4,55842.90414218384,1,840000,0.003,NA,NA,NA,NA,NA,NA,NA,0.0042,0.84
5555,Mathew Sexton,mathew sexton,00-0036471,SextMa00,28,3,MIA,3,0.010028802379709705,301587301.5873016,3024559.447848959,3.024559447848959,0.021997495508364554,glm_pair,term_ll_final,aavPerc_rl_final,2.2060853530193997e-4,66532.73286883906,2,877500,0.0034,NA,NA,NA,NA,NA,NA,NA,0.0042,0.8775
5449,Austin Mack,austin mack,00-0035869,MackAu01,28,6,ATL,3,0.0077709142193429165,301587301.5873016,2343609.0502780224,2.3436090502780225,0.021843083897583958,glm_pair,term_ll_final,aavPerc_rl_final,1.6974073125403547e-4,51191.6491083599,2,984500,0.0039,NA,NA,NA,NA,NA,NA,NA,0.0042,0.9845
5566,Quintez Cephus,quintez cephus,00-0036277,CephQu00,27,6,HOU,3,0.006585527055905808,301587301.5873016,1986111.3343207992,1.9861113343207992,0.0218037978306865,glm_pair,term_ll_final,aavPerc_rl_final,1.4358950053548628e-4,43304.77000276571,1,1100000,0.0039,NA,NA,NA,NA,NA,NA,NA,0.0042,1.1
5458,Braylon Sanders,braylon sanders,00-0037355,SandBr00,27,4,WAS,3,0.009001029171002687,301587301.5873016,2714596.0991912866,2.7145960991912865,0.02146527948626588,glm_pair,term_ll_final,aavPerc_rl_final,1.9320960681960472e-4,58269.5639614681,1,960000,0.0034,NA,NA,NA,NA,NA,NA,NA,0.0042,0.96
5533,Kawaan Baker,kawaan baker,00-0036939,BakeKa00,27,5,LV,3,0.005416198051315209,301587301.5873016,1633456.555158555,1.6334565551585551,0.020936490950700513,glm_pair,term_ll_final,aavPerc_rl_final,1.1339618148856262e-4,34198.84838543952,1,840000,0.003,NA,NA,NA,NA,NA,NA,NA,0.0042,0.84
5543,Lance McCutcheon,lance mccutcheon,00-0037055,McCuLa01,27,4,PIT,3,0.007538863914240255,301587301.5873016,2273625.624929601,2.273625624929601,0.020911108804021084,glm_pair,term_ll_final,aavPerc_rl_final,1.5764600356938624e-4,47544.03282251331,1,960000,0.0034,NA,NA,NA,NA,NA,NA,NA,0.0042,0.96
5488,Donovan Peoples-Jones,donovan peoples jones,00-0036233,PeopDo00,27,6,NO,3,0.006979454102551336,301587301.5873016,2104914.7293408792,2.104914729340879,0.020863504891337706,glm_pair,term_ll_final,aavPerc_rl_final,1.456158748074468e-4,43915.898751452216,1,1170000,0.0042,NA,NA,NA,NA,NA,NA,NA,0.0042,1.17
5478,Dax Milne,dax milne,00-0036671,MilnDa00,26,5,CAR,3,0.006966642064552361,301587301.5873016,2101050.7813729346,2.1010507813729347,0.020567464206024864,glm_pair,term_ll_final,aavPerc_rl_final,1.4328616129886785e-4,43213.28674092841,1,1030000,0.0037,NA,NA,NA,NA,NA,NA,NA,0.0042,1.03
5469,Cornell Powell,cornell powell,00-0036647,PoweCo00,28,5,HOU,3,0.008333355582516012,301587301.5873016,2513234.22329848,2.51323422329848,0.02019319219732689,glm_pair,term_ll_final,aavPerc_rl_final,1.6827705092641281e-4,50750.22170796577,1,960000,0.0034,NA,NA,NA,NA,NA,NA,NA,0.0042,0.96
5554,Marquez Valdes-Scantling,marquez valdes scantling,00-0034272,ValdMa00,31,8,PIT,2,0.00566559156724837,301587301.5873016,1708670.472662207,1.708670472662207,0.020016395802061663,glm_pair,term_ll_final,aavPerc_rl_final,1.1340472326286622e-4,34201.42447610252,1,1255000,0.0045,34,15.666666666666666,217,2,0.06478114478114479,0.5011904761904762,NA,0.0042,1.255
5600,Tyler Lockett,tyler lockett,00-0032211,LockTy00,33,11,LV,2,-0.013127889223885423,301587301.5873016,-3959204.6865686197,-3.95920468656862,0.01930698454322433,glm_pair,term_ll_final,aavPerc_rl_final,-2.534599543307171e-4,-76440.30368704167,1,1255000,0.0045,61.333333333333336,37.666666666666664,394,1.3333333333333333,0.11253329796288314,0.5635294117647058,6.22997542997543,0.0042,1.255
5568,Rakim Jarrett,rakim jarrett,00-0038821,JarrRa00,25,3,TB,3,0.013347425170361858,301587301.5873016,4025413.9402678623,4.025413940267862,0.019240549094319853,glm_pair,term_ll_final,aavPerc_rl_final,2.568117892731079e-4,77451.17454268332,3,906667,0.004,11,9,124,0,0.01953818827708703,0.325,NA,0.0042,0.906667
5536,Keenan Allen,keenan allen,00-0030279,AlleKe00,33,13,LAC,5,0.0638796334077763,301587301.5873016,19265286.2658373,19.2652862658373,0.018861386651697336,glm_pair,term_ll_final,aavPerc_rl_final,0.0012048584648727512,363370.01321559167,1,3020000,0.0108,121.66666666666669,77.33333333333333,766,5,0.2261891448594647,0.6591372549019607,6.295488416203766,0.0042,3.02
5586,Tarik Black,tarik black,00-0036491,BlacTa00,28,5,MIA,3,0.007801927589421736,301587301.5873016,2352962.288873222,2.352962288873222,0.017917095157105625,glm_pair,term_ll_final,aavPerc_rl_final,1.3978787902851696e-4,42158.24923082258,1,840000,0.003,NA,NA,NA,NA,NA,NA,NA,0.0042,0.84
5501,Jacob Harris,jacob harris,00-0036918,HarrJa03,28,5,TB,3,0.009102883564692648,301587301.5873016,2745314.090939053,2.7453140909390528,0.017840795390500715,glm_pair,term_ll_final,aavPerc_rl_final,1.624026831412333e-4,48978.58697910212,1,1100000,0.0039,NA,NA,NA,NA,NA,NA,NA,0.0042,1.1
5506,Jalen Cropper,jalen cropper,00-0038740,MoreJa01,24,3,DAL,3,0.01347727535172386,301587301.5873016,4064575.1060754503,4.06457510607545,0.017460323345475953,glm_pair,term_ll_final,aavPerc_rl_final,2.3531758545711177e-4,70968.79561404958,2,877500,0.0034,0,0,0,0,0,0.09555555555555556,NA,0.0042,0.8775
5557,Mike Strachan,mike strachan,00-0036482,StraMi03,28,5,WAS,3,0.006833386854247953,301587301.5873016,2060862.7020747797,2.06086270207478,0.017399250310954777,glm_pair,term_ll_final,aavPerc_rl_final,1.1889580834864798e-4,35857.46600990971,1,1100000,0.0039,NA,NA,NA,NA,NA,NA,NA,0.0042,1.1
5538,Kelvin Harmon,kelvin harmon,00-0035297,HarmKe00,29,7,DAL,3,0.005178361467209122,301587301.5873016,1561728.0615392593,1.5617280615392592,0.017251341021606685,glm_pair,term_ll_final,aavPerc_rl_final,8.933367960397212e-5,26941.90337262651,1,960000,0.0034,NA,NA,NA,NA,NA,NA,NA,0.0042,0.96
5480,DeAndre Hopkins,deandre hopkins,00-0030564,HopkDe00,33,13,BAL,3,0.019423911543550384,301587301.5873016,5858005.068689799,5.858005068689799,0.017200395161713008,glm_pair,term_ll_final,aavPerc_rl_final,3.340989541352255e-4,100760.00204078229,1,5000000,0.0179,52.666666666666664,33.333333333333336,423.3333333333333,3,0.11647903955596264,0.3833333333333333,7.725,0.0042,5
5528,Juwann Winfree,juwann winfree,00-0035593,WinfJu00,29,7,HOU,3,0.007354048356706003,301587301.5873016,2217887.599641493,2.217887599641493,0.017094275700724117,glm_pair,term_ll_final,aavPerc_rl_final,1.2571213012598954e-4,37913.182101488914,1,1170000,0.0042,NA,NA,NA,NA,NA,NA,NA,0.0042,1.17
5499,Grant DuBose,grant dubose,00-0038507,DuboGr00,24,3,BUF,3,0.008564403212410109,301587301.5873016,2582915.254536382,2.582915254536382,0.017044562833449437,glm_pair,term_ll_final,aavPerc_rl_final,1.459765086849203e-4,44024.66134942041,1,840000,0.003,4,2,11,0,0.00704225352112676,0.22666666666666668,NA,0.0042,0.84
5577,Scotty Washington,scotty washington,00-0035769,NA,28,6,BAL,3,0.006661990274898726,301587301.5873016,2009171.6702075524,2.0091716702075524,0.016824702192480206,glm_pair,term_ll_final,aavPerc_rl_final,1.120860023843704e-4,33803.715004810125,1,840000,0.003,NA,NA,NA,NA,NA,NA,NA,0.0042,0.84
5574,Russell Gage,russell gage,00-0034411,GageRu00,30,8,SF,3,0.011555163574397492,301587301.5873016,3484890.6018024185,3.4848906018024186,0.016627528883876034,glm_pair,term_ll_final,aavPerc_rl_final,1.9213381609120653e-4,57945.11913861785,1,1170000,0.0042,NA,NA,NA,NA,NA,0.37,NA,0.0042,1.17
5550,Malik Heath,malik heath,00-0038465,HeatMa00,25,3,GB,3,0.012493901503087997,301587301.5873016,3768002.0406138403,3.7680020406138404,0.016559835395118464,glm_pair,term_ll_final,aavPerc_rl_final,2.068969523339604e-4,62397.49356103568,3,901333,0.004,9,7.333333333333333,89.66666666666667,0.6666666666666666,0.019484007996002,0.26736596736596735,NA,0.0042,0.901333
5483,Deon Cain,deon cain,00-0034406,CainDe00,29,8,BUF,3,0.008649104322095015,301587301.5873016,2608460.033647703,2.608460033647703,0.01634660305558372,glm_pair,term_ll_final,aavPerc_rl_final,1.4138347513962073e-4,42639.46075639356,1,960000,0.0034,NA,NA,NA,NA,NA,NA,NA,0.0042,0.96
5559,Mike Woods,mike woods,00-0037300,WoodMi00,26,4,CLE,3,0.013676309562478322,301587301.5873016,4124601.2966204467,4.124601296620447,0.01628791645905881,glm_pair,term_ll_final,aavPerc_rl_final,2.2275858762187408e-4,67181.16134627949,4,957072,0.0046,17,7,65,0,0.02681388012618296,0.838,NA,0.0042,0.957072
5560,Miles Boykin,miles boykin,00-0035703,BoykMi00,29,7,CHI,3,0.009190396424797636,301587301.5873016,2771706.8582723034,2.7717068582723035,0.016224696953794845,glm_pair,term_ll_final,aavPerc_rl_final,1.4911139687758126e-4,44970.103820222925,1,1170000,0.0042,NA,NA,NA,NA,NA,NA,NA,0.0042,1.17
5519,Jordan Matthews,jordan matthews,00-0031299,NA,33,12,CAR,2,0.008829115763040987,301587301.5873016,2662749.1983774407,2.6627491983774405,0.016156797090557763,glm_pair,term_ll_final,aavPerc_rl_final,1.426502318724983e-4,43021.49850122965,1,1255000,0.0045,1,0,0,0,0.00193050193050193,NA,NA,0.0042,1.255
5582,Sterling Shepard,sterling shepard,00-0032385,ShepSt00,33,10,TB,3,0.012035283323984618,301587301.5873016,3629688.6215191707,3.6296886215191706,0.01597162925659739,glm_pair,term_ll_final,aavPerc_rl_final,1.922230832487914e-4,57972.04097979424,1,1750000,0.0063,52.333333333333336,36.666666666666664,358.6666666666667,1,0.09550653407007832,0.551978021978022,6.849673202614379,0.0042,1.75
5495,Erik Ezukanma,erik ezukanma,00-0038092,EzukEr00,26,4,MIA,3,0.011763989397584586,301587301.5873016,3547869.818319161,3.547869818319161,0.01568469136562876,glm_pair,term_ll_final,aavPerc_rl_final,1.8451454292964324e-4,55647.243105765425,4,1096248,0.0053,2,0,0,0,0.00352112676056338,0.14,NA,0.0042,1.096248
5595,Trishton Jackson,trishton jackson,00-0035934,JackTr02,28,6,ARI,3,0.010486867391990902,301587301.5873016,3162706.038854399,3.1627060388543993,0.015669911633917222,glm_pair,term_ll_final,aavPerc_rl_final,1.643282853491054e-4,49559.3241529048,1,1100000,0.0039,NA,NA,NA,NA,NA,0.08499999999999999,NA,0.0042,1.1
5524,JuJu Smith-Schuster,juju smith schuster,00-0033857,SmitJu00,29,9,KC,3,0.0036528198620662906,301587301.5873016,1101644.0853850718,1.1016440853850717,0.015628467118287002,glm_pair,term_ll_final,aavPerc_rl_final,5.7087975103328686e-5,17217.008364495952,1,1422500,0.0051,38.666666666666664,28,307,1.3333333333333333,0.06979632389468454,0.5370448179271708,7.666666666666667,0.0042,1.4225
5556,Michael Gallup,michael gallup,00-0034764,GallMi00,30,8,WAS,3,0.009823495196188201,301587301.5873016,2962641.4083742197,2.96264140837422,0.015351099794143152,glm_pair,term_ll_final,aavPerc_rl_final,1.5080145508397094e-4,45479.803914213466,1,1250000,0.0045,NA,NA,NA,NA,NA,NA,NA,0.0042,1.25
5485,Diontae Johnson,diontae johnson,00-0035216,JohnDi01,29,7,CLE,3,0.013213587785915087,301587301.5873016,3985050.284641058,3.985050284641058,0.015307718321183163,glm_pair,term_ll_final,aavPerc_rl_final,2.0226987983901445e-4,61002.0272530361,1,1170000,0.0042,67,33,375,3,0.1293436293436293,0.5516666666666666,5.597014925373134,0.0042,1.17
5474,David Bell,david bell,00-0037257,BellDa02,25,4,CLE,3,0.011646669577756235,301587301.5873016,3512487.6504344204,3.5124876504344202,0.014671091981763654,glm_pair,term_ll_final,aavPerc_rl_final,1.708693606564702e-4,51532.02940433228,4,1273726,0.00609999999999999,3,3,27,0,0.00473186119873817,0.13,NA,0.0042,1.273726
5587,Tay Martin,tay martin,00-0037524,MartTa00,28,4,WAS,2,7.195353982977636e-4,301587301.5873016,217002.7391691668,0.2170027391691668,0.014621051473647527,glm_pair,term_ll_final,aavPerc_rl_final,1.0520364095623076e-5,3172.808219314896,1,840000,0.003,2,1.6666666666666667,31.666666666666668,0.3333333333333333,0.00440134414493388,0.13333333333333333,NA,0.0042,0.84
5484,Dez Fitzpatrick,dez fitzpatrick,00-0036627,FitzDe00,28,5,LAC,3,0.009282181979452055,301587301.5873016,2799388.216025223,2.799388216025223,0.014594825207910273,glm_pair,term_ll_final,aavPerc_rl_final,1.3547182353811733e-4,40856.581701971896,1,1030000,0.0037,NA,NA,NA,NA,NA,0.13,NA,0.0042,1.03
5508,Jalen Reagor,jalen reagor,00-0036387,ReagJa00,27,6,LAC,3,0.008187728035045345,301587301.5873016,2469314.804220025,2.469314804220025,0.014340369634507348,glm_pair,term_ll_final,aavPerc_rl_final,1.1741504648936878e-4,35410.887036476306,1,1337500,0.0048,12,7,100,0,0.02443991853360488,0.28250000000000003,NA,0.0042,1.3375
5552,Malik Taylor,malik taylor,00-0035480,TaylMa01,30,7,DET,3,0.00787886871413855,301587301.5873016,2376166.755057658,2.376166755057658,0.014197093860207812,glm_pair,term_ll_final,aavPerc_rl_final,1.1185703864687981e-4,33734.662449059,1,1100000,0.0039,NA,NA,NA,NA,NA,NA,NA,0.0042,1.1
5452,Bo Melton,bo melton,00-0037091,MeltBo00,26,4,GB,4,0.01999120850257894,301587301.5873016,6029094.627761903,6.0290946277619035,0.014058800829612838,glm_pair,term_ll_final,aavPerc_rl_final,2.8105241868102003e-4,84761.84055459335,1,1030000,0.0037,14.333333333333334,5.333333333333333,101.66666666666669,0.6666666666666666,0.03105322338830584,0.22823529411764704,NA,0.0042,1.03
5553,Marquez Callaway,marquez callaway,00-0036219,CallMa01,27,6,LV,3,0.008331566723759745,301587301.5873016,2512694.726213257,2.512694726213257,0.0140500124328403,glm_pair,term_ll_final,aavPerc_rl_final,1.1705861605386296e-4,35303.39214322851,1,1170000,0.0042,NA,NA,NA,NA,NA,0.04,NA,0.0042,1.17
5491,Easop Winston,easop winston,00-0036080,WinsEa00,29,5,NYJ,3,0.007317656216479039,301587301.5873016,2206912.1922714566,2.2069121922714565,0.013912406259358558,glm_pair,term_ll_final,aavPerc_rl_final,1.0180620614997705e-4,30703.458997612128,1,960000,0.0034,NA,NA,NA,NA,NA,NA,NA,0.0042,0.96
5476,David Sills,david sills,00-0035359,SillDa01,30,7,ATL,3,0.005524195659380381,301587301.5873016,1666027.2623528135,1.6660272623528134,0.013647907365226282,glm_pair,term_ll_final,aavPerc_rl_final,7.539371062660856e-5,22737.785744532743,1,1100000,0.0039,36,18,191,2,0.06936416184971098,0.15333333333333335,NA,0.0042,1.1
5444,Adam Thielen,adam thielen,00-0030035,ThieAd00,35,13,CAR,2,0.01503310580734581,301587301.5873016,4533793.814913816,4.533793814913816,0.01310902412698353,glm_pair,term_ll_final,aavPerc_rl_final,1.9706934673199245e-4,59433.61250647391,3,8333333,0.0371,44,28.666666666666668,329,1.6666666666666667,0.08975458975458976,0.4989166666666667,9.919354838709678,0.0042,8.333333
5470,D'Wayne Eskridge,d wayne eskridge,NA,NA,28,NA,MIA,4,0.03189341332002329,301587301.5873016,9618648.461594326,9.618648461594326,0.011780624676057208,glm_pair,term_ll_final,aavPerc_rl_final,3.75724331961558e-4,113313.68741697783,1,1270000,0.0045,NA,NA,NA,NA,NA,0.11175213675213676,NA,0.0042,1.27
5530,K.J. Osborn,k j osborn,00-0036345,OsboKJ00,28,6,WAS,3,0.01091330972032273,301587301.5873016,3291315.6299386015,3.2913156299386017,0.01153248210574596,glm_pair,term_ll_final,aavPerc_rl_final,1.2585754906408535e-4,37957.038606628914,1,1195000,0.0043,18,7,57,1,0.036,0.495,NA,0.0042,1.195
5537,Keith Kirkwood,keith kirkwood,00-0034317,KirkKe00,31,8,BAL,3,0.00595061458998562,301587301.5873016,1794629.7969797903,1.7946297969797904,0.011505513354387405,glm_pair,term_ll_final,aavPerc_rl_final,6.846487563189208e-5,20648.137095332535,1,1170000,0.0042,NA,NA,NA,NA,NA,NA,NA,0.0042,1.17
5572,Robert Woods,robert woods,00-0030431,WoodRo02,33,13,PIT,3,0.010401333733141126,301587301.5873016,3136910.1734870067,3.136910173487007,0.010927642836174306,glm_pair,term_ll_final,aavPerc_rl_final,1.1366206005561778e-4,34279.03398502759,1,2000000,0.0072,30,20,203,0,0.05484460694698354,0.37066666666666664,NA,0.0042,2
5569,Ray-Ray McCloud,ray ray mccloud,00-0034407,McClRa00,29,8,ATL,3,0.011370980884994747,301587301.5873016,3429343.4415063527,3.4293434415063526,0.010906265921859113,glm_pair,term_ll_final,aavPerc_rl_final,1.240149413241296e-4,37401.33151045179,2,2500000,0.0098,39,25.333333333333332,274.6666666666667,0.3333333333333333,0.07307116225365606,0.6370588235294118,7.885057471264368,0.0042,2.5
5558,Mike Williams,mike williams,00-0033536,WillMi07,31,9,LAC,3,0.011247603336976103,301587301.5873016,3392134.339722952,3.392134339722952,0.010904058630778408,glm_pair,term_ll_final,aavPerc_rl_final,1.226445262421263e-4,36988.03172381587,1,3000000,0.0107,34,21,298,1,0.05772495755517826,0.4066666666666666,NA,0.0042,3
5486,DJ Chark,dj chark,00-0034777,CharDJ00,29,8,ATL,3,0.009074173167958275,301587301.5873016,2736655.3998604324,2.736655399860432,0.010843026731941081,glm_pair,term_ll_final,aavPerc_rl_final,9.839150223043407e-5,29673.627656797576,1,1300000,0.0047,10,4,31,1,0.02036659877800407,0.21714285714285717,NA,0.0042,1.3
5510,Jamal Agnew,jamal agnew,00-0033572,AgneJa00,30,9,ATL,3,0.006877070769974344,301587301.5873016,2074037.216341469,2.074037216341469,0.01073105915812736,glm_pair,term_ll_final,aavPerc_rl_final,7.379825326722315e-5,22256.616064718095,1,2500000,0.009,0,0,0,0,0,0.00181818181818181,NA,0.0042,2.5
5507,Jalen Moreno-Cropper,jalen moreno cropper,NA,NA,25,NA,DAL,4,0.029371867267576367,301587301.5873016,8858182.191808747,8.858182191808748,0.010352188056258935,glm_pair,term_ll_final,aavPerc_rl_final,3.040630935174268e-4,91701.56788620811,3,901667,0.004,NA,NA,NA,NA,NA,0.09555555555555556,NA,0.0042,0.901667
5468,Collin Johnson,collin johnson,00-0036254,JohnCo01,28,6,LV,3,0.008483553465400941,301587301.5873016,2558531.9975018715,2.5585319975018717,0.010272227530470208,glm_pair,term_ll_final,aavPerc_rl_final,8.714499146350749e-5,26281.822822327656,1,1170000,0.0042,2,1,6,0,0.00380228136882129,0.05444444444444445,NA,0.0042,1.17
5603,Xavier Malone,xavier malone,00-0038928,NA,26,3,ATL,4,0.020099596296076896,301587301.5873016,6061783.009927954,6.061783009927954,0.010230958086288645,glm_pair,term_ll_final,aavPerc_rl_final,2.0563812725648523e-4,62017.84790274952,3,901667,0.004,NA,NA,NA,NA,NA,NA,NA,0.0042,0.901667
5461,Bryce Ford-Wheaton,bryce ford wheaton,00-0038477,FordBr00,26,3,NYG,3,0.011928902456460909,301587301.5873016,3597605.502742179,3.597605502742179,0.009948196885955033,glm_pair,term_ll_final,aavPerc_rl_final,1.1867107027022576e-4,35789.68785927444,3,905000,0.004,0,0,0,0,0,0.00285714285714285,NA,0.0042,0.905
5591,Tim Patrick,tim patrick,00-0033375,PatrTi00,32,9,DET,3,0.015196902447958379,301587301.5873016,4583192.801765226,4.583192801765226,0.009945256825885344,glm_pair,term_ll_final,aavPerc_rl_final,1.5113709780287176e-4,45581.02949610419,1,2500000,0.009,30.666666666666668,21,256,3,0.05734751961821242,0.40895833333333337,NA,0.0042,2.5
5545,Lideatrick Griffin,lideatrick griffin,00-0039541,GrifLi00,25,2,GB,4,0.019083295719480444,301587301.5873016,5755279.66143061,5.7552796614306105,0.009484388664512986,glm_pair,term_ll_final,aavPerc_rl_final,1.8099339360338953e-4,54585.30918197462,1,840000,0.003,NA,NA,NA,NA,NA,NA,NA,0.0042,0.84
5522,Josh Reynolds,josh reynolds,00-0033943,ReynJo00,31,9,NYJ,2,0.006672050194983241,301587301.5873016,2012205.6143600252,2.0122056143600253,0.009365900793195124,glm_pair,term_ll_final,aavPerc_rl_final,6.248976021343122e-5,18846.11815960624,1,2750000,0.0098,22,11.666666666666666,132,0.3333333333333333,0.04423296594733105,0.7357777777777778,NA,0.0042,2.75
5592,Tre’Shaun Harrison,tre shaun harrison,00-0038844,HarrTr02,25,3,TEN,4,0.019838377268175184,301587301.5873016,5983002.6681798175,5.983002668179817,0.009332805800206219,glm_pair,term_ll_final,aavPerc_rl_final,1.8514772243510456e-4,55838.20200423788,3,901667,0.004,NA,NA,NA,NA,NA,NA,NA,0.0042,0.901667
5573,Rondale Moore,rondale moore,00-0036936,MoorRo02,25,5,MIN,4,0.02132455860313905,301587301.5873016,6431216.086660984,6.431216086660984,0.009268068417148612,glm_pair,term_ll_final,aavPerc_rl_final,1.9763746809938775e-4,59604.95069664076,1,2000000,0.0072,NA,NA,NA,NA,NA,NA,NA,0.0042,2
5534,Kazmeir Allen,kazmeir allen,00-0038830,AlleKa00,26,3,WAS,4,0.021392057281483357,301587301.5873016,6451572.830923553,6.451572830923553,0.009220411102010885,glm_pair,term_ll_final,aavPerc_rl_final,1.9724356245304193e-4,59486.15375567932,3,903333,0.004,NA,NA,NA,NA,NA,NA,NA,0.0042,0.903333
5448,Aron Cruickshank,aron cruickshank,00-0038422,NA,25,3,CHI,4,0.021222268685603583,301587301.5873016,6400366.746451875,6.400366746451875,0.009215350365943675,glm_pair,term_ll_final,aavPerc_rl_final,1.95570641498032e-4,58981.622039089016,3,901000,0.004,NA,NA,NA,NA,NA,NA,NA,0.0042,0.901
5490,Dontay Demus Jr.,dontay demus jr,00-0038447,DemuDo00,25,3,BAL,4,0.019390214254123322,301587301.5873016,5847842.394100685,5.8478423941006845,0.009132430402905522,glm_pair,term_ll_final,aavPerc_rl_final,1.7707978217320784e-4,53405.013671284905,3,899167,0.004,NA,NA,NA,NA,NA,NA,NA,0.0042,0.899167
5480,DeAndre Hopkins,deandre hopkins,00-0030564,HopkDe00,33,13,BAL,4,0.029289532387493905,301587301.5873016,8833351.037498163,8.833351037498163,0.009027183843189061,glm_pair,term_ll_final,aavPerc_rl_final,2.644019935429477e-4,79740.28376692075,1,5000000,0.0179,52.666666666666664,33.333333333333336,423.3333333333333,3,0.11647903955596264,0.3833333333333333,7.725,0.0042,5
5493,Elijah Moore,elijah moore,00-0036980,MoorEl00,25,5,BUF,4,0.022801691161473705,301587301.5873016,6876700.50901588,6.87670050901588,0.008997151579209092,glm_pair,term_ll_final,aavPerc_rl_final,2.0515027164209114e-4,61870.71684444019,1,2500000,0.009,45.333333333333336,26.333333333333332,254,0.3333333333333333,0.07728816387101589,0.4619825708061002,5.2745098039215685,0.0042,2.5
5494,Equanimeous St. Brown,equanimeous st brown,00-0034279,St.BEq00,29,8,SF,3,0.0065149284022474165,301587301.5873016,1964819.6768682685,1.9648196768682684,0.00890032289536398,glm_pair,term_ll_final,aavPerc_rl_final,5.798496642017975e-5,17487.529555292305,1,1170000,0.0042,NA,NA,NA,NA,NA,0.24,NA,0.0042,1.17
5605,Zay Jones,zay jones,00-0033891,JoneZa00,30,9,ARI,3,0.013553395485877582,301587301.5873016,4087531.9719313346,4.087531971931335,0.008859407233542893,glm_pair,term_ll_final,aavPerc_rl_final,1.2007505000665144e-4,36213.11031946631,1,2400000,0.0086,15.666666666666666,10.666666666666666,150,0,0.02645978144210199,0.4459848484848485,NA,0.0042,2.4
5521,Joseph Ngata,joseph ngata,00-0038484,NgatJo01,25,3,PHI,4,0.019632242773233735,301587301.5873016,5920835.122086365,5.920835122086364,0.008792644240381661,glm_pair,term_ll_final,aavPerc_rl_final,1.726193263458481e-4,52059.796834462126,3,908333,0.004,NA,NA,NA,NA,NA,NA,NA,0.0042,0.908333
5550,Malik Heath,malik heath,00-0038465,HeatMa00,25,3,GB,4,0.022359522347031494,301587301.5873016,6743348.009422197,6.743348009422197,0.0087548366011444,glm_pair,term_ll_final,aavPerc_rl_final,1.9575396462789745e-4,59036.909967143685,3,901333,0.004,9,7.333333333333333,89.66666666666667,0.6666666666666666,0.019484007996002,0.26736596736596735,NA,0.0042,0.901333
5445,Ajou Ajou,ajou ajou,00-0039957,NA,24,1,IND,4,0.020361265614120563,301587301.5873016,6140699.153464932,6.140699153464932,0.008717961187535808,glm_pair,term_ll_final,aavPerc_rl_final,1.7750872335301051e-4,53534.37688424127,1,840000,0.003,NA,NA,NA,NA,NA,NA,NA,0.0042,0.84
5460,Bryan Thompson,bryan thompson,00-0038680,ThomBr05,26,3,BUF,4,0.021558848958140895,301587301.5873016,6501875.082613921,6.501875082613921,0.008567016660947965,glm_pair,term_ll_final,aavPerc_rl_final,1.8469501821525373e-4,55701.67216015588,3,900500,0.004,NA,NA,NA,NA,NA,NA,NA,0.0042,0.9005
5598,Tyler Hudson,tyler hudson,00-0038356,NA,25,3,LA,4,0.021049320029655205,301587301.5873016,6348207.627991253,6.348207627991252,0.00855581647970413,glm_pair,term_ll_final,aavPerc_rl_final,1.8009411919629024e-4,54314.099440151025,3,898333,0.004,NA,NA,NA,NA,NA,NA,NA,0.0042,0.898333
5514,Jesse Matthews,jesse matthews,00-0038726,MattJe00,26,3,ATL,4,0.018050831052585,301587301.5873016,5443901.428557381,5.443901428557381,0.008470963332851807,glm_pair,term_ll_final,aavPerc_rl_final,1.5290792797395032e-4,46115.08938896914,1,840000,0.003,NA,NA,NA,NA,NA,NA,NA,0.0042,0.84
5465,Chris Coleman,chris coleman,00-0019038,ColeCh01,48,26,MIA,2,-0.0013571834467319716,301587301.5873016,-409309.2934588486,-0.4093092934588486,0.00847091561563054,glm_pair,term_ll_final,aavPerc_rl_final,-1.1496586452197137e-5,-3467.224485583264,3,900000,0.004,NA,NA,NA,NA,NA,NA,NA,0.0042,0.9
5520,Jose Barbon,jose barbon,00-0038730,NA,26,3,DAL,4,0.02048217743174916,301587301.5873016,6177164.622273557,6.177164622273557,0.00845490295181446,glm_pair,term_ll_final,aavPerc_rl_final,1.731748224272835e-4,52227.327398704554,3,899333,0.004,NA,NA,NA,NA,NA,NA,NA,0.0042,0.899333
5500,Hunter Renfrow,hunter renfrow,00-0034983,RenfHu00,30,7,CAR,3,0.01194024497304302,301587301.5873016,3601026.2617113874,3.6010262617113873,0.00843364968196954,glm_pair,term_ll_final,aavPerc_rl_final,1.0069984321954266e-4,30369.7939868462,1,1220000,0.0044,26,15,89,2,0.05416666666666667,0.4916666666666667,NA,0.0042,1.22
5567,Racey McMath,racey mcmath,00-0036652,McMaRa00,26,5,DAL,4,0.01717746070902894,301587301.5873016,5180504.023357934,5.180504023357934,0.008402809384429905,glm_pair,term_ll_final,aavPerc_rl_final,1.4433892804650435e-4,43530.78782354893,2,1042500,0.0041,NA,NA,NA,NA,NA,NA,NA,0.0042,1.0425
5579,Seth Williams,seth williams,00-0036657,WillSe00,25,5,LV,4,0.015648322533331212,301587301.5873016,4719335.3671951275,4.719335367195128,0.00837188621239654,glm_pair,term_ll_final,aavPerc_rl_final,1.3100597566392968e-4,39509.73869229625,1,840000,0.003,NA,NA,NA,NA,NA,NA,NA,0.0042,0.84
5588,Taye Barber,taye barber,00-0038814,NA,26,3,TB,4,0.02229363790443513,301587301.5873016,6723478.098162976,6.7234780981629765,0.00836598853918806,glm_pair,term_ll_final,aavPerc_rl_final,1.8650831920531281e-4,56248.540712713395,3,899000,0.004,NA,NA,NA,NA,NA,NA,NA,0.0042,0.899
5503,Jadon Haselwood,jadon haselwood,00-0038483,NA,25,3,PHI,4,0.020540260122614156,301587301.5873016,6194681.62428046,6.19468162428046,0.008309050887569218,glm_pair,term_ll_final,aavPerc_rl_final,1.7067006660270977e-4,51471.92484843628,3,902500,0.004,NA,NA,NA,NA,NA,NA,NA,0.0042,0.9025
5526,Justin Marshall,justin marshall,00-0038929,NA,NA,3,ATL,4,0.02007472566833201,301587301.5873016,6054282.344417591,6.054282344417591,0.008291341881767115,glm_pair,term_ll_final,aavPerc_rl_final,1.6644641369882652e-4,50198.124766312765,3,904167,0.004,NA,NA,NA,NA,NA,NA,NA,0.0042,0.904167
5596,Tyjon Lindsey,tyjon lindsey,00-0038763,LindTy01,27,3,SEA,4,0.020147392997271578,301587301.5873016,6076197.888066032,6.076197888066032,0.008247715176878072,glm_pair,term_ll_final,aavPerc_rl_final,1.6616995899812378e-4,50114.7495391167,3,898667,0.004,NA,NA,NA,NA,NA,NA,NA,0.0042,0.898667
5589,Taylor Grimes,taylor grimes,00-0038789,NA,26,3,DEN,4,0.020587784916394007,301587301.5873016,6209014.498595019,6.209014498595019,0.00822997484573737,glm_pair,term_ll_final,aavPerc_rl_final,1.694369519913739e-4,51100.03314025563,3,899000,0.004,NA,NA,NA,NA,NA,NA,NA,0.0042,0.899
5551,Malik Knowles,malik knowles,00-0038806,KnowMa00,25,3,SF,4,0.018146844106530887,301587301.5873016,5472857.7464140775,5.4728577464140775,0.008152732291143354,glm_pair,term_ll_final,aavPerc_rl_final,1.4794636192965883e-4,44618.74407402409,1,840000,0.003,NA,NA,NA,NA,NA,NA,NA,0.0042,0.84
5451,Avery Davis,avery davis,00-0039186,NA,NA,3,DET,4,0.02198173741977984,301587301.5873016,6629412.8726320155,6.629412872632016,0.008022941141163519,glm_pair,term_ll_final,aavPerc_rl_final,1.763581854994053e-4,53187.38927759842,3,898333,0.004,NA,NA,NA,NA,NA,NA,NA,0.0042,0.898333
5477,David White Jr,david white jr,00-0039562,WhitDa06,25,2,BUF,4,0.019919753666469916,301587301.5873016,6007544.756554419,6.007544756554419,0.008016224754256826,glm_pair,term_ll_final,aavPerc_rl_final,1.596812224398543e-4,48157.82898979733,1,840000,0.003,NA,NA,NA,NA,NA,NA,NA,0.0042,0.84
5582,Sterling Shepard,sterling shepard,00-0032385,ShepSt00,33,10,TB,4,0.02190090416792813,301587301.5873016,6605034.590327531,6.605034590327531,0.007971093050662117,glm_pair,term_ll_final,aavPerc_rl_final,1.745741450161889e-4,52649.345322342684,1,1750000,0.0063,52.333333333333336,36.666666666666664,358.6666666666667,1,0.09550653407007832,0.551978021978022,6.849673202614379,0.0042,1.75
5466,Chris Moore,chris moore,00-0032398,MoorCh00,32,10,WAS,3,0.013572626538704162,301587301.5873016,4093331.8132599858,4.093331813259986,0.007967326252035565,glm_pair,term_ll_final,aavPerc_rl_final,1.0813754373089227e-4,32612.910014078625,1,1255000,0.0045,23,11,207,1,0.05324074074074074,0.3538095238095238,NA,0.0042,1.255
5597,Tyler Adams,tyler adams,00-0038531,NA,NA,3,IND,4,0.021127578183828065,301587301.5873016,6371809.293535449,6.371809293535448,0.007949078544673612,glm_pair,term_ll_final,aavPerc_rl_final,1.6794477844198194e-4,50650.012545994556,3,898333,0.004,NA,NA,NA,NA,NA,NA,NA,0.0042,0.898333
5542,Kyle Philips,kyle philips,00-0037273,PhilKy01,26,4,LV,4,0.017621134463574585,301587301.5873016,5314310.393776462,5.314310393776462,0.007941031776865549,glm_pair,term_ll_final,aavPerc_rl_final,1.3992998871966645e-4,42201.10770910575,1,1030000,0.0037,NA,NA,NA,NA,NA,NA,NA,0.0042,1.03
5527,Justyn Ross,justyn ross,00-0037216,RossJu00,26,4,KC,3,0.006433978679356204,301587301.5873016,1940406.268377268,1.940406268377268,0.007928990641748176,glm_pair,term_ll_final,aavPerc_rl_final,5.101495673782263e-5,15385.463143152858,1,960000,0.0034,1,0,0,0,0.00174825174825174,0.09,NA,0.0042,0.96
5594,Trenton Irwin,trenton irwin,00-0035341,IrwiTr00,30,7,JAX,3,0.007905285355269262,301587301.5873016,2384133.6785732694,2.3841336785732694,0.00792771093681796,glm_pair,term_ll_final,aavPerc_rl_final,6.267081716963497e-5,18900.722638461342,1,1170000,0.0042,10,3,15,0,0.01592356687898089,0.2914285714285714,NA,0.0042,1.17
5454,Braxton Berrios,braxton berrios,00-0034419,BerrBr00,30,8,HOU,3,0.0056013842051007645,301587301.5873016,1689306.347570072,1.689306347570072,0.007922931843239448,glm_pair,term_ll_final,aavPerc_rl_final,4.437938528481133e-5,13384.25905414945,1,1800000,0.0064,6.666666666666667,4,24.666666666666668,0,0.0119917819151194,0.21777777777777776,NA,0.0042,1.8
5606,Zion Bowens,zion bowens,00-0038831,NA,26,3,WAS,4,0.02153313695898155,301587301.5873016,6494120.670169039,6.494120670169039,0.007871275516305008,glm_pair,term_ll_final,aavPerc_rl_final,1.6949325373447394e-4,51117.01303103183,3,899167,0.004,NA,NA,NA,NA,NA,NA,NA,0.0042,0.899167
5535,Kearis Jackson,kearis jackson,00-0038969,JackKe02,26,3,HOU,4,0.019185533525221062,301587301.5873016,5786113.285384131,5.786113285384131,0.007760463908449926,glm_pair,term_ll_final,aavPerc_rl_final,1.4888864048683413e-4,44902.92332142617,1,840000,0.003,NA,NA,NA,NA,NA,NA,NA,0.0042,0.84
5467,Cody Chrest,cody chrest,00-0038430,NA,NA,3,IND,4,0.021002779596066522,301587301.5873016,6334171.624210539,6.33417162421054,0.007749656278434855,glm_pair,term_ll_final,aavPerc_rl_final,1.6276432276124037e-4,49087.652896247106,3,898333,0.004,NA,NA,NA,NA,NA,NA,NA,0.0042,0.898333
5475,David Durden,david durden,00-0038734,DurdDa00,27,3,DAL,4,0.019431383888022014,301587301.5873016,5860258.632895528,5.860258632895528,0.007732192423314567,glm_pair,term_ll_final,aavPerc_rl_final,1.5024719927348056e-4,45312.647399938585,3,901667,0.004,NA,NA,NA,NA,NA,NA,NA,0.0042,0.901667
5459,Brian Cobbs,brian cobbs,00-0039011,NA,26,3,ARI,4,0.020434105151234675,301587301.5873016,6162666.632912045,6.162666632912045,0.007717640605587104,glm_pair,term_ll_final,aavPerc_rl_final,1.5770307965400535e-4,47561.24624485876,3,898333,0.004,NA,NA,NA,NA,NA,NA,NA,0.0042,0.898333
5505,Jaelen Gill,jaelen gill,00-0039659,GillJa01,26,2,CLE,4,0.018315585352698813,301587301.5873016,5523747.963512341,5.52374796351234,0.007679461133504008,glm_pair,term_ll_final,aavPerc_rl_final,1.4065382585342582e-4,42419.40779706493,1,840000,0.003,NA,NA,NA,NA,NA,NA,NA,0.0042,0.84
5548,Malachi Carter,malachi carter,00-0038886,NA,26,3,CIN,4,0.020391851810927116,301587301.5873016,6149923.562025638,6.149923562025639,0.007678817057945548,glm_pair,term_ll_final,aavPerc_rl_final,1.5658529952884494e-4,47224.13795314371,3,898333,0.004,NA,NA,NA,NA,NA,NA,NA,0.0042,0.898333
5590,Thayer Thomas,thayer thomas,00-0038810,ThomTh01,27,3,MIN,4,0.01871317085992274,301587301.5873016,5643654.703786223,5.643654703786223,0.007659476115237005,glm_pair,term_ll_final,aavPerc_rl_final,1.4333308524192733e-4,43227.43840629555,3,901667,0.004,NA,NA,NA,NA,NA,NA,NA,0.0042,0.901667
5540,Kody Case,kody case,00-0038532,NA,27,3,IND,4,0.02141448749959837,301587301.5873016,6458337.499878874,6.458337499878874,0.007626073886276336,glm_pair,term_ll_final,aavPerc_rl_final,1.6330846390867816e-4,49251.75895658548,3,898333,0.004,NA,NA,NA,NA,NA,NA,NA,0.0042,0.898333
5524,JuJu Smith-Schuster,juju smith schuster,00-0033857,SmitJu00,29,9,KC,4,0.013518440706009799,301587301.5873016,4076990.0541934315,4.076990054193431,0.007539390315093573,glm_pair,term_ll_final,aavPerc_rl_final,1.0192080093405699e-4,30738.019329318777,1,1422500,0.0051,38.666666666666664,28,307,1.3333333333333333,0.06979632389468454,0.5370448179271708,7.666666666666667,0.0042,1.4225
5541,Kristian Wilkerson,kristian wilkerson,00-0036183,WilkKr00,29,6,BUF,3,0.015071438493082762,301587301.5873016,4545354.466167818,4.545354466167818,0.007513297076167228,glm_pair,term_ll_final,aavPerc_rl_final,1.1323619476371293e-4,34150.59842080232,1,1100000,0.0039,3,2,18,1,0.00506756756756756,0.22,NA,0.0042,1.1
5547,Mac Hippenhammer,mac hippenhammer,00-0038887,NA,27,3,CIN,4,0.020928828935979683,301587301.5873016,6311869.0441843495,6.311869044184349,0.007490990258367323,glm_pair,term_ll_final,aavPerc_rl_final,1.5677765367845995e-4,47282.149522075226,3,898333,0.004,NA,NA,NA,NA,NA,NA,NA,0.0042,0.898333
5502,Jadakis Bonds,jadakis bonds,00-0039022,NA,26,3,GB,4,0.02001962713576559,301587301.5873016,6037665.326659464,6.037665326659464,0.007452331737228746,glm_pair,term_ll_final,aavPerc_rl_final,1.4919290267135173e-4,44994.68493262989,3,898333,0.004,NA,NA,NA,NA,NA,NA,NA,0.0042,0.898333
5463,Cedrick Wilson,cedrick wilson,00-0020452,WilsCe00,47,25,MIA,2,-0.00239065912218425,301587301.5873016,-720992.4336746151,-0.7209924336746151,0.00741439369489751,glm_pair,term_ll_final,aavPerc_rl_final,-1.772528792217212e-5,-5345.721754305878,1,1170000,0.0042,NA,NA,NA,NA,NA,NA,NA,0.0042,1.17
5497,Garett Maag,garett maag,00-0039043,NA,26,3,MIN,4,0.01910188959726137,301587301.5873016,5760887.338856604,5.7608873388566035,0.00739721622556431,glm_pair,term_ll_final,aavPerc_rl_final,1.413008076677999e-4,42614.52929663807,3,898333,0.004,NA,NA,NA,NA,NA,NA,NA,0.0042,0.898333
5549,Malik Flowers,malik flowers,00-0038904,FlowMa01,26,3,NO,4,0.020534497065133443,301587301.5873016,6192943.5593259595,6.192943559325959,0.007340921837493844,glm_pair,term_ll_final,aavPerc_rl_final,1.5074213792739134e-4,45461.91461302279,3,898667,0.004,NA,NA,NA,NA,NA,NA,NA,0.0042,0.898667
5449,Austin Mack,austin mack,00-0035869,MackAu01,28,6,ATL,4,0.017636535063286427,301587301.5873016,5318955.019086383,5.318955019086383,0.0073225773708843365,glm_pair,term_ll_final,aavPerc_rl_final,1.2914489255522933e-4,38948.45965951362,2,984500,0.0039,NA,NA,NA,NA,NA,NA,NA,0.0042,0.9845
5581,Shaq Davis,shaq davis,NA,NA,25,NA,PHI,4,0.020670851751910996,301587301.5873016,6234066.401369983,6.234066401369983,0.007322306888407989,glm_pair,term_ll_final,aavPerc_rl_final,1.5135832017227824e-4,45647.74735354423,2,927500,0.0036,NA,NA,NA,NA,NA,NA,NA,0.0042,0.9275
5517,Johnny King,johnny king,00-0038434,NA,26,3,IND,4,0.020553534007036686,301587301.5873016,6198684.859265032,6.1986848592650325,0.007304128079579211,glm_pair,term_ll_final,aavPerc_rl_final,1.501256448753829e-4,45275.988137020235,3,900000,0.004,NA,NA,NA,NA,NA,NA,NA,0.0042,0.9
5525,Julian Hicks,julian hicks,00-0039329,HickJu01,26,2,GB,4,0.01818220978313637,301587301.5873016,5483523.585390334,5.483523585390334,0.00729385953451947,glm_pair,term_ll_final,aavPerc_rl_final,1.326184841853624e-4,39996.05078606168,1,840000,0.003,NA,NA,NA,NA,NA,NA,NA,0.0042,0.84
5585,T.J. Luther,t j luther,00-0038502,LuthTJ00,25,3,CAR,4,0.019133069690727852,301587301.5873016,5770290.8591084005,5.770290859108401,0.007251416031996402,glm_pair,term_ll_final,aavPerc_rl_final,1.387418482966484e-4,41842.77964502095,1,840000,0.003,NA,NA,NA,NA,NA,NA,NA,0.0042,0.84
5457,Braydon Johnson,braydon johnson,NA,NA,NA,NA,BUF,4,0.022938608076254894,301587301.5873016,6917992.911886397,6.9179929118863965,0.007213214820339743,glm_pair,term_ll_final,aavPerc_rl_final,1.6546110773360672e-4,49900.968999024255,3,903333,0.004,NA,NA,NA,NA,NA,NA,NA,0.0042,0.903333
5599,Tyler Johnson,tyler johnson,00-0036427,JohnTy00,27,6,NYJ,3,0.008838887206834815,301587301.5873016,2665696.141743833,2.665696141743833,0.007196255577382867,glm_pair,term_ll_final,aavPerc_rl_final,6.360689136004311e-5,19183.03072763205,1,1170000,0.0042,25.666666666666668,16.666666666666668,228.33333333333337,1,0.05068558956525371,0.3988888888888889,NA,0.0042,1.17
5498,Gavin Holmes,gavin holmes,00-0038962,NA,27,3,TEN,4,0.020625871831652424,301587301.5873016,6220501.028593589,6.2205010285935884,0.007168670510091771,glm_pair,term_ll_final,aavPerc_rl_final,1.478600791444993e-4,44592.72228167439,3,898333,0.004,NA,NA,NA,NA,NA,NA,NA,0.0042,0.898333
5564,Oliver Martin,oliver martin,00-0038672,NA,27,3,JAX,4,0.020130471430230473,301587301.5873016,6071094.558323476,6.071094558323477,0.0071110732806127655,glm_pair,term_ll_final,aavPerc_rl_final,1.4314925751365056e-4,43171.998297767634,3,898667,0.004,NA,NA,NA,NA,NA,NA,NA,0.0042,0.898667
5472,Daniel Arias,daniel arias,00-0038702,AriaDa00,27,3,ARI,4,0.019355615874983915,301587301.5873016,5837407.962296736,5.837407962296736,0.007105477198080168,glm_pair,term_ll_final,aavPerc_rl_final,1.3753088725449673e-4,41477.56917199108,3,902333,0.004,NA,NA,NA,NA,NA,NA,NA,0.0042,0.902333
5462,C.J. Johnson,c j johnson,NA,NA,NA,NA,SEA,4,0.021023353940696793,301587301.5873016,6340376.585289509,6.340376585289509,0.007100063053974669,glm_pair,term_ll_final,aavPerc_rl_final,1.4926713858497406e-4,45017.07354150011,3,898667,0.004,NA,NA,NA,NA,NA,NA,NA,0.0042,0.898667
5531,Kade Warner,kade warner,00-0038829,NA,27,3,TB,4,0.02179705808632028,301587301.5873016,6573715.9307950055,6.5737159307950055,0.007089823359301272,glm_pair,term_ll_final,aavPerc_rl_final,1.545372915844402e-4,46606.48476356133,3,900000,0.004,NA,NA,NA,NA,NA,NA,NA,0.0042,0.9
5456,Braxton Westfield,braxton westfield,NA,NA,NA,NA,IND,4,0.021558711030634937,301587301.5873016,6501833.485429585,6.501833485429585,0.007063481440032703,glm_pair,term_ll_final,aavPerc_rl_final,1.5227955523591818e-4,45925.580150515016,3,901667,0.004,NA,NA,NA,NA,NA,NA,NA,0.0042,0.901667
5580,Shae Wyatt,shae wyatt,NA,NA,NA,NA,SF,4,0.02114861788235472,301587301.5873016,6378154.599440312,6.378154599440312,0.007063470858689362,glm_pair,term_ll_final,aavPerc_rl_final,1.493826461135693e-4,45051.909145362166,3,901000,0.004,NA,NA,NA,NA,NA,NA,NA,0.0042,0.901
5518,Jordan Byrd,jordan byrd,NA,NA,26,NA,PIT,4,0.020965191810317477,301587301.5873016,6322835.625333843,6.322835625333843,0.007063468209367334,glm_pair,term_ll_final,aavPerc_rl_final,1.4808696585546588e-4,44661.14843260083,3,900833,0.004,NA,NA,NA,NA,NA,NA,NA,0.0042,0.900833
5539,Keytaon Thompson,keytaon thompson,NA,NA,NA,NA,DET,4,0.022218314519884638,301587301.5873016,6700761.5218699705,6.70076152186997,0.00706345499436495,glm_pair,term_ll_final,aavPerc_rl_final,1.5693806466185044e-4,47330.52743770093,3,900000,0.004,NA,NA,NA,NA,NA,NA,NA,0.0042,0.9
5471,Dallas Daniels,dallas daniels,NA,NA,NA,NA,DEN,4,0.020789416432096877,301587301.5873016,6269824.003330804,6.269824003330805,0.00706342854789224,glm_pair,term_ll_final,aavPerc_rl_final,1.4684455752049313e-4,44286.45385538682,3,898333,0.004,NA,NA,NA,NA,NA,NA,NA,0.0042,0.898333
5575,Sam James,sam james,NA,NA,NA,NA,LA,4,0.021619358251564087,301587301.5873016,6520123.917138376,6.520123917138377,0.00706342854789224,glm_pair,term_ll_final,aavPerc_rl_final,1.5270679226120744e-4,46054.429412110185,3,898333,0.004,NA,NA,NA,NA,NA,NA,NA,0.0042,0.898333
5523,Josh Vann,josh vann,00-0038780,NA,26,3,CAR,4,0.02155834555380501,301587301.5873016,6501723.2622586535,6.501723262258653,0.00706327304556242,glm_pair,term_ll_final,aavPerc_rl_final,1.5227248105711136e-4,45923.446668017714,3,901667,0.004,NA,NA,NA,NA,NA,NA,NA,0.0042,0.901667
5546,Louis Rees-Zammit,louis rees zammit,NA,NA,25,NA,JAX,4,0.019543729155526886,301587301.5873016,5894140.538968426,5.8941405389684265,0.007033111641944143,glm_pair,term_ll_final,aavPerc_rl_final,1.374532290507393e-4,41454.14844387376,1,840000,0.003,NA,NA,NA,NA,NA,NA,NA,0.0042,0.84
5464,Chase Cota,chase cota,00-0038651,CotaCh00,26,3,CLE,4,0.017463194688642374,301587301.5873016,5266677.763241352,5.2666777632413515,0.0070191965393614185,glm_pair,term_ll_final,aavPerc_rl_final,1.2257759572471325e-4,36967.846329675434,1,840000,0.003,NA,NA,NA,NA,NA,NA,NA,0.0042,0.84
5578,Sean Ryan,sean ryan,00-0038455,RyanSe01,27,3,BAL,4,0.019337525813601392,301587301.5873016,5831952.229498833,5.8319522294988335,0.0070059911832841696,glm_pair,term_ll_final,aavPerc_rl_final,1.3547853535662139e-4,40858.605901203286,3,900000,0.004,NA,NA,NA,NA,NA,NA,NA,0.0042,0.9
5566,Quintez Cephus,quintez cephus,00-0036277,CephQu00,27,6,HOU,4,0.016451147899849312,301587301.5873016,4961457.303129158,4.961457303129158,0.007005815059673878,glm_pair,term_ll_final,aavPerc_rl_final,1.1525369970568661e-4,34759.0522921912,1,1100000,0.0039,NA,NA,NA,NA,NA,NA,NA,0.0042,1.1
5504,Jadon Janke,jadon janke,00-0039604,NA,26,2,GB,4,0.017976147446485544,301587301.5873016,5421377.801321038,5.421377801321038,0.006983996341123185,glm_pair,term_ll_final,aavPerc_rl_final,1.2554534799374593e-4,37862.88272827259,1,840000,0.003,NA,NA,NA,NA,NA,NA,NA,0.0042,0.84
5601,Tyrone Scott,tyrone scott,NA,NA,NA,NA,KC,4,0.022101452793526315,301587301.5873016,6665517.5091587305,6.665517509158731,0.006966130449155387,glm_pair,term_ll_final,aavPerc_rl_final,1.5396160327555406e-4,46432.864479929005,3,898333,0.004,NA,NA,NA,NA,NA,NA,NA,0.0042,0.898333
5584,Sy Barnett,sy barnett,NA,NA,NA,NA,NO,4,0.021245349120759274,301587301.5873016,6407327.51260994,6.40732751260994,0.006831309161299223,glm_pair,term_ll_final,aavPerc_rl_final,1.4513354808364323e-4,43770.43513633685,3,898333,0.004,NA,NA,NA,NA,NA,NA,NA,0.0042,0.898333
5555,Mathew Sexton,mathew sexton,00-0036471,SextMa00,28,3,MIA,4,0.019894423223653212,301587301.5873016,5999905.416657318,5.9999054166573185,0.006722107615540098,glm_pair,term_ll_final,aavPerc_rl_final,1.3373245385849705e-4,40332.009893832445,2,877500,0.0034,NA,NA,NA,NA,NA,NA,NA,0.0042,0.8775
5562,Nick Williams,nick williams,00-0039045,NA,NA,3,DEN,4,0.019438246932687135,301587301.5873016,5862328.440016756,5.862328440016756,0.00667862701352029,glm_pair,term_ll_final,aavPerc_rl_final,1.2982080106012223e-4,39152.30508162417,3,898333,0.004,NA,NA,NA,NA,NA,NA,NA,0.0042,0.898333
5563,Noah Brown,noah brown,00-0033591,BrowNo00,30,9,WAS,3,0.0064261203156127265,301587301.5873016,1938036.2856609812,1.9380362856609812,0.00656411044537491,glm_pair,term_ll_final,aavPerc_rl_final,4.218176348694941e-5,12721.48422622284,1,3250000,0.0116,25.333333333333332,15,206.33333333333337,0.3333333333333333,0.05246913580246912,0.4836363636363636,8.089285714285714,0.0042,3.25
5593,Trent Taylor,trent taylor,00-0033292,TaylTr02,31,9,SF,3,0.006939291055223356,301587301.5873016,2092802.0642737106,2.0928020642737106,0.006549481902679651,glm_pair,term_ll_final,aavPerc_rl_final,4.544876118361214e-5,13706.769245851283,1,1170000,0.0042,1,1,11,0,0.00194931773879142,0.095,NA,0.0042,1.17
5458,Braylon Sanders,braylon sanders,00-0037355,SandBr00,27,4,WAS,4,0.018866650014946196,301587301.5873016,5689942.067999647,5.689942067999647,0.006548908164531943,glm_pair,term_ll_final,aavPerc_rl_final,1.2355595832024783e-4,37262.90806483666,1,960000,0.0034,NA,NA,NA,NA,NA,NA,NA,0.0042,0.96
5496,Gabriel Davis,gabriel davis,NA,NA,27,NA,BUF,4,0.030650003506452,301587301.5873016,9243651.851152191,9.24365185115219,0.006511358822863539,glm_pair,term_ll_final,aavPerc_rl_final,1.9957317075253462e-4,60188.7340364787,1,1170000,0.0042,NA,NA,NA,NA,NA,0.6197777777777778,NA,0.0042,1.17
5602,Winston Wright,winston wright,NA,NA,NA,NA,CLE,4,0.01970654463502791,301587301.5873016,5943243.620087784,5.943243620087784,0.006509461849237797,glm_pair,term_ll_final,aavPerc_rl_final,1.2827900048201598e-4,38687.31760568736,1,840000,0.003,NA,NA,NA,NA,NA,NA,NA,0.0042,0.84
5529,K.J. Hamler,k j hamler,NA,NA,26,NA,BUF,4,0.021805875844334837,301587301.5873016,6576375.254640666,6.5763752546406655,0.006483262571974118,glm_pair,term_ll_final,aavPerc_rl_final,1.4137321871069057e-4,42636.36754766859,1,1108000,0.004,NA,NA,NA,NA,NA,NA,NA,0.0042,1.108
5455,Braxton Burmeister,braxton burmeister,NA,NA,27,NA,LA,4,0.021547113972005243,301587301.5873016,6498335.959811105,6.498335959811105,0.006445804303507996,glm_pair,term_ll_final,aavPerc_rl_final,1.3888847996892866e-4,41887.001895391186,3,898333,0.004,NA,NA,NA,NA,NA,NA,NA,0.0042,0.898333
5492,Ed Lee,ed lee,NA,NA,27,NA,NE,4,0.02101897583780313,301587301.5873016,6339056.205051739,6.3390562050517385,0.006445804303507996,glm_pair,term_ll_final,aavPerc_rl_final,1.35484204910642e-4,40860.31576670156,3,898333,0.004,NA,NA,NA,NA,NA,NA,NA,0.0042,0.898333
5565,Pokey Wilson,pokey wilson,NA,NA,24,NA,NYJ,4,0.01963942774230269,301587301.5873016,5923002.017519859,5.923002017519859,0.006445359387235876,glm_pair,term_ll_final,aavPerc_rl_final,1.265831699587913e-4,38175.87665423865,1,840000,0.003,NA,NA,NA,NA,NA,NA,NA,0.0042,0.84
5516,Johnny Johnson,johnny johnson,NA,NA,26,NA,HOU,4,0.020673096733826148,301587301.5873016,6234743.4594078865,6.234743459407887,0.006417241729393149,glm_pair,term_ll_final,aavPerc_rl_final,1.3266425903609038e-4,40009.85589977329,1,840000,0.003,NA,NA,NA,NA,NA,NA,NA,0.0042,0.84
5533,Kawaan Baker,kawaan baker,00-0036939,BakeKa00,27,5,LV,4,0.015281818895258713,301587301.5873016,4608802.523966914,4.608802523966914,0.006392773155178251,glm_pair,term_ll_final,aavPerc_rl_final,9.769320159590566e-5,29463.02905273346,1,840000,0.003,NA,NA,NA,NA,NA,NA,NA,0.0042,0.84
5568,Rakim Jarrett,rakim jarrett,00-0038821,JarrRa00,25,3,TB,4,0.023213046014305364,301587301.5873016,7000759.909076221,7.000759909076221,0.0063926891942903035,glm_pair,term_ll_final,aavPerc_rl_final,1.483937884222135e-4,44753.68222257233,3,906667,0.004,11,9,124,0,0.01953818827708703,0.325,NA,0.0042,0.906667
5509,Jalen Sample,jalen sample,NA,NA,27,NA,WAS,4,0.021984663853332614,301587301.5873016,6630295.447830471,6.630295447830472,0.00638111452797452,glm_pair,term_ll_final,aavPerc_rl_final,1.4028665790713705e-4,42308.67460691435,3,899167,0.004,NA,NA,NA,NA,NA,NA,NA,0.0042,0.899167
5488,Donovan Peoples-Jones,donovan peoples jones,00-0036233,PeopDo00,27,6,NO,4,0.016845074946494842,301587301.5873016,5080260.698149239,5.080260698149239,0.006341410951731784,glm_pair,term_ll_final,aavPerc_rl_final,1.0682154274844509e-4,32216.02082889614,1,1170000,0.0042,NA,NA,NA,NA,NA,NA,NA,0.0042,1.17
5543,Lance McCutcheon,lance mccutcheon,00-0037055,McCuLa01,27,4,PIT,4,0.017404484758183767,301587301.5873016,5248971.593737962,5.248971593737962,0.0063066673636242585,glm_pair,term_ll_final,aavPerc_rl_final,1.0976429600513341e-4,33103.517842818015,1,960000,0.0034,NA,NA,NA,NA,NA,NA,NA,0.0042,0.96
5478,Dax Milne,dax milne,00-0036671,MilnDa00,26,5,CAR,4,0.01683226290849587,301587301.5873016,5076396.750181294,5.076396750181294,0.006208941588270051,glm_pair,term_ll_final,aavPerc_rl_final,1.045105371972554e-4,31519.05090075957,1,1030000,0.0037,NA,NA,NA,NA,NA,NA,NA,0.0042,1.03
5469,Cornell Powell,cornell powell,00-0036647,PoweCo00,28,5,HOU,4,0.01819897642645952,301587301.5873016,5488580.192106839,5.48858019210684,0.006156961356692052,glm_pair,term_ll_final,aavPerc_rl_final,1.1205039458906086e-4,33792.97614590725,1,960000,0.0034,NA,NA,NA,NA,NA,NA,NA,0.0042,0.96
5513,Jerome Kapp,jerome kapp,00-0039033,NA,NA,3,NYJ,4,0.019945016866140836,301587301.5873016,6015163.816772633,6.015163816772633,0.006155560941020768,glm_pair,term_ll_final,aavPerc_rl_final,1.2277276678921697e-4,37026.70744436703,3,898333,0.004,NA,NA,NA,NA,NA,NA,NA,0.0042,0.898333
5515,John Hall,john hall,00-0038759,NA,28,3,SEA,4,0.01988746446040398,301587301.5873016,5997806.742026597,5.997806742026597,0.006154271440526893,glm_pair,term_ll_final,aavPerc_rl_final,1.2239285455315779e-4,36912.13073825394,3,901667,0.004,NA,NA,NA,NA,NA,NA,NA,0.0042,0.901667
5561,Montrell Washington,montrell washington,00-0037272,WashMo00,27,4,NYG,3,0.008384584264123295,301587301.5873016,2528684.1431482956,2.5286841431482956,0.006140575864270115,glm_pair,term_ll_final,aavPerc_rl_final,5.148617576421451e-5,15527.576817778981,1,1030000,0.0037,0,0,0,0,0,0.07,NA,0.0042,1.03
5446,Alex Bachman,alex bachman,00-0035602,BachAl00,29,7,LV,3,0.00716699229215851,301587301.5873016,2161473.8658890747,2.1614738658890746,0.0060083563319759895,glm_pair,term_ll_final,aavPerc_rl_final,4.306184351981369e-5,12986.905188515244,1,1030000,0.0037,3,2.3333333333333335,18.333333333333332,0,0.0057377721851406,0.09871794871794871,NA,0.0042,1.03
5544,Laviska Shenault,laviska shenault,NA,NA,27,NA,BUF,4,0.02186596329106749,301587301.5873016,6594496.865560038,6.594496865560038,0.005993190706809087,glm_pair,term_ll_final,aavPerc_rl_final,1.3104688799145433e-4,39522.077330756074,1,1210000,0.0043,NA,NA,NA,NA,NA,NA,NA,0.0042,1.21
5506,Jalen Cropper,jalen cropper,00-0038740,MoreJa01,24,3,DAL,4,0.02334289619566736,301587301.5873016,7039921.074883807,7.039921074883807,0.00593065831633057,glm_pair,term_ll_final,aavPerc_rl_final,1.3843874145007585e-4,41751.3664690705,2,877500,0.0034,0,0,0,0,0,0.09555555555555556,NA,0.0042,0.8775
5450,Austin Watkins,austin watkins,NA,NA,27,NA,PHI,4,0.020355277176609756,301587301.5873016,6138893.1167553235,6.138893116755323,0.005917855530433771,glm_pair,term_ll_final,aavPerc_rl_final,1.2045958961311237e-4,36329.0825817323,2,902500,0.00349999999999999,NA,NA,NA,NA,NA,NA,NA,0.0042,0.9025
5473,Dante Pettis,dante pettis,00-0034860,PettDa00,30,8,NO,3,0.00518969282938221,301587301.5873016,1565145.4564803492,1.565145456480349,0.005902443724217111,glm_pair,term_ll_final,aavPerc_rl_final,3.0631869871401566e-5,9238.182977089362,1,1255000,0.0045,16.666666666666668,10,124.66666666666669,0.3333333333333333,0.03103222014914728,0.2508333333333333,NA,0.0042,1.255
5447,Anthony Miller,anthony miller,00-0034353,MillAn02,31,8,BAL,3,0.010743554551930358,301587301.5873016,3240119.6267726477,3.2401196267726475,0.005885314384394169,glm_pair,term_ll_final,aavPerc_rl_final,6.32291961439992e-5,19069.12264660293,1,1170000,0.0042,1,1,16,0,0.00218818380743982,0.07500000000000001,NA,0.0042,1.17
5489,Dontavian Jackson,dontavian jackson,NA,NA,28,NA,MIN,4,0.019793166007060117,301587301.5873016,5969367.525938766,5.969367525938766,0.005779358964085674,glm_pair,term_ll_final,aavPerc_rl_final,1.1439181139053874e-4,34499.11772095613,3,898333,0.004,NA,NA,NA,NA,NA,NA,NA,0.0042,0.898333
5482,Demetric Felton,demetric felton,NA,NA,27,NA,WAS,4,0.020807812070800367,301587301.5873016,6275371.894368365,6.275371894368366,0.005704890192753855,glm_pair,term_ll_final,aavPerc_rl_final,1.187062830153743e-4,35800.30757606527,1,1030000,0.0037,NA,NA,NA,NA,NA,NA,NA,0.0042,1.03
5586,Tarik Black,tarik black,00-0036491,BlacTa00,28,5,MIA,4,0.017667548433365245,301587301.5873016,5328308.257681582,5.328308257681583,0.005532802204267768,glm_pair,term_ll_final,aavPerc_rl_final,9.775105091613079e-5,29480.47567311881,1,840000,0.003,NA,NA,NA,NA,NA,NA,NA,0.0042,0.84
5600,Tyler Lockett,tyler lockett,00-0032211,LockTy00,33,11,LV,3,-0.008916708932852305,301587301.5873016,-2689166.1860983144,-2.6891661860983143,0.005524251521350097,glm_pair,term_ll_final,aavPerc_rl_final,-4.9258142887745345e-5,-14855.63039471685,1,1255000,0.0045,61.333333333333336,37.666666666666664,394,1.3333333333333333,0.11253329796288314,0.5635294117647058,6.22997542997543,0.0042,1.255
5538,Kelvin Harmon,kelvin harmon,00-0035297,HarmKe00,29,7,DAL,4,0.015043982311152629,301587301.5873016,4537074.030347618,4.537074030347618,0.005523649272300671,glm_pair,term_ll_final,aavPerc_rl_final,8.309768194550238e-5,25061.205666103895,1,960000,0.0034,NA,NA,NA,NA,NA,NA,NA,0.0042,0.96
5511,James Proche,james proche,00-0036133,ProcJa00,29,6,TEN,3,0.001841237725826649,301587301.5873016,555293.9173127989,0.5552939173127989,0.005470000252332988,glm_pair,term_ll_final,aavPerc_rl_final,1.0071570824876786e-5,3037.457867819983,1,1170000,0.0042,9,5,50.333333333333336,0,0.01667162668888756,0.2081481481481481,NA,0.0042,1.17
5499,Grant DuBose,grant dubose,00-0038507,DuboGr00,24,3,BUF,4,0.018430024056353626,301587301.5873016,5558261.223344745,5.558261223344745,0.005460878728550628,glm_pair,term_ll_final,aavPerc_rl_final,1.0064412633601788e-4,30352.990482291112,1,840000,0.003,4,2,11,0,0.00704225352112676,0.22666666666666668,NA,0.0042,0.84
5554,Marquez Valdes-Scantling,marquez valdes scantling,00-0034272,ValdMa00,31,8,PIT,3,0.009876771858281489,301587301.5873016,2978708.9731325125,2.9787089731325125,0.005412244903660383,glm_pair,term_ll_final,aavPerc_rl_final,5.3455508154600276e-5,16121.502459323892,1,1255000,0.0045,34,15.666666666666666,217,2,0.06478114478114479,0.5011904761904762,NA,0.0042,1.255
5501,Jacob Harris,jacob harris,00-0036918,HarrJa03,28,5,TB,4,0.018968504408636153,301587301.5873016,5720660.059747412,5.720660059747412,0.005368317939120179,glm_pair,term_ll_final,aavPerc_rl_final,1.0182896249516167e-4,30710.32202235035,1,1100000,0.0039,NA,NA,NA,NA,NA,NA,NA,0.0042,1.1
5483,Deon Cain,deon cain,00-0034406,CainDe00,29,8,BUF,4,0.018514725166038522,301587301.5873016,5583806.0024560625,5.583806002456062,0.005351326889452784,glm_pair,term_ll_final,aavPerc_rl_final,9.907834663185011e-5,29880.771206430985,1,960000,0.0034,NA,NA,NA,NA,NA,NA,NA,0.0042,0.96
5495,Erik Ezukanma,erik ezukanma,00-0038092,EzukEr00,26,4,MIA,4,0.021629610241528093,301587301.5873016,6523215.787127521,6.523215787127521,0.0053251739153123,glm_pair,term_ll_final,aavPerc_rl_final,1.1518143625655717e-4,34737.25855356487,4,1096248,0.0053,2,0,0,0,0.00352112676056338,0.14,NA,0.0042,1.096248
5557,Mike Strachan,mike strachan,00-0036482,StraMi03,28,5,WAS,4,0.016699007698191458,301587301.5873016,5036208.670883139,5.036208670883139,0.005296195913004642,glm_pair,term_ll_final,aavPerc_rl_final,8.844121632239465e-5,26672.747779769816,1,1100000,0.0039,NA,NA,NA,NA,NA,NA,NA,0.0042,1.1
5576,Scotty Miller,scotty miller,NA,NA,28,NA,PIT,4,0.019818203051619587,301587301.5873016,5976918.380647178,5.976918380647178,0.005246811985021992,glm_pair,term_ll_final,aavPerc_rl_final,1.0398238529283706e-4,31359.766993077847,1,1337500,0.0048,NA,NA,NA,NA,NA,NA,NA,0.0042,1.3375
5528,Juwann Winfree,juwann winfree,00-0035593,WinfJu00,29,7,HOU,4,0.01721966920064951,301587301.5873016,5193233.568449853,5.193233568449853,0.005192523019500991,glm_pair,term_ll_final,aavPerc_rl_final,8.941352871256482e-5,26965.98484982114,1,1170000,0.0042,NA,NA,NA,NA,NA,NA,NA,0.0042,1.17
5577,Scotty Washington,scotty washington,00-0035769,NA,28,6,BAL,4,0.01652761111884223,301587301.5873016,4984517.63901591,4.98451763901591,0.005075191019156249,glm_pair,term_ll_final,aavPerc_rl_final,8.388078351845505e-5,25297.379156359457,1,840000,0.003,NA,NA,NA,NA,NA,NA,NA,0.0042,0.84
5583,Steven Sims Jr.,steven sims jr,NA,NA,28,NA,SEA,4,0.01954743588428401,301587301.5873016,5895258.441292003,5.895258441292003,0.005021872524515795,glm_pair,term_ll_final,aavPerc_rl_final,9.816473119201997e-5,29605.236391244118,1,1170000,0.0042,NA,NA,NA,NA,NA,NA,NA,0.0042,1.17
5556,Michael Gallup,michael gallup,00-0034764,GallMi00,30,8,WAS,4,0.01968911604013171,301587301.5873016,5937987.37718258,5.93798737718258,0.005008014491323432,glm_pair,term_ll_final,aavPerc_rl_final,9.860337845032824e-5,29737.526834225977,1,1250000,0.0045,NA,NA,NA,NA,NA,NA,NA,0.0042,1.25
5444,Adam Thielen,adam thielen,00-0030035,ThieAd00,35,13,CAR,3,0.01924428609837892,301587301.5873016,5803832.315384119,5.803832315384119,0.004746208344320591,glm_pair,term_ll_final,aavPerc_rl_final,9.133739126061878e-5,27546.1973643136,3,8333333,0.0371,44,28.666666666666668,329,1.6666666666666667,0.08975458975458976,0.4989166666666667,9.919354838709678,0.0042,8.333333
5487,DJ Montgomery,dj montgomery,NA,NA,29,NA,IND,4,0.020164230643530054,301587301.5873016,6081275.908366207,6.081275908366207,0.0047310363473496595,glm_pair,term_ll_final,aavPerc_rl_final,9.53977080908825e-5,28770.737360742343,1,1030000,0.0037,NA,NA,NA,NA,NA,NA,NA,0.0042,1.03
5508,Jalen Reagor,jalen reagor,00-0036387,ReagJa00,27,6,LAC,4,0.018053348878988847,301587301.5873016,5444660.773028383,5.444660773028383,0.004711328007052603,glm_pair,term_ll_final,aavPerc_rl_final,8.505524819467188e-5,25651.5827888693,1,1337500,0.0048,12,7,100,0,0.02443991853360488,0.28250000000000003,NA,0.0042,1.3375
5574,Russell Gage,russell gage,00-0034411,GageRu00,30,8,SF,4,0.021420784418340996,301587301.5873016,6460236.570610777,6.4602365706107765,0.004691765356343625,glm_pair,term_ll_final,aavPerc_rl_final,1.0050129423967762e-4,30309.91413577579,1,1170000,0.0042,NA,NA,NA,NA,NA,0.37,NA,0.0042,1.17
5560,Miles Boykin,miles boykin,00-0035703,BoykMi00,29,7,CHI,4,0.019056017268741142,301587301.5873016,5747052.827080662,5.747052827080663,0.0046235945874834915,glm_pair,term_ll_final,aavPerc_rl_final,8.810729830274348e-5,26572.04234527185,1,1170000,0.0042,NA,NA,NA,NA,NA,NA,NA,0.0042,1.17
5481,Deebo Samuel,deebo samuel,NA,NA,30,NA,WAS,4,0.06013641772321565,301587301.5873016,18136379.94827139,18.13637994827139,0.004583357608650633,glm_pair,term_ll_final,aavPerc_rl_final,2.7562670772869326e-4,83125.51502928845,1,17545529,0.06280000000000001,NA,NA,NA,NA,NA,0.7254444444444444,7.652824541713431,0.0042,17.545529
5485,Diontae Johnson,diontae johnson,00-0035216,JohnDi01,29,7,CLE,4,0.023079208629858593,301587301.5873016,6960396.253449418,6.960396253449417,0.004479604030973203,glm_pair,term_ll_final,aavPerc_rl_final,1.0338571600998608e-4,31179.81911412279,1,1170000,0.0042,67,33,375,3,0.1293436293436293,0.5516666666666666,5.597014925373134,0.0042,1.17
5453,Brandon Johnson,brandon johnson,00-0037382,JohnBr23,27,4,PIT,3,0.003922869245937605,301587301.5873016,1183087.550362135,1.183087550362135,0.004466634564670646,glm_pair,term_ll_final,aavPerc_rl_final,1.752202336658838e-5,5284.419745479036,1,1100000,0.0039,0.3333333333333333,0.3333333333333333,3,0,7.246376811594203e-4,0.1,NA,0.0042,1.1
5559,Mike Woods,mike woods,00-0037300,WoodMi00,26,4,CLE,4,0.023541930406421833,301587301.5873016,7099947.265428808,7.099947265428807,0.004432235931023914,glm_pair,term_ll_final,aavPerc_rl_final,1.0434338983300727e-4,31468.641378208544,4,957072,0.0046,17,7,65,0,0.02681388012618296,0.838,NA,0.0042,0.957072
5604,Zach Pascal,zach pascal,00-0033251,PascZa00,31,9,NYG,3,0.010212590557078035,301587301.5873016,3079987.628325122,3.0799876283251217,0.004393833319892956,glm_pair,term_ll_final,aavPerc_rl_final,4.487242067211363e-5,13532.952266193,1,1422500,0.0051,0,0,0,0,0,0.06588235294117648,NA,0.0042,1.4225
5552,Malik Taylor,malik taylor,00-0035480,TaylMa01,30,7,DET,4,0.01774448955808206,301587301.5873016,5351512.7238660185,5.351512723866018,0.004316096553949462,glm_pair,term_ll_final,aavPerc_rl_final,7.658693023323018e-5,23097.64562589482,1,1100000,0.0039,NA,NA,NA,NA,NA,NA,NA,0.0042,1.1
5491,Easop Winston,easop winston,00-0036080,WinsEa00,29,5,NYJ,4,0.01718327706042255,301587301.5873016,5182258.1610798165,5.182258161079816,0.004241931977887598,glm_pair,term_ll_final,aavPerc_rl_final,7.289029244750881e-5,21982.786611153453,1,960000,0.0034,NA,NA,NA,NA,NA,NA,NA,0.0042,0.96
5553,Marquez Callaway,marquez callaway,00-0036219,CallMa01,27,6,LV,4,0.018197187567703235,301587301.5873016,5488040.695021611,5.488040695021611,0.004196418411735179,glm_pair,term_ll_final,aavPerc_rl_final,7.636301295090836e-5,23030.115016940617,1,1170000,0.0042,NA,NA,NA,NA,NA,0.04,NA,0.0042,1.17
5484,Dez Fitzpatrick,dez fitzpatrick,00-0036627,FitzDe00,28,5,LAC,4,0.01914780282339556,301587301.5873016,5774734.184833582,5.774734184833582,0.004125918980153135,glm_pair,term_ll_final,aavPerc_rl_final,7.900228309727753e-5,23826.085378544016,1,1030000,0.0037,NA,NA,NA,NA,NA,0.13,NA,0.0042,1.03
5530,K.J. Osborn,k j osborn,00-0036345,OsboKJ00,28,6,WAS,4,0.02077893056426624,301587301.5873016,6266661.598746962,6.266661598746962,0.004125046363703177,glm_pair,term_ll_final,aavPerc_rl_final,8.571405196576726e-5,25850.269640469494,1,1195000,0.0043,18,7,57,1,0.036,0.495,NA,0.0042,1.195
5474,David Bell,david bell,00-0037257,BellDa02,25,4,CLE,4,0.02151229042169974,301587301.5873016,6487833.61924278,6.48783361924278,0.004049765016509433,glm_pair,term_ll_final,aavPerc_rl_final,8.711972117479057e-5,26274.201624143192,4,1273726,0.00609999999999999,3,3,27,0,0.00473186119873817,0.13,NA,0.0042,1.273726
5595,Trishton Jackson,trishton jackson,00-0035934,JackTr02,28,6,ARI,4,0.02035248823593441,301587301.5873016,6138052.007662759,6.138052007662759,0.0040465940814029934,glm_pair,term_ll_final,aavPerc_rl_final,8.235825843735623e-5,24838.204925551883,1,1100000,0.0039,NA,NA,NA,NA,NA,0.08499999999999999,NA,0.0042,1.1
5558,Mike Williams,mike williams,00-0033536,WillMi07,31,9,LAC,4,0.02111322418091961,301587301.5873016,6367480.308531311,6.367480308531311,0.00402598124971041,glm_pair,term_ll_final,aavPerc_rl_final,8.500144467331478e-5,25635.356330047314,1,3000000,0.0107,34,21,298,1,0.05772495755517826,0.4066666666666666,NA,0.0042,3
5476,David Sills,david sills,00-0035359,SillDa01,30,7,ATL,4,0.01538981650332389,301587301.5873016,4641373.231161173,4.6413732311611735,0.003942668194631385,glm_pair,term_ll_final,aavPerc_rl_final,6.067694004886829e-5,18299.39461791266,1,1100000,0.0039,36,18,191,2,0.06936416184971098,0.15333333333333335,NA,0.0042,1.1
5532,Kaden Davis,kaden davis,00-0037380,DaviKa02,27,4,CLE,3,0.009252224638105277,301587301.5873016,2790353.4622857184,2.7903534622857182,0.003924198285066844,glm_pair,term_ll_final,aavPerc_rl_final,3.630756405790592e-5,10949.900271431945,1,840000,0.003,0,0,0,0,0,0.09000000000000001,NA,0.0042,0.84
5599,Tyler Johnson,tyler johnson,00-0036427,JohnTy00,27,6,NYJ,4,0.01870450805077832,301587301.5873016,5641042.110552193,5.641042110552193,0.0037569798919806292,glm_pair,term_ll_final,aavPerc_rl_final,7.0272460636163945e-05,21193.28177916056,1,1170000,0.0042,25.666666666666668,16.666666666666668,228.33333333333337,1,0.05068558956525371,0.3988888888888889,NA,0.0042,1.17
5572,Robert Woods,robert woods,00-0030431,WoodRo02,33,13,PIT,4,0.020266954577084637,301587301.5873016,6112256.142295367,6.112256142295367,0.0037011012263864812,glm_pair,term_ll_final,aavPerc_rl_final,7.501005044036705e-5,22622.078704237687,1,2000000,0.0072,30,20,203,0,0.05484460694698354,0.37066666666666664,NA,0.0042,2
5605,Zay Jones,zay jones,00-0033891,JoneZa00,30,9,ARI,4,0.023419016329821084,301587301.5873016,7062877.940739693,7.0628779407396935,0.003679003866711473,glm_pair,term_ll_final,aavPerc_rl_final,8.61586516319909e-5,25984.355254092497,1,2400000,0.0086,15.666666666666666,10.666666666666666,150,0,0.02645978144210199,0.4459848484848485,NA,0.0042,2.4
5479,Deandre Carter,deandre carter,00-0031763,CartDe02,32,11,CLE,3,0.00587154042314892,301587301.5873016,1770782.0323782458,1.770782032378246,0.003537735652403686,glm_pair,term_ll_final,aavPerc_rl_final,2.0771957889503358e-5,6264.558728580379,1,1422500,0.0051,4.666666666666667,3,24,0,0.00887198986058301,0.04666666666666666,NA,0.0042,1.4225
5569,Ray-Ray McCloud,ray ray mccloud,00-0034407,McClRa00,29,8,ATL,4,0.021236601728938254,301587301.5873016,6404689.410314712,6.404689410314711,0.0035259874664694494,glm_pair,term_ll_final,aavPerc_rl_final,7.487999152663972e-5,22582.85458739928,2,2500000,0.0098,39,25.333333333333332,274.6666666666667,0.3333333333333333,0.07307116225365606,0.6370588235294118,7.885057471264368,0.0042,2.5
5537,Keith Kirkwood,keith kirkwood,00-0034317,KirkKe00,31,8,BAL,4,0.015816235433929127,301587301.5873016,4769975.76578815,4.76997576578815,0.00349271237862857,glm_pair,term_ll_final,aavPerc_rl_final,5.5241561283388076e-5,16660.153402926564,1,1170000,0.0042,NA,NA,NA,NA,NA,NA,NA,0.0042,1.17
5570,River Cracraft,river cracraft,00-0034054,CracRi00,31,9,WAS,3,0.0058182348376630616,301587301.5873016,1754705.7446920346,1.7547057446920347,0.0034611670458849684,glm_pair,term_ll_final,aavPerc_rl_final,2.0137882685339267e-5,6073.329698753113,1,1170000,0.0042,3,2.3333333333333335,22,0,0.00528169014084507,0.10916666666666668,NA,0.0042,1.17
5571,Robbie Chosen,robbie chosen,00-0032688,AndeRo04,32,10,WAS,3,0.004856362037851831,301587301.5873016,1464617.122526743,1.464617122526743,0.0034415935018897253,glm_pair,term_ll_final,aavPerc_rl_final,1.6713624032294806e-5,5040.616771644466,1,1255000,0.0045,7.333333333333333,3.6666666666666665,37,0,0.01623630672926447,0.31611111111111106,NA,0.0042,1.255
5519,Jordan Matthews,jordan matthews,00-0031299,NA,33,12,CAR,3,0.013040296054074108,301587301.5873016,3932787.698847747,3.932787698847747,0.0033592148718944773,glm_pair,term_ll_final,aavPerc_rl_final,4.380515643875261e-5,13211.07892597301,1,1255000,0.0045,1,0,0,0,0.00193050193050193,NA,NA,0.0042,1.255
5466,Chris Moore,chris moore,00-0032398,MoorCh00,32,10,WAS,4,0.023438247382647666,301587301.5873016,7068677.782068344,7.0686777820683435,0.0032423922556298365,glm_pair,term_ll_final,aavPerc_rl_final,7.599599179903307e-5,22919.426098121086,1,1255000,0.0045,23,11,207,1,0.05324074074074074,0.3538095238095238,NA,0.0042,1.255
5591,Tim Patrick,tim patrick,00-0033375,PatrTi00,32,9,DET,4,0.02506252329190188,301587301.5873016,7558538.770573583,7.558538770573583,0.0032365811672566834,glm_pair,term_ll_final,aavPerc_rl_final,8.11168908905016e-5,24463.824236817945,1,2500000,0.009,30.666666666666668,21,256,3,0.05734751961821242,0.40895833333333337,NA,0.0042,2.5
5486,DJ Chark,dj chark,00-0034777,CharDJ00,29,8,ATL,4,0.018939794011901784,301587301.5873016,5712001.368668793,5.712001368668793,0.0031245133771655863,glm_pair,term_ll_final,aavPerc_rl_final,5.9177639750947794e-5,17847.22468679378,1,1300000,0.0047,10,4,31,1,0.02036659877800407,0.21714285714285717,NA,0.0042,1.3
5600,Tyler Lockett,tyler lockett,00-0032211,LockTy00,33,11,LV,4,9.489119110911994e-4,301587301.5873016,286179.7827100443,0.2861797827100443,0.003101887905339864,glm_pair,term_ll_final,aavPerc_rl_final,2.943418380246728e-6,887.6976067410767,1,1255000,0.0045,61.333333333333336,37.666666666666664,394,1.3333333333333333,0.11253329796288314,0.5635294117647058,6.22997542997543,0.0042,1.255
5446,Alex Bachman,alex bachman,00-0035602,BachAl00,29,7,LV,4,0.017032613136102014,301587301.5873016,5136819.834697433,5.136819834697433,0.0030872187645752894,glm_pair,term_ll_final,aavPerc_rl_final,5.25834028835257e-5,15858.48658392045,1,1030000,0.0037,3,2.3333333333333335,18.333333333333332,0,0.0057377721851406,0.09871794871794871,NA,0.0042,1.03
5510,Jamal Agnew,jamal agnew,00-0033572,AgneJa00,30,9,ATL,4,0.01674269161391785,301587301.5873016,5049383.185149829,5.0493831851498285,0.0030858054690616524,glm_pair,term_ll_final,aavPerc_rl_final,5.166468934904037e-5,15581.414248123288,1,2500000,0.009,0,0,0,0,0,0.00181818181818181,NA,0.0042,2.5
5563,Noah Brown,noah brown,00-0033591,BrowNo00,30,9,WAS,4,0.016291741159556235,301587301.5873016,4913382.254469341,4.913382254469341,0.0030652822293342342,glm_pair,term_ll_final,aavPerc_rl_final,4.9938784661300834e-5,15060.903310551046,1,3250000,0.0116,25.333333333333332,15,206.33333333333337,0.3333333333333333,0.05246913580246912,0.4836363636363636,8.089285714285714,0.0042,3.25
5587,Tay Martin,tay martin,00-0037524,MartTa00,28,4,WAS,3,0.004930715689330887,301587301.5873016,1487041.239639474,1.487041239639474,0.002944180660900734,glm_pair,term_ll_final,aavPerc_rl_final,1.451691777692783e-5,4378.118059708394,1,840000,0.003,2,1.6666666666666667,31.666666666666668,0.3333333333333333,0.00440134414493388,0.13333333333333333,NA,0.0042,0.84
5461,Bryce Ford-Wheaton,bryce ford wheaton,00-0038477,FordBr00,26,3,NYG,4,0.021794523300404416,301587301.5873016,6572951.471550539,6.572951471550539,0.0028700699016328394,glm_pair,term_ll_final,aavPerc_rl_final,6.255180534492633e-5,18864.830183390484,3,905000,0.004,0,0,0,0,0,0.00285714285714285,NA,0.0042,0.905
5603,Xavier Malone,xavier malone,00-0038928,NA,26,3,ATL,5,0.027184555198340114,301587301.5873016,8198516.647118448,8.198516647118447,0.002863820665676256,glm_pair,term_ll_final,aavPerc_rl_final,7.785169096422331e-5,23479.08140190862,3,901667,0.004,NA,NA,NA,NA,NA,NA,NA,0.0042,0.901667
5500,Hunter Renfrow,hunter renfrow,00-0034983,RenfHu00,30,7,CAR,4,0.021805865816986524,301587301.5873016,6576372.2305197455,6.576372230519746,0.0028289574979276752,glm_pair,term_ll_final,aavPerc_rl_final,6.168786760176882e-5,18604.277530692183,1,1220000,0.0044,26,15,89,2,0.05416666666666667,0.4916666666666667,NA,0.0042,1.22
5573,Rondale Moore,rondale moore,00-0036936,MoorRo02,25,5,MIN,5,0.028409517505402267,301587301.5873016,8567949.723851478,8.567949723851477,0.0027779450099612232,glm_pair,term_ll_final,aavPerc_rl_final,7.892007738953824e-5,23801.293180971854,1,2000000,0.0072,NA,NA,NA,NA,NA,NA,NA,0.0042,2
5465,Chris Coleman,chris coleman,00-0019038,ColeCh01,48,26,MIA,3,0.002853996844301143,301587301.5873016,860729.2070114559,0.8607292070114559,0.0027668376008994308,glm_pair,term_ll_final,aavPerc_rl_final,7.896545781660721e-6,2381.497934151646,3,900000,0.004,NA,NA,NA,NA,NA,NA,NA,0.0042,0.9
5468,Collin Johnson,collin johnson,00-0036254,JohnCo01,28,6,LV,4,0.01834917430934445,301587301.5873016,5533877.966310231,5.533877966310231,0.0027620501905805607,glm_pair,term_ll_final,aavPerc_rl_final,5.068134039812076e-5,15284.84869149674,1,1170000,0.0042,2,1,6,0,0.00380228136882129,0.05444444444444445,NA,0.0042,1.17
5463,Cedrick Wilson,cedrick wilson,00-0020452,WilsCe00,47,25,MIA,3,0.0018205211688488655,301587301.5873016,549046.0667956896,0.5490460667956897,0.0027226227975440426,glm_pair,term_ll_final,aavPerc_rl_final,4.956592437719448e-6,1494.8453383598337,1,1170000,0.0042,NA,NA,NA,NA,NA,NA,NA,0.0042,1.17
5592,Tre’Shaun Harrison,tre shaun harrison,00-0038844,HarrTr02,25,3,TEN,5,0.026923336170438402,301587301.5873016,8119736.305370312,8.119736305370312,0.0026124124342952314,glm_pair,term_ll_final,aavPerc_rl_final,7.033485818436384e-5,21212.100087347826,3,901667,0.004,NA,NA,NA,NA,NA,NA,NA,0.0042,0.901667
5534,Kazmeir Allen,kazmeir allen,00-0038830,AlleKa00,26,3,WAS,5,0.028477016183746574,301587301.5873016,8588306.468114046,8.588306468114046,0.0025809512303014803,glm_pair,term_ll_final,aavPerc_rl_final,7.349778995475588e-5,22166.00014508511,3,903333,0.004,NA,NA,NA,NA,NA,NA,NA,0.0042,0.903333
5448,Aron Cruickshank,aron cruickshank,00-0038422,NA,25,3,CHI,5,0.0283072275878668,301587301.5873016,8537100.38364237,8.53710038364237,0.0025795346434666433,glm_pair,term_ll_final,aavPerc_rl_final,7.301947422339712e-5,22021.746194357864,3,901000,0.004,NA,NA,NA,NA,NA,NA,NA,0.0042,0.901
5522,Josh Reynolds,josh reynolds,00-0033943,ReynJo00,31,9,NYJ,3,0.01088323048601636,301587301.5873016,3282244.114830331,3.282244114830331,0.0025194151935003296,glm_pair,term_ll_final,aavPerc_rl_final,2.7419376240835592e-5,8269.335691680577,1,2750000,0.0098,22,11.666666666666666,132,0.3333333333333333,0.04423296594733105,0.7357777777777778,NA,0.0042,2.75
5545,Lideatrick Griffin,lideatrick griffin,00-0039541,GrifLi00,25,2,GB,5,0.026168254621743662,301587301.5873016,7892013.298621105,7.892013298621105,0.0024906590619281992,glm_pair,term_ll_final,aavPerc_rl_final,6.517620050849033e-5,19656.314439068516,1,840000,0.003,NA,NA,NA,NA,NA,NA,NA,0.0042,0.84
5527,Justyn Ross,justyn ross,00-0037216,RossJu00,26,4,KC,4,0.016299599523299707,301587301.5873016,4915752.237185626,4.915752237185626,0.0024696953270778995,glm_pair,term_ll_final,aavPerc_rl_final,4.0255044775934445e-5,12140.410329250071,1,960000,0.0034,1,0,0,0,0.00174825174825174,0.09,NA,0.0042,0.96
5521,Joseph Ngata,joseph ngata,00-0038484,NgatJo01,25,3,PHI,5,0.026717201675496953,301587301.5873016,8057568.759276859,8.05756875927686,0.00246121194800816,glm_pair,term_ll_final,aavPerc_rl_final,6.575669598107672e-5,19831.38450222949,3,908333,0.004,NA,NA,NA,NA,NA,NA,NA,0.0042,0.908333
5494,Equanimeous St. Brown,equanimeous st brown,00-0034279,St.BEq00,29,8,SF,4,0.016380549246190913,301587301.5873016,4940165.645676625,4.9401656456766245,0.002446473659761618,glm_pair,term_ll_final,aavPerc_rl_final,4.00745822632341e-5,12085.985127007109,1,1170000,0.0042,NA,NA,NA,NA,NA,0.24,NA,0.0042,1.17
5445,Ajou Ajou,ajou ajou,00-0039957,NA,24,1,IND,5,0.02744622451638378,301587301.5873016,8277432.790655427,8.277432790655427,0.0024403068804365914,glm_pair,term_ll_final,aavPerc_rl_final,6.69772105293388e-5,20199.476191387894,1,840000,0.003,NA,NA,NA,NA,NA,NA,NA,0.0042,0.84
5473,Dante Pettis,dante pettis,00-0034860,PettDa00,30,8,NO,4,0.015055313673325705,301587301.5873016,4540491.425288705,4.540491425288705,0.0024144550517206523,glm_pair,term_ll_final,aavPerc_rl_final,3.635037815380026e-5,10962.81245908262,1,1255000,0.0045,16.666666666666668,10,124.66666666666669,0.3333333333333333,0.03103222014914728,0.2508333333333333,NA,0.0042,1.255
5460,Bryan Thompson,bryan thompson,00-0038680,ThomBr05,26,3,BUF,5,0.028643807860404113,301587301.5873016,8638608.719804415,8.638608719804415,0.0023980549182090936,glm_pair,term_ll_final,aavPerc_rl_final,6.868942431587838e-5,20715.85812701094,3,900500,0.004,NA,NA,NA,NA,NA,NA,NA,0.0042,0.9005
5598,Tyler Hudson,tyler hudson,00-0038356,NA,25,3,LA,5,0.028134278931918423,301587301.5873016,8484941.265181748,8.484941265181748,0.002394919795355995,glm_pair,term_ll_final,aavPerc_rl_final,6.737934154211855e-5,20320.75379841671,3,898333,0.004,NA,NA,NA,NA,NA,NA,NA,0.0042,0.898333
5514,Jesse Matthews,jesse matthews,00-0038726,MattJe00,26,3,ATL,5,0.025135789954848217,301587301.5873016,7580635.065747876,7.580635065747876,0.0023711679440187278,glm_pair,term_ll_final,aavPerc_rl_final,5.9601179388524035e-5,17974.958863205662,1,840000,0.003,NA,NA,NA,NA,NA,NA,NA,0.0042,0.84
5520,Jose Barbon,jose barbon,00-0038730,NA,26,3,DAL,5,0.02756713633401238,301587301.5873016,8313898.259464052,8.313898259464052,0.002366672367873711,glm_pair,term_ll_final,aavPerc_rl_final,6.524237982311448e-5,19676.27327998691,3,899333,0.004,NA,NA,NA,NA,NA,NA,NA,0.0042,0.899333
5490,Dontay Demus Jr.,dontay demus jr,00-0038447,DemuDo00,25,3,BAL,5,0.02647517315638654,301587301.5873016,7984576.031291179,7.984576031291179,0.0023548866309457536,glm_pair,term_ll_final,aavPerc_rl_final,6.234603131794855e-5,18802.771349857503,3,899167,0.004,NA,NA,NA,NA,NA,NA,NA,0.0042,0.899167
5507,Jalen Moreno-Cropper,jalen moreno cropper,NA,NA,25,NA,DAL,5,0.0364568261698396,301587301.5873016,10994915.828999246,10.994915828999245,0.002346974454199521,glm_pair,term_ll_final,aavPerc_rl_final,8.55632397018061e-5,25804.786576735176,3,901667,0.004,NA,NA,NA,NA,NA,0.09555555555555556,NA,0.0042,0.901667
5588,Taye Barber,taye barber,00-0038814,NA,26,3,TB,5,0.029378596806698347,301587301.5873016,8860211.73535347,8.86021173535347,0.0023417836985811244,glm_pair,term_ll_final,aavPerc_rl_final,6.879831908911367e-5,20748.69940782793,3,899000,0.004,NA,NA,NA,NA,NA,NA,NA,0.0042,0.899
5503,Jadon Haselwood,jadon haselwood,00-0038483,NA,25,3,PHI,5,0.027625219024877374,301587301.5873016,8331415.261470955,8.331415261470955,0.00232584587320975,glm_pair,term_ll_final,aavPerc_rl_final,6.425200166552652e-5,19377.587803888953,3,902500,0.004,NA,NA,NA,NA,NA,NA,NA,0.0042,0.9025
5526,Justin Marshall,justin marshall,00-0038929,NA,NA,3,ATL,5,0.027159684570595227,301587301.5873016,8191015.981608085,8.191015981608086,0.0023208888187132982,glm_pair,term_ll_final,aavPerc_rl_final,6.303460823967455e-5,19010.437405616136,3,904167,0.004,NA,NA,NA,NA,NA,NA,NA,0.0042,0.904167
5596,Tyjon Lindsey,tyjon lindsey,00-0038763,LindTy01,27,3,SEA,5,0.027232351899534796,301587301.5873016,8212931.525256527,8.212931525256527,0.002308676955661681,glm_pair,term_ll_final,aavPerc_rl_final,6.287070327892559e-5,18961.005750787084,3,898667,0.004,NA,NA,NA,NA,NA,NA,NA,0.0042,0.898667
5589,Taylor Grimes,taylor grimes,00-0038789,NA,26,3,DEN,5,0.027672743818657225,301587301.5873016,8345748.135785513,8.345748135785513,0.002303711132665614,glm_pair,term_ll_final,aavPerc_rl_final,6.375000800644421e-5,19226.192890832383,3,899000,0.004,NA,NA,NA,NA,NA,NA,NA,0.0042,0.899
5480,DeAndre Hopkins,deandre hopkins,00-0030564,HopkDe00,33,13,BAL,5,0.03637449128975712,301587301.5873016,10970084.674688658,10.970084674688657,0.0022950093581133,glm_pair,term_ll_final,aavPerc_rl_final,8.347979790660332e-5,25176.446987705767,1,5000000,0.0179,52.666666666666664,33.333333333333336,423.3333333333333,3,0.11647903955596264,0.3833333333333333,7.725,0.0042,5
5551,Malik Knowles,malik knowles,00-0038806,KnowMa00,25,3,SF,5,0.025231803008794105,301587301.5873016,7609591.383604572,7.609591383604572,0.0022820896166501755,glm_pair,term_ll_final,aavPerc_rl_final,5.758123565573169e-5,17365.769483474636,1,840000,0.003,NA,NA,NA,NA,NA,NA,NA,0.0042,0.84
5451,Avery Davis,avery davis,00-0039186,NA,NA,3,DET,5,0.02906669632204306,301587301.5873016,8766146.50982251,8.76614650982251,0.0022457588473909136,glm_pair,term_ll_final,aavPerc_rl_final,6.527679042965313e-5,19686.65108195888,3,898333,0.004,NA,NA,NA,NA,NA,NA,NA,0.0042,0.898333
5477,David White Jr,david white jr,00-0039562,WhitDa06,25,2,BUF,5,0.027004712568733134,301587301.5873016,8144278.393744914,8.144278393744914,0.002243878815485804,glm_pair,term_ll_final,aavPerc_rl_final,6.05953024512635e-5,18274.773755142964,1,840000,0.003,NA,NA,NA,NA,NA,NA,NA,0.0042,0.84
5597,Tyler Adams,tyler adams,00-0038531,NA,NA,3,IND,5,0.028212537086091283,301587301.5873016,8508542.930725943,8.508542930725943,0.0022250834396271195,glm_pair,term_ll_final,aavPerc_rl_final,6.277524906012766e-5,18932.217970514695,3,898333,0.004,NA,NA,NA,NA,NA,NA,NA,0.0042,0.898333
5542,Kyle Philips,kyle philips,00-0037273,PhilKy01,26,4,LV,5,0.024706093365837803,301587301.5873016,7451044.030966957,7.4510440309669574,0.002222831011286951,glm_pair,term_ll_final,aavPerc_rl_final,5.491747050133508e-5,16562.41173849788,1,1030000,0.0037,NA,NA,NA,NA,NA,NA,NA,0.0042,1.03
5606,Zion Bowens,zion bowens,00-0038831,NA,26,3,WAS,5,0.028618095861244766,301587301.5873016,8630854.307359533,8.630854307359533,0.002203305037388055,glm_pair,term_ll_final,aavPerc_rl_final,6.305439477153483e-5,19016.404772367652,3,899167,0.004,NA,NA,NA,NA,NA,NA,NA,0.0042,0.899167
5594,Trenton Irwin,trenton irwin,00-0035341,IrwiTr00,30,7,JAX,4,0.01777090619921277,301587301.5873016,5359479.64738163,5.3594796473816295,0.002194010163619173,glm_pair,term_ll_final,aavPerc_rl_final,3.898954881779579e-5,11758.752818065397,1,1170000,0.0042,10,3,15,0,0.01592356687898089,0.2914285714285714,NA,0.0042,1.17
5470,D'Wayne Eskridge,d wayne eskridge,NA,NA,28,NA,MIA,5,0.0389783722222865,301587301.5873016,11755382.098784817,11.755382098784818,0.0021878626413502065,glm_pair,term_ll_final,aavPerc_rl_final,8.527932440578326e-5,25719.161328728285,1,1270000,0.0045,NA,NA,NA,NA,NA,0.11175213675213676,NA,0.0042,1.27
5567,Racey McMath,racey mcmath,00-0036652,McMaRa00,26,5,DAL,5,0.024262419611292156,301587301.5873016,7317237.660548429,7.317237660548429,0.0021766493497766344,glm_pair,term_ll_final,aavPerc_rl_final,5.2810779870926935e-5,15927.06059599384,2,1042500,0.0041,NA,NA,NA,NA,NA,NA,NA,0.0042,1.0425
5535,Kearis Jackson,kearis jackson,00-0038969,JackKe02,26,3,HOU,5,0.02627049242748428,301587301.5873016,7922846.922574624,7.9228469225746245,0.002172286967536171,glm_pair,term_ll_final,aavPerc_rl_final,5.706704833098177e-5,17210.697115692914,1,840000,0.003,NA,NA,NA,NA,NA,NA,NA,0.0042,0.84
5467,Cody Chrest,cody chrest,00-0038430,NA,NA,3,IND,5,0.02808773849832974,301587301.5873016,8470905.261401033,8.470905261401033,0.002169261726505654,glm_pair,term_ll_final,aavPerc_rl_final,6.092965610852609e-5,18375.610572412632,3,898333,0.004,NA,NA,NA,NA,NA,NA,NA,0.0042,0.898333
5475,David Durden,david durden,00-0038734,DurdDa00,27,3,DAL,5,0.02651634279028523,301587301.5873016,7996992.270086023,7.996992270086023,0.0021643732938902488,glm_pair,term_ll_final,aavPerc_rl_final,5.73912641869326e-5,17308.476500820943,3,901667,0.004,NA,NA,NA,NA,NA,NA,NA,0.0042,0.901667
5459,Brian Cobbs,brian cobbs,00-0039011,NA,26,3,ARI,5,0.027519064053497893,301587301.5873016,8299400.27010254,8.29940027010254,0.002160299990492895,glm_pair,term_ll_final,aavPerc_rl_final,5.9449433813144864e-5,17929.194324599244,3,898333,0.004,NA,NA,NA,NA,NA,NA,NA,0.0042,0.898333
5554,Marquez Valdes-Scantling,marquez valdes scantling,00-0034272,ValdMa00,31,8,PIT,4,0.019742392702224994,301587301.5873016,5954054.941940872,5.954054941940872,0.0021552114699720545,glm_pair,term_ll_final,aavPerc_rl_final,4.2549031196527893e-5,12832.247503714763,1,1255000,0.0045,34,15.666666666666666,217,2,0.06478114478114479,0.5011904761904762,NA,0.0042,1.255
5505,Jaelen Gill,jaelen gill,00-0039659,GillJa01,26,2,CLE,5,0.02540054425496203,301587301.5873016,7660481.600702835,7.660481600702835,0.0021496129013430804,glm_pair,term_ll_final,aavPerc_rl_final,5.460133763160224e-5,16467.070079372108,1,840000,0.003,NA,NA,NA,NA,NA,NA,NA,0.0042,0.84
5548,Malachi Carter,malachi carter,00-0038886,NA,26,3,CIN,5,0.027476810713190334,301587301.5873016,8286657.199216133,8.286657199216133,0.002149432613546081,glm_pair,term_ll_final,aavPerc_rl_final,5.905955306316365e-5,17811.611241271577,3,898333,0.004,NA,NA,NA,NA,NA,NA,NA,0.0042,0.898333
5590,Thayer Thomas,thayer thomas,00-0038810,ThomTh01,27,3,MIN,5,0.025798129762185956,301587301.5873016,7780388.340976718,7.780388340976718,0.002144018751915994,glm_pair,term_ll_final,aavPerc_rl_final,5.5311673974488794e-5,16681.298500242654,3,901667,0.004,NA,NA,NA,NA,NA,NA,NA,0.0042,0.901667
5540,Kody Case,kody case,00-0038532,NA,27,3,IND,5,0.028499446401861587,301587301.5873016,8595071.137069369,8.595071137069368,0.00213466889506286,glm_pair,term_ll_final,aavPerc_rl_final,6.0836881760565074e-5,18347.63100715455,3,898333,0.004,NA,NA,NA,NA,NA,NA,NA,0.0042,0.898333
5454,Braxton Berrios,braxton berrios,00-0034419,BerrBr00,30,8,HOU,4,0.015467005049044283,301587301.5873016,4664652.316378435,4.664652316378435,0.002126076605494651,glm_pair,term_ll_final,aavPerc_rl_final,3.28840375918407e-5,9917.408162618625,1,1800000,0.0064,6.666666666666667,4,24.666666666666668,0,0.0119917819151194,0.21777777777777776,NA,0.0042,1.8
5582,Sterling Shepard,sterling shepard,00-0032385,ShepSt00,33,10,TB,5,0.02898586307019134,301587301.5873016,8741768.227518024,8.741768227518024,0.002121259013056385,glm_pair,term_ll_final,aavPerc_rl_final,6.14865232888616e-5,18543.554642672545,1,1750000,0.0063,52.333333333333336,36.666666666666664,358.6666666666667,1,0.09550653407007832,0.551978021978022,6.849673202614379,0.0042,1.75
5579,Seth Williams,seth williams,00-0036657,WillSe00,25,5,LV,5,0.022733281435594433,301587301.5873016,6856069.004385623,6.856069004385623,0.0021197548771297622,glm_pair,term_ll_final,aavPerc_rl_final,4.818898419626478e-5,14533.185709984618,1,840000,0.003,NA,NA,NA,NA,NA,NA,NA,0.0042,0.84
5547,Mac Hippenhammer,mac hippenhammer,00-0038887,NA,27,3,CIN,5,0.0280137878382429,301587301.5873016,8448602.681374844,8.448602681374844,0.002096856670446398,glm_pair,term_ll_final,aavPerc_rl_final,5.8740897893089805e-5,17715.508888392163,3,898333,0.004,NA,NA,NA,NA,NA,NA,NA,0.0042,0.898333
5502,Jadakis Bonds,jadakis bonds,00-0039022,NA,26,3,GB,5,0.02710458603802881,301587301.5873016,8174398.963849959,8.174398963849958,0.002086035487248559,glm_pair,term_ll_final,aavPerc_rl_final,5.654112834250992e-5,17052.086325518867,3,898333,0.004,NA,NA,NA,NA,NA,NA,NA,0.0042,0.898333
5497,Garett Maag,garett maag,00-0039043,NA,26,3,MIN,5,0.026186848499524587,301587301.5873016,7897620.976047099,7.897620976047099,0.0020706077101066054,glm_pair,term_ll_final,aavPerc_rl_final,5.42226904065092e-5,16352.874884502777,3,898333,0.004,NA,NA,NA,NA,NA,NA,NA,0.0042,0.898333
5549,Malik Flowers,malik flowers,00-0038904,FlowMa01,26,3,NO,5,0.02761945596739666,301587301.5873016,8329677.196516454,8.329677196516455,0.0020548499452366794,glm_pair,term_ll_final,aavPerc_rl_final,5.675383758207191e-5,17116.236731101053,3,898667,0.004,NA,NA,NA,NA,NA,NA,NA,0.0042,0.898667
5581,Shaq Davis,shaq davis,NA,NA,25,NA,PHI,5,0.027755810654174214,301587301.5873016,8370800.038560478,8.370800038560478,0.002049639301674956,glm_pair,term_ll_final,aavPerc_rl_final,5.688940036664394e-5,17157.120745495795,2,927500,0.0036,NA,NA,NA,NA,NA,NA,NA,0.0042,0.9275
5517,Johnny King,johnny king,00-0038434,NA,26,3,IND,5,0.027638492909299903,301587301.5873016,8335418.496455527,8.335418496455526,0.0020445507412525455,glm_pair,term_ll_final,aavPerc_rl_final,5.650830116481234e-5,17042.186065578324,3,900000,0.004,NA,NA,NA,NA,NA,NA,NA,0.0042,0.9
5525,Julian Hicks,julian hicks,00-0039329,HickJu01,26,2,GB,5,0.025267168685399587,301587301.5873016,7620257.222580829,7.620257222580829,0.0020416763993482494,glm_pair,term_ll_final,aavPerc_rl_final,5.158738198333147e-5,15558.099328306318,1,840000,0.003,NA,NA,NA,NA,NA,NA,NA,0.0042,0.84
5585,T.J. Luther,t j luther,00-0038502,LuthTJ00,25,3,CAR,5,0.02621802859299107,301587301.5873016,7907024.496298895,7.907024496298895,0.0020297957349349974,glm_pair,term_ll_final,aavPerc_rl_final,5.3217242616457085e-5,16049.644598614044,1,840000,0.003,NA,NA,NA,NA,NA,NA,NA,0.0042,0.84
5457,Braydon Johnson,braydon johnson,NA,NA,NA,NA,BUF,5,0.03002356697851815,301587301.5873016,9054726.549076904,9.054726549076904,0.002019102560505632,glm_pair,term_ll_final,aavPerc_rl_final,6.0620660961838334e-5,18282.4215599195,3,903333,0.004,NA,NA,NA,NA,NA,NA,NA,0.0042,0.903333
5498,Gavin Holmes,gavin holmes,00-0038962,NA,27,3,TEN,5,0.027710830733915642,301587301.5873016,8357234.665784083,8.357234665784084,0.0020066338439738538,glm_pair,term_ll_final,aavPerc_rl_final,5.5605490795305954e-5,16769.90992239386,3,898333,0.004,NA,NA,NA,NA,NA,NA,NA,0.0042,0.898333
5541,Kristian Wilkerson,kristian wilkerson,00-0036183,WilkKr00,29,6,BUF,4,0.02493705933702627,301587301.5873016,7520700.434976177,7.5207004349761775,0.0019946982513765078,glm_pair,term_ll_final,aavPerc_rl_final,4.974190865403852e-5,15001.528006773522,1,1100000,0.0039,3,2,18,1,0.00506756756756756,0.22,NA,0.0042,1.1
5444,Adam Thielen,adam thielen,00-0030035,ThieAd00,35,13,CAR,4,0.029109906942322423,301587301.5873016,8779178.284192478,8.779178284192477,0.001994414005129752,glm_pair,term_ll_final,aavPerc_rl_final,5.805720609379163e-5,17509.316123524466,3,8333333,0.0371,44,28.666666666666668,329,1.6666666666666667,0.08975458975458976,0.4989166666666667,9.919354838709678,0.0042,8.333333
5564,Oliver Martin,oliver martin,00-0038672,NA,27,3,JAX,5,0.02721543033249369,301587301.5873016,8207828.195513971,8.20782819551397,0.001990511391445313,glm_pair,term_ll_final,aavPerc_rl_final,5.4172624099915e-5,16337.775522196589,3,898667,0.004,NA,NA,NA,NA,NA,NA,NA,0.0042,0.898667
5472,Daniel Arias,daniel arias,00-0038702,AriaDa00,27,3,ARI,5,0.026440574777247133,301587301.5873016,7974141.599487231,7.974141599487231,0.001988944951951718,glm_pair,term_ll_final,aavPerc_rl_final,5.25888477299076e-5,15860.128680448326,3,902333,0.004,NA,NA,NA,NA,NA,NA,NA,0.0042,0.902333
5462,C.J. Johnson,c j johnson,NA,NA,NA,NA,SEA,5,0.02810831284296001,301587301.5873016,8477110.222480005,8.477110222480004,0.0019874294401447585,glm_pair,term_ll_final,aavPerc_rl_final,5.586328845689774e-5,16847.658423508845,3,898667,0.004,NA,NA,NA,NA,NA,NA,NA,0.0042,0.898667
5531,Kade Warner,kade warner,00-0038829,NA,27,3,TB,5,0.028882016988583496,301587301.5873016,8710449.5679855,8.7104495679855,0.001984563173958487,glm_pair,term_ll_final,aavPerc_rl_final,5.73181873051862e-5,17286.437441246635,3,900000,0.004,NA,NA,NA,NA,NA,NA,NA,0.0042,0.9
5456,Braxton Westfield,braxton westfield,NA,NA,NA,NA,IND,5,0.028643669932898155,301587301.5873016,8638567.12262008,8.63856712262008,0.001977189618897597,glm_pair,term_ll_final,aavPerc_rl_final,5.6633966838455465e-5,17080.085236994506,3,901667,0.004,NA,NA,NA,NA,NA,NA,NA,0.0042,0.901667
5580,Shae Wyatt,shae wyatt,NA,NA,NA,NA,SF,5,0.028233576784617936,301587301.5873016,8514888.236630807,8.514888236630807,0.0019771866569980884,glm_pair,term_ll_final,aavPerc_rl_final,5.582305129787758e-5,16835.523407296412,3,901000,0.004,NA,NA,NA,NA,NA,NA,NA,0.0042,0.901
5518,Jordan Byrd,jordan byrd,NA,NA,26,NA,PIT,5,0.028050150712580695,301587301.5873016,8459569.262524337,8.459569262524337,0.0019771859154074077,glm_pair,term_ll_final,aavPerc_rl_final,5.546036291396961e-5,16726.14119627655,3,900833,0.004,NA,NA,NA,NA,NA,NA,NA,0.0042,0.900833
5539,Keytaon Thompson,keytaon thompson,NA,NA,NA,NA,DET,5,0.029303273422147856,301587301.5873016,8837495.159060465,8.837495159060465,0.0019771822163015557,glm_pair,term_ll_final,aavPerc_rl_final,5.793791108969277e-5,17473.33826514544,3,900000,0.004,NA,NA,NA,NA,NA,NA,NA,0.0042,0.9
5471,Dallas Daniels,dallas daniels,NA,NA,NA,NA,DEN,5,0.027874375334360095,301587301.5873016,8406557.6405213,8.4065576405213,0.0019771748134801933,glm_pair,term_ll_final,aavPerc_rl_final,5.511251285259032e-5,16621.234034908193,3,898333,0.004,NA,NA,NA,NA,NA,NA,NA,0.0042,0.898333
5575,Sam James,sam james,NA,NA,NA,NA,LA,5,0.028704317153827305,301587301.5873016,8656857.55432887,8.65685755432887,0.0019771748134801933,glm_pair,term_ll_final,aavPerc_rl_final,5.675345291469481e-5,17116.120720304785,3,898333,0.004,NA,NA,NA,NA,NA,NA,NA,0.0042,0.898333
5523,Josh Vann,josh vann,00-0038780,NA,26,3,CAR,5,0.028643304456068226,301587301.5873016,8638456.89944915,8.63845689944915,0.0019771312857106587,glm_pair,term_ll_final,aavPerc_rl_final,5.663157336622801e-5,17079.363396164008,3,901667,0.004,NA,NA,NA,NA,NA,NA,NA,0.0042,0.901667
5546,Louis Rees-Zammit,louis rees zammit,NA,NA,25,NA,JAX,5,0.026628688057790104,301587301.5873016,8030874.176158921,8.030874176158921,0.0019686885914625427,glm_pair,term_ll_final,aavPerc_rl_final,5.242359438498623e-5,15810.290370075214,1,840000,0.003,NA,NA,NA,NA,NA,NA,NA,0.0042,0.84
5464,Chase Cota,chase cota,00-0038651,CotaCh00,26,3,CLE,5,0.02454815359090559,301587301.5873016,7403411.400431845,7.403411400431845,0.001964793515556131,glm_pair,term_ll_final,aavPerc_rl_final,4.823205299428726e-5,14546.174712562824,1,840000,0.003,NA,NA,NA,NA,NA,NA,NA,0.0042,0.84
5578,Sean Ryan,sean ryan,00-0038455,RyanSe01,27,3,BAL,5,0.02642248471586461,301587301.5873016,7968685.866689327,7.968685866689327,0.001961097109871279,glm_pair,term_ll_final,aavPerc_rl_final,5.181705841190013e-5,15627.366822636546,3,900000,0.004,NA,NA,NA,NA,NA,NA,NA,0.0042,0.9
5504,Jadon Janke,jadon janke,00-0039604,NA,26,2,GB,5,0.025061106348748762,301587301.5873016,7558111.438511532,7.558111438511532,0.0019549403762606377,glm_pair,term_ll_final,aavPerc_rl_final,4.899296867493076e-5,14775.657219423563,1,840000,0.003,NA,NA,NA,NA,NA,NA,NA,0.0042,0.84
5601,Tyrone Scott,tyrone scott,NA,NA,NA,NA,KC,5,0.029186411695789533,301587301.5873016,8802251.146349225,8.802251146349224,0.0019499394066352525,glm_pair,term_ll_final,aavPerc_rl_final,5.691173430390004e-5,17163.85637736668,3,898333,0.004,NA,NA,NA,NA,NA,NA,NA,0.0042,0.898333
5584,Sy Barnett,sy barnett,NA,NA,NA,NA,NO,5,0.028330308023022492,301587301.5873016,8544061.149800435,8.544061149800434,0.0019122006154996482,glm_pair,term_ll_final,aavPerc_rl_final,5.417323243891823e-5,16337.958989515024,3,898333,0.004,NA,NA,NA,NA,NA,NA,NA,0.0042,0.898333
5555,Mathew Sexton,mathew sexton,00-0036471,SextMa00,28,3,MIA,5,0.02697938212591643,301587301.5873016,8136639.053847813,8.136639053847812,0.0018816332296467148,glm_pair,term_ll_final,aavPerc_rl_final,5.0765301923460984e-5,15310.17042136125,2,877500,0.0034,NA,NA,NA,NA,NA,NA,NA,0.0042,0.8775
5561,Montrell Washington,montrell washington,00-0037272,WashMo00,27,4,NYG,4,0.018250205108066797,301587301.5873016,5504030.111956653,5.504030111956653,0.001880727187859208,glm_pair,term_ll_final,aavPerc_rl_final,3.432365693074822e-5,10351.579074352638,1,1030000,0.0037,0,0,0,0,0,0.07,NA,0.0042,1.03
5562,Nick Williams,nick williams,00-0039045,NA,NA,3,DEN,5,0.026523205834950353,301587301.5873016,7999062.07720725,7.99906207720725,0.0018694622632943797,glm_pair,term_ll_final,aavPerc_rl_final,4.9584132410028984e-5,14953.944695088107,3,898333,0.004,NA,NA,NA,NA,NA,NA,NA,0.0042,0.898333
5449,Austin Mack,austin mack,00-0035869,MackAu01,28,6,ATL,5,0.024721493965549644,301587301.5873016,7455688.656276877,7.455688656276877,0.001862544347085067,glm_pair,term_ll_final,aavPerc_rl_final,4.604487883703209e-5,13886.550760374756,2,984500,0.0039,NA,NA,NA,NA,NA,NA,NA,0.0042,0.9845
5566,Quintez Cephus,quintez cephus,00-0036277,CephQu00,27,6,HOU,5,0.023536106802112527,301587301.5873016,7098190.940319652,7.098190940319652,0.001856625288799021,glm_pair,term_ll_final,aavPerc_rl_final,4.369773108867677e-5,13178.680804521568,1,1100000,0.0039,NA,NA,NA,NA,NA,NA,NA,0.0042,1.1
5452,Bo Melton,bo melton,00-0037091,MeltBo00,26,4,GB,5,0.027076167404842158,301587301.5873016,8165828.264952398,8.165828264952397,0.0018480286291382333,glm_pair,term_ll_final,aavPerc_rl_final,5.003753253148777e-5,15090.684414258218,1,1030000,0.0037,14.333333333333334,5.333333333333333,101.66666666666669,0.6666666666666666,0.03105322338830584,0.22823529411764704,NA,0.0042,1.03
5458,Braylon Sanders,braylon sanders,00-0037355,SandBr00,27,4,WAS,5,0.025951608917209414,301587301.5873016,7826675.705190142,7.826675705190142,0.0018331517323228537,glm_pair,term_ll_final,aavPerc_rl_final,4.7573236843147654e-5,14347.484127298501,1,960000,0.0034,NA,NA,NA,NA,NA,NA,NA,0.0042,0.96
5602,Winston Wright,winston wright,NA,NA,NA,NA,CLE,5,0.02679150353729113,301587301.5873016,8079977.257278278,8.079977257278278,0.0018221100320273992,glm_pair,term_ll_final,aavPerc_rl_final,4.881706736839572e-5,14722.60761903998,1,840000,0.003,NA,NA,NA,NA,NA,NA,NA,0.0042,0.84
5529,K.J. Hamler,k j hamler,NA,NA,26,NA,BUF,5,0.028890834746598055,301587301.5873016,8713108.89183116,8.71310889183116,0.0018147764049104961,glm_pair,term_ll_final,aavPerc_rl_final,5.243040521629446e-5,15812.344430311028,1,1108000,0.004,NA,NA,NA,NA,NA,NA,NA,0.0042,1.108
5455,Braxton Burmeister,braxton burmeister,NA,NA,27,NA,LA,5,0.02863207287426846,301587301.5873016,8635069.597001601,8.635069597001602,0.0018042911930242803,glm_pair,term_ll_final,aavPerc_rl_final,5.166059692507198e-5,15580.180025021711,3,898333,0.004,NA,NA,NA,NA,NA,NA,NA,0.0042,0.898333
5492,Ed Lee,ed lee,NA,NA,27,NA,NE,5,0.02810393474006635,301587301.5873016,8475789.842242233,8.475789842242234,0.0018042911930242803,glm_pair,term_ll_final,aavPerc_rl_final,5.070768194083083e-5,15292.792966282317,3,898333,0.004,NA,NA,NA,NA,NA,NA,NA,0.0042,0.898333
5565,Pokey Wilson,pokey wilson,NA,NA,24,NA,NYJ,5,0.026724386644565907,301587301.5873016,8059735.654710353,8.059735654710353,0.0018041666533278173,glm_pair,term_ll_final,aavPerc_rl_final,4.821524721476509e-5,14541.106302865663,1,840000,0.003,NA,NA,NA,NA,NA,NA,NA,0.0042,0.84
5516,Johnny Johnson,johnny johnson,NA,NA,26,NA,HOU,5,0.027758055636089365,301587301.5873016,8371477.096598381,8.371477096598381,0.0017962960385797878,glm_pair,term_ll_final,aavPerc_rl_final,4.986168537778468e-5,15037.651145681095,1,840000,0.003,NA,NA,NA,NA,NA,NA,NA,0.0042,0.84
5568,Rakim Jarrett,rakim jarrett,00-0038821,JarrRa00,25,3,TB,5,0.03029800491656858,301587301.5873016,9137493.546266716,9.137493546266716,0.0017937627381900084,glm_pair,term_ll_final,aavPerc_rl_final,5.43474322608384e-5,16390.495443744916,3,906667,0.004,11,9,124,0,0.01953818827708703,0.325,NA,0.0042,0.906667
5533,Kawaan Baker,kawaan baker,00-0036939,BakeKa00,27,5,LV,5,0.022366777797521935,301587301.5873016,6745536.16115741,6.74553616115741,0.001789446864933952,glm_pair,term_ll_final,aavPerc_rl_final,4.002416040844995e-5,12070.778535881733,1,840000,0.003,NA,NA,NA,NA,NA,NA,NA,0.0042,0.84
5509,Jalen Sample,jalen sample,NA,NA,27,NA,WAS,5,0.029069622755595832,301587301.5873016,8767029.085020967,8.767029085020967,0.0017861834151926999,glm_pair,term_ll_final,aavPerc_rl_final,5.1923678051953584e-5,15659.521952176481,3,899167,0.004,NA,NA,NA,NA,NA,NA,NA,0.0042,0.899167
5488,Donovan Peoples-Jones,donovan peoples jones,00-0036233,PeopDo00,27,6,NO,5,0.023930033848758057,301587301.5873016,7216994.335339732,7.216994335339732,0.0017750697031447946,glm_pair,term_ll_final,aavPerc_rl_final,4.247747808015985e-5,12810.667992429162,1,1170000,0.0042,NA,NA,NA,NA,NA,NA,NA,0.0042,1.17
5543,Lance McCutcheon,lance mccutcheon,00-0037055,McCuLa01,27,4,PIT,5,0.024489443660446985,301587301.5873016,7385705.230928456,7.3857052309284565,0.0017653443768573746,glm_pair,term_ll_final,aavPerc_rl_final,4.323230165833557e-5,13038.313198545648,1,960000,0.0034,NA,NA,NA,NA,NA,NA,NA,0.0042,0.96
5478,Dax Milne,dax milne,00-0036671,MilnDa00,26,5,CAR,5,0.023917221810759087,301587301.5873016,7213130.387371789,7.2131303873717885,0.0017539117627610522,glm_pair,term_ll_final,aavPerc_rl_final,4.1948696666455555e-5,12651.194232740565,1,1030000,0.0037,NA,NA,NA,NA,NA,NA,NA,0.0042,1.03
5511,James Proche,james proche,00-0036133,ProcJa00,29,6,TEN,4,0.011706858569770162,301587301.5873016,3530639.8861211604,3.5306398861211603,0.001737170815549767,glm_pair,term_ll_final,aavPerc_rl_final,2.033681304917341e-5,6133.324570385633,1,1170000,0.0042,9,5,50.333333333333336,0,0.01667162668888756,0.2081481481481481,NA,0.0042,1.17
5532,Kaden Davis,kaden davis,00-0037380,DaviKa02,27,4,CLE,4,0.019117845482048784,301587301.5873016,5765699.431094078,5.765699431094078,0.0017288827703725816,glm_pair,term_ll_final,aavPerc_rl_final,3.305251366055945e-5,9968.218405565549,1,840000,0.003,0,0,0,0,0,0.09000000000000001,NA,0.0042,0.84
5469,Cornell Powell,cornell powell,00-0036647,PoweCo00,28,5,HOU,5,0.025283935328722737,301587301.5873016,7625313.829297334,7.625313829297334,0.0017234390975265068,glm_pair,term_ll_final,aavPerc_rl_final,4.357532268485248e-5,13141.763984320589,1,960000,0.0034,NA,NA,NA,NA,NA,NA,NA,0.0042,0.96
5513,Jerome Kapp,jerome kapp,00-0039033,NA,NA,3,NYJ,5,0.027029975768404053,301587301.5873016,8151897.453963128,8.151897453963128,0.0017230470971580042,glm_pair,term_ll_final,aavPerc_rl_final,4.6573921283999795e-5,14046.103244380893,3,898333,0.004,NA,NA,NA,NA,NA,NA,NA,0.0042,0.898333
5515,John Hall,john hall,00-0038759,NA,28,3,SEA,5,0.026972423362667197,301587301.5873016,8134540.379217092,8.134540379217093,0.001722686143850248,glm_pair,term_ll_final,aavPerc_rl_final,4.6465019992929495e-5,14013.259997867626,3,901667,0.004,NA,NA,NA,NA,NA,NA,NA,0.0042,0.901667
5447,Anthony Miller,anthony miller,00-0034353,MillAn02,31,8,BAL,4,0.020609175395873862,301587301.5873016,6215465.595581006,6.215465595581006,0.0016894442114837043,glm_pair,term_ll_final,aavPerc_rl_final,3.4818052076011476e-5,10500.682372130446,1,1170000,0.0042,1,1,16,0,0.00218818380743982,0.07500000000000001,NA,0.0042,1.17
5524,JuJu Smith-Schuster,juju smith schuster,00-0033857,SmitJu00,29,9,KC,5,0.020603399608273013,301587301.5873016,6213723.691383925,6.213723691383925,0.0016884958036794144,glm_pair,term_ll_final,aavPerc_rl_final,3.4788753780099075e-5,10491.846378125118,1,1422500,0.0051,38.666666666666664,28,307,1.3333333333333333,0.06979632389468454,0.5370448179271708,7.666666666666667,0.0042,1.4225
5544,Laviska Shenault,laviska shenault,NA,NA,27,NA,BUF,5,0.02895092219333071,301587301.5873016,8731230.502750533,8.731230502750533,0.001677596883375065,glm_pair,term_ll_final,aavPerc_rl_final,4.85679768423656e-5,14647.485079443597,1,1210000,0.0043,NA,NA,NA,NA,NA,NA,NA,0.0042,1.21
5450,Austin Watkins,austin watkins,NA,NA,27,NA,PHI,5,0.027440236078872974,301587301.5873016,8275626.753945818,8.275626753945819,0.0016565092752413623,glm_pair,term_ll_final,aavPerc_rl_final,4.5455005579465754e-5,13708.652476346815,2,902500,0.00349999999999999,NA,NA,NA,NA,NA,NA,NA,0.0042,0.9025
5496,Gabriel Davis,gabriel davis,NA,NA,27,NA,BUF,5,0.037734962408715225,301587301.5873016,11380385.488342687,11.380385488342688,0.00163165121875176,glm_pair,term_ll_final,aavPerc_rl_final,6.157029740373205e-5,18568.81985191919,1,1170000,0.0042,NA,NA,NA,NA,NA,0.6197777777777778,NA,0.0042,1.17
5489,Dontavian Jackson,dontavian jackson,NA,NA,28,NA,MIN,5,0.026878124909323335,301587301.5873016,8106101.163129261,8.10610116312926,0.0016177417106117663,glm_pair,term_ll_final,aavPerc_rl_final,4.348186376884546e-5,13113.57796203276,3,898333,0.004,NA,NA,NA,NA,NA,NA,NA,0.0042,0.898333
5482,Demetric Felton,demetric felton,NA,NA,27,NA,WAS,5,0.027892770973063585,301587301.5873016,8412105.53155886,8.41210553155886,0.0015968966241116664,glm_pair,term_ll_final,aavPerc_rl_final,4.454187180400512e-5,13433.26292501742,1,1030000,0.0037,NA,NA,NA,NA,NA,NA,NA,0.0042,1.03
5593,Trent Taylor,trent taylor,00-0033292,TaylTr02,31,9,SF,4,0.016804911899166865,301587301.5873016,5068148.033082071,5.068148033082071,0.0015926820623386041,glm_pair,term_ll_final,aavPerc_rl_final,2.676488174098363e-5,8071.948461566492,1,1170000,0.0042,1,1,11,0,0.00194931773879142,0.095,NA,0.0042,1.17
5493,Elijah Moore,elijah moore,00-0036980,MoorEl00,25,5,BUF,5,0.02988665006373695,301587301.5873016,9013434.146206383,9.013434146206382,0.001582706725987545,glm_pair,term_ll_final,aavPerc_rl_final,4.730180207311256e-5,14265.622847446646,1,2500000,0.009,45.333333333333336,26.333333333333332,254,0.3333333333333333,0.07728816387101589,0.4619825708061002,5.2745098039215685,0.0042,2.5
5586,Tarik Black,tarik black,00-0036491,BlacTa00,28,5,MIA,5,0.024752507335628463,301587301.5873016,7465041.894872077,7.465041894872077,0.0015138157675067309,glm_pair,term_ll_final,aavPerc_rl_final,3.7470735890000383e-5,11300.698125555673,1,840000,0.003,NA,NA,NA,NA,NA,NA,NA,0.0042,0.84
5501,Jacob Harris,jacob harris,00-0036918,HarrJa03,28,5,TB,5,0.02605346331089937,301587301.5873016,7857393.696937907,7.857393696937907,0.0015026842769082184,glm_pair,term_ll_final,aavPerc_rl_final,3.915012967629362e-5,11807.181965866332,1,1100000,0.0039,NA,NA,NA,NA,NA,NA,NA,0.0042,1.1
5557,Mike Strachan,mike strachan,00-0036482,StraMi03,28,5,WAS,5,0.023783966600454676,301587301.5873016,7172942.308073633,7.172942308073633,0.0014824960846491837,glm_pair,term_ll_final,aavPerc_rl_final,3.525963736260101e-5,10633.858887133641,1,1100000,0.0039,NA,NA,NA,NA,NA,NA,NA,0.0042,1.1
5604,Zach Pascal,zach pascal,00-0033251,PascZa00,31,9,NYG,4,0.020078211401021544,301587301.5873016,6055333.597133482,6.055333597133482,0.0014786799281211924,glm_pair,term_ll_final,aavPerc_rl_final,2.9689248191264642e-5,8953.900248159178,1,1422500,0.0051,0,0,0,0,0,0.06588235294117648,NA,0.0042,1.4225
5538,Kelvin Harmon,kelvin harmon,00-0035297,HarmKe00,29,7,DAL,5,0.02212894121341585,301587301.5873016,6673807.667538114,6.673807667538114,0.0014705236539293747,glm_pair,term_ll_final,aavPerc_rl_final,3.2541131490740604e-5,9813.992036890024,1,960000,0.0034,NA,NA,NA,NA,NA,NA,NA,0.0042,0.96
5576,Scotty Miller,scotty miller,NA,NA,28,NA,PIT,5,0.026903161953882804,301587301.5873016,8113652.017837672,8.113652017837671,0.0014686726760968097,glm_pair,term_ll_final,aavPerc_rl_final,3.951193886227493e-5,11916.299021955932,1,1337500,0.0048,NA,NA,NA,NA,NA,NA,NA,0.0042,1.3375
5574,Russell Gage,russell gage,00-0034411,GageRu00,30,8,SF,5,0.028505743320604213,301587301.5873016,8596970.207801271,8.596970207801272,0.001464252651544452,glm_pair,term_ll_final,aavPerc_rl_final,4.173961024144027e-5,12588.13642202167,1,1170000,0.0042,NA,NA,NA,NA,NA,0.37,NA,0.0042,1.17
5528,Juwann Winfree,juwann winfree,00-0035593,WinfJu00,29,7,HOU,5,0.02430462810291273,301587301.5873016,7329967.205640348,7.329967205640347,0.00145347626339861,glm_pair,term_ll_final,aavPerc_rl_final,3.532620003831444e-5,10653.933344888483,1,1170000,0.0042,NA,NA,NA,NA,NA,NA,NA,0.0042,1.17
5577,Scotty Washington,scotty washington,00-0035769,NA,28,6,BAL,5,0.023612570021105447,301587301.5873016,7121251.276206405,7.121251276206405,0.0014206330238409452,glm_pair,term_ll_final,aavPerc_rl_final,3.3544796749739084e-5,10116.684734048295,1,840000,0.003,NA,NA,NA,NA,NA,NA,NA,0.0042,0.84
5583,Steven Sims Jr.,steven sims jr,NA,NA,28,NA,SEA,5,0.026632394786547227,301587301.5873016,8031992.0784824975,8.031992078482498,0.0014057082625892378,glm_pair,term_ll_final,aavPerc_rl_final,3.743737740398798e-5,11290.637629774152,1,1170000,0.0042,NA,NA,NA,NA,NA,NA,NA,0.0042,1.17
5483,Deon Cain,deon cain,00-0034406,CainDe00,29,8,BUF,5,0.025599684068301737,301587301.5873016,7720539.639646556,7.720539639646557,0.001392533870452135,glm_pair,term_ll_final,aavPerc_rl_final,3.5648427137984076e-5,10751.11294637615,1,960000,0.0034,NA,NA,NA,NA,NA,NA,NA,0.0042,0.96
5560,Miles Boykin,miles boykin,00-0035703,BoykMi00,29,7,CHI,5,0.02614097617100436,301587301.5873016,7883786.464271157,7.883786464271157,0.0013795385259977755,glm_pair,term_ll_final,aavPerc_rl_final,3.606248373509033e-5,10875.987158201846,1,1170000,0.0042,NA,NA,NA,NA,NA,NA,NA,0.0042,1.17
5550,Malik Heath,malik heath,00-0038465,HeatMa00,25,3,GB,5,0.02944448124929471,301587301.5873016,8880081.64661269,8.880081646612691,0.0013644472719588053,glm_pair,term_ll_final,aavPerc_rl_final,4.017544211484236e-5,12116.403177492142,3,901333,0.004,9,7.333333333333333,89.66666666666667,0.6666666666666666,0.019484007996002,0.26736596736596735,NA,0.0042,0.901333
5553,Marquez Callaway,marquez callaway,00-0036219,CallMa01,27,6,LV,5,0.025282146469966467,301587301.5873016,7624774.33221211,7.62477433221211,0.0013414905593539534,glm_pair,term_ll_final,aavPerc_rl_final,3.3915760809663895e-5,10228.56278386689,1,1170000,0.0042,NA,NA,NA,NA,NA,0.04,NA,0.0042,1.17
5487,DJ Montgomery,dj montgomery,NA,NA,29,NA,IND,5,0.027249189545793272,301587301.5873016,8218009.545556702,8.218009545556702,0.001324298227725455,glm_pair,term_ll_final,aavPerc_rl_final,3.608605342244903e-5,10883.095476611612,1,1030000,0.0037,NA,NA,NA,NA,NA,NA,NA,0.0042,1.03
5595,Trishton Jackson,trishton jackson,00-0035934,JackTr02,28,6,ARI,5,0.027437447138197627,301587301.5873016,8274785.644853253,8.274785644853253,0.0013056322612500248,glm_pair,term_ll_final,aavPerc_rl_final,3.582321614997299e-5,10803.827092848996,1,1100000,0.0039,NA,NA,NA,NA,NA,0.08499999999999999,NA,0.0042,1.1
5556,Michael Gallup,michael gallup,00-0034764,GallMi00,30,8,WAS,5,0.026774074942394928,301587301.5873016,8074721.014373074,8.074721014373074,0.0013031963748333319,glm_pair,term_ll_final,aavPerc_rl_final,3.489187740444502e-5,10522.947153721514,1,1250000,0.0045,NA,NA,NA,NA,NA,NA,NA,0.0042,1.25
5484,Dez Fitzpatrick,dez fitzpatrick,00-0036627,FitzDe00,28,5,LAC,5,0.026232761725658776,301587301.5873016,7911467.822024076,7.911467822024076,0.0012858351013339047,glm_pair,term_ll_final,aavPerc_rl_final,3.373100583178063e-5,10172.843028632255,1,1030000,0.0037,NA,NA,NA,NA,NA,0.13,NA,0.0042,1.03
5453,Brandon Johnson,brandon johnson,00-0037382,JohnBr23,27,4,PIT,4,0.013788490089881106,301587301.5873016,4158433.519170493,4.158433519170493,0.0012583854408933794,glm_pair,term_ll_final,aavPerc_rl_final,1.735123518100903e-5,5232.912197447168,1,1100000,0.0039,0.3333333333333333,0.3333333333333333,3,0,7.246376811594203e-4,0.1,NA,0.0042,1.1
5474,David Bell,david bell,00-0037257,BellDa02,25,4,CLE,5,0.028597249323962983,301587301.5873016,8624567.256433282,8.624567256433282,0.0012168121577241973,glm_pair,term_ll_final,aavPerc_rl_final,3.479748065486824e-5,10494.478292738042,4,1273726,0.00609999999999999,3,3,27,0,0.00473186119873817,0.13,NA,0.0042,1.273726
5552,Malik Taylor,malik taylor,00-0035480,TaylMa01,30,7,DET,5,0.024829448460345276,301587301.5873016,7488246.361056512,7.488246361056512,0.0012081494618592869,glm_pair,term_ll_final,aavPerc_rl_final,2.9997684795629044e-5,9046.920811380189,1,1100000,0.0039,NA,NA,NA,NA,NA,NA,NA,0.0042,1.1
5558,Mike Williams,mike williams,00-0033536,WillMi07,31,9,LAC,5,0.028198183083182827,301587301.5873016,8504213.945721805,8.504213945721805,0.0011976190867509814,glm_pair,term_ll_final,aavPerc_rl_final,3.377068227211839e-5,10184.808939210308,1,3000000,0.0107,34,21,298,1,0.05772495755517826,0.4066666666666666,NA,0.0042,3
5491,Easop Winston,easop winston,00-0036080,WinsEa00,29,5,NYJ,5,0.024268235962685767,301587301.5873016,7318991.798270311,7.318991798270311,0.0011873895248332782,glm_pair,term_ll_final,aavPerc_rl_final,2.8815849168275326e-5,8690.494193606846,1,960000,0.0034,NA,NA,NA,NA,NA,NA,NA,0.0042,0.96
5476,David Sills,david sills,00-0035359,SillDa01,30,7,ATL,5,0.022474775405587108,301587301.5873016,6778106.868351668,6.778106868351668,0.001173846019446504,glm_pair,term_ll_final,aavPerc_rl_final,2.6381925647802613e-5,7956.453766797615,1,1100000,0.0039,36,18,191,2,0.06936416184971098,0.15333333333333335,NA,0.0042,1.1
5485,Diontae Johnson,diontae johnson,00-0035216,JohnDi01,29,7,CLE,5,0.03016416753212181,301587301.5873016,9097129.890639912,9.097129890639913,0.0011503696923568364,glm_pair,term_ll_final,aavPerc_rl_final,3.469994412412704e-5,10465.062513625617,1,1170000,0.0042,67,33,375,3,0.1293436293436293,0.5516666666666666,5.597014925373134,0.0042,1.17
5479,Deandre Carter,deandre carter,00-0031763,CartDe02,32,11,CLE,4,0.015737161267092438,301587301.5873016,4746128.001186608,4.746128001186609,0.0011232150928937887,glm_pair,term_ll_final,aavPerc_rl_final,1.7676217054501768e-5,5330.922603738628,1,1422500,0.0051,4.666666666666667,3,24,0,0.00887198986058301,0.04666666666666666,NA,0.0042,1.4225
5570,River Cracraft,river cracraft,00-0034054,CracRi00,31,9,WAS,4,0.01568385568160657,301587301.5873016,4730051.7135003945,4.730051713500394,0.0011226708578246174,glm_pair,term_ll_final,aavPerc_rl_final,1.7607807712066748e-5,5310.291214750289,1,1170000,0.0042,3,2.3333333333333335,22,0,0.00528169014084507,0.10916666666666668,NA,0.0042,1.17
5499,Grant DuBose,grant dubose,00-0038507,DuboGr00,24,3,BUF,5,0.025514982958616837,301587301.5873016,7694994.860535237,7.694994860535237,0.001103085870324887,glm_pair,term_ll_final,aavPerc_rl_final,2.8145217183230515e-5,8488.240102879045,1,840000,0.003,4,2,11,0,0.00704225352112676,0.22666666666666668,NA,0.0042,0.84
5600,Tyler Lockett,tyler lockett,00-0032211,LockTy00,33,11,LV,5,0.008033870813354419,301587301.5873016,2422913.4199005393,2.4229134199005395,0.0010732300877326737,glm_pair,term_ll_final,aavPerc_rl_final,8.62219187784933e-6,2600.343582208528,1,1255000,0.0045,61.333333333333336,37.666666666666664,394,1.3333333333333333,0.11253329796288314,0.5635294117647058,6.22997542997543,0.0042,1.255
5571,Robbie Chosen,robbie chosen,00-0032688,AndeRo04,32,10,WAS,4,0.014721982881795338,301587301.5873016,4439963.091335102,4.439963091335102,0.0010597717800808178,glm_pair,term_ll_final,aavPerc_rl_final,1.5601942004959573e-5,4705.347588797332,1,1255000,0.0045,7.333333333333333,3.6666666666666665,37,0,0.01623630672926447,0.31611111111111106,NA,0.0042,1.255
5522,Josh Reynolds,josh reynolds,00-0033943,ReynJo00,31,9,NYJ,4,0.020748851329959864,301587301.5873016,6257590.0836386895,6.257590083638689,0.0010532551095560198,glm_pair,term_ll_final,aavPerc_rl_final,2.1853833680698442e-5,6590.838729099531,1,2750000,0.0098,22,11.666666666666666,132,0.3333333333333333,0.04423296594733105,0.7357777777777778,NA,0.0042,2.75
5519,Jordan Matthews,jordan matthews,00-0031299,NA,33,12,CAR,4,0.02290591689801761,301587301.5873016,6908133.667656105,6.908133667656105,0.0010140598293982698,glm_pair,term_ll_final,aavPerc_rl_final,2.3227970181814683e-5,7005.260848483794,1,1255000,0.0045,1,0,0,0,0.00193050193050193,NA,NA,0.0042,1.255
5508,Jalen Reagor,jalen reagor,00-0036387,ReagJa00,27,6,LAC,5,0.02513830778125206,301587301.5873016,7581394.410218877,7.581394410218877,9.810365418933516e-4,glm_pair,term_ll_final,aavPerc_rl_final,2.4661598534770256e-5,7437.624954930713,1,1337500,0.0048,12,7,100,0,0.02443991853360488,0.28250000000000003,NA,0.0042,1.3375
5537,Keith Kirkwood,keith kirkwood,00-0034317,KirkKe00,31,8,BAL,5,0.022901194336192348,301587301.5873016,6906709.402978646,6.906709402978645,9.776701072194748e-4,glm_pair,term_ll_final,aavPerc_rl_final,2.2389813122119202e-5,6752.483322543887,1,1170000,0.0042,NA,NA,NA,NA,NA,NA,NA,0.0042,1.17
5495,Erik Ezukanma,erik ezukanma,00-0038092,EzukEr00,26,4,MIA,5,0.02871456914379131,301587301.5873016,8659949.424318016,8.659949424318016,9.609354049555191e-4,glm_pair,term_ll_final,aavPerc_rl_final,2.7592846128312356e-5,8321.652006951346,4,1096248,0.0053,2,0,0,0,0.00352112676056338,0.14,NA,0.0042,1.096248
5591,Tim Patrick,tim patrick,00-0033375,PatrTi00,32,9,DET,5,0.03214748219416507,301587301.5873016,9695272.40776407,9.69527240776407,9.396373051940577e-4,glm_pair,term_ll_final,aavPerc_rl_final,3.0206973537699222e-5,9110.039638353734,1,2500000,0.009,30.666666666666668,21,256,3,0.05734751961821242,0.40895833333333337,NA,0.0042,2.5
5587,Tay Martin,tay martin,00-0037524,MartTa00,28,4,WAS,4,0.014796336533274392,301587301.5873016,4462387.208447833,4.462387208447833,8.914122143110944e-4,glm_pair,term_ll_final,aavPerc_rl_final,1.3189635112818269e-5,3977.826462595986,1,840000,0.003,2,1.6666666666666667,31.666666666666668,0.3333333333333333,0.00440134414493388,0.13333333333333333,NA,0.0042,0.84
5506,Jalen Cropper,jalen cropper,00-0038740,MoreJa01,24,3,DAL,5,0.030427855097930577,301587301.5873016,9176654.712074302,9.176654712074303,8.831974862792757e-4,glm_pair,term_ll_final,aavPerc_rl_final,2.687380513536233e-5,8104.798374156894,2,877500,0.0034,0,0,0,0,0,0.09555555555555556,NA,0.0042,0.8775
5481,Deebo Samuel,deebo samuel,NA,NA,30,NA,WAS,5,0.06722137662547892,301587301.5873016,20273113.585461896,20.273113585461896,8.446851429065822e-4,glm_pair,term_ll_final,aavPerc_rl_final,5.678089812126984e-5,17124.397846097254,1,17545529,0.06280000000000001,NA,NA,NA,NA,NA,0.7254444444444444,7.652824541713431,0.0042,17.545529
5572,Robert Woods,robert woods,00-0030431,WoodRo02,33,13,PIT,5,0.027351913479347855,301587301.5873016,8248989.779485862,8.248989779485862,8.34546034162515e-4,glm_pair,term_ll_final,aavPerc_rl_final,2.282643092094599e-5,6884.161706317045,1,2000000,0.0072,30,20,203,0,0.05484460694698354,0.37066666666666664,NA,0.0042,2
5569,Ray-Ray McCloud,ray ray mccloud,00-0034407,McClRa00,29,8,ATL,5,0.028321560631201472,301587301.5873016,8541423.047505207,8.541423047505207,8.341894406398057e-4,glm_pair,term_ll_final,aavPerc_rl_final,2.36255468209883e-5,7125.164914266314,2,2500000,0.0098,39,25.333333333333332,274.6666666666667,0.3333333333333333,0.07307116225365606,0.6370588235294118,7.885057471264368,0.0042,2.5
5530,K.J. Osborn,k j osborn,00-0036345,OsboKJ00,28,6,WAS,5,0.027863889466529453,301587301.5873016,8403395.235937456,8.403395235937456,8.3190464836008e-4,glm_pair,term_ll_final,aavPerc_rl_final,2.3180099168597323e-5,6990.823558783321,1,1195000,0.0043,18,7,57,1,0.036,0.495,NA,0.0042,1.195
5599,Tyler Johnson,tyler johnson,00-0036427,JohnTy00,27,6,NYJ,5,0.02578946695304154,301587301.5873016,7777775.747742686,7.7777757477426865,8.130686068088623e-4,glm_pair,term_ll_final,aavPerc_rl_final,2.0968605965852677e-5,6323.865291288903,1,1170000,0.0042,25.666666666666668,16.666666666666668,228.33333333333337,1,0.05068558956525371,0.3988888888888889,NA,0.0042,1.17
5559,Mike Woods,mike woods,00-0037300,WoodMi00,26,4,CLE,5,0.030626889308685068,301587301.5873016,9236680.902619308,9.236680902619307,8.105081443780075e-4,glm_pair,term_ll_final,aavPerc_rl_final,2.4823343221652972e-5,7486.405098593755,4,957072,0.0046,17,7,65,0,0.02681388012618296,0.838,NA,0.0042,0.957072
5466,Chris Moore,chris moore,00-0032398,MoorCh00,32,10,WAS,5,0.030523206284910884,301587301.5873016,9205411.419258839,9.205411419258839,7.997442774346697e-4,glm_pair,term_ll_final,aavPerc_rl_final,2.441075955531542e-5,7361.975103984017,1,1255000,0.0045,23,11,207,1,0.05324074074074074,0.3538095238095238,NA,0.0042,1.255
5461,Bryce Ford-Wheaton,bryce ford wheaton,00-0038477,FordBr00,26,3,NYG,5,0.028879482202667634,301587301.5873016,8709685.108741034,8.709685108741034,7.763558479130079e-4,glm_pair,term_ll_final,aavPerc_rl_final,2.2420754892740652e-5,6761.814967651943,3,905000,0.004,0,0,0,0,0,0.00285714285714285,NA,0.0042,0.905
5500,Hunter Renfrow,hunter renfrow,00-0034983,RenfHu00,30,7,CAR,5,0.028890824719249742,301587301.5873016,8713105.86771024,8.71310586771024,7.72824839206978e-4,glm_pair,term_ll_final,aavPerc_rl_final,2.2327546968211166e-5,6733.704641206543,1,1220000,0.0044,26,15,89,2,0.05416666666666667,0.4916666666666667,NA,0.0042,1.22
5494,Equanimeous St. Brown,equanimeous st brown,00-0034279,St.BEq00,29,8,SF,5,0.023465508148454137,301587301.5873016,7076899.2828671215,7.076899282867122,7.463164978730924e-4,glm_pair,term_ll_final,aavPerc_rl_final,1.7512695862166802e-5,5281.606688589989,1,1170000,0.0042,NA,NA,NA,NA,NA,0.24,NA,0.0042,1.17
5605,Zay Jones,zay jones,00-0033891,JoneZa00,30,9,ARI,5,0.030503975232084302,301587301.5873016,9199611.577930188,9.199611577930188,7.045941467738167e-4,glm_pair,term_ll_final,aavPerc_rl_final,2.1492922401860076e-5,6481.992470402247,1,2400000,0.0086,15.666666666666666,10.666666666666666,150,0,0.02645978144210199,0.4459848484848485,NA,0.0042,2.4
5486,DJ Chark,dj chark,00-0034777,CharDJ00,29,8,ATL,5,0.026024752914165002,301587301.5873016,7848735.005859287,7.848735005859288,7.020964519279637e-4,glm_pair,term_ll_final,aavPerc_rl_final,1.827188668333718e-5,5510.568999736612,1,1300000,0.0047,10,4,31,1,0.02036659877800407,0.21714285714285717,NA,0.0042,1.3
5444,Adam Thielen,adam thielen,00-0030035,ThieAd00,35,13,CAR,5,0.03619486584458565,301587301.5873016,10915911.921382975,10.915911921382975,6.792807141674068e-4,glm_pair,term_ll_final,aavPerc_rl_final,2.4586474320103622e-5,7414.968445745538,3,8333333,0.0371,44,28.666666666666668,329,1.6666666666666667,0.08975458975458976,0.4989166666666667,9.919354838709678,0.0042,8.333333
5468,Collin Johnson,collin johnson,00-0036254,JohnCo01,28,6,LV,5,0.025434133211607667,301587301.5873016,7670611.603500726,7.670611603500726,6.770151519022178e-4,glm_pair,term_ll_final,aavPerc_rl_final,1.7219293559757807e-5,5193.120279926959,1,1170000,0.0042,2,1,6,0,0.00380228136882129,0.05444444444444445,NA,0.0042,1.17
5541,Kristian Wilkerson,kristian wilkerson,00-0036183,WilkKr00,29,6,BUF,5,0.03202201823928949,301587301.5873016,9657434.072166672,9.657434072166671,6.757236673368539e-4,glm_pair,term_ll_final,aavPerc_rl_final,2.163803560018032e-5,6525.756768308351,1,1100000,0.0039,3,2,18,1,0.00506756756756756,0.22,NA,0.0042,1.1
5463,Cedrick Wilson,cedrick wilson,00-0020452,WilsCe00,47,25,MIA,4,0.011686142012792378,301587301.5873016,3524392.035604051,3.524392035604051,6.721676649227942e-4,glm_pair,term_ll_final,aavPerc_rl_final,7.855046788694816e-6,2368.9823648444685,1,1170000,0.0042,NA,NA,NA,NA,NA,NA,NA,0.0042,1.17
5465,Chris Coleman,chris coleman,00-0019038,ColeCh01,48,26,MIA,4,0.012719617688244655,301587301.5873016,3836075.175819817,3.836075175819817,6.219926390470253e-4,glm_pair,term_ll_final,aavPerc_rl_final,7.911508573580516e-6,2386.0105221909494,3,900000,0.004,NA,NA,NA,NA,NA,NA,NA,0.0042,0.9
5510,Jamal Agnew,jamal agnew,00-0033572,AgneJa00,30,9,ATL,5,0.02382765051618107,301587301.5873016,7186116.822340323,7.186116822340322,6.197626494693623e-4,glm_pair,term_ll_final,aavPerc_rl_final,1.4767487814538398e-5,4453.686801209993,1,2500000,0.009,0,0,0,0,0,0.00181818181818181,NA,0.0042,2.5
5563,Noah Brown,noah brown,00-0033591,BrowNo00,30,9,WAS,5,0.023376700061819446,301587301.5873016,7050115.8916598335,7.050115891659834,6.011203804773192e-4,glm_pair,term_ll_final,aavPerc_rl_final,1.4052210835465076e-5,4237.968347203753,1,3250000,0.0116,25.333333333333332,15,206.33333333333337,0.3333333333333333,0.05246913580246912,0.4836363636363636,8.089285714285714,0.0042,3.25
5527,Justyn Ross,justyn ross,00-0037216,RossJu00,26,4,KC,5,0.023384558425562925,301587301.5873016,7052485.874376121,7.052485874376121,5.690789432586632e-4,glm_pair,term_ll_final,aavPerc_rl_final,1.330765979738982e-5,4013.4212087366122,1,960000,0.0034,1,0,0,0,0.00174825174825174,0.09,NA,0.0042,0.96
5447,Anthony Miller,anthony miller,00-0034353,MillAn02,31,8,BAL,5,0.02769413429813708,301587301.5873016,8352199.232771501,8.3521992327715,5.619870876374196e-4,glm_pair,term_ll_final,aavPerc_rl_final,1.556374587884963e-5,4693.828122192746,1,1170000,0.0042,1,1,16,0,0.00218818380743982,0.07500000000000001,NA,0.0042,1.17
5561,Montrell Washington,montrell washington,00-0037272,WashMo00,27,4,NYG,5,0.025335164010330015,301587301.5873016,7640763.749147148,7.640763749147148,5.273333922998544e-4,glm_pair,term_ll_final,aavPerc_rl_final,1.3360077982040512e-5,4029.2298675995194,1,1030000,0.0037,0,0,0,0,0,0.07,NA,0.0042,1.03
5554,Marquez Valdes-Scantling,marquez valdes scantling,00-0034272,ValdMa00,31,8,PIT,5,0.026827351604488212,301587301.5873016,8090788.579131367,8.090788579131367,5.22444346296677e-4,glm_pair,term_ll_final,aavPerc_rl_final,1.4015798171877954e-5,4226.986750248908,1,1255000,0.0045,34,15.666666666666666,217,2,0.06478114478114479,0.5011904761904762,NA,0.0042,1.255
5594,Trenton Irwin,trenton irwin,00-0035341,IrwiTr00,30,7,JAX,5,0.02485586510147599,301587301.5873016,7496213.2845721245,7.496213284572124,4.698485739000804e-4,glm_pair,term_ll_final,aavPerc_rl_final,1.167849277098127e-5,3522.08512140705,1,1170000,0.0042,10,3,15,0,0.01592356687898089,0.2914285714285714,NA,0.0042,1.17
5593,Trent Taylor,trent taylor,00-0033292,TaylTr02,31,9,SF,5,0.02388987080143008,301587301.5873016,7204881.6702725645,7.204881670272565,4.4892537106723974e-4,glm_pair,term_ll_final,aavPerc_rl_final,1.0724769114280414e-5,3234.454177322665,1,1170000,0.0042,1,1,11,0,0.00194931773879142,0.095,NA,0.0042,1.17
5454,Braxton Berrios,braxton berrios,00-0034419,BerrBr00,30,8,HOU,5,0.02255196395130749,301587301.5873016,6801385.953568926,6.801385953568926,4.457953362491901e-4,glm_pair,term_ll_final,aavPerc_rl_final,1.0053560352752736e-5,3032.0261381317778,1,1800000,0.0064,6.666666666666667,4,24.666666666666668,0,0.0119917819151194,0.21777777777777776,NA,0.0042,1.8
5473,Dante Pettis,dante pettis,00-0034860,PettDa00,30,8,NO,5,0.02214027257558893,301587301.5873016,6677225.062479202,6.677225062479201,4.1297921284098193e-4,glm_pair,term_ll_final,aavPerc_rl_final,9.143472340351496e-6,2757.555150264737,1,1255000,0.0045,16.666666666666668,10,124.66666666666669,0.3333333333333333,0.03103222014914728,0.2508333333333333,NA,0.0042,1.255
5446,Alex Bachman,alex bachman,00-0035602,BachAl00,29,7,LV,5,0.02411757203836523,301587301.5873016,7273553.4718879275,7.273553471887928,3.745301990353857e-4,glm_pair,term_ll_final,aavPerc_rl_final,9.032759055779183e-6,2724.1654295207063,1,1030000,0.0037,3,2.3333333333333335,18.333333333333332,0,0.0057377721851406,0.09871794871794871,NA,0.0042,1.03
5604,Zach Pascal,zach pascal,00-0033251,PascZa00,31,9,NYG,5,0.027163170303284762,301587301.5873016,8192067.234323977,8.192067234323977,3.7425577819201613e-4,glm_pair,term_ll_final,aavPerc_rl_final,1.0165973440018102e-5,3065.928497783237,1,1422500,0.0051,0,0,0,0,0,0.06588235294117648,NA,0.0042,1.4225
5587,Tay Martin,tay martin,00-0037524,MartTa00,28,4,WAS,5,0.021881295435537608,301587301.5873016,6599120.845638326,6.599120845638327,3.406978770952968e-4,glm_pair,term_ll_final,aavPerc_rl_final,7.45491090298267e-6,2248.3064628042976,1,840000,0.003,2,1.6666666666666667,31.666666666666668,0.3333333333333333,0.00440134414493388,0.13333333333333333,NA,0.0042,0.84
5511,James Proche,james proche,00-0036133,ProcJa00,29,6,TEN,5,0.018791817472033373,301587301.5873016,5667373.523311652,5.667373523311652,3.2314557161705805e-4,glm_pair,term_ll_final,aavPerc_rl_final,6.072492598723643e-6,1831.3866567579241,1,1170000,0.0042,9,5,50.333333333333336,0,0.01667162668888756,0.2081481481481481,NA,0.0042,1.17
5522,Josh Reynolds,josh reynolds,00-0033943,ReynJo00,31,9,NYJ,5,0.02783381023222308,301587301.5873016,8394323.720829183,8.394323720829183,2.7264784853629466e-4,glm_pair,term_ll_final,aavPerc_rl_final,7.588828476383127e-6,2288.6943024012608,1,2750000,0.0098,22,11.666666666666666,132,0.3333333333333333,0.04423296594733105,0.7357777777777778,NA,0.0042,2.75
5453,Brandon Johnson,brandon johnson,00-0037382,JohnBr23,27,4,PIT,5,0.020873448992144328,301587301.5873016,6295167.1563609885,6.295167156360988,2.6926835958211194e-4,glm_pair,term_ll_final,aavPerc_rl_final,5.620559368935591e-6,1695.0893334885118,1,1100000,0.0039,0.3333333333333333,0.3333333333333333,3,0,7.246376811594203e-4,0.1,NA,0.0042,1.1
5570,River Cracraft,river cracraft,00-0034054,CracRi00,31,9,WAS,5,0.022768814583869784,301587301.5873016,6866785.350690888,6.866785350690888,2.2960280641174042e-4,glm_pair,term_ll_final,aavPerc_rl_final,5.227783727125066e-6,1576.6331875456551,1,1170000,0.0042,3,2.3333333333333335,22,0,0.00528169014084507,0.10916666666666668,NA,0.0042,1.17
5532,Kaden Davis,kaden davis,00-0037380,DaviKa02,27,4,CLE,5,0.026202804384312002,301587301.5873016,7902433.068284573,7.902433068284573,2.2003600256552638e-4,glm_pair,term_ll_final,aavPerc_rl_final,5.765560332730462e-6,1738.8197828869647,1,840000,0.003,0,0,0,0,0,0.09000000000000001,NA,0.0042,0.84
5519,Jordan Matthews,jordan matthews,00-0031299,NA,33,12,CAR,5,0.029990875800280828,301587301.5873016,9044867.3048466,9.0448673048466,2.1675700626561586e-4,glm_pair,term_ll_final,aavPerc_rl_final,6.500732453752779e-6,1960.5383590682984,1,1255000,0.0045,1,0,0,0,0.00193050193050193,NA,NA,0.0042,1.255
5479,Deandre Carter,deandre carter,00-0031763,CartDe02,32,11,CLE,5,0.022822120169355642,301587301.5873016,6882861.638377099,6.882861638377099,1.9393699691013674e-4,glm_pair,term_ll_final,aavPerc_rl_final,4.426053448767095e-6,1334.8415162948381,1,1422500,0.0051,4.666666666666667,3,24,0,0.00887198986058301,0.04666666666666666,NA,0.0042,1.4225
5463,Cedrick Wilson,cedrick wilson,00-0020452,WilsCe00,47,25,MIA,5,0.018771100915055596,301587301.5873016,5661125.672794545,5.661125672794545,1.881512594783337e-4,glm_pair,term_ll_final,aavPerc_rl_final,3.531806278962613e-6,1065.147925401423,1,1170000,0.0042,NA,NA,NA,NA,NA,NA,NA,0.0042,1.17
5465,Chris Coleman,chris coleman,00-0019038,ColeCh01,48,26,MIA,5,0.019804576590507873,301587301.5873016,5972808.813010312,5.972808813010312,1.8306206278334713e-4,glm_pair,term_ll_final,aavPerc_rl_final,3.6254666432091588e-6,1093.3947019202228,3,900000,0.004,NA,NA,NA,NA,NA,NA,NA,0.0042,0.9
5571,Robbie Chosen,robbie chosen,00-0032688,AndeRo04,32,10,WAS,5,0.021806941784058554,301587301.5873016,6576696.728525596,6.5766967285255955,9.864767943101642e-5,glm_pair,term_ll_final,aavPerc_rl_final,2.1512042024846456e-6,648.7758705906074,1,1255000,0.0045,7.333333333333333,3.6666666666666665,37,0,0.01623630672926447,0.31611111111111106,NA,0.0042,1.255
