contractRowId,playerName,playerKey,playerId,pfrId,ageAtSigning,yearsExpAtSigning,prevSignedTeam,termScenario,aavPercPrediction,impliedCap2026,aavPrediction,aavPredictionMillions,termProbability,pairId,termModelId,aavModelId,weightedAavPercContribution,weightedAavContribution,prevContractTerm,prevContractAav,prevContractAavPerc,regWeightedTargets,regWeightedReceptions,regWeightedReceivingYards,regWeightedReceivingTds,regWeightedTargetShare,snapWeightedOffensePctMean,ngsWeightedYardsPerTarget,marketPrev1MedianAavPerc,prevContractAavMillions
5511,James Proche,james proche,00-0036133,ProcJa00,29,6,TEN,1,0.0014525074511766434,301587301.5873016,438057.80273581314,0.43805780273581313,0.9659553170204163,xgb_pair,term_xgb_final,aavPerc_xgb_final,0.0014030572954758513,423144.26371493936,1,1170000,0.0042,9,5,50.333333333333336,0,0.01667162668888756,0.2081481481481481,NA,0.0042,1.17
5594,Trenton Irwin,trenton irwin,00-0035341,IrwiTr00,30,7,JAX,1,0.004477307666093111,301587301.5873016,1350299.1373931605,1.3502991373931605,0.9610177874565125,xgb_pair,term_xgb_final,aavPerc_xgb_final,0.004302772307030883,1297661.4894220124,1,1170000,0.0042,10,3,15,0,0.01592356687898089,0.2914285714285714,NA,0.0042,1.17
5522,Josh Reynolds,josh reynolds,00-0033943,ReynJo00,31,9,NYJ,1,0.01328338123857975,301587301.5873016,4006099.103698655,4.006099103698655,0.9597665071487427,xgb_pair,term_xgb_final,aavPerc_xgb_final,0.012748944414476826,3844919.744048567,1,2750000,0.0098,22,11.666666666666666,132,0.3333333333333333,0.04423296594733105,0.7357777777777778,NA,0.0042,2.75
5541,Kristian Wilkerson,kristian wilkerson,00-0036183,WilkKr00,29,6,BUF,1,0.006247284356504679,301587301.5873016,1884101.6313268081,1.8841016313268082,0.959205150604248,xgb_pair,term_xgb_final,aavPerc_xgb_final,0.005992427332048633,1807239.9890305405,1,1100000,0.0039,3,2,18,1,0.00506756756756756,0.22,NA,0.0042,1.1
5570,River Cracraft,river cracraft,00-0034054,CracRi00,31,9,WAS,1,0.003931565210223198,301587301.5873016,1185710.1427657264,1.1857101427657264,0.958149790763855,xgb_pair,term_xgb_final,aavPerc_xgb_final,0.0037670283835498086,1136087.9251975615,1,1170000,0.0042,3,2.3333333333333335,22,0,0.00528169014084507,0.10916666666666668,NA,0.0042,1.17
5605,Zay Jones,zay jones,00-0033891,JoneZa00,30,9,ARI,1,0.00637900922447443,301587301.5873016,1923828.178809749,1.9238281788097489,0.9573437571525574,xgb_pair,term_xgb_final,aavPerc_xgb_final,0.006106904657869172,1841764.896817687,1,2400000,0.0086,15.666666666666666,10.666666666666666,150,0,0.02645978144210199,0.4459848484848485,NA,0.0042,2.4
5486,DJ Chark,dj chark,00-0034777,CharDJ00,29,8,ATL,1,0.005833751056343317,301587301.5873016,1759385.2392146513,1.7593852392146514,0.9515851140022278,xgb_pair,term_xgb_final,aavPerc_xgb_final,0.005551310664011072,1674204.8034319107,1,1300000,0.0047,10,4,31,1,0.02036659877800407,0.21714285714285717,NA,0.0042,1.3
5508,Jalen Reagor,jalen reagor,00-0036387,ReagJa00,27,6,LAC,1,0.003577068680897355,301587301.5873016,1078798.4910642817,1.0787984910642816,0.9471323490142822,xgb_pair,term_xgb_final,aavPerc_xgb_final,0.003387957462323732,1021764.9489547763,1,1337500,0.0048,12,7,100,0,0.02443991853360488,0.28250000000000003,NA,0.0042,1.3375
5447,Anthony Miller,anthony miller,00-0034353,MillAn02,31,8,BAL,1,0.004300698172301054,301587301.5873016,1297035.9567257147,1.2970359567257148,0.9461947679519653,xgb_pair,term_xgb_final,aavPerc_xgb_final,0.004069298109171837,1227248.636099443,1,1170000,0.0042,1,1,16,0,0.00218818380743982,0.07500000000000001,NA,0.0042,1.17
5479,Deandre Carter,deandre carter,00-0031763,CartDe02,32,11,CLE,1,0.0029711537063121796,301587301.5873016,896062.2288878002,0.8960622288878003,0.9457268118858337,xgb_pair,term_xgb_final,aavPerc_xgb_final,0.0028098997222933964,847430.0749773736,1,1422500,0.0051,4.666666666666667,3,24,0,0.00887198986058301,0.04666666666666666,NA,0.0042,1.4225
5571,Robbie Chosen,robbie chosen,00-0032688,AndeRo04,32,10,WAS,1,0.00555645115673542,301587301.5873016,1675755.110761476,1.6757551107614759,0.945594072341919,xgb_pair,term_xgb_final,aavPerc_xgb_final,0.005254147277066412,1584584.0994327276,1,1255000,0.0045,7.333333333333333,3.6666666666666665,37,0,0.01623630672926447,0.31611111111111106,NA,0.0042,1.255
5563,Noah Brown,noah brown,00-0033591,BrowNo00,30,9,WAS,1,0.004451909568160772,301587301.5873016,1342639.3935722965,1.3426393935722964,0.9440186023712158,xgb_pair,term_xgb_final,aavPerc_xgb_final,0.004202685448418175,1267476.563808656,1,3250000,0.0116,25.333333333333332,15,206.33333333333337,0.3333333333333333,0.05246913580246912,0.4836363636363636,8.089285714285714,0.0042,3.25
5446,Alex Bachman,alex bachman,00-0035602,BachAl00,29,7,LV,1,0.004067831672728062,301587301.5873016,1226806.3774894155,1.2268063774894156,0.9434612393379211,xgb_pair,term_xgb_final,aavPerc_xgb_final,0.003837841511370066,1157444.2653338294,1,1030000,0.0037,3,2.3333333333333335,18.333333333333332,0,0.0057377721851406,0.09871794871794871,NA,0.0042,1.03
5493,Elijah Moore,elijah moore,00-0036980,MoorEl00,25,5,BUF,1,0.008311123587191105,301587301.5873016,2506529.3358195396,2.5065293358195397,0.9432007670402527,xgb_pair,term_xgb_final,aavPerc_xgb_final,0.007839058142404987,2364160.3921538847,1,2500000,0.009,45.333333333333336,26.333333333333332,254,0.3333333333333333,0.07728816387101589,0.4619825708061002,5.2745098039215685,0.0042,2.5
5600,Tyler Lockett,tyler lockett,00-0032211,LockTy00,33,11,LV,1,4.6655075857415795e-4,301587301.5873016,140705.78433188892,0.14070578433188893,0.9421517252922058,xgb_pair,term_xgb_final,aavPerc_xgb_final,4.395616021270303e-4,132566.19746688218,1,1255000,0.0045,61.333333333333336,37.666666666666664,394,1.3333333333333333,0.11253329796288314,0.5635294117647058,6.22997542997543,0.0042,1.255
5519,Jordan Matthews,jordan matthews,00-0031299,NA,33,12,CAR,1,0.004865344148129225,301587301.5873016,1467326.0129278617,1.4673260129278616,0.9388465285301208,xgb_pair,term_xgb_final,aavPerc_xgb_final,0.004567811463575461,1377593.933459266,1,1255000,0.0045,1,0,0,0,0.00193050193050193,NA,NA,0.0042,1.255
5530,K.J. Osborn,k j osborn,00-0036345,OsboKJ00,28,6,WAS,1,0.0053986841812729836,301587301.5873016,1628174.5943521697,1.6281745943521697,0.937720775604248,xgb_pair,term_xgb_final,aavPerc_xgb_final,0.005062458317705687,1526773.1434350484,1,1195000,0.0043,18,7,57,1,0.036,0.495,NA,0.0042,1.195
5494,Equanimeous St. Brown,equanimeous st brown,00-0034279,St.BEq00,29,8,SF,1,0.003700920147821307,301587301.5873016,1116150.5207715055,1.1161505207715054,0.9376753568649292,xgb_pair,term_xgb_final,aavPerc_xgb_final,0.0034702616203369507,1046586.837879398,1,1170000,0.0042,NA,NA,NA,NA,NA,0.24,NA,0.0042,1.17
5444,Adam Thielen,adam thielen,00-0030035,ThieAd00,35,13,CAR,1,0.013986213132739067,301587301.5873016,4218064.278127655,4.218064278127655,0.9365358948707581,xgb_pair,term_xgb_final,aavPerc_xgb_final,0.01309859063212293,3950368.603338662,3,8333333,0.0371,44,28.666666666666668,329,1.6666666666666667,0.08975458975458976,0.4989166666666667,9.919354838709678,0.0042,8.333333
5599,Tyler Johnson,tyler johnson,00-0036427,JohnTy00,27,6,NYJ,1,0.004081577993929386,301587301.5873016,1230952.0934072754,1.2309520934072753,0.9365100264549255,xgb_pair,term_xgb_final,aavPerc_xgb_final,0.0038224387150726513,1152798.9775615935,1,1170000,0.0042,25.666666666666668,16.666666666666668,228.33333333333337,1,0.05068558956525371,0.3988888888888889,NA,0.0042,1.17
5593,Trent Taylor,trent taylor,00-0033292,TaylTr02,31,9,SF,1,0.004079609643667936,301587301.5873016,1230358.463963346,1.230358463963346,0.9362327456474304,xgb_pair,term_xgb_final,aavPerc_xgb_final,0.0038194641378609673,1151901.8828469587,1,1170000,0.0042,1,1,11,0,0.00194931773879142,0.095,NA,0.0042,1.17
5532,Kaden Davis,kaden davis,00-0037380,DaviKa02,27,4,CLE,1,0.0016987945418804884,301587301.5873016,512334.8618369727,0.5123348618369727,0.9361253380775452,xgb_pair,term_xgb_final,aavPerc_xgb_final,0.0015902846148421607,479609.6457460485,1,840000,0.003,0,0,0,0,0,0.09000000000000001,NA,0.0042,0.84
5587,Tay Martin,tay martin,00-0037524,MartTa00,28,4,WAS,1,0.005104564130306244,301587301.5873016,1539471.7218383912,1.539471721838391,0.9351003170013428,xgb_pair,term_xgb_final,aavPerc_xgb_final,0.004773279536403052,1439560.4951056826,1,840000,0.003,2,1.6666666666666667,31.666666666666668,0.3333333333333333,0.00440134414493388,0.13333333333333333,NA,0.0042,0.84
5500,Hunter Renfrow,hunter renfrow,00-0034983,RenfHu00,30,7,CAR,1,0.00231915176846087,301587301.5873016,699426.7238215322,0.6994267238215323,0.9342605471611023,xgb_pair,term_xgb_final,aavPerc_xgb_final,0.0021666920001518902,653446.7936966019,1,1220000,0.0044,26,15,89,2,0.05416666666666667,0.4916666666666667,NA,0.0042,1.22
5474,David Bell,david bell,00-0037257,BellDa02,25,4,CLE,1,0.004923827946186066,301587301.5873016,1484963.983770401,1.484963983770401,0.9326250553131104,xgb_pair,term_xgb_final,aavPerc_xgb_final,0.004592085310664018,1384914.617501847,4,1273726,0.00609999999999999,3,3,27,0,0.00473186119873817,0.13,NA,0.0042,1.273726
5473,Dante Pettis,dante pettis,00-0034860,PettDa00,30,8,NO,1,0.004319450352340937,301587301.5873016,1302691.3761028224,1.3026913761028223,0.9324464201927185,xgb_pair,term_xgb_final,aavPerc_xgb_final,0.004027656018240483,1214689.910263003,1,1255000,0.0045,16.666666666666668,10,124.66666666666669,0.3333333333333333,0.03103222014914728,0.2508333333333333,NA,0.0042,1.255
5468,Collin Johnson,collin johnson,00-0036254,JohnCo01,28,6,LV,1,0.003181350650265813,301587301.5873016,959454.9580166738,0.9594549580166738,0.9314264059066772,xgb_pair,term_xgb_final,aavPerc_xgb_final,0.0029631940021059566,893661.6831748124,1,1170000,0.0042,2,1,6,0,0.00380228136882129,0.05444444444444445,NA,0.0042,1.17
5554,Marquez Valdes-Scantling,marquez valdes scantling,00-0034272,ValdMa00,31,8,PIT,1,0.0028641021344810724,301587301.5873016,863776.8342085775,0.8637768342085775,0.9273833632469177,xgb_pair,term_xgb_final,aavPerc_xgb_final,0.002656120670157733,801052.2656031259,1,1255000,0.0045,34,15.666666666666666,217,2,0.06478114478114479,0.5011904761904762,NA,0.0042,1.255
5553,Marquez Callaway,marquez callaway,00-0036219,CallMa01,27,6,LV,1,0.006858706008642912,301587301.5873016,2068498.6375272276,2.068498637527228,0.926569402217865,xgb_pair,term_xgb_final,aavPerc_xgb_final,0.006355067126416342,1916607.5460620716,1,1170000,0.0042,NA,NA,NA,NA,NA,0.04,NA,0.0042,1.17
5604,Zach Pascal,zach pascal,00-0033251,PascZa00,31,9,NYG,1,0.0045364489778876305,301587301.5873016,1368135.406029603,1.368135406029603,0.9231544137001038,xgb_pair,term_xgb_final,aavPerc_xgb_final,0.0041878428964622905,1263000.2386156116,1,1422500,0.0051,0,0,0,0,0,0.06588235294117648,NA,0.0042,1.4225
5506,Jalen Cropper,jalen cropper,00-0038740,MoreJa01,24,3,DAL,1,0.0033062186557799578,301587301.5873016,997113.562854273,0.997113562854273,0.9222593307495117,xgb_pair,term_xgb_final,aavPerc_xgb_final,0.003049191004791174,919597.287159243,2,877500,0.0034,0,0,0,0,0,0.09555555555555556,NA,0.0042,0.8775
5454,Braxton Berrios,braxton berrios,00-0034419,BerrBr00,30,8,HOU,1,0.004450338892638683,301587301.5873016,1342165.6977799204,1.3421656977799203,0.9210754632949829,xgb_pair,term_xgb_final,aavPerc_xgb_final,0.0040990979573568564,1236235.8919012742,1,1800000,0.0064,6.666666666666667,4,24.666666666666668,0,0.0119917819151194,0.21777777777777776,NA,0.0042,1.8
5466,Chris Moore,chris moore,00-0032398,MoorCh00,32,10,WAS,1,0.005954255349934101,301587301.5873016,1795727.8039483798,1.7957278039483797,0.920868456363678,xgb_pair,term_xgb_final,aavPerc_xgb_final,0.005483085932888987,1653629.090871282,1,1255000,0.0045,23,11,207,1,0.05324074074074074,0.3538095238095238,NA,0.0042,1.255
5561,Montrell Washington,montrell washington,00-0037272,WashMo00,27,4,NYG,1,0.002723989775404334,301587301.5873016,821520.7259155929,0.8215207259155929,0.9207334518432617,xgb_pair,term_xgb_final,aavPerc_xgb_final,0.0025080685086937837,756401.6137330459,1,1030000,0.0037,0,0,0,0,0,0.07,NA,0.0042,1.03
5595,Trishton Jackson,trishton jackson,00-0035934,JackTr02,28,6,ARI,1,0.004487231373786926,301587301.5873016,1353292.0016182794,1.3532920016182794,0.9190611243247986,xgb_pair,term_xgb_final,aavPerc_xgb_final,0.004124039911498123,1243758.068547053,1,1100000,0.0039,NA,NA,NA,NA,NA,0.08499999999999999,NA,0.0042,1.1
5485,Diontae Johnson,diontae johnson,00-0035216,JohnDi01,29,7,CLE,1,0.0010530556319281459,301587301.5873016,317588.20645452023,0.31758820645452024,0.9157664775848389,xgb_pair,term_xgb_final,aavPerc_xgb_final,9.643530467517147e-4,290836.6331473426,1,1170000,0.0042,67,33,375,3,0.1293436293436293,0.5516666666666666,5.597014925373134,0.0042,1.17
5574,Russell Gage,russell gage,00-0034411,GageRu00,30,8,SF,1,0.003738424275070429,301587301.5873016,1127461.2893069547,1.1274612893069547,0.9155505299568176,xgb_pair,term_xgb_final,aavPerc_xgb_final,0.003422716326244163,1032247.7809307793,1,1170000,0.0042,NA,NA,NA,NA,NA,0.37,NA,0.0042,1.17
5538,Kelvin Harmon,kelvin harmon,00-0035297,HarmKe00,29,7,DAL,1,0.00309173041023314,301587301.5873016,932426.6316576137,0.9324266316576136,0.9150285124778748,xgb_pair,term_xgb_final,aavPerc_xgb_final,0.0028290214782582396,853196.9537604215,1,960000,0.0034,NA,NA,NA,NA,NA,NA,NA,0.0042,0.96
5558,Mike Williams,mike williams,00-0033536,WillMi07,31,9,LAC,1,0.008102549239993095,301587301.5873016,2443625.961267759,2.443625961267759,0.9146344065666199,xgb_pair,term_xgb_final,aavPerc_xgb_final,0.007410870315797902,2235024.380954923,1,3000000,0.0107,34,21,298,1,0.05772495755517826,0.4066666666666666,NA,0.0042,3
5567,Racey McMath,racey mcmath,00-0036652,McMaRa00,26,5,DAL,1,0.0034518097527325153,301587301.5873016,1041021.9889193301,1.04102198891933,0.9129927158355713,xgb_pair,term_xgb_final,aavPerc_xgb_final,0.003151477160694971,950445.4929080071,2,1042500,0.0041,NA,NA,NA,NA,NA,NA,NA,0.0042,1.0425
5484,Dez Fitzpatrick,dez fitzpatrick,00-0036627,FitzDe00,28,5,LAC,1,0.005938586313277483,301587301.5873016,1791002.221464638,1.791002221464638,0.9112281799316406,xgb_pair,term_xgb_final,aavPerc_xgb_final,0.005411407197614793,1632011.694518747,1,1030000,0.0037,NA,NA,NA,NA,NA,0.13,NA,0.0042,1.03
5572,Robert Woods,robert woods,00-0030431,WoodRo02,33,13,PIT,1,0.0049790977500379086,301587301.5873016,1501632.6547733375,1.5016326547733376,0.9098806977272034,xgb_pair,term_xgb_final,aavPerc_xgb_final,0.004530384934856441,1366306.567655117,1,2000000,0.0072,30,20,203,0,0.05484460694698354,0.37066666666666664,NA,0.0042,2
5476,David Sills,david sills,00-0035359,SillDa01,30,7,ATL,1,0.002534102415665984,301587301.5873016,764253.1094865667,0.7642531094865668,0.9085999131202698,xgb_pair,term_xgb_final,aavPerc_xgb_final,0.002302485234711979,694400.3088813906,1,1100000,0.0039,36,18,191,2,0.06936416184971098,0.15333333333333335,NA,0.0042,1.1
5527,Justyn Ross,justyn ross,00-0037216,RossJu00,26,4,KC,1,0.003696840489283204,301587301.5873016,1114920.1475616014,1.1149201475616013,0.9083213806152344,xgb_pair,term_xgb_final,aavPerc_xgb_final,0.0033579192571400185,1012705.8077088946,1,960000,0.0034,1,0,0,0,0.00174825174825174,0.09,NA,0.0042,0.96
5510,Jamal Agnew,jamal agnew,00-0033572,AgneJa00,30,9,ATL,1,0.0047589694149792194,301587301.5873016,1435244.7442000823,1.4352447442000822,0.9052219986915588,xgb_pair,term_xgb_final,aavPerc_xgb_final,0.0043079238055394875,1299215.1159563535,1,2500000,0.009,0,0,0,0,0,0.00181818181818181,NA,0.0042,2.5
5507,Jalen Moreno-Cropper,jalen moreno cropper,NA,NA,25,NA,DAL,1,0.004645222332328558,301587301.5873016,1400940.0684800413,1.4009400684800413,0.9045519828796387,xgb_pair,term_xgb_final,aavPerc_xgb_final,0.004201845071624577,1267223.116839158,3,901667,0.004,NA,NA,NA,NA,NA,0.09555555555555556,NA,0.0042,0.901667
5569,Ray-Ray McCloud,ray ray mccloud,00-0034407,McClRa00,29,8,ATL,1,0.009614108130335808,301587301.5873016,2899492.9281965136,2.8994929281965134,0.9038937091827393,xgb_pair,term_xgb_final,aavPerc_xgb_final,0.008690131858413164,2620833.4176166686,2,2500000,0.0098,39,25.333333333333332,274.6666666666667,0.3333333333333333,0.07307116225365606,0.6370588235294118,7.885057471264368,0.0042,2.5
5480,DeAndre Hopkins,deandre hopkins,00-0030564,HopkDe00,33,13,BAL,1,0.013886462897062302,301587301.5873016,4187980.8737172023,4.187980873717202,0.9037455916404724,xgb_pair,term_xgb_final,aavPerc_xgb_final,0.012549829626699038,3784869.2524965354,1,5000000,0.0179,52.666666666666664,33.333333333333336,423.3333333333333,3,0.11647903955596264,0.3833333333333333,7.725,0.0042,5
5537,Keith Kirkwood,keith kirkwood,00-0034317,KirkKe00,31,8,BAL,1,0.0033761444501578808,301587301.5873016,1018202.2944920594,1.0182022944920595,0.90347820520401,xgb_pair,term_xgb_final,aavPerc_xgb_final,0.0030502729283381214,919923.5815622907,1,1170000,0.0042,NA,NA,NA,NA,NA,NA,NA,0.0042,1.17
5556,Michael Gallup,michael gallup,00-0034764,GallMi00,30,8,WAS,1,0.0033761444501578808,301587301.5873016,1018202.2944920594,1.0182022944920595,0.9034733176231384,xgb_pair,term_xgb_final,aavPerc_xgb_final,0.003050256427159087,919918.6050162327,1,1250000,0.0045,NA,NA,NA,NA,NA,NA,NA,0.0042,1.25
5560,Miles Boykin,miles boykin,00-0035703,BoykMi00,29,7,CHI,1,0.0029250504449009895,301587301.5873016,882158.0706844255,0.8821580706844255,0.901328444480896,xgb_pair,term_xgb_final,aavPerc_xgb_final,0.0026364311675307617,795114.1616362616,1,1170000,0.0042,NA,NA,NA,NA,NA,NA,NA,0.0042,1.17
5566,Quintez Cephus,quintez cephus,00-0036277,CephQu00,27,6,HOU,1,0.0036475188098847866,301587301.5873016,1100045.3553620786,1.1000453553620786,0.8994843363761902,xgb_pair,term_xgb_final,aavPerc_xgb_final,0.0032808860361288883,989473.5664515697,1,1100000,0.0039,NA,NA,NA,NA,NA,NA,NA,0.0042,1.1
5573,Rondale Moore,rondale moore,00-0036936,MoorRo02,25,5,MIN,1,0.0026296142023056746,301587301.5873016,793058.251489013,0.793058251489013,0.8984892964363098,xgb_pair,term_xgb_final,aavPerc_xgb_final,0.0023626802145285536,712554.3504133733,1,2000000,0.0072,NA,NA,NA,NA,NA,NA,NA,0.0042,2
5528,Juwann Winfree,juwann winfree,00-0035593,WinfJu00,29,7,HOU,1,0.0031588529236614704,301587301.5873016,952669.9293582214,0.9526699293582214,0.8984852433204651,xgb_pair,term_xgb_final,aavPerc_xgb_final,0.0028381827377295388,855959.8732835118,1,1170000,0.0042,NA,NA,NA,NA,NA,NA,NA,0.0042,1.17
5559,Mike Woods,mike woods,00-0037300,WoodMi00,26,4,CLE,1,0.008360227569937706,301587301.5873016,2521338.4734732765,2.5213384734732767,0.8982052206993103,xgb_pair,term_xgb_final,aavPerc_xgb_final,0.007509200049552356,2264679.3800237263,4,957072,0.0046,17,7,65,0,0.02681388012618296,0.838,NA,0.0042,0.957072
5591,Tim Patrick,tim patrick,00-0033375,PatrTi00,32,9,DET,1,0.0071343062445521355,301587301.5873016,2151616.168991914,2.151616168991914,0.8937543630599976,xgb_pair,term_xgb_final,aavPerc_xgb_final,0.006376317333474657,1923016.3386669601,1,2500000,0.009,30.666666666666668,21,256,3,0.05734751961821242,0.40895833333333337,NA,0.0042,2.5
5461,Bryce Ford-Wheaton,bryce ford wheaton,00-0038477,FordBr00,26,3,NYG,1,0.003168631112203002,301587301.5873016,955618.9068548736,0.9556189068548736,0.8929507732391357,xgb_pair,term_xgb_final,aavPerc_xgb_final,0.0028294316017512533,853320.641797997,3,905000,0.004,0,0,0,0,0,0.00285714285714285,NA,0.0042,0.905
5524,JuJu Smith-Schuster,juju smith schuster,00-0033857,SmitJu00,29,9,KC,1,0.005130128003656864,301587301.5873016,1547181.4614203242,1.547181461420324,0.891829788684845,xgb_pair,term_xgb_final,aavPerc_xgb_final,0.004575200973427507,1379822.5157955973,1,1422500,0.0051,38.666666666666664,28,307,1.3333333333333333,0.06979632389468454,0.5370448179271708,7.666666666666667,0.0042,1.4225
5552,Malik Taylor,malik taylor,00-0035480,TaylMa01,30,7,DET,1,0.0033761444501578808,301587301.5873016,1018202.2944920594,1.0182022944920595,0.8911609053611755,xgb_pair,term_xgb_final,aavPerc_xgb_final,0.0030086879448328052,907382.07860037,1,1100000,0.0039,NA,NA,NA,NA,NA,NA,NA,0.0042,1.1
5568,Rakim Jarrett,rakim jarrett,00-0038821,JarrRa00,25,3,TB,1,0.004375807009637356,301587301.5873016,1319687.8283033296,1.3196878283033298,0.8909087777137756,xgb_pair,term_xgb_final,aavPerc_xgb_final,0.0038984448744673883,1175721.4700774665,3,906667,0.004,11,9,124,0,0.01953818827708703,0.325,NA,0.0042,0.906667
5501,Jacob Harris,jacob harris,00-0036918,HarrJa03,28,5,TB,1,0.0033446047455072403,301587301.5873016,1008690.3200736123,1.0086903200736124,0.8889324069023132,xgb_pair,term_xgb_final,aavPerc_xgb_final,0.00297312754656065,896657.5140421009,1,1100000,0.0039,NA,NA,NA,NA,NA,NA,NA,0.0042,1.1
5483,Deon Cain,deon cain,00-0034406,CainDe00,29,8,BUF,1,0.00361223635263741,301587301.5873016,1089404.614287473,1.089404614287473,0.8886882066726685,xgb_pair,term_xgb_final,aavPerc_xgb_final,0.003210151846303161,968141.0330120645,1,960000,0.0034,NA,NA,NA,NA,NA,NA,NA,0.0042,0.96
5557,Mike Strachan,mike strachan,00-0036482,StraMi03,28,5,WAS,1,0.003202369436621666,301587301.5873016,965793.9570763755,0.9657939570763755,0.887032151222229,xgb_pair,term_xgb_final,aavPerc_xgb_final,0.002840604650374834,856690.2913828865,1,1100000,0.0039,NA,NA,NA,NA,NA,NA,NA,0.0042,1.1
5491,Easop Winston,easop winston,00-0036080,WinsEa00,29,5,NYJ,1,0.0033196676522493362,301587301.5873016,1001169.60940853,1.00116960940853,0.8853734731674194,xgb_pair,term_xgb_final,aavPerc_xgb_final,0.002939145679033528,886409.014311699,1,960000,0.0034,NA,NA,NA,NA,NA,NA,NA,0.0042,0.96
5469,Cornell Powell,cornell powell,00-0036647,PoweCo00,28,5,HOU,1,0.0031777378171682358,301587301.5873016,958365.3734316903,0.9583653734316903,0.8842530250549316,xgb_pair,term_xgb_final,aavPerc_xgb_final,0.0028099242776624678,847437.4805648713,1,960000,0.0034,NA,NA,NA,NA,NA,NA,NA,0.0042,0.96
5449,Austin Mack,austin mack,00-0035869,MackAu01,28,6,ATL,1,0.0032262392342090607,301587301.5873016,972992.784920193,0.972992784920193,0.8829862475395203,xgb_pair,term_xgb_final,aavPerc_xgb_final,0.002848724875079034,859139.2480397087,2,984500,0.0039,NA,NA,NA,NA,NA,NA,NA,0.0042,0.9845
5488,Donovan Peoples-Jones,donovan peoples jones,00-0036233,PeopDo00,27,6,NO,1,0.003385328222066164,301587301.5873016,1020972.0034802718,1.0209720034802718,0.881090521812439,xgb_pair,term_xgb_final,aavPerc_xgb_final,0.0029827806096866527,899568.755302324,1,1170000,0.0042,NA,NA,NA,NA,NA,NA,NA,0.0042,1.17
5577,Scotty Washington,scotty washington,00-0035769,NA,28,6,BAL,1,0.002965126419439912,301587301.5873016,894244.4757041004,0.8942444757041005,0.8809148073196411,xgb_pair,term_xgb_final,aavPerc_xgb_final,0.0026120237684592873,787753.2000115311,1,840000,0.003,NA,NA,NA,NA,NA,NA,NA,0.0042,0.84
5543,Lance McCutcheon,lance mccutcheon,00-0037055,McCuLa01,27,4,PIT,1,0.0032204254530370235,301587301.5873016,971239.4223444993,0.9712394223444992,0.8808016777038574,xgb_pair,term_xgb_final,aavPerc_xgb_final,0.0028365561419552154,855469.3126531603,1,960000,0.0034,NA,NA,NA,NA,NA,NA,NA,0.0042,0.96
5478,Dax Milne,dax milne,00-0036671,MilnDa00,26,5,CAR,1,0.0029900979716330767,301587301.5873016,901775.5787464835,0.9017755787464835,0.8807850480079651,xgb_pair,term_xgb_final,aavPerc_xgb_final,0.0026336335854933585,794270.446418632,1,1030000,0.0037,NA,NA,NA,NA,NA,NA,NA,0.0042,1.03
5496,Gabriel Davis,gabriel davis,NA,NA,27,NA,BUF,1,0.007836728356778622,301587301.5873016,2363457.7583935526,2.3634577583935528,0.8775562644004822,xgb_pair,term_xgb_final,aavPerc_xgb_final,0.006877170061895976,2074067.1615241833,1,1170000,0.0042,NA,NA,NA,NA,NA,0.6197777777777778,NA,0.0042,1.17
5542,Kyle Philips,kyle philips,00-0037273,PhilKy01,26,4,LV,1,0.0030726660043001175,301587301.5873016,926677.0489159086,0.9266770489159085,0.8767105937004089,xgb_pair,term_xgb_final,aavPerc_xgb_final,0.0026938388368730193,812427.5857236091,1,1030000,0.0037,NA,NA,NA,NA,NA,NA,NA,0.0042,1.03
5458,Braylon Sanders,braylon sanders,00-0037355,SandBr00,27,4,WAS,1,0.0036321617662906647,301587301.5873016,1095413.866024169,1.095413866024169,0.8742737770080566,xgb_pair,term_xgb_final,aavPerc_xgb_final,0.0031755037861191937,957691.6180359474,1,960000,0.0034,NA,NA,NA,NA,NA,NA,NA,0.0042,0.96
5586,Tarik Black,tarik black,00-0036491,BlacTa00,28,5,MIA,1,0.0037432245444506407,301587301.5873016,1128908.989596225,1.128908989596225,0.8723092079162598,xgb_pair,term_xgb_final,aavPerc_xgb_final,0.0032652492374224407,984757.7065242282,1,840000,0.003,NA,NA,NA,NA,NA,NA,NA,0.0042,0.84
5463,Cedrick Wilson,cedrick wilson,00-0020452,WilsCe00,47,25,MIA,1,0.004298165440559387,301587301.5873016,1296272.116994101,1.2962721169941012,0.8718381524085999,xgb_pair,term_xgb_final,aavPerc_xgb_final,0.0037473046164437918,1130139.4874989216,1,1170000,0.0042,NA,NA,NA,NA,NA,NA,NA,0.0042,1.17
5579,Seth Williams,seth williams,00-0036657,WillSe00,25,5,LV,1,0.0026957886293530464,301587301.5873016,813015.6183763157,0.8130156183763156,0.8696702718734741,xgb_pair,term_xgb_final,aavPerc_xgb_final,0.002344447230202884,707055.5138707111,1,840000,0.003,NA,NA,NA,NA,NA,NA,NA,0.0042,0.84
5555,Mathew Sexton,mathew sexton,00-0036471,SextMa00,28,3,MIA,1,0.003711046651005745,301587301.5873016,1119204.5455414152,1.1192045455414152,0.8692566156387329,xgb_pair,term_xgb_final,aavPerc_xgb_final,0.003225851852330708,972875.9554648168,2,877500,0.0034,NA,NA,NA,NA,NA,NA,NA,0.0042,0.8775
5470,D'Wayne Eskridge,d wayne eskridge,NA,NA,28,NA,MIA,1,0.007801172789186239,301587301.5873016,2352734.6507069613,2.352734650706961,0.8673667907714844,xgb_pair,term_xgb_final,aavPerc_xgb_final,0.006766478206410298,2040683.9035205662,1,1270000,0.0045,NA,NA,NA,NA,NA,0.11175213675213676,NA,0.0042,1.27
5533,Kawaan Baker,kawaan baker,00-0036939,BakeKa00,27,5,LV,1,0.002709918888285756,301587301.5873016,817277.1250385614,0.8172771250385614,0.8673128485679626,xgb_pair,term_xgb_final,aavPerc_xgb_final,0.0023503474703872457,708834.9513866297,1,840000,0.003,NA,NA,NA,NA,NA,NA,NA,0.0042,0.84
5464,Chase Cota,chase cota,00-0038651,CotaCh00,26,3,CLE,1,0.002530979923903942,301587301.5873016,763311.4056218239,0.7633114056218239,0.8647863268852234,xgb_pair,term_xgb_final,aavPerc_xgb_final,0.0021887568318131323,660101.2667372939,1,840000,0.003,NA,NA,NA,NA,NA,NA,NA,0.0042,0.84
5453,Brandon Johnson,brandon johnson,00-0037382,JohnBr23,27,4,PIT,1,0.005115221254527569,301587301.5873016,1542685.7751749812,1.5426857751749812,0.8627498149871826,xgb_pair,term_xgb_final,aavPerc_xgb_final,0.004413156190962164,1330951.8671155735,1,1100000,0.0039,0.3333333333333333,0.3333333333333333,3,0,7.246376811594203e-4,0.1,NA,0.0042,1.1
5551,Malik Knowles,malik knowles,00-0038806,KnowMa00,25,3,SF,1,0.0028407229110598564,301587301.5873016,856725.9573037663,0.8567259573037663,0.862087070941925,xgb_pair,term_xgb_final,aavPerc_xgb_final,0.0024489504937532103,738572.3711319206,1,840000,0.003,NA,NA,NA,NA,NA,NA,NA,0.0042,0.84
5477,David White Jr,david white jr,00-0039562,WhitDa06,25,2,BUF,1,0.0029248313512653112,301587301.5873016,882091.9948260463,0.8820919948260463,0.8611564040184021,xgb_pair,term_xgb_final,aavPerc_xgb_final,0.0025187372488159193,759619.170277817,1,840000,0.003,NA,NA,NA,NA,NA,NA,NA,0.0042,0.84
5504,Jadon Janke,jadon janke,00-0039604,NA,26,2,GB,1,0.002884447341784835,301587301.5873016,869912.6903795535,0.8699126903795534,0.8605968356132507,xgb_pair,term_xgb_final,aavPerc_xgb_final,0.0024823462548330816,748644.1086004532,1,840000,0.003,NA,NA,NA,NA,NA,NA,NA,0.0042,0.84
5525,Julian Hicks,julian hicks,00-0039329,HickJu01,26,2,GB,1,0.002884447341784835,301587301.5873016,869912.6903795535,0.8699126903795534,0.8601228594779968,xgb_pair,term_xgb_final,aavPerc_xgb_final,0.002480979095629679,748231.7907454588,1,840000,0.003,NA,NA,NA,NA,NA,NA,NA,0.0042,0.84
5535,Kearis Jackson,kearis jackson,00-0038969,JackKe02,26,3,HOU,1,0.002782132476568222,301587301.5873016,839055.8262666067,0.8390558262666067,0.8598526120185852,xgb_pair,term_xgb_final,aavPerc_xgb_final,0.002392223876958921,721464.343844754,1,840000,0.003,NA,NA,NA,NA,NA,NA,NA,0.0042,0.84
5585,T.J. Luther,t j luther,00-0038502,LuthTJ00,25,3,CAR,1,0.0028407229110598564,301587301.5873016,856725.9573037663,0.8567259573037663,0.8583138585090637,xgb_pair,term_xgb_final,aavPerc_xgb_final,0.002438231842746885,735339.762098267,1,840000,0.003,NA,NA,NA,NA,NA,NA,NA,0.0042,0.84
5505,Jaelen Gill,jaelen gill,00-0039659,GillJa01,26,2,CLE,1,0.0025747043546289206,301587301.5873016,776498.138697611,0.7764981386976111,0.8566485643386841,xgb_pair,term_xgb_final,aavPerc_xgb_final,0.002205616788989423,665186.0157269689,1,840000,0.003,NA,NA,NA,NA,NA,NA,NA,0.0042,0.84
5545,Lideatrick Griffin,lideatrick griffin,00-0039541,GrifLi00,25,2,GB,1,0.0032658616546541452,301587301.5873016,984942.4037845836,0.9849424037845835,0.8556366562843323,xgb_pair,term_xgb_final,aavPerc_xgb_final,0.0027943909460754895,842752.8250068937,1,840000,0.003,NA,NA,NA,NA,NA,NA,NA,0.0042,0.84
5514,Jesse Matthews,jesse matthews,00-0038726,MattJe00,26,3,ATL,1,0.0028407229110598564,301587301.5873016,856725.9573037663,0.8567259573037663,0.8532764911651611,xgb_pair,term_xgb_final,aavPerc_xgb_final,0.0024239220779216364,731024.1187382713,1,840000,0.003,NA,NA,NA,NA,NA,NA,NA,0.0042,0.84
5495,Erik Ezukanma,erik ezukanma,00-0038092,EzukEr00,26,4,MIA,1,0.0068590412847697735,301587301.5873016,2068599.7525496143,2.0685997525496145,0.849748432636261,xgb_pair,term_xgb_final,aavPerc_xgb_final,0.005828459581120521,1757789.3974807921,4,1096248,0.0053,2,0,0,0,0.00352112676056338,0.14,NA,0.0042,1.096248
5475,David Durden,david durden,00-0038734,DurdDa00,27,3,DAL,1,0.0031357312109321356,301587301.5873016,945696.7144081044,0.9456967144081044,0.8495263457298279,xgb_pair,term_xgb_final,aavPerc_xgb_final,0.0026638862768141452,803394.2739598217,3,901667,0.004,NA,NA,NA,NA,NA,NA,NA,0.0042,0.901667
5517,Johnny King,johnny king,00-0038434,NA,26,3,IND,1,0.0034368711058050394,301587301.5873016,1036516.6827031072,1.0365166827031072,0.8482245802879333,xgb_pair,term_xgb_final,aavPerc_xgb_final,0.002915238551225205,879198.9281472841,3,900000,0.004,NA,NA,NA,NA,NA,NA,NA,0.0042,0.9
5562,Nick Williams,nick williams,00-0039045,NA,NA,3,DEN,1,0.0034368711058050394,301587301.5873016,1036516.6827031072,1.0365166827031072,0.8476300239562988,xgb_pair,term_xgb_final,aavPerc_xgb_final,0.002913195137748237,878582.6605907382,3,898333,0.004,NA,NA,NA,NA,NA,NA,NA,0.0042,0.898333
5526,Justin Marshall,justin marshall,00-0038929,NA,NA,3,ATL,1,0.0034368711058050394,301587301.5873016,1036516.6827031072,1.0365166827031072,0.8459924459457397,xgb_pair,term_xgb_final,aavPerc_xgb_final,0.0029075669932002446,876885.2836635659,3,904167,0.004,NA,NA,NA,NA,NA,NA,NA,0.0042,0.904167
5490,Dontay Demus Jr.,dontay demus jr,00-0038447,DemuDo00,25,3,BAL,1,0.0030561501625925303,301587301.5873016,921696.0807818742,0.9216960807818743,0.8410214781761169,xgb_pair,term_xgb_final,aavPerc_xgb_final,0.00257028792727175,775166.2002883055,3,899167,0.004,NA,NA,NA,NA,NA,NA,NA,0.0042,0.899167
5472,Daniel Arias,daniel arias,00-0038702,AriaDa00,27,3,ARI,1,0.0031357312109321356,301587301.5873016,945696.7144081044,0.9456967144081044,0.8410074710845947,xgb_pair,term_xgb_final,aavPerc_xgb_final,0.0026371733757070692,795338.0021973702,3,902333,0.004,NA,NA,NA,NA,NA,NA,NA,0.0042,0.902333
5451,Avery Davis,avery davis,00-0039186,NA,NA,3,DET,1,0.0034368711058050394,301587301.5873016,1036516.6827031072,1.0365166827031072,0.8402348160743713,xgb_pair,term_xgb_final,aavPerc_xgb_final,0.0028877787614574185,870917.4042490629,3,898333,0.004,NA,NA,NA,NA,NA,NA,NA,0.0042,0.898333
5467,Cody Chrest,cody chrest,00-0038430,NA,NA,3,IND,1,0.0034368711058050394,301587301.5873016,1036516.6827031072,1.0365166827031072,0.839799702167511,xgb_pair,term_xgb_final,aavPerc_xgb_final,0.0028862833310431962,870466.4014257259,3,898333,0.004,NA,NA,NA,NA,NA,NA,NA,0.0042,0.898333
5578,Sean Ryan,sean ryan,00-0038455,RyanSe01,27,3,BAL,1,0.0031357312109321356,301587301.5873016,945696.7144081044,0.9456967144081044,0.8396669030189514,xgb_pair,term_xgb_final,aavPerc_xgb_final,0.0026329697145832526,794070.2313822508,3,900000,0.004,NA,NA,NA,NA,NA,NA,NA,0.0042,0.9
5521,Joseph Ngata,joseph ngata,00-0038484,NgatJo01,25,3,PHI,1,0.0030561501625925303,301587301.5873016,921696.0807818742,0.9216960807818743,0.8393838405609131,xgb_pair,term_xgb_final,aavPerc_xgb_final,0.002565283060807777,773656.7961166312,3,908333,0.004,NA,NA,NA,NA,NA,NA,NA,0.0042,0.908333
5597,Tyler Adams,tyler adams,00-0038531,NA,NA,3,IND,1,0.0034368711058050394,301587301.5873016,1036516.6827031072,1.0365166827031072,0.839371383190155,xgb_pair,term_xgb_final,aavPerc_xgb_final,0.0028848112539258536,870022.4416601781,3,898333,0.004,NA,NA,NA,NA,NA,NA,NA,0.0042,0.898333
5489,Dontavian Jackson,dontavian jackson,NA,NA,28,NA,MIN,1,0.0034783263690769672,301587301.5873016,1049019.0636898791,1.049019063689879,0.8344564437866211,xgb_pair,term_xgb_final,aavPerc_xgb_final,0.002902511852269196,875360.7173510275,3,898333,0.004,NA,NA,NA,NA,NA,NA,NA,0.0042,0.898333
5465,Chris Coleman,chris coleman,00-0019038,ColeCh01,48,26,MIA,1,0.004547173622995615,301587301.5873016,1371369.8228082014,1.3713698228082014,0.832690417766571,xgb_pair,term_xgb_final,aavPerc_xgb_final,0.003786387903789351,1141926.5106666298,3,900000,0.004,NA,NA,NA,NA,NA,NA,NA,0.0042,0.9
5583,Steven Sims Jr.,steven sims jr,NA,NA,28,NA,SEA,1,0.004215727094560862,301587301.5873016,1271409.7586770854,1.2714097586770854,0.8324919939041138,xgb_pair,term_xgb_final,aavPerc_xgb_final,0.003509559054706568,1058438.4450702348,1,1170000,0.0042,NA,NA,NA,NA,NA,NA,NA,0.0042,1.17
5544,Laviska Shenault,laviska shenault,NA,NA,27,NA,BUF,1,0.004504180047661066,301587301.5873016,1358403.5064374644,1.3584035064374644,0.8316379189491272,xgb_pair,term_xgb_final,aavPerc_xgb_final,0.0037458469214090295,1129699.86518685,1,1210000,0.0043,NA,NA,NA,NA,NA,NA,NA,0.0042,1.21
5448,Aron Cruickshank,aron cruickshank,00-0038422,NA,25,3,CHI,1,0.0034368711058050394,301587301.5873016,1036516.6827031072,1.0365166827031072,0.8311658501625061,xgb_pair,term_xgb_final,aavPerc_xgb_final,0.002856609894555398,861517.2697865487,3,901000,0.004,NA,NA,NA,NA,NA,NA,NA,0.0042,0.901
5601,Tyrone Scott,tyrone scott,NA,NA,NA,NA,KC,1,0.0039017456583678722,301587301.5873016,1176716.9445871362,1.1767169445871362,0.8293337225914001,xgb_pair,term_xgb_final,aavPerc_xgb_final,0.003235849251459061,975891.0440908279,3,898333,0.004,NA,NA,NA,NA,NA,NA,NA,0.0042,0.898333
5590,Thayer Thomas,thayer thomas,00-0038810,ThomTh01,27,3,MIN,1,0.0026871557347476482,301587301.5873016,810412.0469873861,0.8104120469873861,0.8292982578277588,xgb_pair,term_xgb_final,aavPerc_xgb_final,0.002228453569338096,672073.298689267,3,901667,0.004,NA,NA,NA,NA,NA,NA,NA,0.0042,0.901667
5596,Tyjon Lindsey,tyjon lindsey,00-0038763,LindTy01,27,3,SEA,1,0.003349848324432969,301587301.5873016,1010271.7168924828,1.0102717168924829,0.8287636637687683,xgb_pair,term_xgb_final,aavPerc_xgb_final,0.002776232570426737,837276.489493778,3,898667,0.004,NA,NA,NA,NA,NA,NA,NA,0.0042,0.898667
5576,Scotty Miller,scotty miller,NA,NA,28,NA,PIT,1,0.005995151586830616,301587301.5873016,1808061.5896790747,1.8080615896790746,0.8276441693305969,xgb_pair,term_xgb_final,aavPerc_xgb_final,0.004961852255093435,1496431.6324884964,1,1337500,0.0048,NA,NA,NA,NA,NA,NA,NA,0.0042,1.3375
5460,Bryan Thompson,bryan thompson,00-0038680,ThomBr05,26,3,BUF,1,0.0031509583350270987,301587301.5873016,950289.0216748393,0.9502890216748393,0.8267017006874084,xgb_pair,term_xgb_final,aavPerc_xgb_final,0.0026049026143620674,785605.5503631632,3,900500,0.004,NA,NA,NA,NA,NA,NA,NA,0.0042,0.9005
5549,Malik Flowers,malik flowers,00-0038904,FlowMa01,26,3,NO,1,0.0034368711058050394,301587301.5873016,1036516.6827031072,1.0365166827031072,0.8263013362884521,xgb_pair,term_xgb_final,aavPerc_xgb_final,0.0028398911873778743,856475.1200028511,3,898667,0.004,NA,NA,NA,NA,NA,NA,NA,0.0042,0.898667
5534,Kazmeir Allen,kazmeir allen,00-0038830,AlleKa00,26,3,WAS,1,0.0031105743255466223,301587301.5873016,938109.7172283465,0.9381097172283465,0.8248238563537598,xgb_pair,term_xgb_final,aavPerc_xgb_final,0.0025656759106723603,773775.2746472199,3,903333,0.004,NA,NA,NA,NA,NA,NA,NA,0.0042,0.903333
5487,DJ Montgomery,dj montgomery,NA,NA,29,NA,IND,1,0.0038781757466495037,301587301.5873016,1169608.5585133424,1.1696085585133424,0.8235353231430054,xgb_pair,term_xgb_final,aavPerc_xgb_final,0.003193814716722365,963213.9621861101,1,1030000,0.0037,NA,NA,NA,NA,NA,NA,NA,0.0042,1.03
5482,Demetric Felton,demetric felton,NA,NA,27,NA,WAS,1,0.0038781757466495037,301587301.5873016,1169608.5585133424,1.1696085585133424,0.8234975337982178,xgb_pair,term_xgb_final,aavPerc_xgb_final,0.003193668163001928,963169.763445026,1,1030000,0.0037,NA,NA,NA,NA,NA,NA,NA,0.0042,1.03
5603,Xavier Malone,xavier malone,00-0038928,NA,26,3,ATL,1,0.0031105743255466223,301587301.5873016,938109.7172283465,0.9381097172283465,0.8226915597915649,xgb_pair,term_xgb_final,aavPerc_xgb_final,0.002559043243731546,771774.9465222124,3,901667,0.004,NA,NA,NA,NA,NA,NA,NA,0.0042,0.901667
5450,Austin Watkins,austin watkins,NA,NA,27,NA,PHI,1,0.0038187915924936533,301587301.5873016,1151699.0517044351,1.1516990517044352,0.819785475730896,xgb_pair,term_xgb_final,aavPerc_xgb_final,0.0031305898823695555,944146.1550003422,2,902500,0.00349999999999999,NA,NA,NA,NA,NA,NA,NA,0.0042,0.9025
5513,Jerome Kapp,jerome kapp,00-0039033,NA,NA,3,NYJ,1,0.0034368711058050394,301587301.5873016,1036516.6827031072,1.0365166827031072,0.8191706538200378,xgb_pair,term_xgb_final,aavPerc_xgb_final,0.0028153839508375106,849084.048665281,3,898333,0.004,NA,NA,NA,NA,NA,NA,NA,0.0042,0.898333
5581,Shaq Davis,shaq davis,NA,NA,25,NA,PHI,1,0.00379363470710814,301587301.5873016,1144112.0545246773,1.1441120545246772,0.8160097002983093,xgb_pair,term_xgb_final,aavPerc_xgb_final,0.003095642720388578,933606.5347203648,2,927500,0.0036,NA,NA,NA,NA,NA,NA,NA,0.0042,0.9275
5520,Jose Barbon,jose barbon,00-0038730,NA,26,3,DAL,1,0.0034368711058050394,301587301.5873016,1036516.6827031072,1.0365166827031072,0.8154398798942566,xgb_pair,term_xgb_final,aavPerc_xgb_final,0.002802561761729702,845217.0392518151,3,899333,0.004,NA,NA,NA,NA,NA,NA,NA,0.0042,0.899333
5529,K.J. Hamler,k j hamler,NA,NA,26,NA,BUF,1,0.00447902362793684,301587301.5873016,1350816.6496952376,1.3508166496952376,0.814978837966919,xgb_pair,term_xgb_final,aavPerc_xgb_final,0.0036503094715223394,1100886.9834749913,1,1108000,0.004,NA,NA,NA,NA,NA,NA,NA,0.0042,1.108
5515,John Hall,john hall,00-0038759,NA,28,3,SEA,1,0.0036761451046913862,301587301.5873016,1108678.6823672436,1.1086786823672437,0.814879298210144,xgb_pair,term_xgb_final,aavPerc_xgb_final,0.0029956145430295733,903439.3066279667,3,901667,0.004,NA,NA,NA,NA,NA,NA,NA,0.0042,0.901667
5499,Grant DuBose,grant dubose,00-0038507,DuboGr00,24,3,BUF,1,0.0040119546465575695,301587301.5873016,1209954.5759459338,1.2099545759459338,0.8146795630455017,xgb_pair,term_xgb_final,aavPerc_xgb_final,0.003268457458415891,985725.2652365387,1,840000,0.003,4,2,11,0,0.00704225352112676,0.22666666666666668,NA,0.0042,0.84
5503,Jadon Haselwood,jadon haselwood,00-0038483,NA,25,3,PHI,1,0.0034368711058050394,301587301.5873016,1036516.6827031072,1.0365166827031072,0.813586950302124,xgb_pair,term_xgb_final,aavPerc_xgb_final,0.0027961934815534106,843296.4468176954,3,902500,0.004,NA,NA,NA,NA,NA,NA,NA,0.0042,0.9025
5550,Malik Heath,malik heath,00-0038465,HeatMa00,25,3,GB,1,0.005759228952229023,301587301.5873016,1736910.3189262133,1.7369103189262134,0.8135584592819214,xgb_pair,term_xgb_final,aavPerc_xgb_final,0.004685469433027278,1413078.0829764807,3,901333,0.004,9,7.333333333333333,89.66666666666667,0.6666666666666666,0.019484007996002,0.26736596736596735,NA,0.0042,0.901333
5592,Tre’Shaun Harrison,tre shaun harrison,00-0038844,HarrTr02,25,3,TEN,1,0.0030470832716673613,301587301.5873016,918961.6216139662,0.9189616216139662,0.8134284019470215,xgb_pair,term_xgb_final,aavPerc_xgb_final,0.0024785840762718836,747509.483320092,3,901667,0.004,NA,NA,NA,NA,NA,NA,NA,0.0042,0.901667
5497,Garett Maag,garett maag,00-0039043,NA,26,3,MIN,1,0.003012866945937276,301587301.5873016,908642.4122667976,0.90864241226679765,0.8125411868095398,xgb_pair,term_xgb_final,aavPerc_xgb_final,0.0024480784839511077,738309.3840487469,3,898333,0.004,NA,NA,NA,NA,NA,NA,NA,0.0042,0.898333
5548,Malachi Carter,malachi carter,00-0038886,NA,26,3,CIN,1,0.0034368711058050394,301587301.5873016,1036516.6827031072,1.0365166827031072,0.810900092124939,xgb_pair,term_xgb_final,aavPerc_xgb_final,0.0027869590963188473,840511.4734929858,3,898333,0.004,NA,NA,NA,NA,NA,NA,NA,0.0042,0.898333
5502,Jadakis Bonds,jadakis bonds,00-0039022,NA,26,3,GB,1,0.0034368711058050394,301587301.5873016,1036516.6827031072,1.0365166827031072,0.8106314539909363,xgb_pair,term_xgb_final,aavPerc_xgb_final,0.002786035821678176,840233.0255854818,3,898333,0.004,NA,NA,NA,NA,NA,NA,NA,0.0042,0.898333
5598,Tyler Hudson,tyler hudson,00-0038356,NA,25,3,LA,1,0.0034368711058050394,301587301.5873016,1036516.6827031072,1.0365166827031072,0.8066892027854919,xgb_pair,term_xgb_final,aavPerc_xgb_final,0.0027724868124183594,836146.8164436322,3,898333,0.004,NA,NA,NA,NA,NA,NA,NA,0.0042,0.898333
5459,Brian Cobbs,brian cobbs,00-0039011,NA,26,3,ARI,1,0.0034368711058050394,301587301.5873016,1036516.6827031072,1.0365166827031072,0.8062864542007446,xgb_pair,term_xgb_final,aavPerc_xgb_final,0.0027711026174445375,835729.3608166067,3,898333,0.004,NA,NA,NA,NA,NA,NA,NA,0.0042,0.898333
5531,Kade Warner,kade warner,00-0038829,NA,27,3,TB,1,0.0034620279911905527,301587301.5873016,1044103.6798828652,1.0441036798828651,0.8027580380439758,xgb_pair,term_xgb_final,aavPerc_xgb_final,0.002779170797861455,838162.6215772643,3,900000,0.004,NA,NA,NA,NA,NA,NA,NA,0.0042,0.9
5547,Mac Hippenhammer,mac hippenhammer,00-0038887,NA,27,3,CIN,1,0.0034620279911905527,301587301.5873016,1044103.6798828652,1.0441036798828651,0.8022690415382385,xgb_pair,term_xgb_final,aavPerc_xgb_final,0.002777477878270998,837652.058526174,3,898333,0.004,NA,NA,NA,NA,NA,NA,NA,0.0042,0.898333
5564,Oliver Martin,oliver martin,00-0038672,NA,27,3,JAX,1,0.0034620279911905527,301587301.5873016,1044103.6798828652,1.0441036798828651,0.8019418120384216,xgb_pair,term_xgb_final,aavPerc_xgb_final,0.0027763450005830886,837310.397001249,3,898667,0.004,NA,NA,NA,NA,NA,NA,NA,0.0042,0.898667
5540,Kody Case,kody case,00-0038532,NA,27,3,IND,1,0.0034620279911905527,301587301.5873016,1044103.6798828652,1.0441036798828651,0.8014470934867859,xgb_pair,term_xgb_final,aavPerc_xgb_final,0.0027746322711095645,836793.8595409798,3,898333,0.004,NA,NA,NA,NA,NA,NA,NA,0.0042,0.898333
5523,Josh Vann,josh vann,00-0038780,NA,26,3,CAR,1,0.0034368711058050394,301587301.5873016,1036516.6827031072,1.0365166827031072,0.7993642687797546,xgb_pair,term_xgb_final,aavPerc_xgb_final,0.002747311958382112,828554.4001469862,3,901667,0.004,NA,NA,NA,NA,NA,NA,NA,0.0042,0.901667
5589,Taylor Grimes,taylor grimes,00-0038789,NA,26,3,DEN,1,0.0034368711058050394,301587301.5873016,1036516.6827031072,1.0365166827031072,0.7977128624916077,xgb_pair,term_xgb_final,aavPerc_xgb_final,0.002741636287826435,826842.6899794011,3,899000,0.004,NA,NA,NA,NA,NA,NA,NA,0.0042,0.899
5588,Taye Barber,taye barber,00-0038814,NA,26,3,TB,1,0.0034368711058050394,301587301.5873016,1036516.6827031072,1.0365166827031072,0.7977029085159302,xgb_pair,term_xgb_final,aavPerc_xgb_final,0.002741602077295041,826832.3725175522,3,899000,0.004,NA,NA,NA,NA,NA,NA,NA,0.0042,0.899
5606,Zion Bowens,zion bowens,00-0038831,NA,26,3,WAS,1,0.0034368711058050394,301587301.5873016,1036516.6827031072,1.0365166827031072,0.7975016236305237,xgb_pair,term_xgb_final,aavPerc_xgb_final,0.0027409102870883523,826623.7373758524,3,899167,0.004,NA,NA,NA,NA,NA,NA,NA,0.0042,0.899167
5565,Pokey Wilson,pokey wilson,NA,NA,24,NA,NYJ,1,0.0032177867833524942,301587301.5873016,970443.6330745618,0.9704436330745618,0.7925170063972473,xgb_pair,term_xgb_final,aavPerc_xgb_final,0.0025501507487671465,769093.0829615204,1,840000,0.003,NA,NA,NA,NA,NA,NA,NA,0.0042,0.84
5498,Gavin Holmes,gavin holmes,00-0038962,NA,27,3,TEN,1,0.0033985369373112917,301587301.5873016,1024955.5842684848,1.0249555842684848,0.7894086241722107,xgb_pair,term_xgb_final,aavPerc_xgb_final,0.0026828343678813454,809108.777615009,3,898333,0.004,NA,NA,NA,NA,NA,NA,NA,0.0042,0.898333
5516,Johnny Johnson,johnny johnson,NA,NA,26,NA,HOU,1,0.0030838344246149063,301587301.5873016,930045.3026616385,0.9300453026616384,0.7888043522834778,xgb_pair,term_xgb_final,aavPerc_xgb_final,0.0024325420158578526,733623.7825603047,1,840000,0.003,NA,NA,NA,NA,NA,NA,NA,0.0042,0.84
5546,Louis Rees-Zammit,louis rees zammit,NA,NA,25,NA,JAX,1,0.0032177867833524942,301587301.5873016,970443.6330745618,0.9704436330745618,0.7886291742324829,xgb_pair,term_xgb_final,aavPerc_xgb_final,0.002537640533811475,765320.1609907623,1,840000,0.003,NA,NA,NA,NA,NA,NA,NA,0.0042,0.84
5582,Sterling Shepard,sterling shepard,00-0032385,ShepSt00,33,10,TB,1,0.013887886889278889,301587301.5873016,4188410.331687284,4.188410331687284,0.7738870978355408,xgb_pair,term_xgb_final,aavPerc_xgb_final,0.010747656479812295,3241356.716133867,1,1750000,0.0063,52.333333333333336,36.666666666666664,358.6666666666667,1,0.09550653407007832,0.551978021978022,6.849673202614379,0.0042,1.75
5455,Braxton Burmeister,braxton burmeister,NA,NA,27,NA,LA,1,0.004027548711746931,301587301.5873016,1214657.5479871698,1.2146575479871697,0.7698038816452026,xgb_pair,term_xgb_final,aavPerc_xgb_final,0.003100422631817923,935048.0953101673,3,898333,0.004,NA,NA,NA,NA,NA,NA,NA,0.0042,0.898333
5492,Ed Lee,ed lee,NA,NA,27,NA,NE,1,0.004027548711746931,301587301.5873016,1214657.5479871698,1.2146575479871697,0.7698038816452026,xgb_pair,term_xgb_final,aavPerc_xgb_final,0.003100422631817923,935048.0953101673,3,898333,0.004,NA,NA,NA,NA,NA,NA,NA,0.0042,0.898333
5509,Jalen Sample,jalen sample,NA,NA,27,NA,WAS,1,0.004027548711746931,301587301.5873016,1214657.5479871698,1.2146575479871697,0.7698038816452026,xgb_pair,term_xgb_final,aavPerc_xgb_final,0.003100422631817923,935048.0953101673,3,899167,0.004,NA,NA,NA,NA,NA,NA,NA,0.0042,0.899167
5580,Shae Wyatt,shae wyatt,NA,NA,NA,NA,SF,1,0.004002392292022705,301587301.5873016,1207070.6912449428,1.207070691244943,0.7628717422485352,xgb_pair,term_xgb_final,aavPerc_xgb_final,0.003053311980977469,920840.1212471732,3,901000,0.004,NA,NA,NA,NA,NA,NA,NA,0.0042,0.901
5456,Braxton Westfield,braxton westfield,NA,NA,NA,NA,IND,1,0.004002392292022705,301587301.5873016,1207070.6912449428,1.207070691244943,0.7623803019523621,xgb_pair,term_xgb_final,aavPerc_xgb_final,0.0030513450441240764,920246.9180691659,3,901667,0.004,NA,NA,NA,NA,NA,NA,NA,0.0042,0.901667
5462,C.J. Johnson,c j johnson,NA,NA,NA,NA,SEA,1,0.004216508474200964,301587301.5873016,1271645.4128542591,1.2716454128542591,0.7623803019523621,xgb_pair,term_xgb_final,aavPerc_xgb_final,0.0032145830037460243,969477.4138281662,3,898667,0.004,NA,NA,NA,NA,NA,NA,NA,0.0042,0.898667
5471,Dallas Daniels,dallas daniels,NA,NA,NA,NA,DEN,1,0.004002392292022705,301587301.5873016,1207070.6912449428,1.207070691244943,0.7623803019523621,xgb_pair,term_xgb_final,aavPerc_xgb_final,0.0030513450441240764,920246.9180691659,3,898333,0.004,NA,NA,NA,NA,NA,NA,NA,0.0042,0.898333
5518,Jordan Byrd,jordan byrd,NA,NA,26,NA,PIT,1,0.004002392292022705,301587301.5873016,1207070.6912449428,1.207070691244943,0.7623803019523621,xgb_pair,term_xgb_final,aavPerc_xgb_final,0.0030513450441240764,920246.9180691659,3,900833,0.004,NA,NA,NA,NA,NA,NA,NA,0.0042,0.900833
5539,Keytaon Thompson,keytaon thompson,NA,NA,NA,NA,DET,1,0.004002392292022705,301587301.5873016,1207070.6912449428,1.207070691244943,0.7623803019523621,xgb_pair,term_xgb_final,aavPerc_xgb_final,0.0030513450441240764,920246.9180691659,3,900000,0.004,NA,NA,NA,NA,NA,NA,NA,0.0042,0.9
5575,Sam James,sam james,NA,NA,NA,NA,LA,1,0.004002392292022705,301587301.5873016,1207070.6912449428,1.207070691244943,0.7623803019523621,xgb_pair,term_xgb_final,aavPerc_xgb_final,0.0030513450441240764,920246.9180691659,3,898333,0.004,NA,NA,NA,NA,NA,NA,NA,0.0042,0.898333
5457,Braydon Johnson,braydon johnson,NA,NA,NA,NA,BUF,1,0.004057937301695347,301587301.5873016,1223822.3608287554,1.2238223608287555,0.7612513303756714,xgb_pair,term_xgb_final,aavPerc_xgb_final,0.003089110169496645,931636.400324385,3,903333,0.004,NA,NA,NA,NA,NA,NA,NA,0.0042,0.903333
5445,Ajou Ajou,ajou ajou,00-0039957,NA,24,1,IND,1,0.003210744122043252,301587301.5873016,968319.6558543142,0.9683196558543142,0.748888373374939,xgb_pair,term_xgb_final,aavPerc_xgb_final,0.0024044889428801175,725163.3319797181,1,840000,0.003,NA,NA,NA,NA,NA,NA,NA,0.0042,0.84
5584,Sy Barnett,sy barnett,NA,NA,NA,NA,NO,1,0.004002392292022705,301587301.5873016,1207070.6912449428,1.207070691244943,0.744904637336731,xgb_pair,term_xgb_final,aavPerc_xgb_final,0.0029814005787685005,899152.5555016113,3,898333,0.004,NA,NA,NA,NA,NA,NA,NA,0.0042,0.898333
5452,Bo Melton,bo melton,00-0037091,MeltBo00,26,4,GB,1,0.00663489056751132,301587301.5873016,2000998.7425827791,2.0009987425827793,0.7231828570365906,xgb_pair,term_xgb_final,aavPerc_xgb_final,0.004798239116737962,1447087.9875876394,1,1030000,0.0037,14.333333333333334,5.333333333333333,101.66666666666669,0.6666666666666666,0.03105322338830584,0.22823529411764704,NA,0.0042,1.03
5602,Winston Wright,winston wright,NA,NA,NA,NA,CLE,1,0.0030086932238191366,301587301.5873016,907383.6706756128,0.9073836706756128,0.6658995747566223,xgb_pair,term_xgb_final,aavPerc_xgb_final,0.002003487538314294,604226.4004439935,1,840000,0.003,NA,NA,NA,NA,NA,NA,NA,0.0042,0.84
5481,Deebo Samuel,deebo samuel,NA,NA,30,NA,WAS,1,0.033675260841846466,301587301.5873016,10156031.047540998,10.156031047540997,0.6391770839691162,xgb_pair,term_xgb_final,aavPerc_xgb_final,0.02152445502679079,6491502.309667064,1,17545529,0.06280000000000001,NA,NA,NA,NA,NA,0.7254444444444444,7.652824541713431,0.0042,17.545529
5512,Jauan Jennings,jauan jennings,00-0036259,JennJa00,28,6,SF,1,0.03002118691802025,301587301.5873016,9054008.753053727,9.054008753053727,0.6225191950798035,xgb_pair,term_xgb_final,aavPerc_xgb_final,0.01868876511554629,5636294.241196501,2,5945000,0.02329999999999999,97.66666666666669,62.333333333333336,753.6666666666666,8,0.182515210585386,0.7951111111111112,7.639069157653229,0.0042,5.945
5536,Keenan Allen,keenan allen,00-0030279,AlleKe00,33,13,LAC,1,0.02896096743643284,301587301.5873016,8734260.020511491,8.734260020511492,0.5714312195777893,xgb_pair,term_xgb_final,aavPerc_xgb_final,0.01654920094235346,4991028.855630408,1,3020000,0.0108,121.66666666666669,77.33333333333333,766,5,0.2261891448594647,0.6591372549019607,6.295488416203766,0.0042,3.02
5481,Deebo Samuel,deebo samuel,NA,NA,30,NA,WAS,3,0.04917342588305473,301587301.5873016,14830080.821873652,14.830080821873652,0.26835134625434875,xgb_pair,term_xgb_final,aavPerc_xgb_final,0.013195755035656176,3979672.153610593,1,17545529,0.06280000000000001,NA,NA,NA,NA,NA,0.7254444444444444,7.652824541713431,0.0042,17.545529
5452,Bo Melton,bo melton,00-0037091,MeltBo00,26,4,GB,2,0.006998770870268345,301587301.5873016,2110740.4211920407,2.1107404211920406,0.24012456834316254,xgb_pair,term_xgb_final,aavPerc_xgb_final,0.0016805768341558863,506840.63252320385,1,1030000,0.0037,14.333333333333334,5.333333333333333,101.66666666666669,0.6666666666666666,0.03105322338830584,0.22823529411764704,NA,0.0042,1.03
5602,Winston Wright,winston wright,NA,NA,NA,NA,CLE,3,0.004265811759978533,301587301.5873016,1286514.6577713036,1.2865146577713036,0.21413101255893707,xgb_pair,term_xgb_final,aavPerc_xgb_final,9.134425915500247e-4,275482.6863404836,1,840000,0.003,NA,NA,NA,NA,NA,NA,NA,0.0042,0.84
5536,Keenan Allen,keenan allen,00-0030279,AlleKe00,33,13,LAC,3,0.044306349009275436,301587301.5873016,13362232.240892593,13.362232240892594,0.18650513887405396,xgb_pair,term_xgb_final,aavPerc_xgb_final,0.008263361774977218,2492124.979755034,1,3020000,0.0108,121.66666666666669,77.33333333333333,766,5,0.2261891448594647,0.6591372549019607,6.295488416203766,0.0042,3.02
5499,Grant DuBose,grant dubose,00-0038507,DuboGr00,24,3,BUF,2,0.004231210332363844,301587301.5873016,1276079.3065859212,1.2760793065859213,0.17539459466934204,xgb_pair,term_xgb_final,aavPerc_xgb_final,7.421314212056884e-4,223817.4127445727,1,840000,0.003,4,2,11,0,0.00704225352112676,0.22666666666666668,NA,0.0042,0.84
5512,Jauan Jennings,jauan jennings,00-0036259,JennJa00,28,6,SF,3,0.047181498259305954,301587301.5873016,14229340.74487005,14.22934074487005,0.16759902238845825,xgb_pair,term_xgb_final,aavPerc_xgb_final,0.007907572983082423,2384823.5980724767,2,5945000,0.02329999999999999,97.66666666666669,62.333333333333336,753.6666666666666,8,0.182515210585386,0.7951111111111112,7.639069157653229,0.0042,5.945
5582,Sterling Shepard,sterling shepard,00-0032385,ShepSt00,33,10,TB,2,0.01493984367698431,301587301.5873016,4505667.140677808,4.505667140677808,0.144929900765419,xgb_pair,term_xgb_final,aavPerc_xgb_final,0.0021652300615562087,653005.891580444,1,1750000,0.0063,52.333333333333336,36.666666666666664,358.6666666666667,1,0.09550653407007832,0.551978021978022,6.849673202614379,0.0042,1.75
5550,Malik Heath,malik heath,00-0038465,HeatMa00,25,3,GB,2,0.006318628787994385,301587301.5873016,1905618.2059030687,1.9056182059030686,0.14386090636253357,xgb_pair,term_xgb_final,aavPerc_xgb_final,9.090036644092692e-4,274143.9622821606,3,901333,0.004,9,7.333333333333333,89.66666666666667,0.6666666666666666,0.019484007996002,0.26736596736596735,NA,0.0042,0.901333
5512,Jauan Jennings,jauan jennings,00-0036259,JennJa00,28,6,SF,2,0.03323507308959961,301587301.5873016,10023276.01114909,10.02327601114909,0.14101386070251465,xgb_pair,term_xgb_final,aavPerc_xgb_final,0.0046866059670946925,1413420.8472190343,2,5945000,0.02329999999999999,97.66666666666669,62.333333333333336,753.6666666666666,8,0.182515210585386,0.7951111111111112,7.639069157653229,0.0042,5.945
5536,Keenan Allen,keenan allen,00-0030279,AlleKe00,33,13,LAC,2,0.030675500631332397,301587301.5873016,9251341.460243104,9.251341460243104,0.14001013338565826,xgb_pair,term_xgb_final,aavPerc_xgb_final,0.004294880935064693,1295281.5518449075,1,3020000,0.0108,121.66666666666669,77.33333333333333,766,5,0.2261891448594647,0.6591372549019607,6.295488416203766,0.0042,3.02
5445,Ajou Ajou,ajou ajou,00-0039957,NA,24,1,IND,3,0.004467860795557499,301587301.5873016,1347450.0811998807,1.3474500811998806,0.1363103985786438,xgb_pair,term_xgb_final,aavPerc_xgb_final,6.090158858363393e-4,183671.45763318168,1,840000,0.003,NA,NA,NA,NA,NA,NA,NA,0.0042,0.84
5495,Erik Ezukanma,erik ezukanma,00-0038092,EzukEr00,26,4,MIA,2,0.007222922518849373,301587301.5873016,2178341.712033938,2.178341712033938,0.1320417821407318,xgb_pair,term_xgb_final,aavPerc_xgb_final,9.537275616532948e-4,287632.12176845403,4,1096248,0.0053,2,0,0,0,0.00352112676056338,0.14,NA,0.0042,1.096248
5457,Braydon Johnson,braydon johnson,NA,NA,NA,NA,BUF,3,0.005315057002007961,301587301.5873016,1602953.6990182742,1.6029536990182742,0.12946078181266785,xgb_pair,term_xgb_final,aavPerc_xgb_final,6.880914348588452e-4,207519.63908441365,3,903333,0.004,NA,NA,NA,NA,NA,NA,NA,0.0042,0.903333
5456,Braxton Westfield,braxton westfield,NA,NA,NA,NA,IND,3,0.0052595119923353195,301587301.5873016,1586202.0294344616,1.5862020294344616,0.12874586880207062,xgb_pair,term_xgb_final,aavPerc_xgb_final,6.771404409281201e-4,204216.95837514734,3,901667,0.004,NA,NA,NA,NA,NA,NA,NA,0.0042,0.901667
5462,C.J. Johnson,c j johnson,NA,NA,NA,NA,SEA,3,0.005473628640174866,301587301.5873016,1650776.8914813087,1.6507768914813088,0.12874586880207062,xgb_pair,term_xgb_final,aavPerc_xgb_final,7.047070747792095e-4,212530.70509214254,3,898667,0.004,NA,NA,NA,NA,NA,NA,NA,0.0042,0.898667
5471,Dallas Daniels,dallas daniels,NA,NA,NA,NA,DEN,3,0.0052595119923353195,301587301.5873016,1586202.0294344616,1.5862020294344616,0.12874586880207062,xgb_pair,term_xgb_final,aavPerc_xgb_final,6.771404409281201e-4,204216.95837514734,3,898333,0.004,NA,NA,NA,NA,NA,NA,NA,0.0042,0.898333
5518,Jordan Byrd,jordan byrd,NA,NA,26,NA,PIT,3,0.0052595119923353195,301587301.5873016,1586202.0294344616,1.5862020294344616,0.12874586880207062,xgb_pair,term_xgb_final,aavPerc_xgb_final,6.771404409281201e-4,204216.95837514734,3,900833,0.004,NA,NA,NA,NA,NA,NA,NA,0.0042,0.900833
5539,Keytaon Thompson,keytaon thompson,NA,NA,NA,NA,DET,3,0.0052595119923353195,301587301.5873016,1586202.0294344616,1.5862020294344616,0.12874586880207062,xgb_pair,term_xgb_final,aavPerc_xgb_final,6.771404409281201e-4,204216.95837514734,3,900000,0.004,NA,NA,NA,NA,NA,NA,NA,0.0042,0.9
5575,Sam James,sam james,NA,NA,NA,NA,LA,3,0.0052595119923353195,301587301.5873016,1586202.0294344616,1.5862020294344616,0.12874586880207062,xgb_pair,term_xgb_final,aavPerc_xgb_final,6.771404409281201e-4,204216.95837514734,3,898333,0.004,NA,NA,NA,NA,NA,NA,NA,0.0042,0.898333
5580,Shae Wyatt,shae wyatt,NA,NA,NA,NA,SF,3,0.0052595119923353195,301587301.5873016,1586202.0294344616,1.5862020294344616,0.12847961485385895,xgb_pair,term_xgb_final,aavPerc_xgb_final,6.757400750944942e-4,203794.62582214907,3,901000,0.004,NA,NA,NA,NA,NA,NA,NA,0.0042,0.901
5584,Sy Barnett,sy barnett,NA,NA,NA,NA,NO,3,0.0052595119923353195,301587301.5873016,1586202.0294344616,1.5862020294344616,0.1257946938276291,xgb_pair,term_xgb_final,aavPerc_xgb_final,6.61618700758565e-4,199535.798641472,3,898333,0.004,NA,NA,NA,NA,NA,NA,NA,0.0042,0.898333
5453,Brandon Johnson,brandon johnson,00-0037382,JohnBr23,27,4,PIT,2,0.005791192874312401,301587301.5873016,1746550.2319354862,1.7465502319354862,0.12429714947938919,xgb_pair,term_xgb_final,aavPerc_xgb_final,7.19828766362382e-4,217091.215252147,1,1100000,0.0039,0.3333333333333333,0.3333333333333333,3,0,7.246376811594203e-4,0.1,NA,0.0042,1.1
5455,Braxton Burmeister,braxton burmeister,NA,NA,27,NA,LA,3,0.0052846684120595455,301587301.5873016,1593788.8861766884,1.5937888861766885,0.12254045158624649,xgb_pair,term_xgb_final,aavPerc_xgb_final,6.475856536973489e-4,195303.6098452322,3,898333,0.004,NA,NA,NA,NA,NA,NA,NA,0.0042,0.898333
5492,Ed Lee,ed lee,NA,NA,27,NA,NE,3,0.0052846684120595455,301587301.5873016,1593788.8861766884,1.5937888861766885,0.12254045158624649,xgb_pair,term_xgb_final,aavPerc_xgb_final,6.475856536973489e-4,195303.6098452322,3,898333,0.004,NA,NA,NA,NA,NA,NA,NA,0.0042,0.898333
5509,Jalen Sample,jalen sample,NA,NA,27,NA,WAS,3,0.0052846684120595455,301587301.5873016,1593788.8861766884,1.5937888861766885,0.12254045158624649,xgb_pair,term_xgb_final,aavPerc_xgb_final,6.475856536973489e-4,195303.6098452322,3,899167,0.004,NA,NA,NA,NA,NA,NA,NA,0.0042,0.899167
5584,Sy Barnett,sy barnett,NA,NA,NA,NA,NO,2,0.004366271197795868,301587301.5873016,1316811.948541611,1.316811948541611,0.12098406255245209,xgb_pair,term_xgb_final,aavPerc_xgb_final,5.282492277151052e-4,159313.25915217458,3,898333,0.004,NA,NA,NA,NA,NA,NA,NA,0.0042,0.898333
5514,Jesse Matthews,jesse matthews,00-0038726,MattJe00,26,3,ATL,2,0.003059978364035487,301587301.5873016,922850.6177249883,0.9228506177249882,0.11997911334037781,xgb_pair,term_xgb_final,aavPerc_xgb_final,3.671334909577176e-4,110722.79886026404,1,840000,0.003,NA,NA,NA,NA,NA,NA,NA,0.0042,0.84
5545,Lideatrick Griffin,lideatrick griffin,00-0039541,GrifLi00,25,2,GB,2,0.003485117107629776,301587301.5873016,1051067.0642058055,1.0510670642058055,0.11740916967391968,xgb_pair,term_xgb_final,aavPerc_xgb_final,4.0918470582318456e-4,123404.91128000805,1,840000,0.003,NA,NA,NA,NA,NA,NA,NA,0.0042,0.84
5505,Jaelen Gill,jaelen gill,00-0039659,GillJa01,26,2,CLE,2,0.002793959341943264,301587301.5873016,842622.6586813019,0.8426226586813018,0.11638182401657104,xgb_pair,term_xgb_final,aavPerc_xgb_final,3.251660844434956e-4,98065.96197502248,1,840000,0.003,NA,NA,NA,NA,NA,NA,NA,0.0042,0.84
5504,Jadon Janke,jadon janke,00-0039604,NA,26,2,GB,2,0.0031037027947604656,301587301.5873016,936037.3508007755,0.9360373508007754,0.11610674858093262,xgb_pair,term_xgb_final,aavPerc_xgb_final,3.603608400611913e-4,108680.25335178786,1,840000,0.003,NA,NA,NA,NA,NA,NA,NA,0.0042,0.84
5585,T.J. Luther,t j luther,00-0038502,LuthTJ00,25,3,CAR,2,0.003059978364035487,301587301.5873016,922850.6177249883,0.9228506177249882,0.11556755751371384,xgb_pair,term_xgb_final,aavPerc_xgb_final,3.5363422557639114e-4,106651.59184049892,1,840000,0.003,NA,NA,NA,NA,NA,NA,NA,0.0042,0.84
5525,Julian Hicks,julian hicks,00-0039329,HickJu01,26,2,GB,2,0.0031037027947604656,301587301.5873016,936037.3508007755,0.9360373508007754,0.11515949666500092,xgb_pair,term_xgb_final,aavPerc_xgb_final,3.5742085164237186e-4,107793.59017785819,1,840000,0.003,NA,NA,NA,NA,NA,NA,NA,0.0042,0.84
5477,David White Jr,david white jr,00-0039562,WhitDa06,25,2,BUF,2,0.003144086804240942,301587301.5873016,948216.6552472683,0.9482166552472683,0.11457232385873795,xgb_pair,term_xgb_final,aavPerc_xgb_final,3.602253315754776e-4,108639.38571323929,1,840000,0.003,NA,NA,NA,NA,NA,NA,NA,0.0042,0.84
5535,Kearis Jackson,kearis jackson,00-0038969,JackKe02,26,3,HOU,2,0.003001387696713209,301587301.5873016,905180.4164690631,0.9051804164690631,0.1140952929854393,xgb_pair,term_xgb_final,aavPerc_xgb_final,3.4244420861938643e-4,103276.82482171973,1,840000,0.003,NA,NA,NA,NA,NA,NA,NA,0.0042,0.84
5592,Tre’Shaun Harrison,tre shaun harrison,00-0038844,HarrTr02,25,3,TEN,2,0.0032663384918123484,301587301.5873016,985086.2118164226,0.9850862118164226,0.11356513202190399,xgb_pair,term_xgb_final,aavPerc_xgb_final,3.709421620508961e-4,111871.44569788931,3,901667,0.004,NA,NA,NA,NA,NA,NA,NA,0.0042,0.901667
5602,Winston Wright,winston wright,NA,NA,NA,NA,CLE,2,0.003372573759406805,301587301.5873016,1017125.4195036397,1.0171254195036397,0.11346068233251572,xgb_pair,term_xgb_final,aavPerc_xgb_final,3.826545199590338e-4,115403.74411462925,1,840000,0.003,NA,NA,NA,NA,NA,NA,NA,0.0042,0.84
5551,Malik Knowles,malik knowles,00-0038806,KnowMa00,25,3,SF,2,0.003059978364035487,301587301.5873016,922850.6177249883,0.9228506177249882,0.11336649954319,xgb_pair,term_xgb_final,aavPerc_xgb_final,3.4689903580860035e-4,104620.34413275249,1,840000,0.003,NA,NA,NA,NA,NA,NA,NA,0.0042,0.84
5549,Malik Flowers,malik flowers,00-0038904,FlowMa01,26,3,NO,2,0.003656126093119383,301587301.5873016,1102641.202686798,1.102641202686798,0.11188047379255295,xgb_pair,term_xgb_final,aavPerc_xgb_final,4.090491195435121e-4,123364.02017978937,3,898667,0.004,NA,NA,NA,NA,NA,NA,NA,0.0042,0.898667
5464,Chase Cota,chase cota,00-0038651,CotaCh00,26,3,CLE,2,0.0027502349112182856,301587301.5873016,829435.9256055148,0.8294359256055148,0.11158521473407745,xgb_pair,term_xgb_final,aavPerc_xgb_final,3.0688555313744884e-4,92552.78586684966,1,840000,0.003,NA,NA,NA,NA,NA,NA,NA,0.0042,0.84
5498,Gavin Holmes,gavin holmes,00-0038962,NA,27,3,TEN,2,0.0036177916917949915,301587301.5873016,1091080.0340334103,1.0910800340334104,0.10975831001996994,xgb_pair,term_xgb_final,aavPerc_xgb_final,3.970827020957062e-4,119755.10063203839,3,898333,0.004,NA,NA,NA,NA,NA,NA,NA,0.0042,0.898333
5445,Ajou Ajou,ajou ajou,00-0039957,NA,24,1,IND,2,0.0034299991093575954,301587301.5873016,1034444.175838005,1.034444175838005,0.10963865369558334,xgb_pair,term_xgb_final,aavPerc_xgb_final,3.760604845270167e-4,113415.06676211616,1,840000,0.003,NA,NA,NA,NA,NA,NA,NA,0.0042,0.84
5546,Louis Rees-Zammit,louis rees zammit,NA,NA,25,NA,JAX,2,0.0035816673189401627,301587301.5873016,1080185.3819025888,1.0801853819025888,0.10939707607030869,xgb_pair,term_xgb_final,aavPerc_xgb_final,3.9182393214863553e-4,118169.12239403294,1,840000,0.003,NA,NA,NA,NA,NA,NA,NA,0.0042,0.84
5516,Johnny Johnson,johnny johnson,NA,NA,26,NA,HOU,2,0.0034477151930332184,301587301.5873016,1039787.121708431,1.0397871217084311,0.10896063596010208,xgb_pair,term_xgb_final,aavPerc_xgb_final,3.756652400422056e-4,113295.86604447471,1,840000,0.003,NA,NA,NA,NA,NA,NA,NA,0.0042,0.84
5565,Pokey Wilson,pokey wilson,NA,NA,24,NA,NYJ,2,0.0035816673189401627,301587301.5873016,1080185.3819025888,1.0801853819025888,0.10729755461215973,xgb_pair,term_xgb_final,aavPerc_xgb_final,3.843041447565698e-4,115901.25000594964,1,840000,0.003,NA,NA,NA,NA,NA,NA,NA,0.0042,0.84
5579,Seth Williams,seth williams,00-0036657,WillSe00,25,5,LV,2,0.0030596686992794275,301587301.5873016,922757.2267668116,0.9227572267668116,0.10698521882295609,xgb_pair,term_xgb_final,aavPerc_xgb_final,3.2733932531815897e-4,98721.38382611144,1,840000,0.003,NA,NA,NA,NA,NA,NA,NA,0.0042,0.84
5533,Kawaan Baker,kawaan baker,00-0036939,BakeKa00,27,5,LV,2,0.0030737989582121372,301587301.5873016,927018.7334290573,0.9270187334290573,0.10650182515382767,xgb_pair,term_xgb_final,aavPerc_xgb_final,3.273651992055267e-4,98729.18706198424,1,840000,0.003,NA,NA,NA,NA,NA,NA,NA,0.0042,0.84
5555,Mathew Sexton,mathew sexton,00-0036471,SextMa00,28,3,MIA,2,0.003930302336812019,301587301.5873016,1185329.2761814028,1.185329276181403,0.10551921278238297,xgb_pair,term_xgb_final,aavPerc_xgb_final,4.1472240857716447e-4,125075.01211057343,2,877500,0.0034,NA,NA,NA,NA,NA,NA,NA,0.0042,0.8775
5586,Tarik Black,tarik black,00-0036491,BlacTa00,28,5,MIA,2,0.004107102286070585,301587301.5873016,1238649.8957990655,1.2386498957990655,0.10500495135784149,xgb_pair,term_xgb_final,aavPerc_xgb_final,4.312660757705214e-4,130064.3720577763,1,840000,0.003,NA,NA,NA,NA,NA,NA,NA,0.0042,0.84
5520,Jose Barbon,jose barbon,00-0038730,NA,26,3,DAL,3,0.004693986847996712,301587301.5873016,1415646.8271736116,1.4156468271736116,0.10170444846153259,xgb_pair,term_xgb_final,aavPerc_xgb_final,4.773993434611934e-4,143977.57977401072,3,899333,0.004,NA,NA,NA,NA,NA,NA,NA,0.0042,0.899333
5603,Xavier Malone,xavier malone,00-0038928,NA,26,3,ATL,2,0.003329829778522253,301587301.5873016,1004234.3776495685,1.0042343776495686,0.10109945386648178,xgb_pair,term_xgb_final,aavPerc_xgb_final,3.3664397207694777e-4,101527.54713431759,3,901667,0.004,NA,NA,NA,NA,NA,NA,NA,0.0042,0.901667
5457,Braydon Johnson,braydon johnson,NA,NA,NA,NA,BUF,2,0.00442181620746851,301587301.5873016,1333563.6181254236,1.3335636181254236,0.1007438376545906,xgb_pair,term_xgb_final,aavPerc_xgb_final,4.454707341436451e-4,134348.31664649613,3,903333,0.004,NA,NA,NA,NA,NA,NA,NA,0.0042,0.903333
5456,Braxton Westfield,braxton westfield,NA,NA,NA,NA,IND,2,0.004366271197795868,301587301.5873016,1316811.948541611,1.316811948541611,0.10036211460828781,xgb_pair,term_xgb_final,aavPerc_xgb_final,4.38208210364055e-4,132158.03169709595,3,901667,0.004,NA,NA,NA,NA,NA,NA,NA,0.0042,0.901667
5462,C.J. Johnson,c j johnson,NA,NA,NA,NA,SEA,2,0.004580387845635414,301587301.5873016,1381386.8105884583,1.3813868105884584,0.10036211460828781,xgb_pair,term_xgb_final,aavPerc_xgb_final,4.5969740991406993e-4,138638.90140265602,3,898667,0.004,NA,NA,NA,NA,NA,NA,NA,0.0042,0.898667
5471,Dallas Daniels,dallas daniels,NA,NA,NA,NA,DEN,2,0.004366271197795868,301587301.5873016,1316811.948541611,1.316811948541611,0.10036211460828781,xgb_pair,term_xgb_final,aavPerc_xgb_final,4.38208210364055e-4,132158.03169709595,3,898333,0.004,NA,NA,NA,NA,NA,NA,NA,0.0042,0.898333
5518,Jordan Byrd,jordan byrd,NA,NA,26,NA,PIT,2,0.004366271197795868,301587301.5873016,1316811.948541611,1.316811948541611,0.10036211460828781,xgb_pair,term_xgb_final,aavPerc_xgb_final,4.38208210364055e-4,132158.03169709595,3,900833,0.004,NA,NA,NA,NA,NA,NA,NA,0.0042,0.900833
5539,Keytaon Thompson,keytaon thompson,NA,NA,NA,NA,DET,2,0.004366271197795868,301587301.5873016,1316811.948541611,1.316811948541611,0.10036211460828781,xgb_pair,term_xgb_final,aavPerc_xgb_final,4.38208210364055e-4,132158.03169709595,3,900000,0.004,NA,NA,NA,NA,NA,NA,NA,0.0042,0.9
5575,Sam James,sam james,NA,NA,NA,NA,LA,2,0.004366271197795868,301587301.5873016,1316811.948541611,1.316811948541611,0.10036211460828781,xgb_pair,term_xgb_final,aavPerc_xgb_final,4.38208210364055e-4,132158.03169709595,3,898333,0.004,NA,NA,NA,NA,NA,NA,NA,0.0042,0.898333
5580,Shae Wyatt,shae wyatt,NA,NA,NA,NA,SF,2,0.004366271197795868,301587301.5873016,1316811.948541611,1.316811948541611,0.10015454888343811,xgb_pair,term_xgb_final,aavPerc_xgb_final,4.373019221179941e-4,131884.70667050616,3,901000,0.004,NA,NA,NA,NA,NA,NA,NA,0.0042,0.901
5534,Kazmeir Allen,kazmeir allen,00-0038830,AlleKa00,26,3,WAS,2,0.003329829778522253,301587301.5873016,1004234.3776495685,1.0042343776495686,0.10014890879392624,xgb_pair,term_xgb_final,aavPerc_xgb_final,3.3347881878852473e-4,100572.97709495192,3,903333,0.004,NA,NA,NA,NA,NA,NA,NA,0.0042,0.903333
5458,Braylon Sanders,braylon sanders,00-0037355,SandBr00,27,4,WAS,2,0.003996043931692839,301587301.5873016,1205156.1063835546,1.2051561063835547,0.10011470317840576,xgb_pair,term_xgb_final,aavPerc_xgb_final,4.000627521092981e-4,120653.84587423276,1,960000,0.0034,NA,NA,NA,NA,NA,NA,NA,0.0042,0.96
5606,Zion Bowens,zion bowens,00-0038831,NA,26,3,WAS,3,0.004693986847996712,301587301.5873016,1415646.8271736116,1.4156468271736116,0.09946712851524353,xgb_pair,term_xgb_final,aavPerc_xgb_final,4.668973930585518e-4,140810.32489067438,3,899167,0.004,NA,NA,NA,NA,NA,NA,NA,0.0042,0.899167
5523,Josh Vann,josh vann,00-0038780,NA,26,3,CAR,3,0.004693986847996712,301587301.5873016,1415646.8271736116,1.4156468271736116,0.09929633140563965,xgb_pair,term_xgb_final,aavPerc_xgb_final,4.6609567367239535e-4,140568.53650437322,3,901667,0.004,NA,NA,NA,NA,NA,NA,NA,0.0042,0.901667
5589,Taylor Grimes,taylor grimes,00-0038789,NA,26,3,DEN,3,0.004693986847996712,301587301.5873016,1415646.8271736116,1.4156468271736116,0.09925864636898041,xgb_pair,term_xgb_final,aavPerc_xgb_final,4.659187806059506e-4,140515.18780179464,3,899000,0.004,NA,NA,NA,NA,NA,NA,NA,0.0042,0.899
5588,Taye Barber,taye barber,00-0038814,NA,26,3,TB,3,0.004693986847996712,301587301.5873016,1415646.8271736116,1.4156468271736116,0.09925740957260132,xgb_pair,term_xgb_final,aavPerc_xgb_final,4.659129751000135e-4,140513.4369349247,3,899000,0.004,NA,NA,NA,NA,NA,NA,NA,0.0042,0.899
5455,Braxton Burmeister,braxton burmeister,NA,NA,27,NA,LA,2,0.004391427617520094,301587301.5873016,1324398.805283838,1.324398805283838,0.09924916923046112,xgb_pair,term_xgb_final,aavPerc_xgb_final,4.358455427745725e-4,131445.48115423616,3,898333,0.004,NA,NA,NA,NA,NA,NA,NA,0.0042,0.898333
5492,Ed Lee,ed lee,NA,NA,27,NA,NE,2,0.004391427617520094,301587301.5873016,1324398.805283838,1.324398805283838,0.09924916923046112,xgb_pair,term_xgb_final,aavPerc_xgb_final,4.358455427745725e-4,131445.48115423616,3,898333,0.004,NA,NA,NA,NA,NA,NA,NA,0.0042,0.898333
5509,Jalen Sample,jalen sample,NA,NA,27,NA,WAS,2,0.004391427617520094,301587301.5873016,1324398.805283838,1.324398805283838,0.09924916923046112,xgb_pair,term_xgb_final,aavPerc_xgb_final,4.358455427745725e-4,131445.48115423616,3,899167,0.004,NA,NA,NA,NA,NA,NA,NA,0.0042,0.899167
5460,Bryan Thompson,bryan thompson,00-0038680,ThomBr05,26,3,BUF,2,0.0033702137880027294,301587301.5873016,1016413.6820960613,1.0164136820960612,0.09795845299959183,xgb_pair,term_xgb_final,aavPerc_xgb_final,3.301409289506417e-4,99566.31190574908,3,900500,0.004,NA,NA,NA,NA,NA,NA,NA,0.0042,0.9005
5448,Aron Cruickshank,aron cruickshank,00-0038422,NA,25,3,CHI,2,0.003656126093119383,301587301.5873016,1102641.202686798,1.102641202686798,0.09774547815322876,xgb_pair,term_xgb_final,aavPerc_xgb_final,3.5736979316045026e-4,107778.19158807231,3,901000,0.004,NA,NA,NA,NA,NA,NA,NA,0.0042,0.901
5596,Tyjon Lindsey,tyjon lindsey,00-0038763,LindTy01,27,3,SEA,2,0.0035691037774086,301587301.5873016,1076396.3773137047,1.0763963773137046,0.09757115691900253,xgb_pair,term_xgb_final,aavPerc_xgb_final,3.482415847257392e-4,105025.23983792134,3,898667,0.004,NA,NA,NA,NA,NA,NA,NA,0.0042,0.898667
5590,Thayer Thomas,thayer thomas,00-0038810,ThomTh01,27,3,MIN,2,0.002906411187723279,301587301.5873016,876536.707408608,0.876536707408608,0.09735031425952911,xgb_pair,term_xgb_final,aavPerc_xgb_final,2.829400424922725e-4,85331.12392624092,3,901667,0.004,NA,NA,NA,NA,NA,NA,NA,0.0042,0.901667
5450,Austin Watkins,austin watkins,NA,NA,27,NA,PHI,2,0.0041826688684523106,301587301.5873016,1261439.8174697445,1.2614398174697445,0.09713125973939896,xgb_pair,term_xgb_final,aavPerc_xgb_final,4.062678962655393e-4,122525.23855627376,2,902500,0.00349999999999999,NA,NA,NA,NA,NA,NA,NA,0.0042,0.9025
5542,Kyle Philips,kyle philips,00-0037273,PhilKy01,26,4,LV,2,0.0034365467727184296,301587301.5873016,1036418.867962701,1.036418867962701,0.09702857583761215,xgb_pair,term_xgb_final,aavPerc_xgb_final,3.3344323915621144e-4,100562.24672965107,1,1030000,0.0037,NA,NA,NA,NA,NA,NA,NA,0.0042,1.03
5577,Scotty Washington,scotty washington,00-0035769,NA,28,6,BAL,2,0.003329007187858224,301587301.5873016,1003986.294750893,1.003986294750893,0.09680421650409698,xgb_pair,term_xgb_final,aavPerc_xgb_final,3.2226193255712257e-4,97190.10664421158,1,840000,0.003,NA,NA,NA,NA,NA,NA,NA,0.0042,0.84
5589,Taylor Grimes,taylor grimes,00-0038789,NA,26,3,DEN,2,0.003656126093119383,301587301.5873016,1102641.202686798,1.102641202686798,0.0966024100780487,xgb_pair,term_xgb_final,aavPerc_xgb_final,3.531905921445727e-4,106517.79763090289,3,899000,0.004,NA,NA,NA,NA,NA,NA,NA,0.0042,0.899
5588,Taye Barber,taye barber,00-0038814,NA,26,3,TB,2,0.003656126093119383,301587301.5873016,1102641.202686798,1.102641202686798,0.096601203083992,xgb_pair,term_xgb_final,aavPerc_xgb_final,3.5318617922210777e-4,106516.46674952457,3,899000,0.004,NA,NA,NA,NA,NA,NA,NA,0.0042,0.899
5606,Zion Bowens,zion bowens,00-0038831,NA,26,3,WAS,2,0.003656126093119383,301587301.5873016,1102641.202686798,1.102641202686798,0.09657683223485947,xgb_pair,term_xgb_final,aavPerc_xgb_final,3.530970763246828e-4,106489.59444712657,3,899167,0.004,NA,NA,NA,NA,NA,NA,NA,0.0042,0.899167
5543,Lance McCutcheon,lance mccutcheon,00-0037055,McCuLa01,27,4,PIT,2,0.0035843062214553356,301587301.5873016,1080981.2413912918,1.0809812413912918,0.0963279977440834,xgb_pair,term_xgb_final,aavPerc_xgb_final,3.452690416144537e-4,104128.75858213684,1,960000,0.0034,NA,NA,NA,NA,NA,NA,NA,0.0042,0.96
5598,Tyler Hudson,tyler hudson,00-0038356,NA,25,3,LA,2,0.003656126093119383,301587301.5873016,1102641.202686798,1.102641202686798,0.09626705944538116,xgb_pair,term_xgb_final,aavPerc_xgb_final,3.519645079461328e-4,106148.02620597657,3,898333,0.004,NA,NA,NA,NA,NA,NA,NA,0.0042,0.898333
5488,Donovan Peoples-Jones,donovan peoples jones,00-0036233,PeopDo00,27,6,NO,2,0.0037492092233151197,301587301.5873016,1130713.89274583,1.1307138927458298,0.09622947871685028,xgb_pair,term_xgb_final,aavPerc_xgb_final,3.607844491600211e-4,108808.00847683176,1,1170000,0.0042,NA,NA,NA,NA,NA,NA,NA,0.0042,1.17
5516,Johnny Johnson,johnny johnson,NA,NA,26,NA,HOU,3,0.004340953193604946,301587301.5873016,1309176.359976095,1.3091763599760948,0.09619522839784622,xgb_pair,term_xgb_final,aavPerc_xgb_final,4.1757898392318776e-4,125936.51896096139,1,840000,0.003,NA,NA,NA,NA,NA,NA,NA,0.0042,0.84
5540,Kody Case,kody case,00-0038532,NA,27,3,IND,3,0.004719143267720938,301587301.5873016,1423233.6839158384,1.4232336839158384,0.0961550921201706,xgb_pair,term_xgb_final,aavPerc_xgb_final,4.5376965563598964e-4,136851.1659854572,3,898333,0.004,NA,NA,NA,NA,NA,NA,NA,0.0042,0.898333
5529,K.J. Hamler,k j hamler,NA,NA,26,NA,BUF,2,0.004842905793339014,301587301.5873016,1460558.8900546234,1.4605588900546234,0.09614939242601395,xgb_pair,term_xgb_final,aavPerc_xgb_final,4.6564244960596926e-4,140431.84988116534,1,1108000,0.004,NA,NA,NA,NA,NA,NA,NA,0.0042,1.108
5564,Oliver Martin,oliver martin,00-0038672,NA,27,3,JAX,3,0.004719143267720938,301587301.5873016,1423233.6839158384,1.4232336839158384,0.09608236700296402,xgb_pair,term_xgb_final,aavPerc_xgb_final,4.5342645538873e-4,136747.66114898206,3,898667,0.004,NA,NA,NA,NA,NA,NA,NA,0.0042,0.898667
5521,Joseph Ngata,joseph ngata,00-0038484,NgatJo01,25,3,PHI,2,0.003275405615568161,301587301.5873016,987820.7412030962,0.9878207412030963,0.09600985795259476,xgb_pair,term_xgb_final,aavPerc_xgb_final,3.1447122788783033e-4,94840.52904553614,3,908333,0.004,NA,NA,NA,NA,NA,NA,NA,0.0042,0.908333
5540,Kody Case,kody case,00-0038532,NA,27,3,IND,2,0.003681282978504896,301587301.5873016,1110228.199866556,1.1102281998665562,0.09595908224582672,xgb_pair,term_xgb_final,aavPerc_xgb_final,3.532525361045133e-4,106536.479142631,3,898333,0.004,NA,NA,NA,NA,NA,NA,NA,0.0042,0.898333
5546,Louis Rees-Zammit,louis rees zammit,NA,NA,25,NA,JAX,3,0.00447490531951189,301587301.5873016,1349574.6201702529,1.3495746201702528,0.0959341749548912,xgb_pair,term_xgb_final,aavPerc_xgb_final,4.29296349828627e-4,129470.32772609388,1,840000,0.003,NA,NA,NA,NA,NA,NA,NA,0.0042,0.84
5547,Mac Hippenhammer,mac hippenhammer,00-0038887,NA,27,3,CIN,3,0.004719143267720938,301587301.5873016,1423233.6839158384,1.4232336839158384,0.095836639404296875,xgb_pair,term_xgb_final,aavPerc_xgb_final,4.5226683164578674e-4,136397.93335349124,3,898333,0.004,NA,NA,NA,NA,NA,NA,NA,0.0042,0.898333
5531,Kade Warner,kade warner,00-0038829,NA,27,3,TB,3,0.004719143267720938,301587301.5873016,1423233.6839158384,1.4232336839158384,0.09582298994064331,xgb_pair,term_xgb_final,aavPerc_xgb_final,4.52202417871278e-4,136378.5069770521,3,900000,0.004,NA,NA,NA,NA,NA,NA,NA,0.0042,0.9
5490,Dontay Demus Jr.,dontay demus jr,00-0038447,DemuDo00,25,3,BAL,2,0.003275405615568161,301587301.5873016,987820.7412030962,0.9878207412030963,0.09580031782388687,xgb_pair,term_xgb_final,aavPerc_xgb_final,3.1378489897357364e-4,94633.54096028412,3,899167,0.004,NA,NA,NA,NA,NA,NA,NA,0.0042,0.899167
5459,Brian Cobbs,brian cobbs,00-0039011,NA,26,3,ARI,2,0.003656126093119383,301587301.5873016,1102641.202686798,1.102641202686798,0.09579571336507797,xgb_pair,term_xgb_final,aavPerc_xgb_final,3.502412072430468e-4,105628.30059710935,3,898333,0.004,NA,NA,NA,NA,NA,NA,NA,0.0042,0.898333
5564,Oliver Martin,oliver martin,00-0038672,NA,27,3,JAX,2,0.003681282978504896,301587301.5873016,1110228.199866556,1.1102281998665562,0.09562420845031738,xgb_pair,term_xgb_final,aavPerc_xgb_final,3.5201977090115744e-4,106164.69281146019,3,898667,0.004,NA,NA,NA,NA,NA,NA,NA,0.0042,0.898667
5547,Mac Hippenhammer,mac hippenhammer,00-0038887,NA,27,3,CIN,2,0.003681282978504896,301587301.5873016,1110228.199866556,1.1102281998665562,0.09554620832204819,xgb_pair,term_xgb_final,aavPerc_xgb_final,3.5173263035663885e-4,106078.09486946253,3,898333,0.004,NA,NA,NA,NA,NA,NA,NA,0.0042,0.898333
5531,Kade Warner,kade warner,00-0038829,NA,27,3,TB,2,0.003681282978504896,301587301.5873016,1110228.199866556,1.1102281998665562,0.0951535552740097,xgb_pair,term_xgb_final,aavPerc_xgb_final,3.502871633744367e-4,105642.16038276664,3,900000,0.004,NA,NA,NA,NA,NA,NA,NA,0.0042,0.9
5581,Shaq Davis,shaq davis,NA,NA,25,NA,PHI,2,0.0041575124487280846,301587301.5873016,1253852.9607275177,1.2538529607275177,0.09494315832853317,xgb_pair,term_xgb_final,aavPerc_xgb_final,3.947273626724382e-4,119044.7601710528,2,927500,0.0036,NA,NA,NA,NA,NA,NA,NA,0.0042,0.9275
5523,Josh Vann,josh vann,00-0038780,NA,26,3,CAR,2,0.003656126093119383,301587301.5873016,1102641.202686798,1.102641202686798,0.0949157252907753,xgb_pair,term_xgb_final,aavPerc_xgb_final,3.470238598829549e-4,104657.98948851021,3,901667,0.004,NA,NA,NA,NA,NA,NA,NA,0.0042,0.901667
5578,Sean Ryan,sean ryan,00-0038455,RyanSe01,27,3,BAL,2,0.0033549866639077663,301587301.5873016,1011821.3748293264,1.0118213748293263,0.09482039511203766,xgb_pair,term_xgb_final,aavPerc_xgb_final,3.181211610673515e-4,95941.30254412189,3,900000,0.004,NA,NA,NA,NA,NA,NA,NA,0.0042,0.9
5487,DJ Montgomery,dj montgomery,NA,NA,29,NA,IND,2,0.004242053255438805,301587301.5873016,1279349.3944974174,1.2793493944974175,0.09477386623620987,xgb_pair,term_xgb_final,aavPerc_xgb_final,4.020357877978359e-4,121248.88838347433,1,1030000,0.0037,NA,NA,NA,NA,NA,NA,NA,0.0042,1.03
5482,Demetric Felton,demetric felton,NA,NA,27,NA,WAS,2,0.004242053255438805,301587301.5873016,1279349.3944974174,1.2793493944974175,0.09476952254772186,xgb_pair,term_xgb_final,aavPerc_xgb_final,4.020173616399447e-4,121243.33128823731,1,1030000,0.0037,NA,NA,NA,NA,NA,NA,NA,0.0042,1.03
5548,Malachi Carter,malachi carter,00-0038886,NA,26,3,CIN,2,0.003656126093119383,301587301.5873016,1102641.202686798,1.102641202686798,0.09475593268871307,xgb_pair,term_xgb_final,aavPerc_xgb_final,3.4643963798106775e-4,104481.79558159187,3,898333,0.004,NA,NA,NA,NA,NA,NA,NA,0.0042,0.898333
5502,Jadakis Bonds,jadakis bonds,00-0039022,NA,26,3,GB,2,0.003656126093119383,301587301.5873016,1102641.202686798,1.102641202686798,0.09472454339265823,xgb_pair,term_xgb_final,aavPerc_xgb_final,3.46324874756717e-4,104447.18445043846,3,898333,0.004,NA,NA,NA,NA,NA,NA,NA,0.0042,0.898333
5498,Gavin Holmes,gavin holmes,00-0038962,NA,27,3,TEN,3,0.004655651748180389,301587301.5873016,1404085.447863927,1.404085447863927,0.094580739736557,xgb_pair,term_xgb_final,aavPerc_xgb_final,4.4033498629869605e-4,132799.44031230517,3,898333,0.004,NA,NA,NA,NA,NA,NA,NA,0.0042,0.898333
5565,Pokey Wilson,pokey wilson,NA,NA,24,NA,NYJ,3,0.00447490531951189,301587301.5873016,1349574.6201702529,1.3495746201702528,0.09430347383022308,xgb_pair,term_xgb_final,aavPerc_xgb_final,4.219991166913156e-4,127269.5748751587,1,840000,0.003,NA,NA,NA,NA,NA,NA,NA,0.0042,0.84
5601,Tyrone Scott,tyrone scott,NA,NA,NA,NA,KC,2,0.004265621770173311,301587301.5873016,1286457.3592586177,1.2864573592586177,0.09412375092506409,xgb_pair,term_xgb_final,aavPerc_xgb_final,4.014963210363237e-4,121086.19205857383,3,898333,0.004,NA,NA,NA,NA,NA,NA,NA,0.0042,0.898333
5472,Daniel Arias,daniel arias,00-0038702,AriaDa00,27,3,ARI,2,0.0033549866639077663,301587301.5873016,1011821.3748293264,1.0118213748293263,0.09406742453575134,xgb_pair,term_xgb_final,aavPerc_xgb_final,3.1559495482559596e-4,95179.43082041784,3,902333,0.004,NA,NA,NA,NA,NA,NA,NA,0.0042,0.902333
5503,Jadon Haselwood,jadon haselwood,00-0038483,NA,25,3,PHI,2,0.003656126093119383,301587301.5873016,1102641.202686798,1.102641202686798,0.09406597167253494,xgb_pair,term_xgb_final,aavPerc_xgb_final,3.439170535065837e-4,103721.01613690621,3,902500,0.004,NA,NA,NA,NA,NA,NA,NA,0.0042,0.9025
5497,Garett Maag,garett maag,00-0039043,NA,26,3,MIN,2,0.0032321219332516193,301587301.5873016,974766.9322504884,0.9747669322504884,0.09389117360115051,xgb_pair,term_xgb_final,aavPerc_xgb_final,3.03467721535014e-4,91522.01125659153,3,898333,0.004,NA,NA,NA,NA,NA,NA,NA,0.0042,0.898333
5515,John Hall,john hall,00-0038759,NA,28,3,SEA,2,0.0038953993935137987,301587301.5873016,1174802.9916946378,1.1748029916946379,0.09373219311237335,xgb_pair,term_xgb_final,aavPerc_xgb_final,3.651243282026574e-4,110116.86088651574,3,901667,0.004,NA,NA,NA,NA,NA,NA,NA,0.0042,0.901667
5449,Austin Mack,austin mack,00-0035869,MackAu01,28,6,ATL,2,0.0035901200026273727,301587301.5873016,1082734.6039669856,1.0827346039669856,0.09366685152053833,xgb_pair,term_xgb_final,aavPerc_xgb_final,3.362752372270128e-4,101416.3413859245,2,984500,0.0039,NA,NA,NA,NA,NA,NA,NA,0.0042,0.9845
5562,Nick Williams,nick williams,00-0039045,NA,NA,3,DEN,2,0.003656126093119383,301587301.5873016,1102641.202686798,1.102641202686798,0.0936395674943924,xgb_pair,term_xgb_final,aavPerc_xgb_final,3.423580660646616e-4,103250.84532108843,3,898333,0.004,NA,NA,NA,NA,NA,NA,NA,0.0042,0.898333
5478,Dax Milne,dax milne,00-0036671,MilnDa00,26,5,CAR,2,0.0033539780415594578,301587301.5873016,1011517.1871369794,1.0115171871369795,0.09330856800079346,xgb_pair,term_xgb_final,aavPerc_xgb_final,3.1295488816401873e-4,94383.22023994217,1,1030000,0.0037,NA,NA,NA,NA,NA,NA,NA,0.0042,1.03
5597,Tyler Adams,tyler adams,00-0038531,NA,NA,3,IND,2,0.003656126093119383,301587301.5873016,1102641.202686798,1.102641202686798,0.09287869185209274,xgb_pair,term_xgb_final,aavPerc_xgb_final,3.395762087752309e-4,102411.87248776805,3,898333,0.004,NA,NA,NA,NA,NA,NA,NA,0.0042,0.898333
5467,Cody Chrest,cody chrest,00-0038430,NA,NA,3,IND,2,0.003656126093119383,301587301.5873016,1102641.202686798,1.102641202686798,0.09283960610628128,xgb_pair,term_xgb_final,aavPerc_xgb_final,3.394333063601006e-4,102368.77493399859,3,898333,0.004,NA,NA,NA,NA,NA,NA,NA,0.0042,0.898333
5489,Dontavian Jackson,dontavian jackson,NA,NA,28,NA,MIN,2,0.0038422029465436935,301587301.5873016,1158759.6187988918,1.1587596187988918,0.09275183081626892,xgb_pair,term_xgb_final,aavPerc_xgb_final,3.563713576595906e-4,107477.07611955907,3,898333,0.004,NA,NA,NA,NA,NA,NA,NA,0.0042,0.898333
5451,Avery Davis,avery davis,00-0039186,NA,NA,3,DET,2,0.003656126093119383,301587301.5873016,1102641.202686798,1.102641202686798,0.09267017990350723,xgb_pair,term_xgb_final,aavPerc_xgb_final,3.3881386279928025e-4,102181.95862200516,3,898333,0.004,NA,NA,NA,NA,NA,NA,NA,0.0042,0.898333
5526,Justin Marshall,justin marshall,00-0038929,NA,NA,3,ATL,2,0.003656126093119383,301587301.5873016,1102641.202686798,1.102641202686798,0.09259617328643799,xgb_pair,term_xgb_final,aavPerc_xgb_final,3.385432852755499e-4,102100.35587675315,3,904167,0.004,NA,NA,NA,NA,NA,NA,NA,0.0042,0.904167
5459,Brian Cobbs,brian cobbs,00-0039011,NA,26,3,ARI,3,0.004693986847996712,301587301.5873016,1415646.8271736116,1.4156468271736116,0.09162052720785141,xgb_pair,term_xgb_final,aavPerc_xgb_final,4.300655497201794e-4,129702.30864576841,3,898333,0.004,NA,NA,NA,NA,NA,NA,NA,0.0042,0.898333
5517,Johnny King,johnny king,00-0038434,NA,26,3,IND,2,0.003656126093119383,301587301.5873016,1102641.202686798,1.102641202686798,0.09127438813447952,xgb_pair,term_xgb_final,aavPerc_xgb_final,3.337106720919768e-4,100642.90110710412,3,900000,0.004,NA,NA,NA,NA,NA,NA,NA,0.0042,0.9
5469,Cornell Powell,cornell powell,00-0036647,PoweCo00,28,5,HOU,2,0.0035416181199252605,301587301.5873016,1068107.0520409518,1.0681070520409517,0.09071800857782364,xgb_pair,term_xgb_final,aavPerc_xgb_final,3.212885429827554e-4,96896.54470908498,1,960000,0.0034,NA,NA,NA,NA,NA,NA,NA,0.0042,0.96
5598,Tyler Hudson,tyler hudson,00-0038356,NA,25,3,LA,3,0.004693986847996712,301587301.5873016,1415646.8271736116,1.4156468271736116,0.09066551178693771,xgb_pair,term_xgb_final,aavPerc_xgb_final,4.255827198947765e-4,128350.34409525005,3,898333,0.004,NA,NA,NA,NA,NA,NA,NA,0.0042,0.898333
5491,Easop Winston,easop winston,00-0036080,WinsEa00,29,5,NYJ,2,0.0036835484206676483,301587301.5873016,1110911.4284553225,1.1109114284553225,0.09061449021100998,xgb_pair,term_xgb_final,aavPerc_xgb_final,3.337828623063699e-4,100664.67275906393,1,960000,0.0034,NA,NA,NA,NA,NA,NA,NA,0.0042,0.96
5513,Jerome Kapp,jerome kapp,00-0039033,NA,NA,3,NYJ,2,0.003656126093119383,301587301.5873016,1102641.202686798,1.102641202686798,0.09052654355764389,xgb_pair,term_xgb_final,aavPerc_xgb_final,3.309764580210102e-4,99818.29686347926,3,898333,0.004,NA,NA,NA,NA,NA,NA,NA,0.0042,0.898333
5557,Mike Strachan,mike strachan,00-0036482,StraMi03,28,5,WAS,2,0.003566249506548047,301587301.5873016,1075535.5654668715,1.0755355654668715,0.09008242934942245,xgb_pair,term_xgb_final,aavPerc_xgb_final,3.2125641921602714e-4,96886.85658896058,1,1100000,0.0039,NA,NA,NA,NA,NA,NA,NA,0.0042,1.1
5483,Deon Cain,deon cain,00-0034406,CainDe00,29,8,BUF,2,0.003976114559918642,301587301.5873016,1199145.6609278445,1.1991456609278444,0.08932457119226456,xgb_pair,term_xgb_final,aavPerc_xgb_final,3.551647280760524e-4,107113.17195944437,1,960000,0.0034,NA,NA,NA,NA,NA,NA,NA,0.0042,0.96
5502,Jadakis Bonds,jadakis bonds,00-0039022,NA,26,3,GB,3,0.004693986847996712,301587301.5873016,1415646.8271736116,1.4156468271736116,0.08828858286142349,xgb_pair,term_xgb_final,aavPerc_xgb_final,4.1442544677978976e-4,124985.45220342868,3,898333,0.004,NA,NA,NA,NA,NA,NA,NA,0.0042,0.898333
5548,Malachi Carter,malachi carter,00-0038886,NA,26,3,CIN,3,0.004693986847996712,301587301.5873016,1415646.8271736116,1.4156468271736116,0.08805601298809052,xgb_pair,term_xgb_final,aavPerc_xgb_final,4.133337668531245e-4,124656.21540014868,3,898333,0.004,NA,NA,NA,NA,NA,NA,NA,0.0042,0.898333
5501,Jacob Harris,jacob harris,00-0036918,HarrJa03,28,5,TB,2,0.0037084855139255524,301587301.5873016,1118432.1391204048,1.1184321391204048,0.08796893805265427,xgb_pair,term_xgb_final,aavPerc_xgb_final,3.2623153244368264e-4,98387.28756238049,1,1100000,0.0039,NA,NA,NA,NA,NA,NA,NA,0.0042,1.1
5497,Garett Maag,garett maag,00-0039043,NA,26,3,MIN,3,0.004269982222467661,301587301.5873016,1287772.4162997708,1.2877724162997708,0.087364092469215393,xgb_pair,term_xgb_final,aavPerc_xgb_final,3.730431217255706e-4,112505.06845691812,3,898333,0.004,NA,NA,NA,NA,NA,NA,NA,0.0042,0.898333
5465,Chris Coleman,chris coleman,00-0019038,ColeCh01,48,26,MIA,2,0.005018720403313637,301587301.5873016,1513582.3438564937,1.5135823438564937,0.08662299066781998,xgb_pair,term_xgb_final,aavPerc_xgb_final,4.3473657066063487e-4,131111.02924685815,3,900000,0.004,NA,NA,NA,NA,NA,NA,NA,0.0042,0.9
5461,Bryce Ford-Wheaton,bryce ford wheaton,00-0038477,FordBr00,26,3,NYG,2,0.003334009787067771,301587301.5873016,1005495.015147423,1.0054950151474231,0.08640297502279282,xgb_pair,term_xgb_final,aavPerc_xgb_final,2.880683643577634e-4,86877.76067932548,3,905000,0.004,0,0,0,0,0,0.00285714285714285,NA,0.0042,0.905
5503,Jadon Haselwood,jadon haselwood,00-0038483,NA,25,3,PHI,3,0.004693986847996712,301587301.5873016,1415646.8271736116,1.4156468271736116,0.08620017766952515,xgb_pair,term_xgb_final,aavPerc_xgb_final,4.046225002757309e-4,122029.00801966488,3,902500,0.004,NA,NA,NA,NA,NA,NA,NA,0.0042,0.9025
5552,Malik Taylor,malik taylor,00-0035480,TaylMa01,30,7,DET,2,0.003740025218576193,301587301.5873016,1127944.113538852,1.127944113538852,0.08522674441337585,xgb_pair,term_xgb_final,aavPerc_xgb_final,3.1875017340317335e-4,96131.00467714753,1,1100000,0.0039,NA,NA,NA,NA,NA,NA,NA,0.0042,1.1
5515,John Hall,john hall,00-0038759,NA,28,3,SEA,3,0.004933259915560484,301587301.5873016,1487808.5459626857,1.4878085459626857,0.08515317738056183,xgb_pair,term_xgb_final,aavPerc_xgb_final,4.2008275665413736e-4,126691.62502267635,3,901667,0.004,NA,NA,NA,NA,NA,NA,NA,0.0042,0.901667
5568,Rakim Jarrett,rakim jarrett,00-0038821,JarrRa00,25,3,TB,2,0.0045950631611049175,301587301.5873016,1385812.6993808483,1.3858126993808484,0.08476940542459488,xgb_pair,term_xgb_final,aavPerc_xgb_final,3.895207720553233e-4,117474.51855636736,3,906667,0.004,11,9,124,0,0.01953818827708703,0.325,NA,0.0042,0.906667
5513,Jerome Kapp,jerome kapp,00-0039033,NA,NA,3,NYJ,3,0.004693986847996712,301587301.5873016,1415646.8271736116,1.4156468271736116,0.08437453955411911,xgb_pair,term_xgb_final,aavPerc_xgb_final,3.9605297897281344e-4,119444.5492140231,3,898333,0.004,NA,NA,NA,NA,NA,NA,NA,0.0042,0.898333
5576,Scotty Miller,scotty miller,NA,NA,28,NA,PIT,2,0.006359032820910215,301587301.5873016,1917803.5491633983,1.9178035491633982,0.08428364247083664,xgb_pair,term_xgb_final,aavPerc_xgb_final,5.359624487379124e-4,161639.46866698944,1,1337500,0.0048,NA,NA,NA,NA,NA,NA,NA,0.0042,1.3375
5527,Justyn Ross,justyn ross,00-0037216,RossJu00,26,4,KC,2,0.0040607210248708725,301587301.5873016,1224661.8963896283,1.2246618963896283,0.08412905782461166,xgb_pair,term_xgb_final,aavPerc_xgb_final,3.4162463391097797e-4,103029.65149696161,1,960000,0.0034,1,0,0,0,0.00174825174825174,0.09,NA,0.0042,0.96
5583,Steven Sims Jr.,steven sims jr,NA,NA,28,NA,SEA,2,0.004579606465995312,301587301.5873016,1381151.1564112846,1.3811511564112846,0.08363912999629974,xgb_pair,term_xgb_final,aavPerc_xgb_final,3.8303430054127674e-4,115518.28111562315,1,1170000,0.0042,NA,NA,NA,NA,NA,NA,NA,0.0042,1.17
5581,Shaq Davis,shaq davis,NA,NA,25,NA,PHI,3,0.005050752777606249,301587301.5873016,1523242.901182837,1.523242901182837,0.08314471691846848,xgb_pair,term_xgb_final,aavPerc_xgb_final,4.199434099192399e-4,126649.59981691364,2,927500,0.0036,NA,NA,NA,NA,NA,NA,NA,0.0042,0.9275
5591,Tim Patrick,tim patrick,00-0033375,PatrTi00,32,9,DET,2,0.010088167153298855,301587301.5873016,3042463.1097250516,3.0424631097250514,0.08279941231012344,xgb_pair,term_xgb_final,aavPerc_xgb_final,8.352943115794362e-4,251914.1574604649,1,2500000,0.009,30.666666666666668,21,256,3,0.05734751961821242,0.40895833333333337,NA,0.0042,2.5
5529,K.J. Hamler,k j hamler,NA,NA,26,NA,BUF,3,0.00573614239692688,301587301.5873016,1729947.707009694,1.729947707009694,0.08167710900306702,xgb_pair,term_xgb_final,aavPerc_xgb_final,4.685115278109109e-4,141297.12743503661,1,1108000,0.004,NA,NA,NA,NA,NA,NA,NA,0.0042,1.108
5544,Laviska Shenault,laviska shenault,NA,NA,27,NA,BUF,2,0.00486806221306324,301587301.5873016,1468145.7467968503,1.4681457467968504,0.08138785511255264,xgb_pair,term_xgb_final,aavPerc_xgb_final,3.9620114207568335e-4,119489.23332441246,1,1210000,0.0043,NA,NA,NA,NA,NA,NA,NA,0.0042,1.21
5576,Scotty Miller,scotty miller,NA,NA,28,NA,PIT,3,0.00935342162847519,301587301.5873016,2820873.1895401366,2.8208731895401367,0.07984218746423721,xgb_pair,term_xgb_final,aavPerc_xgb_final,7.46797643092767e-4,225224.68601210433,1,1337500,0.0048,NA,NA,NA,NA,NA,NA,NA,0.0042,1.3375
5470,D'Wayne Eskridge,d wayne eskridge,NA,NA,28,NA,MIA,2,0.008165056817233562,301587301.5873016,2462477.4528164715,2.4624774528164717,0.07948677241802216,xgb_pair,term_xgb_final,aavPerc_xgb_final,6.490140130116645e-4,195734.38487653376,1,1270000,0.0045,NA,NA,NA,NA,NA,0.11175213675213676,NA,0.0042,1.27
5544,Laviska Shenault,laviska shenault,NA,NA,27,NA,BUF,3,0.005761298816651106,301587301.5873016,1737534.563751921,1.737534563751921,0.07884299755096436,xgb_pair,term_xgb_final,aavPerc_xgb_final,4.54238068491597e-4,136992.43335460863,1,1210000,0.0043,NA,NA,NA,NA,NA,NA,NA,0.0042,1.21
5559,Mike Woods,mike woods,00-0037300,WoodMi00,26,4,CLE,2,0.008724107407033443,301587301.5873016,2631080.011645007,2.631080011645007,0.07851231843233109,xgb_pair,term_xgb_final,aavPerc_xgb_final,6.84949898778868e-4,206572.19169521416,4,957072,0.0046,17,7,65,0,0.02681388012618296,0.838,NA,0.0042,0.957072
5476,David Sills,david sills,00-0035359,SillDa01,30,7,ATL,2,0.003325007390230894,301587301.5873016,1002780.0065775713,1.0027800065775714,0.07810904830694199,xgb_pair,term_xgb_final,aavPerc_xgb_final,2.59713162864484e-4,78326.19197500312,1,1100000,0.0039,36,18,191,2,0.06936416184971098,0.15333333333333335,NA,0.0042,1.1
5450,Austin Watkins,austin watkins,NA,NA,27,NA,PHI,3,0.005075909197330475,301587301.5873016,1530829.757925064,1.530829757925064,0.07754623144865036,xgb_pair,term_xgb_final,aavPerc_xgb_final,3.936176294285221e-4,118710.07871653842,2,902500,0.00349999999999999,NA,NA,NA,NA,NA,NA,NA,0.0042,0.9025
5560,Miles Boykin,miles boykin,00-0035703,BoykMi00,29,7,CHI,2,0.0032889305148273706,301587301.5873016,991899.6790749214,0.9918996790749214,0.0774235874414444,xgb_pair,term_xgb_final,aavPerc_xgb_final,2.5464079930357167e-4,76796.4315359978,1,1170000,0.0042,NA,NA,NA,NA,NA,NA,NA,0.0042,1.17
5583,Steven Sims Jr.,steven sims jr,NA,NA,28,NA,SEA,3,0.005472846794873476,301587301.5873016,1650541.096866604,1.6505410968666039,0.07714416086673737,xgb_pair,term_xgb_final,aavPerc_xgb_final,4.2219817354272743e-4,127329.60789383843,1,1170000,0.0042,NA,NA,NA,NA,NA,NA,NA,0.0042,1.17
5566,Quintez Cephus,quintez cephus,00-0036277,CephQu00,27,6,HOU,2,0.004011395387351513,301587301.5873016,1209785.9104710913,1.2097859104710913,0.07682834565639496,xgb_pair,term_xgb_final,aavPerc_xgb_final,3.081888713839104e-4,92945.85009990948,1,1100000,0.0039,NA,NA,NA,NA,NA,NA,NA,0.0042,1.1
5528,Juwann Winfree,juwann winfree,00-0035593,WinfJu00,29,7,HOU,2,0.0035227336920797825,301587301.5873016,1062411.748405014,1.062411748405014,0.07679883390665054,xgb_pair,term_xgb_final,aavPerc_xgb_final,2.7054183971539705e-4,81591.98340623087,1,1170000,0.0042,NA,NA,NA,NA,NA,NA,NA,0.0042,1.17
5484,Dez Fitzpatrick,dez fitzpatrick,00-0036627,FitzDe00,28,5,LAC,2,0.006302467547357082,301587301.5873016,1900744.1809489615,1.9007441809489616,0.07679709047079086,xgb_pair,term_xgb_final,aavPerc_xgb_final,4.8401117042360525e-4,145971.62282616668,1,1030000,0.0037,NA,NA,NA,NA,NA,0.13,NA,0.0042,1.03
5520,Jose Barbon,jose barbon,00-0038730,NA,26,3,DAL,2,0.003656126093119383,301587301.5873016,1102641.202686798,1.102641202686798,0.07625609636306763,xgb_pair,term_xgb_final,aavPerc_xgb_final,2.788019036724376e-4,84083.11380597326,3,899333,0.004,NA,NA,NA,NA,NA,NA,NA,0.0042,0.899333
5481,Deebo Samuel,deebo samuel,NA,NA,30,NA,WAS,2,0.03403914347290993,301587301.5873016,10265773.428337915,10.265773428337916,0.07621900737285614,xgb_pair,term_xgb_final,aavPerc_xgb_final,0.0025944297273274297,782447.0606225582,1,17545529,0.06280000000000001,NA,NA,NA,NA,NA,0.7254444444444444,7.652824541713431,0.0042,17.545529
5487,DJ Montgomery,dj montgomery,NA,NA,29,NA,IND,3,0.005135293584316969,301587301.5873016,1548739.3349527367,1.5487393349527367,0.07614920288324356,xgb_pair,term_xgb_final,aavPerc_xgb_final,3.910485130171719e-4,117935.26583057565,1,1030000,0.0037,NA,NA,NA,NA,NA,NA,NA,0.0042,1.03
5482,Demetric Felton,demetric felton,NA,NA,27,NA,WAS,3,0.005135293584316969,301587301.5873016,1548739.3349527367,1.5487393349527367,0.0761457085609436,xgb_pair,term_xgb_final,aavPerc_xgb_final,3.910305686462834e-4,117929.85403618071,1,1030000,0.0037,NA,NA,NA,NA,NA,NA,NA,0.0042,1.03
5475,David Durden,david durden,00-0038734,DurdDa00,27,3,DAL,2,0.0033549866639077663,301587301.5873016,1011821.3748293264,1.0118213748293263,0.07614335417747498,xgb_pair,term_xgb_final,aavPerc_xgb_final,2.5545993781063425e-4,77043.47330796906,3,901667,0.004,NA,NA,NA,NA,NA,NA,NA,0.0042,0.901667
5463,Cedrick Wilson,cedrick wilson,00-0020452,WilsCe00,47,25,MIA,2,0.0047697145491838455,301587301.5873016,1438485.3402300489,1.4384853402300488,0.07520955801010132,xgb_pair,term_xgb_final,aavPerc_xgb_final,3.587281230784667e-4,108187.84664271219,1,1170000,0.0042,NA,NA,NA,NA,NA,NA,NA,0.0042,1.17
5537,Keith Kirkwood,keith kirkwood,00-0034317,KirkKe00,31,8,BAL,2,0.003740025218576193,301587301.5873016,1127944.113538852,1.127944113538852,0.07490811496973038,xgb_pair,term_xgb_final,aavPerc_xgb_final,2.8015823906279644e-4,84492.16733639894,1,1170000,0.0042,NA,NA,NA,NA,NA,NA,NA,0.0042,1.17
5536,Keenan Allen,keenan allen,00-0030279,AlleKe00,33,13,LAC,4,0.04947780445218086,301587301.5873016,14921877.533197405,14.921877533197405,0.0745847299695015,xgb_pair,term_xgb_final,aavPerc_xgb_final,0.0036902886845497085,1112944.2064514996,1,3020000,0.0108,121.66666666666669,77.33333333333333,766,5,0.2261891448594647,0.6591372549019607,6.295488416203766,0.0042,3.02
5465,Chris Coleman,chris coleman,00-0019038,ColeCh01,48,26,MIA,3,0.006068206857889891,301587301.5873016,1830094.1317445703,1.8300941317445703,0.0738694965839386,xgb_pair,term_xgb_final,aavPerc_xgb_final,4.4825538575953006e-4,135188.13221319162,3,900000,0.004,NA,NA,NA,NA,NA,NA,NA,0.0042,0.9
5510,Jamal Agnew,jamal agnew,00-0033572,AgneJa00,30,9,ATL,2,0.005122850649058819,301587301.5873016,1544986.703684406,1.5449867036844058,0.07353195548057556,xgb_pair,term_xgb_final,aavPerc_xgb_final,3.766932258602307e-4,113605.89351340292,1,2500000,0.009,0,0,0,0,0,0.00181818181818181,NA,0.0042,2.5
5524,JuJu Smith-Schuster,juju smith schuster,00-0033857,SmitJu00,29,9,KC,2,0.0056790257804095745,301587301.5873016,1712722.0607584433,1.7127220607584432,0.07143645733594894,xgb_pair,term_xgb_final,aavPerc_xgb_final,4.056894828719827e-4,122350.79642170909,1,1422500,0.0051,38.666666666666664,28,307,1.3333333333333333,0.06979632389468454,0.5370448179271708,7.666666666666667,0.0042,1.4225
5603,Xavier Malone,xavier malone,00-0038928,NA,26,3,ATL,3,0.004367690067738295,301587301.5873016,1317239.8616988508,1.3172398616988508,0.07133297622203827,xgb_pair,term_xgb_final,aavPerc_xgb_final,3.115603317472085e-4,93962.6397332851,3,901667,0.004,NA,NA,NA,NA,NA,NA,NA,0.0042,0.901667
5556,Michael Gallup,michael gallup,00-0034764,GallMi00,30,8,WAS,2,0.003740025218576193,301587301.5873016,1127944.113538852,1.127944113538852,0.07113093882799149,xgb_pair,term_xgb_final,aavPerc_xgb_final,2.6603150503768866e-4,80231.72374152516,1,1250000,0.0045,NA,NA,NA,NA,NA,NA,NA,0.0042,1.25
5561,Montrell Washington,montrell washington,00-0037272,WashMo00,27,4,NYG,2,0.003087870543822646,301587301.5873016,931262.5449623854,0.9312625449623855,0.07108388841152191,xgb_pair,term_xgb_final,aavPerc_xgb_final,2.1949784516631446e-4,66197.76282793611,1,1030000,0.0037,0,0,0,0,0,0.07,NA,0.0042,1.03
5573,Rondale Moore,rondale moore,00-0036936,MoorRo02,25,5,MIN,2,0.003184694331139326,301587301.5873016,960463.3697086857,0.9604633697086856,0.07066139578819275,xgb_pair,term_xgb_final,aavPerc_xgb_final,2.250349465970497e-4,67867.68230704674,1,2000000,0.0072,NA,NA,NA,NA,NA,NA,NA,0.0042,2
5534,Kazmeir Allen,kazmeir allen,00-0038830,AlleKa00,26,3,WAS,3,0.004367690067738295,301587301.5873016,1317239.8616988508,1.3172398616988508,0.07022684812545776,xgb_pair,term_xgb_final,aavPerc_xgb_final,3.0672910704612755e-4,92505.60371232418,3,903333,0.004,NA,NA,NA,NA,NA,NA,NA,0.0042,0.903333
5460,Bryan Thompson,bryan thompson,00-0038680,ThomBr05,26,3,BUF,3,0.004408074542880058,301587301.5873016,1329419.3065828749,1.3294193065828748,0.07000003755092621,xgb_pair,term_xgb_final,aavPerc_xgb_final,3.0856538352888596e-4,93059.40138172753,3,900500,0.004,NA,NA,NA,NA,NA,NA,NA,0.0042,0.9005
5475,David Durden,david durden,00-0038734,DurdDa00,27,3,DAL,3,0.004392846487462521,301587301.5873016,1324826.7184410777,1.3248267184410778,0.06967577338218689,xgb_pair,term_xgb_final,aavPerc_xgb_final,3.0607497636317427e-4,92308.32620476685,3,901667,0.004,NA,NA,NA,NA,NA,NA,NA,0.0042,0.901667
5596,Tyjon Lindsey,tyjon lindsey,00-0038763,LindTy01,27,3,SEA,3,0.004606963135302067,301587301.5873016,1389401.580487925,1.3894015804879252,0.0689486488699913,xgb_pair,term_xgb_final,aavPerc_xgb_final,3.1764388357293644e-4,95797.3617124729,3,898667,0.004,NA,NA,NA,NA,NA,NA,NA,0.0042,0.898667
5595,Trishton Jackson,trishton jackson,00-0035934,JackTr02,28,6,ARI,2,0.0048511135391891,301587301.5873016,1463034.2419776653,1.4630342419776654,0.06891052424907684,xgb_pair,term_xgb_final,aavPerc_xgb_final,3.342927771773155e-4,100818.45660903167,1,1100000,0.0039,NA,NA,NA,NA,NA,0.08499999999999999,NA,0.0042,1.1
5601,Tyrone Scott,tyrone scott,NA,NA,NA,NA,KC,3,0.005158862564712763,301587301.5873016,1555847.4401514684,1.5558474401514684,0.0688391774892807,xgb_pair,term_xgb_final,aavPerc_xgb_final,3.551318557350677e-4,107103.25807882997,3,898333,0.004,NA,NA,NA,NA,NA,NA,NA,0.0042,0.898333
5590,Thayer Thomas,thayer thomas,00-0038810,ThomTh01,27,3,MIN,3,0.00394427077844739,301587301.5873016,1189541.9808015937,1.1895419808015937,0.06869415193796158,xgb_pair,term_xgb_final,aavPerc_xgb_final,2.7094833613912697e-4,81714.57756576846,3,901667,0.004,NA,NA,NA,NA,NA,NA,NA,0.0042,0.901667
5574,Russell Gage,russell gage,00-0034411,GageRu00,30,8,SF,2,0.00410230178385973,301587301.5873016,1237202.1252910297,1.2372021252910297,0.06838827580213547,xgb_pair,term_xgb_final,aavPerc_xgb_final,2.805493458181915e-4,84610.1201673911,1,1170000,0.0042,NA,NA,NA,NA,NA,0.37,NA,0.0042,1.17
5592,Tre’Shaun Harrison,tre shaun harrison,00-0038844,HarrTr02,25,3,TEN,3,0.004304198548197746,301587301.5873016,1298091.6256469395,1.2980916256469395,0.06835443526506424,xgb_pair,term_xgb_final,aavPerc_xgb_final,2.9421106103076633e-4,88730.31999340573,3,901667,0.004,NA,NA,NA,NA,NA,NA,NA,0.0042,0.901667
5454,Braxton Berrios,braxton berrios,00-0034419,BerrBr00,30,8,HOU,2,0.0049277981743216515,301587301.5873016,1486161.3541604981,1.486161354160498,0.06825941801071167,xgb_pair,term_xgb_final,aavPerc_xgb_final,3.363686354534434e-4,101444.50910500676,1,1800000,0.0064,6.666666666666667,4,24.666666666666668,0,0.0119917819151194,0.21777777777777776,NA,0.0042,1.8
5569,Ray-Ray McCloud,ray ray mccloud,00-0034407,McClRa00,29,8,ATL,2,0.01201372779905796,301587301.5873016,3623187.7489222423,3.623187748922242,0.06737885624170303,xgb_pair,term_xgb_final,aavPerc_xgb_final,8.094712382996777e-4,244126.2464713314,2,2500000,0.0098,39,25.333333333333332,274.6666666666667,0.3333333333333333,0.07307116225365606,0.6370588235294118,7.885057471264368,0.0042,2.5
5604,Zach Pascal,zach pascal,00-0033251,PascZa00,31,9,NYG,2,0.004900333005934954,301587301.5873016,1477878.2081391132,1.477878208139113,0.06658513098955154,xgb_pair,term_xgb_final,aavPerc_xgb_final,3.2628931509260176e-4,98404.71407554657,1,1422500,0.0051,0,0,0,0,0,0.06588235294117648,NA,0.0042,1.4225
5489,Dontavian Jackson,dontavian jackson,NA,NA,28,NA,MIN,3,0.004735443275421858,301587301.5873016,1428149.5592542111,1.428149559254211,0.0652901828289032,xgb_pair,term_xgb_final,aavPerc_xgb_final,3.091779572281933e-4,93244.14583072497,3,898333,0.004,NA,NA,NA,NA,NA,NA,NA,0.0042,0.898333
5572,Robert Woods,robert woods,00-0030431,WoodRo02,33,13,PIT,2,0.005711703561246395,301587301.5873016,1722577.264502881,1.7225772645028812,0.06523704528808594,xgb_pair,term_xgb_final,aavPerc_xgb_final,3.726146638971528e-4,112375.85101660165,1,2000000,0.0072,30,20,203,0,0.05484460694698354,0.37066666666666664,NA,0.0042,2
5448,Aron Cruickshank,aron cruickshank,00-0038422,NA,25,3,CHI,3,0.004693986847996712,301587301.5873016,1415646.8271736116,1.4156468271736116,0.06477820873260498,xgb_pair,term_xgb_final,aavPerc_xgb_final,3.040680598276335e-4,91703.06566230218,3,901000,0.004,NA,NA,NA,NA,NA,NA,NA,0.0042,0.901
5466,Chris Moore,chris moore,00-0032398,MoorCh00,32,10,WAS,2,0.006745162419974804,301587301.5873016,2034255.3330082744,2.0342553330082747,0.06438403576612473,xgb_pair,term_xgb_final,aavPerc_xgb_final,4.342807784959782e-4,130973.5681178347,1,1255000,0.0045,23,11,207,1,0.05324074074074074,0.3538095238095238,NA,0.0042,1.255
5558,Mike Williams,mike williams,00-0033536,WillMi07,31,9,LAC,2,0.009154509752988815,301587301.5873016,2760883.8937585317,2.760883893758532,0.06408138573169708,xgb_pair,term_xgb_final,aavPerc_xgb_final,5.866336706658593e-4,176921.26575637027,1,3000000,0.0107,34,21,298,1,0.05772495755517826,0.4066666666666666,NA,0.0042,3
5567,Racey McMath,racey mcmath,00-0036652,McMaRa00,26,5,DAL,2,0.00381569005548954,301587301.5873016,1150763.6675285916,1.1507636675285915,0.06291744858026505,xgb_pair,term_xgb_final,aavPerc_xgb_final,2.4007348286449182e-4,72403.11387976738,2,1042500,0.0041,NA,NA,NA,NA,NA,NA,NA,0.0042,1.0425
5553,Marquez Callaway,marquez callaway,00-0036219,CallMa01,27,6,LV,2,0.007222587242722511,301587301.5873016,2178240.5970115513,2.1782405970115515,0.06276916712522507,xgb_pair,term_xgb_final,aavPerc_xgb_final,4.533557857149678e-4,136726.34807276807,1,1170000,0.0042,NA,NA,NA,NA,NA,0.04,NA,0.0042,1.17
5538,Kelvin Harmon,kelvin harmon,00-0035297,HarmKe00,29,7,DAL,2,0.0034556107129901648,301587301.5873016,1042168.3102668752,1.0421683102668753,0.06269858032464981,xgb_pair,term_xgb_final,aavPerc_xgb_final,2.1666188585913425e-4,65342.47351307224,1,960000,0.0034,NA,NA,NA,NA,NA,NA,NA,0.0042,0.96
5506,Jalen Cropper,jalen cropper,00-0038740,MoreJa01,24,3,DAL,2,0.003525472478941083,301587301.5873016,1063237.7317441362,1.0632377317441362,0.062287647277116776,xgb_pair,term_xgb_final,aavPerc_xgb_final,2.1959338625346467e-4,66226.57680660047,2,877500,0.0034,0,0,0,0,0,0.09555555555555556,NA,0.0042,0.8775
5597,Tyler Adams,tyler adams,00-0038531,NA,NA,3,IND,3,0.004693986847996712,301587301.5873016,1415646.8271736116,1.4156468271736116,0.06176392734050751,xgb_pair,term_xgb_final,aavPerc_xgb_final,2.8991906261696676e-4,87435.90777337094,3,898333,0.004,NA,NA,NA,NA,NA,NA,NA,0.0042,0.898333
5468,Collin Johnson,collin johnson,00-0036254,JohnCo01,28,6,LV,2,0.0035452309530228376,301587301.5873016,1069196.6366259353,1.0691966366259353,0.06152426078915596,xgb_pair,term_xgb_final,aavPerc_xgb_final,2.1811771371156499e-4,65781.53270666246,1,1170000,0.0042,2,1,6,0,0.00380228136882129,0.05444444444444445,NA,0.0042,1.17
5467,Cody Chrest,cody chrest,00-0038430,NA,NA,3,IND,3,0.004693986847996712,301587301.5873016,1415646.8271736116,1.4156468271736116,0.06136592477560043,xgb_pair,term_xgb_final,aavPerc_xgb_final,2.88050843811824e-4,86872.47670515328,3,898333,0.004,NA,NA,NA,NA,NA,NA,NA,0.0042,0.898333
5451,Avery Davis,avery davis,00-0039186,NA,NA,3,DET,3,0.004693986847996712,301587301.5873016,1415646.8271736116,1.4156468271736116,0.06116969883441925,xgb_pair,term_xgb_final,aavPerc_xgb_final,2.8712976182468375e-4,86594.69007411099,3,898333,0.004,NA,NA,NA,NA,NA,NA,NA,0.0042,0.898333
5578,Sean Ryan,sean ryan,00-0038455,RyanSe01,27,3,BAL,3,0.004392846487462521,301587301.5873016,1324826.7184410777,1.3248267184410778,0.06098154932260513,xgb_pair,term_xgb_final,aavPerc_xgb_final,2.678825847418284e-4,80789.98587451968,3,900000,0.004,NA,NA,NA,NA,NA,NA,NA,0.0042,0.9
5485,Diontae Johnson,diontae johnson,00-0035216,JohnDi01,29,7,CLE,2,0.0021330697927623987,301587301.5873016,643306.7628965965,0.6433067628965965,0.060495924204587936,xgb_pair,term_xgb_final,aavPerc_xgb_final,1.2904202850605017e-4,38917.43716849132,1,1170000,0.0042,67,33,375,3,0.1293436293436293,0.5516666666666666,5.597014925373134,0.0042,1.17
5472,Daniel Arias,daniel arias,00-0038702,AriaDa00,27,3,ARI,3,0.004392846487462521,301587301.5873016,1324826.7184410777,1.3248267184410778,0.060485269874334335,xgb_pair,term_xgb_final,aavPerc_xgb_final,2.657025053106922e-4,80132.50160163734,3,902333,0.004,NA,NA,NA,NA,NA,NA,NA,0.0042,0.902333
5521,Joseph Ngata,joseph ngata,00-0038484,NgatJo01,25,3,PHI,3,0.004313266836106777,301587301.5873016,1300826.5061274408,1.3008265061274409,0.06021607667207718,xgb_pair,term_xgb_final,aavPerc_xgb_final,2.5972800651013345e-4,78330.66863004025,3,908333,0.004,NA,NA,NA,NA,NA,NA,NA,0.0042,0.908333
5480,DeAndre Hopkins,deandre hopkins,00-0030564,HopkDe00,33,13,BAL,2,0.016791030764579773,301587301.5873016,5063961.65915898,5.06396165915898,0.05943284183740616,xgb_pair,term_xgb_final,aavPerc_xgb_final,9.979386757182906e-4,300965.6323594845,1,5000000,0.0179,52.666666666666664,33.333333333333336,423.3333333333333,3,0.11647903955596264,0.3833333333333333,7.725,0.0042,5
5554,Marquez Valdes-Scantling,marquez valdes scantling,00-0034272,ValdMa00,31,8,PIT,2,0.00550587335601449,301587301.5873016,1660501.4883218305,1.6605014883218305,0.058538440614938736,xgb_pair,term_xgb_final,aavPerc_xgb_final,3.2230524048442767e-4,97203.16776514487,1,1255000,0.0045,34,15.666666666666666,217,2,0.06478114478114479,0.5011904761904762,NA,0.0042,1.255
5490,Dontay Demus Jr.,dontay demus jr,00-0038447,DemuDo00,25,3,BAL,3,0.004313266836106777,301587301.5873016,1300826.5061274408,1.3008265061274409,0.058019451797008514,xgb_pair,term_xgb_final,aavPerc_xgb_final,2.502533772851326e-4,75473.24076853205,3,899167,0.004,NA,NA,NA,NA,NA,NA,NA,0.0042,0.899167
5496,Gabriel Davis,gabriel davis,NA,NA,27,NA,BUF,3,0.0225461907684803,301587301.5873016,6799644.834938504,6.799644834938504,0.0572984516620636,xgb_pair,term_xgb_final,aavPerc_xgb_final,0.001291861821911433,389609.12089392426,1,1170000,0.0042,NA,NA,NA,NA,NA,0.6197777777777778,NA,0.0042,1.17
5593,Trent Taylor,trent taylor,00-0033292,TaylTr02,31,9,SF,2,0.004443485755473375,301587301.5873016,1340098.8786348277,1.3400988786348276,0.05644967406988144,xgb_pair,term_xgb_final,aavPerc_xgb_final,2.5083332263063293e-4,75648.14492034963,1,1170000,0.0042,1,1,11,0,0.00194931773879142,0.095,NA,0.0042,1.17
5473,Dante Pettis,dante pettis,00-0034860,PettDa00,30,8,NO,2,0.00666127260774374,301587301.5873016,2008955.2309068425,2.0089552309068424,0.056386642158031464,xgb_pair,term_xgb_final,aavPerc_xgb_final,3.7560679484994336e-4,113278.2397166496,1,1255000,0.0045,16.666666666666668,10,124.66666666666669,0.3333333333333333,0.03103222014914728,0.2508333333333333,NA,0.0042,1.255
5549,Malik Flowers,malik flowers,00-0038904,FlowMa01,26,3,NO,3,0.004693986847996712,301587301.5873016,1415646.8271736116,1.4156468271736116,0.05596758425235748,xgb_pair,term_xgb_final,aavPerc_xgb_final,2.627111043947139e-4,79230.33307142166,3,898667,0.004,NA,NA,NA,NA,NA,NA,NA,0.0042,0.898667
5526,Justin Marshall,justin marshall,00-0038929,NA,NA,3,ATL,3,0.004693986847996712,301587301.5873016,1415646.8271736116,1.4156468271736116,0.055546313524246216,xgb_pair,term_xgb_final,aavPerc_xgb_final,2.607336651375136e-4,78633.96250178982,3,904167,0.004,NA,NA,NA,NA,NA,NA,NA,0.0042,0.904167
5587,Tay Martin,tay martin,00-0037524,MartTa00,28,4,WAS,2,0.005937498062849045,301587301.5873016,1790674.018954474,1.790674018954474,0.055346693843603134,xgb_pair,term_xgb_final,aavPerc_xgb_final,3.2862088748149276e-4,99107.88670076767,1,840000,0.003,2,1.6666666666666667,31.666666666666668,0.3333333333333333,0.00440134414493388,0.13333333333333333,NA,0.0042,0.84
5582,Sterling Shepard,sterling shepard,00-0032385,ShepSt00,33,10,TB,3,0.02761729806661606,301587301.5873016,8329026.401042939,8.32902640104294,0.05522790551185608,xgb_pair,term_xgb_final,aavPerc_xgb_final,0.0015252455281158372,459994.68308255414,1,1750000,0.0063,52.333333333333336,36.666666666666664,358.6666666666667,1,0.09550653407007832,0.551978021978022,6.849673202614379,0.0042,1.75
5517,Johnny King,johnny king,00-0038434,NA,26,3,IND,3,0.004693986847996712,301587301.5873016,1415646.8271736116,1.4156468271736116,0.05465814843773842,xgb_pair,term_xgb_final,aavPerc_xgb_final,2.5656462990259615e-4,77376.6344150687,3,900000,0.004,NA,NA,NA,NA,NA,NA,NA,0.0042,0.9
5500,Hunter Renfrow,hunter renfrow,00-0034983,RenfHu00,30,7,CAR,2,0.002683032536879182,301587301.5873016,809168.5428683248,0.8091685428683247,0.05459858477115631,xgb_pair,term_xgb_final,aavPerc_xgb_final,1.4648977940856858e-4,44179.45728194926,1,1220000,0.0044,26,15,89,2,0.05416666666666667,0.4916666666666667,NA,0.0042,1.22
5532,Kaden Davis,kaden davis,00-0037380,DaviKa02,27,4,CLE,2,0.0020088001620024443,301587301.5873016,605828.6202864515,0.6058286202864516,0.05400068312883377,xgb_pair,term_xgb_final,aavPerc_xgb_final,1.0847658101744394e-4,32715.159354467225,1,840000,0.003,0,0,0,0,0,0.09000000000000001,NA,0.0042,0.84
5474,David Bell,david bell,00-0037257,BellDa02,25,4,CLE,2,0.005287709180265665,301587301.5873016,1594705.9432547246,1.5947059432547246,0.053800322115421295,xgb_pair,term_xgb_final,aavPerc_xgb_final,2.8448045715096307e-4,85795.69342648094,4,1273726,0.00609999999999999,3,3,27,0,0.00473186119873817,0.13,NA,0.0042,1.273726
5496,Gabriel Davis,gabriel davis,NA,NA,27,NA,BUF,2,0.008314184844493866,301587301.5873016,2507452.572148944,2.5074525721489436,0.053509049117565155,xgb_pair,term_xgb_final,aavPerc_xgb_final,4.448841252165381e-4,134171.4028430829,1,1170000,0.0042,NA,NA,NA,NA,NA,0.6197777777777778,NA,0.0042,1.17
5562,Nick Williams,nick williams,00-0039045,NA,NA,3,DEN,3,0.004693986847996712,301587301.5873016,1415646.8271736116,1.4156468271736116,0.053414538502693176,xgb_pair,term_xgb_final,aavPerc_xgb_final,2.5072714122345574e-4,75616.12195628032,3,898333,0.004,NA,NA,NA,NA,NA,NA,NA,0.0042,0.898333
5530,K.J. Osborn,k j osborn,00-0036345,OsboKJ00,28,6,WAS,2,0.005762565415352583,301587301.5873016,1737916.5538364935,1.7379165538364936,0.05241585895419121,xgb_pair,term_xgb_final,aavPerc_xgb_final,3.0204981602542126e-4,91094.3889600477,1,1195000,0.0043,18,7,57,1,0.036,0.495,NA,0.0042,1.195
5494,Equanimeous St. Brown,equanimeous st brown,00-0034279,St.BEq00,29,8,SF,2,0.004064797889441252,301587301.5873016,1225891.426974346,1.225891426974346,0.05232419818639755,xgb_pair,term_xgb_final,aavPerc_xgb_final,2.1268729035477454e-4,64143.78598001138,1,1170000,0.0042,NA,NA,NA,NA,NA,0.24,NA,0.0042,1.17
5446,Alex Bachman,alex bachman,00-0035602,BachAl00,29,7,LV,2,0.004507601261138916,301587301.5873016,1359435.3009784033,1.3594353009784033,0.049568209797143936,xgb_pair,term_xgb_final,aavPerc_xgb_final,2.2343372499400438e-4,67384.77420454101,1,1030000,0.0037,3,2.3333333333333335,18.333333333333332,0,0.0057377721851406,0.09871794871794871,NA,0.0042,1.03
5519,Jordan Matthews,jordan matthews,00-0031299,NA,33,12,CAR,2,0.00533689372241497,301587301.5873016,1609539.3766013405,1.6095393766013404,0.04782409220933914,xgb_pair,term_xgb_final,aavPerc_xgb_final,2.5523209749221676e-4,76974.75956114475,1,1255000,0.0045,1,0,0,0,0.00193050193050193,NA,NA,0.0042,1.255
5512,Jauan Jennings,jauan jennings,00-0036259,JennJa00,28,6,SF,4,0.05091565102338791,301587301.5873016,15355513.800704291,15.35551380070429,0.045713357627391815,xgb_pair,term_xgb_final,aavPerc_xgb_final,0.0023275253640636095,701952.0939239458,2,5945000,0.02329999999999999,97.66666666666669,62.333333333333336,753.6666666666666,8,0.182515210585386,0.7951111111111112,7.639069157653229,0.0042,5.945
5463,Cedrick Wilson,cedrick wilson,00-0020452,WilsCe00,47,25,MIA,3,0.0058191996067762375,301587301.5873016,1754996.706805532,1.754996706805532,0.04567614942789078,xgb_pair,term_xgb_final,aavPerc_xgb_final,2.657986307898347e-4,80161.4918255057,1,1170000,0.0042,NA,NA,NA,NA,NA,NA,NA,0.0042,1.17
5447,Anthony Miller,anthony miller,00-0034353,MillAn02,31,8,BAL,2,0.004664579406380653,301587301.5873016,1406777.9162100384,1.4067779162100384,0.045258328318595886,xgb_pair,term_xgb_final,aavPerc_xgb_final,2.111110662421367e-4,63668.41680318409,1,1170000,0.0042,1,1,16,0,0.00218818380743982,0.07500000000000001,NA,0.0042,1.17
5599,Tyler Johnson,tyler johnson,00-0036427,JohnTy00,27,6,NYJ,2,0.006006233394145966,301587301.5873016,1811403.7220440216,1.8114037220440216,0.045027244836091995,xgb_pair,term_xgb_final,aavPerc_xgb_final,2.704441415809222e-4,81562.51888948449,1,1170000,0.0042,25.666666666666668,16.666666666666668,228.33333333333337,1,0.05068558956525371,0.3988888888888889,NA,0.0042,1.17
5508,Jalen Reagor,jalen reagor,00-0036387,ReagJa00,27,6,LAC,2,0.003940945025533438,301587301.5873016,1188538.975954529,1.1885389759545288,0.0446430929005146,xgb_pair,term_xgb_final,aavPerc_xgb_final,1.7593597489071015e-4,53060.05591942053,1,1337500,0.0048,12,7,100,0,0.02443991853360488,0.28250000000000003,NA,0.0042,1.3375
5571,Robbie Chosen,robbie chosen,00-0032688,AndeRo04,32,10,WAS,2,0.006232425570487976,301587301.5873016,1879620.4101471675,1.8796204101471674,0.04457490146160126,xgb_pair,term_xgb_final,aavPerc_xgb_final,2.7780975567126553e-4,83783.89456752453,1,1255000,0.0045,7.333333333333333,3.6666666666666665,37,0,0.01623630672926447,0.31611111111111106,NA,0.0042,1.255
5507,Jalen Moreno-Cropper,jalen moreno cropper,NA,NA,25,NA,DAL,2,0.005009103566408157,301587301.5873016,1510682.027964365,1.510682027964365,0.04420527443289757,xgb_pair,term_xgb_final,aavPerc_xgb_final,2.2142879781587854e-4,66780.11362701099,3,901667,0.004,NA,NA,NA,NA,NA,0.09555555555555556,NA,0.0042,0.901667
5444,Adam Thielen,adam thielen,00-0030035,ThieAd00,35,13,CAR,2,0.01716131716966629,301587301.5873016,5175635.336883484,5.175635336883484,0.04390523582696915,xgb_pair,term_xgb_final,aavPerc_xgb_final,7.534716774356132e-4,227237.4900202643,3,8333333,0.0371,44,28.666666666666668,329,1.6666666666666667,0.08975458975458976,0.4989166666666667,9.919354838709678,0.0042,8.333333
5479,Deandre Carter,deandre carter,00-0031763,CartDe02,32,11,CLE,2,0.005105712916702032,301587301.5873016,1539818.1812275972,1.5398181812275973,0.04378302022814751,xgb_pair,term_xgb_final,aavPerc_xgb_final,2.2354353191107908e-4,67417.8905763572,1,1422500,0.0051,4.666666666666667,3,24,0,0.00887198986058301,0.04666666666666666,NA,0.0042,1.4225
5563,Noah Brown,noah brown,00-0033591,BrowNo00,30,9,WAS,2,0.007377718575298786,301587301.5873016,2225026.2369948723,2.2250262369948723,0.04199860617518425,xgb_pair,term_xgb_final,aavPerc_xgb_final,3.0985389691531515e-4,93448.00065699982,1,3250000,0.0116,25.333333333333332,15,206.33333333333337,0.3333333333333333,0.05246913580246912,0.4836363636363636,8.089285714285714,0.0042,3.25
5507,Jalen Moreno-Cropper,jalen moreno cropper,NA,NA,25,NA,DAL,3,0.008196073584258556,301587301.5873016,2471831.7158875014,2.471831715887501,0.04087613895535469,xgb_pair,term_xgb_final,aavPerc_xgb_final,3.350238427184647e-4,101038.93669287032,3,901667,0.004,NA,NA,NA,NA,NA,0.09555555555555556,NA,0.0042,0.901667
5486,DJ Chark,dj chark,00-0034777,CharDJ00,29,8,ATL,2,0.006197632290422916,301587301.5873016,1869127.198698975,1.8691271986989748,0.04031195864081383,xgb_pair,term_xgb_final,aavPerc_xgb_final,2.498386965625009e-4,75348.17832837328,1,1300000,0.0047,10,4,31,1,0.02036659877800407,0.21714285714285717,NA,0.0042,1.3
5470,D'Wayne Eskridge,d wayne eskridge,NA,NA,28,NA,MIA,3,0.011653664521872997,301587301.5873016,3514597.2367553487,3.514597236755349,0.0394236296415329,xgb_pair,term_xgb_final,aavPerc_xgb_final,4.594297540769926e-4,138558.17980099778,1,1270000,0.0045,NA,NA,NA,NA,NA,0.11175213675213676,NA,0.0042,1.27
5600,Tyler Lockett,tyler lockett,00-0032211,LockTy00,33,11,LV,2,0.003617629176005721,301587301.5873016,1091031.0213350588,1.091031021335059,0.039228055626153946,xgb_pair,term_xgb_final,aavPerc_xgb_final,1.419125585511499e-4,42799.02559479124,1,1255000,0.0045,61.333333333333336,37.666666666666664,394,1.3333333333333333,0.11253329796288314,0.5635294117647058,6.22997542997543,0.0042,1.255
5541,Kristian Wilkerson,kristian wilkerson,00-0036183,WilkKr00,29,6,BUF,2,0.006558145396411419,301587301.5873016,1977853.3735209042,1.9778533735209043,0.03422003611922264,xgb_pair,term_xgb_final,aavPerc_xgb_final,2.2441997234031244e-4,67682.2138804117,1,1100000,0.0039,3,2,18,1,0.00506756756756756,0.22,NA,0.0042,1.1
5594,Trenton Irwin,trenton irwin,00-0035341,IrwiTr00,30,7,JAX,2,0.004760115407407284,301587301.5873016,1435590.3609641015,1.4355903609641014,0.03341458737850189,xgb_pair,term_xgb_final,aavPerc_xgb_final,1.5905729221256382e-4,47969.659556170045,1,1170000,0.0042,10,3,15,0,0.01592356687898089,0.2914285714285714,NA,0.0042,1.17
5605,Zay Jones,zay jones,00-0033891,JoneZa00,30,9,ARI,2,0.0067428904585540295,301587301.5873016,2033570.1382940726,2.0335701382940727,0.032322339713573456,xgb_pair,term_xgb_final,aavPerc_xgb_final,2.1794599605279644e-4,65729.74484131957,1,2400000,0.0086,15.666666666666666,10.666666666666666,150,0,0.02645978144210199,0.4459848484848485,NA,0.0042,2.4
5570,River Cracraft,river cracraft,00-0034054,CracRi00,31,9,WAS,2,0.00460753683000803,301587301.5873016,1389574.5995262314,1.3895745995262314,0.032074809074401855,xgb_pair,term_xgb_final,aavPerc_xgb_final,1.4778586412578232e-4,44570.33997444229,1,1170000,0.0042,3,2.3333333333333335,22,0,0.00528169014084507,0.10916666666666668,NA,0.0042,1.17
5522,Josh Reynolds,josh reynolds,00-0033943,ReynJo00,31,9,NYJ,2,0.013951032422482967,301587301.5873016,4207454.222653594,4.207454222653594,0.030728669837117195,xgb_pair,term_xgb_final,aavPerc_xgb_final,4.286966691973964e-4,129289.47166270687,1,2750000,0.0098,22,11.666666666666666,132,0.3333333333333333,0.04423296594733105,0.7357777777777778,NA,0.0042,2.75
5493,Elijah Moore,elijah moore,00-0036980,MoorEl00,25,5,BUF,2,0.011221599765121937,301587301.5873016,3384291.9926558225,3.3842919926558226,0.03058880940079689,xgb_pair,term_xgb_final,aavPerc_xgb_final,3.432553763873421e-4,103521.46271999207,1,2500000,0.009,45.333333333333336,26.333333333333332,254,0.3333333333333333,0.07728816387101589,0.4619825708061002,5.2745098039215685,0.0042,2.5
5550,Malik Heath,malik heath,00-0038465,HeatMa00,25,3,GB,3,0.010142543353140354,301587301.5873016,3058862.2811058215,3.0588622811058217,0.030215328559279442,xgb_pair,term_xgb_final,aavPerc_xgb_final,3.064602798418716e-4,92424.52884119938,3,901333,0.004,9,7.333333333333333,89.66666666666667,0.6666666666666666,0.019484007996002,0.26736596736596735,NA,0.0042,0.901333
5524,JuJu Smith-Schuster,juju smith schuster,00-0033857,SmitJu00,29,9,KC,3,0.01896619237959385,301587301.5873016,5719962.7811473515,5.719962781147352,0.02984822727739811,xgb_pair,term_xgb_final,aavPerc_xgb_final,5.661072207329733e-4,170730.74910994433,1,1422500,0.0051,38.666666666666664,28,307,1.3333333333333333,0.06979632389468454,0.5370448179271708,7.666666666666667,0.0042,1.4225
5511,James Proche,james proche,00-0036133,ProcJa00,29,6,TEN,2,0.0018383990973234177,301587301.5873016,554437.8230023006,0.5544378230023006,0.02843739651143551,xgb_pair,term_xgb_final,aavPerc_xgb_final,5.2279284076851146e-5,15766.76821365352,1,1170000,0.0042,9,5,50.333333333333336,0,0.01667162668888756,0.2081481481481481,NA,0.0042,1.17
5536,Keenan Allen,keenan allen,00-0030279,AlleKe00,33,13,LAC,5,0.05091356486082077,301587301.5873016,15354884.640564995,15.354884640564995,0.02746877446770668,xgb_pair,term_xgb_final,aavPerc_xgb_final,0.0013985332305088416,421779.8631693332,1,3020000,0.0108,121.66666666666669,77.33333333333333,766,5,0.2261891448594647,0.6591372549019607,6.295488416203766,0.0042,3.02
5573,Rondale Moore,rondale moore,00-0036936,MoorRo02,25,5,MIN,3,0.006393196061253548,301587301.5873016,1928106.7486320224,1.9281067486320225,0.025286560878157616,xgb_pair,term_xgb_final,aavPerc_xgb_final,1.6166194140888532e-4,48755.18867887018,1,2000000,0.0072,NA,NA,NA,NA,NA,NA,NA,0.0042,2
5480,DeAndre Hopkins,deandre hopkins,00-0030564,HopkDe00,33,13,BAL,3,0.03042246773838997,301587301.5873016,9175029.95284777,9.175029952847769,0.024078411981463432,xgb_pair,term_xgb_final,aavPerc_xgb_final,7.325247116977338e-4,220920.1511469356,1,5000000,0.0179,52.666666666666664,33.333333333333336,423.3333333333333,3,0.11647903955596264,0.3833333333333333,7.725,0.0042,5
5452,Bo Melton,bo melton,00-0037091,MeltBo00,26,4,GB,3,0.010829923674464226,301587301.5873016,3266167.4573781,3.2661674573781,0.023376217111945152,xgb_pair,term_xgb_final,aavPerc_xgb_final,2.5316264712007056e-4,76350.63960764033,1,1030000,0.0037,14.333333333333334,5.333333333333333,101.66666666666669,0.6666666666666666,0.03105322338830584,0.22823529411764704,NA,0.0042,1.03
5505,Jaelen Gill,jaelen gill,00-0039659,GillJa01,26,2,CLE,3,0.003831823356449604,301587301.5873016,1155629.266230833,1.155629266230833,0.023155873641371727,xgb_pair,term_xgb_final,aavPerc_xgb_final,8.872921745800393e-5,26759.605265112295,1,840000,0.003,NA,NA,NA,NA,NA,NA,NA,0.0042,0.84
5512,Jauan Jennings,jauan jennings,00-0036259,JennJa00,28,6,SF,5,0.04906991124153137,301587301.5873016,14798862.120461844,14.798862120461845,0.023154541850090027,xgb_pair,term_xgb_final,aavPerc_xgb_final,0.0011361913134222412,342660.8723019458,2,5945000,0.02329999999999999,97.66666666666669,62.333333333333336,753.6666666666666,8,0.182515210585386,0.7951111111111112,7.639069157653229,0.0042,5.945
5514,Jesse Matthews,jesse matthews,00-0038726,MattJe00,26,3,ATL,3,0.004097839817404747,301587301.5873016,1235856.4528680984,1.2358564528680984,0.022962629795074463,xgb_pair,term_xgb_final,aavPerc_xgb_final,9.409717868658074e-5,28378.514207064036,1,840000,0.003,NA,NA,NA,NA,NA,NA,NA,0.0042,0.84
5533,Kawaan Baker,kawaan baker,00-0036939,BakeKa00,27,5,LV,3,0.003967035561800003,301587301.5873016,1196407.550384128,1.196407550384128,0.022442864254117012,xgb_pair,term_xgb_final,aavPerc_xgb_final,8.903164060473229e-5,26850.812245871646,1,840000,0.003,NA,NA,NA,NA,NA,NA,NA,0.0042,0.84
5585,T.J. Luther,t j luther,00-0038502,LuthTJ00,25,3,CAR,3,0.004097839817404747,301587301.5873016,1235856.4528680984,1.2358564528680984,0.02240017242729664,xgb_pair,term_xgb_final,aavPerc_xgb_final,9.17923184893081e-5,27683.397639632607,1,840000,0.003,NA,NA,NA,NA,NA,NA,NA,0.0042,0.84
5542,Kyle Philips,kyle philips,00-0037273,PhilKy01,26,4,LV,3,0.004329782444983721,301587301.5873016,1305807.4040427096,1.3058074040427097,0.022395435720682144,xgb_pair,term_xgb_final,aavPerc_xgb_final,9.696736443117089e-5,29244.12578082932,1,1030000,0.0037,NA,NA,NA,NA,NA,NA,NA,0.0042,1.03
5535,Kearis Jackson,kearis jackson,00-0038969,JackKe02,26,3,HOU,3,0.0040392507798969746,301587301.5873016,1218186.7431435322,1.2181867431435323,0.022348761558532715,xgb_pair,term_xgb_final,aavPerc_xgb_final,9.027225255503479e-5,27224.96505628034,1,840000,0.003,NA,NA,NA,NA,NA,NA,NA,0.0042,0.84
5478,Dax Milne,dax milne,00-0036671,MilnDa00,26,5,CAR,3,0.004247215110808611,301587301.5873016,1280906.144529581,1.280906144529581,0.022190246731042862,xgb_pair,term_xgb_final,aavPerc_xgb_final,9.424675122865663e-5,28423.62338642025,1,1030000,0.0037,NA,NA,NA,NA,NA,NA,NA,0.0042,1.03
5545,Lideatrick Griffin,lideatrick griffin,00-0039541,GrifLi00,25,2,GB,3,0.004522979259490967,301587301.5873016,1364073.1100052122,1.3640731100052121,0.022109197452664375,xgb_pair,term_xgb_final,aavPerc_xgb_final,9.999944152239149e-5,30158.56172897521,1,840000,0.003,NA,NA,NA,NA,NA,NA,NA,0.0042,0.84
5569,Ray-Ray McCloud,ray ray mccloud,00-0034407,McClRa00,29,8,ATL,3,0.022760985419154167,301587301.5873016,6864424.1740306225,6.864424174030622,0.02210591733455658,xgb_pair,term_xgb_final,aavPerc_xgb_final,5.031524621288697e-4,151744.39334045278,2,2500000,0.0098,39,25.333333333333332,274.6666666666667,0.3333333333333333,0.07307116225365606,0.6370588235294118,7.885057471264368,0.0042,2.5
5458,Braylon Sanders,braylon sanders,00-0037355,SandBr00,27,4,WAS,3,0.004889278206974268,301587301.5873016,1474544.2211509699,1.4745442211509698,0.021986566483974457,xgb_pair,term_xgb_final,aavPerc_xgb_final,1.0749844035628717e-4,32420.164551896134,1,960000,0.0034,NA,NA,NA,NA,NA,NA,NA,0.0042,0.96
5555,Mathew Sexton,mathew sexton,00-0036471,SextMa00,28,3,MIA,3,0.004968162160366774,301587301.5873016,1498334.619793154,1.498334619793154,0.02167496643960476,xgb_pair,term_xgb_final,aavPerc_xgb_final,1.076847480924641e-4,32476.35259931457,2,877500,0.0034,NA,NA,NA,NA,NA,NA,NA,0.0042,0.8775
5469,Cornell Powell,cornell powell,00-0036647,PoweCo00,28,5,HOU,3,0.004434855654835701,301587301.5873016,1337496.1498710846,1.3374961498710847,0.021453097462654114,xgb_pair,term_xgb_final,aavPerc_xgb_final,9.514139059599303e-5,28693.43525910901,1,960000,0.0034,NA,NA,NA,NA,NA,NA,NA,0.0042,0.96
5525,Julian Hicks,julian hicks,00-0039329,HickJu01,26,2,GB,3,0.004141564015299082,301587301.5873016,1249043.11572512,1.24904311572512,0.0209503173828125,xgb_pair,term_xgb_final,aavPerc_xgb_final,8.676708058175109e-5,26167.84969925827,1,840000,0.003,NA,NA,NA,NA,NA,NA,NA,0.0042,0.84
5582,Sterling Shepard,sterling shepard,00-0032385,ShepSt00,33,10,TB,4,0.03045037016272545,301587301.5873016,9183444.969710851,9.183444969710852,0.020927736535668373,xgb_pair,term_xgb_final,aavPerc_xgb_final,6.372573241790955e-4,192188.71681591772,1,1750000,0.0063,52.333333333333336,36.666666666666664,358.6666666666667,1,0.09550653407007832,0.551978021978022,6.849673202614379,0.0042,1.75
5551,Malik Knowles,malik knowles,00-0038806,KnowMa00,25,3,SF,3,0.004097839817404747,301587301.5873016,1235856.4528680984,1.2358564528680984,0.020759832113981247,xgb_pair,term_xgb_final,aavPerc_xgb_final,8.507046663931012e-5,25656.1724785221,1,840000,0.003,NA,NA,NA,NA,NA,NA,NA,0.0042,0.84
5491,Easop Winston,easop winston,00-0036080,WinsEa00,29,5,NYJ,3,0.004576785024255514,301587301.5873016,1380300.2454103932,1.3803002454103932,0.020742421969771385,xgb_pair,term_xgb_final,aavPerc_xgb_final,9.493360623803824e-5,28630.770135281375,1,960000,0.0034,NA,NA,NA,NA,NA,NA,NA,0.0042,0.96
5528,Juwann Winfree,juwann winfree,00-0035593,WinfJu00,29,7,HOU,3,0.004415967967361212,301587301.5873016,1331799.8631724291,1.331799863172429,0.02063397690653801,xgb_pair,term_xgb_final,aavPerc_xgb_final,9.111898105854284e-5,27480.327620830383,1,1170000,0.0042,NA,NA,NA,NA,NA,NA,NA,0.0042,1.17
5556,Michael Gallup,michael gallup,00-0034764,GallMi00,30,8,WAS,3,0.004633260425180197,301587301.5873016,1397332.5091813293,1.3973325091813293,0.020321674644947052,xgb_pair,term_xgb_final,aavPerc_xgb_final,9.4155610905821e-5,28396.136622390462,1,1250000,0.0045,NA,NA,NA,NA,NA,NA,NA,0.0042,1.25
5552,Malik Taylor,malik taylor,00-0035480,TaylMa01,30,7,DET,3,0.004633260425180197,301587301.5873016,1397332.5091813293,1.3973325091813293,0.020186521112918854,xgb_pair,term_xgb_final,aavPerc_xgb_final,9.352940939455143e-5,28207.28219835678,1,1100000,0.0039,NA,NA,NA,NA,NA,NA,NA,0.0042,1.1
5477,David White Jr,david white jr,00-0039562,WhitDa06,25,2,BUF,3,0.0041819484904408455,301587301.5873016,1261222.560609144,1.2612225606091438,0.02012990415096283,xgb_pair,term_xgb_final,aavPerc_xgb_final,8.418222227683791e-5,25388.289258093977,1,840000,0.003,NA,NA,NA,NA,NA,NA,NA,0.0042,0.84
5464,Chase Cota,chase cota,00-0038651,CotaCh00,26,3,CLE,3,0.0037880989257246256,301587301.5873016,1142442.533155046,1.1424425331550458,0.019858308136463165,xgb_pair,term_xgb_final,aavPerc_xgb_final,7.522523571844471e-5,22686.975851594438,1,840000,0.003,NA,NA,NA,NA,NA,NA,NA,0.0042,0.84
5504,Jadon Janke,jadon janke,00-0039604,NA,26,2,GB,3,0.004141564015299082,301587301.5873016,1249043.11572512,1.24904311572512,0.01970616541802883,xgb_pair,term_xgb_final,aavPerc_xgb_final,8.16143455748394e-5,24613.850252729346,1,840000,0.003,NA,NA,NA,NA,NA,NA,NA,0.0042,0.84
5568,Rakim Jarrett,rakim jarrett,00-0038821,JarrRa00,25,3,TB,3,0.006209618411958218,301587301.5873016,1872742.0607493038,1.8727420607493037,0.019670546054840088,xgb_pair,term_xgb_final,aavPerc_xgb_final,1.221465849554071e-4,36837.85895480531,3,906667,0.004,11,9,124,0,0.01953818827708703,0.325,NA,0.0042,0.906667
5566,Quintez Cephus,quintez cephus,00-0036277,CephQu00,27,6,HOU,3,0.004904636647552252,301587301.5873016,1479176.131801473,1.479176131801473,0.01951964944601059,xgb_pair,term_xgb_final,aavPerc_xgb_final,9.573678802027655e-5,28872.99956167071,1,1100000,0.0039,NA,NA,NA,NA,NA,NA,NA,0.0042,1.1
5559,Mike Woods,mike woods,00-0037300,WoodMi00,26,4,CLE,3,0.020103394985198975,301587301.5873016,6062928.64632985,6.06292864632985,0.01948792301118374,xgb_pair,term_xgb_final,aavPerc_xgb_final,3.917734137349749e-4,118153.88668197655,4,957072,0.0046,17,7,65,0,0.02681388012618296,0.838,NA,0.0042,0.957072
5572,Robert Woods,robert woods,00-0030431,WoodRo02,33,13,PIT,3,0.011223061941564083,301587301.5873016,3384732.966503454,3.384732966503454,0.019149068742990494,xgb_pair,term_xgb_final,aavPerc_xgb_final,2.14911184625851e-4,64814.48425224078,1,2000000,0.0072,30,20,203,0,0.05484460694698354,0.37066666666666664,NA,0.0042,2
5586,Tarik Black,tarik black,00-0036491,BlacTa00,28,5,MIA,3,0.005000344943255186,301587301.5873016,1508040.5384420403,1.5080405384420403,0.019088713452219963,xgb_pair,term_xgb_final,aavPerc_xgb_final,9.545015178405534e-5,28786.55371265161,1,840000,0.003,NA,NA,NA,NA,NA,NA,NA,0.0042,0.84
5543,Lance McCutcheon,lance mccutcheon,00-0037055,McCuLa01,27,4,PIT,3,0.004477541893720627,301587301.5873016,1350369.7774713002,1.3503697774713002,0.01905220001935959,xgb_pair,term_xgb_final,aavPerc_xgb_final,8.53070237542275e-5,25727.51510048131,1,960000,0.0034,NA,NA,NA,NA,NA,NA,NA,0.0042,0.96
5449,Austin Mack,austin mack,00-0035869,MackAu01,28,6,ATL,3,0.004483357071876526,301587301.5873016,1352123.5613595874,1.3521235613595874,0.019031982868909836,xgb_pair,term_xgb_final,aavPerc_xgb_final,8.53271749871598e-5,25733.592456445025,2,984500,0.0039,NA,NA,NA,NA,NA,NA,NA,0.0042,0.9845
5579,Seth Williams,seth williams,00-0036657,WillSe00,25,5,LV,3,0.003952906001359224,301587301.5873016,1192146.2543781789,1.192146254378179,0.019010862335562706,xgb_pair,term_xgb_final,aavPerc_xgb_final,7.514815181725986e-5,22663.72832584028,1,840000,0.003,NA,NA,NA,NA,NA,NA,NA,0.0042,0.84
5557,Mike Strachan,mike strachan,00-0036482,StraMi03,28,5,WAS,3,0.004459484480321407,301587301.5873016,1344923.8908905832,1.3449238908905832,0.01881643757224083,xgb_pair,term_xgb_final,aavPerc_xgb_final,8.39116113283446e-5,25306.676432357894,1,1100000,0.0039,NA,NA,NA,NA,NA,NA,NA,0.0042,1.1
5501,Jacob Harris,jacob harris,00-0036918,HarrJa03,28,5,TB,3,0.004601720720529556,301587301.5873016,1387820.5347628822,1.3878205347628823,0.018771126866340637,xgb_pair,term_xgb_final,aavPerc_xgb_final,8.637948344852875e-5,26050.955325746767,1,1100000,0.0039,NA,NA,NA,NA,NA,NA,NA,0.0042,1.1
5577,Scotty Washington,scotty washington,00-0035769,NA,28,6,BAL,3,0.004222244955599308,301587301.5873016,1273375.4627997915,1.2733754627997915,0.018722133710980415,xgb_pair,term_xgb_final,aavPerc_xgb_final,7.904943461924281e-5,23840.305678819263,1,840000,0.003,NA,NA,NA,NA,NA,NA,NA,0.0042,0.84
5538,Kelvin Harmon,kelvin harmon,00-0035297,HarmKe00,29,7,DAL,3,0.004348847083747387,301587301.5873016,1311557.0570031803,1.3115570570031803,0.018458548933267593,xgb_pair,term_xgb_final,aavPerc_xgb_final,8.027340669864921e-5,24209.440115465637,1,960000,0.0034,NA,NA,NA,NA,NA,NA,NA,0.0042,0.96
5488,Donovan Peoples-Jones,donovan peoples jones,00-0036233,PeopDo00,27,6,NO,3,0.004642442334443331,301587301.5873016,1400101.6564194174,1.4001016564194173,0.01839495077729225,xgb_pair,term_xgb_final,aavPerc_xgb_final,8.53974982285028e-5,25754.80105304053,1,1170000,0.0042,NA,NA,NA,NA,NA,NA,NA,0.0042,1.17
5567,Racey McMath,racey mcmath,00-0036652,McMaRa00,26,5,DAL,3,0.004708925727754831,301587301.5873016,1420152.2036086,1.4201522036086,0.018376518040895462,xgb_pair,term_xgb_final,aavPerc_xgb_final,8.653365858932345e-5,26097.452590430883,2,1042500,0.0041,NA,NA,NA,NA,NA,NA,NA,0.0042,1.0425
5591,Tim Patrick,tim patrick,00-0033375,PatrTi00,32,9,DET,3,0.022224394604563713,301587301.5873016,6702595.198201755,6.702595198201755,0.018368404358625412,xgb_pair,term_xgb_final,aavPerc_xgb_final,4.082266667222792e-4,123115.97885275088,1,2500000,0.009,30.666666666666668,21,256,3,0.05734751961821242,0.40895833333333337,NA,0.0042,2.5
5537,Keith Kirkwood,keith kirkwood,00-0034317,KirkKe00,31,8,BAL,3,0.004633260425180197,301587301.5873016,1397332.5091813293,1.3973325091813293,0.018007460981607437,xgb_pair,term_xgb_final,aavPerc_xgb_final,8.343325632405828e-5,25162.410637414403,1,1170000,0.0042,NA,NA,NA,NA,NA,NA,NA,0.0042,1.17
5483,Deon Cain,deon cain,00-0034406,CainDe00,29,8,BUF,3,0.004869351163506508,301587301.5873016,1468534.4778829152,1.4685344778829152,0.017789270728826523,xgb_pair,term_xgb_final,aavPerc_xgb_final,8.662220612134369e-5,26124.157401675082,1,960000,0.0034,NA,NA,NA,NA,NA,NA,NA,0.0042,0.96
5560,Miles Boykin,miles boykin,00-0035703,BoykMi00,29,7,CHI,3,0.004182165022939444,301587301.5873016,1261287.864061102,1.261287864061102,0.017539218068122864,xgb_pair,term_xgb_final,aavPerc_xgb_final,7.335190433421096e-5,22122.002894444577,1,1170000,0.0042,NA,NA,NA,NA,NA,NA,NA,0.0042,1.17
5485,Diontae Johnson,diontae johnson,00-0035216,JohnDi01,29,7,CLE,3,0.011618589051067829,301587301.5873016,3504018.920163314,3.504018920163314,0.017002929002046585,xgb_pair,term_xgb_final,aavPerc_xgb_final,1.975500447392621e-4,59578.58492136477,1,1170000,0.0042,67,33,375,3,0.1293436293436293,0.5516666666666666,5.597014925373134,0.0042,1.17
5461,Bryce Ford-Wheaton,bryce ford wheaton,00-0038477,FordBr00,26,3,NYG,3,0.004825783893465996,301587301.5873016,1455395.1424738718,1.4553951424738718,0.016701363027095795,xgb_pair,term_xgb_final,aavPerc_xgb_final,8.059716869508737e-5,24307.08262232794,3,905000,0.004,0,0,0,0,0,0.00285714285714285,NA,0.0042,0.905
5493,Elijah Moore,elijah moore,00-0036980,MoorEl00,25,5,BUF,3,0.024954434484243393,301587301.5873016,7525940.558740072,7.525940558740072,0.016383228823542595,xgb_pair,term_xgb_final,aavPerc_xgb_final,4.0883421031746164e-4,123299.20628621861,1,2500000,0.009,45.333333333333336,26.333333333333332,254,0.3333333333333333,0.07728816387101589,0.4619825708061002,5.2745098039215685,0.0042,2.5
5444,Adam Thielen,adam thielen,00-0030035,ThieAd00,35,13,CAR,3,0.0289127416908741,301587301.5873016,8719715.748041395,8.719715748041395,0.014878741465508938,xgb_pair,term_xgb_final,aavPerc_xgb_final,4.3018520867755747e-4,129738.39626783479,3,8333333,0.0371,44,28.666666666666668,329,1.6666666666666667,0.08975458975458976,0.4989166666666667,9.919354838709678,0.0042,8.333333
5481,Deebo Samuel,deebo samuel,NA,NA,30,NA,WAS,4,0.05380035936832428,301587301.5873016,16225505.206320021,16.225505206320022,0.01439811009913683,xgb_pair,term_xgb_final,aavPerc_xgb_final,7.746234975582605e-4,233616.6103747135,1,17545529,0.06280000000000001,NA,NA,NA,NA,NA,0.7254444444444444,7.652824541713431,0.0042,17.545529
5558,Mike Williams,mike williams,00-0033536,WillMi07,31,9,LAC,3,0.015748731791973114,301587301.5873016,4749617.524563321,4.7496175245633205,0.01434924453496933,xgb_pair,term_xgb_final,aavPerc_xgb_final,2.2598240359866795e-4,68153.42330753479,1,3000000,0.0107,34,21,298,1,0.05772495755517826,0.4066666666666666,NA,0.0042,3
5510,Jamal Agnew,jamal agnew,00-0033572,AgneJa00,30,9,ATL,3,0.010243954136967659,301587301.5873016,3089446.4857521513,3.0894464857521515,0.013604732230305672,xgb_pair,term_xgb_final,aavPerc_xgb_final,1.3936625301297703e-4,42031.09217851688,1,2500000,0.009,0,0,0,0,0,0.00181818181818181,NA,0.0042,2.5
5599,Tyler Johnson,tyler johnson,00-0036427,JohnTy00,27,6,NYJ,3,0.01049143634736538,301587301.5873016,3164083.977776861,3.164083977776861,0.013260848820209503,xgb_pair,term_xgb_final,aavPerc_xgb_final,1.391253513092633e-4,41958.43928374608,1,1170000,0.0042,25.666666666666668,16.666666666666668,228.33333333333337,1,0.05068558956525371,0.3988888888888889,NA,0.0042,1.17
5600,Tyler Lockett,tyler lockett,00-0032211,LockTy00,33,11,LV,3,0.012853668071329594,301587301.5873016,3876503.0691311476,3.8765030691311475,0.012798204086720943,xgb_pair,term_xgb_final,aavPerc_xgb_final,1.645038672398449e-4,49612.27742154053,1,1255000,0.0045,61.333333333333336,37.666666666666664,394,1.3333333333333333,0.11253329796288314,0.5635294117647058,6.22997542997543,0.0042,1.255
5470,D'Wayne Eskridge,d wayne eskridge,NA,NA,28,NA,MIA,4,0.01807684265077114,301587301.5873016,5451746.196264313,5.451746196264312,0.012103712186217308,xgb_pair,term_xgb_final,aavPerc_xgb_final,2.1879690068047145e-4,65986.36687188821,1,1270000,0.0045,NA,NA,NA,NA,NA,0.11175213675213676,NA,0.0042,1.27
5495,Erik Ezukanma,erik ezukanma,00-0038092,EzukEr00,26,4,MIA,3,0.01314346119761467,301587301.5873016,3963900.996106012,3.9639009961060117,0.011983978562057018,xgb_pair,term_xgb_final,aavPerc_xgb_final,1.5751095722344247e-4,47503.3045594509,4,1096248,0.0053,2,0,0,0,0.00352112676056338,0.14,NA,0.0042,1.096248
5574,Russell Gage,russell gage,00-0034411,GageRu00,30,8,SF,3,0.007452417630702257,301587301.5873016,2247554.5235451255,2.2475545235451255,0.011330310255289078,xgb_pair,term_xgb_final,aavPerc_xgb_final,8.443820390784292e-5,25465.49006744469,1,1170000,0.0042,NA,NA,NA,NA,NA,0.37,NA,0.0042,1.17
5452,Bo Melton,bo melton,00-0037091,MeltBo00,26,4,GB,4,0.01711452379822731,301587301.5873016,5161523.05025903,5.161523050259031,0.010494117625057697,xgb_pair,term_xgb_final,aavPerc_xgb_final,1.7960182583544662e-4,54165.63001386486,1,1030000,0.0037,14.333333333333334,5.333333333333333,101.66666666666669,0.6666666666666666,0.03105322338830584,0.22823529411764704,NA,0.0042,1.03
5519,Jordan Matthews,jordan matthews,00-0031299,NA,33,12,CAR,3,0.006786417216062546,301587301.5873016,2046697.2556379107,2.046697255637911,0.010403540916740894,xgb_pair,term_xgb_final,aavPerc_xgb_final,7.060276918538153e-5,21292.8986432103,1,1255000,0.0045,1,0,0,0,0.00193050193050193,NA,NA,0.0042,1.255
5476,David Sills,david sills,00-0035359,SillDa01,30,7,ATL,3,0.00551262404769659,301587301.5873016,1662537.411210083,1.662537411210083,0.009894016198813915,xgb_pair,term_xgb_final,aavPerc_xgb_final,5.45419916258812e-5,16449.172077646712,1,1100000,0.0039,36,18,191,2,0.06936416184971098,0.15333333333333335,NA,0.0042,1.1
5496,Gabriel Davis,gabriel davis,NA,NA,27,NA,BUF,4,0.02471000701189041,301587301.5873016,7452224.336919331,7.452224336919331,0.009798412211239338,xgb_pair,term_xgb_final,aavPerc_xgb_final,2.4211883444511667e-4,73019.96594376535,1,1170000,0.0042,NA,NA,NA,NA,NA,0.6197777777777778,NA,0.0042,1.17
5554,Marquez Valdes-Scantling,marquez valdes scantling,00-0034272,ValdMa00,31,8,PIT,3,0.015020274557173252,301587301.5873016,4529924.072798283,4.529924072798283,0.0096406489610672,xgb_pair,term_xgb_final,aavPerc_xgb_final,1.448051943045564e-4,43671.40780613606,1,1255000,0.0045,34,15.666666666666666,217,2,0.06478114478114479,0.5011904761904762,NA,0.0042,1.255
5466,Chris Moore,chris moore,00-0032398,MoorCh00,32,10,WAS,3,0.01097348053008318,301587301.5873016,3309462.3820885783,3.3094623820885785,0.009379694238305092,xgb_pair,term_xgb_final,aavPerc_xgb_final,1.029278921021743e-4,31041.745237163683,1,1255000,0.0045,23,11,207,1,0.05324074074074074,0.3538095238095238,NA,0.0042,1.255
5480,DeAndre Hopkins,deandre hopkins,00-0030564,HopkDe00,33,13,BAL,4,0.03358219563961029,301587301.5873016,10127963.764326913,10.127963764326914,0.009318818338215351,xgb_pair,term_xgb_final,aavPerc_xgb_final,3.12946380563936e-4,94380.65445579022,1,5000000,0.0179,52.666666666666664,33.333333333333336,423.3333333333333,3,0.11647903955596264,0.3833333333333333,7.725,0.0042,5
5474,David Bell,david bell,00-0037257,BellDa02,25,4,CLE,3,0.01161356084048748,301587301.5873016,3502502.4757025735,3.5025024757025736,0.009306707419455051,xgb_pair,term_xgb_final,aavPerc_xgb_final,1.0808401284045747e-4,32596.765777280827,4,1273726,0.00609999999999999,3,3,27,0,0.00473186119873817,0.13,NA,0.0042,1.273726
5506,Jalen Cropper,jalen cropper,00-0038740,MoreJa01,24,3,DAL,3,0.0068570589646697044,301587301.5873016,2068001.9099797523,2.068001909979752,0.009055172093212605,xgb_pair,term_xgb_final,aavPerc_xgb_final,6.209184897839042e-5,18726.113183959016,2,877500,0.0034,0,0,0,0,0,0.09555555555555556,NA,0.0042,0.8775
5563,Noah Brown,noah brown,00-0033591,BrowNo00,30,9,WAS,3,0.018490249291062355,301587301.5873016,5576424.389368013,5.576424389368013,0.008595550432801247,xgb_pair,term_xgb_final,aavPerc_xgb_final,1.5893387029639397e-4,47932.43707351565,1,3250000,0.0116,25.333333333333332,15,206.33333333333337,0.3333333333333333,0.05246913580246912,0.4836363636363636,8.089285714285714,0.0042,3.25
5507,Jalen Moreno-Cropper,jalen moreno cropper,NA,NA,25,NA,DAL,4,0.015140758827328682,301587301.5873016,4566260.598718175,4.566260598718174,0.008557920344173908,xgb_pair,term_xgb_final,aavPerc_xgb_final,1.295734079946268e-4,39077.694474569995,3,901667,0.004,NA,NA,NA,NA,NA,0.09555555555555556,NA,0.0042,0.901667
5484,Dez Fitzpatrick,dez fitzpatrick,00-0036627,FitzDe00,28,5,LAC,3,0.009438530541956425,301587301.5873016,2846540.9570979695,2.8465409570979694,0.008450636640191078,xgb_pair,term_xgb_final,aavPerc_xgb_final,7.976159202741952e-5,24055.08330985668,1,1030000,0.0037,NA,NA,NA,NA,NA,0.13,NA,0.0042,1.03
5595,Trishton Jackson,trishton jackson,00-0035934,JackTr02,28,6,ARI,3,0.0063210465013980865,301587301.5873016,1906347.3575645024,1.9063473575645025,0.008402773179113865,xgb_pair,term_xgb_final,aavPerc_xgb_final,5.311432000587937e-5,16018.604446217589,1,1100000,0.0039,NA,NA,NA,NA,NA,0.08499999999999999,NA,0.0042,1.1
5550,Malik Heath,malik heath,00-0038465,HeatMa00,25,3,GB,4,0.01623888686299324,301587301.5873016,4897442.069791612,4.897442069791612,0.008387737907469273,xgb_pair,term_xgb_final,aavPerc_xgb_final,1.3620752691583318e-4,41078.460498425884,3,901333,0.004,9,7.333333333333333,89.66666666666667,0.6666666666666666,0.019484007996002,0.26736596736596735,NA,0.0042,0.901333
5493,Elijah Moore,elijah moore,00-0036980,MoorEl00,25,5,BUF,4,0.026050055399537086,301587301.5873016,7856365.914146106,7.856365914146106,0.007820493541657925,xgb_pair,term_xgb_final,aavPerc_xgb_final,2.0372429001191093e-4,61440.65889248108,1,2500000,0.009,45.333333333333336,26.333333333333332,254,0.3333333333333333,0.07728816387101589,0.4619825708061002,5.2745098039215685,0.0042,2.5
5553,Marquez Callaway,marquez callaway,00-0036219,CallMa01,27,6,LV,3,0.010358652099967003,301587301.5873016,3124037.9349106834,3.1240379349106835,0.007543242536485195,xgb_pair,term_xgb_final,aavPerc_xgb_final,7.813782514112279e-5,23565.375836211635,1,1170000,0.0042,NA,NA,NA,NA,NA,0.04,NA,0.0042,1.17
5453,Brandon Johnson,brandon johnson,00-0037382,JohnBr23,27,4,PIT,3,0.011221121065318584,301587301.5873016,3384147.622873859,3.384147622873859,0.007205413654446602,xgb_pair,term_xgb_final,aavPerc_xgb_final,8.085281894224493e-5,24384.183490518313,1,1100000,0.0039,0.3333333333333333,0.3333333333333333,3,0,7.246376811594203e-4,0.1,NA,0.0042,1.1
5500,Hunter Renfrow,hunter renfrow,00-0034983,RenfHu00,30,7,CAR,3,0.006158133503049612,301587301.5873016,1857214.8659990896,1.8572148659990895,0.0071650720201432705,xgb_pair,term_xgb_final,aavPerc_xgb_final,4.412347005900764e-5,13307.07827176421,1,1220000,0.0044,26,15,89,2,0.05416666666666667,0.4916666666666667,NA,0.0042,1.22
5457,Braydon Johnson,braydon johnson,NA,NA,NA,NA,BUF,4,0.014333624392747879,301587301.5873016,4322839.102574757,4.322839102574758,0.006845836993306875,xgb_pair,term_xgb_final,aavPerc_xgb_final,9.812565611603923e-5,29593.45184451977,3,903333,0.004,NA,NA,NA,NA,NA,NA,NA,0.0042,0.903333
5456,Braxton Westfield,braxton westfield,NA,NA,NA,NA,IND,4,0.014278079383075237,301587301.5873016,4306087.432990945,4.306087432990945,0.006819895468652248,xgb_pair,term_xgb_final,aavPerc_xgb_final,9.73750088856919e-5,29367.066171875336,3,901667,0.004,NA,NA,NA,NA,NA,NA,NA,0.0042,0.901667
5462,C.J. Johnson,c j johnson,NA,NA,NA,NA,SEA,4,0.014492196962237358,301587301.5873016,4370662.575912855,4.370662575912855,0.006819895468652248,xgb_pair,term_xgb_final,aavPerc_xgb_final,9.883526839357844e-5,29807.46189647604,3,898667,0.004,NA,NA,NA,NA,NA,NA,NA,0.0042,0.898667
5471,Dallas Daniels,dallas daniels,NA,NA,NA,NA,DEN,4,0.014278079383075237,301587301.5873016,4306087.432990945,4.306087432990945,0.006819895468652248,xgb_pair,term_xgb_final,aavPerc_xgb_final,9.73750088856919e-5,29367.066171875336,3,898333,0.004,NA,NA,NA,NA,NA,NA,NA,0.0042,0.898333
5518,Jordan Byrd,jordan byrd,NA,NA,26,NA,PIT,4,0.014278079383075237,301587301.5873016,4306087.432990945,4.306087432990945,0.006819895468652248,xgb_pair,term_xgb_final,aavPerc_xgb_final,9.73750088856919e-5,29367.066171875336,3,900833,0.004,NA,NA,NA,NA,NA,NA,NA,0.0042,0.900833
5539,Keytaon Thompson,keytaon thompson,NA,NA,NA,NA,DET,4,0.014278079383075237,301587301.5873016,4306087.432990945,4.306087432990945,0.006819895468652248,xgb_pair,term_xgb_final,aavPerc_xgb_final,9.73750088856919e-5,29367.066171875336,3,900000,0.004,NA,NA,NA,NA,NA,NA,NA,0.0042,0.9
5575,Sam James,sam james,NA,NA,NA,NA,LA,4,0.014278079383075237,301587301.5873016,4306087.432990945,4.306087432990945,0.006819895468652248,xgb_pair,term_xgb_final,aavPerc_xgb_final,9.73750088856919e-5,29367.066171875336,3,898333,0.004,NA,NA,NA,NA,NA,NA,NA,0.0042,0.898333
5580,Shae Wyatt,shae wyatt,NA,NA,NA,NA,SF,4,0.014278079383075237,301587301.5873016,4306087.432990945,4.306087432990945,0.006805794313549995,xgb_pair,term_xgb_final,aavPerc_xgb_final,9.717367147374888e-5,29306.34536509887,3,901000,0.004,NA,NA,NA,NA,NA,NA,NA,0.0042,0.901
5454,Braxton Berrios,braxton berrios,00-0034419,BerrBr00,30,8,HOU,3,0.010740766301751137,301587301.5873016,3239278.7259249464,3.2392787259249465,0.006789812818169594,xgb_pair,term_xgb_final,aavPerc_xgb_final,7.292779271259389e-5,21994.09621490927,1,1800000,0.0064,6.666666666666667,4,24.666666666666668,0,0.0119917819151194,0.21777777777777776,NA,0.0042,1.8
5576,Scotty Miller,scotty miller,NA,NA,28,NA,PIT,4,0.01627083122730255,301587301.5873016,4907076.0844245795,4.907076084424579,0.006743371486663818,xgb_pair,term_xgb_final,aavPerc_xgb_final,1.0972025936251129e-4,33090.23695059864,1,1337500,0.0048,NA,NA,NA,NA,NA,NA,NA,0.0042,1.3375
5530,K.J. Osborn,k j osborn,00-0036345,OsboKJ00,28,6,WAS,3,0.014683226123452187,301587301.5873016,4428274.54516812,4.4282745451681205,0.0067378561943769455,xgb_pair,term_xgb_final,aavPerc_xgb_final,9.89334660893397e-5,29837.07707456277,1,1195000,0.0043,18,7,57,1,0.036,0.495,NA,0.0042,1.195
5455,Braxton Burmeister,braxton burmeister,NA,NA,27,NA,LA,4,0.01430323626846075,301587301.5873016,4313674.430170703,4.313674430170702,0.006733485963195562,xgb_pair,term_xgb_final,aavPerc_xgb_final,9.631064064195014e-5,29046.06622535004,3,898333,0.004,NA,NA,NA,NA,NA,NA,NA,0.0042,0.898333
5492,Ed Lee,ed lee,NA,NA,27,NA,NE,4,0.01430323626846075,301587301.5873016,4313674.430170703,4.313674430170702,0.006733485963195562,xgb_pair,term_xgb_final,aavPerc_xgb_final,9.631064064195014e-5,29046.06622535004,3,898333,0.004,NA,NA,NA,NA,NA,NA,NA,0.0042,0.898333
5509,Jalen Sample,jalen sample,NA,NA,27,NA,WAS,4,0.01430323626846075,301587301.5873016,4313674.430170703,4.313674430170702,0.006733485963195562,xgb_pair,term_xgb_final,aavPerc_xgb_final,9.631064064195014e-5,29046.06622535004,3,899167,0.004,NA,NA,NA,NA,NA,NA,NA,0.0042,0.899167
5479,Deandre Carter,deandre carter,00-0031763,CartDe02,32,11,CLE,3,0.008024511858820915,301587301.5873016,2420090.8780571017,2.4200908780571018,0.0067254528403282166,xgb_pair,term_xgb_final,aavPerc_xgb_final,5.396847607315458e-5,16276.207069681543,1,1422500,0.0051,4.666666666666667,3,24,0,0.00887198986058301,0.04666666666666666,NA,0.0042,1.4225
5494,Equanimeous St. Brown,equanimeous st brown,00-0034279,St.BEq00,29,8,SF,3,0.005358073860406876,301587301.5873016,1615927.0372655657,1.6159270372655656,0.006703896913677454,xgb_pair,term_xgb_final,aavPerc_xgb_final,3.5919974816037495e-5,10833.008277852578,1,1170000,0.0042,NA,NA,NA,NA,NA,0.24,NA,0.0042,1.17
5584,Sy Barnett,sy barnett,NA,NA,NA,NA,NO,4,0.014278079383075237,301587301.5873016,4306087.432990945,4.306087432990945,0.006663566455245018,xgb_pair,term_xgb_final,aavPerc_xgb_final,9.514293082238563e-5,28693.89977183059,3,898333,0.004,NA,NA,NA,NA,NA,NA,NA,0.0042,0.898333
5473,Dante Pettis,dante pettis,00-0034860,PettDa00,30,8,NO,3,0.007629456929862499,301587301.5873016,2300947.3280537697,2.30094732805377,0.0066404081881046295,xgb_pair,term_xgb_final,aavPerc_xgb_final,5.066270826785055e-5,15279.22947760572,1,1255000,0.0045,16.666666666666668,10,124.66666666666669,0.3333333333333333,0.03103222014914728,0.2508333333333333,NA,0.0042,1.255
5544,Laviska Shenault,laviska shenault,NA,NA,27,NA,BUF,4,0.014779865741729736,301587301.5873016,4457419.826870874,4.457419826870874,0.006624656263738871,xgb_pair,term_xgb_final,aavPerc_xgb_final,9.791153016316945e-5,29528.874176193964,1,1210000,0.0043,NA,NA,NA,NA,NA,NA,NA,0.0042,1.21
5605,Zay Jones,zay jones,00-0033891,JoneZa00,30,9,ARI,3,0.013660886324942112,301587301.5873016,4119949.844030161,4.1199498440301605,0.006498080212622881,xgb_pair,term_xgb_final,aavPerc_xgb_final,8.876953511499685e-5,26771.76455849111,1,2400000,0.0086,15.666666666666666,10.666666666666666,150,0,0.02645978144210199,0.4459848484848485,NA,0.0042,2.4
5510,Jamal Agnew,jamal agnew,00-0033572,AgneJa00,30,9,ATL,4,0.016587672755122185,301587301.5873016,5002631.4658305,5.0026314658305004,0.0063888877630233765,xgb_pair,term_xgb_final,aavPerc_xgb_final,1.0597677948223638e-4,31961.25095496018,1,2500000,0.009,0,0,0,0,0,0.00181818181818181,NA,0.0042,2.5
5604,Zach Pascal,zach pascal,00-0033251,PascZa00,31,9,NYG,3,0.008294764906167984,301587301.5873016,2501595.765352249,2.501595765352249,0.006307255011051893,xgb_pair,term_xgb_final,aavPerc_xgb_final,5.2317197519925404e-5,15778.20242664417,1,1422500,0.0051,0,0,0,0,0,0.06588235294117648,NA,0.0042,1.4225
5601,Tyrone Scott,tyrone scott,NA,NA,NA,NA,KC,4,0.014177429489791393,301587301.5873016,4275732.70327042,4.27573270327042,0.0061764707788825035,xgb_pair,term_xgb_final,aavPerc_xgb_final,8.756647896336362e-5,26408.938100062045,3,898333,0.004,NA,NA,NA,NA,NA,NA,NA,0.0042,0.898333
5499,Grant DuBose,grant dubose,00-0038507,DuboGr00,24,3,BUF,3,0.007335248868912458,301587301.5873016,2212217.9128466146,2.2122179128466146,0.006098182871937752,xgb_pair,term_xgb_final,aavPerc_xgb_final,4.473168901380272e-5,13490.509385115107,1,840000,0.003,4,2,11,0,0.00704225352112676,0.22666666666666668,NA,0.0042,0.84
5522,Josh Reynolds,josh reynolds,00-0033943,ReynJo00,31,9,NYJ,3,0.028179995715618134,301587301.5873016,8498728.866614994,8.498728866614993,0.006061299238353968,xgb_pair,term_xgb_final,aavPerc_xgb_final,1.7080738656789426e-4,51513.33880619034,1,2750000,0.0098,22,11.666666666666666,132,0.3333333333333333,0.04423296594733105,0.7357777777777778,NA,0.0042,2.75
5489,Dontavian Jackson,dontavian jackson,NA,NA,28,NA,MIN,4,0.013652557507157326,301587301.5873016,4117437.978349035,4.117437978349035,0.005996886175125837,xgb_pair,term_xgb_final,aavPerc_xgb_final,8.187283336978223e-5,24691.806889299405,3,898333,0.004,NA,NA,NA,NA,NA,NA,NA,0.0042,0.898333
5532,Kaden Davis,kaden davis,00-0037380,DaviKa02,27,4,CLE,3,0.00592221412807703,301587301.5873016,1786064.5783089458,1.7860645783089457,0.005930721294134855,xgb_pair,term_xgb_final,aavPerc_xgb_final,3.512300143781273e-5,10592.651227276856,1,840000,0.003,0,0,0,0,0,0.09000000000000001,NA,0.0042,0.84
5463,Cedrick Wilson,cedrick wilson,00-0020452,WilsCe00,47,25,MIA,4,0.014573854394257069,301587301.5873016,4395289.420490228,4.3952894204902275,0.005861494690179825,xgb_pair,term_xgb_final,aavPerc_xgb_final,8.542457014739172e-5,25762.965600007028,1,1170000,0.0042,NA,NA,NA,NA,NA,NA,NA,0.0042,1.17
5587,Tay Martin,tay martin,00-0037524,MartTa00,28,4,WAS,3,0.01001825649291277,301587301.5873016,3021378.942307026,3.021378942307026,0.00574736762791872,xgb_pair,term_xgb_final,aavPerc_xgb_final,5.757860305555338e-5,17364.975524690704,1,840000,0.003,2,1.6666666666666667,31.666666666666668,0.3333333333333333,0.00440134414493388,0.13333333333333333,NA,0.0042,0.84
5529,K.J. Hamler,k j hamler,NA,NA,26,NA,BUF,4,0.014754708856344223,301587301.5873016,4449832.829691115,4.449832829691115,0.0056991842575371265,xgb_pair,term_xgb_final,aavPerc_xgb_final,8.408980443862062e-5,25360.417211647487,1,1108000,0.004,NA,NA,NA,NA,NA,NA,NA,0.0042,1.108
5571,Robbie Chosen,robbie chosen,00-0032688,AndeRo04,32,10,WAS,3,0.011339006945490837,301587301.5873016,3419700.5073702526,3.4197005073702527,0.005481053609400988,xgb_pair,term_xgb_final,aavPerc_xgb_final,6.214970494560542e-5,18743.56180899211,1,1255000,0.0045,7.333333333333333,3.6666666666666665,37,0,0.01623630672926447,0.31611111111111106,NA,0.0042,1.255
5570,River Cracraft,river cracraft,00-0034054,CracRi00,31,9,WAS,3,0.007784062065184116,301587301.5873016,2347574.2736269557,2.3475742736269556,0.005424471106380224,xgb_pair,term_xgb_final,aavPerc_xgb_final,4.222441976286162e-5,12734.348817370963,1,1170000,0.0042,3,2.3333333333333335,22,0,0.00528169014084507,0.10916666666666668,NA,0.0042,1.17
5524,JuJu Smith-Schuster,juju smith schuster,00-0033857,SmitJu00,29,9,KC,4,0.021157193928956985,301587301.5873016,6380741.026193377,6.380741026193377,0.005424467846751213,xgb_pair,term_xgb_final,aavPerc_xgb_final,1.1476651819510714e-4,34612.12453503231,1,1422500,0.0051,38.666666666666664,28,307,1.3333333333333333,0.06979632389468454,0.5370448179271708,7.666666666666667,0.0042,1.4225
5569,Ray-Ray McCloud,ray ray mccloud,00-0034407,McClRa00,29,8,ATL,4,0.023097097873687744,301587301.5873016,6965791.422223289,6.965791422223289,0.0053621334955096245,xgb_pair,term_xgb_final,aavPerc_xgb_final,1.2384972215756518e-4,37351.50350783712,2,2500000,0.0098,39,25.333333333333332,274.6666666666667,0.3333333333333333,0.07307116225365606,0.6370588235294118,7.885057471264368,0.0042,2.5
5583,Steven Sims Jr.,steven sims jr,NA,NA,28,NA,SEA,4,0.014491414651274681,301587301.5873016,4370426.640860618,4.370426640860618,0.0052478075958788395,xgb_pair,term_xgb_final,aavPerc_xgb_final,7.604815588198918e-5,22935.158123139594,1,1170000,0.0042,NA,NA,NA,NA,NA,NA,NA,0.0042,1.17
5485,Diontae Johnson,diontae johnson,00-0035216,JohnDi01,29,7,CLE,4,0.017553776502609253,301587301.5873016,5293996.088088505,5.293996088088505,0.005224492400884628,xgb_pair,term_xgb_final,aavPerc_xgb_final,9.170957194470919e-5,27658.442332531344,1,1170000,0.0042,67,33,375,3,0.1293436293436293,0.5516666666666666,5.597014925373134,0.0042,1.17
5486,DJ Chark,dj chark,00-0034777,CharDJ00,29,8,ATL,3,0.011434851214289665,301587301.5873016,3448605.9217698993,3.448605921769899,0.005156732629984617,xgb_pair,term_xgb_final,aavPerc_xgb_final,5.896647037574674e-5,17783.53868474902,1,1300000,0.0047,10,4,31,1,0.02036659877800407,0.21714285714285717,NA,0.0042,1.3
5465,Chris Coleman,chris coleman,00-0019038,ColeCh01,48,26,MIA,4,0.014822862111032009,301587301.5873016,4470386.985866797,4.4703869858667975,0.005108942743390799,xgb_pair,term_xgb_final,aavPerc_xgb_final,7.57291538184394e-5,22838.95115159284,3,900000,0.004,NA,NA,NA,NA,NA,NA,NA,0.0042,0.9
5520,Jose Barbon,jose barbon,00-0038730,NA,26,3,DAL,4,0.01371255237609148,301587301.5873016,4135531.6689799707,4.13553166897997,0.005037072580307722,xgb_pair,term_xgb_final,aavPerc_xgb_final,6.90711215796439e-5,20830.97317481324,3,899333,0.004,NA,NA,NA,NA,NA,NA,NA,0.0042,0.899333
5582,Sterling Shepard,sterling shepard,00-0032385,ShepSt00,33,10,TB,5,0.03077586181461811,301587301.5873016,9281609.118694352,9.281609118694352,0.005027350503951311,xgb_pair,term_xgb_final,aavPerc_xgb_final,1.5472104440325627e-4,46661.90228034714,1,1750000,0.0063,52.333333333333336,36.666666666666664,358.6666666666667,1,0.09550653407007832,0.551978021978022,6.849673202614379,0.0042,1.75
5606,Zion Bowens,zion bowens,00-0038831,NA,26,3,WAS,4,0.01371255237609148,301587301.5873016,4135531.6689799707,4.13553166897997,0.004926265683025122,xgb_pair,term_xgb_final,aavPerc_xgb_final,6.755167619702405e-5,20372.727741959636,3,899167,0.004,NA,NA,NA,NA,NA,NA,NA,0.0042,0.899167
5540,Kody Case,kody case,00-0038532,NA,27,3,IND,4,0.013737709261476994,301587301.5873016,4143118.6661597285,4.143118666159729,0.0049255299381911755,xgb_pair,term_xgb_final,aavPerc_xgb_final,6.766549824957111e-5,20407.055027648432,3,898333,0.004,NA,NA,NA,NA,NA,NA,NA,0.0042,0.898333
5588,Taye Barber,taye barber,00-0038814,NA,26,3,TB,4,0.01371255237609148,301587301.5873016,4135531.6689799707,4.13553166897997,0.004910009913146496,xgb_pair,term_xgb_final,aavPerc_xgb_final,6.73287681011497e-5,20305.501490822928,3,899000,0.004,NA,NA,NA,NA,NA,NA,NA,0.0042,0.899
5589,Taylor Grimes,taylor grimes,00-0038789,NA,26,3,DEN,4,0.01371255237609148,301587301.5873016,4135531.6689799707,4.13553166897997,0.004897610284388065,xgb_pair,term_xgb_final,aavPerc_xgb_final,6.715873754235564e-5,20254.222433408846,3,899000,0.004,NA,NA,NA,NA,NA,NA,NA,0.0042,0.899
5523,Josh Vann,josh vann,00-0038780,NA,26,3,CAR,4,0.01371255237609148,301587301.5873016,4135531.6689799707,4.13553166897997,0.00489451689645648,xgb_pair,term_xgb_final,aavPerc_xgb_final,6.71163192983242e-5,20241.429629653332,3,901667,0.004,NA,NA,NA,NA,NA,NA,NA,0.0042,0.901667
5502,Jadakis Bonds,jadakis bonds,00-0039022,NA,26,3,GB,4,0.01371255237609148,301587301.5873016,4135531.6689799707,4.13553166897997,0.004862151108682156,xgb_pair,term_xgb_final,aavPerc_xgb_final,6.667250173827532e-5,20107.57988932113,3,898333,0.004,NA,NA,NA,NA,NA,NA,NA,0.0042,0.898333
5598,Tyler Hudson,tyler hudson,00-0038356,NA,25,3,LA,4,0.01371255237609148,301587301.5873016,4135531.6689799707,4.13553166897997,0.00485713966190815,xgb_pair,term_xgb_final,aavPerc_xgb_final,6.660378201190677e-5,20086.85489247982,3,898333,0.004,NA,NA,NA,NA,NA,NA,NA,0.0042,0.898333
5564,Oliver Martin,oliver martin,00-0038672,NA,27,3,JAX,4,0.013737709261476994,301587301.5873016,4143118.6661597285,4.143118666159729,0.004840420559048653,xgb_pair,term_xgb_final,aavPerc_xgb_final,6.649629034348632e-5,20054.43677025778,3,898667,0.004,NA,NA,NA,NA,NA,NA,NA,0.0042,0.898667
5547,Mac Hippenhammer,mac hippenhammer,00-0038887,NA,27,3,CIN,4,0.013737709261476994,301587301.5873016,4143118.6661597285,4.143118666159729,0.004836317617446184,xgb_pair,term_xgb_final,aavPerc_xgb_final,6.643992532463479e-5,20037.43779631843,3,898333,0.004,NA,NA,NA,NA,NA,NA,NA,0.0042,0.898333
5448,Aron Cruickshank,aron cruickshank,00-0038422,NA,25,3,CHI,4,0.01371255237609148,301587301.5873016,4135531.6689799707,4.13553166897997,0.004828847479075193,xgb_pair,term_xgb_final,aavPerc_xgb_final,6.62158239729759e-5,19969.85167438956,3,901000,0.004,NA,NA,NA,NA,NA,NA,NA,0.0042,0.901
5602,Winston Wright,winston wright,NA,NA,NA,NA,CLE,4,0.013284376822412014,301587301.5873016,4006399.3591401316,4.006399359140132,0.0048257410526275635,xgb_pair,term_xgb_final,aavPerc_xgb_final,6.410696259048776e-5,19333.845860623296,1,840000,0.003,NA,NA,NA,NA,NA,NA,NA,0.0042,0.84
5593,Trent Taylor,trent taylor,00-0033292,TaylTr02,31,9,SF,3,0.0059134215116500854,301587301.5873016,1783412.8368468513,1.7834128368468514,0.004797386936843395,xgb_pair,term_xgb_final,aavPerc_xgb_final,2.8368971112038843e-5,8555.721446487905,1,1170000,0.0042,1,1,11,0,0.00194931773879142,0.095,NA,0.0042,1.17
5548,Malachi Carter,malachi carter,00-0038886,NA,26,3,CIN,4,0.01371255237609148,301587301.5873016,4135531.6689799707,4.13553166897997,0.004794203210622072,xgb_pair,term_xgb_final,aavPerc_xgb_final,6.57407626272811e-5,19826.579205053033,3,898333,0.004,NA,NA,NA,NA,NA,NA,NA,0.0042,0.898333
5459,Brian Cobbs,brian cobbs,00-0039011,NA,26,3,ARI,4,0.01371255237609148,301587301.5873016,4135531.6689799707,4.13553166897997,0.004789359401911497,xgb_pair,term_xgb_final,aavPerc_xgb_final,6.567434164663757e-5,19806.54748073197,3,898333,0.004,NA,NA,NA,NA,NA,NA,NA,0.0042,0.898333
5498,Gavin Holmes,gavin holmes,00-0038962,NA,27,3,TEN,4,0.013674218207597733,301587301.5873016,4123970.5705453483,4.123970570545349,0.004764771554619074,xgb_pair,term_xgb_final,aavPerc_xgb_final,6.51545259472159e-5,19649.77766662067,3,898333,0.004,NA,NA,NA,NA,NA,NA,NA,0.0042,0.898333
5531,Kade Warner,kade warner,00-0038829,NA,27,3,TB,4,0.013737709261476994,301587301.5873016,4143118.6661597285,4.143118666159729,0.0047613345086574554,xgb_pair,term_xgb_final,aavPerc_xgb_final,6.540982917657354e-5,19726.773878649165,3,900000,0.004,NA,NA,NA,NA,NA,NA,NA,0.0042,0.9
5506,Jalen Cropper,jalen cropper,00-0038740,MoreJa01,24,3,DAL,4,0.01380174420773983,301587301.5873016,4162430.792810425,4.162430792810425,0.0047609880566596985,xgb_pair,term_xgb_final,aavPerc_xgb_final,6.57099393341215e-5,19817.283291242995,2,877500,0.0034,0,0,0,0,0,0.09555555555555556,NA,0.0042,0.8775
5561,Montrell Washington,montrell washington,00-0037272,WashMo00,27,4,NYG,3,0.004381144419312477,301587301.5873016,1321297.5232847154,1.3212975232847153,0.004760975018143654,xgb_pair,term_xgb_final,aavPerc_xgb_final,2.085851913122619e-5,6290.664499893613,1,1030000,0.0037,0,0,0,0,0,0.07,NA,0.0042,1.03
5515,John Hall,john hall,00-0038759,NA,28,3,SEA,4,0.013951826840639114,301587301.5873016,4207693.809081638,4.207693809081638,0.004758995026350021,xgb_pair,term_xgb_final,aavPerc_xgb_final,6.639667454309828e-5,20024.39390982329,3,901667,0.004,NA,NA,NA,NA,NA,NA,NA,0.0042,0.901667
5497,Garett Maag,garett maag,00-0039043,NA,26,3,MIN,4,0.01318709459155798,301587301.5873016,3977060.27364447,3.97706027364447,0.0047261775471270084,xgb_pair,term_xgb_final,aavPerc_xgb_final,6.232455037046133e-5,18796.29296886929,3,898333,0.004,NA,NA,NA,NA,NA,NA,NA,0.0042,0.898333
5508,Jalen Reagor,jalen reagor,00-0036387,ReagJa00,27,6,LAC,3,0.007512039504945278,301587301.5873016,2265535.7237136555,2.2655357237136555,0.004702580627053976,xgb_pair,term_xgb_final,aavPerc_xgb_final,3.5325971445619806e-5,10653.864404234546,1,1337500,0.0048,12,7,100,0,0.02443991853360488,0.28250000000000003,NA,0.0042,1.3375
5495,Erik Ezukanma,erik ezukanma,00-0038092,EzukEr00,26,4,MIA,4,0.021368611603975296,301587301.5873016,6444501.912310011,6.4445019123100105,0.0046675787307322025,xgb_pair,term_xgb_final,aavPerc_xgb_final,9.973967702799243e-5,30080.22005606121,4,1096248,0.0053,2,0,0,0,0.00352112676056338,0.14,NA,0.0042,1.096248
5503,Jadon Haselwood,jadon haselwood,00-0038483,NA,25,3,PHI,4,0.01371255237609148,301587301.5873016,4135531.6689799707,4.13553166897997,0.004661248531192541,xgb_pair,term_xgb_final,aavPerc_xgb_final,6.39176146219572e-5,19276.74091773313,3,902500,0.004,NA,NA,NA,NA,NA,NA,NA,0.0042,0.9025
5558,Mike Williams,mike williams,00-0033536,WillMi07,31,9,LAC,4,0.027231374755501747,301587301.5873016,8212636.831024338,8.212636831024337,0.004625770729035139,xgb_pair,term_xgb_final,aavPerc_xgb_final,1.259660962553864e-4,37989.775061148284,1,3000000,0.0107,34,21,298,1,0.05772495755517826,0.4066666666666666,NA,0.0042,3
5527,Justyn Ross,justyn ross,00-0037216,RossJu00,26,4,KC,3,0.0070201326161623,301587301.5873016,2117182.8524933923,2.1171828524933924,0.004596025217324495,xgb_pair,term_xgb_final,aavPerc_xgb_final,3.226470653284411e-5,9730.625779746639,1,960000,0.0034,1,0,0,0,0.00174825174825174,0.09,NA,0.0042,0.96
5447,Anthony Miller,anthony miller,00-0034353,MillAn02,31,8,BAL,3,0.006134508643299341,301587301.5873016,1850089.9082966268,1.8500899082966267,0.004594834987074137,xgb_pair,term_xgb_final,aavPerc_xgb_final,2.818705494274051e-5,8500.857839874121,1,1170000,0.0042,1,1,16,0,0.00218818380743982,0.07500000000000001,NA,0.0042,1.17
5467,Cody Chrest,cody chrest,00-0038430,NA,NA,3,IND,4,0.01371255237609148,301587301.5873016,4135531.6689799707,4.13553166897997,0.004575970117002726,xgb_pair,term_xgb_final,aavPerc_xgb_final,6.274822990082933e-5,18924.069335170752,3,898333,0.004,NA,NA,NA,NA,NA,NA,NA,0.0042,0.898333
5600,Tyler Lockett,tyler lockett,00-0032211,LockTy00,33,11,LV,4,0.017145764082670212,301587301.5873016,5170944.723344985,5.170944723344985,0.0045723444782197475,xgb_pair,term_xgb_final,aavPerc_xgb_final,7.839633972825562e-5,23643.340552965983,1,1255000,0.0045,61.333333333333336,37.666666666666664,394,1.3333333333333333,0.11253329796288314,0.5635294117647058,6.22997542997543,0.0042,1.255
5597,Tyler Adams,tyler adams,00-0038531,NA,NA,3,IND,4,0.01371255237609148,301587301.5873016,4135531.6689799707,4.13553166897997,0.004567896015942097,xgb_pair,term_xgb_final,aavPerc_xgb_final,6.26375133671456e-5,18890.67863453598,3,898333,0.004,NA,NA,NA,NA,NA,NA,NA,0.0042,0.898333
5451,Avery Davis,avery davis,00-0039186,NA,NA,3,DET,4,0.01371255237609148,301587301.5873016,4135531.6689799707,4.13553166897997,0.0045111170038580894,xgb_pair,term_xgb_final,aavPerc_xgb_final,6.185892819008092e-5,18655.86723192917,3,898333,0.004,NA,NA,NA,NA,NA,NA,NA,0.0042,0.898333
5513,Jerome Kapp,jerome kapp,00-0039033,NA,NA,3,NYJ,4,0.01371255237609148,301587301.5873016,4135531.6689799707,4.13553166897997,0.004501527640968561,xgb_pair,term_xgb_final,aavPerc_xgb_final,6.172743354920492e-5,18616.210118014184,3,898333,0.004,NA,NA,NA,NA,NA,NA,NA,0.0042,0.898333
5516,Johnny Johnson,johnny johnson,NA,NA,26,NA,HOU,4,0.01335951779037714,301587301.5873016,4029060.9209073917,4.0290609209073915,0.0044820671901106834,xgb_pair,term_xgb_final,aavPerc_xgb_final,5.9878256363949355e-5,18058.521760556156,1,840000,0.003,NA,NA,NA,NA,NA,NA,NA,0.0042,0.84
5546,Louis Rees-Zammit,louis rees zammit,NA,NA,25,NA,JAX,4,0.013493469916284084,301587301.5873016,4069459.1811015494,4.069459181101549,0.004475527908653021,xgb_pair,term_xgb_final,aavPerc_xgb_final,6.039040119489936e-5,18212.97813814425,1,840000,0.003,NA,NA,NA,NA,NA,NA,NA,0.0042,0.84
5549,Malik Flowers,malik flowers,00-0038904,FlowMa01,26,3,NO,4,0.01371255237609148,301587301.5873016,4135531.6689799707,4.13553166897997,0.004466854967176914,xgb_pair,term_xgb_final,aavPerc_xgb_final,6.125198269381783e-5,18472.820177500616,3,898667,0.004,NA,NA,NA,NA,NA,NA,NA,0.0042,0.898667
5526,Justin Marshall,justin marshall,00-0038929,NA,NA,3,ATL,4,0.01371255237609148,301587301.5873016,4135531.6689799707,4.13553166897997,0.004459163639694452,xgb_pair,term_xgb_final,aavPerc_xgb_final,6.11465149628729e-5,18441.0124491204,3,904167,0.004,NA,NA,NA,NA,NA,NA,NA,0.0042,0.904167
5517,Johnny King,johnny king,00-0038434,NA,26,3,IND,4,0.01371255237609148,301587301.5873016,4135531.6689799707,4.13553166897997,0.004456952679902315,xgb_pair,term_xgb_final,aavPerc_xgb_final,6.111619706092178e-5,18431.868954881174,3,900000,0.004,NA,NA,NA,NA,NA,NA,NA,0.0042,0.9
5572,Robert Woods,robert woods,00-0030431,WoodRo02,33,13,PIT,4,0.016807813197374344,301587301.5873016,5069023.027779564,5.069023027779564,0.004394670017063618,xgb_pair,term_xgb_final,aavPerc_xgb_final,7.38647927109072e-5,22276.68351598789,1,2000000,0.0072,30,20,203,0,0.05484460694698354,0.37066666666666664,NA,0.0042,2
5581,Shaq Davis,shaq davis,NA,NA,25,NA,PHI,4,0.014069318771362305,301587301.5873016,4243127.883426727,4.243127883426727,0.004384975880384445,xgb_pair,term_xgb_final,aavPerc_xgb_final,6.169362346586382e-5,18606.0134262129,2,927500,0.0036,NA,NA,NA,NA,NA,NA,NA,0.0042,0.9275
5468,Collin Johnson,collin johnson,00-0036254,JohnCo01,28,6,LV,3,0.004838502965867519,301587301.5873016,1459231.0531981408,1.4592310531981407,0.004375561140477657,xgb_pair,term_xgb_final,aavPerc_xgb_final,2.117116555553581e-5,6384.95469135207,1,1170000,0.0042,2,1,6,0,0.00380228136882129,0.05444444444444445,NA,0.0042,1.17
5565,Pokey Wilson,pokey wilson,NA,NA,24,NA,NYJ,4,0.013493469916284084,301587301.5873016,4069459.1811015494,4.069459181101549,0.0043594855815172195,xgb_pair,term_xgb_final,aavPerc_xgb_final,5.882458754467683e-5,17740.748624585078,1,840000,0.003,NA,NA,NA,NA,NA,NA,NA,0.0042,0.84
5446,Alex Bachman,alex bachman,00-0035602,BachAl00,29,7,LV,3,0.006756104528903961,301587301.5873016,2037555.3341138933,2.0375553341138932,0.004331533331423998,xgb_pair,term_xgb_final,aavPerc_xgb_final,2.9264291957532135e-5,8825.73884433509,1,1030000,0.0037,3,2.3333333333333335,18.333333333333332,0,0.0057377721851406,0.09871794871794871,NA,0.0042,1.03
5567,Racey McMath,racey mcmath,00-0036652,McMaRa00,26,5,DAL,4,0.013727492652833462,301587301.5873016,4140037.4667275525,4.140037466727552,0.0043137227185070515,xgb_pair,term_xgb_final,aavPerc_xgb_final,5.9216596924666336e-5,17858.973675693025,2,1042500,0.0041,NA,NA,NA,NA,NA,NA,NA,0.0042,1.0425
5453,Brandon Johnson,brandon johnson,00-0037382,JohnBr23,27,4,PIT,4,0.01924942433834076,301587301.5873016,5805381.943309118,5.805381943309118,0.0042404779233038425,xgb_pair,term_xgb_final,aavPerc_xgb_final,8.162675894304167e-5,24617.593966949076,1,1100000,0.0039,0.3333333333333333,0.3333333333333333,3,0,7.246376811594203e-4,0.1,NA,0.0042,1.1
5482,Demetric Felton,demetric felton,NA,NA,27,NA,WAS,4,0.0141538605093956,301587301.5873016,4268624.598071689,4.268624598071689,0.004107777960598469,xgb_pair,term_xgb_final,aavPerc_xgb_final,5.814091625788026e-5,17534.56204602738,1,1030000,0.0037,NA,NA,NA,NA,NA,NA,NA,0.0042,1.03
5450,Austin Watkins,austin watkins,NA,NA,27,NA,PHI,4,0.014094475656747818,301587301.5873016,4250714.8806064855,4.250714880606486,0.004063770174980164,xgb_pair,term_xgb_final,aavPerc_xgb_final,5.7276709805875736e-5,17273.928354153002,2,902500,0.00349999999999999,NA,NA,NA,NA,NA,NA,NA,0.0042,0.9025
5487,DJ Montgomery,dj montgomery,NA,NA,29,NA,IND,4,0.0141538605093956,301587301.5873016,4268624.598071689,4.268624598071689,0.004062074702233076,xgb_pair,term_xgb_final,aavPerc_xgb_final,5.7494038714151624e-5,17339.47199315684,1,1030000,0.0037,NA,NA,NA,NA,NA,NA,NA,0.0042,1.03
5563,Noah Brown,noah brown,00-0033591,BrowNo00,30,9,WAS,4,0.023033061996102333,301587301.5873016,6946479.014697529,6.9464790146975295,0.004033814650028944,xgb_pair,term_xgb_final,aavPerc_xgb_final,9.29111029149025e-5,28020.80881560552,1,3250000,0.0116,25.333333333333332,15,206.33333333333337,0.3333333333333333,0.05246913580246912,0.4836363636363636,8.089285714285714,0.0042,3.25
5573,Rondale Moore,rondale moore,00-0036936,MoorRo02,25,5,MIN,4,0.01435686182230711,301587301.5873016,4329847.216251351,4.329847216251351,0.004010572098195553,xgb_pair,term_xgb_final,aavPerc_xgb_final,5.7579229442193854e-5,17365.164434947354,1,2000000,0.0072,NA,NA,NA,NA,NA,NA,NA,0.0042,2
5550,Malik Heath,malik heath,00-0038465,HeatMa00,25,3,GB,5,0.0263815987855196,301587301.5873016,7956355.1892836895,7.9563551892836895,0.003977567423135042,xgb_pair,term_xgb_final,aavPerc_xgb_final,1.0493458789950175e-4,31646.939207786247,3,901333,0.004,9,7.333333333333333,89.66666666666667,0.6666666666666666,0.019484007996002,0.26736596736596735,NA,0.0042,0.901333
5562,Nick Williams,nick williams,00-0039045,NA,NA,3,DEN,4,0.01371255237609148,301587301.5873016,4135531.6689799707,4.13553166897997,0.0039584096521139145,xgb_pair,term_xgb_final,aavPerc_xgb_final,5.427989968063811e-5,16370.128475113082,3,898333,0.004,NA,NA,NA,NA,NA,NA,NA,0.0042,0.898333
5541,Kristian Wilkerson,kristian wilkerson,00-0036183,WilkKr00,29,6,BUF,3,0.00790444016456604,301587301.5873016,2383878.7797897584,2.3838787797897583,0.0038721547462046146,xgb_pair,term_xgb_final,aavPerc_xgb_final,3.060721549931478e-5,9230.747531539379,1,1100000,0.0039,3,2,18,1,0.00506756756756756,0.22,NA,0.0042,1.1
5460,Bryan Thompson,bryan thompson,00-0038680,ThomBr05,26,3,BUF,4,0.013426639139652252,301587301.5873016,4049303.8675141716,4.049303867514172,0.003816802753135562,xgb_pair,term_xgb_final,aavPerc_xgb_final,5.124683323358241e-5,15455.394149810569,3,900500,0.004,NA,NA,NA,NA,NA,NA,NA,0.0042,0.9005
5594,Trenton Irwin,trenton irwin,00-0035341,IrwiTr00,30,7,JAX,3,0.0063111199997365475,301587301.5873016,1903353.650714197,1.903353650714197,0.00378709495998919,xgb_pair,term_xgb_final,aavPerc_xgb_final,2.3900810742889258e-5,7208.181017696761,1,1170000,0.0042,10,3,15,0,0.01592356687898089,0.2914285714285714,NA,0.0042,1.17
5556,Michael Gallup,michael gallup,00-0034764,GallMi00,30,8,WAS,4,0.013651828281581402,301587301.5873016,4117218.0531753437,4.1172180531753435,0.003763895947486162,xgb_pair,term_xgb_final,aavPerc_xgb_final,5.1384061144821216e-5,15496.780345263542,1,1250000,0.0045,NA,NA,NA,NA,NA,NA,NA,0.0042,1.25
5490,Dontay Demus Jr.,dontay demus jr,00-0038447,DemuDo00,25,3,BAL,4,0.013331830501556396,301587301.5873016,4020710.7861836753,4.020710786183676,0.003695902181789279,xgb_pair,term_xgb_final,aavPerc_xgb_final,4.927314143794714e-5,14860.153766999932,3,899167,0.004,NA,NA,NA,NA,NA,NA,NA,0.0042,0.899167
5466,Chris Moore,chris moore,00-0032398,MoorCh00,32,10,WAS,4,0.016229946166276932,301587301.5873016,4894745.66919463,4.894745669194631,0.003688665572553873,xgb_pair,term_xgb_final,aavPerc_xgb_final,5.9866843667948436e-5,18055.079836365403,1,1255000,0.0045,23,11,207,1,0.05324074074074074,0.3538095238095238,NA,0.0042,1.255
5445,Ajou Ajou,ajou ajou,00-0039957,NA,24,1,IND,4,0.013486425392329693,301587301.5873016,4067334.6421311777,4.067334642131177,0.003573586232960224,xgb_pair,term_xgb_final,aavPerc_xgb_final,4.819490411387458e-5,14534.971081962176,1,840000,0.003,NA,NA,NA,NA,NA,NA,NA,0.0042,0.84
5473,Dante Pettis,dante pettis,00-0034860,PettDa00,30,8,NO,4,0.014872618950903416,301587301.5873016,4485393.016939126,4.485393016939126,0.003485171590000391,xgb_pair,term_xgb_final,aavPerc_xgb_final,5.1833629036590004e-5,15632.364312622385,1,1255000,0.0045,16.666666666666668,10,124.66666666666669,0.3333333333333333,0.03103222014914728,0.2508333333333333,NA,0.0042,1.255
5599,Tyler Johnson,tyler johnson,00-0036427,JohnTy00,27,6,NYJ,4,0.018283085897564888,301587301.5873016,5513946.5405354425,5.513946540535443,0.003464614739641547,xgb_pair,term_xgb_final,aavPerc_xgb_final,6.334384888683582e-5,19103.70045793461,1,1170000,0.0042,25.666666666666668,16.666666666666668,228.33333333333337,1,0.05068558956525371,0.3988888888888889,NA,0.0042,1.17
5480,DeAndre Hopkins,deandre hopkins,00-0030564,HopkDe00,33,13,BAL,5,0.03245716169476509,301587301.5873016,9788667.812706932,9.788667812706933,0.0034243345726281404,xgb_pair,term_xgb_final,aavPerc_xgb_final,1.1114418092076587e-4,33519.67361102463,1,5000000,0.0179,52.666666666666664,33.333333333333336,423.3333333333333,3,0.11647903955596264,0.3833333333333333,7.725,0.0042,5
5545,Lideatrick Griffin,lideatrick griffin,00-0039541,GrifLi00,25,2,GB,4,0.013541544787585735,301587301.5873016,4083957.951811571,4.083957951811571,0.00334504758939147,xgb_pair,term_xgb_final,aavPerc_xgb_final,4.529711174835029e-5,13661.033701883422,1,840000,0.003,NA,NA,NA,NA,NA,NA,NA,0.0042,0.84
5603,Xavier Malone,xavier malone,00-0038928,NA,26,3,ATL,4,0.013386255130171776,301587301.5873016,4037124.563067679,4.037124563067679,0.003334171837195754,xgb_pair,term_xgb_final,aavPerc_xgb_final,4.463207486053592e-5,13460.467021431468,3,901667,0.004,NA,NA,NA,NA,NA,NA,NA,0.0042,0.901667
5511,James Proche,james proche,00-0036133,ProcJa00,29,6,TEN,3,0.004140782169997692,301587301.5873016,1248807.3211104153,1.2488073211104154,0.003317394992336631,xgb_pair,term_xgb_final,aavPerc_xgb_final,1.3736610035107151e-5,4142.787153445014,1,1170000,0.0042,9,5,50.333333333333336,0,0.01667162668888756,0.2081481481481481,NA,0.0042,1.17
5571,Robbie Chosen,robbie chosen,00-0032688,AndeRo04,32,10,WAS,4,0.01977248303592205,301587301.5873016,5963129.804484429,5.963129804484429,0.0032886257395148277,xgb_pair,term_xgb_final,aavPerc_xgb_final,6.502429664605354e-5,19610.502163095516,1,1255000,0.0045,7.333333333333333,3.6666666666666665,37,0,0.01623630672926447,0.31611111111111106,NA,0.0042,1.255
5534,Kazmeir Allen,kazmeir allen,00-0038830,AlleKa00,26,3,WAS,4,0.013386255130171776,301587301.5873016,4037124.563067679,4.037124563067679,0.0032824701629579067,xgb_pair,term_xgb_final,aavPerc_xgb_final,4.3939983058531064e-5,13251.740922414132,3,903333,0.004,NA,NA,NA,NA,NA,NA,NA,0.0042,0.903333
5591,Tim Patrick,tim patrick,00-0033375,PatrTi00,32,9,DET,4,0.025313131511211395,301587301.5873016,7634119.027190739,7.6341190271907395,0.0032585239969193935,xgb_pair,term_xgb_final,aavPerc_xgb_final,8.24834464664588e-5,24875.96004543996,1,2500000,0.009,30.666666666666668,21,256,3,0.05734751961821242,0.40895833333333337,NA,0.0042,2.5
5596,Tyjon Lindsey,tyjon lindsey,00-0038763,LindTy01,27,3,SEA,4,0.01362552959471941,301587301.5873016,4109286.7031693463,4.109286703169347,0.0032234699465334415,xgb_pair,term_xgb_final,aavPerc_xgb_final,4.392148515418e-5,13246.162189355875,3,898667,0.004,NA,NA,NA,NA,NA,NA,NA,0.0042,0.898667
5554,Marquez Valdes-Scantling,marquez valdes scantling,00-0034272,ValdMa00,31,8,PIT,4,0.019167954102158546,301587301.5873016,5780811.554619244,5.780811554619245,0.0031703501008450985,xgb_pair,term_xgb_final,aavPerc_xgb_final,6.076912522077257e-5,18327.196495153632,1,1255000,0.0045,34,15.666666666666666,217,2,0.06478114478114479,0.5011904761904762,NA,0.0042,1.255
5590,Thayer Thomas,thayer thomas,00-0038810,ThomTh01,27,3,MIN,4,0.012861383147537708,301587301.5873016,3878829.838146293,3.878829838146293,0.0031662005931138992,xgb_pair,term_xgb_final,aavPerc_xgb_final,4.0721718949999e-5,12281.153334126682,3,901667,0.004,NA,NA,NA,NA,NA,NA,NA,0.0042,0.901667
5592,Tre’Shaun Harrison,tre shaun harrison,00-0038844,HarrTr02,25,3,TEN,4,0.013322764076292515,301587301.5873016,4017976.4674532986,4.017976467453298,0.003158478531986475,xgb_pair,term_xgb_final,aavPerc_xgb_final,4.207966432169053e-5,12690.692414478097,3,901667,0.004,NA,NA,NA,NA,NA,NA,NA,0.0042,0.901667
5475,David Durden,david durden,00-0038734,DurdDa00,27,3,DAL,4,0.013411412015557289,301587301.5873016,4044711.5602474366,4.044711560247436,0.003146963659673929,xgb_pair,term_xgb_final,aavPerc_xgb_final,4.2205226237873074e-5,12728.560293961722,3,901667,0.004,NA,NA,NA,NA,NA,NA,NA,0.0042,0.901667
5574,Russell Gage,russell gage,00-0034411,GageRu00,30,8,SF,4,0.018411023542284966,301587301.5873016,5552530.909578006,5.552530909578006,0.0031324245501309633,xgb_pair,term_xgb_final,aavPerc_xgb_final,5.767114213689256e-5,17392.884136523153,1,1170000,0.0042,NA,NA,NA,NA,NA,0.37,NA,0.0042,1.17
5578,Sean Ryan,sean ryan,00-0038455,RyanSe01,27,3,BAL,4,0.013411412015557289,301587301.5873016,4044711.5602474366,4.044711560247436,0.0030855329241603613,xgb_pair,term_xgb_final,aavPerc_xgb_final,4.138135333348189e-5,12480.09068787549,3,900000,0.004,NA,NA,NA,NA,NA,NA,NA,0.0042,0.9
5501,Jacob Harris,jacob harris,00-0036918,HarrJa03,28,5,TB,4,0.0136202871799469,301587301.5873016,4107705.6574443034,4.107705657444304,0.00301152840256691,xgb_pair,term_xgb_final,aavPerc_xgb_final,4.1017881693528047e-5,12370.472256778301,1,1100000,0.0039,NA,NA,NA,NA,NA,NA,NA,0.0042,1.1
5488,Donovan Peoples-Jones,donovan peoples jones,00-0036233,PeopDo00,27,6,NO,4,0.013661010190844536,301587301.5873016,4119987.200413432,4.119987200413432,0.0030096026603132486,xgb_pair,term_xgb_final,aavPerc_xgb_final,4.1114212612932115e-5,12399.524438820798,1,1170000,0.0042,NA,NA,NA,NA,NA,NA,NA,0.0042,1.17
5472,Daniel Arias,daniel arias,00-0038702,AriaDa00,27,3,ARI,4,0.013411412015557289,301587301.5873016,4044711.5602474366,4.044711560247436,0.0030063153244554996,xgb_pair,term_xgb_final,aavPerc_xgb_final,4.03189334649565e-5,12159.678346574183,3,902333,0.004,NA,NA,NA,NA,NA,NA,NA,0.0042,0.902333
5444,Adam Thielen,adam thielen,00-0030035,ThieAd00,35,13,CAR,4,0.03281848877668381,301587301.5873016,9897639.472333213,9.897639472333214,0.0029536921065300703,xgb_pair,term_xgb_final,aavPerc_xgb_final,9.693571124793667e-5,29234.579582711063,3,8333333,0.0371,44,28.666666666666668,329,1.6666666666666667,0.08975458975458976,0.4989166666666667,9.919354838709678,0.0042,8.333333
5532,Kaden Davis,kaden davis,00-0037380,DaviKa02,27,4,CLE,4,0.011758774518966675,301587301.5873016,3546297.07714868,3.54629707714868,0.0029454354662448168,xgb_pair,term_xgb_final,aavPerc_xgb_final,3.463471150774028e-5,10445.389184874053,1,840000,0.003,0,0,0,0,0,0.09000000000000001,NA,0.0042,0.84
5579,Seth Williams,seth williams,00-0036657,WillSe00,25,5,LV,4,0.012971471063792706,301587301.5873016,3912030.955747007,3.912030955747007,0.0029377005994319916,xgb_pair,term_xgb_final,aavPerc_xgb_final,3.8106298319618565e-5,11492.375683694489,1,840000,0.003,NA,NA,NA,NA,NA,NA,NA,0.0042,0.84
5566,Quintez Cephus,quintez cephus,00-0036277,CephQu00,27,6,HOU,4,0.013923202641308308,301587301.5873016,4199061.114045363,4.199061114045363,0.0029205000028014183,xgb_pair,term_xgb_final,aavPerc_xgb_final,4.066271335294563e-5,12263.35799533281,1,1100000,0.0039,NA,NA,NA,NA,NA,NA,NA,0.0042,1.1
5521,Joseph Ngata,joseph ngata,00-0038484,NgatJo01,25,3,PHI,4,0.013331830501556396,301587301.5873016,4020710.7861836753,4.020710786183676,0.0029204157181084156,xgb_pair,term_xgb_final,aavPerc_xgb_final,3.89344873479025e-5,11742.14697793885,3,908333,0.004,NA,NA,NA,NA,NA,NA,NA,0.0042,0.908333
5449,Austin Mack,austin mack,00-0035869,MackAu01,28,6,ATL,4,0.013501922599971294,301587301.5873016,4072008.4031659462,4.072008403165946,0.0028849926311522722,xgb_pair,term_xgb_final,aavPerc_xgb_final,3.895294720730551e-5,11747.714237123886,2,984500,0.0039,NA,NA,NA,NA,NA,NA,NA,0.0042,0.9845
5479,Deandre Carter,deandre carter,00-0031763,CartDe02,32,11,CLE,4,0.013298152945935726,301587301.5873016,4010554.0630599814,4.010554063059981,0.0028721466660499573,xgb_pair,term_xgb_final,aavPerc_xgb_final,3.8194245648291714e-5,11518.899481230836,1,1422500,0.0051,4.666666666666667,3,24,0,0.00887198986058301,0.04666666666666666,NA,0.0042,1.4225
5570,River Cracraft,river cracraft,00-0034054,CracRi00,31,9,WAS,4,0.01610853709280491,301587301.5873016,4858130.234337988,4.858130234337988,0.002859405940398574,xgb_pair,term_xgb_final,aavPerc_xgb_final,4.606084665429713e-5,13891.36645129596,1,1170000,0.0042,3,2.3333333333333335,22,0,0.00528169014084507,0.10916666666666668,NA,0.0042,1.17
5604,Zach Pascal,zach pascal,00-0033251,PascZa00,31,9,NYG,4,0.014812136068940163,301587301.5873016,4467152.147775605,4.4671521477756055,0.002850209129974246,xgb_pair,term_xgb_final,aavPerc_xgb_final,4.221768545811409e-5,12732.317836574093,1,1422500,0.0051,0,0,0,0,0,0.06588235294117648,NA,0.0042,1.4225
5452,Bo Melton,bo melton,00-0037091,MeltBo00,26,4,GB,5,0.026208797469735146,301587301.5873016,7904240.506745521,7.904240506745521,0.002822275273501873,xgb_pair,term_xgb_final,aavPerc_xgb_final,7.396844104705196e-5,22307.9425379998,1,1030000,0.0037,14.333333333333334,5.333333333333333,101.66666666666669,0.6666666666666666,0.03105322338830584,0.22823529411764704,NA,0.0042,1.03
5500,Hunter Renfrow,hunter renfrow,00-0034983,RenfHu00,30,7,CAR,4,0.016894593834877014,301587301.5873016,5095194.966074021,5.095194966074021,0.0028073799330741167,xgb_pair,term_xgb_final,aavPerc_xgb_final,4.742954370947142e-5,14304.14810285646,1,1220000,0.0044,26,15,89,2,0.05416666666666667,0.4916666666666667,NA,0.0042,1.22
5528,Juwann Winfree,juwann winfree,00-0035593,WinfJu00,29,7,HOU,4,0.013434535823762417,301587301.5873016,4051685.4071664433,4.051685407166444,0.002794713480398059,xgb_pair,term_xgb_final,aavPerc_xgb_final,3.754567836955947e-5,11323.299825740158,1,1170000,0.0042,NA,NA,NA,NA,NA,NA,NA,0.0042,1.17
5483,Deon Cain,deon cain,00-0034406,CainDe00,29,8,BUF,4,0.01388792134821415,301587301.5873016,4188420.7240645853,4.188420724064585,0.002779922215268016,xgb_pair,term_xgb_final,aavPerc_xgb_final,3.860734107979545e-5,11643.48381771609,1,960000,0.0034,NA,NA,NA,NA,NA,NA,NA,0.0042,0.96
5557,Mike Strachan,mike strachan,00-0036482,StraMi03,28,5,WAS,4,0.013478051871061325,301587301.5873016,4064809.2944470667,4.064809294447067,0.002750962506979704,xgb_pair,term_xgb_final,aavPerc_xgb_final,3.707761536441735e-5,11182.137967046505,1,1100000,0.0039,NA,NA,NA,NA,NA,NA,NA,0.0042,1.1
5461,Bryce Ford-Wheaton,bryce ford wheaton,00-0038477,FordBr00,26,3,NYG,4,0.013444311916828156,301587301.5873016,4054633.752694206,4.054633752694206,0.002737291855737567,xgb_pair,term_xgb_final,aavPerc_xgb_final,3.680100551592923e-5,11098.715949248497,3,905000,0.004,0,0,0,0,0,0.00285714285714285,NA,0.0042,0.905
5454,Braxton Berrios,braxton berrios,00-0034419,BerrBr00,30,8,HOU,4,0.016088971868157387,301587301.5873016,4852229.611031593,4.852229611031593,0.0027341607492417097,xgb_pair,term_xgb_final,aavPerc_xgb_final,4.398983537756999e-5,13266.77574879095,1,1800000,0.0064,6.666666666666667,4,24.666666666666668,0,0.0119917819151194,0.21777777777777776,NA,0.0042,1.8
5477,David White Jr,david white jr,00-0039562,WhitDa06,25,2,BUF,4,0.013200512155890465,301587301.5873016,3981106.8406653786,3.9811068406653787,0.002675710478797555,xgb_pair,term_xgb_final,aavPerc_xgb_final,3.532074870101062e-5,10652.289290780982,1,840000,0.003,NA,NA,NA,NA,NA,NA,NA,0.0042,0.84
5559,Mike Woods,mike woods,00-0037300,WoodMi00,26,4,CLE,4,0.02238858863711357,301587301.5873016,6752114.033415205,6.7521140334152046,0.0026097625959664583,xgb_pair,term_xgb_final,aavPerc_xgb_final,5.8428901201618665e-5,17621.41464810722,4,957072,0.0046,17,7,65,0,0.02681388012618296,0.838,NA,0.0042,0.957072
5508,Jalen Reagor,jalen reagor,00-0036387,ReagJa00,27,6,LAC,4,0.013852751813828945,301587301.5873016,4177814.0390912695,4.1778140390912695,0.0025221463292837143,xgb_pair,term_xgb_final,aavPerc_xgb_final,3.493866713772699e-5,10537.058343124014,1,1337500,0.0048,12,7,100,0,0.02443991853360488,0.28250000000000003,NA,0.0042,1.3375
5605,Zay Jones,zay jones,00-0033891,JoneZa00,30,9,ARI,4,0.022735053673386574,301587301.5873016,6856603.488799126,6.856603488799126,0.0025043694768100977,xgb_pair,term_xgb_final,aavPerc_xgb_final,5.6936974473268624e-5,17171.468491938158,1,2400000,0.0086,15.666666666666666,10.666666666666666,150,0,0.02645978144210199,0.4459848484848485,NA,0.0042,2.4
5538,Kelvin Harmon,kelvin harmon,00-0035297,HarmKe00,29,7,DAL,4,0.013367414474487305,301587301.5873016,4031442.460559664,4.0314424605596635,0.0024877190589904785,xgb_pair,term_xgb_final,aavPerc_xgb_final,3.325437175760726e-5,10029.096244357746,1,960000,0.0034,NA,NA,NA,NA,NA,NA,NA,0.0042,0.96
5543,Lance McCutcheon,lance mccutcheon,00-0037055,McCuLa01,27,4,PIT,4,0.01349610835313797,301587301.5873016,4070254.9001527214,4.0702549001527215,0.0024369440507143736,xgb_pair,term_xgb_final,aavPerc_xgb_final,3.288926095897614e-5,9918.983463818202,1,960000,0.0034,NA,NA,NA,NA,NA,NA,NA,0.0042,0.96
5542,Kyle Philips,kyle philips,00-0037273,PhilKy01,26,4,LV,4,0.013348347507417202,301587301.5873016,4025692.1054115375,4.0256921054115375,0.002396827330812812,xgb_pair,term_xgb_final,aavPerc_xgb_final,3.199368412696462e-5,9648.888863687744,1,1030000,0.0037,NA,NA,NA,NA,NA,NA,NA,0.0042,1.03
5560,Miles Boykin,miles boykin,00-0035703,BoykMi00,29,7,CHI,4,0.013200731948018074,301587301.5873016,3981173.1271800543,3.981173127180054,0.0023884852416813374,xgb_pair,term_xgb_final,aavPerc_xgb_final,3.15297534372325e-5,9508.973258847898,1,1170000,0.0042,NA,NA,NA,NA,NA,NA,NA,0.0042,1.17
5568,Rakim Jarrett,rakim jarrett,00-0038821,JarrRa00,25,3,TB,5,0.023455223068594933,301587301.5873016,7073797.433385774,7.073797433385773,0.002363162115216255,xgb_pair,term_xgb_final,aavPerc_xgb_final,5.5428494559649905e-5,16716.53010529124,3,906667,0.004,11,9,124,0,0.01953818827708703,0.325,NA,0.0042,0.906667
5537,Keith Kirkwood,keith kirkwood,00-0034317,KirkKe00,31,8,BAL,4,0.013651828281581402,301587301.5873016,4117218.0531753437,4.1172180531753435,0.0023609274066984653,xgb_pair,term_xgb_final,aavPerc_xgb_final,3.2230975541526746e-5,9720.45294109537,1,1170000,0.0042,NA,NA,NA,NA,NA,NA,NA,0.0042,1.17
5533,Kawaan Baker,kawaan baker,00-0036939,BakeKa00,27,5,LV,4,0.012985601089894772,301587301.5873016,3916292.392190487,3.916292392190487,0.002351816976442933,xgb_pair,term_xgb_final,aavPerc_xgb_final,3.053975709253038e-5,9210.402932667894,1,840000,0.003,NA,NA,NA,NA,NA,NA,NA,0.0042,0.84
5499,Grant DuBose,grant dubose,00-0038507,DuboGr00,24,3,BUF,4,0.01852153055369854,301587301.5873016,5585858.420956703,5.585858420956703,0.0023439766373485327,xgb_pair,term_xgb_final,aavPerc_xgb_final,4.341403490580641e-5,13093.121638259077,1,840000,0.003,4,2,11,0,0.00704225352112676,0.22666666666666668,NA,0.0042,0.84
5505,Jaelen Gill,jaelen gill,00-0039659,GillJa01,26,2,CLE,4,0.012850385159254074,301587301.5873016,3875512.9845369435,3.8755129845369436,0.0023325139191001654,xgb_pair,term_xgb_final,aavPerc_xgb_final,2.9973702249758323e-5,9039.687980085844,1,840000,0.003,NA,NA,NA,NA,NA,NA,NA,0.0042,0.84
5464,Chase Cota,chase cota,00-0038651,CotaCh00,26,3,CLE,4,0.012806660495698452,301587301.5873016,3862326.1812423905,3.8623261812423904,0.002322838641703129,xgb_pair,term_xgb_final,aavPerc_xgb_final,2.974780587058131e-5,8971.560500651507,1,840000,0.003,NA,NA,NA,NA,NA,NA,NA,0.0042,0.84
5494,Equanimeous St. Brown,equanimeous st brown,00-0034279,St.BEq00,29,8,SF,4,0.013976601883769035,301587301.5873016,4215165.6474859,4.215165647485899,0.002318575046956539,xgb_pair,term_xgb_final,aavPerc_xgb_final,3.2405800368952645e-5,9773.177889049211,1,1170000,0.0042,NA,NA,NA,NA,NA,0.24,NA,0.0042,1.17
5551,Malik Knowles,malik knowles,00-0038806,KnowMa00,25,3,SF,4,0.013116403482854366,301587301.5873016,3955740.732924333,3.955740732924333,0.00230983505025506,xgb_pair,term_xgb_final,aavPerc_xgb_final,3.0296728497984562e-5,9137.108594630265,1,840000,0.003,NA,NA,NA,NA,NA,NA,NA,0.0042,0.84
5558,Mike Williams,mike williams,00-0033536,WillMi07,31,9,LAC,5,0.027619102969765663,301587301.5873016,8329570.736913455,8.329570736913455,0.002309227827936411,xgb_pair,term_xgb_final,aavPerc_xgb_final,6.377880116042404e-5,19234.876540445348,1,3000000,0.0107,34,21,298,1,0.05772495755517826,0.4066666666666666,NA,0.0042,3
5525,Julian Hicks,julian hicks,00-0039329,HickJu01,26,2,GB,4,0.013160128146409988,301587301.5873016,3968927.536218886,3.9689275362188856,0.002298761857673526,xgb_pair,term_xgb_final,aavPerc_xgb_final,3.025200062506308e-5,9123.619236130136,1,840000,0.003,NA,NA,NA,NA,NA,NA,NA,0.0042,0.84
5514,Jesse Matthews,jesse matthews,00-0038726,MattJe00,26,3,ATL,4,0.013116403482854366,301587301.5873016,3955740.732924333,3.955740732924333,0.0022897992748767138,xgb_pair,term_xgb_final,aavPerc_xgb_final,3.003393118403033e-5,9057.852261850418,1,840000,0.003,NA,NA,NA,NA,NA,NA,NA,0.0042,0.84
5568,Rakim Jarrett,rakim jarrett,00-0038821,JarrRa00,25,3,TB,4,0.01465148851275444,301587301.5873016,4418702.884798959,4.418702884798959,0.002288106130436063,xgb_pair,term_xgb_final,aavPerc_xgb_final,3.352416068604699e-5,10110.461159284014,3,906667,0.004,11,9,124,0,0.01953818827708703,0.325,NA,0.0042,0.906667
5474,David Bell,david bell,00-0037257,BellDa02,25,4,CLE,4,0.01943339966237545,301587301.5873016,5860866.56484339,5.86086656484339,0.002272193320095539,xgb_pair,term_xgb_final,aavPerc_xgb_final,4.41564408995964e-5,13317.02185860844,4,1273726,0.00609999999999999,3,3,27,0,0.00473186119873817,0.13,NA,0.0042,1.273726
5595,Trishton Jackson,trishton jackson,00-0035934,JackTr02,28,6,ARI,4,0.017934050410985947,301587301.5873016,5408681.869979889,5.4086818699798895,0.0022711222991347313,xgb_pair,term_xgb_final,aavPerc_xgb_final,4.0730421802196576e-5,12283.778003837064,1,1100000,0.0039,NA,NA,NA,NA,NA,0.08499999999999999,NA,0.0042,1.1
5577,Scotty Washington,scotty washington,00-0035769,NA,28,6,BAL,4,0.013240809552371502,301587301.5873016,3993260.0237310883,3.9932600237310885,0.0022632922045886517,xgb_pair,term_xgb_final,aavPerc_xgb_final,2.9967821042325374e-5,9037.914282606067,1,840000,0.003,NA,NA,NA,NA,NA,NA,NA,0.0042,0.84
5484,Dez Fitzpatrick,dez fitzpatrick,00-0036627,FitzDe00,28,5,LAC,4,0.020448163151741028,301587301.5873016,6166906.347350469,6.166906347350469,0.002252124948427081,xgb_pair,term_xgb_final,aavPerc_xgb_final,4.60518183835433e-5,13888.643639481314,1,1030000,0.0037,NA,NA,NA,NA,NA,0.13,NA,0.0042,1.03
5476,David Sills,david sills,00-0035359,SillDa01,30,7,ATL,4,0.017109541222453117,301587301.5873016,5160020.368676337,5.160020368676338,0.002250912133604288,xgb_pair,term_xgb_final,aavPerc_xgb_final,3.8512073938022466e-5,11614.75245749884,1,1100000,0.0039,36,18,191,2,0.06936416184971098,0.15333333333333335,NA,0.0042,1.1
5585,T.J. Luther,t j luther,00-0038502,LuthTJ00,25,3,CAR,4,0.013116403482854366,301587301.5873016,3955740.732924333,3.955740732924333,0.002247654367238283,xgb_pair,term_xgb_final,aavPerc_xgb_final,2.9481141570697044e-5,8891.137934019744,1,840000,0.003,NA,NA,NA,NA,NA,NA,NA,0.0042,0.84
5478,Dax Milne,dax milne,00-0036671,MilnDa00,26,5,CAR,4,0.013265781104564667,301587301.5873016,4000791.1267734715,4.000791126773471,0.0022449104581028223,xgb_pair,term_xgb_final,aavPerc_xgb_final,2.978049073654003e-5,8981.41784117874,1,1030000,0.0037,NA,NA,NA,NA,NA,NA,NA,0.0042,1.03
5586,Tarik Black,tarik black,00-0036491,BlacTa00,28,5,MIA,4,0.014018907211720943,301587301.5873016,4227924.397185681,4.2279243971856815,0.0022362717427313328,xgb_pair,term_xgb_final,aavPerc_xgb_final,3.1350086061544043e-5,9454.787859830743,1,840000,0.003,NA,NA,NA,NA,NA,NA,NA,0.0042,0.84
5535,Kearis Jackson,kearis jackson,00-0038969,JackKe02,26,3,HOU,4,0.013057813048362732,301587301.5873016,3938070.6018871735,3.9380706018871736,0.002218915382400155,xgb_pair,term_xgb_final,aavPerc_xgb_final,2.8974182233517526e-5,8738.245435505287,1,840000,0.003,NA,NA,NA,NA,NA,NA,NA,0.0042,0.84
5469,Cornell Powell,cornell powell,00-0036647,PoweCo00,28,5,HOU,4,0.01345342118293047,301587301.5873016,4057380.9916774435,4.0573809916774435,0.0022154126781970263,xgb_pair,term_xgb_final,aavPerc_xgb_final,2.9804879853788597e-5,8988.773289237832,1,960000,0.0034,NA,NA,NA,NA,NA,NA,NA,0.0042,0.96
5458,Braylon Sanders,braylon sanders,00-0037355,SandBr00,27,4,WAS,4,0.013907845132052898,301587301.5873016,4194429.484269922,4.1944294842699215,0.0022087169345468283,xgb_pair,term_xgb_final,aavPerc_xgb_final,3.0718493066219906e-5,9264.307432669495,1,960000,0.0034,NA,NA,NA,NA,NA,NA,NA,0.0042,0.96
5522,Josh Reynolds,josh reynolds,00-0033943,ReynJo00,31,9,NYJ,4,0.03315876051783562,301587301.5873016,10000261.1085536,10.0002611085536,0.002198424655944109,xgb_pair,term_xgb_final,aavPerc_xgb_final,7.289703668295587e-5,21984.8205869232,1,2750000,0.0098,22,11.666666666666666,132,0.3333333333333333,0.04423296594733105,0.7357777777777778,NA,0.0042,2.75
5561,Montrell Washington,montrell washington,00-0037272,WashMo00,27,4,NYG,4,0.012999670580029488,301587301.5873016,3920535.571754925,3.920535571754925,0.002176814479753375,xgb_pair,term_xgb_final,aavPerc_xgb_final,2.8297871150632144e-5,8534.278600984298,1,1030000,0.0037,0,0,0,0,0,0.07,NA,0.0042,1.03
5447,Anthony Miller,anthony miller,00-0034353,MillAn02,31,8,BAL,5,0.023756759241223335,301587301.5873016,7164736.914019736,7.164736914019737,0.002172985579818487,xgb_pair,term_xgb_final,aavPerc_xgb_final,5.162309525439789e-5,15568.869997358095,1,1170000,0.0042,1,1,16,0,0.00218818380743982,0.07500000000000001,NA,0.0042,1.17
5552,Malik Taylor,malik taylor,00-0035480,TaylMa01,30,7,DET,4,0.013651828281581402,301587301.5873016,4117218.0531753437,4.1172180531753435,0.002169122453778982,xgb_pair,term_xgb_final,aavPerc_xgb_final,2.9612487260713156e-5,8930.750126246825,1,1100000,0.0039,NA,NA,NA,NA,NA,NA,NA,0.0042,1.1
5504,Jadon Janke,jadon janke,00-0039604,NA,26,2,GB,4,0.013160128146409988,301587301.5873016,3968927.536218886,3.9689275362188856,0.0021666453685611486,xgb_pair,term_xgb_final,aavPerc_xgb_final,2.8513330698090415e-5,8599.25846450346,1,840000,0.003,NA,NA,NA,NA,NA,NA,NA,0.0042,0.84
5530,K.J. Osborn,k j osborn,00-0036345,OsboKJ00,28,6,WAS,4,0.021899389103055,301587301.5873016,6604577.6660007145,6.604577666000715,0.0021579796448349953,xgb_pair,term_xgb_final,aavPerc_xgb_final,4.7258435918713995e-5,14252.544165961364,1,1195000,0.0043,18,7,57,1,0.036,0.495,NA,0.0042,1.195
5555,Mathew Sexton,mathew sexton,00-0036471,SextMa00,28,3,MIA,4,0.013986729085445404,301587301.5873016,4218219.882912106,4.218219882912106,0.002150320913642645,xgb_pair,term_xgb_final,aavPerc_xgb_final,3.0075956065887116e-5,9070.52643256913,2,877500,0.0034,NA,NA,NA,NA,NA,NA,NA,0.0042,0.8775
5587,Tay Martin,tay martin,00-0037524,MartTa00,28,4,WAS,4,0.015004868619143963,301587301.5873016,4525277.837519608,4.525277837519608,0.002065337263047695,xgb_pair,term_xgb_final,aavPerc_xgb_final,3.099011428625304e-5,9346.22494347314,1,840000,0.003,2,1.6666666666666667,31.666666666666668,0.3333333333333333,0.00440134414493388,0.13333333333333333,NA,0.0042,0.84
5553,Marquez Callaway,marquez callaway,00-0036219,CallMa01,27,6,LV,4,0.021368276327848434,301587301.5873016,6444400.797287623,6.444400797287623,0.0020214621908962727,xgb_pair,term_xgb_final,aavPerc_xgb_final,4.3195162681369456e-5,13027.112554698726,1,1170000,0.0042,NA,NA,NA,NA,NA,0.04,NA,0.0042,1.17
5493,Elijah Moore,elijah moore,00-0036980,MoorEl00,25,5,BUF,5,0.027288932353258133,301587301.5873016,8229995.471617533,8.229995471617533,0.0020066893193870783,xgb_pair,term_xgb_final,aavPerc_xgb_final,5.476040909075958e-5,16515.044011498925,1,2500000,0.009,45.333333333333336,26.333333333333332,254,0.3333333333333333,0.07728816387101589,0.4619825708061002,5.2745098039215685,0.0042,2.5
5474,David Bell,david bell,00-0037257,BellDa02,25,4,CLE,5,0.02528945356607437,301587301.5873016,7626978.059609732,7.626978059609732,0.0019957199692726135,xgb_pair,term_xgb_final,aavPerc_xgb_final,5.047066749380713e-5,15221.312418767231,4,1273726,0.00609999999999999,3,3,27,0,0.00473186119873817,0.13,NA,0.0042,1.273726
5519,Jordan Matthews,jordan matthews,00-0031299,NA,33,12,CAR,4,0.01514102891087532,301587301.5873016,4566342.052486208,4.566342052486208,0.001980672124773264,xgb_pair,term_xgb_final,aavPerc_xgb_final,2.998941390415684e-5,9044.426415539365,1,1255000,0.0045,1,0,0,0,0.00193050193050193,NA,NA,0.0042,1.255
5491,Easop Winston,easop winston,00-0036080,WinsEa00,29,5,NYJ,4,0.013595351949334145,301587301.5873016,4100185.5085293455,4.1001855085293455,0.0019728371407836676,xgb_pair,term_xgb_final,aavPerc_xgb_final,2.6821415267672035e-5,8088.998255329662,1,960000,0.0034,NA,NA,NA,NA,NA,NA,NA,0.0042,0.96
5486,DJ Chark,dj chark,00-0034777,CharDJ00,29,8,ATL,4,0.020343324169516563,301587301.5873016,6135288.241600234,6.135288241600234,0.0019659027457237244,xgb_pair,term_xgb_final,aavPerc_xgb_final,3.999299684200042e-5,12061.379999968382,1,1300000,0.0047,10,4,31,1,0.02036659877800407,0.21714285714285717,NA,0.0042,1.3
5446,Alex Bachman,alex bachman,00-0035602,BachAl00,29,7,LV,4,0.014409378170967102,301587301.5873016,4345685.480132936,4.345685480132936,0.001903587719425559,xgb_pair,term_xgb_final,aavPerc_xgb_final,2.74295153308117e-5,8272.39351246702,1,1030000,0.0037,3,2.3333333333333335,18.333333333333332,0,0.0057377721851406,0.09871794871794871,NA,0.0042,1.03
5481,Deebo Samuel,deebo samuel,NA,NA,30,NA,WAS,5,0.054380595684051514,301587301.5873016,16400497.111063156,16.400497111063157,0.0018544512568041682,xgb_pair,term_xgb_final,aavPerc_xgb_final,1.0084616401204866e-4,30413.9224798242,1,17545529,0.06280000000000001,NA,NA,NA,NA,NA,0.7254444444444444,7.652824541713431,0.0042,17.545529
5496,Gabriel Davis,gabriel davis,NA,NA,27,NA,BUF,5,0.03008054941892624,301587301.5873016,9071911.729517438,9.071911729517437,0.001837809570133686,xgb_pair,term_xgb_final,aavPerc_xgb_final,5.528232159698193e-5,16672.446195915185,1,1170000,0.0042,NA,NA,NA,NA,NA,0.6197777777777778,NA,0.0042,1.17
5591,Tim Patrick,tim patrick,00-0033375,PatrTi00,32,9,DET,5,0.031217096373438835,301587301.5873016,9414679.858656157,9.414679858656157,0.0018192438874393702,xgb_pair,term_xgb_final,aavPerc_xgb_final,5.679151176098433e-5,17127.598785058766,1,2500000,0.009,30.666666666666668,21,256,3,0.05734751961821242,0.40895833333333337,NA,0.0042,2.5
5507,Jalen Moreno-Cropper,jalen moreno cropper,NA,NA,25,NA,DAL,5,0.02871387079358101,301587301.5873016,8659738.810762526,8.659738810762526,0.0018086415948346257,xgb_pair,term_xgb_final,aavPerc_xgb_final,5.1933101065977736e-5,15662.363813548842,3,901667,0.004,NA,NA,NA,NA,NA,0.09555555555555556,NA,0.0042,0.901667
5468,Collin Johnson,collin johnson,00-0036254,JohnCo01,28,6,LV,4,0.013457031920552254,301587301.5873016,4058469.944293537,4.058469944293537,0.0017824871465563774,xgb_pair,term_xgb_final,aavPerc_xgb_final,2.3986986429183274e-5,7234.170510388607,1,1170000,0.0042,2,1,6,0,0.00380228136882129,0.05444444444444445,NA,0.0042,1.17
5447,Anthony Miller,anthony miller,00-0034353,MillAn02,31,8,BAL,4,0.017747515812516212,301587301.5873016,5352425.403774731,5.352425403774731,0.0017790955025702715,xgb_pair,term_xgb_final,aavPerc_xgb_final,3.157452556384237e-5,9522.475963698493,1,1170000,0.0042,1,1,16,0,0.00218818380743982,0.07500000000000001,NA,0.0042,1.17
5587,Tay Martin,tay martin,00-0037524,MartTa00,28,4,WAS,5,0.029059594497084618,301587301.5873016,8764004.68959695,8.764004689596948,0.0017402966041117907,xgb_pair,term_xgb_final,aavPerc_xgb_final,5.057231362014204e-5,15251.967599725378,1,840000,0.003,2,1.6666666666666667,31.666666666666668,0.3333333333333333,0.00440134414493388,0.13333333333333333,NA,0.0042,0.84
5599,Tyler Johnson,tyler johnson,00-0036427,JohnTy00,27,6,NYJ,5,0.02698817290365696,301587301.5873016,8139290.240785433,8.139290240785433,0.0017372688744217157,xgb_pair,term_xgb_final,aavPerc_xgb_final,4.6885712763034774e-5,14140.135595200965,1,1170000,0.0042,25.666666666666668,16.666666666666668,228.33333333333337,1,0.05068558956525371,0.3988888888888889,NA,0.0042,1.17
5444,Adam Thielen,adam thielen,00-0030035,ThieAd00,35,13,CAR,5,0.034671440720558167,301587301.5873016,10456466.249057226,10.456466249057225,0.0017264275811612606,xgb_pair,term_xgb_final,aavPerc_xgb_final,5.985773153856927e-5,18052.331733854226,3,8333333,0.0371,44,28.666666666666668,329,1.6666666666666667,0.08975458975458976,0.4989166666666667,9.919354838709678,0.0042,8.333333
5465,Chris Coleman,chris coleman,00-0019038,ColeCh01,48,26,MIA,5,0.02832368202507496,301587301.5873016,8542062.832959116,8.542062832959116,0.0017081386176869273,xgb_pair,term_xgb_final,aavPerc_xgb_final,4.838077506211561e-5,14591.027399685661,3,900000,0.004,NA,NA,NA,NA,NA,NA,NA,0.0042,0.9
5457,Braydon Johnson,braydon johnson,NA,NA,NA,NA,BUF,5,0.027834445238113403,301587301.5873016,8394515.230542138,8.394515230542138,0.0016982685774564743,xgb_pair,term_xgb_final,aavPerc_xgb_final,4.7270363718820985e-5,14256.141439009505,3,903333,0.004,NA,NA,NA,NA,NA,NA,NA,0.0042,0.903333
5456,Braxton Westfield,braxton westfield,NA,NA,NA,NA,IND,5,0.027778901159763336,301587301.5873016,8377763.8418333875,8.377763841833387,0.0016918331384658813,xgb_pair,term_xgb_final,aavPerc_xgb_final,4.6997265532255916e-5,14173.77849385496,3,901667,0.004,NA,NA,NA,NA,NA,NA,NA,0.0042,0.901667
5462,C.J. Johnson,c j johnson,NA,NA,NA,NA,SEA,5,0.027993015944957733,301587301.5873016,8442338.14213011,8.44233814213011,0.0016918331384658813,xgb_pair,term_xgb_final,aavPerc_xgb_final,4.73595120212833e-5,14283.027434990203,3,898667,0.004,NA,NA,NA,NA,NA,NA,NA,0.0042,0.898667
5471,Dallas Daniels,dallas daniels,NA,NA,NA,NA,DEN,5,0.027778901159763336,301587301.5873016,8377763.8418333875,8.377763841833387,0.0016918331384658813,xgb_pair,term_xgb_final,aavPerc_xgb_final,4.6997265532255916e-5,14173.77849385496,3,898333,0.004,NA,NA,NA,NA,NA,NA,NA,0.0042,0.898333
5518,Jordan Byrd,jordan byrd,NA,NA,26,NA,PIT,5,0.027778901159763336,301587301.5873016,8377763.8418333875,8.377763841833387,0.0016918331384658813,xgb_pair,term_xgb_final,aavPerc_xgb_final,4.6997265532255916e-5,14173.77849385496,3,900833,0.004,NA,NA,NA,NA,NA,NA,NA,0.0042,0.900833
5539,Keytaon Thompson,keytaon thompson,NA,NA,NA,NA,DET,5,0.027778901159763336,301587301.5873016,8377763.8418333875,8.377763841833387,0.0016918331384658813,xgb_pair,term_xgb_final,aavPerc_xgb_final,4.6997265532255916e-5,14173.77849385496,3,900000,0.004,NA,NA,NA,NA,NA,NA,NA,0.0042,0.9
5575,Sam James,sam james,NA,NA,NA,NA,LA,5,0.027778901159763336,301587301.5873016,8377763.8418333875,8.377763841833387,0.0016918331384658813,xgb_pair,term_xgb_final,aavPerc_xgb_final,4.6997265532255916e-5,14173.77849385496,3,898333,0.004,NA,NA,NA,NA,NA,NA,NA,0.0042,0.898333
5580,Shae Wyatt,shae wyatt,NA,NA,NA,NA,SF,5,0.027778901159763336,301587301.5873016,8377763.8418333875,8.377763841833387,0.001688334159553051,xgb_pair,term_xgb_final,aavPerc_xgb_final,4.6900067742876306e-5,14144.464874835712,3,901000,0.004,NA,NA,NA,NA,NA,NA,NA,0.0042,0.901
5527,Justyn Ross,justyn ross,00-0037216,RossJu00,26,4,KC,4,0.018206417560577393,301587301.5873016,5490824.343666199,5.4908243436661985,0.0016872200649231672,xgb_pair,term_xgb_final,aavPerc_xgb_final,3.071823301857568e-5,9264.22900560219,1,960000,0.0034,1,0,0,0,0.00174825174825174,0.09,NA,0.0042,0.96
5602,Winston Wright,winston wright,NA,NA,NA,NA,CLE,5,0.02678520232439041,301587301.5873016,8078076.8914828235,8.078076891482823,0.0016830051317811012,xgb_pair,term_xgb_final,aavPerc_xgb_final,4.507963296774414e-5,13595.444863287918,1,840000,0.003,NA,NA,NA,NA,NA,NA,NA,0.0042,0.84
5466,Chris Moore,chris moore,00-0032398,MoorCh00,32,10,WAS,5,0.02886083722114563,301587301.5873016,8704062.019075667,8.704062019075668,0.0016791720408946276,xgb_pair,term_xgb_final,aavPerc_xgb_final,4.846231093855874e-5,14615.617584644702,1,1255000,0.0045,23,11,207,1,0.05324074074074074,0.3538095238095238,NA,0.0042,1.255
5455,Braxton Burmeister,braxton burmeister,NA,NA,27,NA,LA,5,0.02780405804514885,301587301.5873016,8385350.839013145,8.385350839013146,0.0016730716452002525,xgb_pair,term_xgb_final,aavPerc_xgb_final,4.65181811368405e-5,14029.292723809041,3,898333,0.004,NA,NA,NA,NA,NA,NA,NA,0.0042,0.898333
5492,Ed Lee,ed lee,NA,NA,27,NA,NE,5,0.02780405804514885,301587301.5873016,8385350.839013145,8.385350839013146,0.0016730716452002525,xgb_pair,term_xgb_final,aavPerc_xgb_final,4.65181811368405e-5,14029.292723809041,3,898333,0.004,NA,NA,NA,NA,NA,NA,NA,0.0042,0.898333
5509,Jalen Sample,jalen sample,NA,NA,27,NA,WAS,5,0.02780405804514885,301587301.5873016,8385350.839013145,8.385350839013146,0.0016730716452002525,xgb_pair,term_xgb_final,aavPerc_xgb_final,4.65181811368405e-5,14029.292723809041,3,899167,0.004,NA,NA,NA,NA,NA,NA,NA,0.0042,0.899167
5584,Sy Barnett,sy barnett,NA,NA,NA,NA,NO,5,0.027778901159763336,301587301.5873016,8377763.8418333875,8.377763841833387,0.00165305205155164,xgb_pair,term_xgb_final,aavPerc_xgb_final,4.5919969551997016e-5,13848.879706157832,3,898333,0.004,NA,NA,NA,NA,NA,NA,NA,0.0042,0.898333
5506,Jalen Cropper,jalen cropper,00-0038740,MoreJa01,24,3,DAL,5,0.02737487480044365,301587301.5873016,8255914.622356022,8.255914622356022,0.0016368184005841613,xgb_pair,term_xgb_final,aavPerc_xgb_final,4.4807698787053835e-5,13513.432967524173,2,877500,0.0034,0,0,0,0,0,0.09555555555555556,NA,0.0042,0.8775
5511,James Proche,james proche,00-0036133,ProcJa00,29,6,TEN,4,0.01141869556158781,301587301.5873016,3443733.5820661653,3.4437335820661654,0.0016209213063120842,xgb_pair,term_xgb_final,aavPerc_xgb_final,1.8508806926068912e-5,5582.021136433482,1,1170000,0.0042,9,5,50.333333333333336,0,0.01667162668888756,0.2081481481481481,NA,0.0042,1.17
5470,D'Wayne Eskridge,d wayne eskridge,NA,NA,28,NA,MIA,5,0.03070773184299469,301587301.5873016,9261061.984395225,9.261061984395225,0.0016191235044971108,xgb_pair,term_xgb_final,aavPerc_xgb_final,4.971961039678709e-5,14994.803135538963,1,1270000,0.0045,NA,NA,NA,NA,NA,0.11175213675213676,NA,0.0042,1.27
5574,Russell Gage,russell gage,00-0034411,GageRu00,30,8,SF,5,0.027085650712251663,301587301.5873016,8168688.310044153,8.168688310044153,0.0015984425554051995,xgb_pair,term_xgb_final,aavPerc_xgb_final,4.329485673930421e-5,13057.179016615557,1,1170000,0.0042,NA,NA,NA,NA,NA,0.37,NA,0.0042,1.17
5445,Ajou Ajou,ajou ajou,00-0039957,NA,24,1,IND,5,0.026987256482243538,301587301.5873016,8139013.859724242,8.139013859724242,0.001589019550010562,xgb_pair,term_xgb_final,aavPerc_xgb_final,4.288327815143425e-5,12933.052140908741,1,840000,0.003,NA,NA,NA,NA,NA,NA,NA,0.0042,0.84
5546,Louis Rees-Zammit,louis rees zammit,NA,NA,25,NA,JAX,5,0.02699429541826248,301587301.5873016,8141136.713444241,8.141136713444242,0.0015640959609299898,xgb_pair,term_xgb_final,aavPerc_xgb_final,4.222166843185528e-5,12733.51905087699,1,840000,0.003,NA,NA,NA,NA,NA,NA,NA,0.0042,0.84
5520,Jose Barbon,jose barbon,00-0038730,NA,26,3,DAL,5,0.027213379740715027,301587301.5873016,8207209.763072787,8.207209763072786,0.0015624822117388248,xgb_pair,term_xgb_final,aavPerc_xgb_final,4.252042176616094e-5,12823.619262810445,3,899333,0.004,NA,NA,NA,NA,NA,NA,NA,0.0042,0.899333
5495,Erik Ezukanma,erik ezukanma,00-0038092,EzukEr00,26,4,MIA,5,0.03036290965974331,301587301.5873016,9157067.992620999,9.157067992620998,0.001558151445351541,xgb_pair,term_xgb_final,aavPerc_xgb_final,4.7310011571407304e-5,14268.098727884744,4,1096248,0.0053,2,0,0,0,0.00352112676056338,0.14,NA,0.0042,1.096248
5516,Johnny Johnson,johnny johnson,NA,NA,26,NA,HOU,5,0.026860343292355537,301587301.5873016,8100738.453250083,8.100738453250083,0.0015577113954350352,xgb_pair,term_xgb_final,aavPerc_xgb_final,4.184066283179923e-5,12618.612600066435,1,840000,0.003,NA,NA,NA,NA,NA,NA,NA,0.0042,0.84
5573,Rondale Moore,rondale moore,00-0036936,MoorRo02,25,5,MIN,5,0.026406118646264076,301587301.5873016,7963750.067920913,7.9637500679209126,0.0015521415043622255,xgb_pair,term_xgb_final,aavPerc_xgb_final,4.098603271997974e-5,12360.867010787542,1,2000000,0.0072,NA,NA,NA,NA,NA,NA,NA,0.0042,2
5603,Xavier Malone,xavier malone,00-0038928,NA,26,3,ATL,5,0.026887081563472748,301587301.5873016,8108802.376285433,8.108802376285432,0.0015418588882312179,xgb_pair,term_xgb_final,aavPerc_xgb_final,4.1456085687238166e-5,12502.629016786115,3,901667,0.004,NA,NA,NA,NA,NA,NA,NA,0.0042,0.901667
5523,Josh Vann,josh vann,00-0038780,NA,26,3,CAR,5,0.027213379740715027,301587301.5873016,8207209.763072787,8.207209763072786,0.0015290960436686873,xgb_pair,term_xgb_final,aavPerc_xgb_final,4.1611871296380956e-5,12549.611978273622,3,901667,0.004,NA,NA,NA,NA,NA,NA,NA,0.0042,0.901667
5589,Taylor Grimes,taylor grimes,00-0038789,NA,26,3,DEN,5,0.027213379740715027,301587301.5873016,8207209.763072787,8.207209763072786,0.0015285150147974491,xgb_pair,term_xgb_final,aavPerc_xgb_final,4.159605953706763e-5,12544.84335244897,3,899000,0.004,NA,NA,NA,NA,NA,NA,NA,0.0042,0.899
5588,Taye Barber,taye barber,00-0038814,NA,26,3,TB,5,0.027213379740715027,301587301.5873016,8207209.763072787,8.207209763072786,0.0015284959226846695,xgb_pair,term_xgb_final,aavPerc_xgb_final,4.159553997615251e-5,12544.686659474568,3,899000,0.004,NA,NA,NA,NA,NA,NA,NA,0.0042,0.899
5606,Zion Bowens,zion bowens,00-0038831,NA,26,3,WAS,5,0.027213379740715027,301587301.5873016,8207209.763072787,8.207209763072786,0.0015281103551387787,xgb_pair,term_xgb_final,aavPerc_xgb_final,4.1585047380110485e-5,12541.522225747609,3,899167,0.004,NA,NA,NA,NA,NA,NA,NA,0.0042,0.899167
5601,Tyrone Scott,tyrone scott,NA,NA,NA,NA,KC,5,0.027678251266479492,301587301.5873016,8347409.112112863,8.347409112112864,0.0015268879942595959,xgb_pair,term_xgb_final,aavPerc_xgb_final,4.226158956088799e-5,12745.558756458284,3,898333,0.004,NA,NA,NA,NA,NA,NA,NA,0.0042,0.898333
5460,Bryan Thompson,bryan thompson,00-0038680,ThomBr05,26,3,BUF,5,0.026927463710308075,301587301.5873016,8120981.118981801,8.1209811189818,0.001523064449429512,xgb_pair,term_xgb_final,aavPerc_xgb_final,4.101226269047353e-5,12368.777636809478,3,900500,0.004,NA,NA,NA,NA,NA,NA,NA,0.0042,0.9005
5565,Pokey Wilson,pokey wilson,NA,NA,24,NA,NYJ,5,0.02699429541826248,301587301.5873016,8141136.713444241,8.141136713444242,0.0015224330127239227,xgb_pair,term_xgb_final,aavPerc_xgb_final,4.1097006499984934e-5,12394.33529364625,1,840000,0.003,NA,NA,NA,NA,NA,NA,NA,0.0042,0.84
5598,Tyler Hudson,tyler hudson,00-0038356,NA,25,3,LA,5,0.027213379740715027,301587301.5873016,8207209.763072787,8.207209763072786,0.0015210441779345274,xgb_pair,term_xgb_final,aavPerc_xgb_final,4.139275281653601e-5,12483.528627209274,3,898333,0.004,NA,NA,NA,NA,NA,NA,NA,0.0042,0.898333
5534,Kazmeir Allen,kazmeir allen,00-0038830,AlleKa00,26,3,WAS,5,0.026887081563472748,301587301.5873016,8108802.376285433,8.108802376285432,0.001517950790002942,xgb_pair,term_xgb_final,aavPerc_xgb_final,4.0813266700147e-5,12308.762973060208,3,903333,0.004,NA,NA,NA,NA,NA,NA,NA,0.0042,0.903333
5581,Shaq Davis,shaq davis,NA,NA,25,NA,PHI,5,0.027570141479372978,301587301.5873016,8314804.573144232,8.314804573144231,0.0015174635918810964,xgb_pair,term_xgb_final,aavPerc_xgb_final,4.183668591795932e-5,12617.413213352813,2,927500,0.0036,NA,NA,NA,NA,NA,NA,NA,0.0042,0.9275
5540,Kody Case,kody case,00-0038532,NA,27,3,IND,5,0.02723853662610054,301587301.5873016,8214796.760252545,8.214796760252545,0.0015132473781704903,xgb_pair,term_xgb_final,aavPerc_xgb_final,4.1218644134647514e-5,12431.019659655602,3,898333,0.004,NA,NA,NA,NA,NA,NA,NA,0.0042,0.898333
5547,Mac Hippenhammer,mac hippenhammer,00-0038887,NA,27,3,CIN,5,0.02723853662610054,301587301.5873016,8214796.760252545,8.214796760252545,0.001511803362518549,xgb_pair,term_xgb_final,aavPerc_xgb_final,4.117931126142345e-5,12419.157364556278,3,898333,0.004,NA,NA,NA,NA,NA,NA,NA,0.0042,0.898333
5564,Oliver Martin,oliver martin,00-0038672,NA,27,3,JAX,5,0.02723853662610054,301587301.5873016,8214796.760252545,8.214796760252545,0.0015111865941435099,xgb_pair,term_xgb_final,aavPerc_xgb_final,4.1162511393450125e-5,12414.090737707182,3,898667,0.004,NA,NA,NA,NA,NA,NA,NA,0.0042,0.898667
5485,Diontae Johnson,diontae johnson,00-0035216,JohnDi01,29,7,CLE,5,0.022919664159417152,301587301.5873016,6912279.667125808,6.912279667125808,0.0015101192984730005,xgb_pair,term_xgb_final,aavPerc_xgb_final,3.4611427161655803e-5,10438.366921769211,1,1170000,0.0042,67,33,375,3,0.1293436293436293,0.5516666666666666,5.597014925373134,0.0042,1.17
5459,Brian Cobbs,brian cobbs,00-0039011,NA,26,3,ARI,5,0.027213379740715027,301587301.5873016,8207209.763072787,8.207209763072786,0.0015079632867127657,xgb_pair,term_xgb_final,aavPerc_xgb_final,4.103677755637122e-5,12376.17100906434,3,898333,0.004,NA,NA,NA,NA,NA,NA,NA,0.0042,0.898333
5475,David Durden,david durden,00-0038734,DurdDa00,27,3,DAL,5,0.02691223844885826,301587301.5873016,8116389.373465191,8.116389373465191,0.0015075512928888202,xgb_pair,term_xgb_final,aavPerc_xgb_final,4.057157986810849e-5,12235.87329355653,3,901667,0.004,NA,NA,NA,NA,NA,NA,NA,0.0042,0.901667
5453,Brandon Johnson,brandon johnson,00-0037382,JohnBr23,27,4,PIT,5,0.028462443500757217,301587301.5873016,8583911.5319744,8.5839115319744,0.0015071682864800096,xgb_pair,term_xgb_final,aavPerc_xgb_final,4.289769220007034e-5,12937.39923494185,1,1100000,0.0039,0.3333333333333333,0.3333333333333333,3,0,7.246376811594203e-4,0.1,NA,0.0042,1.1
5544,Laviska Shenault,laviska shenault,NA,NA,27,NA,BUF,5,0.02828068844974041,301587301.5873016,8529096.516588379,8.529096516588378,0.0015065674670040607,xgb_pair,term_xgb_final,aavPerc_xgb_final,4.260676516285641e-5,12849.659334829712,1,1210000,0.0043,NA,NA,NA,NA,NA,NA,NA,0.0042,1.21
5489,Dontavian Jackson,dontavian jackson,NA,NA,28,NA,MIN,5,0.027254831045866013,301587301.5873016,8219710.950340544,8.219710950340543,0.0015046321786940098,xgb_pair,term_xgb_final,aavPerc_xgb_final,4.1008495816478516e-5,12367.641595445903,3,898333,0.004,NA,NA,NA,NA,NA,NA,NA,0.0042,0.898333
5531,Kade Warner,kade warner,00-0038829,NA,27,3,TB,5,0.02723853662610054,301587301.5873016,8214796.760252545,8.214796760252545,0.0015041158767417073,xgb_pair,term_xgb_final,aavPerc_xgb_final,4.096991539852832e-5,12356.006231302194,3,900000,0.004,NA,NA,NA,NA,NA,NA,NA,0.0042,0.9
5545,Lideatrick Griffin,lideatrick griffin,00-0039541,GrifLi00,25,2,GB,5,0.027042368426918983,301587301.5873016,8155634.922404138,8.155634922404138,0.001499942154623568,xgb_pair,term_xgb_final,aavPerc_xgb_final,4.056198836439721e-5,12232.98061783408,1,840000,0.003,NA,NA,NA,NA,NA,NA,NA,0.0042,0.84
5529,K.J. Hamler,k j hamler,NA,NA,26,NA,BUF,5,0.028255531564354897,301587301.5873016,8521509.51940862,8.521509519408621,0.0014954792568460107,xgb_pair,term_xgb_final,aavPerc_xgb_final,4.225556134565046e-5,12743.74072329141,1,1108000,0.004,NA,NA,NA,NA,NA,NA,NA,0.0042,1.108
5548,Malachi Carter,malachi carter,00-0038886,NA,26,3,CIN,5,0.027213379740715027,301587301.5873016,8207209.763072787,8.207209763072786,0.0014938056701794267,xgb_pair,term_xgb_final,aavPerc_xgb_final,4.065150096142604e-5,12259.976480430078,3,898333,0.004,NA,NA,NA,NA,NA,NA,NA,0.0042,0.898333
5592,Tre’Shaun Harrison,tre shaun harrison,00-0038844,HarrTr02,25,3,TEN,5,0.02682359144091606,301587301.5873016,8089654.561546114,8.089654561546114,0.0014935688814148307,xgb_pair,term_xgb_final,aavPerc_xgb_final,4.006288146393743e-5,12082.456314520812,3,901667,0.004,NA,NA,NA,NA,NA,NA,NA,0.0042,0.901667
5502,Jadakis Bonds,jadakis bonds,00-0039022,NA,26,3,GB,5,0.027213379740715027,301587301.5873016,8207209.763072787,8.207209763072786,0.0014933109050616622,xgb_pair,term_xgb_final,aavPerc_xgb_final,4.063803673039386e-5,12255.915839325133,3,898333,0.004,NA,NA,NA,NA,NA,NA,NA,0.0042,0.898333
5596,Tyjon Lindsey,tyjon lindsey,00-0038763,LindTy01,27,3,SEA,5,0.027126353234052658,301587301.5873016,8180963.673761914,8.180963673761914,0.0014930539764463902,xgb_pair,term_xgb_final,aavPerc_xgb_final,4.050110956259172e-5,12214.620344273693,3,898667,0.004,NA,NA,NA,NA,NA,NA,NA,0.0042,0.898667
5514,Jesse Matthews,jesse matthews,00-0038726,MattJe00,26,3,ATL,5,0.02661723457276821,301587301.5873016,8027419.950517397,8.027419950517398,0.0014919658424332738,xgb_pair,term_xgb_final,aavPerc_xgb_final,3.9712004802604185e-5,11976.636369039357,1,840000,0.003,NA,NA,NA,NA,NA,NA,NA,0.0042,0.84
5570,River Cracraft,river cracraft,00-0034054,CracRi00,31,9,WAS,5,0.02313510701060295,301587301.5873016,6977254.495261208,6.977254495261208,0.0014914799248799682,xgb_pair,term_xgb_final,aavPerc_xgb_final,3.4505547666264114e-5,10406.435010460607,1,1170000,0.0042,3,2.3333333333333335,22,0,0.00528169014084507,0.10916666666666668,NA,0.0042,1.17
5593,Trent Taylor,trent taylor,00-0033292,TaylTr02,31,9,SF,4,0.014355289749801159,301587301.5873016,4329373.099146382,4.329373099146382,0.0014912544284015894,xgb_pair,term_xgb_final,aavPerc_xgb_final,2.1407389410378922e-5,6456.196806304755,1,1170000,0.0042,1,1,11,0,0.00194931773879142,0.095,NA,0.0042,1.17
5590,Thayer Thomas,thayer thomas,00-0038810,ThomTh01,27,3,MIN,5,0.026463665068149567,301587301.5873016,7981105.338013362,7.9811053380133625,0.0014910621102899313,xgb_pair,term_xgb_final,aavPerc_xgb_final,3.945896828252103e-5,11900.32376774444,3,901667,0.004,NA,NA,NA,NA,NA,NA,NA,0.0042,0.901667
5498,Gavin Holmes,gavin holmes,00-0038962,NA,27,3,TEN,5,0.027175042778253555,301587301.5873016,8195647.822012978,8.195647822012978,0.0014875689521431923,xgb_pair,term_xgb_final,aavPerc_xgb_final,4.0424749910093066e-5,12191.591242726481,3,898333,0.004,NA,NA,NA,NA,NA,NA,NA,0.0042,0.898333
5576,Scotty Miller,scotty miller,NA,NA,28,NA,PIT,5,0.029771653935313225,301587301.5873016,8978752.774142085,8.978752774142084,0.0014866292476654053,xgb_pair,term_xgb_final,aavPerc_xgb_final,4.42594114916095e-5,13348.076481596518,1,1337500,0.0048,NA,NA,NA,NA,NA,NA,NA,0.0042,1.3375
5503,Jadon Haselwood,jadon haselwood,00-0038483,NA,25,3,PHI,5,0.027213379740715027,301587301.5873016,8207209.763072787,8.207209763072786,0.001485641929320991,xgb_pair,term_xgb_final,aavPerc_xgb_final,4.0429337981340643e-05,12192.97494675353,3,902500,0.004,NA,NA,NA,NA,NA,NA,NA,0.0042,0.9025
5535,Kearis Jackson,kearis jackson,00-0038969,JackKe02,26,3,HOU,5,0.026558643206954002,301587301.5873016,8009749.538605176,8.009749538605176,0.001484440639615059,xgb_pair,term_xgb_final,aavPerc_xgb_final,3.942472930943894e-5,11889.99772824349,1,840000,0.003,NA,NA,NA,NA,NA,NA,NA,0.0042,0.84
5499,Grant DuBose,grant dubose,00-0038507,DuboGr00,24,3,BUF,5,0.02381279692053795,301587301.5873016,7181637.166511445,7.181637166511445,0.001483652857132256,xgb_pair,term_xgb_final,aavPerc_xgb_final,3.5329924187466315e-5,10655.056500981906,1,840000,0.003,4,2,11,0,0.00704225352112676,0.22666666666666668,NA,0.0042,0.84
5448,Aron Cruickshank,aron cruickshank,00-0038422,NA,25,3,CHI,5,0.027213379740715027,301587301.5873016,8207209.763072787,8.207209763072786,0.0014815768226981163,xgb_pair,term_xgb_final,aavPerc_xgb_final,4.031871269112586e-5,12159.611763990339,3,901000,0.004,NA,NA,NA,NA,NA,NA,NA,0.0042,0.901
5505,Jaelen Gill,jaelen gill,00-0039659,GillJa01,26,2,CLE,5,0.026351215317845345,301587301.5873016,7947191.921254946,7.947191921254946,0.0014812141889706254,xgb_pair,term_xgb_final,aavPerc_xgb_final,3.903179402541261e-5,11771.49343623555,1,840000,0.003,NA,NA,NA,NA,NA,NA,NA,0.0042,0.84
5487,DJ Montgomery,dj montgomery,NA,NA,29,NA,IND,5,0.027654683217406273,301587301.5873016,8340301.287789194,8.340301287789194,0.0014795210445299745,xgb_pair,term_xgb_final,aavPerc_xgb_final,4.0915685799962484e-5,12339.65127300456,1,1030000,0.0037,NA,NA,NA,NA,NA,NA,NA,0.0042,1.03
5482,Demetric Felton,demetric felton,NA,NA,27,NA,WAS,5,0.027654683217406273,301587301.5873016,8340301.287789194,8.340301287789194,0.0014794532908126712,xgb_pair,term_xgb_final,aavPerc_xgb_final,4.091381209237366e-5,12339.086186588882,1,1030000,0.0037,NA,NA,NA,NA,NA,NA,NA,0.0042,1.03
5497,Garett Maag,garett maag,00-0039043,NA,26,3,MIN,5,0.02678937464952469,301587301.5873016,8079335.211761415,8.079335211761416,0.0014773474540561438,xgb_pair,term_xgb_final,aavPerc_xgb_final,3.95772144342315e-5,11935.985305561882,3,898333,0.004,NA,NA,NA,NA,NA,NA,NA,0.0042,0.898333
5583,Steven Sims Jr.,steven sims jr,NA,NA,28,NA,SEA,5,0.027992235496640205,301587301.5873016,8442102.768827999,8.442102768827999,0.0014769462868571281,xgb_pair,term_xgb_final,aavPerc_xgb_final,4.134302827759305e-5,12468.532337686793,1,1170000,0.0042,NA,NA,NA,NA,NA,NA,NA,0.0042,1.17
5551,Malik Knowles,malik knowles,00-0038806,KnowMa00,25,3,SF,5,0.02661723457276821,301587301.5873016,8027419.950517397,8.027419950517398,0.0014767387183383107,xgb_pair,term_xgb_final,aavPerc_xgb_final,3.93067008686999e-5,11854.401849290447,1,840000,0.003,NA,NA,NA,NA,NA,NA,NA,0.0042,0.84
5515,John Hall,john hall,00-0038759,NA,28,3,SEA,5,0.027452651411294937,301587301.5873016,8279371.060549268,8.279371060549268,0.0014762917999178171,xgb_pair,term_xgb_final,aavPerc_xgb_final,4.0528124164497005e-5,12222.767605165765,3,901667,0.004,NA,NA,NA,NA,NA,NA,NA,0.0042,0.901667
5450,Austin Watkins,austin watkins,NA,NA,27,NA,PHI,5,0.02759529836475849,301587301.5873016,8322391.57032399,8.32239157032399,0.0014732717536389828,xgb_pair,term_xgb_final,aavPerc_xgb_final,4.0655373614038696e-5,12261.144423281512,2,902500,0.00349999999999999,NA,NA,NA,NA,NA,NA,NA,0.0042,0.9025
5478,Dax Milne,dax milne,00-0036671,MilnDa00,26,5,CAR,5,0.02676660753786564,301587301.5873016,8072468.9399912255,8.072468939991225,0.0014712095726281404,xgb_pair,term_xgb_final,aavPerc_xgb_final,3.937928923648847e-5,11876.293579258429,1,1030000,0.0037,NA,NA,NA,NA,NA,NA,NA,0.0042,1.03
5585,T.J. Luther,t j luther,00-0038502,LuthTJ00,25,3,CAR,5,0.02661723457276821,301587301.5873016,8027419.950517397,8.027419950517398,0.0014707535738125443,xgb_pair,term_xgb_final,aavPerc_xgb_final,3.914739287290566e-5,11806.35658071758,1,840000,0.003,NA,NA,NA,NA,NA,NA,NA,0.0042,0.84
5521,Joseph Ngata,joseph ngata,00-0038484,NgatJo01,25,3,PHI,5,0.026832658797502518,301587301.5873016,8092389.1611515535,8.092389161151553,0.001469818060286343,xgb_pair,term_xgb_final,aavPerc_xgb_final,3.943912650607043e-5,11894.339739926003,3,908333,0.004,NA,NA,NA,NA,NA,NA,NA,0.0042,0.908333
5542,Kyle Philips,kyle philips,00-0037273,PhilKy01,26,4,LV,5,0.02684917487204075,301587301.5873016,8097370.199504353,8.097370199504352,0.0014685646165162325,xgb_pair,term_xgb_final,aavPerc_xgb_final,3.942974819973579e-5,11891.51136182508,1,1030000,0.0037,NA,NA,NA,NA,NA,NA,NA,0.0042,1.03
5525,Julian Hicks,julian hicks,00-0039329,HickJu01,26,2,GB,5,0.02666095830500126,301587301.5873016,8040606.472936888,8.040606472936888,0.001468524569645524,xgb_pair,term_xgb_final,aavPerc_xgb_final,3.915227232118923e-5,11807.828160358658,1,840000,0.003,NA,NA,NA,NA,NA,NA,NA,0.0042,0.84
5477,David White Jr,david white jr,00-0039562,WhitDa06,25,2,BUF,5,0.026701340451836586,301587301.5873016,8052785.215633256,8.052785215633257,0.0014656734419986606,xgb_pair,term_xgb_final,aavPerc_xgb_final,3.91354455660214e-5,11802.753424673121,1,840000,0.003,NA,NA,NA,NA,NA,NA,NA,0.0042,0.84
5490,Dontay Demus Jr.,dontay demus jr,00-0038447,DemuDo00,25,3,BAL,5,0.026832658797502518,301587301.5873016,8092389.1611515535,8.092389161151553,0.0014629068318754435,xgb_pair,term_xgb_final,aavPerc_xgb_final,3.9253679872249155e-5,11838.411390043397,3,899167,0.004,NA,NA,NA,NA,NA,NA,NA,0.0042,0.899167
5524,JuJu Smith-Schuster,juju smith schuster,00-0033857,SmitJu00,29,9,KC,5,0.027638712897896767,301587301.5873016,8335484.842222835,8.335484842222835,0.001461054547689855,xgb_pair,term_xgb_final,aavPerc_xgb_final,4.0381667171766325e-5,12178.598035929528,1,1422500,0.0051,38.666666666666664,28,307,1.3333333333333333,0.06979632389468454,0.5370448179271708,7.666666666666667,0.0042,1.4225
5541,Kristian Wilkerson,kristian wilkerson,00-0036183,WilkKr00,29,6,BUF,5,0.031051523983478546,301587301.5873016,9364745.328350672,9.364745328350672,0.0014607618795707822,xgb_pair,term_xgb_final,aavPerc_xgb_final,4.535888253764334e-5,13679.66298754323,1,1100000,0.0039,3,2,18,1,0.00506756756756756,0.22,NA,0.0042,1.1
5464,Chase Cota,chase cota,00-0038651,CotaCh00,26,3,CLE,5,0.026307491585612297,301587301.5873016,7934005.398835455,7.934005398835455,0.0014472799375653267,xgb_pair,term_xgb_final,aavPerc_xgb_final,3.807430477952532e-5,11482.726838269542,1,840000,0.003,NA,NA,NA,NA,NA,NA,NA,0.0042,0.84
5578,Sean Ryan,sean ryan,00-0038455,RyanSe01,27,3,BAL,5,0.02691223844885826,301587301.5873016,8116389.373465191,8.116389373465191,0.001445644535124302,xgb_pair,term_xgb_final,aavPerc_xgb_final,3.8905530441554065e-5,11733.41394269091,3,900000,0.004,NA,NA,NA,NA,NA,NA,NA,0.0042,0.9
5472,Daniel Arias,daniel arias,00-0038702,AriaDa00,27,3,ARI,5,0.02691223844885826,301587301.5873016,8116389.373465191,8.116389373465191,0.001433562021702528,xgb_pair,term_xgb_final,aavPerc_xgb_final,3.8580362959285755e-5,11635.347559149674,3,902333,0.004,NA,NA,NA,NA,NA,NA,NA,0.0042,0.902333
5449,Austin Mack,austin mack,00-0035869,MackAu01,28,6,ATL,5,0.027002746239304543,301587301.5873016,8143685.3737585135,8.143685373758514,0.0014299165923148394,xgb_pair,term_xgb_final,aavPerc_xgb_final,3.8611674885648695e-5,11644.790838528972,2,984500,0.0039,NA,NA,NA,NA,NA,NA,NA,0.0042,0.9845
5513,Jerome Kapp,jerome kapp,00-0039033,NA,NA,3,NYJ,5,0.027213379740715027,301587301.5873016,8207209.763072787,8.207209763072786,0.0014267928199842572,xgb_pair,term_xgb_final,aavPerc_xgb_final,3.882785482155725e-5,11709.98796205695,3,898333,0.004,NA,NA,NA,NA,NA,NA,NA,0.0042,0.898333
5504,Jadon Janke,jadon janke,00-0039604,NA,26,2,GB,5,0.02666095830500126,301587301.5873016,8040606.472936888,8.040606472936888,0.0014236376155167818,xgb_pair,term_xgb_final,aavPerc_xgb_final,3.795554310872433e-5,11446.909826440673,1,840000,0.003,NA,NA,NA,NA,NA,NA,NA,0.0042,0.84
5467,Cody Chrest,cody chrest,00-0038430,NA,NA,3,IND,5,0.027213379740715027,301587301.5873016,8207209.763072787,8.207209763072786,0.0014188333880156279,xgb_pair,term_xgb_final,aavPerc_xgb_final,3.861125177687455e-5,11644.6632342955,3,898333,0.004,NA,NA,NA,NA,NA,NA,NA,0.0042,0.898333
5597,Tyler Adams,tyler adams,00-0038531,NA,NA,3,IND,5,0.027213379740715027,301587301.5873016,8207209.763072787,8.207209763072786,0.0014181097503751516,xgb_pair,term_xgb_final,aavPerc_xgb_final,3.8591559150969595e-5,11638.724188387658,3,898333,0.004,NA,NA,NA,NA,NA,NA,NA,0.0042,0.898333
5483,Deon Cain,deon cain,00-0034406,CainDe00,29,8,BUF,5,0.027388738468289375,301587301.5873016,8260095.728531717,8.260095728531716,0.0014179692370817065,xgb_pair,term_xgb_final,aavPerc_xgb_final,3.883638859051067e-5,11712.561638407982,1,960000,0.0034,NA,NA,NA,NA,NA,NA,NA,0.0042,0.96
5458,Braylon Sanders,braylon sanders,00-0037355,SandBr00,27,4,WAS,5,0.027408668771386147,301587301.5873016,8266106.454862489,8.26610645486249,0.0014162147417664528,xgb_pair,term_xgb_final,aavPerc_xgb_final,3.881656076623087e-5,11706.581818387089,1,960000,0.0034,NA,NA,NA,NA,NA,NA,NA,0.0042,0.96
5463,Cedrick Wilson,cedrick wilson,00-0020452,WilsCe00,47,25,MIA,5,0.02807466872036457,301587301.5873016,8466963.582332173,8.466963582332173,0.0014146592002362013,xgb_pair,term_xgb_final,aavPerc_xgb_final,3.971608839884724e-5,11977.867929811075,1,1170000,0.0042,NA,NA,NA,NA,NA,NA,NA,0.0042,1.17
5451,Avery Davis,avery davis,00-0039186,NA,NA,3,DET,5,0.027213379740715027,301587301.5873016,8207209.763072787,8.207209763072786,0.001414148835465312,xgb_pair,term_xgb_final,aavPerc_xgb_final,3.848376926940747e-5,11606.21612886892,3,898333,0.004,NA,NA,NA,NA,NA,NA,NA,0.0042,0.898333
5526,Justin Marshall,justin marshall,00-0038929,NA,NA,3,ATL,5,0.027213379740715027,301587301.5873016,8207209.763072787,8.207209763072786,0.001405926188454032,xgb_pair,term_xgb_final,aavPerc_xgb_final,3.826000325381565e-5,11538.731140039641,3,904167,0.004,NA,NA,NA,NA,NA,NA,NA,0.0042,0.904167
5567,Racey McMath,racey mcmath,00-0036652,McMaRa00,26,5,DAL,5,0.02722831815481186,301587301.5873016,8211714.999070244,8.211714999070244,0.0013996562920510769,xgb_pair,term_xgb_final,aavPerc_xgb_final,3.8110286827350986e-5,11493.57856697887,2,1042500,0.0041,NA,NA,NA,NA,NA,NA,NA,0.0042,1.0425
5555,Mathew Sexton,mathew sexton,00-0036471,SextMa00,28,3,MIA,5,0.027487555518746376,301587301.5873016,8289897.69612986,8.289897696129861,0.0013988609425723553,xgb_pair,term_xgb_final,aavPerc_xgb_final,3.84512678219635e-5,11596.414105036612,2,877500,0.0034,NA,NA,NA,NA,NA,NA,NA,0.0042,0.8775
5579,Seth Williams,seth williams,00-0036657,WillSe00,25,5,LV,5,0.02647230215370655,301587301.5873016,7983710.173340072,7.9837101733400715,0.0013959953794255853,xgb_pair,term_xgb_final,aavPerc_xgb_final,3.6955211489332314e-5,11145.222512655779,1,840000,0.003,NA,NA,NA,NA,NA,NA,NA,0.0042,0.84
5533,Kawaan Baker,kawaan baker,00-0036939,BakeKa00,27,5,LV,5,0.026486432179808617,301587301.5873016,7987971.609783552,7.987971609783552,0.00139071443118155,xgb_pair,term_xgb_final,aavPerc_xgb_final,3.683506346297124e-5,11108.987393594503,1,840000,0.003,NA,NA,NA,NA,NA,NA,NA,0.0042,0.84
5517,Johnny King,johnny king,00-0038434,NA,26,3,IND,5,0.027213379740715027,301587301.5873016,8207209.763072787,8.207209763072786,0.0013858570018783212,xgb_pair,term_xgb_final,aavPerc_xgb_final,3.771385285844357e-5,11374.019116038538,3,900000,0.004,NA,NA,NA,NA,NA,NA,NA,0.0042,0.9
5549,Malik Flowers,malik flowers,00-0038904,FlowMa01,26,3,NO,5,0.027213379740715027,301587301.5873016,8207209.763072787,8.207209763072786,0.0013837591977789998,xgb_pair,term_xgb_final,aavPerc_xgb_final,3.765676451886711e-5,11356.801997753575,3,898667,0.004,NA,NA,NA,NA,NA,NA,NA,0.0042,0.898667
5543,Lance McCutcheon,lance mccutcheon,00-0037055,McCuLa01,27,4,PIT,5,0.026996934786438942,301587301.5873016,8141932.713370475,8.141932713370474,0.0013812155229970813,xgb_pair,term_xgb_final,aavPerc_xgb_final,3.728858540036936e-5,11245.763850905045,1,960000,0.0034,NA,NA,NA,NA,NA,NA,NA,0.0042,0.96
5586,Tarik Black,tarik black,00-0036491,BlacTa00,28,5,MIA,5,0.02751973271369934,301587301.5873016,8299601.929528373,8.299601929528373,0.001360847963951528,xgb_pair,term_xgb_final,aavPerc_xgb_final,3.745017223192801e-5,11294.49638740686,1,840000,0.003,NA,NA,NA,NA,NA,NA,NA,0.0042,0.84
5469,Cornell Powell,cornell powell,00-0036647,PoweCo00,28,5,HOU,5,0.026954246684908867,301587301.5873016,8129058.524020135,8.129058524020136,0.0013604642590507865,xgb_pair,term_xgb_final,aavPerc_xgb_final,3.667028924445666e-5,11059.293581661534,1,960000,0.0034,NA,NA,NA,NA,NA,NA,NA,0.0042,0.96
5562,Nick Williams,nick williams,00-0039045,NA,NA,3,DEN,5,0.027213379740715027,301587301.5873016,8207209.763072787,8.207209763072786,0.001357492757961154,xgb_pair,term_xgb_final,aavPerc_xgb_final,3.6941965917667435e-5,11141.227816439387,3,898333,0.004,NA,NA,NA,NA,NA,NA,NA,0.0042,0.898333
5595,Trishton Jackson,trishton jackson,00-0035934,JackTr02,28,6,ARI,5,0.027834460139274597,301587301.5873016,8394519.724543134,8.394519724543134,0.0013544907560572028,xgb_pair,term_xgb_final,aavPerc_xgb_final,3.7701518958490124e-5,11370.29936843353,1,1100000,0.0039,NA,NA,NA,NA,NA,0.08499999999999999,NA,0.0042,1.1
5563,Noah Brown,noah brown,00-0033591,BrowNo00,30,9,WAS,5,0.023968340829014778,301587301.5873016,7228547.234147315,7.228547234147315,0.0013533898163586855,xgb_pair,term_xgb_final,aavPerc_xgb_final,3.2438508393002694e-5,9783.04221376272,1,3250000,0.0116,25.333333333333332,15,206.33333333333337,0.3333333333333333,0.05246913580246912,0.4836363636363636,8.089285714285714,0.0042,3.25
5572,Robert Woods,robert woods,00-0030431,WoodRo02,33,13,PIT,5,0.028923628851771355,301587301.5873016,8722999.177518345,8.722999177518345,0.001338465721346438,xgb_pair,term_xgb_final,aavPerc_xgb_final,3.871328575504279e-5,11675.435386441477,1,2000000,0.0072,30,20,203,0,0.05484460694698354,0.37066666666666664,NA,0.0042,2
5605,Zay Jones,zay jones,00-0033891,JoneZa00,30,9,ARI,5,0.024136105552315712,301587301.5873016,7279142.944349184,7.279142944349184,0.0013314535608515143,xgb_pair,term_xgb_final,aavPerc_xgb_final,3.213610368271876e-5,9691.840793200898,1,2400000,0.0086,15.666666666666666,10.666666666666666,150,0,0.02645978144210199,0.4459848484848485,NA,0.0042,2.4
5538,Kelvin Harmon,kelvin harmon,00-0035297,HarmKe00,29,7,DAL,5,0.026868240907788277,301587301.5873016,8103120.273777418,8.103120273777417,0.0013267024187371135,xgb_pair,term_xgb_final,aavPerc_xgb_final,3.5646160199574164e-5,10750.429266538242,1,960000,0.0034,NA,NA,NA,NA,NA,NA,NA,0.0042,0.96
5560,Miles Boykin,miles boykin,00-0035703,BoykMi00,29,7,CHI,5,0.026701554656028748,301587301.5873016,8052849.816897559,8.05284981689756,0.0013202795526012778,xgb_pair,term_xgb_final,aavPerc_xgb_final,3.52535166350202e-5,10632.01295341879,1,1170000,0.0042,NA,NA,NA,NA,NA,NA,NA,0.0042,1.17
5557,Mike Strachan,mike strachan,00-0036482,StraMi03,28,5,WAS,5,0.026978878304362297,301587301.5873016,8136487.107664821,8.13648710766482,0.0013180299429222941,xgb_pair,term_xgb_final,aavPerc_xgb_final,3.555896943160616e-5,10724.133638103445,1,1100000,0.0039,NA,NA,NA,NA,NA,NA,NA,0.0042,1.1
5501,Jacob Harris,jacob harris,00-0036918,HarrJa03,28,5,TB,5,0.02712111361324787,301587301.5873016,8179383.470662057,8.179383470662058,0.0013159964000806212,xgb_pair,term_xgb_final,aavPerc_xgb_final,3.569128788121173e-5,10764.039202270205,1,1100000,0.0039,NA,NA,NA,NA,NA,NA,NA,0.0042,1.1
5556,Michael Gallup,michael gallup,00-0034764,GallMi00,30,8,WAS,5,0.02715265192091465,301587301.5873016,8188895.023767911,8.18889502376791,0.0013101123040542006,xgb_pair,term_xgb_final,aavPerc_xgb_final,3.557302336929121e-5,10728.372127246555,1,1250000,0.0045,NA,NA,NA,NA,NA,NA,NA,0.0042,1.25
5491,Easop Winston,easop winston,00-0036080,WinsEa00,29,5,NYJ,5,0.027096176519989967,301587301.5873016,8171862.759996975,8.171862759996975,0.001296755624935031,xgb_pair,term_xgb_final,aavPerc_xgb_final,3.51371193165295e-5,10596.909000223184,1,960000,0.0034,NA,NA,NA,NA,NA,NA,NA,0.0042,0.96
5577,Scotty Washington,scotty washington,00-0035769,NA,28,6,BAL,5,0.02674163691699505,301587301.5873016,8064938.117823904,8.064938117823905,0.0012955134734511375,xgb_pair,term_xgb_final,aavPerc_xgb_final,3.4644150928105424e-5,10448.235994190525,1,840000,0.003,NA,NA,NA,NA,NA,NA,NA,0.0042,0.84
5528,Juwann Winfree,juwann winfree,00-0035593,WinfJu00,29,7,HOU,5,0.026935361325740814,301587301.5873016,8123362.939509135,8.123362939509136,0.001287221908569336,xgb_pair,term_xgb_final,aavPerc_xgb_final,3.467178721372477e-5,10456.57074699636,1,1170000,0.0042,NA,NA,NA,NA,NA,NA,NA,0.0042,1.17
5488,Donovan Peoples-Jones,donovan peoples jones,00-0036233,PeopDo00,27,6,NO,5,0.02716183289885521,301587301.5873016,8191663.890130937,8.191663890130938,0.0012755137868225574,xgb_pair,term_xgb_final,aavPerc_xgb_final,3.464529233786033e-5,10448.580228878514,1,1170000,0.0042,NA,NA,NA,NA,NA,NA,NA,0.0042,1.17
5484,Dez Fitzpatrick,dez fitzpatrick,00-0036627,FitzDe00,28,5,LAC,5,0.02928580716252327,301587301.5873016,8832227.556951463,8.832227556951464,0.001272002817131579,xgb_pair,term_xgb_final,aavPerc_xgb_final,3.725162921270177e-5,11234.618333989423,1,1030000,0.0037,NA,NA,NA,NA,NA,0.13,NA,0.0042,1.03
5554,Marquez Valdes-Scantling,marquez valdes scantling,00-0034272,ValdMa00,31,8,PIT,5,0.026149144396185875,301587301.5873016,7886249.8972624075,7.886249897262408,0.0012671698350459337,xgb_pair,term_xgb_final,aavPerc_xgb_final,3.313540699110716e-5,9993.217981445017,1,1255000,0.0045,34,15.666666666666666,217,2,0.06478114478114479,0.5011904761904762,NA,0.0042,1.255
5527,Justyn Ross,justyn ross,00-0037216,RossJu00,26,4,KC,5,0.02707657963037491,301587301.5873016,8165952.586938465,8.165952586938465,0.001266323495656252,xgb_pair,term_xgb_final,aavPerc_xgb_final,3.428770896795122e-5,10340.737625255131,1,960000,0.0034,1,0,0,0,0.00174825174825174,0.09,NA,0.0042,0.96
5569,Ray-Ray McCloud,ray ray mccloud,00-0034407,McClRa00,29,8,ATL,5,0.03207360953092575,301587301.5873016,9672993.350596655,9.672993350596656,0.0012593950377777219,xgb_pair,term_xgb_final,aavPerc_xgb_final,4.0393344686868136e-5,12182.119826198326,2,2500000,0.0098,39,25.333333333333332,274.6666666666667,0.3333333333333333,0.07307116225365606,0.6370588235294118,7.885057471264368,0.0042,2.5
5552,Malik Taylor,malik taylor,00-0035480,TaylMa01,30,7,DET,5,0.02715265192091465,301587301.5873016,8188895.023767911,8.18889502376791,0.0012567003723233938,xgb_pair,term_xgb_final,aavPerc_xgb_final,3.4122747778580955e-5,10290.987425286321,1,1100000,0.0039,NA,NA,NA,NA,NA,NA,NA,0.0042,1.1
5510,Jamal Agnew,jamal agnew,00-0033572,AgneJa00,30,9,ATL,5,0.028230328112840652,301587301.5873016,8513908.478475753,8.513908478475754,0.0012524549383670092,xgb_pair,term_xgb_final,aavPerc_xgb_final,3.5357213856648285e-5,10663.286718671707,1,2500000,0.009,0,0,0,0,0,0.00181818181818181,NA,0.0042,2.5
5600,Tyler Lockett,tyler lockett,00-0032211,LockTy00,33,11,LV,5,0.021017421036958694,301587301.5873016,6338587.296860559,6.338587296860559,0.0012496684212237597,xgb_pair,term_xgb_final,aavPerc_xgb_final,2.6264807365451205e-5,7921.132380056713,1,1255000,0.0045,61.333333333333336,37.666666666666664,394,1.3333333333333333,0.11253329796288314,0.5635294117647058,6.22997542997543,0.0042,1.255
5566,Quintez Cephus,quintez cephus,00-0036277,CephQu00,27,6,HOU,5,0.027424030005931854,301587301.5873016,8270739.208138179,8.27073920813818,0.00124714698176831,xgb_pair,term_xgb_final,aavPerc_xgb_final,3.420179624982148e-5,10314.827440422352,1,1100000,0.0039,NA,NA,NA,NA,NA,NA,NA,0.0042,1.1
5537,Keith Kirkwood,keith kirkwood,00-0034317,KirkKe00,31,8,BAL,5,0.02715265192091465,301587301.5873016,8188895.023767911,8.18889502376791,0.0012453445233404636,xgb_pair,term_xgb_final,aavPerc_xgb_final,3.381440636388098e-5,10197.995570059344,1,1170000,0.0042,NA,NA,NA,NA,NA,NA,NA,0.0042,1.17
5522,Josh Reynolds,josh reynolds,00-0033943,ReynJo00,31,9,NYJ,5,0.03176454082131386,301587301.5873016,9579782.152459735,9.579782152459735,0.0012451022630557418,xgb_pair,term_xgb_final,aavPerc_xgb_final,3.9550101661544376e-5,11927.80843760862,1,2750000,0.0098,22,11.666666666666666,132,0.3333333333333333,0.04423296594733105,0.7357777777777778,NA,0.0042,2.75
5561,Montrell Washington,montrell washington,00-0037272,WashMo00,27,4,NYG,5,0.026103734970092773,301587301.5873016,7872554.990980361,7.872554990980361,0.001244917861185968,xgb_pair,term_xgb_final,aavPerc_xgb_final,3.249700590793325e-5,9800.684321440187,1,1030000,0.0037,0,0,0,0,0,0.07,NA,0.0042,1.03
5541,Kristian Wilkerson,kristian wilkerson,00-0036183,WilkKr00,29,6,BUF,4,0.016522975638508797,301587301.5873016,4983119.63701059,4.98311963701059,0.0012418418191373348,xgb_pair,term_xgb_final,aavPerc_xgb_final,2.051892212448763e-5,6188.246355004207,1,1100000,0.0039,3,2,18,1,0.00506756756756756,0.22,NA,0.0042,1.1
5461,Bryce Ford-Wheaton,bryce ford wheaton,00-0038477,FordBr00,26,3,NYG,5,0.026672497391700745,301587301.5873016,8044086.514957368,8.04408651495737,0.0012075810227543116,xgb_pair,term_xgb_final,aavPerc_xgb_final,3.220920167968169e-5,9713.886220856384,3,905000,0.004,0,0,0,0,0,0.00285714285714285,NA,0.0042,0.905
5559,Mike Woods,mike woods,00-0037300,WoodMi00,26,4,CLE,5,0.031104179099202156,301587301.5873016,9380625.442616524,9.380625442616525,0.0011848005233332515,xgb_pair,term_xgb_final,aavPerc_xgb_final,3.68522476745859e-5,11114.169933605272,4,957072,0.0046,17,7,65,0,0.02681388012618296,0.838,NA,0.0042,0.957072
5500,Hunter Renfrow,hunter renfrow,00-0034983,RenfHu00,30,7,CAR,5,0.02499719336628914,301587301.5873016,7538836.094595138,7.538836094595138,0.0011684322962537408,xgb_pair,term_xgb_final,aavPerc_xgb_final,2.9207528044871995e-5,8808.61956908838,1,1220000,0.0044,26,15,89,2,0.05416666666666667,0.4916666666666667,NA,0.0042,1.22
5476,David Sills,david sills,00-0035359,SillDa01,30,7,ATL,5,0.0260054599493742,301587301.5873016,7842916.49266841,7.84291649266841,0.0011460541281849146,xgb_pair,term_xgb_final,aavPerc_xgb_final,2.980366473032776e-5,8988.406823432182,1,1100000,0.0039,36,18,191,2,0.06936416184971098,0.15333333333333335,NA,0.0042,1.1
5454,Braxton Berrios,braxton berrios,00-0034419,BerrBr00,30,8,HOU,5,0.02578635700047016,301587301.5873016,7776837.82553862,7.77683782553862,0.0011411936720833182,xgb_pair,term_xgb_final,aavPerc_xgb_final,2.9427227435017923e-5,8874.878115322867,1,1800000,0.0064,6.666666666666667,4,24.666666666666668,0,0.0119917819151194,0.21777777777777776,NA,0.0042,1.8
5604,Zach Pascal,zach pascal,00-0033251,PascZa00,31,9,NYG,5,0.02744302898645401,301587301.5873016,8276469.059406766,8.276469059406766,0.0011030458845198154,xgb_pair,term_xgb_final,aavPerc_xgb_final,3.0270920182266098e-5,9129.325134334222,1,1422500,0.0051,0,0,0,0,0,0.06588235294117648,NA,0.0042,1.4225
5553,Marquez Callaway,marquez callaway,00-0036219,CallMa01,27,6,LV,5,0.02964114397764206,301587301.5873016,8939392.628177764,8.939392628177764,0.0010967646958306432,xgb_pair,term_xgb_final,aavPerc_xgb_final,3.2509360258710894e-5,9804.41023675408,1,1170000,0.0042,NA,NA,NA,NA,NA,0.04,NA,0.0042,1.17
5571,Robbie Chosen,robbie chosen,00-0032688,AndeRo04,32,10,WAS,5,0.022151459008455276,301587301.5873016,6680598.74858175,6.68059874858175,0.0010613702470436692,xgb_pair,term_xgb_final,aavPerc_xgb_final,2.351089952018189e-5,7090.5887441818395,1,1255000,0.0045,7.333333333333333,3.6666666666666665,37,0,0.01623630672926447,0.31611111111111106,NA,0.0042,1.255
5473,Dante Pettis,dante pettis,00-0034860,PettDa00,30,8,NO,5,0.02573353797197342,301587301.5873016,7760908.277261825,7.760908277261826,0.0010413664858788252,xgb_pair,term_xgb_final,aavPerc_xgb_final,2.679804400710327e-5,8081.949779920034,1,1255000,0.0045,16.666666666666668,10,124.66666666666669,0.3333333333333333,0.03103222014914728,0.2508333333333333,NA,0.0042,1.255
5593,Trent Taylor,trent taylor,00-0033292,TaylTr02,31,9,SF,5,0.023847952485084534,301587301.5873016,7192239.638358829,7.192239638358829,0.001028942409902811,xgb_pair,term_xgb_final,aavPerc_xgb_final,2.4538169701250612e-5,7400.400386091455,1,1170000,0.0042,1,1,11,0,0.00194931773879142,0.095,NA,0.0042,1.17
5594,Trenton Irwin,trenton irwin,00-0035341,IrwiTr00,30,7,JAX,4,0.017924122512340546,301587301.5873016,5405687.74181699,5.40568774181699,0.0010100547224283218,xgb_pair,term_xgb_final,aavPerc_xgb_final,1.8104344588973365e-5,5460.040431595142,1,1170000,0.0042,10,3,15,0,0.01592356687898089,0.2914285714285714,NA,0.0042,1.17
5508,Jalen Reagor,jalen reagor,00-0036387,ReagJa00,27,6,LAC,5,0.02692429907619953,301587301.5873016,8120026.705520494,8.120026705520495,9.998497553169727e-4,xgb_pair,term_xgb_final,aavPerc_xgb_final,2.6920253843419097e-5,8118.80671468195,1,1337500,0.0048,12,7,100,0,0.02443991853360488,0.28250000000000003,NA,0.0042,1.3375
5532,Kaden Davis,kaden davis,00-0037380,DaviKa02,27,4,CLE,5,0.025767454877495766,301587301.5873016,7771137.185276502,7.771137185276502,9.977862937375903e-4,xgb_pair,term_xgb_final,aavPerc_xgb_final,2.5710413301267094e-5,7753.934170223411,1,840000,0.003,0,0,0,0,0,0.09000000000000001,NA,0.0042,0.84
5486,DJ Chark,dj chark,00-0034777,CharDJ00,29,8,ATL,5,0.026213504374027252,301587301.5873016,7905660.049309807,7.905660049309807,9.802763815969229e-4,xgb_pair,term_xgb_final,aavPerc_xgb_final,2.5696479216746546e-5,7749.731827272768,1,1300000,0.0047,10,4,31,1,0.02036659877800407,0.21714285714285717,NA,0.0042,1.3
5494,Equanimeous St. Brown,equanimeous st brown,00-0034279,St.BEq00,29,8,SF,5,0.02747742459177971,301587301.5873016,8286842.337203405,8.286842337203405,9.779563406482339e-4,xgb_pair,term_xgb_final,aavPerc_xgb_final,2.6871721604214676e-5,8104.1700076203,1,1170000,0.0042,NA,NA,NA,NA,NA,0.24,NA,0.0042,1.17
5530,K.J. Osborn,k j osborn,00-0036345,OsboKJ00,28,6,WAS,5,0.025213656947016716,301587301.5873016,7604118.761798693,7.604118761798693,9.675854234956205e-4,xgb_pair,term_xgb_final,aavPerc_xgb_final,2.4396366934952463e-5,7357.634472445981,1,1195000,0.0043,18,7,57,1,0.036,0.495,NA,0.0042,1.195
5519,Jordan Matthews,jordan matthews,00-0031299,NA,33,12,CAR,5,0.02873115986585617,301587301.5873016,8664952.975416942,8.664952975416941,9.451403166167438e-4,xgb_pair,term_xgb_final,aavPerc_xgb_final,2.7154977532381584e-5,8189.596398654764,1,1255000,0.0045,1,0,0,0,0.00193050193050193,NA,NA,0.0042,1.255
5479,Deandre Carter,deandre carter,00-0031763,CartDe02,32,11,CLE,5,0.02647504210472107,301587301.5873016,7984536.507773021,7.984536507773021,8.926013251766562e-4,xgb_pair,term_xgb_final,aavPerc_xgb_final,2.3631657666781797e-5,7127.00786775959,1,1422500,0.0051,4.666666666666667,3,24,0,0.00887198986058301,0.04666666666666666,NA,0.0042,1.4225
5468,Collin Johnson,collin johnson,00-0036254,JohnCo01,28,6,LV,5,0.023546980693936348,301587301.5873016,7101470.36801255,7.10147036801255,8.912435732781887e-4,xgb_pair,term_xgb_final,aavPerc_xgb_final,2.0986095213576354e-5,6329.139826316679,1,1170000,0.0042,2,1,6,0,0.00380228136882129,0.05444444444444445,NA,0.0042,1.17
5594,Trenton Irwin,trenton irwin,00-0035341,IrwiTr00,30,7,JAX,5,0.024842942133545876,301587301.5873016,7492315.881545582,7.492315881545582,7.704832241870463e-4,xgb_pair,term_xgb_final,aavPerc_xgb_final,1.9141070153346645e-5,5772.703697041052,1,1170000,0.0042,10,3,15,0,0.01592356687898089,0.2914285714285714,NA,0.0042,1.17
5446,Alex Bachman,alex bachman,00-0035602,BachAl00,29,7,LV,5,0.02757170796394348,301587301.5873016,8315277.004998828,8.315277004998828,7.354269037023187e-4,xgb_pair,term_xgb_final,aavPerc_xgb_final,2.0276975817707515e-5,6115.278421213378,1,1030000,0.0037,3,2.3333333333333335,18.333333333333332,0,0.0057377721851406,0.09871794871794871,NA,0.0042,1.03
5511,James Proche,james proche,00-0036133,ProcJa00,29,6,TEN,5,0.019209614023566246,301587301.5873016,5793375.657900932,5.793375657900932,6.689400761388242e-4,xgb_pair,term_xgb_final,aavPerc_xgb_final,1.285008066752183e-5,3875.4211536970606,1,1170000,0.0042,9,5,50.333333333333336,0,0.01667162668888756,0.2081481481481481,NA,0.0042,1.17
