contract_row,player,player_key,pos,signed_team_raw,signed_team,age_at_signing,start_year,end_year_raw,yrs,value,average_salary,average_of_cap_at_sign,expected_end_year,end_year,end_year_was_fixed
7,Percy Harvin,percy harvin,WR,SEA SEA,SEA,24,2013,2018,6,64245000,10707500,0.0866,2018,2018,FALSE
8,Mike Wallace,mike wallace,WR,MIA MIA,MIA,26,2013,2017,5,60000000,12000000,0.09709999999999999,2017,2017,FALSE
9,Dwayne Bowe,dwayne bowe,WR,KC KC,KC,28,2013,2017,5,56000000,11200000,0.0906,2017,2017,FALSE
13,Greg Jennings,greg jennings,WR,MIN MIN,MIN,29,2013,2017,5,45000000,9000000,0.0728,2017,2017,FALSE
14,Victor Cruz,victor cruz,WR,NYG NYG,NYG,26,2013,2018,5,43000000,8600000,0.0696,2017,2018,FALSE
20,Mike Williams,mike williams,WR,TB TB,TB,25,2013,2018,5,39620000,7924000,0.0641,2017,2018,FALSE
31,Brian Hartline,brian hartline,WR,MIA MIA,MIA,26,2013,2017,5,30775000,6155000,0.049800000000000004,2017,2017,FALSE
33,Danny Amendola,danny amendola,WR,NE NE,NE,27,2013,2017,5,28500000,5700000,0.046099999999999995,2017,2017,FALSE
40,Santonio Holmes,santonio holmes,WR,NYJ NYJ,NYJ,28,2013,2015,3,25250000,8416667,0.0681,2015,2015,FALSE
79,Tavon Austin,tavon austin,WR,STL STL,LA,22,2013,2017,4,12751002,3187751,0.0258,2016,2017,FALSE
85,Wes Welker,wes welker,WR,DEN DEN,DEN,31,2013,2014,2,12000000,6000000,0.048499999999999995,2014,2014,FALSE
110,Brandon Gibson,brandon gibson,WR,MIA MIA,MIA,25,2013,2015,3,9780000,3260000,0.0264,2015,2015,FALSE
117,Davone Bess,davone bess,WR,CLE CLE,CLE,27,2013,2016,3,8817999,2939333,0.023799999999999998,2015,2016,FALSE
120,Donnie Avery,donnie avery,WR,KC KC,KC,28,2013,2015,3,8550000,2850000,0.023099999999999996,2015,2015,FALSE
138,DeAndre Hopkins,deandre hopkins,WR,HOU HOU,HOU,20,2013,2017,4,7626702,1906676,0.0154,2016,2017,FALSE
173,Justin Hunter,justin hunter,WR,TEN TEN,TEN,21,2013,2016,4,5424148,1356037,0.011000000000000001,2016,2016,FALSE
196,Robert Woods,robert woods,WR,BUF BUF,BUF,20,2013,2016,4,4866769,1216692,0.0098,2016,2016,FALSE
234,Donald Jones,donald jones,WR,NE NE,NE,25,2013,2013,3,3710000,1236667,0.01,2015,2013,FALSE
248,Aaron Dobson,aaron dobson,WR,NE NE,NE,21,2013,2016,4,3428370,857093,0.0069,2016,2016,FALSE
277,Terrance Williams,terrance williams,WR,DAL DAL,DAL,23,2013,2016,4,2896972,724243,0.0059,2016,2016,FALSE
279,Victor Cruz,victor cruz,WR,NYG NYG,NYG,26,2013,2013,1,2879000,2879000,0.023299999999999998,2013,2013,FALSE
281,Marquise Goodwin,marquise goodwin,WR,BUF BUF,BUF,22,2013,2016,4,2853876,713469,0.0058,2016,2016,FALSE
284,Keenan Allen,keenan allen,WR,SD SD,LAC,20,2013,2016,4,2813800,703450,0.0057,2016,2016,FALSE
285,Markus Wheaton,markus wheaton,WR,PIT PIT,PIT,21,2013,2016,4,2811376,702844,0.0057,2016,2016,FALSE
301,Stedman Bailey,stedman bailey,WR,STL STL,LA,22,2013,2017,4,2736102,684026,0.0055000000000000005,2016,2017,FALSE
307,Brad Smith,brad smith,WR,PHI PHI,PHI,29,2013,2014,2,2700000,1350000,0.0109,2014,2014,FALSE
314,Ace Sanders,ace sanders,WR,JAX JAX,JAX,21,2013,2016,4,2641448,660362,0.0053,2016,2016,FALSE
315,Josh Boyce,josh boyce,WR,NE NE,NE,21,2013,2016,4,2637000,659250,0.0053,2016,2016,FALSE
328,Kevin Ogletree,kevin ogletree,WR,TB TB,TB,25,2013,2014,2,2600000,1300000,0.0105,2014,2014,FALSE
338,Chris Harper,chris harper,WR,SEA SEA,SEA,NA,2013,2016,4,2572560,643140,0.0052,2016,2016,FALSE
343,Quinton Patton,quinton patton,WR,SF SF,SF,22,2013,2016,4,2551500,637875,0.0052,2016,2016,FALSE
348,Emmanuel Sanders,emmanuel sanders,WR,PIT PIT,PIT,25,2013,2013,1,2500000,2500000,0.0202,2013,2013,FALSE
349,Darrius Heyward-Bey,darrius heyward bey,WR,IND IND,IND,25,2013,2013,1,2500000,2500000,0.0202,2013,2013,FALSE
367,Kenny Stills,kenny stills,WR,NO NO,NO,20,2013,2016,4,2354452,588613,0.0048000000000000004,2016,2016,FALSE
385,Tavarres King,tavarres king,WR,DEN DEN,DEN,22,2013,2016,4,2331480,582870,0.0047,2016,2016,FALSE
395,Corey Fuller,corey fuller,WR,DET DET,DET,22,2013,2016,4,2283100,570775,0.0046,2016,2016,FALSE
398,Ryan Swope,ryan swope,WR,ARI ARI,ARI,NA,2013,2016,4,2275788,568947,0.0046,2016,2016,FALSE
410,Justin Brown,justin brown,WR,PIT PIT,PIT,21,2013,2016,4,2264072,566018,0.0046,2016,2016,FALSE
419,Alan Bonner,alan bonner,WR,HOU HOU,HOU,22,2013,2016,4,2257000,564250,0.0046,2016,2016,FALSE
422,Cobi Hamilton,cobi hamilton,WR,CIN CIN,CIN,22,2013,2016,4,2254052,563513,0.0046,2016,2016,FALSE
438,Brice Butler,brice butler,WR,OAK OAK,LV,22,2013,2016,4,2227500,556875,0.0045000000000000005,2016,2016,FALSE
445,Charles Johnson,charles johnson,WR,GB GB,GB,23,2013,2015,4,2221820,555455,0.0045000000000000005,2016,2015,FALSE
453,Kevin Dorsey,kevin dorsey,WR,GB GB,GB,22,2013,2016,4,2216848,554212,0.0045000000000000005,2016,2016,FALSE
465,Marquess Wilson,marquess wilson,WR,CHI CHI,CHI,20,2013,2016,4,2207148,551787,0.0045000000000000005,2016,2016,FALSE
466,B.J. Daniels,b j daniels,WR,SF SF,SF,23,2013,2016,4,2206512,551628,0.0045000000000000005,2016,2016,FALSE
482,Aaron Mellette,aaron mellette,WR,BAL BAL,BAL,23,2013,2016,4,2205896,551474,0.0045000000000000005,2016,2016,FALSE
488,Jerome Simpson,jerome simpson,WR,MIN MIN,MIN,26,2013,2013,1,2100000,2100000,0.017,2013,2013,FALSE
516,David Reed,david reed,WR,BAL BAL,BAL,25,2013,2014,2,1860000,930000,0.0075,2014,2014,FALSE
520,Lavelle Hawkins,lavelle hawkins,WR,NE NE,NE,26,2013,2014,2,1790000,895000,0.0072,2014,2014,FALSE
534,Josh Cooper,josh cooper,WR,CLE CLE,CLE,23,2013,2015,3,1710000,570000,0.0046,2015,2015,FALSE
535,Michael Preston,michael preston,WR,TEN TEN,TEN,23,2013,2015,3,1710000,570000,0.0046,2015,2015,FALSE
542,Mohamed Massaquoi,mohamed massaquoi,WR,JAX JAX,JAX,26,2013,2014,2,1700000,850000,0.0069,2014,2014,FALSE
549,Brittan Golden,brittan golden,WR,ARI ARI,ARI,24,2013,2016,3,1605000,535000,0.004300000000000001,2015,2016,FALSE
555,Charles Johnson,charles johnson,WR,MIN MIN,MIN,23,2013,2016,3,1530000,510000,0.0041,2015,2016,FALSE
558,Chris Williams,chris williams,WR,CHI CHI,CHI,25,2013,2015,3,1510000,503333,0.0041,2015,2015,FALSE
573,Marcus Davis,marcus davis,WR,NYG NYG,NYG,23,2013,2015,3,1500000,500000,0.004,2015,2015,FALSE
590,Rodney Smith,rodney smith,WR,MIN MIN,MIN,22,2013,2015,3,1497000,499000,0.004,2015,2015,FALSE
592,Dan Buckner,dan buckner,WR,ARI ARI,ARI,22,2013,2015,3,1496000,498667,0.004,2015,2015,FALSE
594,Omarius Hines,omarius hines,WR,BAL BAL,BAL,23,2013,2015,3,1495500,498500,0.004,2015,2015,FALSE
600,Nick Williams,nick williams,WR,WAS WAS,WAS,22,2013,2015,3,1495000,498333,0.004,2015,2015,FALSE
619,Da'Rick Rogers,da rick rogers,WR,BUF BUF,BUF,21,2013,2015,3,1495000,498333,0.004,2015,2015,FALSE
620,Jaron Brown,jaron brown,WR,ARI ARI,ARI,22,2013,2015,3,1494000,498000,0.004,2015,2015,FALSE
632,T.J. Moe,t j moe,WR,NE NE,NE,22,2013,2015,3,1493000,497667,0.004,2015,2015,FALSE
637,Russell Shepard,russell shepard,WR,PHI PHI,PHI,22,2013,2015,3,1492500,497500,0.004,2015,2015,FALSE
639,Erik Highsmith,erik highsmith,WR,MIN MIN,MIN,22,2013,2015,3,1492500,497500,0.004,2015,2015,FALSE
647,Jasper Collins,jasper collins,WR,MIA MIA,MIA,21,2013,2015,3,1492500,497500,0.004,2015,2015,FALSE
648,Chad Bumphis,chad bumphis,WR,MIA MIA,MIA,23,2013,2015,3,1492500,497500,0.004,2015,2015,FALSE
652,Lanear Sampson,lanear sampson,WR,IND IND,IND,22,2013,2015,3,1492000,497333,0.004,2015,2015,FALSE
655,Nathan Edwards,nathan edwards,WR,MIN MIN,MIN,NA,2013,2015,3,1492000,497333,0.004,2015,2015,FALSE
658,Travis Harvey,travis harvey,WR,TEN TEN,TEN,22,2013,2015,3,1492000,497333,0.004,2015,2015,FALSE
660,Ryan Spadola,ryan spadola,WR,NYJ NYJ,NYJ,21,2013,2015,3,1492000,497333,0.004,2015,2015,FALSE
664,Zach Rogers,zach rogers,WR,NYJ NYJ,NYJ,22,2013,2015,3,1492000,497333,0.004,2015,2015,FALSE
668,Uzoma Nwachukwu,uzoma nwachukwu,WR,HOU HOU,HOU,22,2013,2015,3,1491000,497000,0.004,2015,2015,FALSE
675,Josh Lenz,josh lenz,WR,CHI CHI,CHI,22,2013,2015,3,1491000,497000,0.004,2015,2015,FALSE
693,Marlon Brown,marlon brown,WR,BAL BAL,BAL,21,2013,2015,3,1490000,496667,0.004,2015,2015,FALSE
695,Chip Reeves,chip reeves,WR,WAS WAS,WAS,23,2013,2015,3,1490000,496667,0.004,2015,2015,FALSE
717,Quincy McDuffie,quincy mcduffie,WR,DEN DEN,DEN,22,2013,2015,3,1490000,496667,0.004,2015,2015,FALSE
721,Roy Roundtree,roy roundtree,WR,CIN CIN,CIN,23,2013,2015,3,1490000,496667,0.004,2015,2015,FALSE
722,Tyrone Goard,tyrone goard,WR,CIN CIN,CIN,23,2013,2015,3,1490000,496667,0.004,2015,2015,FALSE
744,Myles White,myles white,WR,GB GB,GB,22,2013,2015,3,1489500,496500,0.004,2015,2015,FALSE
747,Jerry Johnson,jerry johnson,WR,TB TB,TB,NA,2013,2015,3,1489000,496333,0.004,2015,2015,FALSE
751,Reggie Dunn,reggie dunn,WR,PIT PIT,PIT,23,2013,2015,3,1489000,496333,0.004,2015,2015,FALSE
759,Conner Vernon,conner vernon,WR,OAK OAK,LV,22,2013,2015,3,1489000,496333,0.004,2015,2015,FALSE
771,Sam McGuffie,sam mcguffie,WR,OAK OAK,LV,23,2013,2015,3,1488000,496000,0.004,2015,2015,FALSE
778,Javone Lawson,javone lawson,WR,ARI ARI,ARI,22,2013,2015,3,1488000,496000,0.004,2015,2015,FALSE
786,K.J. Stroud,k j stroud,WR,NYJ NYJ,NYJ,23,2013,2015,3,1488000,496000,0.004,2015,2015,FALSE
793,Cody Wilson,cody wilson,WR,DET DET,DET,21,2013,2015,3,1488000,496000,0.004,2015,2015,FALSE
808,Alec Lemon,alec lemon,WR,HOU HOU,HOU,21,2013,2015,3,1488000,496000,0.004,2015,2015,FALSE
809,Mark Harrison,mark harrison,WR,NE NE,NE,22,2013,2015,3,1488000,496000,0.004,2015,2015,FALSE
812,J.D. Woods,j d woods,WR,PIT PIT,PIT,22,2013,2015,3,1487500,495833,0.004,2015,2015,FALSE
825,Lamaar Thomas,lamaar thomas,WR,DEN DEN,DEN,22,2013,2015,3,1487500,495833,0.004,2015,2015,FALSE
830,Kenbrell Thompkins,kenbrell thompkins,WR,NE NE,NE,24,2013,2015,3,1487500,495833,0.004,2015,2015,FALSE
836,Rico Richardson,rico richardson,WR,KC KC,KC,21,2013,2015,3,1487500,495833,0.004,2015,2015,FALSE
843,Brandon Kaufman,brandon kaufman,WR,BUF BUF,BUF,22,2013,2015,3,1487500,495833,0.004,2015,2015,FALSE
845,Frankie Hammond,frankie hammond,WR,KC KC,KC,22,2013,2015,3,1487000,495667,0.004,2015,2015,FALSE
851,C.J. Akins,c j akins,WR,STL STL,LA,21,2013,2015,3,1487000,495667,0.004,2015,2015,FALSE
854,Michael Rios,michael rios,WR,ARI ARI,ARI,NA,2013,2015,3,1487000,495667,0.004,2015,2015,FALSE
865,Taylor Stockemer,taylor stockemer,WR,MIA MIA,MIA,NA,2013,2015,3,1487000,495667,0.004,2015,2015,FALSE
867,Tobais Palmer,tobais palmer,WR,JAX JAX,JAX,22,2013,2015,3,1487000,495667,0.004,2015,2015,FALSE
869,Jamal Miles,jamal miles,WR,JAX JAX,JAX,21,2013,2015,3,1487000,495667,0.004,2015,2015,FALSE
886,Kemonte' Bateman,kemonte bateman,WR,DEN DEN,DEN,22,2013,2015,3,1486500,495500,0.004,2015,2015,FALSE
887,Marcus Rucker,marcus rucker,WR,CHI CHI,CHI,22,2013,2015,3,1486500,495500,0.004,2015,2015,FALSE
894,Martel Moore,martel moore,WR,ATL ATL,ATL,22,2013,2015,3,1486000,495333,0.004,2015,2015,FALSE
895,Darius Johnson,darius johnson,WR,ATL ATL,ATL,20,2013,2015,3,1486000,495333,0.004,2015,2015,FALSE
898,Chuck Jacobs,chuck jacobs,WR,SF SF,SF,22,2013,2015,3,1486000,495333,0.004,2015,2015,FALSE
908,Michael Smith,michael smith,WR,HOU HOU,HOU,22,2013,2015,3,1486000,495333,0.004,2015,2015,FALSE
916,Rashad Evans,rashad evans,WR,ATL ATL,ATL,22,2013,2015,3,1486000,495333,0.004,2015,2015,FALSE
918,Luke Tasker,luke tasker,WR,SD SD,LAC,21,2013,2015,3,1486000,495333,0.004,2015,2015,FALSE
922,Greg Jenkins,greg jenkins,WR,OAK OAK,LV,23,2013,2015,3,1486000,495333,0.004,2015,2015,FALSE
926,Andy Cruse,andy cruse,WR,HOU HOU,HOU,22,2013,2015,3,1486000,495333,0.004,2015,2015,FALSE
927,Rashad Ross,rashad ross,WR,TEN TEN,TEN,22,2013,2015,3,1486000,495333,0.004,2015,2015,FALSE
931,Brent Leonard,brent leonard,WR,NO NO,NO,NA,2013,2015,3,1486000,495333,0.004,2015,2015,FALSE
935,Kevin Norrell,kevin norrell,WR,BUF BUF,BUF,NA,2013,2015,3,1486000,495333,0.004,2015,2015,FALSE
941,Troy Stoudermire,troy stoudermire,WR,CIN CIN,CIN,22,2013,2015,3,1485500,495167,0.004,2015,2015,FALSE
947,Tyler Shaw,tyler shaw,WR,ARI ARI,ARI,22,2013,2015,3,1485000,495000,0.004,2015,2015,FALSE
949,Skye Dawson,skye dawson,WR,TB TB,TB,22,2013,2015,3,1485000,495000,0.004,2015,2015,FALSE
957,Nicholas Edwards,nicholas edwards,WR,ARI ARI,ARI,23,2013,2015,3,1485000,495000,0.004,2015,2015,FALSE
961,Michael Avila,michael avila,WR,CAR CAR,CAR,24,2013,2015,3,1485000,495000,0.004,2015,2015,FALSE
966,Robert Gill,robert gill,WR,ARI ARI,ARI,28,2013,2015,3,1485000,495000,0.004,2015,2015,FALSE
973,Sederrick Cunningham,sederrick cunningham,WR,GB GB,GB,23,2013,2015,3,1485000,495000,0.004,2015,2015,FALSE
984,James Shaw,james shaw,WR,CAR CAR,CAR,23,2013,2015,3,1485000,495000,0.004,2015,2015,FALSE
989,Jeremy Kelley,jeremy kelley,WR,IND IND,IND,24,2013,2015,3,1485000,495000,0.004,2015,2015,FALSE
998,Bryan Walters,bryan walters,WR,SEA SEA,SEA,25,2013,2015,3,1485000,495000,0.004,2015,2015,FALSE
1020,B.J Cunningham,b j cunningham,WR,PHI PHI,PHI,23,2013,2015,3,1485000,495000,0.004,2015,2015,FALSE
1023,Brian Tyms,brian tyms,WR,CLE CLE,CLE,23,2013,2015,3,1485000,495000,0.004,2015,2015,FALSE
1026,Phil Bates,phil bates,WR,SEA SEA,SEA,23,2013,2015,3,1485000,495000,0.004,2015,2015,FALSE
1032,Julian Talley,julian talley,WR,NYG NYG,NYG,23,2013,2015,3,1485000,495000,0.004,2015,2015,FALSE
1033,Saalim Hakim,saalim hakim,WR,NYJ NYJ,NYJ,22,2013,2015,3,1485000,495000,0.004,2015,2015,FALSE
1042,Cordell Roberson,cordell roberson,WR,BUF BUF,BUF,22,2013,2015,3,1485000,495000,0.004,2015,2015,FALSE
1055,Terrell Sinkfield,terrell sinkfield,WR,BUF BUF,BUF,22,2013,2015,3,1485000,495000,0.004,2015,2015,FALSE
1056,Michael Campbell,michael campbell,WR,NYJ NYJ,NYJ,23,2013,2015,3,1485000,495000,0.004,2015,2015,FALSE
1060,Andrell Smith,andrell smith,WR,MIA MIA,MIA,22,2013,2015,3,1485000,495000,0.004,2015,2015,FALSE
1062,Bobby Sewal,bobby sewal,WR,TB TB,TB,NA,2013,2015,3,1485000,495000,0.004,2015,2015,FALSE
1063,Marcus Sales,marcus sales,WR,ATL ATL,ATL,23,2013,2015,3,1485000,495000,0.004,2015,2015,FALSE
1066,Robby Toma,robby toma,WR,ARI ARI,ARI,21,2013,2015,3,1485000,495000,0.004,2015,2015,FALSE
1072,Terrell Sinkfield,terrell sinkfield,WR,MIA MIA,MIA,22,2013,2015,3,1485000,495000,0.004,2015,2015,FALSE
1077,Arceto Clark,arceto clark,WR,SEA SEA,SEA,23,2013,2015,3,1485000,495000,0.004,2015,2015,FALSE
1079,Marcus Rivers,marcus rivers,WR,BAL BAL,BAL,23,2013,2015,3,1485000,495000,0.004,2015,2015,FALSE
1082,Courtney Gardner,courtney gardner,WR,MIA MIA,MIA,NA,2013,2015,3,1485000,495000,0.004,2015,2015,FALSE
1083,Justin Veltung,justin veltung,WR,SEA SEA,SEA,21,2013,2015,3,1485000,495000,0.004,2015,2015,FALSE
1086,Charles Hawkins,charles hawkins,WR,ARI ARI,ARI,22,2013,2015,3,1485000,495000,0.004,2015,2015,FALSE
1094,Scott Pillar,scott pillar,WR,STL STL,LA,NA,2013,2015,3,1485000,495000,0.004,2015,2015,FALSE
1103,Andrew Helmick,andrew helmick,WR,STL STL,LA,22,2013,2015,3,1485000,495000,0.004,2015,2015,FALSE
1104,Emory Blake,emory blake,WR,STL STL,LA,21,2013,2015,3,1485000,495000,0.004,2015,2015,FALSE
1115,R.J. Webb,r j webb,WR,CAR CAR,CAR,25,2013,2015,3,1485000,495000,0.004,2015,2015,FALSE
1119,Rashaad Carter,rashaad carter,WR,BAL BAL,BAL,23,2013,2015,3,1485000,495000,0.004,2015,2015,FALSE
1125,Adam Thielen,adam thielen,WR,MIN MIN,MIN,22,2013,2015,3,1485000,495000,0.004,2015,2015,FALSE
1146,Nick Miller,nick miller,WR,PHI PHI,PHI,25,2013,2014,2,1360000,680000,0.0055000000000000005,2014,2014,FALSE
1166,Emmanuel Sanders,emmanuel sanders,WR,PIT PIT,PIT,25,2013,2013,1,1323000,1323000,0.010700000000000001,2013,2013,FALSE
1167,Danario Alexander,danario alexander,WR,SD SD,LAC,24,2013,2013,1,1323000,1323000,0.010700000000000001,2013,2013,FALSE
1176,Jordan Shipley,jordan shipley,WR,JAX JAX,JAX,27,2013,2014,2,1315000,657500,0.0053,2014,2014,FALSE
1194,Andre Holmes,andre holmes,WR,NE NE,NE,24,2013,2014,2,1200000,600000,0.0049,2014,2014,FALSE
1197,Roberto Wallace,roberto wallace,WR,TEN TEN,TEN,26,2013,2014,2,1200000,600000,0.0049,2014,2014,FALSE
1198,Stephen Williams,stephen williams,WR,SEA SEA,SEA,26,2013,2014,2,1200000,600000,0.0049,2014,2014,FALSE
1199,Terrence Austin,terrence austin,WR,DET DET,DET,24,2013,2014,2,1200000,600000,0.0049,2014,2014,FALSE
1200,Dominique Curry,dominique curry,WR,DET DET,DET,24,2013,2014,2,1200000,600000,0.0049,2014,2014,FALSE
1205,Carlton Mitchell,carlton mitchell,WR,DAL DAL,DAL,24,2013,2014,2,1200000,600000,0.0049,2014,2014,FALSE
1217,Greg Salas,greg salas,WR,NYJ NYJ,NYJ,24,2013,2014,2,1200000,600000,0.0049,2014,2014,FALSE
1218,David Nelson,david nelson,WR,NYJ NYJ,NYJ,26,2013,2014,2,1200000,600000,0.0049,2014,2014,FALSE
1223,Domenik Hixon,domenik hixon,WR,CAR CAR,CAR,28,2013,2013,1,1162500,1162500,0.0094,2013,2013,FALSE
1230,Ted Ginn Jr.,ted ginn jr,WR,CAR CAR,CAR,27,2013,2013,1,1100000,1100000,0.0089,2013,2013,FALSE
1247,Devon Wylie,devon wylie,WR,TEN TEN,TEN,24,2013,2014,2,1050000,525000,0.004200000000000001,2014,2014,FALSE
1251,Bryan Walters,bryan walters,WR,SEA SEA,SEA,25,2013,2014,2,1050000,525000,0.004200000000000001,2014,2014,FALSE
1258,Brandon Stokley,brandon stokley,WR,BAL BAL,BAL,36,2013,2013,1,1050000,1050000,0.0085,2013,2013,FALSE
1261,Julius Pruitt,julius pruitt,WR,MIA MIA,MIA,27,2013,2014,2,1050000,525000,0.004200000000000001,2014,2014,FALSE
1271,Ricardo Lockette,ricardo lockette,WR,SF SF,SF,26,2013,2014,2,1050000,525000,0.004200000000000001,2014,2014,FALSE
1272,Kris Adams,kris adams,WR,NYG NYG,NYG,25,2013,2014,2,1050000,525000,0.004200000000000001,2014,2014,FALSE
1275,Jeff Maehl,jeff maehl,WR,HOU HOU,HOU,23,2013,2014,2,1050000,525000,0.004200000000000001,2014,2014,FALSE
1276,Demarco Sampson,demarco sampson,WR,PHI PHI,PHI,27,2013,2014,2,1050000,525000,0.004200000000000001,2014,2014,FALSE
1298,Chastin West,chastin west,WR,DET DET,DET,25,2013,2014,2,1050000,525000,0.004200000000000001,2014,2014,FALSE
1299,Lance Long,lance long,WR,DET DET,DET,26,2013,2014,2,1050000,525000,0.004200000000000001,2014,2014,FALSE
1317,Kevin Walter,kevin walter,WR,TEN TEN,TEN,31,2013,2013,1,1005000,1005000,0.008100000000000001,2013,2013,FALSE
1319,Plaxico Burress,plaxico burress,WR,PIT PIT,PIT,35,2013,2013,1,1005000,1005000,0.008100000000000001,2013,2013,FALSE
1335,Jarred Fayson,jarred fayson,WR,NO NO,NO,25,2013,2014,2,990000,495000,0.004,2014,2014,FALSE
1338,Brandon Tate,brandon tate,WR,CIN CIN,CIN,25,2013,2013,1,966000,966000,0.007799999999999999,2013,2013,FALSE
1355,Kassim Osgood,kassim osgood,WR,SF SF,SF,32,2013,2013,1,940000,940000,0.0076,2013,2013,FALSE
1377,Courtney Roby,courtney roby,WR,NO NO,NO,29,2013,2013,1,905000,905000,0.0073,2013,2013,FALSE
1396,Dan Depalma,dan depalma,WR,SD SD,LAC,23,2013,2014,2,900000,450000,0.0036,2014,2014,FALSE
1399,Griff Whalen,griff whalen,WR,IND IND,IND,22,2013,2014,2,900000,450000,0.0036,2014,2014,FALSE
1400,Da'Rick Rogers,da rick rogers,WR,IND IND,IND,21,2013,2014,2,900000,450000,0.0036,2014,2014,FALSE
1405,Lamaar Thomas,lamaar thomas,WR,JAX JAX,JAX,22,2013,2014,2,900000,450000,0.0036,2014,2014,FALSE
1416,Justin Hilton,justin hilton,WR,TEN TEN,TEN,24,2013,2014,2,900000,450000,0.0036,2014,2014,FALSE
1422,Jeremy Ebert,jeremy ebert,WR,JAX JAX,JAX,23,2013,2014,2,900000,450000,0.0036,2014,2014,FALSE
1424,Greg Jenkins,greg jenkins,WR,OAK OAK,LV,23,2013,2014,2,900000,450000,0.0036,2014,2014,FALSE
1440,Kashif Moore,kashif moore,WR,PIT PIT,PIT,24,2013,2014,2,900000,450000,0.0036,2014,2014,FALSE
1443,Lavasier Tuinei,lavasier tuinei,WR,CIN CIN,CIN,22,2013,2014,2,900000,450000,0.0036,2014,2014,FALSE
1447,Jeremy Ebert,jeremy ebert,WR,NE NE,NE,23,2013,2014,2,900000,450000,0.0036,2014,2014,FALSE
1453,Marcus Jackson,marcus jackson,WR,ATL ATL,ATL,23,2013,2014,2,900000,450000,0.0036,2014,2014,FALSE
1454,James Rodgers,james rodgers,WR,ATL ATL,ATL,24,2013,2014,2,900000,450000,0.0036,2014,2014,FALSE
1457,Michael Calvin,michael calvin,WR,TEN TEN,TEN,23,2013,2014,2,900000,450000,0.0036,2014,2014,FALSE
1474,Kevin Hardy,kevin hardy,WR,NYG NYG,NYG,22,2013,2014,2,900000,450000,0.0036,2014,2014,FALSE
1475,Brandon Collins,brandon collins,WR,NYG NYG,NYG,23,2013,2014,2,900000,450000,0.0036,2014,2014,FALSE
1478,Jabin Sambrano,jabin sambrano,WR,IND IND,IND,22,2013,2014,2,900000,450000,0.0036,2014,2014,FALSE
1484,Chris Summers,chris summers,WR,MIN MIN,MIN,23,2013,2014,2,900000,450000,0.0036,2014,2014,FALSE
1492,Gerell Robinson,gerell robinson,WR,DEN DEN,DEN,23,2013,2014,2,900000,450000,0.0036,2014,2014,FALSE
1495,Jared Green,jared green,WR,DAL DAL,DAL,23,2013,2014,2,900000,450000,0.0036,2014,2014,FALSE
1498,Justin Hilton,justin hilton,WR,CIN CIN,CIN,24,2013,2014,2,900000,450000,0.0036,2014,2014,FALSE
1502,Terrence Toliver,terrence toliver,WR,CHI CHI,CHI,24,2013,2014,2,900000,450000,0.0036,2014,2014,FALSE
1504,Diondre Borel,diondre borel,WR,TEN TEN,TEN,24,2013,2014,2,900000,450000,0.0036,2014,2014,FALSE
1507,Raymond Radway,raymond radway,WR,STL STL,LA,25,2013,2014,2,900000,450000,0.0036,2014,2014,FALSE
1508,Nicholas Johnson,nicholas johnson,WR,STL STL,LA,23,2013,2014,2,900000,450000,0.0036,2014,2014,FALSE
1511,Patrick Edwards,patrick edwards,WR,DET DET,DET,24,2013,2014,2,900000,450000,0.0036,2014,2014,FALSE
1512,Troy Burrell,troy burrell,WR,DET DET,DET,23,2013,2014,2,900000,450000,0.0036,2014,2014,FALSE
1520,Dale Moss,dale moss,WR,CAR CAR,CAR,24,2013,2014,2,900000,450000,0.0036,2014,2014,FALSE
1526,Tim Benford,tim benford,WR,DAL DAL,DAL,23,2013,2014,2,900000,450000,0.0036,2014,2014,FALSE
1527,Danny Coale,danny coale,WR,DAL DAL,DAL,24,2013,2014,2,900000,450000,0.0036,2014,2014,FALSE
1529,Derek Moye,derek moye,WR,PIT PIT,PIT,24,2013,2014,2,900000,450000,0.0036,2014,2014,FALSE
1530,Bert Reed,bert reed,WR,PIT PIT,PIT,24,2013,2014,2,900000,450000,0.0036,2014,2014,FALSE
1541,Andy Tanner,andy tanner,WR,NO NO,NO,24,2013,2014,2,900000,450000,0.0036,2014,2014,FALSE
1548,Lamont Bryant,lamont bryant,WR,CAR CAR,CAR,24,2013,2014,2,900000,450000,0.0036,2014,2014,FALSE
1549,Nelson Rosario,nelson rosario,WR,CAR CAR,CAR,23,2013,2014,2,900000,450000,0.0036,2014,2014,FALSE
1561,Joshua Cribbs,joshua cribbs,WR,OAK OAK,LV,29,2013,2013,1,865000,865000,0.006999999999999999,2013,2013,FALSE
1565,Michael Jenkins,michael jenkins,WR,NE NE,NE,30,2013,2013,1,855000,855000,0.0069,2013,2013,FALSE
1587,Joshua Cribbs,joshua cribbs,WR,NYJ NYJ,NYJ,29,2013,2013,1,840000,840000,0.0068,2013,2013,FALSE
1602,Braylon Edwards,braylon edwards,WR,NYJ NYJ,NYJ,29,2013,2013,1,840000,840000,0.0068,2013,2013,FALSE
1604,Derek Hagan,derek hagan,WR,TB TB,TB,28,2013,2013,1,840000,840000,0.0068,2013,2013,FALSE
1605,Devery Henderson,devery henderson,WR,WAS WAS,WAS,30,2013,2013,1,840000,840000,0.0068,2013,2013,FALSE
1606,Donte Stallworth,donte stallworth,WR,WAS WAS,WAS,32,2013,2013,1,840000,840000,0.0068,2013,2013,FALSE
1613,Arrelious Benn,arrelious benn,WR,PHI PHI,PHI,24,2013,2013,1,830000,830000,0.006699999999999999,2013,2013,FALSE
1630,Louis Murphy,louis murphy,WR,NYG NYG,NYG,25,2013,2013,1,780000,780000,0.0063,2013,2013,FALSE
1638,Micheal Spurlock,micheal spurlock,WR,DET DET,DET,29,2013,2013,1,780000,780000,0.0063,2013,2013,FALSE
1641,Ramses Barden,ramses barden,WR,NYG NYG,NYG,26,2013,2013,1,780000,780000,0.0063,2013,2013,FALSE
1651,Deon Butler,deon butler,WR,SD SD,LAC,26,2013,2013,1,780000,780000,0.0063,2013,2013,FALSE
1652,Steve Smith,steve smith,WR,TB TB,TB,27,2013,2013,1,780000,780000,0.0063,2013,2013,FALSE
1656,Julian Edelman,julian edelman,WR,NE NE,NE,26,2013,2013,1,765000,765000,0.0062,2013,2013,FALSE
1673,Brian Robiskie,brian robiskie,WR,ATL ATL,ATL,25,2013,2013,1,715000,715000,0.0058,2013,2013,FALSE
1697,Micheal Spurlock,micheal spurlock,WR,DAL DAL,DAL,29,2013,2013,1,715000,715000,0.0058,2013,2013,FALSE
1719,Kevin Ogletree,kevin ogletree,WR,DET DET,DET,25,2013,2013,1,715000,715000,0.0058,2013,2013,FALSE
1720,Austin Collie,austin collie,WR,NE NE,NE,27,2013,2013,1,715000,715000,0.0058,2013,2013,FALSE
1721,Lavelle Hawkins,lavelle hawkins,WR,SD SD,LAC,26,2013,2013,1,715000,715000,0.0058,2013,2013,FALSE
1724,Robert Meachem,robert meachem,WR,NO NO,NO,28,2013,2013,1,715000,715000,0.0058,2013,2013,FALSE
1732,Mohamed Massaquoi,mohamed massaquoi,WR,NYJ NYJ,NYJ,26,2013,2013,1,715000,715000,0.0058,2013,2013,FALSE
1739,Steve Breaston,steve breaston,WR,NO NO,NO,29,2013,2013,1,715000,715000,0.0058,2013,2013,FALSE
1741,Lavelle Hawkins,lavelle hawkins,WR,SF SF,SF,26,2013,2013,1,715000,715000,0.0058,2013,2013,FALSE
1742,Austin Collie,austin collie,WR,SF SF,SF,27,2013,2013,1,715000,715000,0.0058,2013,2013,FALSE
1743,Early Doucet,early doucet,WR,SEA SEA,SEA,27,2013,2013,1,715000,715000,0.0058,2013,2013,FALSE
1758,Devin Aromashodu,devin aromashodu,WR,CHI CHI,CHI,28,2013,2013,1,715000,715000,0.0058,2013,2013,FALSE
1759,Matt Willis,matt willis,WR,DET DET,DET,28,2013,2013,1,715000,715000,0.0058,2013,2013,FALSE
1761,Ben Obomanu,ben obomanu,WR,NYJ NYJ,NYJ,29,2013,2013,1,715000,715000,0.0058,2013,2013,FALSE
1779,Marlon Moore,marlon moore,WR,SF SF,SF,25,2013,2013,1,630000,630000,0.0051,2013,2013,FALSE
1787,Richard Goodman,richard goodman,WR,SD SD,LAC,25,2013,2013,1,630000,630000,0.0051,2013,2013,FALSE
1793,Tom Nelson,tom nelson,WR,CHI CHI,CHI,26,2013,2013,1,630000,630000,0.0051,2013,2013,FALSE
1805,Armanti Edwards,armanti edwards,WR,CAR CAR,CAR,24,2013,2013,1,630000,630000,0.0051,2013,2013,FALSE
1818,Seyi Ajirotutu,seyi ajirotutu,WR,SD SD,LAC,25,2013,2013,1,630000,630000,0.0051,2013,2013,FALSE
1842,Brett Swain,brett swain,WR,SEA SEA,SEA,27,2013,2013,1,630000,630000,0.0051,2013,2013,FALSE
1844,Anthony Armstrong,anthony armstrong,WR,DAL DAL,DAL,29,2013,2013,1,630000,630000,0.0051,2013,2013,FALSE
1846,Jordan Norwood,jordan norwood,WR,CLE CLE,CLE,26,2013,2013,1,630000,630000,0.0051,2013,2013,FALSE
1849,David Nelson,david nelson,WR,CLE CLE,CLE,26,2013,2013,1,580000,580000,0.0047,2013,2013,FALSE
1858,Chad Hall,chad hall,WR,KC KC,KC,26,2013,2013,1,555000,555000,0.0045000000000000005,2013,2013,FALSE
1864,Tandon Doss,tandon doss,WR,BAL BAL,BAL,23,2013,2013,1,555000,555000,0.0045000000000000005,2013,2013,FALSE
1869,Dominique Curry,dominique curry,WR,CAR CAR,CAR,24,2013,2013,1,555000,555000,0.0045000000000000005,2013,2013,FALSE
1870,Naaman Roosevelt,naaman roosevelt,WR,CLE CLE,CLE,25,2013,2013,1,555000,555000,0.0045000000000000005,2013,2013,FALSE
1871,Jeremy Horne,jeremy horne,WR,NYG NYG,NYG,26,2013,2013,1,555000,555000,0.0045000000000000005,2013,2013,FALSE
1872,Carlton Mitchell,carlton mitchell,WR,TB TB,TB,24,2013,2013,1,555000,555000,0.0045000000000000005,2013,2013,FALSE
1879,Kris Durham,kris durham,WR,DET DET,DET,24,2013,2013,1,555000,555000,0.0045000000000000005,2013,2013,FALSE
1888,Andrew Hawkins,andrew hawkins,WR,CIN CIN,CIN,26,2013,2013,1,555000,555000,0.0045000000000000005,2013,2013,FALSE
1892,Mardy Gilyard,mardy gilyard,WR,KC KC,KC,26,2013,2013,1,555000,555000,0.0045000000000000005,2013,2013,FALSE
1898,Preston Parker,preston parker,WR,NO NO,NO,25,2013,2013,1,555000,555000,0.0045000000000000005,2013,2013,FALSE
1900,Jarett Dillard,jarett dillard,WR,ARI ARI,ARI,27,2013,2013,1,555000,555000,0.0045000000000000005,2013,2013,FALSE
1903,Jordan White,jordan white,WR,NYJ NYJ,NYJ,24,2013,2013,1,480000,480000,0.0039000000000000003,2013,2013,FALSE
1923,Emmanuel Arceneaux,emmanuel arceneaux,WR,NYJ NYJ,NYJ,25,2013,2013,1,480000,480000,0.0039000000000000003,2013,2013,FALSE
1941,Tim Toone,tim toone,WR,NO NO,NO,27,2013,2013,1,480000,480000,0.0039000000000000003,2013,2013,FALSE
1944,Demarco Sampson,demarco sampson,WR,BUF BUF,BUF,27,2013,2013,1,480000,480000,0.0039000000000000003,2013,2013,FALSE
1950,Keenan Davis,keenan davis,WR,MIA MIA,MIA,21,2013,2013,1,405000,405000,0.0032999999999999995,2013,2013,FALSE
1954,Cole McKenzie,cole mckenzie,WR,JAX JAX,JAX,NA,2013,2013,1,405000,405000,0.0032999999999999995,2013,2013,FALSE
1956,Gerrard Sheppard,gerrard sheppard,WR,BAL BAL,BAL,22,2013,2013,1,405000,405000,0.0032999999999999995,2013,2013,FALSE
1958,Eric Page,eric page,WR,TB TB,TB,21,2013,2013,1,405000,405000,0.0032999999999999995,2013,2013,FALSE
1968,Justin Veltung,justin veltung,WR,STL STL,LA,21,2013,2013,1,405000,405000,0.0032999999999999995,2013,2013,FALSE
1970,Omarius Hines,omarius hines,WR,GB GB,GB,23,2013,2013,1,405000,405000,0.0032999999999999995,2013,2013,FALSE
1976,Jerrell Jackson,jerrell jackson,WR,CHI CHI,CHI,22,2013,2013,1,405000,405000,0.0032999999999999995,2013,2013,FALSE
1978,Terriun Crump,terriun crump,WR,TB TB,TB,23,2013,2013,1,405000,405000,0.0032999999999999995,2013,2013,FALSE
1980,Will Murphy,will murphy,WR,PHI PHI,PHI,22,2013,2013,1,405000,405000,0.0032999999999999995,2013,2013,FALSE
1981,Demetrius Fields,demetrius fields,WR,STL STL,LA,22,2013,2013,1,405000,405000,0.0032999999999999995,2013,2013,FALSE
1982,Chris Denton,chris denton,WR,TB TB,TB,21,2013,2013,1,405000,405000,0.0032999999999999995,2013,2013,FALSE
1985,Joe Hastings,joe hastings,WR,MIA MIA,MIA,25,2013,2013,1,405000,405000,0.0032999999999999995,2013,2013,FALSE
1994,Tyler Shoemaker,tyler shoemaker,WR,KC KC,KC,24,2013,2013,1,405000,405000,0.0032999999999999995,2013,2013,FALSE
1997,Vidal Hazelton,vidal hazelton,WR,NYJ NYJ,NYJ,24,2013,2013,1,405000,405000,0.0032999999999999995,2013,2013,FALSE
2002,Greg Orton,greg orton,WR,DEN DEN,DEN,26,2013,2013,1,405000,405000,0.0032999999999999995,2013,2013,FALSE
2003,Isaiah Williams,isaiah williams,WR,OAK OAK,LV,25,2013,2013,1,405000,405000,0.0032999999999999995,2013,2013,FALSE
2008,Joe Collins,joe collins,WR,NYJ NYJ,NYJ,24,2013,2013,1,405000,405000,0.0032999999999999995,2013,2013,FALSE
2015,Tray Session,tray session,WR,OAK OAK,LV,25,2013,2013,1,405000,405000,0.0032999999999999995,2013,2013,FALSE
2020,Tori Gurley,tori gurley,WR,CLE CLE,CLE,25,2013,2013,1,405000,405000,0.0032999999999999995,2013,2013,FALSE
2023,Royce Pollard,royce pollard,WR,NYJ NYJ,NYJ,23,2013,2013,1,405000,405000,0.0032999999999999995,2013,2013,FALSE
2024,Titus Ryan,titus ryan,WR,NYJ NYJ,NYJ,28,2013,2013,1,405000,405000,0.0032999999999999995,2013,2013,FALSE
2027,Lance Lewis,lance lewis,WR,WAS WAS,WAS,24,2013,2014,2,90000,45000,4e-4,2014,2014,FALSE
2029,Thomas Mayo,thomas mayo,WR,NYJ NYJ,NYJ,22,2013,2013,1,NA,NA,NA,2013,2013,FALSE
2039,Chaz Schilens,chaz schilens,WR,DET DET,DET,27,2013,2013,1,NA,NA,NA,2013,2013,FALSE
2041,Calvin Johnson,calvin johnson,WR,DET DET,DET,26,2012,2019,7,113450000,16207143,0.1344,2018,2019,FALSE
2046,Vincent Jackson,vincent jackson,WR,TB TB,TB,28,2012,2016,5,55555555,11111111,0.09209999999999999,2016,2016,FALSE
2056,DeSean Jackson,desean jackson,WR,PHI PHI,PHI,25,2012,2016,5,47000000,9400000,0.0779,2016,2016,FALSE
2062,Pierre Garcon,pierre garcon,WR,WAS WAS,WAS,25,2012,2016,5,42500000,8500000,0.0705,2016,2016,FALSE
2063,Antonio Brown,antonio brown,WR,PIT PIT,PIT,23,2012,2017,5,41960000,8392000,0.0696,2016,2017,FALSE
2070,Marques Colston,marques colston,WR,NO NO,NO,28,2012,2016,5,36300000,7260000,0.0602,2016,2016,FALSE
2071,Stevie Johnson,stevie johnson,WR,BUF BUF,BUF,25,2012,2016,5,36250000,7250000,0.0601,2016,2016,FALSE
2081,Laurent Robinson,laurent robinson,WR,JAX JAX,JAX,26,2012,2016,5,32500000,6500000,0.053899999999999997,2016,2016,FALSE
2086,Steve Smith,steve smith,WR,CAR CAR,CAR,32,2012,2016,4,30000000,7500000,0.0622,2015,2016,FALSE
2091,Robert Meachem,robert meachem,WR,SD SD,LAC,27,2012,2015,4,25900000,6475000,0.0537,2015,2015,FALSE
2121,Justin Blackmon,justin blackmon,WR,JAX JAX,JAX,21,2012,2015,4,18512010,4628003,0.0384,2015,2015,FALSE
2131,Reggie Wayne,reggie wayne,WR,IND IND,IND,33,2012,2014,3,17500000,5833333,0.0484,2014,2014,FALSE
2149,Eddie Royal,eddie royal,WR,SD SD,LAC,25,2012,2014,3,13500000,4500000,0.0373,2014,2014,FALSE
2157,Harry Douglas,harry douglas,WR,ATL ATL,ATL,26,2012,2015,4,12500000,3125000,0.0259,2015,2015,FALSE
2160,Brandon Lloyd,brandon lloyd,WR,NE NE,NE,30,2012,2014,3,12000000,4000000,0.0332,2014,2014,FALSE
2163,Malcom Floyd,malcom floyd,WR,SD SD,LAC,30,2012,2015,3,11550000,3850000,0.0319,2014,2015,FALSE
2165,Josh Morgan,josh morgan,WR,WAS WAS,WAS,26,2012,2013,2,11500000,5750000,0.047700000000000006,2013,2013,FALSE
2178,Mike Thomas,mike thomas,WR,DET DET,DET,24,2012,2015,4,10210000,2552500,0.0212,2015,2015,FALSE
2180,Michael Floyd,michael floyd,WR,ARI ARI,ARI,22,2012,2016,4,9971500,2492875,0.0207,2015,2016,FALSE
2186,Wes Welker,wes welker,WR,NE NE,NE,30,2012,2012,1,9515000,9515000,0.0789,2012,2012,FALSE
2187,Dwayne Bowe,dwayne bowe,WR,KC KC,KC,27,2012,2012,1,9515000,9515000,0.0789,2012,2012,FALSE
2188,DeSean Jackson,desean jackson,WR,PHI PHI,PHI,25,2012,2012,1,9400000,9400000,0.0779,2012,2012,FALSE
2205,Kendall Wright,kendall wright,WR,TEN TEN,TEN,22,2012,2016,4,8218452,2054613,0.017,2015,2016,FALSE
2220,Mario Manningham,mario manningham,WR,SF SF,SF,25,2012,2013,2,7375000,3687500,0.030600000000000002,2013,2013,FALSE
2221,Lavelle Hawkins,lavelle hawkins,WR,TEN TEN,TEN,25,2012,2014,3,7200000,2400000,0.0199,2014,2014,FALSE
2224,A.J. Jenkins,a j jenkins,WR,SF SF,SF,22,2012,2015,4,6947533,1736883,0.0144,2015,2015,FALSE
2230,Jacoby Jones,jacoby jones,WR,BAL BAL,BAL,27,2012,2013,2,6500000,3250000,0.0269,2013,2013,FALSE
2249,Matthew Slater,matthew slater,WR,NE NE,NE,26,2012,2014,3,5400000,1800000,0.0149,2014,2014,FALSE
2251,Brian Quick,brian quick,WR,STL STL,LA,22,2012,2015,4,5386599,1346650,0.011200000000000002,2015,2015,FALSE
2253,Josh Gordon,josh gordon,WR,CLE CLE,CLE,20,2012,2017,4,5341648,1335412,0.0111,2015,2017,FALSE
2271,Stephen Hill,stephen hill,WR,NYJ NYJ,NYJ,20,2012,2015,4,4712345,1178086,0.0098,2015,2015,FALSE
2273,Alshon Jeffery,alshon jeffery,WR,CHI CHI,CHI,21,2012,2015,4,4547830,1136958,0.0094,2015,2015,FALSE
2279,Eric Weems,eric weems,WR,CHI CHI,CHI,26,2012,2014,3,4240000,1413333,0.011700000000000002,2014,2014,FALSE
2288,Early Doucet,early doucet,WR,ARI ARI,ARI,26,2012,2013,2,4000000,2000000,0.0166,2013,2013,FALSE
2296,Ryan Broyles,ryan broyles,WR,DET DET,DET,23,2012,2015,4,3678500,919625,0.0076,2015,2015,FALSE
2314,Rueben Randle,rueben randle,WR,NYG NYG,NYG,20,2012,2015,4,3291930,822983,0.0068,2015,2015,FALSE
2336,Jerricho Cotchery,jerricho cotchery,WR,PIT PIT,PIT,29,2012,2013,2,3000000,1500000,0.0124,2013,2013,FALSE
2338,DeVier Posey,devier posey,WR,HOU HOU,HOU,21,2012,2015,4,2962092,740523,0.0060999999999999995,2015,2015,FALSE
2341,T.J. Graham,t j graham,WR,BUF BUF,BUF,22,2012,2015,4,2901252,725313,0.006,2015,2015,FALSE
2354,Mike Wallace,mike wallace,WR,PIT PIT,PIT,25,2012,2012,1,2742000,2742000,0.0227,2012,2012,FALSE
2362,Mohamed Sanu,mohamed sanu,WR,CIN CIN,CIN,22,2012,2015,4,2713252,678313,0.005600000000000001,2015,2015,FALSE
2379,T.Y. Hilton,t y hilton,WR,IND IND,IND,22,2012,2015,4,2642400,660600,0.0055000000000000005,2015,2015,FALSE
2383,Chris Givens,chris givens,WR,STL STL,LA,22,2012,2015,4,2597028,649257,0.0054,2015,2015,FALSE
2387,Travis Benjamin,travis benjamin,WR,CLE CLE,CLE,22,2012,2015,4,2577000,644250,0.0053,2015,2015,FALSE
2391,Joe Adams,joe adams,WR,CAR CAR,CAR,22,2012,2015,4,2567552,641888,0.0053,2015,2015,FALSE
2395,Devon Wylie,devon wylie,WR,KC KC,KC,23,2012,2015,4,2555400,638850,0.0053,2015,2015,FALSE
2404,Jarius Wright,jarius wright,WR,MIN MIN,MIN,22,2012,2015,4,2520108,630027,0.0052,2015,2015,FALSE
2407,Keshawn Martin,keshawn martin,WR,HOU HOU,HOU,21,2012,2015,4,2512560,628140,0.0052,2015,2015,FALSE
2408,Nick Toon,nick toon,WR,NO NO,NO,23,2012,2015,4,2507612,626903,0.0052,2015,2015,FALSE
2412,Steve Smith,steve smith,WR,STL STL,LA,26,2012,2012,1,2500000,2500000,0.0207,2012,2012,FALSE
2420,Randy Moss,randy moss,WR,SF SF,SF,34,2012,2012,1,2500000,2500000,0.0207,2012,2012,FALSE
2430,Greg Childs,greg childs,WR,MIN MIN,MIN,21,2012,2015,4,2400584,600146,0.005,2015,2015,FALSE
2443,Jabar Gaffney,jabar gaffney,WR,NE NE,NE,31,2012,2013,2,2300000,1150000,0.0095000000000000015,2013,2013,FALSE
2453,Danny Coale,danny coale,WR,DAL DAL,DAL,23,2012,2015,4,2290052,572513,0.0047,2015,2015,FALSE
2465,Marvin Jones,marvin jones,WR,CIN CIN,CIN,21,2012,2015,4,2262800,565700,0.0047,2015,2015,FALSE
2467,Juron Criner,juron criner,WR,OAK OAK,LV,22,2012,2015,4,2244560,561140,0.0047,2015,2015,FALSE
2485,B.J Cunningham,b j cunningham,WR,MIA MIA,MIA,22,2012,2015,4,2206200,551550,0.0046,2015,2015,FALSE
2497,Marvin McNutt,marvin mcnutt,WR,PHI PHI,PHI,22,2012,2014,4,2198892,549723,0.0046,2015,2014,FALSE
2501,Tommy Streeter,tommy streeter,WR,BAL BAL,BAL,22,2012,2015,4,2194052,548513,0.0045000000000000005,2015,2015,FALSE
2505,LaVon Brazill,lavon brazill,WR,IND IND,IND,22,2012,2015,4,2178680,544670,0.0045000000000000005,2015,2015,FALSE
2530,Rishard Matthews,rishard matthews,WR,MIA MIA,MIA,22,2012,2015,4,2153612,538403,0.0045000000000000005,2015,2015,FALSE
2535,Toney Clemons,toney clemons,WR,PIT PIT,PIT,23,2012,2015,4,2149824,537456,0.0045000000000000005,2015,2015,FALSE
2538,Jeremy Ebert,jeremy ebert,WR,NE NE,NE,22,2012,2015,4,2148200,537050,0.0045000000000000005,2015,2015,FALSE
2540,Junior Hemingway,junior hemingway,WR,KC KC,KC,23,2012,2015,4,2147000,536750,0.0045000000000000005,2015,2015,FALSE
2541,Jordan White,jordan white,WR,NYJ NYJ,NYJ,23,2012,2015,4,2145896,536474,0.0044,2015,2015,FALSE
2565,Jerome Simpson,jerome simpson,WR,MIN MIN,MIN,25,2012,2012,1,2000000,2000000,0.0166,2012,2012,FALSE
2572,Danny Amendola,danny amendola,WR,STL STL,LA,26,2012,2012,1,1972000,1972000,0.0164,2012,2012,FALSE
2587,Andre Caldwell,andre caldwell,WR,DEN DEN,DEN,26,2012,2013,2,1800000,900000,0.0075,2013,2013,FALSE
2602,Greg Salas,greg salas,WR,PHI PHI,PHI,23,2012,2014,3,1665000,555000,0.0046,2014,2014,FALSE
2603,Weslye Saunders,weslye saunders,WR,IND IND,IND,22,2012,2014,3,1665000,555000,0.0046,2014,2014,FALSE
2607,Marcus Easley,marcus easley,WR,BUF BUF,BUF,24,2012,2014,3,1600000,533333,0.0044,2014,2014,FALSE
2612,Preston Parker,preston parker,WR,TB TB,TB,24,2012,2013,2,1590000,795000,0.006599999999999999,2013,2013,FALSE
2617,Lee Evans,lee evans,WR,JAX JAX,JAX,30,2012,2012,1,1496875,1496875,0.0124,2012,2012,FALSE
2620,Rico Wallace,rico wallace,WR,CAR CAR,CAR,21,2012,2014,3,1477500,492500,0.0041,2014,2014,FALSE
2627,Damaris Johnson,damaris johnson,WR,PHI PHI,PHI,22,2012,2014,3,1455000,485000,0.004,2014,2014,FALSE
2643,Nathan Palmer,nathan palmer,WR,SF SF,SF,22,2012,2014,3,1450000,483333,0.004,2014,2014,FALSE
2647,Saalim Hakim,saalim hakim,WR,DAL DAL,DAL,21,2012,2014,3,1450000,483333,0.004,2014,2014,FALSE
2651,Rod Streater,rod streater,WR,OAK OAK,LV,23,2012,2014,3,1450000,483333,0.004,2014,2014,FALSE
2652,David Douglas,david douglas,WR,NYG NYG,NYG,22,2012,2014,3,1450000,483333,0.004,2014,2014,FALSE
2663,Brian Tyms,brian tyms,WR,SF SF,SF,22,2012,2014,3,1448000,482667,0.004,2014,2014,FALSE
2667,Jeff Fuller,jeff fuller,WR,MIA MIA,MIA,21,2012,2014,3,1447500,482500,0.004,2014,2014,FALSE
2669,Marcus Thigpen,marcus thigpen,WR,MIA MIA,MIA,25,2012,2015,3,1447500,482500,0.004,2014,2015,FALSE
2678,Jared Green,jared green,WR,CAR CAR,CAR,22,2012,2014,3,1447500,482500,0.004,2014,2014,FALSE
2680,Brenton Bersin,brenton bersin,WR,CAR CAR,CAR,21,2012,2014,3,1447500,482500,0.004,2014,2014,FALSE
2691,Laron Byrd,laron byrd,WR,ARI ARI,ARI,22,2012,2014,3,1446500,482167,0.004,2014,2014,FALSE
2692,Patrick Edwards,patrick edwards,WR,DET DET,DET,23,2012,2014,3,1446000,482000,0.004,2014,2014,FALSE
2702,Derek Moye,derek moye,WR,MIA MIA,MIA,23,2012,2014,3,1445000,481667,0.004,2014,2014,FALSE
2704,Darius Hanks,darius hanks,WR,WAS WAS,WAS,22,2012,2014,3,1445000,481667,0.004,2014,2014,FALSE
2732,Marquis Maze,marquis maze,WR,PIT PIT,PIT,22,2012,2014,3,1445000,481667,0.004,2014,2014,FALSE
2738,Dale Moss,dale moss,WR,GB GB,GB,23,2012,2014,3,1445000,481667,0.004,2014,2014,FALSE
2752,Darius Reynolds,darius reynolds,WR,GB GB,GB,22,2012,2014,3,1444000,481333,0.004,2014,2014,FALSE
2763,Deonte Thompson,deonte thompson,WR,BAL BAL,BAL,22,2012,2015,3,1444000,481333,0.004,2014,2015,FALSE
2769,Gerell Robinson,gerell robinson,WR,DEN DEN,DEN,22,2012,2014,3,1443500,481167,0.004,2014,2014,FALSE
2775,Chris Owusu,chris owusu,WR,SF SF,SF,21,2012,2014,3,1443000,481000,0.004,2014,2014,FALSE
2788,Dorian Graham,dorian graham,WR,BAL BAL,BAL,22,2012,2014,3,1443000,481000,0.004,2014,2014,FALSE
2791,Kamar Jorden,kamar jorden,WR,MIN MIN,MIN,22,2012,2014,3,1442500,480833,0.004,2014,2014,FALSE
2796,Devin Goda,devin goda,WR,BAL BAL,BAL,22,2012,2014,3,1442500,480833,0.004,2014,2014,FALSE
2798,Chris Givens,chris givens,WR,NO NO,NO,22,2012,2014,3,1442500,480833,0.004,2014,2014,FALSE
2801,Matt Roark,matt roark,WR,NE NE,NE,22,2012,2014,3,1442500,480833,0.004,2014,2014,FALSE
2804,Connor Dixon,connor dixon,WR,PIT PIT,PIT,24,2012,2014,3,1442500,480833,0.004,2014,2014,FALSE
2812,Marcus Rivers,marcus rivers,WR,GB GB,GB,22,2012,2014,3,1442000,480667,0.004,2014,2014,FALSE
2822,Michael Calvin,michael calvin,WR,ATL ATL,ATL,22,2012,2014,3,1442000,480667,0.004,2014,2014,FALSE
2824,Marcus Jackson,marcus jackson,WR,ATL ATL,ATL,22,2012,2014,3,1442000,480667,0.004,2014,2014,FALSE
2825,James Rodgers,james rodgers,WR,ATL ATL,ATL,23,2012,2014,3,1442000,480667,0.004,2014,2014,FALSE
2827,Jared Karstetter,jared karstetter,WR,DET DET,DET,22,2012,2014,3,1441500,480500,0.004,2014,2014,FALSE
2831,Cole Beasley,cole beasley,WR,DAL DAL,DAL,22,2012,2014,3,1441500,480500,0.004,2014,2014,FALSE
2838,Eric Page,eric page,WR,DEN DEN,DEN,20,2012,2014,3,1441085,480362,0.004,2014,2014,FALSE
2839,Troy Burrell,troy burrell,WR,DET DET,DET,22,2012,2014,3,1441000,480333,0.004,2014,2014,FALSE
2860,Jamel Hamler,jamel hamler,WR,PHI PHI,PHI,23,2012,2014,3,1440000,480000,0.004,2014,2014,FALSE
2862,Jeremy Ross,jeremy ross,WR,GB GB,GB,23,2012,2013,3,1440000,480000,0.004,2014,2013,FALSE
2868,Ed Gant,ed gant,WR,TB TB,TB,26,2012,2014,3,1440000,480000,0.004,2014,2014,FALSE
2871,Tim Toone,tim toone,WR,ATL ATL,ATL,26,2012,2014,3,1440000,480000,0.004,2014,2014,FALSE
2875,Drew Davis,drew davis,WR,ATL ATL,ATL,22,2012,2014,3,1440000,480000,0.004,2014,2014,FALSE
2876,Jimmy Young,jimmy young,WR,PIT PIT,PIT,24,2012,2014,3,1440000,480000,0.004,2014,2014,FALSE
2877,Juamorris Stewart,juamorris stewart,WR,PIT PIT,PIT,25,2012,2014,3,1440000,480000,0.004,2014,2014,FALSE
2882,David Gilreath,david gilreath,WR,PIT PIT,PIT,23,2012,2014,3,1440000,480000,0.004,2014,2014,FALSE
2883,Tyler Beiler,tyler beiler,WR,PIT PIT,PIT,23,2012,2014,3,1440000,480000,0.004,2014,2014,FALSE
2893,Kevin Elliott,kevin elliott,WR,BUF BUF,BUF,23,2012,2014,3,1440000,480000,0.004,2014,2014,FALSE
2902,David Douglas,david douglas,WR,TB TB,TB,22,2012,2014,3,1440000,480000,0.004,2014,2014,FALSE
2916,Kashif Moore,kashif moore,WR,IND IND,IND,23,2012,2014,3,1440000,480000,0.004,2014,2014,FALSE
2921,Wallace Miles,wallace miles,WR,DET DET,DET,22,2012,2014,3,1440000,480000,0.004,2014,2014,FALSE
2933,Brittan Golden,brittan golden,WR,CHI CHI,CHI,23,2012,2014,3,1440000,480000,0.004,2014,2014,FALSE
2934,Joseph Anderson,joseph anderson,WR,CHI CHI,CHI,23,2012,2014,3,1440000,480000,0.004,2014,2014,FALSE
2936,Lamont Bryant,lamont bryant,WR,CAR CAR,CAR,23,2012,2014,3,1440000,480000,0.004,2014,2014,FALSE
2941,Mike Brown,mike brown,WR,JAX JAX,JAX,22,2012,2014,3,1440000,480000,0.004,2014,2014,FALSE
2945,Lance Lewis,lance lewis,WR,WAS WAS,WAS,23,2012,2014,3,1440000,480000,0.004,2014,2014,FALSE
2947,Sam Kirkland,sam kirkland,WR,WAS WAS,WAS,NA,2012,2014,3,1440000,480000,0.004,2014,2014,FALSE
2955,D.J. Woods,d j woods,WR,TEN TEN,TEN,22,2012,2014,3,1440000,480000,0.004,2014,2014,FALSE
2960,LaQuinton Evans,laquinton evans,WR,TEN TEN,TEN,21,2012,2014,3,1440000,480000,0.004,2014,2014,FALSE
2961,Chase Deadder,chase deadder,WR,TEN TEN,TEN,23,2012,2014,3,1440000,480000,0.004,2014,2014,FALSE
2965,Devin Aguilar,devin aguilar,WR,TEN TEN,TEN,23,2012,2014,3,1440000,480000,0.004,2014,2014,FALSE
2970,Armahd Lewis,armahd lewis,WR,TB TB,TB,NA,2012,2014,3,1440000,480000,0.004,2014,2014,FALSE
2975,Landon Cox,landon cox,WR,TB TB,TB,22,2012,2014,3,1440000,480000,0.004,2014,2014,FALSE
2983,Nicholas Johnson,nicholas johnson,WR,STL STL,LA,22,2012,2014,3,1440000,480000,0.004,2014,2014,FALSE
2990,De'Andre Presley,de andre presley,WR,MIA MIA,MIA,21,2012,2014,3,1440000,480000,0.004,2014,2014,FALSE
2991,Phillip Payne,phillip payne,WR,SD SD,LAC,21,2012,2014,3,1440000,480000,0.004,2014,2014,FALSE
2997,Taylor Embree,taylor embree,WR,SD SD,LAC,23,2012,2014,3,1440000,480000,0.004,2014,2014,FALSE
3001,Jason Barnes,jason barnes,WR,SD SD,LAC,22,2012,2014,3,1440000,480000,0.004,2014,2014,FALSE
3011,McKay Jacobson,mckay jacobson,WR,PHI PHI,PHI,24,2012,2014,3,1440000,480000,0.004,2014,2014,FALSE
3014,Elvis Akpla,elvis akpla,WR,PHI PHI,PHI,22,2012,2014,3,1440000,480000,0.004,2014,2014,FALSE
3015,Tray Session,tray session,WR,OAK OAK,LV,24,2012,2014,3,1440000,480000,0.004,2014,2014,FALSE
3018,Dre Muhammad,dre muhammad,WR,OAK OAK,LV,23,2012,2014,3,1440000,480000,0.004,2014,2014,FALSE
3019,Thomas Mayo,thomas mayo,WR,OAK OAK,LV,21,2012,2014,3,1440000,480000,0.004,2014,2014,FALSE
3033,Royce Pollard,royce pollard,WR,NYJ NYJ,NYJ,22,2012,2014,3,1440000,480000,0.004,2014,2014,FALSE
3037,Joe Collins,joe collins,WR,NYJ NYJ,NYJ,23,2012,2014,3,1440000,480000,0.004,2014,2014,FALSE
3043,Brandon Collins,brandon collins,WR,NYG NYG,NYG,22,2012,2014,3,1440000,480000,0.004,2014,2014,FALSE
3047,Brandon Kinnie,brandon kinnie,WR,KC KC,KC,23,2012,2014,3,1440000,480000,0.004,2014,2014,FALSE
3055,Kevin Elliott,kevin elliott,WR,JAX JAX,JAX,23,2012,2014,3,1440000,480000,0.004,2014,2014,FALSE
3068,Jabin Sambrano,jabin sambrano,WR,IND IND,IND,21,2012,2014,3,1440000,480000,0.004,2014,2014,FALSE
3069,Lavasier Tuinei,lavasier tuinei,WR,SEA SEA,SEA,21,2012,2014,3,1440000,480000,0.004,2014,2014,FALSE
3072,Jermaine Kearse,jermaine kearse,WR,SEA SEA,SEA,21,2012,2014,3,1440000,480000,0.004,2014,2014,FALSE
3079,Jerrell Jackson,jerrell jackson,WR,HOU HOU,HOU,21,2012,2014,3,1440000,480000,0.004,2014,2014,FALSE
3080,Mario Louis,mario louis,WR,HOU HOU,HOU,23,2012,2014,3,1440000,480000,0.004,2014,2014,FALSE
3088,Dwight Jones,dwight jones,WR,HOU HOU,HOU,22,2012,2014,3,1440000,480000,0.004,2014,2014,FALSE
3092,David Little,david little,WR,DAL DAL,DAL,23,2012,2014,3,1440000,480000,0.004,2014,2014,FALSE
3093,Tim Benford,tim benford,WR,DAL DAL,DAL,22,2012,2014,3,1440000,480000,0.004,2014,2014,FALSE
3099,Bert Reed,bert reed,WR,CLE CLE,CLE,23,2012,2014,3,1440000,480000,0.004,2014,2014,FALSE
3102,Jermaine Saffold,jermaine saffold,WR,CLE CLE,CLE,22,2012,2014,3,1440000,480000,0.004,2014,2014,FALSE
3106,Justin Hilton,justin hilton,WR,CIN CIN,CIN,23,2012,2014,3,1440000,480000,0.004,2014,2014,FALSE
3112,Chris Summers,chris summers,WR,CHI CHI,CHI,22,2012,2014,3,1440000,480000,0.004,2014,2014,FALSE
3113,Terriun Crump,terriun crump,WR,CHI CHI,CHI,22,2012,2014,3,1440000,480000,0.004,2014,2014,FALSE
3114,Michael Avila,michael avila,WR,CAR CAR,CAR,23,2012,2014,3,1440000,480000,0.004,2014,2014,FALSE
3121,Kenny Stafford,kenny stafford,WR,ATL ATL,ATL,21,2012,2014,3,1440000,480000,0.004,2014,2014,FALSE
3134,Tre Gray,tre gray,WR,ARI ARI,ARI,22,2012,2014,3,1440000,480000,0.004,2014,2014,FALSE
3147,Jarrett Boykin,jarrett boykin,WR,GB GB,GB,22,2012,2014,3,1440000,480000,0.004,2014,2014,FALSE
3162,Greg Ellingson,greg ellingson,WR,TB TB,TB,23,2012,2014,3,1440000,480000,0.004,2014,2014,FALSE
3184,Ted Ginn Jr.,ted ginn jr,WR,SF SF,SF,26,2012,2012,1,1375000,1375000,0.0114,2012,2012,FALSE
3187,Junior Hemingway,junior hemingway,WR,KC KC,KC,23,2012,2014,3,1365000,455000,0.0038,2014,2014,FALSE
3190,Tiquan Underwood,tiquan underwood,WR,TB TB,TB,24,2012,2013,2,1330000,665000,0.0055000000000000005,2013,2013,FALSE
3198,Brian Robiskie,brian robiskie,WR,DET DET,DET,24,2012,2013,2,1330000,665000,0.0055000000000000005,2013,2013,FALSE
3201,Deion Branch,deion branch,WR,NE NE,NE,32,2012,2012,1,1325000,1325000,0.011000000000000001,2012,2012,FALSE
3208,Griff Whalen,griff whalen,WR,IND IND,IND,21,2012,2014,3,1291500,430500,0.0036,2014,2014,FALSE
3209,Donavon Kemp,donavon kemp,WR,DAL DAL,DAL,23,2012,2014,3,1291500,430500,0.0036,2014,2014,FALSE
3217,Saalim Hakim,saalim hakim,WR,NO NO,NO,21,2012,2014,3,1290000,430000,0.0036,2014,2014,FALSE
3218,Michael Willie,michael willie,WR,SD SD,LAC,21,2012,2014,3,1290000,430000,0.0036,2014,2014,FALSE
3234,Matt Willis,matt willis,WR,DEN DEN,DEN,27,2012,2012,1,1260000,1260000,0.0104,2012,2012,FALSE
3273,Anthony Armstrong,anthony armstrong,WR,DAL DAL,DAL,28,2012,2013,2,1170000,585000,0.0049,2013,2013,FALSE
3284,Chad Hall,chad hall,WR,SF SF,SF,25,2012,2013,2,1095000,547500,0.0045000000000000005,2013,2013,FALSE
3285,Chris Owusu,chris owusu,WR,TB TB,TB,21,2012,2014,2,1050000,525000,0.0044,2013,2014,FALSE
3294,Bryan Walters,bryan walters,WR,MIN MIN,MIN,24,2012,2013,2,1020000,510000,0.004200000000000001,2013,2013,FALSE
3297,Charly Martin,charly martin,WR,SEA SEA,SEA,27,2012,2013,2,1020000,510000,0.004200000000000001,2013,2013,FALSE
3300,Mardy Gilyard,mardy gilyard,WR,PHI PHI,PHI,25,2012,2013,2,1020000,510000,0.004200000000000001,2013,2013,FALSE
3344,Terrell Owens,terrell owens,WR,SEA SEA,SEA,38,2012,2012,1,990000,990000,0.0082,2012,2012,FALSE
3360,Kamar Aiken,kamar aiken,WR,NE NE,NE,22,2012,2013,2,945000,472500,0.0039000000000000003,2013,2013,FALSE
3368,Chad Johnson,chad johnson,WR,MIA MIA,MIA,33,2012,2012,1,925000,925000,0.0077,2012,2012,FALSE
3372,Brandon Stokley,brandon stokley,WR,DEN DEN,DEN,35,2012,2012,1,925000,925000,0.0077,2012,2012,FALSE
3376,Plaxico Burress,plaxico burress,WR,PIT PIT,PIT,34,2012,2012,1,925000,925000,0.0077,2012,2012,FALSE
3377,Jabar Gaffney,jabar gaffney,WR,MIA MIA,MIA,31,2012,2012,1,925000,925000,0.0077,2012,2012,FALSE
3382,Brandon Carswell,brandon carswell,WR,OAK OAK,LV,22,2012,2014,2,900000,450000,0.0037,2013,2014,FALSE
3387,Braylon Edwards,braylon edwards,WR,SEA SEA,SEA,28,2012,2012,1,890000,890000,0.0074,2012,2012,FALSE
3410,Kassim Osgood,kassim osgood,WR,DET DET,DET,31,2012,2012,1,890000,890000,0.0074,2012,2012,FALSE
3412,Donte Stallworth,donte stallworth,WR,NE NE,NE,31,2012,2012,1,875000,875000,0.0073,2012,2012,FALSE
3421,James Kirkendoll,james kirkendoll,WR,TEN TEN,TEN,22,2012,2013,2,870000,435000,0.0036,2013,2013,FALSE
3430,Marcus Harris,marcus harris,WR,TEN TEN,TEN,22,2012,2013,2,870000,435000,0.0036,2013,2013,FALSE
3435,Jamar Newsome,jamar newsome,WR,KC KC,KC,24,2012,2013,2,870000,435000,0.0036,2013,2013,FALSE
3456,David Gilreath,david gilreath,WR,PIT PIT,PIT,23,2012,2013,2,870000,435000,0.0036,2013,2013,FALSE
3457,Chris Hogan,chris hogan,WR,BUF BUF,BUF,24,2012,2013,2,870000,435000,0.0036,2013,2013,FALSE
3463,Joseph Anderson,joseph anderson,WR,CHI CHI,CHI,23,2012,2013,2,870000,435000,0.0036,2013,2013,FALSE
3467,Toney Clemons,toney clemons,WR,JAX JAX,JAX,23,2012,2013,2,870000,435000,0.0036,2013,2013,FALSE
3477,Michael Campbell,michael campbell,WR,STL STL,LA,22,2012,2013,2,870000,435000,0.0036,2013,2013,FALSE
3479,Tiger Jones,tiger jones,WR,PHI PHI,PHI,29,2012,2013,2,870000,435000,0.0036,2013,2013,FALSE
3480,Josh Bellamy,josh bellamy,WR,KC KC,KC,22,2012,2015,2,870000,435000,0.0036,2013,2015,FALSE
3499,Donte Stallworth,donte stallworth,WR,NE NE,NE,31,2012,2012,1,825000,825000,0.0068,2012,2012,FALSE
3513,Rashied Davis,rashied davis,WR,CHI CHI,CHI,32,2012,2012,1,825000,825000,0.0068,2012,2012,FALSE
3515,Bryant Johnson,bryant johnson,WR,HOU HOU,HOU,30,2012,2012,1,825000,825000,0.0068,2012,2012,FALSE
3542,Devin Aromashodu,devin aromashodu,WR,MIN MIN,MIN,27,2012,2012,1,800000,800000,0.006599999999999999,2012,2012,FALSE
3545,Jerrell Jackson,jerrell jackson,WR,JAX JAX,JAX,21,2012,2013,2,795000,397500,0.0032999999999999995,2013,2013,FALSE
3546,Kerry Taylor,kerry taylor,WR,ARI ARI,ARI,22,2012,2014,2,795000,397500,0.0032999999999999995,2013,2014,FALSE
3549,Mike Brown,mike brown,WR,JAX JAX,JAX,22,2012,2013,2,795000,397500,0.0032999999999999995,2013,2013,FALSE
3559,Chaz Schilens,chaz schilens,WR,NYJ NYJ,NYJ,26,2012,2012,1,765000,765000,0.0063,2012,2012,FALSE
3560,Derek Hagan,derek hagan,WR,BUF BUF,BUF,27,2012,2012,1,765000,765000,0.0063,2012,2012,FALSE
3582,Anthony Gonzalez,anthony gonzalez,WR,NE NE,NE,27,2012,2012,1,716000,716000,0.0059,2012,2012,FALSE
3610,Wallace Wright,wallace wright,WR,TB TB,TB,27,2012,2012,1,700000,700000,0.0058,2012,2012,FALSE
3619,Courtney Roby,courtney roby,WR,NO NO,NO,28,2012,2012,1,700000,700000,0.0058,2012,2012,FALSE
3631,Roscoe Parrish,roscoe parrish,WR,SD SD,LAC,29,2012,2012,1,700000,700000,0.0058,2012,2012,FALSE
3644,David Clowney,david clowney,WR,BUF BUF,BUF,26,2012,2012,1,700000,700000,0.0058,2012,2012,FALSE
3656,Ruvell Martin,ruvell martin,WR,BUF BUF,BUF,29,2012,2012,1,700000,700000,0.0058,2012,2012,FALSE
3661,Jason Hill,jason hill,WR,DEN DEN,DEN,26,2012,2012,1,700000,700000,0.0058,2012,2012,FALSE
3666,Legedu Naanee,legedu naanee,WR,MIA MIA,MIA,28,2012,2012,1,700000,700000,0.0058,2012,2012,FALSE
3673,Micheal Spurlock,micheal spurlock,WR,SD SD,LAC,28,2012,2012,1,700000,700000,0.0058,2012,2012,FALSE
3689,Micheal Spurlock,micheal spurlock,WR,JAX JAX,JAX,28,2012,2012,1,700000,700000,0.0058,2012,2012,FALSE
3690,Jason Hill,jason hill,WR,NYJ NYJ,NYJ,26,2012,2012,1,700000,700000,0.0058,2012,2012,FALSE
3693,Derek Hagan,derek hagan,WR,OAK OAK,LV,27,2012,2012,1,700000,700000,0.0058,2012,2012,FALSE
3696,Greg Camarillo,greg camarillo,WR,NO NO,NO,29,2012,2012,1,700000,700000,0.0058,2012,2012,FALSE
3699,Demetrius Williams,demetrius williams,WR,JAX JAX,JAX,28,2012,2012,1,700000,700000,0.0058,2012,2012,FALSE
3703,Donnie Avery,donnie avery,WR,IND IND,IND,27,2012,2012,1,665000,665000,0.0055000000000000005,2012,2012,FALSE
3706,Kevin Ogletree,kevin ogletree,WR,DAL DAL,DAL,24,2012,2012,1,640000,640000,0.0053,2012,2012,FALSE
3719,Jaymar Johnson,jaymar johnson,WR,ARI ARI,ARI,27,2012,2012,1,615000,615000,0.0051,2012,2012,FALSE
3732,Domenik Hixon,domenik hixon,WR,NYG NYG,NYG,27,2012,2012,1,615000,615000,0.0051,2012,2012,FALSE
3739,Deon Butler,deon butler,WR,SEA SEA,SEA,25,2012,2012,1,615000,615000,0.0051,2012,2012,FALSE
3745,Quan Cosby,quan cosby,WR,JAX JAX,JAX,29,2012,2012,1,615000,615000,0.0051,2012,2012,FALSE
3762,Brett Swain,brett swain,WR,SF SF,SF,26,2012,2012,1,615000,615000,0.0051,2012,2012,FALSE
3768,Seyi Ajirotutu,seyi ajirotutu,WR,SD SD,LAC,24,2012,2012,1,540000,540000,0.0045000000000000005,2012,2012,FALSE
3769,Danario Alexander,danario alexander,WR,SD SD,LAC,23,2012,2012,1,540000,540000,0.0045000000000000005,2012,2012,FALSE
3778,Jesse Holley,jesse holley,WR,NE NE,NE,27,2012,2012,1,540000,540000,0.0045000000000000005,2012,2012,FALSE
3779,Jarett Dillard,jarett dillard,WR,DET DET,DET,26,2012,2012,1,540000,540000,0.0045000000000000005,2012,2012,FALSE
3788,Seyi Ajirotutu,seyi ajirotutu,WR,CAR CAR,CAR,24,2012,2012,1,540000,540000,0.0045000000000000005,2012,2012,FALSE
3792,Juaquin Iglesias,juaquin iglesias,WR,HOU HOU,HOU,24,2012,2012,1,540000,540000,0.0045000000000000005,2012,2012,FALSE
3811,Dominique Curry,dominique curry,WR,DET DET,DET,23,2012,2012,1,540000,540000,0.0045000000000000005,2012,2012,FALSE
3816,Richard Goodman,richard goodman,WR,SD SD,LAC,24,2012,2012,1,540000,540000,0.0045000000000000005,2012,2012,FALSE
3817,Derrick Williams,derrick williams,WR,PIT PIT,PIT,25,2012,2012,1,540000,540000,0.0045000000000000005,2012,2012,FALSE
3818,Chad Hall,chad hall,WR,PHI PHI,PHI,25,2012,2012,1,540000,540000,0.0045000000000000005,2012,2012,FALSE
3835,Stephen Williams,stephen williams,WR,ARI ARI,ARI,25,2012,2012,1,540000,540000,0.0045000000000000005,2012,2012,FALSE
3839,Adrian Arrington,adrian arrington,WR,NO NO,NO,26,2012,2012,1,540000,540000,0.0045000000000000005,2012,2012,FALSE
3858,Patrick Turner,patrick turner,WR,NYJ NYJ,NYJ,24,2012,2012,1,506471,506471,0.004200000000000001,2012,2012,FALSE
3864,Logan Payne,logan payne,WR,BAL BAL,BAL,26,2012,2012,1,465000,465000,0.0039000000000000003,2012,2012,FALSE
3872,Lance Long,lance long,WR,DET DET,DET,25,2012,2012,1,465000,465000,0.0039000000000000003,2012,2012,FALSE
3874,Chris Manno,chris manno,WR,CAR CAR,CAR,26,2012,2012,1,465000,465000,0.0039000000000000003,2012,2012,FALSE
3875,Duke Calhoun,duke calhoun,WR,OAK OAK,LV,24,2012,2012,1,465000,465000,0.0039000000000000003,2012,2012,FALSE
3881,Kris Durham,kris durham,WR,DET DET,DET,23,2012,2012,1,465000,465000,0.0039000000000000003,2012,2012,FALSE
3882,Jordan Shipley,jordan shipley,WR,JAX JAX,JAX,26,2012,2012,1,465000,465000,0.0039000000000000003,2012,2012,FALSE
3895,Kris Adams,kris adams,WR,IND IND,IND,24,2012,2012,1,465000,465000,0.0039000000000000003,2012,2012,FALSE
3897,Andy Tanner,andy tanner,WR,NO NO,NO,23,2012,2012,1,465000,465000,0.0039000000000000003,2012,2012,FALSE
3907,Nate Hughes,nate hughes,WR,DET DET,DET,26,2012,2012,1,465000,465000,0.0039000000000000003,2012,2012,FALSE
3914,Zeke Markshausen,zeke markshausen,WR,KC KC,KC,24,2012,2012,1,465000,465000,0.0039000000000000003,2012,2012,FALSE
3918,Tyler Grisham,tyler grisham,WR,DEN DEN,DEN,24,2012,2012,1,465000,465000,0.0039000000000000003,2012,2012,FALSE
3919,John Matthews,john matthews,WR,SF SF,SF,25,2012,2012,1,465000,465000,0.0039000000000000003,2012,2012,FALSE
3927,Isaiah Williams,isaiah williams,WR,ARI ARI,ARI,24,2012,2012,1,465000,465000,0.0039000000000000003,2012,2012,FALSE
3933,Britt Davis,britt davis,WR,NE NE,NE,25,2012,2012,1,465000,465000,0.0039000000000000003,2012,2012,FALSE
3940,Quinten Lawrence,quinten lawrence,WR,MIA MIA,MIA,27,2012,2012,1,465000,465000,0.0039000000000000003,2012,2012,FALSE
3944,Jordan Norwood,jordan norwood,WR,CLE CLE,CLE,25,2012,2012,1,465000,465000,0.0039000000000000003,2012,2012,FALSE
3948,Andrew Hawkins,andrew hawkins,WR,CIN CIN,CIN,25,2012,2012,1,465000,465000,0.0039000000000000003,2012,2012,FALSE
3953,Dexter Jackson,dexter jackson,WR,NYJ NYJ,NYJ,25,2012,2012,1,465000,465000,0.0039000000000000003,2012,2012,FALSE
3955,Rod Windsor,rod windsor,WR,CLE CLE,CLE,26,2012,2012,1,415000,415000,0.0034,2012,2012,FALSE
3964,Jordan White,jordan white,WR,NYJ NYJ,NYJ,23,2012,2012,1,390000,390000,0.0032,2012,2012,FALSE
3976,Brandyn Harvey,brandyn harvey,WR,STL STL,LA,24,2012,2012,1,390000,390000,0.0032,2012,2012,FALSE
3978,Charles Gilbert,charles gilbert,WR,STL STL,LA,24,2012,2012,1,390000,390000,0.0032,2012,2012,FALSE
3979,Paul Cox,paul cox,WR,PIT PIT,PIT,22,2012,2012,1,390000,390000,0.0032,2012,2012,FALSE
3981,Brian Hernandez,brian hernandez,WR,PHI PHI,PHI,27,2012,2012,1,390000,390000,0.0032,2012,2012,FALSE
3985,Kevin Hardy,kevin hardy,WR,NO NO,NO,21,2012,2012,1,390000,390000,0.0032,2012,2012,FALSE
3991,Curenski Gilleylen,curenski gilleylen,WR,GB GB,GB,22,2012,2012,1,390000,390000,0.0032,2012,2012,FALSE
3997,Raymond Webber,raymond webber,WR,NYJ NYJ,NYJ,22,2012,2012,1,390000,390000,0.0032,2012,2012,FALSE
3999,Hubert Anyiam,hubert anyiam,WR,CAR CAR,CAR,22,2012,2012,1,390000,390000,0.0032,2012,2012,FALSE
4000,Nelson Rosario,nelson rosario,WR,CAR CAR,CAR,22,2012,2012,1,390000,390000,0.0032,2012,2012,FALSE
4003,Wes Kemp,wes kemp,WR,NYJ NYJ,NYJ,22,2012,2012,1,390000,390000,0.0032,2012,2012,FALSE
4014,Owen Spencer,owen spencer,WR,CLE CLE,CLE,24,2012,2012,1,390000,390000,0.0032,2012,2012,FALSE
4016,Kerry Taylor,kerry taylor,WR,MIN MIN,MIN,22,2012,2012,1,390000,390000,0.0032,2012,2012,FALSE
4033,Eddie Mcgee,eddie mcgee,WR,OAK OAK,LV,23,2012,2012,1,390000,390000,0.0032,2012,2012,FALSE
4043,Tori Gurley,tori gurley,WR,GB GB,GB,24,2012,2012,1,390000,390000,0.0032,2012,2012,FALSE
4045,Diondre Borel,diondre borel,WR,GB GB,GB,23,2012,2012,1,390000,390000,0.0032,2012,2012,FALSE
4046,Terrence Toliver,terrence toliver,WR,DET DET,DET,23,2012,2012,1,390000,390000,0.0032,2012,2012,FALSE
4052,DaMarcus Ganaway,damarcus ganaway,WR,NYJ NYJ,NYJ,24,2012,2012,1,390000,390000,0.0032,2012,2012,FALSE
4059,Dan Depalma,dan depalma,WR,NYG NYG,NYG,22,2012,2012,1,390000,390000,0.0032,2012,2012,FALSE
4073,Jarred Fayson,jarred fayson,WR,IND IND,IND,24,2012,2012,1,390000,390000,0.0032,2012,2012,FALSE
4078,Wes Lyons,wes lyons,WR,PIT PIT,PIT,24,2012,2012,1,390000,390000,0.0032,2012,2012,FALSE
4081,Greg Orton,greg orton,WR,DEN DEN,DEN,25,2012,2012,1,390000,390000,0.0032,2012,2012,FALSE
4088,Vidal Hazelton,vidal hazelton,WR,CIN CIN,CIN,23,2012,2012,1,390000,390000,0.0032,2012,2012,FALSE
4098,Patrick Williams,patrick williams,WR,BAL BAL,BAL,22,2012,2012,1,390000,390000,0.0032,2012,2012,FALSE
4102,Rodney Bradley,rodney bradley,WR,BAL BAL,BAL,23,2012,2012,1,390000,390000,0.0032,2012,2012,FALSE
4140,Larry Fitzgerald,larry fitzgerald,WR,ARI ARI,ARI,27,2011,2018,7,113000000,16142857,0.1341,2017,2018,FALSE
4164,Santonio Holmes,santonio holmes,WR,NYJ NYJ,NYJ,26,2011,2015,5,45000000,9000000,0.0748,2015,2015,FALSE
4166,Brandon Marshall,brandon marshall,WR,MIA MIA,MIA,26,2011,2014,5,44779000,8955800,0.07440000000000001,2015,2014,FALSE
4170,Sidney Rice,sidney rice,WR,SEA SEA,SEA,24,2011,2015,5,41000000,8200000,0.0681,2015,2015,FALSE
4213,Steve Breaston,steve breaston,WR,KC KC,KC,27,2011,2015,5,22550000,4510000,0.0375,2015,2015,FALSE
4223,Lance Moore,lance moore,WR,NO NO,NO,27,2011,2015,5,20000000,4000000,0.0332,2015,2015,FALSE
4226,A.J. Green,a j green,WR,CIN CIN,CIN,22,2011,2015,4,19688098,4922025,0.0409,2014,2015,FALSE
4231,Mike Thomas,mike thomas,WR,JAX JAX,JAX,23,2011,2015,5,19045000,3809000,0.0316,2015,2015,FALSE
4237,Julio Jones,julio jones,WR,ATL ATL,ATL,21,2011,2015,4,16183750,4045938,0.0336,2014,2015,FALSE
4242,Earl Bennett,earl bennett,WR,CHI CHI,CHI,23,2011,2015,4,15000000,3750000,0.031200000000000002,2014,2015,FALSE
4246,Santana Moss,santana moss,WR,WAS WAS,WAS,31,2011,2013,3,15000000,5000000,0.041499999999999995,2013,2013,FALSE
4247,Brad Smith,brad smith,WR,BUF BUF,BUF,27,2011,2014,4,14750000,3687500,0.030600000000000002,2014,2014,FALSE
4258,Jordy Nelson,jordy nelson,WR,GB GB,GB,25,2011,2014,3,13100000,4366667,0.0363,2013,2014,FALSE
4274,Chad Johnson,chad johnson,WR,NE NE,NE,32,2011,2013,3,11950000,3983333,0.0331,2013,2013,FALSE
4277,Vincent Jackson,vincent jackson,WR,SD SD,LAC,27,2011,2011,1,11424000,11424000,0.0949,2011,2011,FALSE
4288,Jacoby Jones,jacoby jones,WR,HOU HOU,HOU,26,2011,2013,3,10500000,3500000,0.029099999999999997,2013,2013,FALSE
4302,James Jones,james jones,WR,GB GB,GB,26,2011,2013,3,9700000,3233333,0.0269,2013,2013,FALSE
4308,Greg Camarillo,greg camarillo,WR,MIN MIN,MIN,28,2011,2011,1,9250000,9250000,0.0768,2011,2011,FALSE
4315,Michael Jenkins,michael jenkins,WR,MIN MIN,MIN,28,2011,2013,3,8750000,2916667,0.0242,2013,2013,FALSE
4334,Jonathan Baldwin,jonathan baldwin,WR,KC KC,KC,21,2011,2014,4,7551602,1887901,0.015700000000000002,2014,2014,FALSE
4344,Ben Obomanu,ben obomanu,WR,SEA SEA,SEA,27,2011,2013,3,6900000,2300000,0.0191,2013,2013,FALSE
4376,Malcom Floyd,malcom floyd,WR,SD SD,LAC,29,2011,2012,2,5000000,2500000,0.0208,2012,2012,FALSE
4389,Titus Young,titus young,WR,DET DET,DET,21,2011,2014,4,4561321,1140330,0.0095000000000000015,2014,2014,FALSE
4402,Sam Hurd,sam hurd,WR,CHI CHI,CHI,25,2011,2013,3,4150000,1383333,0.011500000000000002,2013,2013,FALSE
4420,Derrick Mason,derrick mason,WR,NYJ NYJ,NYJ,26,2011,2012,2,3810000,1905000,0.0158,2012,2012,FALSE
4436,Chansi Stuckey,chansi stuckey,WR,ARI ARI,ARI,27,2011,2012,2,3500000,1750000,0.014499999999999999,2012,2012,FALSE
4440,Torrey Smith,torrey smith,WR,BAL BAL,BAL,21,2011,2014,4,3389232,847308,0.006999999999999999,2014,2014,FALSE
4441,Greg Little,greg little,WR,CLE CLE,CLE,21,2011,2014,4,3327500,831875,0.0069,2014,2014,FALSE
4451,Randall Cobb,randall cobb,WR,GB GB,GB,20,2011,2014,4,3209421,802355,0.006699999999999999,2014,2014,FALSE
4455,Plaxico Burress,plaxico burress,WR,NYJ NYJ,NYJ,33,2011,2011,1,3017000,3017000,0.025099999999999997,2011,2011,FALSE
4475,Terrelle Pryor,terrelle pryor,WR,OAK OAK,LV,21,2011,2014,4,2746068,686517,0.0057,2014,2014,FALSE
4479,Austin Pettis,austin pettis,WR,STL STL,LA,22,2011,2014,4,2729416,682354,0.0057,2014,2014,FALSE
4481,Leonard Hankerson,leonard hankerson,WR,WAS WAS,WAS,21,2011,2014,4,2721376,680344,0.0057,2014,2014,FALSE
4482,Jerrel Jernigan,jerrel jernigan,WR,NYG NYG,NYG,21,2011,2014,4,2690252,672563,0.005600000000000001,2014,2014,FALSE
4484,Terrance Copper,terrance copper,WR,KC KC,KC,28,2011,2013,3,2675000,891667,0.0074,2013,2013,FALSE
4485,Cecil Shorts,cecil shorts,WR,JAX JAX,JAX,23,2011,2014,4,2672146,668037,0.0055000000000000005,2014,2014,FALSE
4492,Vincent Brown,vincent brown,WR,SD SD,LAC,22,2011,2014,4,2626068,656517,0.0055000000000000005,2014,2014,FALSE
4509,Clyde Gates,clyde gates,WR,MIA MIA,MIA,24,2011,2014,4,2539000,634750,0.0053,2014,2014,FALSE
4519,Kris Durham,kris durham,WR,SEA SEA,SEA,22,2011,2014,4,2504260,626065,0.0052,2014,2014,FALSE
4522,Roy Williams,roy williams,WR,CHI CHI,CHI,29,2011,2011,1,2500000,2500000,0.0208,2011,2011,FALSE
4525,Steve Smith,steve smith,WR,PHI PHI,PHI,25,2011,2011,1,2500000,2500000,0.0208,2011,2011,FALSE
4528,Edmond Gates,edmond gates,WR,MIA MIA,MIA,24,2011,2014,4,2493148,623287,0.0052,2014,2014,FALSE
4529,Greg Salas,greg salas,WR,STL STL,LA,22,2011,2014,4,2491154,622789,0.0052,2014,2014,FALSE
4538,Tandon Doss,tandon doss,WR,BAL BAL,BAL,21,2011,2014,4,2452560,613140,0.0051,2014,2014,FALSE
4556,Kealoha Pilares,kealoha pilares,WR,CAR CAR,CAR,22,2011,2014,4,2255512,563878,0.0047,2014,2014,FALSE
4570,Denarius Moore,denarius moore,WR,OAK OAK,LV,22,2011,2014,4,2230052,557513,0.0046,2014,2014,FALSE
4575,Jeremy Kerley,jeremy kerley,WR,NYJ NYJ,NYJ,22,2011,2014,4,2224250,556063,0.0046,2014,2014,FALSE
4591,Dwayne Harris,dwayne harris,WR,DAL DAL,DAL,23,2011,2014,4,2180060,545015,0.0045000000000000005,2014,2014,FALSE
4593,Ryan Whalen,ryan whalen,WR,CIN CIN,CIN,21,2011,2014,4,2165114,541279,0.0045000000000000005,2014,2014,FALSE
4606,Aldrick Robinson,aldrick robinson,WR,WAS WAS,WAS,22,2011,2013,4,2146200,536550,0.0045000000000000005,2014,2013,FALSE
4609,Ronald Johnson,ronald johnson,WR,SF SF,SF,22,2011,2014,4,2144220,536055,0.0045000000000000005,2014,2014,FALSE
4630,Scotty McKnight,scotty mcknight,WR,NYJ NYJ,NYJ,22,2011,2014,4,2109000,527250,0.0044,2014,2014,FALSE
4659,Demarco Sampson,demarco sampson,WR,ARI ARI,ARI,25,2011,2014,4,2085900,521475,0.004300000000000001,2014,2014,FALSE
4666,Stephen Burton,stephen burton,WR,MIN MIN,MIN,21,2011,2014,4,2085900,521475,0.004300000000000001,2014,2014,FALSE
4677,Terrence McCrae,terrence mccrae,WR,PIT PIT,PIT,22,2011,2013,3,2046000,682000,0.0057,2013,2013,FALSE
4682,Armand Robinson,armand robinson,WR,PIT PIT,PIT,23,2011,2013,3,2042000,680667,0.0057,2013,2013,FALSE
4683,Adam Mims,adam mims,WR,PIT PIT,PIT,22,2011,2013,3,2042000,680667,0.0057,2013,2013,FALSE
4685,Eric Greenwood,eric greenwood,WR,PIT PIT,PIT,22,2011,2013,3,2042000,680667,0.0057,2013,2013,FALSE
4722,Eric Weems,eric weems,WR,ATL ATL,ATL,25,2011,2011,1,1835000,1835000,0.0152,2011,2011,FALSE
4742,Stefan Logan,stefan logan,WR,DET DET,DET,29,2011,2012,2,1640000,820000,0.0068,2012,2012,FALSE
4757,Mark Dell,mark dell,WR,DEN DEN,DEN,21,2011,2013,3,1495000,498333,0.0041,2013,2013,FALSE
4758,Max Komar,max komar,WR,CHI CHI,CHI,23,2011,2013,3,1470000,490000,0.0041,2013,2013,FALSE
4762,Chris Hogan,chris hogan,WR,SF SF,SF,23,2011,2013,3,1412500,470833,0.0039000000000000003,2013,2013,FALSE
4763,Doug Baldwin,doug baldwin,WR,SEA SEA,SEA,22,2011,2013,3,1412500,470833,0.0039000000000000003,2013,2013,FALSE
4774,Dane Sanzenbacher,dane sanzenbacher,WR,CIN CIN,CIN,22,2011,2013,3,1405000,468333,0.0039000000000000003,2013,2013,FALSE
4775,Armon Binns,armon binns,WR,JAX JAX,JAX,21,2011,2013,3,1405000,468333,0.0039000000000000003,2013,2013,FALSE
4776,Dane Sanzenbacher,dane sanzenbacher,WR,CHI CHI,CHI,22,2011,2013,3,1405000,468333,0.0039000000000000003,2013,2013,FALSE
4777,Jeff Maehl,jeff maehl,WR,HOU HOU,HOU,21,2011,2013,3,1404500,468167,0.0039000000000000003,2013,2013,FALSE
4795,Sean Jeffcoat,sean jeffcoat,WR,ARI ARI,ARI,21,2011,2013,3,1401000,467000,0.0039000000000000003,2013,2013,FALSE
4811,Ricardo Lockette,ricardo lockette,WR,SEA SEA,SEA,24,2011,2013,3,1399500,466500,0.0039000000000000003,2013,2013,FALSE
4814,Joseph Morgan,joseph morgan,WR,NO NO,NO,22,2011,2013,3,1399000,466333,0.0039000000000000003,2013,2013,FALSE
4817,Weslye Saunders,weslye saunders,WR,PIT PIT,PIT,21,2011,2013,3,1399000,466333,0.0039000000000000003,2013,2013,FALSE
4823,Marcus Harris,marcus harris,WR,DET DET,DET,21,2011,2013,3,1398000,466000,0.0039000000000000003,2013,2013,FALSE
4831,James Kirkendoll,james kirkendoll,WR,TEN TEN,TEN,21,2011,2013,3,1398000,466000,0.0039000000000000003,2013,2013,FALSE
4844,Chris Matthews,chris matthews,WR,CLE CLE,CLE,21,2011,2013,3,1397000,465667,0.0039000000000000003,2013,2013,FALSE
4850,Jeremy Ross,jeremy ross,WR,NE NE,NE,22,2011,2013,3,1396000,465333,0.0039000000000000003,2013,2013,FALSE
4851,Rodney Bradley,rodney bradley,WR,BAL BAL,BAL,22,2011,2013,3,1396000,465333,0.0039000000000000003,2013,2013,FALSE
4855,Phillip Livas,phillip livas,WR,MIA MIA,MIA,21,2011,2013,3,1396000,465333,0.0039000000000000003,2013,2013,FALSE
4859,Shaky Smithson,shaky smithson,WR,GB GB,GB,23,2011,2013,3,1396000,465333,0.0039000000000000003,2013,2013,FALSE
4862,LaQuan Williams,laquan williams,WR,BAL BAL,BAL,22,2011,2013,3,1395500,465167,0.0039000000000000003,2013,2013,FALSE
4887,Andre Holmes,andre holmes,WR,MIN MIN,MIN,22,2011,2013,3,1395000,465000,0.0039000000000000003,2013,2013,FALSE
4897,Darvin Adams,darvin adams,WR,CAR CAR,CAR,20,2011,2013,3,1395000,465000,0.0039000000000000003,2013,2013,FALSE
4900,Dontavia Bogan,dontavia bogan,WR,SF SF,SF,22,2011,2013,3,1395000,465000,0.0039000000000000003,2013,2013,FALSE
4901,Kamar Aiken,kamar aiken,WR,BUF BUF,BUF,21,2011,2013,3,1395000,465000,0.0039000000000000003,2013,2013,FALSE
4915,Lestar Jean,lestar jean,WR,HOU HOU,HOU,22,2011,2013,3,1325000,441667,0.0037,2013,2013,FALSE
4917,Emmanuel Arceneaux,emmanuel arceneaux,WR,MIN MIN,MIN,23,2011,2013,3,1320000,440000,0.0037,2013,2013,FALSE
4918,Raymond Webber,raymond webber,WR,TB TB,TB,21,2011,2013,3,1320000,440000,0.0037,2013,2013,FALSE
4921,Derrick Jones,derrick jones,WR,OAK OAK,LV,24,2011,2013,3,1320000,440000,0.0037,2013,2013,FALSE
4942,D'Andre Goodwin,d andre goodwin,WR,DEN DEN,DEN,23,2011,2013,3,1245000,415000,0.0034,2013,2013,FALSE
4946,Kevin Cone,kevin cone,WR,ATL ATL,ATL,22,2011,2013,3,1245000,415000,0.0034,2013,2013,FALSE
4948,Joe Hastings,joe hastings,WR,SF SF,SF,23,2011,2013,3,1245000,415000,0.0034,2013,2013,FALSE
4953,Yamon Figurs,yamon figurs,WR,TEN TEN,TEN,28,2011,2012,2,1205000,602500,0.005,2012,2012,FALSE
4960,Early Doucet,early doucet,WR,ARI ARI,ARI,25,2011,2011,1,1200000,1200000,0.01,2011,2011,FALSE
4984,Tom Nelson,tom nelson,WR,PHI PHI,PHI,24,2011,2012,2,1140000,570000,0.0047,2012,2012,FALSE
4986,Quan Cosby,quan cosby,WR,IND IND,IND,28,2011,2012,2,1140000,570000,0.0047,2012,2012,FALSE
4998,Braylon Edwards,braylon edwards,WR,SF SF,SF,27,2011,2011,1,1000000,1000000,0.0083,2011,2011,FALSE
5000,Mike Sims-Walker,mike sims walker,WR,STL STL,LA,26,2011,2011,1,1000000,1000000,0.0083,2011,2011,FALSE
5002,Mark Clayton,mark clayton,WR,STL STL,LA,28,2011,2011,1,1000000,1000000,0.0083,2011,2011,FALSE
5006,Jeremy Horne,jeremy horne,WR,KC KC,KC,24,2011,2012,2,990000,495000,0.0041,2012,2012,FALSE
5018,Naaman Roosevelt,naaman roosevelt,WR,BUF BUF,BUF,23,2011,2012,2,945000,472500,0.0039000000000000003,2012,2012,FALSE
5027,T.J. Houshmandzadeh,t j houshmandzadeh,WR,OAK OAK,LV,33,2011,2011,1,910000,910000,0.0076,2011,2011,FALSE
5040,Jerricho Cotchery,jerricho cotchery,WR,PIT PIT,PIT,28,2011,2011,1,860000,860000,0.0070999999999999995,2011,2011,FALSE
5046,Donte Stallworth,donte stallworth,WR,WAS WAS,WAS,30,2011,2011,1,860000,860000,0.0070999999999999995,2011,2011,FALSE
5048,Domenik Hixon,domenik hixon,WR,NYG NYG,NYG,26,2011,2011,1,850000,850000,0.0070999999999999995,2011,2011,FALSE
5050,Bryan Walters,bryan walters,WR,SD SD,LAC,23,2011,2012,2,840000,420000,0.0034999999999999996,2012,2012,FALSE
5052,Chastin West,chastin west,WR,JAX JAX,JAX,23,2011,2012,2,840000,420000,0.0034999999999999996,2012,2012,FALSE
5060,Wallace Wright,wallace wright,WR,CAR CAR,CAR,26,2011,2011,1,840000,840000,0.006999999999999999,2011,2011,FALSE
5064,Michael Clayton,michael clayton,WR,NYG NYG,NYG,28,2011,2011,1,810000,810000,0.006699999999999999,2011,2011,FALSE
5081,Logan Payne,logan payne,WR,NYJ NYJ,NYJ,25,2011,2012,2,798120,399060,0.0032999999999999995,2012,2012,FALSE
5112,Maurice Stovall,maurice stovall,WR,DET DET,DET,25,2011,2011,1,735000,735000,0.0060999999999999995,2011,2011,FALSE
5117,Eron Riley,eron riley,WR,NYJ NYJ,NYJ,23,2011,2012,2,707647,353824,0.0029000000000000002,2012,2012,FALSE
5121,Laurent Robinson,laurent robinson,WR,SD SD,LAC,25,2011,2011,1,685000,685000,0.0057,2011,2011,FALSE
5126,Rashied Davis,rashied davis,WR,DET DET,DET,31,2011,2011,1,685000,685000,0.0057,2011,2011,FALSE
5130,Legedu Naanee,legedu naanee,WR,CAR CAR,CAR,27,2011,2011,1,685000,685000,0.0057,2011,2011,FALSE
5133,Ruvell Martin,ruvell martin,WR,BUF BUF,BUF,28,2011,2011,1,685000,685000,0.0057,2011,2011,FALSE
5134,Derek Hagan,derek hagan,WR,BUF BUF,BUF,26,2011,2011,1,685000,685000,0.0057,2011,2011,FALSE
5157,David Anderson,david anderson,WR,HOU HOU,HOU,27,2011,2011,1,685000,685000,0.0057,2011,2011,FALSE
5163,Devin Aromashodu,devin aromashodu,WR,MIN MIN,MIN,26,2011,2011,1,685000,685000,0.0057,2011,2011,FALSE
5178,Brandon Jones,brandon jones,WR,BAL BAL,BAL,28,2011,2011,1,640000,640000,0.0053,2011,2011,FALSE
5180,Demetrius Williams,demetrius williams,WR,CLE CLE,CLE,27,2011,2011,1,640000,640000,0.0053,2011,2011,FALSE
5181,Jerheme Urban,jerheme urban,WR,KC KC,KC,30,2011,2011,1,640000,640000,0.0053,2011,2011,FALSE
5185,Marcus Smith,marcus smith,WR,BAL BAL,BAL,25,2011,2011,1,600000,600000,0.005,2011,2011,FALSE
5204,Jaymar Johnson,jaymar johnson,WR,ARI ARI,ARI,26,2011,2011,1,555000,555000,0.0046,2011,2011,FALSE
5215,Danny Amendola,danny amendola,WR,STL STL,LA,25,2011,2011,1,525000,525000,0.0044,2011,2011,FALSE
5234,Nate Hughes,nate hughes,WR,DET DET,DET,25,2011,2011,1,480000,480000,0.004,2011,2011,FALSE
5243,James Holt,james holt,WR,SD SD,LAC,24,2011,2011,1,480000,480000,0.004,2011,2011,FALSE
5244,Nick Miller,nick miller,WR,OAK OAK,LV,23,2011,2011,1,480000,480000,0.004,2011,2011,FALSE
5252,Kevin Ogletree,kevin ogletree,WR,DAL DAL,DAL,23,2011,2011,1,480000,480000,0.004,2011,2011,FALSE
5255,Charly Martin,charly martin,WR,CAR CAR,CAR,26,2011,2011,1,480000,480000,0.004,2011,2011,FALSE
5263,Matt Willis,matt willis,WR,DEN DEN,DEN,26,2011,2011,1,480000,480000,0.004,2011,2011,FALSE
5266,Felton Huggins,felton huggins,WR,BUF BUF,BUF,27,2011,2011,1,480000,480000,0.004,2011,2011,FALSE
5272,Seyi Ajirotutu,seyi ajirotutu,WR,SD SD,LAC,23,2011,2011,1,450000,450000,0.0037,2011,2011,FALSE
5283,Richard Goodman,richard goodman,WR,SD SD,LAC,23,2011,2011,1,427500,427500,0.0036,2011,2011,FALSE
5294,John Matthews,john matthews,WR,JAX JAX,JAX,24,2011,2011,1,405000,405000,0.0034,2011,2011,FALSE
5300,Isaiah Williams,isaiah williams,WR,ARI ARI,ARI,23,2011,2011,1,405000,405000,0.0034,2011,2011,FALSE
5309,Juaquin Iglesias,juaquin iglesias,WR,MIN MIN,MIN,23,2011,2011,1,405000,405000,0.0034,2011,2011,FALSE
5311,Lance Long,lance long,WR,SF SF,SF,24,2011,2011,1,405000,405000,0.0034,2011,2011,FALSE
5315,Verran Tucker,verran tucker,WR,KC KC,KC,22,2011,2011,1,405000,405000,0.0034,2011,2011,FALSE
5319,Jesse Holley,jesse holley,WR,DAL DAL,DAL,26,2011,2011,1,385000,385000,0.0032,2011,2011,FALSE
5324,Courtney Smith,courtney smith,WR,NYJ NYJ,NYJ,23,2011,2011,1,377333,377333,0.0031,2011,2011,FALSE
5339,Brett Swain,brett swain,WR,SF SF,SF,25,2011,2011,1,370584,370584,0.0031,2011,2011,FALSE
5349,Johnathan Haggerty,johnathan haggerty,WR,CLE CLE,CLE,22,2011,2011,1,330000,330000,0.0027,2011,2011,FALSE
5355,Chandler Williams,chandler williams,WR,KC KC,KC,25,2011,2011,1,330000,330000,0.0027,2011,2011,FALSE
5363,John Matthews,john matthews,WR,SF SF,SF,24,2011,2011,1,96900,96900,8e-4,2011,2011,FALSE
5367,Buster Davis,buster davis,WR,BUF BUF,BUF,25,2011,2011,1,NA,NA,NA,2011,2011,FALSE
5389,Julio Jones,julio jones,WR,ATL ATL,ATL,25,2015,2020,5,71256045,14251209,0.0995,2019,2020,FALSE
5391,Demaryius Thomas,demaryius thomas,WR,DEN DEN,DEN,27,2015,2019,5,70000000,14000000,0.0977,2019,2019,FALSE
5392,Dez Bryant,dez bryant,WR,DAL DAL,DAL,26,2015,2019,5,70000000,14000000,0.0977,2019,2019,FALSE
5395,T.Y. Hilton,t y hilton,WR,IND IND,IND,25,2015,2020,5,65000000,13000000,0.0907,2019,2020,FALSE
5398,A.J. Green,a j green,WR,CIN CIN,CIN,26,2015,2019,4,60000000,15000000,0.1047,2018,2019,FALSE
5401,Jeremy Maclin,jeremy maclin,WR,KC KC,KC,26,2015,2019,5,55000000,11000000,0.0768,2019,2019,FALSE
5419,Torrey Smith,torrey smith,WR,SF SF,SF,25,2015,2019,5,40000000,8000000,0.0558,2019,2019,FALSE
5422,Randall Cobb,randall cobb,WR,GB GB,GB,24,2015,2018,4,40000000,10000000,0.0698,2018,2018,FALSE
5429,Michael Crabtree,michael crabtree,WR,OAK OAK,LV,27,2015,2019,4,34000000,8500000,0.059300000000000005,2018,2019,FALSE
5447,Brandon Marshall,brandon marshall,WR,NYJ NYJ,NYJ,30,2015,2017,3,26000000,8666667,0.0605,2017,2017,FALSE
5463,Amari Cooper,amari cooper,WR,OAK OAK,LV,20,2015,2019,4,22663116,5665779,0.0395,2018,2019,FALSE
5467,Larry Fitzgerald,larry fitzgerald,WR,ARI ARI,ARI,31,2015,2016,2,22000000,11000000,0.0768,2016,2016,FALSE
5471,Andre Johnson,andre johnson,WR,IND IND,IND,33,2015,2017,3,21000000,7000000,0.0489,2017,2017,FALSE
5485,Dwayne Harris,dwayne harris,WR,NYG NYG,NYG,27,2015,2019,5,17500000,3500000,0.024399999999999998,2019,2019,FALSE
5489,Kevin White,kevin white,WR,CHI CHI,CHI,21,2015,2018,4,16563047,4140762,0.028899999999999995,2018,2018,FALSE
5504,Eddie Royal,eddie royal,WR,CHI CHI,CHI,28,2015,2017,3,15000000,5000000,0.0349,2017,2017,FALSE
5506,Jarius Wright,jarius wright,WR,MIN MIN,MIN,25,2015,2019,4,14800000,3700000,0.0258,2018,2019,FALSE
5511,Jeremy Kerley,jeremy kerley,WR,NYJ NYJ,NYJ,26,2015,2018,4,14000000,3500000,0.024399999999999998,2018,2018,FALSE
5513,Cole Beasley,cole beasley,WR,DAL DAL,DAL,25,2015,2018,4,13606000,3401500,0.023699999999999995,2018,2018,FALSE
5517,Demaryius Thomas,demaryius thomas,WR,DEN DEN,DEN,27,2015,2015,1,12823000,12823000,0.08950000000000001,2015,2015,FALSE
5518,Dez Bryant,dez bryant,WR,DAL DAL,DAL,26,2015,2015,1,12823000,12823000,0.08950000000000001,2015,2015,FALSE
5520,Dwayne Bowe,dwayne bowe,WR,CLE CLE,CLE,30,2015,2016,2,12500000,6250000,0.04359999999999999,2016,2016,FALSE
5529,Harry Douglas,harry douglas,WR,TEN TEN,TEN,29,2015,2017,3,11250000,3750000,0.0262,2017,2017,FALSE
5532,DeVante Parker,devante parker,WR,MIA MIA,MIA,21,2015,2019,4,10876543,2719136,0.019,2018,2019,FALSE
5536,Stevie Johnson,stevie johnson,WR,SD SD,LAC,28,2015,2017,3,10500000,3500000,0.024399999999999998,2017,2017,FALSE
5545,Nelson Agholor,nelson agholor,WR,PHI PHI,PHI,21,2015,2019,4,9377374,2344344,0.0164,2018,2019,FALSE
5550,Kenny Britt,kenny britt,WR,STL STL,LA,26,2015,2016,2,9150000,4575000,0.0319,2016,2016,FALSE
5563,Breshad Perriman,breshad perriman,WR,BAL BAL,BAL,21,2015,2018,4,8705317,2176329,0.0152,2018,2018,FALSE
5569,Phillip Dorsett,phillip dorsett,WR,IND IND,IND,21,2015,2018,4,8135414,2033854,0.014199999999999999,2018,2018,FALSE
5573,Greg Jennings,greg jennings,WR,MIA MIA,MIA,31,2015,2016,2,8000000,4000000,0.0279,2016,2016,FALSE
5584,Marcus Easley,marcus easley,WR,BUF BUF,BUF,27,2015,2018,4,7000000,1750000,0.012199999999999999,2018,2018,FALSE
5604,Brian Hartline,brian hartline,WR,CLE CLE,CLE,28,2015,2016,2,6000000,3000000,0.0209,2016,2016,FALSE
5608,Cecil Shorts,cecil shorts,WR,HOU HOU,HOU,27,2015,2016,2,6000000,3000000,0.0209,2016,2016,FALSE
5609,Percy Harvin,percy harvin,WR,BUF BUF,BUF,26,2015,2015,1,6000000,6000000,0.04189999999999999,2015,2015,FALSE
5612,Devin Smith,devin smith,WR,NYJ NYJ,NYJ,22,2015,2018,4,5872419,1468105,0.0102,2018,2018,FALSE
5617,Dorial Green-Beckham,dorial green beckham,WR,TEN TEN,TEN,21,2015,2018,4,5603597,1400899,0.0098,2018,2018,FALSE
5618,Devin Funchess,devin funchess,WR,CAR CAR,CAR,20,2015,2018,4,5520887,1380222,0.0096,2018,2018,FALSE
5620,Jacoby Jones,jacoby jones,WR,SD SD,LAC,30,2015,2016,2,5500000,2750000,0.0192,2016,2016,FALSE
5638,Louis Murphy,louis murphy,WR,TB TB,TB,27,2015,2017,3,4662500,1554167,0.0108,2017,2017,FALSE
5653,Ted Ginn Jr.,ted ginn jr,WR,CAR CAR,CAR,29,2015,2016,2,4200000,2100000,0.0147,2016,2016,FALSE
5694,Tyler Lockett,tyler lockett,WR,SEA SEA,SEA,22,2015,2018,4,3318751,829688,0.0058,2018,2018,FALSE
5696,Jaelen Strong,jaelen strong,WR,HOU HOU,HOU,20,2015,2018,4,3281346,820337,0.0057,2018,2018,FALSE
5705,Michael Crabtree,michael crabtree,WR,OAK OAK,LV,27,2015,2015,1,3200000,3200000,0.0223,2015,2015,FALSE
5709,Chris Conley,chris conley,WR,KC KC,KC,22,2015,2018,4,3123684,780921,0.0055000000000000005,2018,2018,FALSE
5731,Ty Montgomery,ty montgomery,WR,GB GB,GB,21,2015,2018,4,2948795,737199,0.0051,2018,2018,FALSE
5734,Sammie Coates,sammie coates,WR,PIT PIT,PIT,21,2015,2018,4,2911515,727879,0.0051,2018,2018,FALSE
5740,Marlon Moore,marlon moore,WR,CLE CLE,CLE,27,2015,2017,3,2850000,950000,0.006599999999999999,2017,2017,FALSE
5745,Jamison Crowder,jamison crowder,WR,WAS WAS,WAS,21,2015,2018,4,2825624,706406,0.0049,2018,2018,FALSE
5747,Justin Hardy,justin hardy,WR,ATL ATL,ATL,23,2015,2018,4,2820821,705205,0.0049,2018,2018,FALSE
5764,Vince Mayle,vince mayle,WR,CLE CLE,CLE,23,2015,2017,4,2763152,690788,0.0048000000000000004,2018,2017,FALSE
5781,DeAndre Smelter,deandre smelter,WR,SF SF,SF,23,2015,2018,4,2625692,656423,0.0046,2018,2018,FALSE
5789,Rashad Greene,rashad greene,WR,JAX JAX,JAX,22,2015,2018,4,2523814,630954,0.0044,2018,2018,FALSE
5797,Stefon Diggs,stefon diggs,WR,MIN MIN,MIN,21,2015,2018,4,2507713,626928,0.0044,2018,2018,FALSE
5815,J.J. Nelson,j j nelson,WR,ARI ARI,ARI,22,2015,2018,4,2489800,622450,0.004300000000000001,2018,2018,FALSE
5818,Kenny Bell,kenny bell,WR,TB TB,TB,22,2015,2018,4,2484836,621209,0.004300000000000001,2018,2018,FALSE
5827,Keith Mumphery,keith mumphery,WR,HOU HOU,HOU,22,2015,2018,4,2446254,611564,0.004300000000000001,2018,2018,FALSE
5838,Kaelin Clay,kaelin clay,WR,TB TB,TB,22,2015,2018,4,2410477,602619,0.004200000000000001,2018,2018,FALSE
5840,Geremy Davis,geremy davis,WR,NYG NYG,NYG,22,2015,2018,4,2407082,601771,0.004200000000000001,2018,2018,FALSE
5841,Evan Spencer,evan spencer,WR,WAS WAS,WAS,21,2015,2018,4,2406576,601644,0.004200000000000001,2018,2018,FALSE
5855,Bud Sasser,bud sasser,WR,STL STL,LA,NA,2015,2018,4,2393737,598434,0.004200000000000001,2018,2018,FALSE
5862,Da'Ron Brown,da ron brown,WR,KC KC,KC,23,2015,2018,4,2375056,593764,0.0041,2018,2018,FALSE
5874,Andre Debose,andre debose,WR,OAK OAK,LV,24,2015,2018,4,2357013,589253,0.0041,2018,2018,FALSE
5881,Rod Streater,rod streater,WR,OAK OAK,LV,26,2015,2015,1,2356000,2356000,0.0164,2015,2015,FALSE
5883,Jermaine Kearse,jermaine kearse,WR,SEA SEA,SEA,24,2015,2015,1,2356000,2356000,0.0164,2015,2015,FALSE
5897,Dezmin Lewis,dezmin lewis,WR,BUF BUF,BUF,22,2015,2018,4,2346529,586632,0.0041,2018,2018,FALSE
5901,Mario Alford,mario alford,WR,CIN CIN,CIN,22,2015,2018,4,2339104,584776,0.0041,2018,2018,FALSE
5908,Tre McBride,tre mcbride,WR,TEN TEN,TEN,22,2015,2018,4,2335433,583858,0.0041,2018,2018,FALSE
5918,Miles Austin,miles austin,WR,PHI PHI,PHI,30,2015,2015,1,2300000,2300000,0.0161,2015,2015,FALSE
5923,Eric Weems,eric weems,WR,ATL ATL,ATL,29,2015,2016,2,2280000,1140000,0.008,2016,2016,FALSE
5939,Rodney Smith,rodney smith,WR,DAL DAL,DAL,24,2015,2017,3,2035000,678333,0.0047,2017,2017,FALSE
5956,Walter Powell,walter powell,WR,BUF BUF,BUF,23,2015,2017,3,1800000,600000,0.004200000000000001,2017,2017,FALSE
5968,Jerome Simpson,jerome simpson,WR,SF SF,SF,28,2015,2016,2,1730000,865000,0.006,2016,2016,FALSE
5990,George Farmer,george farmer,WR,DAL DAL,DAL,21,2015,2017,3,1590000,530000,0.0037,2017,2017,FALSE
6007,Issac Blakeney,issac blakeney,WR,SF SF,SF,22,2015,2017,3,1585000,528333,0.0037,2017,2017,FALSE
6018,Lucky Whitehead,lucky whitehead,WR,DAL DAL,DAL,22,2015,2017,3,1585000,528333,0.0037,2017,2017,FALSE
6033,DaVaris Daniels,davaris daniels,WR,MIN MIN,MIN,22,2015,2017,3,1585000,528333,0.0037,2017,2017,FALSE
6034,Donatella Luckett,donatella luckett,WR,KC KC,KC,23,2015,2017,3,1585000,528333,0.0037,2017,2017,FALSE
6036,Vernon Johnson,vernon johnson,WR,DET DET,DET,22,2015,2017,3,1585000,528333,0.0037,2017,2017,FALSE
6040,Rannell Hall,rannell hall,WR,TB TB,TB,22,2015,2017,3,1584000,528000,0.0037,2017,2017,FALSE
6042,Jaxon Shipley,jaxon shipley,WR,ARI ARI,ARI,22,2015,2017,3,1584000,528000,0.0037,2017,2017,FALSE
6058,Jordan Leslie,jordan leslie,WR,MIN MIN,MIN,23,2015,2017,3,1583000,527667,0.0037,2017,2017,FALSE
6061,Deandre Carter,deandre carter,WR,BAL BAL,BAL,21,2015,2017,3,1582500,527500,0.0037,2017,2017,FALSE
6069,Titus Davis,titus davis,WR,SD SD,LAC,21,2015,2017,3,1582500,527500,0.0037,2017,2017,FALSE
6070,Josh Harper,josh harper,WR,OAK OAK,LV,23,2015,2017,3,1582500,527500,0.0037,2017,2017,FALSE
6072,Jordan Taylor,jordan taylor,WR,DEN DEN,DEN,22,2015,2017,3,1582500,527500,0.0037,2017,2017,FALSE
6075,Gavin Lutman,gavin lutman,WR,MIN MIN,MIN,23,2015,2017,3,1582500,527500,0.0037,2017,2017,FALSE
6080,Antwan Goodley,antwan goodley,WR,DAL DAL,DAL,23,2015,2017,3,1582500,527500,0.0037,2017,2017,FALSE
6086,DeAndrew White,deandrew white,WR,SF SF,SF,23,2015,2017,3,1582000,527333,0.0037,2017,2017,FALSE
6087,Devante Davis,devante davis,WR,PHI PHI,PHI,NA,2015,2017,3,1582000,527333,0.0037,2017,2017,FALSE
6090,Christion Jones,christion jones,WR,MIA MIA,MIA,22,2015,2017,3,1581500,527167,0.0037,2017,2017,FALSE
6091,Bradley Marquez,bradley marquez,WR,STL STL,LA,22,2015,2017,3,1581500,527167,0.0037,2017,2017,FALSE
6097,Cameron Meredith,cameron meredith,WR,CHI CHI,CHI,22,2015,2017,3,1581000,527000,0.0037,2017,2017,FALSE
6102,John Harris,john harris,WR,PHI PHI,PHI,NA,2015,2017,3,1581000,527000,0.0037,2017,2017,FALSE
6104,Andre Davis,andre davis,WR,BUF BUF,BUF,21,2015,2017,3,1581000,527000,0.0037,2017,2017,FALSE
6105,Dres Anderson,dres anderson,WR,SF SF,SF,22,2015,2017,3,1581000,527000,0.0037,2017,2017,FALSE
6112,R.J. Harris,r j harris,WR,NO NO,NO,22,2015,2017,3,1580400,526800,0.0037,2017,2017,FALSE
6113,Jake Kumerow,jake kumerow,WR,CIN CIN,CIN,22,2015,2017,3,1580000,526667,0.0037,2017,2017,FALSE
6119,Levi Norwood,levi norwood,WR,CHI CHI,CHI,22,2015,2017,3,1580000,526667,0.0037,2017,2017,FALSE
6122,Kenny Cook,kenny cook,WR,KC KC,KC,22,2015,2017,3,1580000,526667,0.0037,2017,2017,FALSE
6125,Quan Bray,quan bray,WR,IND IND,IND,21,2015,2017,3,1580000,526667,0.0037,2017,2017,FALSE
6129,Adrian Coxson,adrian coxson,WR,GB GB,GB,22,2015,2017,3,1580000,526667,0.0037,2017,2017,FALSE
6146,Ricky Collins,ricky collins,WR,GB GB,GB,NA,2015,2017,3,1580000,526667,0.0037,2017,2017,FALSE
6148,Josh Crockett,josh crockett,WR,GB GB,GB,19,2015,2017,3,1580000,526667,0.0037,2017,2017,FALSE
6168,Damiere Byrd,damiere byrd,WR,CAR CAR,CAR,21,2015,2017,3,1580000,526667,0.0037,2017,2017,FALSE
6171,Jimmie Hunt,jimmie hunt,WR,GB GB,GB,24,2015,2017,3,1580000,526667,0.0037,2017,2017,FALSE
6176,Eli Rogers,eli rogers,WR,PIT PIT,PIT,22,2015,2017,3,1580000,526667,0.0037,2017,2017,FALSE
6186,Nick Harwell,nick harwell,WR,DAL DAL,DAL,23,2015,2017,3,1580000,526667,0.0037,2017,2017,FALSE
6193,Tyler Murphy,tyler murphy,WR,PIT PIT,PIT,22,2015,2017,3,1579500,526500,0.0037,2017,2017,FALSE
6198,Javess Blue,javess blue,WR,GB GB,GB,22,2015,2017,3,1579000,526333,0.0037,2017,2017,FALSE
6211,Marquez Clark,marquez clark,WR,ATL ATL,ATL,23,2015,2017,3,1578500,526167,0.0037,2017,2017,FALSE
6212,Tyrell Williams,tyrell williams,WR,SD SD,LAC,22,2015,2017,3,1578500,526167,0.0037,2017,2017,FALSE
6219,Larry Pinkard,larry pinkard,WR,GB GB,GB,22,2015,2017,3,1578000,526000,0.0037,2017,2017,FALSE
6223,Chandler Worthy,chandler worthy,WR,HOU HOU,HOU,21,2015,2017,3,1578000,526000,0.0037,2017,2017,FALSE
6228,Nigel King,nigel king,WR,MIA MIA,MIA,22,2015,2017,3,1578000,526000,0.0037,2017,2017,FALSE
6229,Deon Long,deon long,WR,TEN TEN,TEN,23,2015,2017,3,1578000,526000,0.0037,2017,2017,FALSE
6230,Darius Davis,darius davis,WR,SF SF,SF,NA,2015,2017,3,1578000,526000,0.0037,2017,2017,FALSE
6237,Andrew Turzilli,andrew turzilli,WR,TEN TEN,TEN,23,2015,2017,3,1578000,526000,0.0037,2017,2017,FALSE
6241,Tony Jones,tony jones,WR,WAS WAS,WAS,22,2015,2017,3,1577500,525833,0.0037,2017,2017,FALSE
6243,Cam Worthy,cam worthy,WR,BAL BAL,BAL,22,2015,2017,3,1577500,525833,0.0037,2017,2017,FALSE
6248,DiAndre Campbell,diandre campbell,WR,SF SF,SF,NA,2015,2017,3,1577500,525833,0.0037,2017,2017,FALSE
6264,Matt Miller,matt miller,WR,DEN DEN,DEN,NA,2015,2017,3,1577500,525833,0.0037,2017,2017,FALSE
6265,Shane Wynn,shane wynn,WR,ATL ATL,ATL,22,2015,2017,3,1577000,525667,0.0037,2017,2017,FALSE
6280,Ezell Ruffin,ezell ruffin,WR,IND IND,IND,22,2015,2017,3,1577000,525667,0.0037,2017,2017,FALSE
6288,Deontay Greenberry,deontay greenberry,WR,DAL DAL,DAL,20,2015,2017,3,1577000,525667,0.0037,2017,2017,FALSE
6299,Demetrious Wilson,demetrious wilson,WR,SD SD,LAC,NA,2015,2017,3,1576500,525500,0.0037,2017,2017,FALSE
6303,Damarr Aultman,damarr aultman,WR,MIA MIA,MIA,22,2015,2017,3,1576500,525500,0.0037,2017,2017,FALSE
6311,Isiah Ferguson,isiah ferguson,WR,STL STL,LA,23,2015,2017,3,1576000,525333,0.0037,2017,2017,FALSE
6320,Reggie Bell,reggie bell,WR,WAS WAS,WAS,22,2015,2017,3,1576000,525333,0.0037,2017,2017,FALSE
6322,Joshua Stangby,joshua stangby,WR,ATL ATL,ATL,NA,2015,2017,3,1576000,525333,0.0037,2017,2017,FALSE
6324,Josh Reese,josh reese,WR,TB TB,TB,NA,2015,2017,3,1576000,525333,0.0037,2017,2017,FALSE
6328,Tyler Rutenbeck,tyler rutenbeck,WR,WAS WAS,WAS,23,2015,2017,3,1576000,525333,0.0037,2017,2017,FALSE
6329,Tyler Slavin,tyler slavin,WR,STL STL,LA,22,2015,2017,3,1576000,525333,0.0037,2017,2017,FALSE
6341,Damond Powell,damond powell,WR,ARI ARI,ARI,22,2015,2017,3,1575500,525167,0.0037,2017,2017,FALSE
6359,Rasheed Bailey,rasheed bailey,WR,PHI PHI,PHI,21,2015,2017,3,1575000,525000,0.0037,2017,2017,FALSE
6370,Dezmin Lewis,dezmin lewis,WR,BUF BUF,BUF,22,2015,2017,3,1575000,525000,0.0037,2017,2017,FALSE
6377,Jonathan Krause,jonathan krause,WR,PHI PHI,PHI,22,2015,2017,3,1575000,525000,0.0037,2017,2017,FALSE
6378,Tyrell Williams,tyrell williams,WR,SD SD,LAC,22,2015,2017,3,1575000,525000,0.0037,2017,2017,FALSE
6390,Douglas McNeil,douglas mcneil,WR,SEA SEA,SEA,28,2015,2017,3,1575000,525000,0.0037,2017,2017,FALSE
6391,Duron Carter,duron carter,WR,IND IND,IND,23,2015,2017,3,1575000,525000,0.0037,2017,2017,FALSE
6393,Braylon Bell,braylon bell,WR,WAS WAS,WAS,28,2015,2017,3,1575000,525000,0.0037,2017,2017,FALSE
6395,Corbin Louks,corbin louks,WR,KC KC,KC,25,2015,2017,3,1575000,525000,0.0037,2017,2017,FALSE
6406,Will Murphy,will murphy,WR,PHI PHI,PHI,24,2015,2017,3,1575000,525000,0.0037,2017,2017,FALSE
6407,Quron Pratt,quron pratt,WR,PHI PHI,PHI,23,2015,2017,3,1575000,525000,0.0037,2017,2017,FALSE
6415,Quincy Enunwa,quincy enunwa,WR,NYJ NYJ,NYJ,22,2015,2017,3,1575000,525000,0.0037,2017,2017,FALSE
6419,Trent Steelman,trent steelman,WR,BAL BAL,BAL,NA,2015,2017,3,1575000,525000,0.0037,2017,2017,FALSE
6420,Vince Mayle,vince mayle,WR,DAL DAL,DAL,23,2015,2017,3,1575000,525000,0.0037,2017,2017,FALSE
6422,Jared Abbrederis,jared abbrederis,WR,GB GB,GB,24,2015,2017,3,1575000,525000,0.0037,2017,2017,FALSE
6431,James Butler,james butler,WR,GB GB,GB,22,2015,2017,3,1575000,525000,0.0037,2017,2017,FALSE
6434,Michael Bennett,michael bennett,WR,CIN CIN,CIN,NA,2015,2017,3,1575000,525000,0.0037,2017,2017,FALSE
6438,Jeret Smith,jeret smith,WR,KC KC,KC,NA,2015,2017,3,1575000,525000,0.0037,2017,2017,FALSE
6444,Tebucky Jones,tebucky jones,WR,TEN TEN,TEN,22,2015,2017,3,1575000,525000,0.0037,2017,2017,FALSE
6445,Adam Drake,adam drake,WR,KC KC,KC,NA,2015,2017,3,1575000,525000,0.0037,2017,2017,FALSE
6452,Kenzel Doe,kenzel doe,WR,PIT PIT,PIT,NA,2015,2017,3,1575000,525000,0.0037,2017,2017,FALSE
6453,Arthur Williams,arthur williams,WR,NYJ NYJ,NYJ,23,2015,2017,3,1575000,525000,0.0037,2017,2017,FALSE
6455,Michael Johnson,michael johnson,WR,PHI PHI,PHI,23,2015,2017,3,1575000,525000,0.0037,2017,2017,FALSE
6457,Ed Williams,ed williams,WR,GB GB,GB,NA,2015,2017,3,1575000,525000,0.0037,2017,2017,FALSE
6458,Jarrod West,jarrod west,WR,NYJ NYJ,NYJ,NA,2015,2017,3,1575000,525000,0.0037,2017,2017,FALSE
6459,Derrick Johnson,derrick johnson,WR,NYG NYG,NYG,23,2015,2017,3,1575000,525000,0.0037,2017,2017,FALSE
6467,Avius Capers,avius capers,WR,CAR CAR,CAR,NA,2015,2017,3,1575000,525000,0.0037,2017,2017,FALSE
6470,Kai De La Cruz,kai de la cruz,WR,MIA MIA,MIA,NA,2015,2017,3,1575000,525000,0.0037,2017,2017,FALSE
6471,Deshon Foxx,deshon foxx,WR,SEA SEA,SEA,22,2015,2017,3,1575000,525000,0.0037,2017,2017,FALSE
6474,A.J. Cruz,a j cruz,WR,CHI CHI,CHI,NA,2015,2017,3,1575000,525000,0.0037,2017,2017,FALSE
6476,Ify Umodu,ify umodu,WR,CHI CHI,CHI,22,2015,2017,3,1575000,525000,0.0037,2017,2017,FALSE
6480,Mario Hull,mario hull,WR,SF SF,SF,22,2015,2017,3,1575000,525000,0.0037,2017,2017,FALSE
6490,Jonathon Rumph,jonathon rumph,WR,NYJ NYJ,NYJ,23,2015,2017,3,1575000,525000,0.0037,2017,2017,FALSE
6509,Kyle Prater,kyle prater,WR,NO NO,NO,22,2015,2017,3,1575000,525000,0.0037,2017,2017,FALSE
6522,David Porter,david porter,WR,DEN DEN,DEN,NA,2015,2017,3,1575000,525000,0.0037,2017,2017,FALSE
6538,Daniel Rodriguez,daniel rodriguez,WR,STL STL,LA,26,2015,2017,3,1575000,525000,0.0037,2017,2017,FALSE
6541,Isaac Fruechte,isaac fruechte,WR,MIN MIN,MIN,23,2015,2017,3,1575000,525000,0.0037,2017,2017,FALSE
6548,Paul Browning,paul browning,WR,CAR CAR,CAR,22,2015,2017,3,1575000,525000,0.0037,2017,2017,FALSE
6554,Jarred Haggins,jarred haggins,WR,DET DET,DET,22,2015,2017,3,1575000,525000,0.0037,2017,2017,FALSE
6555,Austin Willis,austin willis,WR,OAK OAK,LV,22,2015,2017,3,1575000,525000,0.0037,2017,2017,FALSE
6558,Kasey Closs,kasey closs,WR,JAX JAX,JAX,22,2015,2017,3,1575000,525000,0.0037,2017,2017,FALSE
6561,Milton Williams,milton williams,WR,OAK OAK,LV,20,2015,2017,3,1575000,525000,0.0037,2017,2017,FALSE
6567,Trevor Harman,trevor harman,WR,ARI ARI,ARI,23,2015,2017,3,1575000,525000,0.0037,2017,2017,FALSE
6574,Adam Humphries,adam humphries,WR,TB TB,TB,21,2015,2017,3,1575000,525000,0.0037,2017,2017,FALSE
6581,Malcome Kennedy,malcome kennedy,WR,NO NO,NO,NA,2015,2017,3,1575000,525000,0.0037,2017,2017,FALSE
6605,Andre Holmes,andre holmes,WR,OAK OAK,LV,26,2015,2015,1,1542000,1542000,0.0108,2015,2015,FALSE
6630,Bryan Walters,bryan walters,WR,JAX JAX,JAX,27,2015,2016,2,1445000,722500,0.005,2016,2016,FALSE
6632,Bryan Walters,bryan walters,WR,JAX JAX,JAX,27,2015,2016,2,1420000,710000,0.005,2016,2016,FALSE
6634,Damaris Johnson,damaris johnson,WR,TEN TEN,TEN,25,2015,2016,2,1420000,710000,0.005,2016,2016,FALSE
6637,Hakeem Nicks,hakeem nicks,WR,TEN TEN,TEN,26,2015,2015,1,1400000,1400000,0.0098,2015,2015,FALSE
6646,Nick Williams,nick williams,WR,ATL ATL,ATL,24,2015,2017,2,1290000,645000,0.0045000000000000005,2016,2017,FALSE
6653,Da'Rick Rogers,da rick rogers,WR,KC KC,KC,23,2015,2016,2,1260000,630000,0.0044,2016,2016,FALSE
6655,Arrelious Benn,arrelious benn,WR,JAX JAX,JAX,26,2015,2016,2,1260000,630000,0.0044,2016,2016,FALSE
6660,Juron Criner,juron criner,WR,NYG NYG,NYG,25,2015,2016,2,1260000,630000,0.0044,2016,2016,FALSE
6680,Carlton Mitchell,carlton mitchell,WR,ATL ATL,ATL,26,2015,2016,2,1260000,630000,0.0044,2016,2016,FALSE
6699,Frankie Hammond,frankie hammond,WR,KC KC,KC,24,2015,2016,2,1110000,555000,0.0039000000000000003,2016,2016,FALSE
6724,Lance Lewis,lance lewis,WR,SF SF,SF,26,2015,2016,2,1110000,555000,0.0039000000000000003,2016,2016,FALSE
6726,Armon Binns,armon binns,WR,KC KC,KC,25,2015,2016,2,1110000,555000,0.0039000000000000003,2016,2016,FALSE
6737,Phil Bates,phil bates,WR,DAL DAL,DAL,25,2015,2016,2,1100000,550000,0.0038,2016,2016,FALSE
6760,Skye Dawson,skye dawson,WR,DET DET,DET,24,2015,2016,2,1100000,550000,0.0038,2016,2016,FALSE
6762,Ryan Spadola,ryan spadola,WR,ARI ARI,ARI,23,2015,2016,2,1100000,550000,0.0038,2016,2016,FALSE
6769,Devon Wylie,devon wylie,WR,OAK OAK,LV,26,2015,2016,2,1100000,550000,0.0038,2016,2016,FALSE
6774,Freddie Martino,freddie martino,WR,ATL ATL,ATL,23,2015,2016,2,1100000,550000,0.0038,2016,2016,FALSE
6778,Julian Talley,julian talley,WR,NYG NYG,NYG,25,2015,2016,2,1100000,550000,0.0038,2016,2016,FALSE
6792,Lance Moore,lance moore,WR,DET DET,DET,31,2015,2015,1,1050000,1050000,0.0073,2015,2015,FALSE
6796,Nate Washington,nate washington,WR,TEN TEN,TEN,31,2015,2015,1,1000000,1000000,0.006999999999999999,2015,2015,FALSE
6799,Leonard Hankerson,leonard hankerson,WR,ATL ATL,ATL,25,2015,2015,1,1000000,1000000,0.006999999999999999,2015,2015,FALSE
6802,Damaris Johnson,damaris johnson,WR,HOU HOU,HOU,25,2015,2015,1,1000000,1000000,0.006999999999999999,2015,2015,FALSE
6811,Wes Welker,wes welker,WR,STL STL,LA,33,2015,2015,1,970000,970000,0.0068,2015,2015,FALSE
6815,Joshua Cribbs,joshua cribbs,WR,IND IND,IND,31,2015,2015,1,970000,970000,0.0068,2015,2015,FALSE
6818,Adam Humphries,adam humphries,WR,TB TB,TB,21,2015,2016,2,960000,480000,0.0034,2016,2016,FALSE
6819,Quan Bray,quan bray,WR,IND IND,IND,21,2015,2017,2,960000,480000,0.0034,2016,2017,FALSE
6830,David Porter,david porter,WR,DAL DAL,DAL,NA,2015,2016,2,960000,480000,0.0034,2016,2016,FALSE
6842,Kasen Williams,kasen williams,WR,SEA SEA,SEA,22,2015,2016,2,960000,480000,0.0034,2016,2016,FALSE
6844,Tyler Rutenbeck,tyler rutenbeck,WR,IND IND,IND,23,2015,2016,2,960000,480000,0.0034,2016,2016,FALSE
6850,Ben Edwards,ben edwards,WR,NYG NYG,NYG,22,2015,2016,2,960000,480000,0.0034,2016,2016,FALSE
6854,Donteea Dye,donteea dye,WR,TB TB,TB,21,2015,2017,2,960000,480000,0.0034,2016,2017,FALSE
6861,Nathan Slaughter,nathan slaughter,WR,ARI ARI,ARI,22,2015,2016,2,960000,480000,0.0034,2016,2016,FALSE
6872,Kevin Smith,kevin smith,WR,SEA SEA,SEA,23,2015,2016,2,960000,480000,0.0034,2016,2016,FALSE
6887,John Chiles,john chiles,WR,CHI CHI,CHI,26,2015,2016,2,960000,480000,0.0034,2016,2016,FALSE
6890,Josh Lenz,josh lenz,WR,CLE CLE,CLE,24,2015,2016,2,960000,480000,0.0034,2016,2016,FALSE
6891,Ryan Lankford,ryan lankford,WR,IND IND,IND,23,2015,2016,2,960000,480000,0.0034,2016,2016,FALSE
6895,Kadron Boone,kadron boone,WR,IND IND,IND,23,2015,2016,2,960000,480000,0.0034,2016,2016,FALSE
6910,Reggie Dunn,reggie dunn,WR,DAL DAL,DAL,25,2015,2016,2,960000,480000,0.0034,2016,2016,FALSE
6911,Chris Boyd,chris boyd,WR,DAL DAL,DAL,23,2015,2016,2,960000,480000,0.0034,2016,2016,FALSE
6921,Andrew Peacock,andrew peacock,WR,DET DET,DET,23,2015,2016,2,960000,480000,0.0034,2016,2016,FALSE
6937,Eric Ward,eric ward,WR,CIN CIN,CIN,24,2015,2016,2,960000,480000,0.0034,2016,2016,FALSE
6938,Tevin Reese,tevin reese,WR,CIN CIN,CIN,23,2015,2016,2,960000,480000,0.0034,2016,2016,FALSE
6940,Onterio McCalebb,onterio mccalebb,WR,CIN CIN,CIN,25,2015,2016,2,960000,480000,0.0034,2016,2016,FALSE
6947,Chandler Jones,chandler jones,WR,TB TB,TB,23,2015,2016,2,960000,480000,0.0034,2016,2016,FALSE
6960,Emory Blake,emory blake,WR,STL STL,LA,23,2015,2016,2,960000,480000,0.0034,2016,2016,FALSE
6968,Fred Williams,fred williams,WR,KC KC,KC,26,2015,2016,2,960000,480000,0.0034,2016,2016,FALSE
6971,Kain Colter,kain colter,WR,MIN MIN,MIN,22,2015,2016,2,960000,480000,0.0034,2016,2016,FALSE
6973,Donte Foster,donte foster,WR,MIN MIN,MIN,24,2015,2016,2,960000,480000,0.0034,2016,2016,FALSE
6978,Caleb Holley,caleb holley,WR,BUF BUF,BUF,24,2015,2016,2,960000,480000,0.0034,2016,2016,FALSE
6981,Tobais Palmer,tobais palmer,WR,BUF BUF,BUF,24,2015,2016,2,960000,480000,0.0034,2016,2016,FALSE
6985,Rashad Lawrence,rashad lawrence,WR,JAX JAX,JAX,22,2015,2016,2,960000,480000,0.0034,2016,2016,FALSE
6990,Bernard Reedy,bernard reedy,WR,ATL ATL,ATL,23,2015,2016,2,960000,480000,0.0034,2016,2016,FALSE
6994,Jace Davis,jace davis,WR,HOU HOU,HOU,23,2015,2016,2,960000,480000,0.0034,2016,2016,FALSE
6997,Travis Labhart,travis labhart,WR,HOU HOU,HOU,23,2015,2016,2,960000,480000,0.0034,2016,2016,FALSE
6999,Uzoma Nwachukwu,uzoma nwachukwu,WR,HOU HOU,HOU,24,2015,2016,2,960000,480000,0.0034,2016,2016,FALSE
7002,Tony Washington,tony washington,WR,JAX JAX,JAX,24,2015,2017,2,960000,480000,0.0034,2016,2017,FALSE
7004,Willie Snead,willie snead,WR,NO NO,NO,22,2015,2016,2,960000,480000,0.0034,2016,2016,FALSE
7009,Torrence Allen,torrence allen,WR,SD SD,LAC,23,2015,2016,2,960000,480000,0.0034,2016,2016,FALSE
7010,Javontee Herndon,javontee herndon,WR,SD SD,LAC,23,2015,2017,2,960000,480000,0.0034,2016,2017,FALSE
7024,Rashad Ross,rashad ross,WR,WAS WAS,WAS,24,2015,2016,2,960000,480000,0.0034,2016,2016,FALSE
7028,Cobi Hamilton,cobi hamilton,WR,CIN CIN,CIN,24,2015,2016,2,960000,480000,0.0034,2016,2016,FALSE
7033,Evan Spencer,evan spencer,WR,TB TB,TB,21,2015,2016,2,960000,480000,0.0034,2016,2016,FALSE
7036,Rannell Hall,rannell hall,WR,CLE CLE,CLE,22,2015,2018,2,960000,480000,0.0034,2016,2018,FALSE
7041,Josh Crockett,josh crockett,WR,GB GB,GB,19,2015,2016,2,960000,480000,0.0034,2016,2016,FALSE
7048,Andrew Turzilli,andrew turzilli,WR,TEN TEN,TEN,23,2015,2016,2,960000,480000,0.0034,2016,2016,FALSE
7049,Tre McBride,tre mcbride,WR,TEN TEN,TEN,22,2015,2017,2,960000,480000,0.0034,2016,2017,FALSE
7068,Jason Avant,jason avant,WR,KC KC,KC,31,2015,2015,1,950000,950000,0.006599999999999999,2015,2015,FALSE
7075,James Jones,james jones,WR,NYG NYG,NYG,30,2015,2015,1,950000,950000,0.006599999999999999,2015,2015,FALSE
7113,James Jones,james jones,WR,GB GB,GB,30,2015,2015,1,870000,870000,0.0060999999999999995,2015,2015,FALSE
7120,Josh Morgan,josh morgan,WR,NO NO,NO,29,2015,2015,1,870000,870000,0.0060999999999999995,2015,2015,FALSE
7133,Kevin Ogletree,kevin ogletree,WR,NYG NYG,NYG,27,2015,2015,1,825000,825000,0.0058,2015,2015,FALSE
7138,Seyi Ajirotutu,seyi ajirotutu,WR,PHI PHI,PHI,27,2015,2015,1,825000,825000,0.0058,2015,2015,FALSE
7139,Denarius Moore,denarius moore,WR,CIN CIN,CIN,26,2015,2015,1,825000,825000,0.0058,2015,2015,FALSE
7141,Brandon Tate,brandon tate,WR,CIN CIN,CIN,27,2015,2015,1,825000,825000,0.0058,2015,2015,FALSE
7147,Darrius Heyward-Bey,darrius heyward bey,WR,PIT PIT,PIT,27,2015,2015,1,825000,825000,0.0058,2015,2015,FALSE
7184,Hakeem Nicks,hakeem nicks,WR,NYG NYG,NYG,26,2015,2015,1,745000,745000,0.0052,2015,2015,FALSE
7208,David Nelson,david nelson,WR,PIT PIT,PIT,28,2015,2015,1,745000,745000,0.0052,2015,2015,FALSE
7223,Kris Durham,kris durham,WR,OAK OAK,LV,26,2015,2015,1,745000,745000,0.0052,2015,2015,FALSE
7232,Greg Salas,greg salas,WR,BUF BUF,BUF,26,2015,2015,1,745000,745000,0.0052,2015,2015,FALSE
7256,Austin Pettis,austin pettis,WR,SD SD,LAC,26,2015,2015,1,745000,745000,0.0052,2015,2015,FALSE
7258,Kyle Williams,kyle williams,WR,DEN DEN,DEN,26,2015,2015,1,745000,745000,0.0052,2015,2015,FALSE
7260,Damian Williams,damian williams,WR,STL STL,LA,26,2015,2015,1,745000,745000,0.0052,2015,2015,FALSE
7270,Jarrett Boykin,jarrett boykin,WR,CAR CAR,CAR,25,2015,2015,1,700000,700000,0.0049,2015,2015,FALSE
7276,T.J. Graham,t j graham,WR,NO NO,NO,25,2015,2015,1,660000,660000,0.0046,2015,2015,FALSE
7284,Denarius Moore,denarius moore,WR,BUF BUF,BUF,26,2015,2015,1,660000,660000,0.0046,2015,2015,FALSE
7294,Ryan Whalen,ryan whalen,WR,MIN MIN,MIN,25,2015,2015,1,660000,660000,0.0046,2015,2015,FALSE
7295,Tom Nelson,tom nelson,WR,BAL BAL,BAL,28,2015,2015,1,660000,660000,0.0046,2015,2015,FALSE
7300,A.J. Jenkins,a j jenkins,WR,DAL DAL,DAL,25,2015,2015,1,660000,660000,0.0046,2015,2015,FALSE
7301,Jeff Maehl,jeff maehl,WR,PHI PHI,PHI,25,2015,2015,1,660000,660000,0.0046,2015,2015,FALSE
7302,Terrelle Pryor,terrelle pryor,WR,CLE CLE,CLE,25,2015,2015,1,660000,660000,0.0046,2015,2015,FALSE
7313,Deonte Thompson,deonte thompson,WR,CHI CHI,CHI,25,2015,2015,1,660000,660000,0.0046,2015,2015,FALSE
7315,Marcus Thigpen,marcus thigpen,WR,BUF BUF,BUF,28,2015,2015,1,660000,660000,0.0046,2015,2015,FALSE
7322,Vincent Brown,vincent brown,WR,SD SD,LAC,26,2015,2015,1,660000,660000,0.0046,2015,2015,FALSE
7326,Ricardo Lockette,ricardo lockette,WR,SEA SEA,SEA,28,2015,2015,1,660000,660000,0.0046,2015,2015,FALSE
7327,Jeremy Ross,jeremy ross,WR,OAK OAK,LV,26,2015,2015,1,660000,660000,0.0046,2015,2015,FALSE
7340,Aldrick Robinson,aldrick robinson,WR,BAL BAL,BAL,26,2015,2015,1,660000,660000,0.0046,2015,2015,FALSE
7344,Clyde Gates,clyde gates,WR,DAL DAL,DAL,28,2015,2015,1,660000,660000,0.0046,2015,2015,FALSE
7345,Jacoby Ford,jacoby ford,WR,TEN TEN,TEN,27,2015,2015,1,660000,660000,0.0046,2015,2015,FALSE
7348,Terrelle Pryor,terrelle pryor,WR,KC KC,KC,25,2015,2015,1,660000,660000,0.0046,2015,2015,FALSE
7356,Nick Toon,nick toon,WR,STL STL,LA,26,2015,2016,1,600000,600000,0.004200000000000001,2015,2016,FALSE
7357,Joseph Morgan,joseph morgan,WR,NO NO,NO,26,2015,2015,1,600000,600000,0.004200000000000001,2015,2015,FALSE
7358,Brenton Bersin,brenton bersin,WR,CAR CAR,CAR,24,2015,2015,1,600000,600000,0.004200000000000001,2015,2015,FALSE
7359,Stephen Hill,stephen hill,WR,CAR CAR,CAR,23,2015,2015,1,594500,594500,0.0041,2015,2015,FALSE
7360,Laron Byrd,laron byrd,WR,MIA MIA,MIA,25,2015,2015,1,585000,585000,0.0041,2015,2015,FALSE
7369,Kenbrell Thompkins,kenbrell thompkins,WR,NYJ NYJ,NYJ,26,2015,2015,1,585000,585000,0.0041,2015,2015,FALSE
7399,Saalim Hakim,saalim hakim,WR,KC KC,KC,24,2015,2015,1,585000,585000,0.0041,2015,2015,FALSE
7401,Joseph Morgan,joseph morgan,WR,BAL BAL,BAL,26,2015,2015,1,585000,585000,0.0041,2015,2015,FALSE
7406,Kamar Aiken,kamar aiken,WR,BAL BAL,BAL,25,2015,2015,1,585000,585000,0.0041,2015,2015,FALSE
7414,Junior Hemingway,junior hemingway,WR,KC KC,KC,26,2015,2015,1,585000,585000,0.0041,2015,2015,FALSE
7422,Chris Hogan,chris hogan,WR,BUF BUF,BUF,27,2015,2015,1,585000,585000,0.0041,2015,2015,FALSE
7435,Michael Preston,michael preston,WR,MIA MIA,MIA,25,2015,2015,1,585000,585000,0.0041,2015,2015,FALSE
7439,Mike Brown,mike brown,WR,CAR CAR,CAR,25,2015,2015,1,585000,585000,0.0041,2015,2015,FALSE
7447,Kevin Cone,kevin cone,WR,CLE CLE,CLE,26,2015,2015,1,585000,585000,0.0041,2015,2015,FALSE
7456,Jeremy Butler,jeremy butler,WR,BAL BAL,BAL,23,2015,2015,1,510000,510000,0.0036,2015,2015,FALSE
7461,Seantavius Jones,seantavius jones,WR,NO NO,NO,22,2015,2015,1,510000,510000,0.0036,2015,2015,FALSE
7474,Greg Jenkins,greg jenkins,WR,JAX JAX,JAX,25,2015,2015,1,510000,510000,0.0036,2015,2015,FALSE
7476,Tommy Streeter,tommy streeter,WR,MIA MIA,MIA,25,2015,2015,1,510000,510000,0.0036,2015,2015,FALSE
7478,Lance Lewis,lance lewis,WR,NO NO,NO,26,2015,2015,1,510000,510000,0.0036,2015,2015,FALSE
7481,Chris Matthews,chris matthews,WR,BAL BAL,BAL,25,2015,2015,1,510000,510000,0.0036,2015,2015,FALSE
7492,Justin Brown,justin brown,WR,BUF BUF,BUF,23,2015,2015,1,510000,510000,0.0036,2015,2015,FALSE
7493,Kerry Taylor,kerry taylor,WR,DEN DEN,DEN,25,2015,2015,1,510000,510000,0.0036,2015,2015,FALSE
7497,Myles White,myles white,WR,NYG NYG,NYG,24,2015,2015,1,510000,510000,0.0036,2015,2015,FALSE
7499,Nathan Palmer,nathan palmer,WR,DEN DEN,DEN,25,2015,2015,1,510000,510000,0.0036,2015,2015,FALSE
7500,Isaiah Burse,isaiah burse,WR,DEN DEN,DEN,23,2015,2015,1,510000,510000,0.0036,2015,2015,FALSE
7524,Darius Jennings,darius jennings,WR,CLE CLE,CLE,22,2015,2015,1,435000,435000,0.003,2015,2015,FALSE
7527,Kaelin Clay,kaelin clay,WR,BAL BAL,BAL,22,2015,2015,1,435000,435000,0.003,2015,2015,FALSE
7547,Tyler McDonald,tyler mcdonald,WR,MIA MIA,MIA,23,2015,2015,1,435000,435000,0.003,2015,2015,FALSE
7554,Brelan Chancellor,brelan chancellor,WR,PIT PIT,PIT,22,2015,2015,1,435000,435000,0.003,2015,2015,FALSE
7556,Bennie Fowler,bennie fowler,WR,DEN DEN,DEN,23,2015,2015,1,435000,435000,0.003,2015,2015,FALSE
7567,Jeremy Kelley,jeremy kelley,WR,CHI CHI,CHI,26,2015,2015,1,435000,435000,0.003,2015,2015,FALSE
7571,L'Damian Washington,l damian washington,WR,KC KC,KC,23,2015,2015,1,435000,435000,0.003,2015,2015,FALSE
7578,Travis Harvey,travis harvey,WR,ARI ARI,ARI,24,2015,2015,1,435000,435000,0.003,2015,2015,FALSE
7583,Jeremy Gallon,jeremy gallon,WR,OAK OAK,LV,24,2015,2015,1,435000,435000,0.003,2015,2015,FALSE
7586,Seth Roberts,seth roberts,WR,OAK OAK,LV,23,2015,2015,1,435000,435000,0.003,2015,2015,FALSE
7597,Matt Hazel,matt hazel,WR,MIA MIA,MIA,22,2015,2015,1,435000,435000,0.003,2015,2015,FALSE
7600,Tyler Murphy,tyler murphy,WR,PIT PIT,PIT,22,2015,2015,1,435000,435000,0.003,2015,2015,FALSE
7605,Chandler Worthy,chandler worthy,WR,HOU HOU,HOU,21,2015,2015,1,435000,435000,0.003,2015,2015,FALSE
7610,Deontay Greenberry,deontay greenberry,WR,SEA SEA,SEA,20,2015,2015,1,435000,435000,0.003,2015,2015,FALSE
7613,Deshon Foxx,deshon foxx,WR,SEA SEA,SEA,22,2015,2015,1,435000,435000,0.003,2015,2015,FALSE
7614,Austin Willis,austin willis,WR,BUF BUF,BUF,22,2015,2015,1,435000,435000,0.003,2015,2015,FALSE
7616,Jarrod West,jarrod west,WR,PIT PIT,PIT,NA,2015,2015,1,435000,435000,0.003,2015,2015,FALSE
7640,Nigel King,nigel king,WR,SF SF,SF,22,2015,2015,1,435000,435000,0.003,2015,2015,FALSE
7643,Josh Reese,josh reese,WR,PHI PHI,PHI,NA,2015,2015,1,435000,435000,0.003,2015,2015,FALSE
7644,Corbin Louks,corbin louks,WR,DEN DEN,DEN,25,2015,2015,1,435000,435000,0.003,2015,2015,FALSE
7650,Desmond Lawrence,desmond lawrence,WR,CIN CIN,CIN,NA,2015,2015,1,435000,435000,0.003,2015,2015,FALSE
7661,Austin Hill,austin hill,WR,NYJ NYJ,NYJ,NA,2015,2015,1,435000,435000,0.003,2015,2015,FALSE
7663,Darius Jennings,darius jennings,WR,CLE CLE,CLE,22,2015,2015,1,435000,435000,0.003,2015,2015,FALSE
7664,Erik Lora,erik lora,WR,JAX JAX,JAX,23,2015,2015,1,435000,435000,0.003,2015,2015,FALSE
7672,Ja'Marr Chase,ja marr chase,WR,CIN CIN,CIN,25,2025,2029,4,161000000,40250000,0.1442,2028,2029,FALSE
7674,D.K. Metcalf,d k metcalf,WR,PIT PIT,PIT,27,2025,2029,4,132000000,33000000,0.1182,2028,2029,FALSE
7675,Garrett Wilson,garrett wilson,WR,NYJ NYJ,NYJ,24,2025,2030,4,130000000,32500000,0.11639999999999999,2028,2030,FALSE
7678,Tee Higgins,tee higgins,WR,CIN CIN,CIN,26,2025,2028,4,115000000,28750000,0.10300000000000001,2028,2028,FALSE
7689,Terry McLaurin,terry mclaurin,WR,WAS WAS,WAS,29,2025,2028,3,97000000,32333333,0.1158,2027,2028,FALSE
7692,Courtland Sutton,courtland sutton,WR,DEN DEN,DEN,29,2025,2029,4,92000000,23000000,0.08239999999999999,2028,2029,FALSE
7703,Jameson Williams,jameson williams,WR,DET DET,DET,24,2025,2029,3,80000000,26666667,0.0955,2027,2029,FALSE
7714,Chris Godwin,chris godwin,WR,TB TB,TB,29,2025,2027,3,66000000,22000000,0.0788,2027,2027,FALSE
7716,Stefon Diggs,stefon diggs,WR,NE NE,NE,31,2025,2027,3,63500000,21166667,0.0758,2027,2027,FALSE
7720,Jakobi Meyers,jakobi meyers,WR,JAX JAX,JAX,29,2025,2028,3,60000000,20000000,0.0716,2027,2028,FALSE
7727,Khalil Shakir,khalil shakir,WR,BUF BUF,BUF,25,2025,2029,4,53058000,13264500,0.0475,2028,2029,FALSE
7741,Travis Hunter,travis hunter,WR,JAX JAX,JAX,22,2025,2028,4,46649126,11662282,0.0418,2028,2028,FALSE
7749,Cooper Kupp,cooper kupp,WR,SEA SEA,SEA,31,2025,2027,3,45000000,15000000,0.0537,2027,2027,FALSE
7754,Davante Adams,davante adams,WR,LAR LAR,LA,32,2025,2026,2,44000000,22000000,0.0788,2026,2026,FALSE
7773,Rashod Bateman,rashod bateman,WR,BAL BAL,BAL,25,2025,2029,3,36750000,12250000,0.043899999999999995,2027,2029,FALSE
7775,Darius Slayton,darius slayton,WR,NYG NYG,NYG,28,2025,2027,3,36000000,12000000,0.043,2027,2027,FALSE
7795,Josh Palmer,josh palmer,WR,BUF BUF,BUF,25,2025,2027,3,29000000,9666667,0.0346,2027,2027,FALSE
7799,Tet McMillan,tet mcmillan,WR,CAR CAR,CAR,22,2025,2028,4,27930390,6982598,0.025,2028,2028,FALSE
7804,Tee Higgins,tee higgins,WR,CIN CIN,CIN,26,2025,2025,1,26179200,26179200,0.09380000000000001,2025,2025,FALSE
7837,Emeka Egbuka,emeka egbuka,WR,TB TB,TB,22,2025,2029,4,18172730,4543183,0.016300000000000002,2028,2029,FALSE
7845,Matthew Golden,matthew golden,WR,GB GB,GB,21,2025,2029,4,17575338,4393835,0.015700000000000002,2028,2029,FALSE
7846,Deebo Samuel,deebo samuel,WR,WAS WAS,WAS,29,2025,2025,1,17545529,17545529,0.06280000000000001,2025,2025,FALSE
7873,Kavontae Turpin,kavontae turpin,WR,DAL DAL,DAL,28,2025,2027,3,13500000,4500000,0.0161,2027,2027,FALSE
7874,Brandin Cooks,brandin cooks,WR,NO NO,NO,31,2025,2026,2,13000000,6500000,0.023299999999999998,2026,2026,FALSE
7886,Jayden Higgins,jayden higgins,WR,HOU HOU,HOU,22,2025,2028,4,11700824,2925206,0.0105,2028,2028,FALSE
7897,Christian Watson,christian watson,WR,GB GB,GB,26,2025,2026,1,11000000,11000000,0.0394,2025,2026,FALSE
7898,Luther Burden III,luther burden iii,WR,CHI CHI,CHI,21,2025,2028,4,10964030,2741008,0.0098,2028,2028,FALSE
7909,Dyami Brown,dyami brown,WR,JAX JAX,JAX,25,2025,2025,1,10000000,10000000,0.0358,2025,2025,FALSE
7910,TuTu Atwell,tutu atwell,WR,LAR LAR,LA,25,2025,2025,1,10000000,10000000,0.0358,2025,2025,FALSE
7937,Adam Thielen,adam thielen,WR,CAR CAR,CAR,34,2025,2025,1,8500000,8500000,0.0304,2025,2025,FALSE
7942,Mack Hollins,mack hollins,WR,NE NE,NE,31,2025,2026,2,8400000,4200000,0.015,2026,2026,FALSE
7948,Demarcus Robinson,demarcus robinson,WR,SF SF,SF,30,2025,2026,2,8000000,4000000,0.0143,2026,2026,FALSE
7953,Tre Harris,tre harris,WR,LAC LAC,LAC,23,2025,2028,4,7817694,1954424,0.006999999999999999,2028,2028,FALSE
7956,Jack Bech,jack bech,WR,LV LV,LV,22,2025,2028,4,7558817,1889704,0.0068,2028,2028,FALSE
7968,Marquise Brown,marquise brown,WR,KC KC,KC,27,2025,2025,1,7000000,7000000,0.025099999999999997,2025,2025,FALSE
7975,Kyle Williams,kyle williams,WR,NE NE,NE,22,2025,2028,4,6703572,1675893,0.006,2028,2028,FALSE
7977,Isaac TeSlaa,isaac teslaa,WR,DET DET,DET,23,2025,2028,4,6664452,1666113,0.006,2028,2028,FALSE
7981,Pat Bryant,pat bryant,WR,DEN DEN,DEN,22,2025,2028,4,6581080,1645270,0.0059,2028,2028,FALSE
7990,Ashton Dulin,ashton dulin,WR,IND IND,IND,27,2025,2026,2,6500000,3250000,0.011600000000000001,2026,2026,FALSE
7992,Jaylin Noel,jaylin noel,WR,HOU HOU,HOU,22,2025,2028,4,6466856,1616714,0.0058,2028,2028,FALSE
8003,Savion Williams,savion williams,WR,GB GB,GB,23,2025,2028,4,6292454,1573114,0.005600000000000001,2028,2028,FALSE
8019,Tai Felton,tai felton,WR,MIN MIN,MIN,22,2025,2028,4,6161184,1540296,0.0055000000000000005,2028,2028,FALSE
8031,Trent Sherfield,trent sherfield,WR,DEN DEN,DEN,29,2025,2026,2,6000000,3000000,0.010700000000000001,2026,2026,FALSE
8037,Nick Westbrook,nick westbrook,WR,MIA MIA,MIA,27,2025,2026,2,5990000,2995000,0.010700000000000001,2026,2026,FALSE
8045,Khadarel Hodge,khadarel hodge,WR,ATL ATL,ATL,30,2025,2026,2,5500000,2750000,0.0098,2026,2026,FALSE
8048,Chimere Dike,chimere dike,WR,TEN TEN,TEN,22,2025,2028,4,5400952,1350238,0.0048000000000000004,2028,2028,FALSE
8055,Dont'e Thornton Jr.,dont e thornton jr,WR,LV LV,LV,22,2025,2028,4,5250900,1312725,0.0047,2028,2028,FALSE
8059,Arian Smith,arian smith,WR,NYJ NYJ,NYJ,23,2025,2028,4,5241652,1310413,0.0047,2028,2028,FALSE
8076,Jaylin Lane,jaylin lane,WR,WAS WAS,WAS,23,2025,2028,4,5113852,1278463,0.0046,2028,2028,FALSE
8081,Jalen Royals,jalen royals,WR,KC KC,KC,22,2025,2028,4,5067200,1266800,0.0045000000000000005,2028,2028,FALSE
8090,DeAndre Hopkins,deandre hopkins,WR,BAL BAL,BAL,32,2025,2025,1,5000000,5000000,0.0179,2025,2025,FALSE
8091,Justin Watson,justin watson,WR,HOU HOU,HOU,29,2025,2026,2,5000000,2500000,0.009000000000000001,2026,2026,FALSE
8094,Elic Ayomanor,elic ayomanor,WR,TEN TEN,TEN,21,2025,2028,4,4865816,1216454,0.0044,2028,2028,FALSE
8095,Jordan Watkins,jordan watkins,WR,SF SF,SF,23,2025,2028,4,4865816,1216454,0.0044,2028,2028,FALSE
8120,KeAndre Lambert-Smith,keandre lambert smith,WR,LAC LAC,LAC,22,2025,2028,4,4608004,1152001,0.0041,2028,2028,FALSE
8128,Tory Horton,tory horton,WR,SEA SEA,SEA,22,2025,2028,4,4565040,1141260,0.0041,2028,2028,FALSE
8143,Ben Skowronek,ben skowronek,WR,PIT PIT,PIT,27,2025,2026,2,4475000,2237500,0.008,2026,2026,FALSE
8169,LaJohntay Wester,lajohntay wester,WR,BAL BAL,BAL,23,2025,2028,4,4414868,1103717,0.004,2028,2028,FALSE
8174,Jimmy Horn Jr.,jimmy horn jr,WR,CAR CAR,CAR,22,2025,2028,4,4395440,1098860,0.0039000000000000003,2028,2028,FALSE
8179,Tommy Mellott,tommy mellott,WR,LV LV,LV,24,2025,2028,4,4374280,1093570,0.0039000000000000003,2028,2028,FALSE
8202,Tez Johnson,tez johnson,WR,TB TB,TB,22,2025,2028,4,4323940,1080985,0.0039000000000000003,2028,2028,FALSE
8205,Ricky White III,ricky white iii,WR,SEA SEA,SEA,23,2025,2028,4,4312700,1078175,0.0039000000000000003,2028,2028,FALSE
8207,Kaden Prather,kaden prather,WR,BUF BUF,BUF,22,2025,2028,4,4310368,1077592,0.0039000000000000003,2028,2028,FALSE
8209,Konata Mumpfield,konata mumpfield,WR,LAR LAR,LA,22,2025,2028,4,4308536,1077134,0.0039000000000000003,2028,2028,FALSE
8211,Dominic Lovett,dominic lovett,WR,DET DET,DET,22,2025,2028,4,4306772,1076693,0.0039000000000000003,2028,2028,FALSE
8219,Junior Bergen,junior bergen,WR,SF SF,SF,NA,2025,2028,4,4301672,1075418,0.0039000000000000003,2028,2028,FALSE
8234,Tyler Lockett,tyler lockett,WR,TEN TEN,TEN,32,2025,2025,1,4000000,4000000,0.0143,2025,2025,FALSE
8242,Marquez Valdes-Scantling,marquez valdes scantling,WR,SEA SEA,SEA,30,2025,2025,1,4000000,4000000,0.0143,2025,2025,FALSE
8260,Greg Dortch,greg dortch,WR,ARI ARI,ARI,26,2025,2025,1,3263000,3263000,0.011700000000000002,2025,2025,FALSE
8264,Noah Brown,noah brown,WR,WAS WAS,WAS,29,2025,2025,1,3250000,3250000,0.011600000000000001,2025,2025,FALSE
8272,Keenan Allen,keenan allen,WR,LAC LAC,LAC,33,2025,2025,1,3020000,3020000,0.0108,2025,2025,FALSE
8274,Isaiah Bond,isaiah bond,WR,CLE CLE,CLE,21,2025,2027,3,3018000,1006000,0.0036,2027,2027,FALSE
8281,Beaux Collins,beaux collins,WR,NYG NYG,NYG,22,2025,2027,3,3001000,1000333,0.0036,2027,2027,FALSE
8292,Mike Williams,mike williams,WR,LAC LAC,LAC,30,2025,2025,1,3000000,3000000,0.010700000000000001,2025,2025,FALSE
8305,Da'Quan Felton,da quan felton,WR,NYG NYG,NYG,24,2025,2027,3,2995000,998333,0.0036,2027,2027,FALSE
8307,Roc Taylor,roc taylor,WR,PIT PIT,PIT,22,2025,2027,3,2995000,998333,0.0036,2027,2027,FALSE
8314,Bryson Green,bryson green,WR,ARI ARI,ARI,22,2025,2027,3,2995000,998333,0.0036,2027,2027,FALSE
8326,Efton Chism III,efton chism iii,WR,NE NE,NE,23,2025,2027,3,2990000,996667,0.0036,2027,2027,FALSE
8327,Antwane Wells Jr.,antwane wells jr,WR,NYG NYG,NYG,24,2025,2027,3,2990000,996667,0.0036,2027,2027,FALSE
8334,Isaiah Neyor,isaiah neyor,WR,SF SF,SF,23,2025,2027,3,2990000,996667,0.0036,2027,2027,FALSE
8341,Xavier Restrepo,xavier restrepo,WR,TEN TEN,TEN,23,2025,2027,3,2985000,995000,0.0036,2027,2027,FALSE
8347,Andrew Armstrong,andrew armstrong,WR,MIA MIA,MIA,24,2025,2027,3,2985000,995000,0.0036,2027,2027,FALSE
8353,Jackson Meeks,jackson meeks,WR,DET DET,DET,22,2025,2027,3,2985000,995000,0.0036,2027,2027,FALSE
8354,Kobe Hudson,kobe hudson,WR,CAR CAR,CAR,23,2025,2027,3,2985000,995000,0.0036,2027,2027,FALSE
8355,Jahdae Walker,jahdae walker,WR,CHI CHI,CHI,22,2025,2027,3,2985000,995000,0.0036,2027,2027,FALSE
8356,John Richardson,john richardson,WR,CHI CHI,CHI,23,2025,2027,3,2985000,995000,0.0036,2027,2027,FALSE
8361,Jakobie Keeney-James,jakobie keeney james,WR,DET DET,DET,24,2025,2027,3,2985000,995000,0.0036,2027,2027,FALSE
8362,Justin Barron,justin barron,WR,DAL DAL,DAL,23,2025,2027,3,2985000,995000,0.0036,2027,2027,FALSE
8368,Nick Nash,nick nash,WR,ATL ATL,ATL,24,2025,2027,3,2985000,995000,0.0036,2027,2027,FALSE
8385,Jordan Moore,jordan moore,WR,CIN CIN,CIN,23,2025,2027,3,2985000,995000,0.0036,2027,2027,FALSE
8389,Kelly Akharaiyi,kelly akharaiyi,WR,BUF BUF,BUF,25,2025,2027,3,2985000,995000,0.0036,2027,2027,FALSE
8395,Eli Pancol,eli pancol,WR,JAX JAX,JAX,24,2025,2027,3,2981000,993667,0.0036,2027,2027,FALSE
8414,Chandler Brayboy,chandler brayboy,WR,JAX JAX,JAX,23,2025,2027,3,2980000,993333,0.0036,2027,2027,FALSE
8425,Theo Wease Jr.,theo wease jr,WR,MIA MIA,MIA,23,2025,2027,3,2980000,993333,0.0036,2027,2027,FALSE
8429,Daniel Jackson,daniel jackson,WR,HOU HOU,HOU,23,2025,2027,3,2980000,993333,0.0036,2027,2027,FALSE
8433,Rashod Owens,rashod owens,WR,CIN CIN,CIN,23,2025,2027,3,2980000,993333,0.0036,2027,2027,FALSE
8449,Tyrone Broden,tyrone broden,WR,SEA SEA,SEA,24,2025,2027,3,2980000,993333,0.0036,2027,2027,FALSE
8459,Darius Cooper,darius cooper,WR,PHI PHI,PHI,23,2025,2027,3,2980000,993333,0.0036,2027,2027,FALSE
8462,Stephen Gosnell,stephen gosnell,WR,BUF BUF,BUF,23,2025,2027,3,2980000,993333,0.0036,2027,2027,FALSE
8463,Hal Presley,hal presley,WR,BUF BUF,BUF,23,2025,2027,3,2980000,993333,0.0036,2027,2027,FALSE
8469,Silas Bolden,silas bolden,WR,MIN MIN,MIN,23,2025,2027,3,2980000,993333,0.0036,2027,2027,FALSE
8476,Blayne Taylor,blayne taylor,WR,IND IND,IND,23,2025,2027,3,2977500,992500,0.0036,2027,2027,FALSE
8484,Quentin Skinner,quentin skinner,WR,NYJ NYJ,NYJ,23,2025,2027,3,2975000,991667,0.0036,2027,2027,FALSE
8490,Dontae Fleming,dontae fleming,WR,MIN MIN,MIN,23,2025,2027,3,2975000,991667,0.0036,2027,2027,FALSE
8494,AJ Henning,aj henning,WR,MIA MIA,MIA,23,2025,2027,3,2975000,991667,0.0036,2027,2027,FALSE
8514,Gage Larvadain,gage larvadain,WR,CLE CLE,CLE,22,2025,2027,3,2975000,991667,0.0036,2027,2027,FALSE
8515,Ja'Seem Reed,ja seem reed,WR,CLE CLE,CLE,22,2025,2027,3,2975000,991667,0.0036,2027,2027,FALSE
8547,Jacoby Jones,jacoby jones,WR,WAS WAS,WAS,23,2025,2027,3,2975000,991667,0.0036,2027,2027,FALSE
8548,Ja’Corey Brooks,ja corey brooks,WR,WAS WAS,WAS,23,2025,2027,3,2975000,991667,0.0036,2027,2027,FALSE
8550,Mac Dalena,mac dalena,WR,KC KC,KC,23,2025,2027,3,2975000,991667,0.0036,2027,2027,FALSE
8567,Julian Fleming,julian fleming,WR,GB GB,GB,24,2025,2027,3,2975000,991667,0.0036,2027,2027,FALSE
8569,Chris Tyree,chris tyree,WR,NO NO,NO,23,2025,2027,3,2975000,991667,0.0036,2027,2027,FALSE
8571,Moochie Dixon,moochie dixon,WR,NO NO,NO,23,2025,2027,3,2975000,991667,0.0036,2027,2027,FALSE
8572,Ke’Shawn Williams,ke shawn williams,WR,PIT PIT,PIT,23,2025,2027,3,2975000,991667,0.0036,2027,2027,FALSE
8583,Coleman Owen,coleman owen,WR,IND IND,IND,24,2025,2027,3,2973000,991000,0.0034999999999999996,2027,2027,FALSE
8587,Mario Williams,mario williams,WR,LAR LAR,LA,22,2025,2027,3,2973000,991000,0.0034999999999999996,2027,2027,FALSE
8590,Garrett Greene,garrett greene,WR,TB TB,TB,23,2025,2027,3,2972500,990833,0.0034999999999999996,2027,2027,FALSE
8591,Jacolby George,jacolby george,WR,CAR CAR,CAR,22,2025,2027,3,2972500,990833,0.0034999999999999996,2027,2027,FALSE
8593,Jamaal Pritchett,jamaal pritchett,WR,NYJ NYJ,NYJ,21,2025,2027,3,2972500,990833,0.0034999999999999996,2027,2027,FALSE
8594,Josh Kelly,josh kelly,WR,DAL DAL,DAL,23,2025,2027,3,2972500,990833,0.0034999999999999996,2027,2027,FALSE
8600,Jahmal Banks,jahmal banks,WR,BAL BAL,BAL,23,2025,2027,3,2972000,990667,0.0034999999999999996,2027,2027,FALSE
8606,Quincy Skinner Jr.,quincy skinner jr,WR,ATL ATL,ATL,22,2025,2027,3,2971000,990333,0.0034999999999999996,2027,2027,FALSE
8608,Jordan Bly,jordan bly,WR,NYG NYG,NYG,22,2025,2027,3,2970000,990000,0.0034999999999999996,2027,2027,FALSE
8610,Monaray Baldwin,monaray baldwin,WR,MIA MIA,MIA,22,2025,2027,3,2970000,990000,0.0034999999999999996,2027,2027,FALSE
8614,Luke Grimm,luke grimm,WR,LAC LAC,LAC,23,2025,2027,3,2970000,990000,0.0034999999999999996,2027,2027,FALSE
8617,Landon Parker,landon parker,WR,IND IND,IND,25,2025,2027,3,2970000,990000,0.0034999999999999996,2027,2027,FALSE
8619,Courtney Jackson,courtney jackson,WR,DEN DEN,DEN,24,2025,2027,3,2970000,990000,0.0034999999999999996,2027,2027,FALSE
8621,Darius Lassiter,darius lassiter,WR,JAX JAX,JAX,24,2025,2027,3,2970000,990000,0.0034999999999999996,2027,2027,FALSE
8622,Cam Camper,cam camper,WR,JAX JAX,JAX,23,2025,2027,3,2970000,990000,0.0034999999999999996,2027,2027,FALSE
8624,Joaquin Davis,joaquin davis,WR,DEN DEN,DEN,22,2025,2027,3,2970000,990000,0.0034999999999999996,2027,2027,FALSE
8627,Demeer Blankumsee,demeer blankumsee,WR,NE NE,NE,23,2025,2027,3,2970000,990000,0.0034999999999999996,2027,2027,FALSE
8635,Xavier Guillory,xavier guillory,WR,BAL BAL,BAL,23,2025,2027,3,2970000,990000,0.0034999999999999996,2027,2027,FALSE
8638,Taylor Morin,taylor morin,WR,PHI PHI,PHI,24,2025,2027,3,2970000,990000,0.0034999999999999996,2027,2027,FALSE
8641,Tru Edwards,tru edwards,WR,LAR LAR,LA,23,2025,2027,3,2970000,990000,0.0034999999999999996,2027,2027,FALSE
8651,Brennan Presley,brennan presley,WR,LAR LAR,LA,23,2025,2027,3,2969000,989667,0.0034999999999999996,2027,2027,FALSE
8653,Justin Lockhart,justin lockhart,WR,KC KC,KC,24,2025,2027,3,2968000,989333,0.0034999999999999996,2027,2027,FALSE
8655,Jamoi Mayes,jamoi mayes,WR,CIN CIN,CIN,22,2025,2027,3,2968000,989333,0.0034999999999999996,2027,2027,FALSE
8661,Traeshon Holden,traeshon holden,WR,DAL DAL,DAL,23,2025,2027,3,2968000,989333,0.0034999999999999996,2027,2027,FALSE
8665,Dorian Singer,dorian singer,WR,JAX JAX,JAX,22,2025,2027,3,2967500,989167,0.0034999999999999996,2027,2027,FALSE
8677,Dalevon Campbell,dalevon campbell,WR,LAC LAC,LAC,23,2025,2027,3,2967000,989000,0.0034999999999999996,2027,2027,FALSE
8678,Tyler Kahmann,tyler kahmann,WR,IND IND,IND,24,2025,2027,3,2967000,989000,0.0034999999999999996,2027,2027,FALSE
8680,Jeremiah Webb,jeremiah webb,WR,NE NE,NE,23,2025,2027,3,2967000,989000,0.0034999999999999996,2027,2027,FALSE
8701,Ife Adeyi,ife adeyi,WR,PHI PHI,PHI,NA,2025,2027,3,2965000,988333,0.0034999999999999996,2027,2027,FALSE
8704,Sam Brown,sam brown,WR,GB GB,GB,NA,2025,2027,3,2965000,988333,0.0034999999999999996,2027,2027,FALSE
8705,Montana Lemonious-Craig,montana lemonious craig,WR,PIT PIT,PIT,22,2025,2027,3,2965000,988333,0.0034999999999999996,2027,2027,FALSE
8709,Nate McCollum,nate mccollum,WR,SEA SEA,SEA,23,2025,2027,3,2965000,988333,0.0034999999999999996,2027,2027,FALSE
8716,T.J. Sheffield,t j sheffield,WR,TEN TEN,TEN,24,2025,2027,3,2965000,988333,0.0034999999999999996,2027,2027,FALSE
8723,Key'Shawn Smith,key shawn smith,WR,LV LV,LV,23,2025,2027,3,2965000,988333,0.0034999999999999996,2027,2027,FALSE
8724,Ketron Jackson,ketron jackson,WR,LV LV,LV,22,2025,2027,3,2965000,988333,0.0034999999999999996,2027,2027,FALSE
8728,Kyrese Rowan,kyrese rowan,WR,DEN DEN,DEN,24,2025,2027,3,2965000,988333,0.0034999999999999996,2027,2027,FALSE
8730,Cade McDonald,cade mcdonald,WR,CLE CLE,CLE,NA,2025,2027,3,2965000,988333,0.0034999999999999996,2027,2027,FALSE
8731,Kisean Johnson,kisean johnson,WR,CLE CLE,CLE,23,2025,2027,3,2965000,988333,0.0034999999999999996,2027,2027,FALSE
8732,Luke Floriea,luke floriea,WR,CLE CLE,CLE,23,2025,2027,3,2965000,988333,0.0034999999999999996,2027,2027,FALSE
8739,J.J. Jones,j j jones,WR,JAX JAX,JAX,21,2025,2027,3,2965000,988333,0.0034999999999999996,2027,2027,FALSE
8740,Jerjuan Newton,jerjuan newton,WR,DEN DEN,DEN,23,2025,2027,3,2965000,988333,0.0034999999999999996,2027,2027,FALSE
8741,Zakhari Franklin,zakhari franklin,WR,LV LV,LV,24,2025,2027,3,2965000,988333,0.0034999999999999996,2027,2027,FALSE
8742,Dalen Cambre,dalen cambre,WR,NYG NYG,NYG,24,2025,2027,3,2965000,988333,0.0034999999999999996,2027,2027,FALSE
8743,Dymere Miller,dymere miller,WR,NYJ NYJ,NYJ,23,2025,2027,3,2965000,988333,0.0034999999999999996,2027,2027,FALSE
8745,Moose Muhammad III,moose muhammad iii,WR,CAR CAR,CAR,24,2025,2027,3,2965000,988333,0.0034999999999999996,2027,2027,FALSE
8750,Jimmy Holiday,jimmy holiday,WR,KC KC,KC,23,2025,2027,3,2965000,988333,0.0034999999999999996,2027,2027,FALSE
8752,Giles Jackson,giles jackson,WR,PHI PHI,PHI,23,2025,2027,3,2965000,988333,0.0034999999999999996,2027,2027,FALSE
8757,Robert Lewis,robert lewis,WR,MIN MIN,MIN,23,2025,2027,3,2965000,988333,0.0034999999999999996,2027,2027,FALSE
8758,Justin Barron,justin barron,WR,DAL DAL,DAL,24,2025,2027,3,2965000,988333,0.0034999999999999996,2027,2027,FALSE
8760,Quentin Skinner,quentin skinner,WR,NYJ NYJ,NYJ,24,2025,2027,3,2965000,988333,0.0034999999999999996,2027,2027,FALSE
8764,Myles Price,myles price,WR,MIN MIN,MIN,23,2025,2027,3,2965000,988333,0.0034999999999999996,2027,2027,FALSE
8765,Phil Lutz,phil lutz,WR,NE NE,NE,NA,2025,2027,3,2965000,988333,0.0034999999999999996,2027,2027,FALSE
8771,Roderick Daniels,roderick daniels,WR,NO NO,NO,NA,2025,2027,3,2965000,988333,0.0034999999999999996,2027,2027,FALSE
8781,Jaden Smith,jaden smith,WR,TB TB,TB,NA,2025,2027,3,2965000,988333,0.0034999999999999996,2027,2027,FALSE
8789,Will Sheppard,will sheppard,WR,GB GB,GB,NA,2025,2027,3,2965000,988333,0.0034999999999999996,2027,2027,FALSE
8798,Elijhah Badger,elijhah badger,WR,KC KC,KC,23,2025,2027,3,2965000,988333,0.0034999999999999996,2027,2027,FALSE
8810,Jahan Dotson,jahan dotson,WR,PHI PHI,PHI,25,2025,2025,1,2757048,2757048,0.009899999999999999,2025,2025,FALSE
8812,Josh Reynolds,josh reynolds,WR,NYJ NYJ,NYJ,30,2025,2025,1,2750000,2750000,0.0098,2025,2025,FALSE
8822,Elijah Moore,elijah moore,WR,BUF BUF,BUF,25,2025,2025,1,2500000,2500000,0.009000000000000001,2025,2025,FALSE
8826,Jamal Agnew,jamal agnew,WR,ATL ATL,ATL,29,2025,2025,1,2500000,2500000,0.009000000000000001,2025,2025,FALSE
8827,Tim Patrick,tim patrick,WR,DET DET,DET,31,2025,2025,1,2500000,2500000,0.009000000000000001,2025,2025,FALSE
8838,Zay Jones,zay jones,WR,ARI ARI,ARI,29,2025,2025,1,2400000,2400000,0.008600000000000002,2025,2025,FALSE
8847,Britain Covey,britain covey,WR,PHI PHI,PHI,28,2025,2026,2,2315000,1157500,0.0041,2026,2026,FALSE
8854,Hunter Renfrow,hunter renfrow,WR,CAR CAR,CAR,29,2025,2025,1,2225000,2225000,0.008,2025,2025,FALSE
8862,Andre Baccellia,andre baccellia,WR,ARI ARI,ARI,28,2025,2026,2,2175000,1087500,0.0039000000000000003,2026,2026,FALSE
8864,Xavier Gipson,xavier gipson,WR,NYG NYG,NYG,24,2025,2026,2,2175000,1087500,0.0039000000000000003,2026,2026,FALSE
8868,Jalen Brooks,jalen brooks,WR,ARI ARI,ARI,25,2025,2026,2,2175000,1087500,0.0039000000000000003,2026,2026,FALSE
8872,Mason Kinsey,mason kinsey,WR,TEN TEN,TEN,27,2025,2026,2,2175000,1087500,0.0039000000000000003,2026,2026,FALSE
8879,Deven Thompkins,deven thompkins,WR,ATL ATL,ATL,25,2025,2026,2,2135000,1067500,0.0038,2026,2026,FALSE
8881,Ronnie Bell,ronnie bell,WR,NO NO,NO,24,2025,2026,2,2105000,1052500,0.0038,2026,2026,FALSE
8882,Samori Toure,samori toure,WR,CHI CHI,CHI,26,2025,2026,2,2105000,1052500,0.0038,2026,2026,FALSE
8884,Tylan Wallace,tylan wallace,WR,BAL BAL,BAL,25,2025,2025,1,2100000,2100000,0.0075,2025,2025,FALSE
8892,Tyrell Shavers,tyrell shavers,WR,BUF BUF,BUF,25,2025,2026,2,2042000,1021000,0.0037,2026,2026,FALSE
8900,Kevin Austin,kevin austin,WR,NO NO,NO,25,2025,2026,2,2035000,1017500,0.0036,2026,2026,FALSE
8912,Ryan Flournoy,ryan flournoy,WR,DAL DAL,DAL,25,2025,2026,2,2035000,1017500,0.0036,2026,2026,FALSE
8913,Isaiah Williams,isaiah williams,WR,NYJ NYJ,NYJ,24,2025,2026,2,2035000,1017500,0.0036,2026,2026,FALSE
8927,Shedrick Jackson,shedrick jackson,WR,LV LV,LV,25,2025,2026,2,2035000,1017500,0.0036,2026,2026,FALSE
8933,Robert Woods,robert woods,WR,PIT PIT,PIT,33,2025,2025,1,2000000,2000000,0.0072,2025,2025,FALSE
8937,Rondale Moore,rondale moore,WR,MIN MIN,MIN,24,2025,2025,1,2000000,2000000,0.0072,2025,2025,FALSE
8953,Makai Polk,makai polk,WR,ATL ATL,ATL,23,2025,2026,2,1870000,935000,0.0032999999999999995,2026,2026,FALSE
8954,Tim Jones,tim jones,WR,MIN MIN,MIN,27,2025,2025,1,1870000,1870000,0.006699999999999999,2025,2025,FALSE
8960,Jakobie Keeney-James,jakobie keeney james,WR,GB GB,GB,25,2025,2026,2,1845000,922500,0.0032999999999999995,2026,2026,FALSE
8969,Theo Wease Jr.,theo wease jr,WR,MIA MIA,MIA,24,2025,2026,2,1845000,922500,0.0032999999999999995,2026,2026,FALSE
8977,Dalen Cambre,dalen cambre,WR,NYG NYG,NYG,24,2025,2026,2,1845000,922500,0.0032999999999999995,2026,2026,FALSE
8997,Ke’Shawn Williams,ke shawn williams,WR,PIT PIT,PIT,23,2025,2026,2,1845000,922500,0.0032999999999999995,2026,2026,FALSE
9001,Gage Larvadain,gage larvadain,WR,CLE CLE,CLE,22,2025,2026,2,1845000,922500,0.0032999999999999995,2026,2026,FALSE
9005,Matt Landers,matt landers,WR,TEN TEN,TEN,26,2025,2026,2,1845000,922500,0.0032999999999999995,2026,2026,FALSE
9010,Drake Stoops,drake stoops,WR,LAR LAR,LA,25,2025,2026,2,1845000,922500,0.0032999999999999995,2026,2026,FALSE
9029,Dylan Drummond,dylan drummond,WR,ATL ATL,ATL,24,2025,2026,2,1845000,922500,0.0032999999999999995,2026,2026,FALSE
9030,Tejhaun Palmer,tejhaun palmer,WR,ARI ARI,ARI,24,2025,2026,2,1845000,922500,0.0032999999999999995,2026,2026,FALSE
9032,Braxton Berrios,braxton berrios,WR,HOU HOU,HOU,29,2025,2025,1,1800000,1800000,0.0064,2025,2025,FALSE
9041,Kendrick Bourne,kendrick bourne,WR,SF SF,SF,30,2025,2025,1,1765000,1765000,0.0063,2025,2025,FALSE
9047,Simi Fehoko,simi fehoko,WR,ARI ARI,ARI,27,2025,2025,1,1750000,1750000,0.0063,2025,2025,FALSE
9049,Sterling Shepard,sterling shepard,WR,TB TB,TB,32,2025,2025,1,1750000,1750000,0.0063,2025,2025,FALSE
9060,Van Jefferson,van jefferson,WR,TEN TEN,TEN,28,2025,2025,1,1670000,1670000,0.006,2025,2025,FALSE
9080,Mecole Hardman,mecole hardman,WR,GB GB,GB,27,2025,2025,1,1500000,1500000,0.0054,2025,2025,FALSE
9083,Olamide Zaccheaus,olamide zaccheaus,WR,CHI CHI,CHI,27,2025,2025,1,1500000,1500000,0.0054,2025,2025,FALSE
9105,Zach Pascal,zach pascal,WR,NYG NYG,NYG,30,2025,2025,1,1422500,1422500,0.0051,2025,2025,FALSE
9110,Deandre Carter,deandre carter,WR,CLE CLE,CLE,31,2025,2025,1,1422500,1422500,0.0051,2025,2025,FALSE
9111,David Moore,david moore,WR,CAR CAR,CAR,30,2025,2025,1,1422500,1422500,0.0051,2025,2025,FALSE
9113,JuJu Smith-Schuster,juju smith schuster,WR,KC KC,KC,28,2025,2025,1,1422500,1422500,0.0051,2025,2025,FALSE
9161,Devin Duvernay,devin duvernay,WR,CHI CHI,CHI,27,2025,2025,1,1337500,1337500,0.0048000000000000004,2025,2025,FALSE
9166,Parris Campbell,parris campbell,WR,DAL DAL,DAL,27,2025,2025,1,1337500,1337500,0.0048000000000000004,2025,2025,FALSE
9167,Tyler Johnson,tyler johnson,WR,NYJ NYJ,NYJ,26,2025,2025,1,1337500,1337500,0.0048000000000000004,2025,2025,FALSE
9176,Scotty Miller,scotty miller,WR,PIT PIT,PIT,27,2025,2025,1,1337500,1337500,0.0048000000000000004,2025,2025,FALSE
9183,Ihmir Smith-Marsette,ihmir smith marsette,WR,NYG NYG,NYG,25,2025,2025,1,1337500,1337500,0.0048000000000000004,2025,2025,FALSE
9185,Jalen Reagor,jalen reagor,WR,LAC LAC,LAC,26,2025,2025,1,1337500,1337500,0.0048000000000000004,2025,2025,FALSE
9187,Dante Pettis,dante pettis,WR,NO NO,NO,29,2025,2025,1,1337500,1337500,0.0048000000000000004,2025,2025,FALSE
9200,DJ Chark,dj chark,WR,ATL ATL,ATL,28,2025,2025,1,1300000,1300000,0.0047,2025,2025,FALSE
9210,D'Wayne Eskridge,d wayne eskridge,WR,MIA MIA,MIA,27,2025,2025,1,1270000,1270000,0.0045000000000000005,2025,2025,FALSE
9223,Chris Moore,chris moore,WR,WAS WAS,WAS,31,2025,2025,1,1255000,1255000,0.0045000000000000005,2025,2025,FALSE
9226,Laquon Treadwell,laquon treadwell,WR,IND IND,IND,29,2025,2025,1,1255000,1255000,0.0045000000000000005,2025,2025,FALSE
9227,Jordan Matthews,jordan matthews,WR,CAR CAR,CAR,32,2025,2025,1,1255000,1255000,0.0045000000000000005,2025,2025,FALSE
9228,Phillip Dorsett,phillip dorsett,WR,LV LV,LV,32,2025,2025,1,1255000,1255000,0.0045000000000000005,2025,2025,FALSE
9233,Dante Pettis,dante pettis,WR,NO NO,NO,30,2025,2025,1,1255000,1255000,0.0045000000000000005,2025,2025,FALSE
9236,Brandin Cooks,brandin cooks,WR,BUF BUF,BUF,32,2025,2025,1,1255000,1255000,0.0045000000000000005,2025,2025,FALSE
9242,Tyler Lockett,tyler lockett,WR,LV LV,LV,33,2025,2025,1,1255000,1255000,0.0045000000000000005,2025,2025,FALSE
9257,Marquez Valdes-Scantling,marquez valdes scantling,WR,PIT PIT,PIT,30,2025,2025,1,1255000,1255000,0.0045000000000000005,2025,2025,FALSE
9281,Robbie Chosen,robbie chosen,WR,WAS WAS,WAS,32,2025,2025,1,1255000,1255000,0.0045000000000000005,2025,2025,FALSE
9298,Michael Gallup,michael gallup,WR,WAS WAS,WAS,29,2025,2025,1,1250000,1250000,0.0045000000000000005,2025,2025,FALSE
9299,Lil’jordan Humphrey,lil jordan humphrey,WR,NYG NYG,NYG,26,2025,2025,1,1245000,1245000,0.0045000000000000005,2025,2025,FALSE
9304,Hunter Renfrow,hunter renfrow,WR,CAR CAR,CAR,29,2025,2025,1,1220000,1220000,0.0044,2025,2025,FALSE
9305,Laviska Shenault,laviska shenault,WR,BUF BUF,BUF,26,2025,2025,1,1210000,1210000,0.004300000000000001,2025,2025,FALSE
9311,Terrace Marshall,terrace marshall,WR,PHI PHI,PHI,24,2025,2025,1,1195000,1195000,0.004300000000000001,2025,2025,FALSE
9313,K.J. Osborn,k j osborn,WR,WAS WAS,WAS,27,2025,2025,1,1195000,1195000,0.004300000000000001,2025,2025,FALSE
9321,Keith Kirkwood,keith kirkwood,WR,BAL BAL,BAL,30,2025,2025,1,1170000,1170000,0.004200000000000001,2025,2025,FALSE
9330,Anthony Miller,anthony miller,WR,BAL BAL,BAL,30,2025,2025,1,1170000,1170000,0.004200000000000001,2025,2025,FALSE
9334,Quez Watkins,quez watkins,WR,ARI ARI,ARI,26,2025,2025,1,1170000,1170000,0.004200000000000001,2025,2025,FALSE
9338,Marquez Callaway,marquez callaway,WR,LV LV,LV,26,2025,2025,1,1170000,1170000,0.004200000000000001,2025,2025,FALSE
9341,Russell Gage,russell gage,WR,SF SF,SF,28,2025,2025,1,1170000,1170000,0.004200000000000001,2025,2025,FALSE
9345,Trent Taylor,trent taylor,WR,SF SF,SF,30,2025,2025,1,1170000,1170000,0.004200000000000001,2025,2025,FALSE
9356,Gabriel Davis,gabriel davis,WR,BUF BUF,BUF,26,2025,2025,1,1170000,1170000,0.004200000000000001,2025,2025,FALSE
9360,Mecole Hardman,mecole hardman,WR,BUF BUF,BUF,27,2025,2025,1,1170000,1170000,0.004200000000000001,2025,2025,FALSE
9362,Lil’jordan Humphrey,lil jordan humphrey,WR,DEN DEN,DEN,27,2025,2025,1,1170000,1170000,0.004200000000000001,2025,2025,FALSE
9367,Cedrick Wilson,cedrick wilson,WR,MIA MIA,MIA,29,2025,2025,1,1170000,1170000,0.004200000000000001,2025,2025,FALSE
9380,Simi Fehoko,simi fehoko,WR,ARI ARI,ARI,27,2025,2025,1,1170000,1170000,0.004200000000000001,2025,2025,FALSE
9383,Tyler Johnson,tyler johnson,WR,NYJ NYJ,NYJ,27,2025,2025,1,1170000,1170000,0.004200000000000001,2025,2025,FALSE
9385,Russell Gage,russell gage,WR,SF SF,SF,29,2025,2025,1,1170000,1170000,0.004200000000000001,2025,2025,FALSE
9388,Devin Duvernay,devin duvernay,WR,CHI CHI,CHI,27,2025,2025,1,1170000,1170000,0.004200000000000001,2025,2025,FALSE
9397,Juwann Winfree,juwann winfree,WR,HOU HOU,HOU,28,2025,2025,1,1170000,1170000,0.004200000000000001,2025,2025,FALSE
9400,Malik Turner,malik turner,WR,SF SF,SF,29,2025,2025,1,1170000,1170000,0.004200000000000001,2025,2025,FALSE
9422,Gunner Olszewski,gunner olszewski,WR,NYG NYG,NYG,28,2025,2025,1,1170000,1170000,0.004200000000000001,2025,2025,FALSE
9426,Equanimeous St. Brown,equanimeous st brown,WR,SF SF,SF,28,2025,2025,1,1170000,1170000,0.004200000000000001,2025,2025,FALSE
9432,Trenton Irwin,trenton irwin,WR,JAX JAX,JAX,29,2025,2025,1,1170000,1170000,0.004200000000000001,2025,2025,FALSE
9439,Donovan Peoples-Jones,donovan peoples jones,WR,NO NO,NO,26,2025,2025,1,1170000,1170000,0.004200000000000001,2025,2025,FALSE
9449,Collin Johnson,collin johnson,WR,LV LV,LV,27,2025,2025,1,1170000,1170000,0.004200000000000001,2025,2025,FALSE
9450,Diontae Johnson,diontae johnson,WR,CLE CLE,CLE,28,2025,2025,1,1170000,1170000,0.004200000000000001,2025,2025,FALSE
9456,Miles Boykin,miles boykin,WR,CHI CHI,CHI,28,2025,2025,1,1170000,1170000,0.004200000000000001,2025,2025,FALSE
9459,James Proche,james proche,WR,TEN TEN,TEN,28,2025,2025,1,1170000,1170000,0.004200000000000001,2025,2025,FALSE
9460,Steven Sims Jr.,steven sims jr,WR,SEA SEA,SEA,27,2025,2025,1,1170000,1170000,0.004200000000000001,2025,2025,FALSE
9462,River Cracraft,river cracraft,WR,WAS WAS,WAS,30,2025,2025,1,1170000,1170000,0.004200000000000001,2025,2025,FALSE
9477,Dan Chisena,dan chisena,WR,CAR CAR,CAR,28,2025,2025,1,1170000,1170000,0.004200000000000001,2025,2025,FALSE
9483,Velus Jones,velus jones,WR,NO NO,NO,27,2025,2025,1,1150000,1150000,0.0041,2025,2025,FALSE
9487,K.J. Hamler,k j hamler,WR,BUF BUF,BUF,25,2025,2025,1,1108000,1108000,0.004,2025,2025,FALSE
9503,Malik Taylor,malik taylor,WR,DET DET,DET,29,2025,2025,1,1100000,1100000,0.0039000000000000003,2025,2025,FALSE
9505,Britain Covey,britain covey,WR,LAR LAR,LA,28,2025,2025,1,1100000,1100000,0.0039000000000000003,2025,2025,FALSE
9518,Treylon Burks,treylon burks,WR,WAS WAS,WAS,25,2025,2025,1,1100000,1100000,0.0039000000000000003,2025,2025,FALSE
9520,Velus Jones,velus jones,WR,NO NO,NO,28,2025,2025,1,1100000,1100000,0.0039000000000000003,2025,2025,FALSE
9527,Tim Jones,tim jones,WR,MIN MIN,MIN,27,2025,2025,1,1100000,1100000,0.0039000000000000003,2025,2025,FALSE
9536,Jacob Harris,jacob harris,WR,TB TB,TB,28,2025,2025,1,1100000,1100000,0.0039000000000000003,2025,2025,FALSE
9552,Tyquan Thornton,tyquan thornton,WR,KC KC,KC,24,2025,2025,1,1100000,1100000,0.0039000000000000003,2025,2025,FALSE
9557,Quintez Cephus,quintez cephus,WR,HOU HOU,HOU,26,2025,2025,1,1100000,1100000,0.0039000000000000003,2025,2025,FALSE
9561,David Sills,david sills,WR,ATL ATL,ATL,29,2025,2025,1,1100000,1100000,0.0039000000000000003,2025,2025,FALSE
9563,Tom Kennedy,tom kennedy,WR,DET DET,DET,28,2025,2025,1,1100000,1100000,0.0039000000000000003,2025,2025,FALSE
9565,Mike Strachan,mike strachan,WR,WAS WAS,WAS,27,2025,2025,1,1100000,1100000,0.0039000000000000003,2025,2025,FALSE
9568,Trishton Jackson,trishton jackson,WR,ARI ARI,ARI,26,2025,2025,1,1100000,1100000,0.0039000000000000003,2025,2025,FALSE
9571,Brandon Johnson,brandon johnson,WR,PIT PIT,PIT,26,2025,2025,1,1100000,1100000,0.0039000000000000003,2025,2025,FALSE
9576,Lawrence Cager,lawrence cager,WR,WAS WAS,WAS,27,2025,2025,1,1100000,1100000,0.0039000000000000003,2025,2025,FALSE
9578,Isaiah Hodgins,isaiah hodgins,WR,NYG NYG,NYG,26,2025,2025,1,1100000,1100000,0.0039000000000000003,2025,2025,FALSE
9585,Kristian Wilkerson,kristian wilkerson,WR,BUF BUF,BUF,27,2025,2025,1,1100000,1100000,0.0039000000000000003,2025,2025,FALSE
9592,Jalen Virgil,jalen virgil,WR,BUF BUF,BUF,26,2025,2025,1,1034500,1034500,0.0037,2025,2025,FALSE
9640,Cody White,cody white,WR,SEA SEA,SEA,26,2025,2025,1,1030000,1030000,0.0037,2025,2025,FALSE
9656,Irvin Charles,irvin charles,WR,NYJ NYJ,NYJ,27,2025,2025,1,1030000,1030000,0.0037,2025,2025,FALSE
9658,Bo Melton,bo melton,WR,GB GB,GB,25,2025,2025,1,1030000,1030000,0.0037,2025,2025,FALSE
9670,Kyle Philips,kyle philips,WR,LV LV,LV,25,2025,2025,1,1030000,1030000,0.0037,2025,2025,FALSE
9680,Montrell Washington,montrell washington,WR,NYG NYG,NYG,25,2025,2025,1,1030000,1030000,0.0037,2025,2025,FALSE
9683,Maurice Alexander,maurice alexander,WR,CHI CHI,CHI,28,2025,2025,1,1030000,1030000,0.0037,2025,2025,FALSE
9687,Alex Bachman,alex bachman,WR,LV LV,LV,28,2025,2025,1,1030000,1030000,0.0037,2025,2025,FALSE
9705,Dez Fitzpatrick,dez fitzpatrick,WR,LAC LAC,LAC,27,2025,2025,1,1030000,1030000,0.0037,2025,2025,FALSE
9706,A.T. Perry,a t perry,WR,DEN DEN,DEN,25,2025,2025,1,1030000,1030000,0.0037,2025,2025,FALSE
9709,Demetric Felton,demetric felton,WR,WAS WAS,WAS,26,2025,2025,1,1030000,1030000,0.0037,2025,2025,FALSE
9713,Kendric Pryor,kendric pryor,WR,CIN CIN,CIN,27,2025,2025,1,1030000,1030000,0.0037,2025,2025,FALSE
9722,Austin Trammell,austin trammell,WR,JAX JAX,JAX,26,2025,2025,1,1030000,1030000,0.0037,2025,2025,FALSE
9727,DJ Montgomery,dj montgomery,WR,IND IND,IND,28,2025,2025,1,1030000,1030000,0.0037,2025,2025,FALSE
9733,Dax Milne,dax milne,WR,CAR CAR,CAR,25,2025,2025,1,1030000,1030000,0.0037,2025,2025,FALSE
9740,Jared Wayne,jared wayne,WR,HOU HOU,HOU,24,2025,2025,1,970000,970000,0.0034999999999999996,2025,2025,FALSE
9742,Jamari Thrash,jamari thrash,WR,CLE CLE,CLE,24,2025,2025,1,960000,960000,0.0034,2025,2025,FALSE
9747,Malachi Corley,malachi corley,WR,CLE CLE,CLE,23,2025,2025,1,960000,960000,0.0034,2025,2025,FALSE
9754,Cornell Powell,cornell powell,WR,HOU HOU,HOU,27,2025,2025,1,960000,960000,0.0034,2025,2025,FALSE
9763,Braylon Sanders,braylon sanders,WR,WAS WAS,WAS,26,2025,2025,1,960000,960000,0.0034,2025,2025,FALSE
9768,Deon Cain,deon cain,WR,BUF BUF,BUF,28,2025,2025,1,960000,960000,0.0034,2025,2025,FALSE
9785,Danny Gray,danny gray,WR,PHI PHI,PHI,25,2025,2025,1,960000,960000,0.0034,2025,2025,FALSE
9786,Elijah Cooks,elijah cooks,WR,PHI PHI,PHI,26,2025,2025,1,960000,960000,0.0034,2025,2025,FALSE
9790,Justyn Ross,justyn ross,WR,KC KC,KC,25,2025,2025,1,960000,960000,0.0034,2025,2025,FALSE
9792,Jason Brownlee,jason brownlee,WR,KC KC,KC,26,2025,2025,1,960000,960000,0.0034,2025,2025,FALSE
9793,Mitchell Tinsley,mitchell tinsley,WR,CIN CIN,CIN,25,2025,2025,1,960000,960000,0.0034,2025,2025,FALSE
9811,Dontavian Jackson,dontavian jackson,WR,MIN MIN,MIN,27,2025,2025,1,960000,960000,0.0034,2025,2025,FALSE
9814,Michael Bandy,michael bandy,WR,DEN DEN,DEN,27,2025,2025,1,960000,960000,0.0034,2025,2025,FALSE
9817,Lance McCutcheon,lance mccutcheon,WR,PIT PIT,PIT,25,2025,2025,1,960000,960000,0.0034,2025,2025,FALSE
9835,Easop Winston,easop winston,WR,NYJ NYJ,NYJ,28,2025,2025,1,960000,960000,0.0034,2025,2025,FALSE
9845,Kelvin Harmon,kelvin harmon,WR,DAL DAL,DAL,28,2025,2025,1,960000,960000,0.0034,2025,2025,FALSE
9860,Jaelen Gill,jaelen gill,WR,CLE CLE,CLE,25,2025,2025,1,840000,840000,0.003,2025,2025,FALSE
9861,Malik Knowles,malik knowles,WR,SF SF,SF,24,2025,2025,1,840000,840000,0.003,2025,2025,FALSE
9865,Jadon Janke,jadon janke,WR,GB GB,GB,25,2025,2025,1,840000,840000,0.003,2025,2025,FALSE
9869,Kaden Davis,kaden davis,WR,CLE CLE,CLE,26,2025,2025,1,840000,840000,0.003,2025,2025,FALSE
9872,Tay Martin,tay martin,WR,WAS WAS,WAS,27,2025,2025,1,840000,840000,0.003,2025,2025,FALSE
9875,Louis Rees-Zammit,louis rees zammit,WR,JAX JAX,JAX,24,2025,2025,1,840000,840000,0.003,2025,2025,FALSE
9884,Bryce Tremayne,bryce tremayne,WR,CAR CAR,CAR,25,2025,2025,1,840000,840000,0.003,2025,2025,FALSE
9886,Kazmeir Allen,kazmeir allen,WR,WAS WAS,WAS,24,2025,2025,1,840000,840000,0.003,2025,2025,FALSE
9887,Ajou Ajou,ajou ajou,WR,IND IND,IND,23,2025,2025,1,840000,840000,0.003,2025,2025,FALSE
9888,Kearis Jackson,kearis jackson,WR,HOU HOU,HOU,25,2025,2025,1,840000,840000,0.003,2025,2025,FALSE
9893,Xavier Johnson,xavier johnson,WR,HOU HOU,HOU,25,2025,2025,1,840000,840000,0.003,2025,2025,FALSE
9894,Johnny Johnson,johnny johnson,WR,HOU HOU,HOU,25,2025,2025,1,840000,840000,0.003,2025,2025,FALSE
9895,Dayton Wade,dayton wade,WR,BAL BAL,BAL,24,2025,2025,1,840000,840000,0.003,2025,2025,FALSE
9905,Jeshaun Jones,jeshaun jones,WR,MIN MIN,MIN,25,2025,2025,1,840000,840000,0.003,2025,2025,FALSE
9908,Thayer Thomas,thayer thomas,WR,MIN MIN,MIN,26,2025,2025,1,840000,840000,0.003,2025,2025,FALSE
9910,Zavier Scott,zavier scott,WR,MIN MIN,MIN,25,2025,2025,1,840000,840000,0.003,2025,2025,FALSE
9917,Tanner Knue,tanner knue,WR,TB TB,TB,25,2025,2025,1,840000,840000,0.003,2025,2025,FALSE
9918,Dennis Houston,dennis houston,WR,TB TB,TB,25,2025,2025,1,840000,840000,0.003,2025,2025,FALSE
9932,Lideatrick Griffin,lideatrick griffin,WR,GB GB,GB,23,2025,2025,1,840000,840000,0.003,2025,2025,FALSE
9937,Jaylen Johnson,jaylen johnson,WR,LAC LAC,LAC,24,2025,2025,1,840000,840000,0.003,2025,2025,FALSE
9942,Cornelius Johnson,cornelius johnson,WR,GB GB,GB,24,2025,2025,1,840000,840000,0.003,2025,2025,FALSE
9944,Julian Hicks,julian hicks,WR,GB GB,GB,25,2025,2025,1,840000,840000,0.003,2025,2025,FALSE
9962,Tarik Black,tarik black,WR,MIA MIA,MIA,26,2025,2025,1,840000,840000,0.003,2025,2025,FALSE
9967,Cole Burgess,cole burgess,WR,CIN CIN,CIN,24,2025,2025,1,840000,840000,0.003,2025,2025,FALSE
9973,Terique Owens,terique owens,WR,SF SF,SF,25,2025,2025,1,840000,840000,0.003,2025,2025,FALSE
9977,Brandon Smith,brandon smith,WR,NYJ NYJ,NYJ,26,2025,2025,1,840000,840000,0.003,2025,2025,FALSE
9989,John Jiles,john jiles,WR,NE NE,NE,24,2025,2025,1,840000,840000,0.003,2025,2025,FALSE
9996,Joshua Cephus,joshua cephus,WR,JAX JAX,JAX,23,2025,2025,1,840000,840000,0.003,2025,2025,FALSE
10004,Seth Williams,seth williams,WR,LV LV,LV,24,2025,2025,1,840000,840000,0.003,2025,2025,FALSE
10005,Jalen Moreno-Cropper,jalen moreno cropper,WR,DAL DAL,DAL,23,2025,2025,1,840000,840000,0.003,2025,2025,FALSE
10017,John Jackson,john jackson,WR,CHI CHI,CHI,25,2025,2025,1,840000,840000,0.003,2025,2025,FALSE
10019,T.J. Luther,t j luther,WR,CAR CAR,CAR,24,2025,2025,1,840000,840000,0.003,2025,2025,FALSE
10022,Jesse Matthews,jesse matthews,WR,ATL ATL,ATL,25,2025,2025,1,840000,840000,0.003,2025,2025,FALSE
10028,Pokey Wilson,pokey wilson,WR,NYJ NYJ,NYJ,23,2025,2025,1,840000,840000,0.003,2025,2025,FALSE
10030,Jacoby Jones,jacoby jones,WR,WAS WAS,WAS,24,2025,2025,1,840000,840000,0.003,2025,2025,FALSE
10036,Qadir Ismail,qadir ismail,WR,LV LV,LV,NA,2025,2025,1,840000,840000,0.003,2025,2025,FALSE
10037,Darius Lassiter,darius lassiter,WR,JAX JAX,JAX,25,2025,2025,1,840000,840000,0.003,2025,2025,FALSE
10047,Grant DuBose,grant dubose,WR,BUF BUF,BUF,24,2025,2025,1,840000,840000,0.003,2025,2025,FALSE
10059,Kawaan Baker,kawaan baker,WR,LV LV,LV,26,2025,2025,1,840000,840000,0.003,2025,2025,FALSE
10069,Isaiah Neyor,isaiah neyor,WR,GB GB,GB,24,2025,2025,1,840000,840000,0.003,2025,2025,FALSE
10074,Scotty Washington,scotty washington,WR,BAL BAL,BAL,28,2025,2025,1,840000,840000,0.003,2025,2025,FALSE
10076,Nate McCollum,nate mccollum,WR,ARI ARI,ARI,23,2025,2025,1,840000,840000,0.003,2025,2025,FALSE
10078,Key'Shawn Smith,key shawn smith,WR,KC KC,KC,23,2025,2025,1,840000,840000,0.003,2025,2025,FALSE
10085,Chase Cota,chase cota,WR,CLE CLE,CLE,25,2025,2025,1,840000,840000,0.003,2025,2025,FALSE
10090,Ife Adeyi,ife adeyi,WR,PHI PHI,PHI,NA,2025,2025,1,840000,840000,0.003,2025,2025,FALSE
10093,Ja'Seem Reed,ja seem reed,WR,CAR CAR,CAR,22,2025,2025,1,840000,840000,0.003,2025,2025,FALSE
10097,JaQuae Jackson,jaquae jackson,WR,LAC LAC,LAC,25,2025,2025,1,840000,840000,0.003,2025,2025,FALSE
10098,Winston Wright,winston wright,WR,CLE CLE,CLE,NA,2025,2025,1,840000,840000,0.003,2025,2025,FALSE
10104,David White Jr,david white jr,WR,BUF BUF,BUF,25,2025,2025,1,840000,840000,0.003,2025,2025,FALSE
10105,Hal Presley,hal presley,WR,KC KC,KC,23,2025,2025,1,840000,840000,0.003,2025,2025,FALSE
10120,Will Sheppard,will sheppard,WR,GB GB,GB,NA,2025,2025,1,NA,NA,NA,2025,2025,FALSE
10132,Justin Jefferson,justin jefferson,WR,MIN MIN,MIN,25,2024,2028,4,140000000,35000000,0.13699999999999998,2027,2028,FALSE
10133,CeeDee Lamb,ceedee lamb,WR,DAL DAL,DAL,25,2024,2029,4,136000000,34000000,0.1331,2027,2029,FALSE
10134,Amon-Ra St. Brown,amon ra st brown,WR,DET DET,DET,24,2024,2028,4,120010000,30002500,0.1175,2027,2028,FALSE
10135,Brandon Aiyuk,brandon aiyuk,WR,SF SF,SF,26,2024,2028,4,120000000,30000000,0.1175,2027,2028,FALSE
10138,D.J. Moore,d j moore,WR,CHI CHI,CHI,27,2024,2029,4,110000000,27500000,0.10769999999999999,2027,2029,FALSE
10144,A.J. Brown,a j brown,WR,PHI PHI,PHI,26,2024,2029,3,96000000,32000000,0.1253,2026,2029,FALSE
10147,Calvin Ridley,calvin ridley,WR,TEN TEN,TEN,29,2024,2027,4,92000000,23000000,0.0901,2027,2027,FALSE
10148,Tyreek Hill,tyreek hill,WR,MIA MIA,MIA,30,2024,2026,3,90000000,30000000,0.1175,2026,2026,FALSE
10150,Jaylen Waddle,jaylen waddle,WR,MIA MIA,MIA,25,2024,2028,3,84750000,28250000,0.1106,2026,2028,FALSE
10161,DeVonta Smith,devonta smith,WR,PHI PHI,PHI,25,2024,2028,3,75000000,25000000,0.09789999999999999,2026,2028,FALSE
10163,Nico Collins,nico collins,WR,HOU HOU,HOU,25,2024,2027,3,72750000,24250000,0.0949,2026,2027,FALSE
10168,Michael Pittman Jr.,michael pittman jr,WR,IND IND,IND,26,2024,2026,3,70000000,23333333,0.09139999999999998,2026,2026,FALSE
10180,Jerry Jeudy,jerry jeudy,WR,CLE CLE,CLE,24,2024,2027,3,52500000,17500000,0.06849999999999999,2026,2027,FALSE
10190,Mike Evans,mike evans,WR,TB TB,TB,30,2024,2025,2,41000000,20500000,0.0803,2025,2025,FALSE
10196,Gabriel Davis,gabriel davis,WR,JAX JAX,JAX,24,2024,2026,3,39000000,13000000,0.0509,2026,2026,FALSE
10197,Darnell Mooney,darnell mooney,WR,ATL ATL,ATL,26,2024,2026,3,39000000,13000000,0.0509,2026,2026,FALSE
10207,Marvin Harrison Jr.,marvin harrison jr,WR,ARI ARI,ARI,21,2024,2028,4,35374742,8843686,0.0346,2027,2028,FALSE
10224,Tyler Lockett,tyler lockett,WR,SEA SEA,SEA,31,2024,2025,2,29660000,14830000,0.0581,2025,2025,FALSE
10227,Malik Nabers,malik nabers,WR,NYG NYG,NYG,20,2024,2028,4,29207750,7301938,0.0286,2027,2028,FALSE
10244,Curtis Samuel,curtis samuel,WR,BUF BUF,BUF,27,2024,2026,3,24000000,8000000,0.0313,2026,2026,FALSE
10250,Rome Odunze,rome odunze,WR,CHI CHI,CHI,21,2024,2028,4,22724500,5681125,0.0222,2027,2028,FALSE
10251,Stefon Diggs,stefon diggs,WR,HOU HOU,HOU,30,2024,2024,1,22520000,22520000,0.0882,2024,2024,FALSE
10261,Michael Pittman Jr.,michael pittman jr,WR,IND IND,IND,26,2024,2024,1,21816000,21816000,0.08539999999999999,2024,2024,FALSE
10262,Tee Higgins,tee higgins,WR,CIN CIN,CIN,25,2024,2024,1,21816000,21816000,0.08539999999999999,2024,2024,FALSE
10277,Kendrick Bourne,kendrick bourne,WR,NE NE,NE,28,2024,2026,3,19500000,6500000,0.0255,2026,2026,FALSE
10313,Brian Thomas Jr.,brian thomas jr,WR,JAX JAX,JAX,21,2024,2028,4,14659978,3664995,0.0144,2027,2028,FALSE
10326,Xavier Worthy,xavier worthy,WR,KC KC,KC,20,2024,2028,4,13790264,3447566,0.013500000000000002,2027,2028,FALSE
10330,Rashod Bateman,rashod bateman,WR,BAL BAL,BAL,24,2024,2026,2,12871898,6435949,0.0252,2025,2026,FALSE
10333,Ricky Pearsall,ricky pearsall,WR,SF SF,SF,23,2024,2028,4,12538398,3134600,0.0123,2027,2028,FALSE
10335,Xavier Legette,xavier legette,WR,CAR CAR,CAR,23,2024,2028,4,12357176,3089294,0.0121,2027,2028,FALSE
10348,Jauan Jennings,jauan jennings,WR,SF SF,SF,26,2024,2025,2,11890000,5945000,0.023299999999999998,2025,2025,FALSE
10356,Keon Coleman,keon coleman,WR,BUF BUF,BUF,20,2024,2027,4,10074258,2518565,0.009899999999999999,2027,2027,FALSE
10358,Mike Williams,mike williams,WR,NYJ NYJ,NYJ,29,2024,2024,1,10000000,10000000,0.0392,2024,2024,FALSE
10360,Ladd McConkey,ladd mcconkey,WR,LAC LAC,LAC,22,2024,2027,4,9995186,2498797,0.0098,2027,2027,FALSE
10363,Ja'Lynn Polk,ja lynn polk,WR,NE NE,NE,22,2024,2027,4,9694744,2423686,0.0095000000000000015,2027,2027,FALSE
10376,Josh Reynolds,josh reynolds,WR,DEN DEN,DEN,29,2024,2025,2,9000000,4500000,0.0176,2025,2025,FALSE
10384,Devin Duvernay,devin duvernay,WR,JAX JAX,JAX,26,2024,2025,2,8500000,4250000,0.0166,2025,2025,FALSE
10408,Adonai Mitchell,adonai mitchell,WR,IND IND,IND,21,2024,2027,4,7386086,1846522,0.0072,2027,2027,FALSE
10415,Marquise Brown,marquise brown,WR,KC KC,KC,26,2024,2024,1,7000000,7000000,0.0274,2024,2024,FALSE
10436,Malachi Corley,malachi corley,WR,NYJ NYJ,NYJ,22,2024,2027,4,6073456,1518364,0.0059,2027,2027,FALSE
10464,Jermaine Burton,jermaine burton,WR,CIN CIN,CIN,22,2024,2027,4,5820896,1455224,0.0057,2027,2027,FALSE
10468,Cedrick Wilson,cedrick wilson,WR,NO NO,NO,28,2024,2025,2,5750000,2875000,0.011300000000000001,2025,2025,FALSE
10469,Roman Wilson,roman wilson,WR,PIT PIT,PIT,22,2024,2027,4,5745168,1436292,0.005600000000000001,2027,2027,FALSE
10476,Jalen McMillan,jalen mcmillan,WR,TB TB,TB,22,2024,2027,4,5663024,1415756,0.0055000000000000005,2027,2027,FALSE
10480,Luke McCaffrey,luke mccaffrey,WR,WAS WAS,WAS,23,2024,2027,4,5596312,1399078,0.0055000000000000005,2027,2027,FALSE
10487,Rashid Shaheed,rashid shaheed,WR,NO NO,NO,25,2024,2025,1,5200000,5200000,0.0204,2024,2025,FALSE
10493,Ray-Ray McCloud,ray ray mccloud,WR,ATL ATL,ATL,27,2024,2025,2,5000000,2500000,0.0098,2025,2025,FALSE
10497,Troy Franklin,troy franklin,WR,DEN DEN,DEN,21,2024,2027,4,4874836,1218709,0.0048000000000000004,2027,2027,FALSE
10505,Javon Baker,javon baker,WR,NE NE,NE,22,2024,2027,4,4836596,1209149,0.0047,2027,2027,FALSE
10508,Devontez Walker,devontez walker,WR,BAL BAL,BAL,22,2024,2027,4,4817852,1204463,0.0047,2027,2027,FALSE
10532,Jacob Cowing,jacob cowing,WR,SF SF,SF,23,2024,2027,4,4548708,1137177,0.0045000000000000005,2027,2027,FALSE
10543,Anthony Gould,anthony gould,WR,IND IND,IND,23,2024,2027,4,4372664,1093166,0.004300000000000001,2027,2027,FALSE
10554,Ainias Smith,ainias smith,WR,PHI PHI,PHI,22,2024,2027,4,4354296,1088574,0.004300000000000001,2027,2027,FALSE
10558,Jamari Thrash,jamari thrash,WR,CLE CLE,CLE,23,2024,2027,4,4345408,1086352,0.004300000000000001,2027,2027,FALSE
10576,Bub Means,bub means,WR,NO NO,NO,23,2024,2027,4,4274276,1068569,0.004200000000000001,2027,2027,FALSE
10586,Jha'Quan Jackson,jha quan jackson,WR,TEN TEN,TEN,23,2024,2027,4,4223668,1055917,0.0041,2027,2027,FALSE
10588,Malik Washington,malik washington,WR,MIA MIA,MIA,23,2024,2027,4,4219560,1054890,0.0041,2027,2027,FALSE
10589,Johnny Wilson,johnny wilson,WR,PHI PHI,PHI,23,2024,2027,4,4217008,1054252,0.0041,2027,2027,FALSE
10591,Casey Washington,casey washington,WR,ATL ATL,ATL,23,2024,2027,4,4213596,1053399,0.0041,2027,2027,FALSE
10595,Tejhaun Palmer,tejhaun palmer,WR,ARI ARI,ARI,23,2024,2027,4,4205228,1051307,0.0041,2027,2027,FALSE
10619,Ryan Flournoy,ryan flournoy,WR,DAL DAL,DAL,24,2024,2027,4,4158388,1039597,0.0041,2027,2027,FALSE
10622,Jordan Whittington,jordan whittington,WR,LAR LAR,LA,23,2024,2027,4,4158388,1039597,0.0041,2027,2027,FALSE
10631,Brenden Rice,brenden rice,WR,LAC LAC,LAC,22,2024,2027,4,4134592,1033648,0.004,2027,2027,FALSE
10642,Devaughn Vele,devaughn vele,WR,DEN DEN,DEN,26,2024,2027,4,4124480,1031120,0.004,2027,2027,FALSE
10656,Tahj Washington,tahj washington,WR,MIA MIA,MIA,22,2024,2027,4,4104436,1026109,0.004,2027,2027,FALSE
10664,Cornelius Johnson,cornelius johnson,WR,LAC LAC,LAC,23,2024,2027,4,4100736,1025184,0.004,2027,2027,FALSE
10669,K.J. Osborn,k j osborn,WR,NE NE,NE,26,2024,2024,1,4000000,4000000,0.015700000000000002,2024,2024,FALSE
10675,Noah Brown,noah brown,WR,HOU HOU,HOU,28,2024,2024,1,4000000,4000000,0.015700000000000002,2024,2024,FALSE
10678,Demarcus Robinson,demarcus robinson,WR,LAR LAR,LA,29,2024,2024,1,4000000,4000000,0.015700000000000002,2024,2024,FALSE
10681,Nelson Agholor,nelson agholor,WR,BAL BAL,BAL,30,2024,2024,1,3750000,3750000,0.0147,2024,2024,FALSE
10712,"Odell Beckham, Jr.",odell beckham jr,WR,MIA MIA,MIA,31,2024,2024,1,3000000,3000000,0.011700000000000002,2024,2024,FALSE
10713,DJ Chark,dj chark,WR,LAC LAC,LAC,27,2024,2024,1,3000000,3000000,0.011700000000000002,2024,2024,FALSE
10733,John Jiles,john jiles,WR,NYG NYG,NYG,23,2024,2026,3,2860000,953333,0.0037,2026,2026,FALSE
10739,Xavier Weaver,xavier weaver,WR,ARI ARI,ARI,23,2024,2026,3,2860000,953333,0.0037,2026,2026,FALSE
10749,Jalen Coker,jalen coker,WR,CAR CAR,CAR,22,2024,2026,3,2855000,951667,0.0037,2026,2026,FALSE
10755,Dee Williams,dee williams,WR,SEA SEA,SEA,24,2024,2026,3,2855000,951667,0.0037,2026,2026,FALSE
10758,Dayton Wade,dayton wade,WR,BAL BAL,BAL,23,2024,2026,3,2855000,951667,0.0037,2026,2026,FALSE
10761,David White Jr,david white jr,WR,JAX JAX,JAX,23,2024,2026,3,2855000,951667,0.0037,2026,2026,FALSE
10765,Louis Rees-Zammit,louis rees zammit,WR,KC KC,KC,23,2024,2026,3,2850000,950000,0.0037,2026,2026,FALSE
10776,Ahmarean Brown,ahmarean brown,WR,CLE CLE,CLE,23,2024,2026,3,2850000,950000,0.0037,2026,2026,FALSE
10777,Jadon Janke,jadon janke,WR,HOU HOU,HOU,24,2024,2026,3,2850000,950000,0.0037,2026,2026,FALSE
10807,Isaiah Williams,isaiah williams,WR,DET DET,DET,23,2024,2026,3,2845000,948333,0.0037,2026,2026,FALSE
10810,Jalon Calhoun,jalon calhoun,WR,DET DET,DET,23,2024,2026,3,2845000,948333,0.0037,2026,2026,FALSE
10818,Cole Burgess,cole burgess,WR,CIN CIN,CIN,24,2024,2026,3,2845000,948333,0.0037,2026,2026,FALSE
10830,Hayden Hatten,hayden hatten,WR,SEA SEA,SEA,23,2024,2026,3,2845000,948333,0.0037,2026,2026,FALSE
10831,Isaiah Wooden,isaiah wooden,WR,ATL ATL,ATL,24,2024,2026,3,2845000,948333,0.0037,2026,2026,FALSE
10833,JaQuae Jackson,jaquae jackson,WR,ATL ATL,ATL,24,2024,2026,3,2845000,948333,0.0037,2026,2026,FALSE
10837,Joshua Cephus,joshua cephus,WR,JAX JAX,JAX,23,2024,2026,3,2845000,948333,0.0037,2026,2026,FALSE
10839,Leon Johnson,leon johnson,WR,LAC LAC,LAC,22,2024,2026,3,2845000,948333,0.0037,2026,2026,FALSE
10842,Marcus Rosemy-Jacksaint,marcus rosemy jacksaint,WR,WAS WAS,WAS,22,2024,2026,3,2845000,948333,0.0037,2026,2026,FALSE
10852,Kameron Johnson,kameron johnson,WR,TB TB,TB,22,2024,2026,3,2840000,946667,0.0037,2026,2026,FALSE
10854,Terique Owens,terique owens,WR,SF SF,SF,24,2024,2026,3,2840000,946667,0.0037,2026,2026,FALSE
10857,Mason Tipton,mason tipton,WR,NO NO,NO,23,2024,2026,3,2840000,946667,0.0037,2026,2026,FALSE
10859,Kyle Sheets,kyle sheets,WR,NO NO,NO,23,2024,2026,3,2840000,946667,0.0037,2026,2026,FALSE
10860,Jermaine Jackson,jermaine jackson,WR,NO NO,NO,23,2024,2026,3,2840000,946667,0.0037,2026,2026,FALSE
10886,Jaxon Janke,jaxon janke,WR,HOU HOU,HOU,24,2024,2026,3,2840000,946667,0.0037,2026,2026,FALSE
10887,Lawrence Keys,lawrence keys,WR,BUF BUF,BUF,24,2024,2026,3,2840000,946667,0.0037,2026,2026,FALSE
10888,Xavier Johnson,xavier johnson,WR,BUF BUF,BUF,24,2024,2026,3,2840000,946667,0.0037,2026,2026,FALSE
10893,Cam Johnson,cam johnson,WR,DAL DAL,DAL,25,2024,2026,3,2840000,946667,0.0037,2026,2026,FALSE
10897,Lideatrick Griffin,lideatrick griffin,WR,LV LV,LV,23,2024,2026,3,2840000,946667,0.0037,2026,2026,FALSE
10898,Jeff Foreman,jeff foreman,WR,LV LV,LV,24,2024,2026,3,2840000,946667,0.0037,2026,2026,FALSE
10924,Jeshaun Jones,jeshaun jones,WR,MIN MIN,MIN,24,2024,2026,3,2840000,946667,0.0037,2026,2026,FALSE
10936,Sam Pinckney,sam pinckney,WR,CAR CAR,CAR,24,2024,2026,3,2838000,946000,0.0037,2026,2026,FALSE
10940,Drake Stoops,drake stoops,WR,LAR LAR,LA,24,2024,2026,3,2838000,946000,0.0037,2026,2026,FALSE
10967,Tanner Knue,tanner knue,WR,TB TB,TB,24,2024,2026,3,2835000,945000,0.0037,2026,2026,FALSE
10968,Latreal Jones,latreal jones,WR,TB TB,TB,25,2024,2026,3,2835000,945000,0.0037,2026,2026,FALSE
10976,Lincoln Victor,lincoln victor,WR,DEN DEN,DEN,NA,2024,2026,3,2835000,945000,0.0037,2026,2026,FALSE
11002,Marcus Riley,marcus riley,WR,NYJ NYJ,NYJ,NA,2024,2026,3,2835000,945000,0.0037,2026,2026,FALSE
11004,Tyler Harrell,tyler harrell,WR,NYJ NYJ,NYJ,23,2024,2026,3,2835000,945000,0.0037,2026,2026,FALSE
11005,Isaiah Washington,isaiah washington,WR,BAL BAL,BAL,22,2024,2026,3,2835000,945000,0.0037,2026,2026,FALSE
11010,Jelani Baker,jelani baker,WR,BAL BAL,BAL,NA,2024,2026,3,2835000,945000,0.0037,2026,2026,FALSE
11014,Brevin Easton,brevin easton,WR,JAX JAX,JAX,23,2024,2026,3,2835000,945000,0.0037,2026,2026,FALSE
11023,Devron Harper,devron harper,WR,MIN MIN,MIN,23,2024,2026,3,2835000,945000,0.0037,2026,2026,FALSE
11029,Jaylen Johnson,jaylen johnson,WR,LAC LAC,LAC,23,2024,2026,3,2834000,944667,0.0037,2026,2026,FALSE
11038,Tre Mosley,tre mosley,WR,CIN CIN,CIN,22,2024,2026,3,2833000,944333,0.0037,2026,2026,FALSE
11042,Corey Crooms,corey crooms,WR,DAL DAL,DAL,23,2024,2026,3,2833000,944333,0.0037,2026,2026,FALSE
11047,Tayvion Robinson,tayvion robinson,WR,BAL BAL,BAL,23,2024,2026,3,2833000,944333,0.0037,2026,2026,FALSE
11049,Sam Wiglusz,sam wiglusz,WR,LAR LAR,LA,24,2024,2026,3,2833000,944333,0.0037,2026,2026,FALSE
11052,Jaelen Gill,jaelen gill,WR,LAC LAC,LAC,24,2024,2026,3,2833000,944333,0.0037,2026,2026,FALSE
11055,Xavier White,xavier white,WR,IND IND,IND,24,2024,2026,3,2832500,944167,0.0037,2026,2026,FALSE
11059,Peter LeBlanc,peter leblanc,WR,CHI CHI,CHI,23,2024,2026,3,2832500,944167,0.0037,2026,2026,FALSE
11061,Ramel Keyton,ramel keyton,WR,LV LV,LV,23,2024,2026,3,2832500,944167,0.0037,2026,2026,FALSE
11071,Je'Quan Burton,je quan burton,WR,MIA MIA,MIA,24,2024,2026,3,2832000,944000,0.0037,2026,2026,FALSE
11075,De’Angelo Hardy,de angelo hardy,WR,BAL BAL,BAL,NA,2024,2026,3,2832000,944000,0.0037,2026,2026,FALSE
11076,JJ Laap,jj laap,WR,LAR LAR,LA,23,2024,2026,3,2832000,944000,0.0037,2026,2026,FALSE
11086,Ayir Asante,ayir asante,WR,NYG NYG,NYG,23,2024,2026,3,2831000,943667,0.0037,2026,2026,FALSE
11094,Joseph Scates,joseph scates,WR,JAX JAX,JAX,24,2024,2026,3,2831000,943667,0.0037,2026,2026,FALSE
11095,Wayne Ruby,wayne ruby,WR,JAX JAX,JAX,23,2024,2026,3,2831000,943667,0.0037,2026,2026,FALSE
11116,Rory Starkey,rory starkey,WR,GB GB,GB,NA,2024,2026,3,2830000,943333,0.0037,2026,2026,FALSE
11120,David Wallis,david wallis,WR,NE NE,NE,NA,2024,2026,3,2830000,943333,0.0037,2026,2026,FALSE
11121,Odieu Hiliare,odieu hiliare,WR,ATL ATL,ATL,NA,2024,2026,3,2830000,943333,0.0037,2026,2026,FALSE
11122,Qadir Ismail,qadir ismail,WR,BAL BAL,BAL,NA,2024,2026,3,2830000,943333,0.0037,2026,2026,FALSE
11129,Hamze El-Zayat,hamze el zayat,WR,NYJ NYJ,NYJ,24,2024,2026,3,2830000,943333,0.0037,2026,2026,FALSE
11135,John Jackson,john jackson,WR,CHI CHI,CHI,24,2024,2026,3,2830000,943333,0.0037,2026,2026,FALSE
11147,Sam Schnee,sam schnee,WR,TEN TEN,TEN,24,2024,2026,3,2830000,943333,0.0037,2026,2026,FALSE
11148,Bryce Oliver,bryce oliver,WR,TEN TEN,TEN,23,2024,2026,3,2830000,943333,0.0037,2026,2026,FALSE
11150,Jaaron Hayek,jaaron hayek,WR,KC KC,KC,22,2024,2026,3,2830000,943333,0.0037,2026,2026,FALSE
11160,Reggie Brown,reggie brown,WR,KC KC,KC,NA,2024,2026,3,2830000,943333,0.0037,2026,2026,FALSE
11161,Phillip Brooks,phillip brooks,WR,KC KC,KC,24,2024,2026,3,2830000,943333,0.0037,2026,2026,FALSE
11178,Ty James,ty james,WR,MIN MIN,MIN,23,2024,2026,3,2830000,943333,0.0037,2026,2026,FALSE
11196,Mack Hollins,mack hollins,WR,BUF BUF,BUF,30,2024,2024,1,2600000,2600000,0.0102,2024,2024,FALSE
11210,David Bell,david bell,WR,CLE CLE,CLE,23,2024,2025,2,2444000,1222000,0.0048000000000000004,2025,2025,FALSE
11212,Tyler Boyd,tyler boyd,WR,TEN TEN,TEN,29,2024,2024,1,2400000,2400000,0.0094,2024,2024,FALSE
11222,Marquez Valdes-Scantling,marquez valdes scantling,WR,BUF BUF,BUF,29,2024,2024,1,2250000,2250000,0.0088,2024,2024,FALSE
11223,Zay Jones,zay jones,WR,ARI ARI,ARI,29,2024,2024,1,2250000,2250000,0.0088,2024,2024,FALSE
11228,Braxton Berrios,braxton berrios,WR,MIA MIA,MIA,28,2024,2024,1,2150000,2150000,0.008400000000000001,2024,2024,FALSE
11229,Jacob Harris,jacob harris,WR,PHI PHI,PHI,26,2024,2025,2,2110000,1055000,0.0041,2025,2025,FALSE
11234,Erik Ezukanma,erik ezukanma,WR,MIA MIA,MIA,24,2024,2025,2,2085000,1042500,0.0041,2025,2025,FALSE
11248,Braylon Sanders,braylon sanders,WR,MIA MIA,MIA,24,2024,2025,2,2085000,1042500,0.0041,2025,2025,FALSE
11251,Tanner Conner,tanner conner,WR,MIA MIA,MIA,25,2024,2025,2,2085000,1042500,0.0041,2025,2025,FALSE
11252,Racey McMath,racey mcmath,WR,DAL DAL,DAL,24,2024,2025,2,2085000,1042500,0.0041,2025,2025,FALSE
11263,Mike Woods,mike woods,WR,CLE CLE,CLE,24,2024,2025,2,2015000,1007500,0.0039000000000000003,2025,2025,FALSE
11280,Chris Moore,chris moore,WR,ARI ARI,ARI,30,2024,2024,1,2000000,2000000,0.007799999999999999,2024,2024,FALSE
11281,Nick Westbrook,nick westbrook,WR,TEN TEN,TEN,26,2024,2024,1,2000000,2000000,0.007799999999999999,2024,2024,FALSE
11283,Brandon Powell,brandon powell,WR,MIN MIN,MIN,27,2024,2024,1,2000000,2000000,0.007799999999999999,2024,2024,FALSE
11290,Austin Mack,austin mack,WR,ATL ATL,ATL,26,2024,2025,2,1969000,984500,0.0039000000000000003,2025,2025,FALSE
11306,Lance McCutcheon,lance mccutcheon,WR,NYJ NYJ,NYJ,24,2024,2025,2,1945000,972500,0.0038,2025,2025,FALSE
11319,Nikko Remigio,nikko remigio,WR,KC KC,KC,25,2024,2025,2,1875000,937500,0.0037,2025,2025,FALSE
11321,Shaq Davis,shaq davis,WR,PHI PHI,PHI,23,2024,2025,2,1855000,927500,0.0036,2025,2025,FALSE
11325,Austin Watkins,austin watkins,WR,PHI PHI,PHI,25,2024,2025,2,1805000,902500,0.0034999999999999996,2025,2025,FALSE
11338,Trent Sherfield,trent sherfield,WR,MIN MIN,MIN,28,2024,2024,1,1790000,1790000,0.006999999999999999,2024,2024,FALSE
11345,Bryan Thompson,bryan thompson,WR,BUF BUF,BUF,24,2024,2025,2,1764000,882000,0.0034999999999999996,2025,2025,FALSE
11346,Tyrell Shavers,tyrell shavers,WR,BUF BUF,BUF,24,2024,2025,2,1764000,882000,0.0034999999999999996,2025,2025,FALSE
11358,Chris Blair,chris blair,WR,ATL ATL,ATL,26,2024,2025,2,1755000,877500,0.0034,2025,2025,FALSE
11364,Bryce Oliver,bryce oliver,WR,TEN TEN,TEN,24,2024,2025,2,1755000,877500,0.0034,2025,2025,FALSE
11373,Jalen Coker,jalen coker,WR,CAR CAR,CAR,22,2024,2025,2,1755000,877500,0.0034,2025,2025,FALSE
11384,Ryan Miller,ryan miller,WR,TB TB,TB,23,2024,2025,2,1755000,877500,0.0034,2025,2025,FALSE
11387,Joseph Ngata,joseph ngata,WR,PHI PHI,PHI,23,2024,2025,2,1755000,877500,0.0034,2025,2025,FALSE
11392,Mathew Sexton,mathew sexton,WR,MIA MIA,MIA,26,2024,2025,2,1755000,877500,0.0034,2025,2025,FALSE
11394,Xavier Smith,xavier smith,WR,LAR LAR,LA,26,2024,2025,2,1755000,877500,0.0034,2025,2025,FALSE
11403,Jalen Cropper,jalen cropper,WR,DAL DAL,DAL,22,2024,2025,2,1755000,877500,0.0034,2025,2025,FALSE
11408,Tre’Shaun Harrison,tre shaun harrison,WR,TEN TEN,TEN,23,2024,2025,2,1755000,877500,0.0034,2025,2025,FALSE
11421,Michael Gallup,michael gallup,WR,LV LV,LV,28,2024,2024,1,1750000,1750000,0.0069,2024,2024,FALSE
11434,Chris Conley,chris conley,WR,SF SF,SF,31,2024,2024,1,1550000,1550000,0.0060999999999999995,2024,2024,FALSE
11445,Trenton Irwin,trenton irwin,WR,CIN CIN,CIN,28,2024,2024,1,1480000,1480000,0.0058,2024,2024,FALSE
11448,Allen Robinson,allen robinson,WR,NYG NYG,NYG,30,2024,2024,1,1410000,1410000,0.0055000000000000005,2024,2024,FALSE
11449,Ihmir Smith-Marsette,ihmir smith marsette,WR,CAR CAR,CAR,24,2024,2024,1,1410000,1410000,0.0055000000000000005,2024,2024,FALSE
11464,Sterling Shepard,sterling shepard,WR,TB TB,TB,31,2024,2024,1,1377500,1377500,0.0054,2024,2024,FALSE
11482,Isaiah McKenzie,isaiah mckenzie,WR,NYG NYG,NYG,28,2024,2024,1,1377500,1377500,0.0054,2024,2024,FALSE
11490,Steven Sims Jr.,steven sims jr,WR,HOU HOU,HOU,26,2024,2024,1,1325000,1325000,0.0052,2024,2024,FALSE
11492,Jamison Crowder,jamison crowder,WR,WAS WAS,WAS,30,2024,2024,1,1310000,1310000,0.0051,2024,2024,FALSE
11495,Donovan Peoples-Jones,donovan peoples jones,WR,DET DET,DET,25,2024,2024,1,1300000,1300000,0.0051,2024,2024,FALSE
11496,Tim Patrick,tim patrick,WR,DEN DEN,DEN,30,2024,2024,1,1295000,1295000,0.0051,2024,2024,FALSE
11498,Russell Gage,russell gage,WR,BAL BAL,BAL,28,2024,2024,1,1292500,1292500,0.0051,2024,2024,FALSE
11501,Jalen Guyton,jalen guyton,WR,LV LV,LV,26,2024,2024,1,1292500,1292500,0.0051,2024,2024,FALSE
11509,Deonte Harty,deonte harty,WR,BAL BAL,BAL,26,2024,2024,1,1292500,1292500,0.0051,2024,2024,FALSE
11510,Miles Boykin,miles boykin,WR,NYG NYG,NYG,27,2024,2024,1,1292500,1292500,0.0051,2024,2024,FALSE
11520,Quez Watkins,quez watkins,WR,PIT PIT,PIT,25,2024,2024,1,1292500,1292500,0.0051,2024,2024,FALSE
11525,Parris Campbell,parris campbell,WR,PHI PHI,PHI,26,2024,2024,1,1292500,1292500,0.0051,2024,2024,FALSE
11537,Van Jefferson,van jefferson,WR,PIT PIT,PIT,27,2024,2024,1,1292500,1292500,0.0051,2024,2024,FALSE
11544,Khadarel Hodge,khadarel hodge,WR,ATL ATL,ATL,29,2024,2024,1,1292500,1292500,0.0051,2024,2024,FALSE
11552,Jalen Reagor,jalen reagor,WR,NE NE,NE,25,2024,2024,1,1292500,1292500,0.0051,2024,2024,FALSE
11553,Gunner Olszewski,gunner olszewski,WR,NYG NYG,NYG,27,2024,2024,1,1292500,1292500,0.0051,2024,2024,FALSE
11561,Olamide Zaccheaus,olamide zaccheaus,WR,WAS WAS,WAS,26,2024,2024,1,1275000,1275000,0.005,2024,2024,FALSE
11570,River Cracraft,river cracraft,WR,MIA MIA,MIA,29,2024,2024,1,1240000,1240000,0.0049,2024,2024,FALSE
11579,Phillip Dorsett,phillip dorsett,WR,DEN DEN,DEN,31,2024,2024,1,1210000,1210000,0.0047,2024,2024,FALSE
11594,Jordan Matthews,jordan matthews,WR,CAR CAR,CAR,32,2024,2024,1,1210000,1210000,0.0047,2024,2024,FALSE
11604,Sterling Shepard,sterling shepard,WR,TB TB,TB,31,2024,2024,1,1210000,1210000,0.0047,2024,2024,FALSE
11606,Allen Robinson,allen robinson,WR,DET DET,DET,31,2024,2024,1,1210000,1210000,0.0047,2024,2024,FALSE
11613,Noah Brown,noah brown,WR,WAS WAS,WAS,28,2024,2024,1,1210000,1210000,0.0047,2024,2024,FALSE
11614,JuJu Smith-Schuster,juju smith schuster,WR,KC KC,KC,27,2024,2024,1,1210000,1210000,0.0047,2024,2024,FALSE
11616,Robbie Chosen,robbie chosen,WR,SF SF,SF,31,2024,2024,1,1210000,1210000,0.0047,2024,2024,FALSE
11623,Laquon Treadwell,laquon treadwell,WR,IND IND,IND,29,2024,2024,1,1210000,1210000,0.0047,2024,2024,FALSE
11625,Willie Snead,willie snead,WR,MIA MIA,MIA,31,2024,2024,1,1210000,1210000,0.0047,2024,2024,FALSE
11634,Damiere Byrd,damiere byrd,WR,BUF BUF,BUF,31,2024,2024,1,1210000,1210000,0.0047,2024,2024,FALSE
11641,DeVante Parker,devante parker,WR,PHI PHI,PHI,31,2024,2024,1,1210000,1210000,0.0047,2024,2024,FALSE
11646,Deandre Carter,deandre carter,WR,CHI CHI,CHI,31,2024,2024,1,1200000,1200000,0.0047,2024,2024,FALSE
11659,Chase Claypool,chase claypool,WR,BUF BUF,BUF,25,2024,2024,1,1135000,1135000,0.0044,2024,2024,FALSE
11660,Andy Isabella,andy isabella,WR,BUF BUF,BUF,27,2024,2024,1,1133000,1133000,0.0044,2024,2024,FALSE
11662,Tyler Johnson,tyler johnson,WR,LAR LAR,LA,25,2024,2024,1,1130000,1130000,0.0044,2024,2024,FALSE
11676,Jalen Reagor,jalen reagor,WR,LAC LAC,LAC,25,2024,2024,1,1125000,1125000,0.0044,2024,2024,FALSE
11685,Marquez Valdes-Scantling,marquez valdes scantling,WR,NO NO,NO,30,2024,2024,1,1125000,1125000,0.0044,2024,2024,FALSE
11695,Tim Patrick,tim patrick,WR,DET DET,DET,30,2024,2024,1,1125000,1125000,0.0044,2024,2024,FALSE
11724,Jakeem Grant,jakeem grant,WR,ATL ATL,ATL,31,2024,2024,1,1125000,1125000,0.0044,2024,2024,FALSE
11736,Byron Pringle,byron pringle,WR,WAS WAS,WAS,30,2024,2024,1,1125000,1125000,0.0044,2024,2024,FALSE
11741,James Washington,james washington,WR,ATL ATL,ATL,28,2024,2024,1,1125000,1125000,0.0044,2024,2024,FALSE
11749,Malik Turner,malik turner,WR,SF SF,SF,28,2024,2024,1,1125000,1125000,0.0044,2024,2024,FALSE
11751,Keith Kirkwood,keith kirkwood,WR,BAL BAL,BAL,29,2024,2024,1,1125000,1125000,0.0044,2024,2024,FALSE
11759,Mecole Hardman,mecole hardman,WR,KC KC,KC,26,2024,2024,1,1125000,1125000,0.0044,2024,2024,FALSE
11765,John Ross,john ross,WR,PHI PHI,PHI,29,2024,2024,1,1125000,1125000,0.0044,2024,2024,FALSE
11791,Tre'quan Smith,tre quan smith,WR,DET DET,DET,28,2024,2024,1,1125000,1125000,0.0044,2024,2024,FALSE
11794,Anthony Miller,anthony miller,WR,BAL BAL,BAL,29,2024,2024,1,1125000,1125000,0.0044,2024,2024,FALSE
11796,Marquez Callaway,marquez callaway,WR,NO NO,NO,25,2024,2024,1,1125000,1125000,0.0044,2024,2024,FALSE
11797,Martavis Bryant,martavis bryant,WR,WAS WAS,WAS,32,2024,2024,1,1125000,1125000,0.0044,2024,2024,FALSE
11802,N'Keal Harry,n keal harry,WR,MIN MIN,MIN,26,2024,2024,1,1125000,1125000,0.0044,2024,2024,FALSE
11814,Cam Sims,cam sims,WR,CAR CAR,CAR,28,2024,2024,1,1125000,1125000,0.0044,2024,2024,FALSE
11822,Trent Taylor,trent taylor,WR,SF SF,SF,29,2024,2024,1,1125000,1125000,0.0044,2024,2024,FALSE
11823,Equanimeous St. Brown,equanimeous st brown,WR,NO NO,NO,27,2024,2024,1,1125000,1125000,0.0044,2024,2024,FALSE
11833,David Moore,david moore,WR,CAR CAR,CAR,29,2024,2024,1,1125000,1125000,0.0044,2024,2024,FALSE
11834,James Proche,james proche,WR,CLE CLE,CLE,27,2024,2024,1,1125000,1125000,0.0044,2024,2024,FALSE
11839,Dante Pettis,dante pettis,WR,NO NO,NO,28,2024,2024,1,1125000,1125000,0.0044,2024,2024,FALSE
11840,Stanley Morgan,stanley morgan,WR,NO NO,NO,27,2024,2024,1,1125000,1125000,0.0044,2024,2024,FALSE
11845,Lil’jordan Humphrey,lil jordan humphrey,WR,DEN DEN,DEN,25,2024,2024,1,1125000,1125000,0.0044,2024,2024,FALSE
11862,Freddie Swain,freddie swain,WR,CHI CHI,CHI,25,2024,2024,1,1055000,1055000,0.0041,2024,2024,FALSE
11865,Tyron Johnson,tyron johnson,WR,DAL DAL,DAL,28,2024,2024,1,1055000,1055000,0.0041,2024,2024,FALSE
11872,Kadarius Toney,kadarius toney,WR,CLE CLE,CLE,25,2024,2024,1,1055000,1055000,0.0041,2024,2024,FALSE
11875,Terrace Marshall,terrace marshall,WR,LV LV,LV,24,2024,2024,1,1055000,1055000,0.0041,2024,2024,FALSE
11880,D'Wayne Eskridge,d wayne eskridge,WR,MIA MIA,MIA,27,2024,2024,1,1055000,1055000,0.0041,2024,2024,FALSE
11889,Ben Skowronek,ben skowronek,WR,PIT PIT,PIT,27,2024,2024,1,1055000,1055000,0.0041,2024,2024,FALSE
11894,Ihmir Smith-Marsette,ihmir smith marsette,WR,NYG NYG,NYG,25,2024,2024,1,1055000,1055000,0.0041,2024,2024,FALSE
11899,Greg Ward,greg ward,WR,IND IND,IND,29,2024,2024,1,1055000,1055000,0.0041,2024,2024,FALSE
11920,Keelan Doss,keelan doss,WR,LV LV,LV,28,2024,2024,1,1055000,1055000,0.0041,2024,2024,FALSE
11921,Quintez Cephus,quintez cephus,WR,HOU HOU,HOU,26,2024,2024,1,1055000,1055000,0.0041,2024,2024,FALSE
11926,Lawrence Cager,lawrence cager,WR,NYG NYG,NYG,26,2024,2024,1,1055000,1055000,0.0041,2024,2024,FALSE
11931,Collin Johnson,collin johnson,WR,CHI CHI,CHI,26,2024,2024,1,1055000,1055000,0.0041,2024,2024,FALSE
11934,Stephen Sullivan,stephen sullivan,WR,CAR CAR,CAR,27,2024,2024,1,1055000,1055000,0.0041,2024,2024,FALSE
11937,Dan Chisena,dan chisena,WR,CAR CAR,CAR,26,2024,2024,1,1055000,1055000,0.0041,2024,2024,FALSE
11938,Daurice Fountain,daurice fountain,WR,DET DET,DET,28,2024,2024,1,1055000,1055000,0.0041,2024,2024,FALSE
11949,K.J. Hamler,k j hamler,WR,BUF BUF,BUF,24,2024,2024,1,1055000,1055000,0.0041,2024,2024,FALSE
11951,Denzel Mims,denzel mims,WR,JAX JAX,JAX,26,2024,2024,1,1055000,1055000,0.0041,2024,2024,FALSE
11955,Simi Fehoko,simi fehoko,WR,LAC LAC,LAC,26,2024,2024,1,1055000,1055000,0.0041,2024,2024,FALSE
11956,Malik Taylor,malik taylor,WR,NYJ NYJ,NYJ,28,2024,2024,1,1055000,1055000,0.0041,2024,2024,FALSE
11961,Tyrie Cleveland,tyrie cleveland,WR,IND IND,IND,26,2024,2024,1,1055000,1055000,0.0041,2024,2024,FALSE
11962,David Sills,david sills,WR,DEN DEN,DEN,28,2024,2024,1,1055000,1055000,0.0041,2024,2024,FALSE
11963,Nsimba Webster,nsimba webster,WR,CHI CHI,CHI,27,2024,2024,1,1055000,1055000,0.0041,2024,2024,FALSE
11964,Jeff Smith,jeff smith,WR,ARI ARI,ARI,26,2024,2024,1,1055000,1055000,0.0041,2024,2024,FALSE
11966,Isaiah Hodgins,isaiah hodgins,WR,NYG NYG,NYG,25,2024,2024,1,1035000,1035000,0.0041,2024,2024,FALSE
11984,Austin Trammell,austin trammell,WR,JAX JAX,JAX,25,2024,2024,1,985000,985000,0.0039000000000000003,2024,2024,FALSE
11985,Cody Thompson,cody thompson,WR,TB TB,TB,28,2024,2024,1,985000,985000,0.0039000000000000003,2024,2024,FALSE
11993,Velus Jones,velus jones,WR,CAR CAR,CAR,27,2024,2024,1,985000,985000,0.0039000000000000003,2024,2024,FALSE
12000,Jalen Virgil,jalen virgil,WR,BUF BUF,BUF,26,2024,2024,1,985000,985000,0.0039000000000000003,2024,2024,FALSE
12017,Dax Milne,dax milne,WR,LV LV,LV,25,2024,2024,1,985000,985000,0.0039000000000000003,2024,2024,FALSE
12024,Demetric Felton,demetric felton,WR,CHI CHI,CHI,26,2024,2024,1,985000,985000,0.0039000000000000003,2024,2024,FALSE
12025,Frank Darby,frank darby,WR,SF SF,SF,26,2024,2024,1,985000,985000,0.0039000000000000003,2024,2024,FALSE
12037,Deven Thompkins,deven thompkins,WR,CAR CAR,CAR,24,2024,2024,1,985000,985000,0.0039000000000000003,2024,2024,FALSE
12045,Montrell Washington,montrell washington,WR,KC KC,KC,24,2024,2024,1,985000,985000,0.0039000000000000003,2024,2024,FALSE
12058,Dez Fitzpatrick,dez fitzpatrick,WR,PIT PIT,PIT,26,2024,2024,1,985000,985000,0.0039000000000000003,2024,2024,FALSE
12060,Shi Smith,shi smith,WR,KC KC,KC,25,2024,2024,1,985000,985000,0.0039000000000000003,2024,2024,FALSE
12061,Anthony Schwartz,anthony schwartz,WR,MIA MIA,MIA,23,2024,2024,1,985000,985000,0.0039000000000000003,2024,2024,FALSE
12065,Jaelon Darden,jaelon darden,WR,CLE CLE,CLE,25,2024,2024,1,985000,985000,0.0039000000000000003,2024,2024,FALSE
12068,Trishton Jackson,trishton jackson,WR,MIN MIN,MIN,25,2024,2024,1,985000,985000,0.0039000000000000003,2024,2024,FALSE
12071,Davion Davis,davion davis,WR,WAS WAS,WAS,27,2024,2024,1,985000,985000,0.0039000000000000003,2024,2024,FALSE
12077,Kristian Wilkerson,kristian wilkerson,WR,LV LV,LV,27,2024,2024,1,985000,985000,0.0039000000000000003,2024,2024,FALSE
12086,Jalen Camp,jalen camp,WR,CLE CLE,CLE,25,2024,2024,1,985000,985000,0.0039000000000000003,2024,2024,FALSE
12088,Andre Baccellia,andre baccellia,WR,ARI ARI,ARI,27,2024,2024,1,985000,985000,0.0039000000000000003,2024,2024,FALSE
12090,Britain Covey,britain covey,WR,PHI PHI,PHI,26,2024,2024,1,985000,985000,0.0039000000000000003,2024,2024,FALSE
12123,Deon Cain,deon cain,WR,BUF BUF,BUF,28,2024,2024,1,915000,915000,0.0036,2024,2024,FALSE
12133,Kelvin Harmon,kelvin harmon,WR,DAL DAL,DAL,27,2024,2024,1,915000,915000,0.0036,2024,2024,FALSE
12134,Deontay Burnett,deontay burnett,WR,DAL DAL,DAL,26,2024,2024,1,915000,915000,0.0036,2024,2024,FALSE
12135,Hakeem Butler,hakeem butler,WR,CIN CIN,CIN,28,2024,2024,1,915000,915000,0.0036,2024,2024,FALSE
12151,Cornell Powell,cornell powell,WR,KC KC,KC,26,2024,2024,1,915000,915000,0.0036,2024,2024,FALSE
12162,Maurice Alexander,maurice alexander,WR,DET DET,DET,27,2024,2024,1,915000,915000,0.0036,2024,2024,FALSE
12167,Raleigh Webb,raleigh webb,WR,TB TB,TB,26,2024,2024,1,915000,915000,0.0036,2024,2024,FALSE
12172,Alex Bachman,alex bachman,WR,LV LV,LV,27,2024,2024,1,915000,915000,0.0036,2024,2024,FALSE
12193,Easop Winston,easop winston,WR,SEA SEA,SEA,27,2024,2024,1,915000,915000,0.0036,2024,2024,FALSE
12194,Cody White,cody white,WR,SEA SEA,SEA,25,2024,2024,1,915000,915000,0.0036,2024,2024,FALSE
12206,Ethan Fernea,ethan fernea,WR,IND IND,IND,25,2024,2024,1,915000,915000,0.0036,2024,2024,FALSE
12207,Kendric Pryor,kendric pryor,WR,CIN CIN,CIN,26,2024,2024,1,915000,915000,0.0036,2024,2024,FALSE
12208,Shedrick Jackson,shedrick jackson,WR,CIN CIN,CIN,24,2024,2024,1,915000,915000,0.0036,2024,2024,FALSE
12232,Jermaine Jackson,jermaine jackson,WR,NO NO,NO,24,2024,2024,1,795000,795000,0.0031,2024,2024,FALSE
12249,Peter LeBlanc,peter leblanc,WR,CHI CHI,CHI,23,2024,2024,1,795000,795000,0.0031,2024,2024,FALSE
12253,Sage Surratt,sage surratt,WR,ARI ARI,ARI,26,2024,2024,1,795000,795000,0.0031,2024,2024,FALSE
12260,Jadon Janke,jadon janke,WR,MIA MIA,MIA,24,2024,2024,1,795000,795000,0.0031,2024,2024,FALSE
12266,Sam Pinckney,sam pinckney,WR,CAR CAR,CAR,24,2024,2024,1,795000,795000,0.0031,2024,2024,FALSE
12268,Justin Hall,justin hall,WR,MIN MIN,MIN,25,2024,2024,1,795000,795000,0.0031,2024,2024,FALSE
12277,Shaq Davis,shaq davis,WR,NO NO,NO,24,2024,2024,1,795000,795000,0.0031,2024,2024,FALSE
12279,Isaiah Wooden,isaiah wooden,WR,LAC LAC,LAC,24,2024,2024,1,795000,795000,0.0031,2024,2024,FALSE
12295,"Mike Harley, Jr.",mike harley jr,WR,MIA MIA,MIA,26,2024,2024,1,795000,795000,0.0031,2024,2024,FALSE
12296,Jontre Kirklin,jontre kirklin,WR,SF SF,SF,25,2024,2024,1,795000,795000,0.0031,2024,2024,FALSE
12304,Isaiah Winstead,isaiah winstead,WR,NYJ NYJ,NYJ,24,2024,2024,1,795000,795000,0.0031,2024,2024,FALSE
12305,Brandon Smith,brandon smith,WR,NYJ NYJ,NYJ,25,2024,2024,1,795000,795000,0.0031,2024,2024,FALSE
12309,Samson Nacua,samson nacua,WR,NO NO,NO,26,2024,2024,1,795000,795000,0.0031,2024,2024,FALSE
12310,Marcus Simms,marcus simms,WR,SEA SEA,SEA,26,2024,2024,1,795000,795000,0.0031,2024,2024,FALSE
12314,Tarik Black,tarik black,WR,PIT PIT,PIT,26,2024,2024,1,795000,795000,0.0031,2024,2024,FALSE
12318,Tayvion Robinson,tayvion robinson,WR,CAR CAR,CAR,23,2024,2024,1,795000,795000,0.0031,2024,2024,FALSE
12319,Jesse Matthews,jesse matthews,WR,ATL ATL,ATL,24,2024,2024,1,795000,795000,0.0031,2024,2024,FALSE
12324,Devin Carter,devin carter,WR,CAR CAR,CAR,NA,2024,2024,1,795000,795000,0.0031,2024,2024,FALSE
12325,Tyrone Scott,tyrone scott,WR,SEA SEA,SEA,NA,2024,2024,1,795000,795000,0.0031,2024,2024,FALSE
12327,Kevin Austin,kevin austin,WR,NO NO,NO,24,2024,2026,1,795000,795000,0.0031,2024,2026,FALSE
12328,Jalen Wayne,jalen wayne,WR,GB GB,GB,25,2024,2024,1,795000,795000,0.0031,2024,2024,FALSE
12329,Kyle Sheets,kyle sheets,WR,KC KC,KC,23,2024,2024,1,795000,795000,0.0031,2024,2024,FALSE
12333,Daewood Davis,daewood davis,WR,CAR CAR,CAR,25,2024,2024,1,795000,795000,0.0031,2024,2024,FALSE
12334,Praise Olatoke,praise olatoke,WR,LAC LAC,LAC,NA,2024,2024,1,795000,795000,0.0031,2024,2024,FALSE
12335,Kyric McGowan,kyric mcgowan,WR,MIA MIA,MIA,24,2024,2024,1,795000,795000,0.0031,2024,2024,FALSE
12339,JaQuae Jackson,jaquae jackson,WR,NE NE,NE,24,2024,2025,1,795000,795000,0.0031,2024,2025,FALSE
12342,Jaray Jenkins,jaray jenkins,WR,PIT PIT,PIT,24,2024,2024,1,795000,795000,0.0031,2024,2024,FALSE
12345,Matt Landers,matt landers,WR,CLE CLE,CLE,24,2024,2024,1,795000,795000,0.0031,2024,2024,FALSE
12348,Dylan Drummond,dylan drummond,WR,ATL ATL,ATL,24,2024,2024,1,795000,795000,0.0031,2024,2024,FALSE
12351,Dimitri Stanley,dimitri stanley,WR,GB GB,GB,24,2024,2024,1,795000,795000,0.0031,2024,2024,FALSE
12353,Julian Hicks,julian hicks,WR,GB GB,GB,24,2024,2024,1,795000,795000,0.0031,2024,2024,FALSE
12363,Scotty Washington,scotty washington,WR,BAL BAL,BAL,26,2024,2024,1,795000,795000,0.0031,2024,2024,FALSE
12365,Kazmeir Allen,kazmeir allen,WR,WAS WAS,WAS,23,2024,2024,1,795000,795000,0.0031,2024,2024,FALSE
12369,Izaiah Gathings,izaiah gathings,WR,KC KC,KC,23,2024,2024,1,795000,795000,0.0031,2024,2024,FALSE
12374,Tay Martin,tay martin,WR,TEN TEN,TEN,26,2024,2024,1,795000,795000,0.0031,2024,2024,FALSE
12377,Kawaan Baker,kawaan baker,WR,NE NE,NE,25,2024,2024,1,795000,795000,0.0031,2024,2024,FALSE
12387,Sean Ryan,sean ryan,WR,BAL BAL,BAL,25,2024,2024,1,795000,795000,0.0031,2024,2024,FALSE
12396,Cephus Johnson,cephus johnson,WR,TB TB,TB,24,2024,2024,1,795000,795000,0.0031,2024,2024,FALSE
12402,Jared Wayne,jared wayne,WR,HOU HOU,HOU,23,2024,2024,1,795000,795000,0.0031,2024,2024,FALSE
12404,Johnny Johnson,johnny johnson,WR,HOU HOU,HOU,24,2024,2024,1,795000,795000,0.0031,2024,2024,FALSE
12410,Thyrick Pitts,thyrick pitts,WR,GB GB,GB,24,2024,2024,1,795000,795000,0.0031,2024,2024,FALSE
12414,Grant DuBose,grant dubose,WR,GB GB,GB,22,2024,2024,1,795000,795000,0.0031,2024,2024,FALSE
12417,Bryce Tremayne,bryce tremayne,WR,WAS WAS,WAS,24,2024,2024,1,795000,795000,0.0031,2024,2024,FALSE
12420,Duece Watts,duece watts,WR,PIT PIT,PIT,25,2024,2024,1,795000,795000,0.0031,2024,2024,FALSE
12423,Keilahn Harris,keilahn harris,WR,PIT PIT,PIT,23,2024,2024,1,795000,795000,0.0031,2024,2024,FALSE
12429,Terrell Bynum,terrell bynum,WR,LV LV,LV,25,2024,2024,1,795000,795000,0.0031,2024,2024,FALSE
12431,Daylen Baldwin,daylen baldwin,WR,ARI ARI,ARI,24,2024,2024,1,795000,795000,0.0031,2024,2024,FALSE
12442,Jacob Copeland,jacob copeland,WR,PIT PIT,PIT,24,2024,2024,1,795000,795000,0.0031,2024,2024,FALSE
12445,Thayer Thomas,thayer thomas,WR,MIN MIN,MIN,25,2024,2024,1,795000,795000,0.0031,2024,2024,FALSE
12457,Seth Williams,seth williams,WR,JAX JAX,JAX,23,2024,2024,1,795000,795000,0.0031,2024,2024,FALSE
12462,Daniel Arias,daniel arias,WR,ARI ARI,ARI,25,2024,2024,1,795000,795000,0.0031,2024,2024,FALSE
12471,Dennis Houston,dennis houston,WR,NYG NYG,NYG,24,2024,2024,1,795000,795000,0.0031,2024,2024,FALSE
12475,T.J. Luther,t j luther,WR,PIT PIT,PIT,23,2024,2024,1,795000,795000,0.0031,2024,2024,FALSE
12489,Zavier Scott,zavier scott,WR,IND IND,IND,24,2024,2024,1,795000,795000,0.0031,2024,2024,FALSE
12499,Kwamie Lassiter,kwamie lassiter,WR,CIN CIN,CIN,25,2024,2024,1,795000,795000,0.0031,2024,2024,FALSE
12517,Kaden Davis,kaden davis,WR,CLE CLE,CLE,25,2024,2024,1,795000,795000,0.0031,2024,2024,FALSE
12571,Allen Lazard,allen lazard,WR,NYJ NYJ,NYJ,27,2023,2025,4,44000000,11000000,0.0489,2026,2025,FALSE
12589,Jakobi Meyers,jakobi meyers,WR,LV LV,LV,26,2023,2025,3,33000000,11000000,0.0489,2025,2025,FALSE
12600,DeAndre Hopkins,deandre hopkins,WR,TEN TEN,TEN,31,2023,2024,2,26000000,13000000,0.057800000000000004,2024,2024,FALSE
12601,JuJu Smith-Schuster,juju smith schuster,WR,NE NE,NE,26,2023,2025,3,25500000,8500000,0.0378,2025,2025,FALSE
12605,Adam Thielen,adam thielen,WR,CAR CAR,CAR,32,2023,2025,3,25000000,8333333,0.0371,2025,2025,FALSE
12659,Robert Woods,robert woods,WR,HOU HOU,HOU,30,2023,2024,2,15250000,7625000,0.0339,2024,2024,FALSE
12661,"Odell Beckham, Jr.",odell beckham jr,WR,BAL BAL,BAL,30,2023,2023,1,15000000,15000000,0.0667,2023,2023,FALSE
12665,Jaxon Smith-Njigba,jaxon smith njigba,WR,SEA SEA,SEA,21,2023,2027,4,14417307,3604327,0.016,2026,2027,FALSE
12667,Quentin Johnston,quentin johnston,WR,LAC LAC,LAC,21,2023,2027,4,14188778,3547195,0.0158,2026,2027,FALSE
12668,Zay Flowers,zay flowers,WR,BAL BAL,BAL,22,2023,2027,4,14036434,3509109,0.015600000000000001,2026,2027,FALSE
12671,Jordan Addison,jordan addison,WR,MIN MIN,MIN,21,2023,2027,4,13731739,3432935,0.015300000000000001,2026,2027,FALSE
12690,Darius Slayton,darius slayton,WR,NYG NYG,NYG,26,2023,2024,2,12000000,6000000,0.026699999999999998,2024,2024,FALSE
12703,DeVante Parker,devante parker,WR,NE NE,NE,30,2023,2025,2,10800000,5400000,0.024,2024,2025,FALSE
12704,Kalif Raymond,kalif raymond,WR,DET DET,DET,29,2023,2025,2,10500000,5250000,0.023399999999999997,2024,2025,FALSE
12711,Michael Thomas,michael thomas,WR,NO NO,NO,30,2023,2024,1,10000000,10000000,0.044500000000000005,2023,2024,FALSE
12721,Deonte Harty,deonte harty,WR,BUF BUF,BUF,25,2023,2024,2,9500000,4750000,0.021099999999999997,2024,2024,FALSE
12732,Jonathan Mingo,jonathan mingo,WR,CAR CAR,CAR,22,2023,2026,4,8856595,2214149,0.0098,2026,2026,FALSE
12759,Ashton Dulin,ashton dulin,WR,IND IND,IND,25,2023,2024,2,7200000,3600000,0.016,2024,2024,FALSE
12760,Jayden Reed,jayden reed,WR,GB GB,GB,23,2023,2026,4,7180778,1795195,0.008,2026,2026,FALSE
12778,Rashee Rice,rashee rice,WR,KC KC,KC,23,2023,2026,4,6495208,1623802,0.0072,2026,2026,FALSE
12792,Marvin Mims,marvin mims,WR,DEN DEN,DEN,21,2023,2026,4,6068635,1517159,0.006699999999999999,2026,2026,FALSE
12806,Tank Dell,tank dell,WR,HOU HOU,HOU,23,2023,2026,4,5689104,1422276,0.0063,2026,2026,FALSE
12810,Jalin Hyatt,jalin hyatt,WR,NYG NYG,NYG,21,2023,2026,4,5625313,1406328,0.0063,2026,2026,FALSE
12811,Cedric Tillman,cedric tillman,WR,CLE CLE,CLE,23,2023,2026,4,5614512,1403628,0.0062,2026,2026,FALSE
12817,Josh Downs,josh downs,WR,IND IND,IND,21,2023,2026,4,5520459,1380115,0.0060999999999999995,2026,2026,FALSE
12837,Michael Wilson,michael wilson,WR,ARI ARI,ARI,23,2023,2026,4,5339461,1334865,0.0059,2026,2026,FALSE
12843,Tre Tucker,tre tucker,WR,LV LV,LV,22,2023,2026,4,5304084,1326021,0.0059,2026,2026,FALSE
12847,DJ Chark,dj chark,WR,CAR CAR,CAR,26,2023,2023,1,5000000,5000000,0.0222,2023,2023,FALSE
12860,Parris Campbell,parris campbell,WR,NYG NYG,NYG,25,2023,2023,1,4700000,4700000,0.0209,2023,2023,FALSE
12885,Derius Davis,derius davis,WR,LAC LAC,LAC,22,2023,2026,4,4551932,1137983,0.0051,2026,2026,FALSE
12891,Charlie Jones,charlie jones,WR,CIN CIN,CIN,24,2023,2026,4,4518776,1129694,0.005,2026,2026,FALSE
12894,Tyler Scott,tyler scott,WR,CHI CHI,CHI,21,2023,2026,4,4503452,1125863,0.005,2026,2026,FALSE
12900,Zach Pascal,zach pascal,WR,ARI ARI,ARI,28,2023,2024,2,4500000,2250000,0.01,2024,2024,FALSE
12935,Dontayvion Wicks,dontayvion wicks,WR,GB GB,GB,21,2023,2026,4,4142548,1035637,0.0046,2026,2026,FALSE
12944,Puka Nacua,puka nacua,WR,LAR LAR,LA,22,2023,2026,4,4084977,1021244,0.0045000000000000005,2026,2026,FALSE
12963,Parker Washington,parker washington,WR,JAX JAX,JAX,21,2023,2026,4,4032264,1008066,0.0045000000000000005,2026,2026,FALSE
12965,Kayshon Boutte,kayshon boutte,WR,NE NE,NE,20,2023,2026,4,4027272,1006818,0.0045000000000000005,2026,2026,FALSE
12970,Trey Palmer,trey palmer,WR,TB TB,TB,22,2023,2026,4,4019292,1004823,0.0045000000000000005,2026,2026,FALSE
12974,A.T. Perry,a t perry,WR,NO NO,NO,23,2023,2026,4,4016364,1004091,0.0045000000000000005,2026,2026,FALSE
12976,Elijah Higgins,elijah higgins,WR,MIA MIA,MIA,22,2023,2026,4,4015884,1003971,0.0045000000000000005,2026,2026,FALSE
12984,Xavier Hutchinson,xavier hutchinson,WR,HOU HOU,HOU,22,2023,2026,4,4003704,1000926,0.0045000000000000005,2026,2026,FALSE
12986,Mecole Hardman,mecole hardman,WR,NYJ NYJ,NYJ,25,2023,2023,1,4000000,4000000,0.0178,2023,2023,FALSE
12998,Andrei Iosivas,andrei iosivas,WR,CIN CIN,CIN,23,2023,2026,4,3999384,999846,0.0044,2026,2026,FALSE
13010,Demario Douglas,demario douglas,WR,NE NE,NE,22,2023,2026,4,3973332,993333,0.0044,2026,2026,FALSE
13012,Antoine Green,antoine green,WR,DET DET,DET,23,2023,2026,4,3956760,989190,0.0044,2026,2026,FALSE
13021,Colton Dowell,colton dowell,WR,TEN TEN,TEN,24,2023,2026,4,3942696,985674,0.0044,2026,2026,FALSE
13037,Jalen Brooks,jalen brooks,WR,DAL DAL,DAL,23,2023,2026,4,3922360,980590,0.0044,2026,2026,FALSE
13048,Ronnie Bell,ronnie bell,WR,SF SF,SF,23,2023,2026,4,3917776,979444,0.0044,2026,2026,FALSE
13052,Grant DuBose,grant dubose,WR,GB GB,GB,21,2023,2026,4,3917776,979444,0.0044,2026,2026,FALSE
13070,Braxton Berrios,braxton berrios,WR,MIA MIA,MIA,27,2023,2023,1,3500000,3500000,0.015600000000000001,2023,2023,FALSE
13071,Justin Watson,justin watson,WR,KC KC,KC,28,2023,2024,2,3400000,1700000,0.0076,2024,2024,FALSE
13074,Nelson Agholor,nelson agholor,WR,BAL BAL,BAL,29,2023,2023,1,3250000,3250000,0.014499999999999999,2023,2023,FALSE
13086,Randall Cobb,randall cobb,WR,NYJ NYJ,NYJ,32,2023,2023,1,3000000,3000000,0.013300000000000001,2023,2023,FALSE
13088,Marvin Jones,marvin jones,WR,DET DET,DET,33,2023,2023,1,3000000,3000000,0.013300000000000001,2023,2023,FALSE
13107,Joseph Ngata,joseph ngata,WR,PHI PHI,PHI,22,2023,2025,3,2725000,908333,0.004,2025,2025,FALSE
13108,Jason Brownlee,jason brownlee,WR,NYJ NYJ,NYJ,24,2023,2025,3,2725000,908333,0.004,2025,2025,FALSE
13131,Rakim Jarrett,rakim jarrett,WR,TB TB,TB,22,2023,2025,3,2720000,906667,0.004,2025,2025,FALSE
13138,Bryce Ford-Wheaton,bryce ford wheaton,WR,NYG NYG,NYG,23,2023,2025,3,2715000,905000,0.004,2025,2025,FALSE
13142,Keilahn Harris,keilahn harris,WR,ATL ATL,ATL,22,2023,2025,3,2715000,905000,0.004,2025,2025,FALSE
13161,Justin Marshall,justin marshall,WR,ATL ATL,ATL,NA,2023,2025,3,2712500,904167,0.004,2025,2025,FALSE
13171,Jalen Wayne,jalen wayne,WR,BUF BUF,BUF,23,2023,2025,3,2710000,903333,0.004,2025,2025,FALSE
13172,Braydon Johnson,braydon johnson,WR,BUF BUF,BUF,NA,2023,2025,3,2710000,903333,0.004,2025,2025,FALSE
13177,Chase Cota,chase cota,WR,DET DET,DET,23,2023,2025,3,2710000,903333,0.004,2025,2025,FALSE
13180,Nikko Remigio,nikko remigio,WR,KC KC,KC,23,2023,2025,3,2710000,903333,0.004,2025,2025,FALSE
13184,Zavier Scott,zavier scott,WR,IND IND,IND,23,2023,2025,3,2710000,903333,0.004,2025,2025,FALSE
13187,Xavier Gipson,xavier gipson,WR,NYJ NYJ,NYJ,22,2023,2025,3,2710000,903333,0.004,2025,2025,FALSE
13193,Mitchell Tinsley,mitchell tinsley,WR,WAS WAS,WAS,23,2023,2025,3,2710000,903333,0.004,2025,2025,FALSE
13194,Kazmeir Allen,kazmeir allen,WR,WAS WAS,WAS,23,2023,2025,3,2710000,903333,0.004,2025,2025,FALSE
13205,Malik Knowles,malik knowles,WR,MIN MIN,MIN,22,2023,2025,3,2710000,903333,0.004,2025,2025,FALSE
13210,Jadon Haselwood,jadon haselwood,WR,PHI PHI,PHI,22,2023,2025,3,2707500,902500,0.004,2025,2025,FALSE
13212,Daniel Arias,daniel arias,WR,ARI ARI,ARI,24,2023,2025,3,2707000,902333,0.004,2025,2025,FALSE
13216,David Durden,david durden,WR,DAL DAL,DAL,24,2023,2025,3,2705000,901667,0.004,2025,2025,FALSE
13217,Jalen Moreno-Cropper,jalen moreno cropper,WR,DAL DAL,DAL,22,2023,2025,3,2705000,901667,0.004,2025,2025,FALSE
13225,Ryan Miller,ryan miller,WR,TB TB,TB,23,2023,2025,3,2705000,901667,0.004,2025,2025,FALSE
13230,Matt Landers,matt landers,WR,SEA SEA,SEA,23,2023,2025,3,2705000,901667,0.004,2025,2025,FALSE
13231,John Hall,john hall,WR,SEA SEA,SEA,25,2023,2025,3,2705000,901667,0.004,2025,2025,FALSE
13234,Jake Bobo,jake bobo,WR,SEA SEA,SEA,24,2023,2025,3,2705000,901667,0.004,2025,2025,FALSE
13237,Tre’Shaun Harrison,tre shaun harrison,WR,TEN TEN,TEN,22,2023,2025,3,2705000,901667,0.004,2025,2025,FALSE
13238,Jacob Copeland,jacob copeland,WR,TEN TEN,TEN,23,2023,2025,3,2705000,901667,0.004,2025,2025,FALSE
13242,Jared Wayne,jared wayne,WR,HOU HOU,HOU,22,2023,2025,3,2705000,901667,0.004,2025,2025,FALSE
13243,Jesse Matthews,jesse matthews,WR,HOU HOU,HOU,23,2023,2025,3,2705000,901667,0.004,2025,2025,FALSE
13262,Braxton Westfield,braxton westfield,WR,IND IND,IND,NA,2023,2025,3,2705000,901667,0.004,2025,2025,FALSE
13270,T.J. Luther,t j luther,WR,NYJ NYJ,NYJ,22,2023,2025,3,2705000,901667,0.004,2025,2025,FALSE
13276,Josh Vann,josh vann,WR,CAR CAR,CAR,23,2023,2025,3,2705000,901667,0.004,2025,2025,FALSE
13281,Xavier Malone,xavier malone,WR,ATL ATL,ATL,23,2023,2025,3,2705000,901667,0.004,2025,2025,FALSE
13289,Elijah Cooks,elijah cooks,WR,JAX JAX,JAX,24,2023,2025,3,2705000,901667,0.004,2025,2025,FALSE
13292,Shaq Davis,shaq davis,WR,NO NO,NO,23,2023,2025,3,2705000,901667,0.004,2025,2025,FALSE
13297,Thayer Thomas,thayer thomas,WR,MIN MIN,MIN,24,2023,2025,3,2705000,901667,0.004,2025,2025,FALSE
13301,Thyrick Pitts,thyrick pitts,WR,CHI CHI,CHI,24,2023,2025,3,2704500,901500,0.004,2025,2025,FALSE
13304,Duece Watts,duece watts,WR,GB GB,GB,24,2023,2025,3,2704000,901333,0.004,2025,2025,FALSE
13308,Malik Heath,malik heath,WR,GB GB,GB,23,2023,2025,3,2704000,901333,0.004,2025,2025,FALSE
13311,Tyrell Shavers,tyrell shavers,WR,BUF BUF,BUF,23,2023,2025,3,2703500,901167,0.004,2025,2025,FALSE
13313,Aron Cruickshank,aron cruickshank,WR,CHI CHI,CHI,22,2023,2025,3,2703000,901000,0.004,2025,2025,FALSE
13314,Shae Wyatt,shae wyatt,WR,SF SF,SF,NA,2023,2025,3,2703000,901000,0.004,2025,2025,FALSE
13318,Shedrick Jackson,shedrick jackson,WR,CIN CIN,CIN,23,2023,2025,3,2702500,900833,0.004,2025,2025,FALSE
13328,Jaray Jenkins,jaray jenkins,WR,JAX JAX,JAX,23,2023,2025,3,2702500,900833,0.004,2025,2025,FALSE
13331,Terrell Bynum,terrell bynum,WR,LAC LAC,LAC,24,2023,2025,3,2702500,900833,0.004,2025,2025,FALSE
13332,Jordan Byrd,jordan byrd,WR,PIT PIT,PIT,23,2023,2025,3,2702500,900833,0.004,2025,2025,FALSE
13339,Bryan Thompson,bryan thompson,WR,BUF BUF,BUF,24,2023,2025,3,2701500,900500,0.004,2025,2025,FALSE
13343,Cephus Johnson,cephus johnson,WR,MIN MIN,MIN,23,2023,2025,3,2701000,900333,0.004,2025,2025,FALSE
13354,Kade Warner,kade warner,WR,TB TB,TB,24,2023,2025,3,2700000,900000,0.004,2025,2025,FALSE
13361,Keytaon Thompson,keytaon thompson,WR,DET DET,DET,NA,2023,2025,3,2700000,900000,0.004,2025,2025,FALSE
13365,Daewood Davis,daewood davis,WR,MIA MIA,MIA,24,2023,2025,3,2700000,900000,0.004,2025,2025,FALSE
13366,Chris Coleman,chris coleman,WR,MIA MIA,MIA,24,2023,2025,3,2700000,900000,0.004,2025,2025,FALSE
13374,Sean Ryan,sean ryan,WR,BAL BAL,BAL,24,2023,2025,3,2700000,900000,0.004,2025,2025,FALSE
13377,Johnny King,johnny king,WR,IND IND,IND,23,2023,2025,3,2700000,900000,0.004,2025,2025,FALSE
13382,Xavier Smith,xavier smith,WR,LAR LAR,LA,25,2023,2025,3,2700000,900000,0.004,2025,2025,FALSE
13392,Pokey Wilson,pokey wilson,WR,LAC LAC,LAC,23,2023,2025,3,2700000,900000,0.004,2025,2025,FALSE
13414,Jose Barbon,jose barbon,WR,DAL DAL,DAL,23,2023,2025,3,2698000,899333,0.004,2025,2025,FALSE
13421,Dontay Demus Jr.,dontay demus jr,WR,BAL BAL,BAL,22,2023,2025,3,2697500,899167,0.004,2025,2025,FALSE
13425,Jalen Sample,jalen sample,WR,WAS WAS,WAS,24,2023,2025,3,2697500,899167,0.004,2025,2025,FALSE
13426,Zion Bowens,zion bowens,WR,WAS WAS,WAS,23,2023,2025,3,2697500,899167,0.004,2025,2025,FALSE
13439,Taye Barber,taye barber,WR,TB TB,TB,23,2023,2025,3,2697000,899000,0.004,2025,2025,FALSE
13441,Taylor Grimes,taylor grimes,WR,DEN DEN,DEN,23,2023,2025,3,2697000,899000,0.004,2025,2025,FALSE
13454,Isaiah Winstead,isaiah winstead,WR,SF SF,SF,23,2023,2025,3,2696000,898667,0.004,2025,2025,FALSE
13455,Malik Flowers,malik flowers,WR,NO NO,NO,NA,2023,2025,3,2696000,898667,0.004,2025,2025,FALSE
13457,Oliver Martin,oliver martin,WR,JAX JAX,JAX,24,2023,2025,3,2696000,898667,0.004,2025,2025,FALSE
13464,Tyjon Lindsey,tyjon lindsey,WR,SEA SEA,SEA,24,2023,2025,3,2696000,898667,0.004,2025,2025,FALSE
13465,C.J. Johnson,c j johnson,WR,SEA SEA,SEA,NA,2023,2025,3,2696000,898667,0.004,2025,2025,FALSE
13481,Avery Davis,avery davis,WR,DET DET,DET,NA,2023,2025,3,2695000,898333,0.004,2025,2025,FALSE
13488,Ed Lee,ed lee,WR,NE NE,NE,24,2023,2025,3,2695000,898333,0.004,2025,2025,FALSE
13489,Nick Williams,nick williams,WR,DEN DEN,DEN,NA,2023,2025,3,2695000,898333,0.004,2025,2025,FALSE
13490,Garett Maag,garett maag,WR,MIN MIN,MIN,23,2023,2025,3,2695000,898333,0.004,2025,2025,FALSE
13492,Jerome Kapp,jerome kapp,WR,NYJ NYJ,NYJ,NA,2023,2025,3,2695000,898333,0.004,2025,2025,FALSE
13493,Dontavian Jackson,dontavian jackson,WR,MIN MIN,MIN,25,2023,2025,3,2695000,898333,0.004,2025,2025,FALSE
13494,Jadakis Bonds,jadakis bonds,WR,GB GB,GB,23,2023,2025,3,2695000,898333,0.004,2025,2025,FALSE
13498,Brian Cobbs,brian cobbs,WR,ARI ARI,ARI,23,2023,2025,3,2695000,898333,0.004,2025,2025,FALSE
13510,Kearis Jackson,kearis jackson,WR,TEN TEN,TEN,23,2023,2025,3,2695000,898333,0.004,2025,2025,FALSE
13511,Gavin Holmes,gavin holmes,WR,TEN TEN,TEN,24,2023,2025,3,2695000,898333,0.004,2025,2025,FALSE
13521,Dylan Drummond,dylan drummond,WR,DET DET,DET,23,2023,2025,3,2695000,898333,0.004,2025,2025,FALSE
13527,Mac Hippenhammer,mac hippenhammer,WR,CIN CIN,CIN,24,2023,2025,3,2695000,898333,0.004,2025,2025,FALSE
13528,Malachi Carter,malachi carter,WR,CIN CIN,CIN,23,2023,2025,3,2695000,898333,0.004,2025,2025,FALSE
13536,Dallas Daniels,dallas daniels,WR,DEN DEN,DEN,NA,2023,2025,3,2695000,898333,0.004,2025,2025,FALSE
13549,Kody Case,kody case,WR,IND IND,IND,24,2023,2025,3,2695000,898333,0.004,2025,2025,FALSE
13550,Tyler Adams,tyler adams,WR,IND IND,IND,NA,2023,2025,3,2695000,898333,0.004,2025,2025,FALSE
13557,Tyrone Scott,tyrone scott,WR,KC KC,KC,NA,2023,2025,3,2695000,898333,0.004,2025,2025,FALSE
13567,Cody Chrest,cody chrest,WR,IND IND,IND,NA,2023,2025,3,2695000,898333,0.004,2025,2025,FALSE
13580,Braxton Burmeister,braxton burmeister,WR,LAR LAR,LA,24,2023,2025,3,2695000,898333,0.004,2025,2025,FALSE
13586,Sam James,sam james,WR,LAR LAR,LA,NA,2023,2025,3,2695000,898333,0.004,2025,2025,FALSE
13587,Tyler Hudson,tyler hudson,WR,LAR LAR,LA,22,2023,2025,3,2695000,898333,0.004,2025,2025,FALSE
13591,Bryce Tremayne,bryce tremayne,WR,WAS WAS,WAS,23,2023,2025,3,2695000,898333,0.004,2025,2025,FALSE
13596,Sy Barnett,sy barnett,WR,NO NO,NO,NA,2023,2025,3,2695000,898333,0.004,2025,2025,FALSE
13602,Matthew Slater,matthew slater,WR,NE NE,NE,37,2023,2023,1,2667500,2667500,0.0119,2023,2023,FALSE
13612,Noah Brown,noah brown,WR,HOU HOU,HOU,27,2023,2023,1,2600000,2600000,0.011600000000000001,2023,2023,FALSE
13626,Mack Hollins,mack hollins,WR,ATL ATL,ATL,29,2023,2023,1,2500000,2500000,0.0111,2023,2023,FALSE
13647,Greg Dortch,greg dortch,WR,ARI ARI,ARI,24,2023,2024,2,2135000,1067500,0.0047,2024,2024,FALSE
13649,Antonio Callaway,antonio callaway,WR,DAL DAL,DAL,26,2023,2024,2,2135000,1067500,0.0047,2024,2024,FALSE
13655,Tyron Johnson,tyron johnson,WR,DAL DAL,DAL,27,2023,2024,2,2035000,1017500,0.0045000000000000005,2024,2024,FALSE
13676,Mike Strachan,mike strachan,WR,CAR CAR,CAR,26,2023,2024,2,1995000,997500,0.0044,2024,2024,FALSE
13683,Jalen Camp,jalen camp,WR,HOU HOU,HOU,24,2023,2024,2,1995000,997500,0.0044,2024,2024,FALSE
13704,Kaylon Geiger,kaylon geiger,WR,TB TB,TB,25,2023,2024,2,1855000,927500,0.0041,2024,2024,FALSE
13706,Braylon Sanders,braylon sanders,WR,MIA MIA,MIA,23,2023,2024,1,1855000,1855000,0.0083,2023,2024,FALSE
13712,D.J. Turner,d j turner,WR,LV LV,LV,25,2023,2024,2,1855000,927500,0.0041,2024,2024,FALSE
13715,Irvin Charles,irvin charles,WR,NYJ NYJ,NYJ,26,2023,2024,2,1785000,892500,0.004,2024,2024,FALSE
13722,Trent Sherfield,trent sherfield,WR,BUF BUF,BUF,27,2023,2023,1,1770000,1770000,0.007899999999999999,2023,2023,FALSE
13726,Montrell Washington,montrell washington,WR,KC KC,KC,24,2023,2024,2,1765000,882500,0.0039000000000000003,2024,2024,FALSE
13735,Marquise Goodwin,marquise goodwin,WR,CLE CLE,CLE,32,2023,2023,1,1700000,1700000,0.0076,2023,2023,FALSE
13774,Devon Allen,devon allen,WR,PHI PHI,PHI,28,2023,2024,2,1665000,832500,0.0037,2024,2024,FALSE
13780,Dennis Houston,dennis houston,WR,DAL DAL,DAL,23,2023,2024,2,1665000,832500,0.0037,2024,2024,FALSE
13784,Dontario Drummond,dontario drummond,WR,DAL DAL,DAL,25,2023,2024,2,1665000,832500,0.0037,2024,2024,FALSE
13801,Mason Kinsey,mason kinsey,WR,TEN TEN,TEN,24,2023,2025,2,1665000,832500,0.0037,2024,2025,FALSE
13811,Josh Ali,josh ali,WR,ATL ATL,ATL,23,2023,2024,2,1665000,832500,0.0037,2024,2024,FALSE
13824,Julio Jones,julio jones,WR,PHI PHI,PHI,34,2023,2023,1,1567000,1567000,0.006999999999999999,2023,2023,FALSE
13828,Deandre Carter,deandre carter,WR,LV LV,LV,29,2023,2023,1,1500000,1500000,0.006699999999999999,2023,2023,FALSE
13830,Steven Sims Jr.,steven sims jr,WR,HOU HOU,HOU,25,2023,2023,1,1500000,1500000,0.006699999999999999,2023,2023,FALSE
13854,Sterling Shepard,sterling shepard,WR,NYG NYG,NYG,30,2023,2023,1,1317500,1317500,0.0059,2023,2023,FALSE
13865,Willie Snead,willie snead,WR,SF SF,SF,30,2023,2023,1,1317500,1317500,0.0059,2023,2023,FALSE
13866,Chris Moore,chris moore,WR,TEN TEN,TEN,29,2023,2023,1,1317500,1317500,0.0059,2023,2023,FALSE
13869,Chris Conley,chris conley,WR,SF SF,SF,30,2023,2023,1,1317500,1317500,0.0059,2023,2023,FALSE
13870,Robbie Chosen,robbie chosen,WR,MIA MIA,MIA,29,2023,2023,1,1317500,1317500,0.0059,2023,2023,FALSE
13871,Damiere Byrd,damiere byrd,WR,CAR CAR,CAR,30,2023,2023,1,1317500,1317500,0.0059,2023,2023,FALSE
13881,Jamison Crowder,jamison crowder,WR,NYG NYG,NYG,29,2023,2023,1,1317500,1317500,0.0059,2023,2023,FALSE
13911,Nick Westbrook,nick westbrook,WR,TEN TEN,TEN,25,2023,2023,1,1260000,1260000,0.005600000000000001,2023,2023,FALSE
13926,Olamide Zaccheaus,olamide zaccheaus,WR,PHI PHI,PHI,25,2023,2023,1,1232500,1232500,0.0055000000000000005,2023,2023,FALSE
13927,Dante Pettis,dante pettis,WR,CHI CHI,CHI,27,2023,2023,1,1232500,1232500,0.0055000000000000005,2023,2023,FALSE
13928,Jalen Guyton,jalen guyton,WR,LAC LAC,LAC,25,2023,2023,1,1232500,1232500,0.0055000000000000005,2023,2023,FALSE
13932,Richie James,richie james,WR,KC KC,KC,27,2023,2023,1,1232500,1232500,0.0055000000000000005,2023,2023,FALSE
13937,Scotty Miller,scotty miller,WR,ATL ATL,ATL,25,2023,2023,1,1232500,1232500,0.0055000000000000005,2023,2023,FALSE
13947,Brandon Powell,brandon powell,WR,MIN MIN,MIN,26,2023,2023,1,1232500,1232500,0.0055000000000000005,2023,2023,FALSE
13955,Isaiah McKenzie,isaiah mckenzie,WR,IND IND,IND,27,2023,2023,1,1232500,1232500,0.0055000000000000005,2023,2023,FALSE
13957,Cam Sims,cam sims,WR,LV LV,LV,27,2023,2023,1,1232500,1232500,0.0055000000000000005,2023,2023,FALSE
13961,Keelan Cole,keelan cole,WR,LV LV,LV,29,2023,2023,1,1232500,1232500,0.0055000000000000005,2023,2023,FALSE
13970,Trent Taylor,trent taylor,WR,CIN CIN,CIN,28,2023,2023,1,1232500,1232500,0.0055000000000000005,2023,2023,FALSE
13977,Phillip Dorsett,phillip dorsett,WR,LV LV,LV,30,2023,2023,1,1217500,1217500,0.0054,2023,2023,FALSE
13983,Khadarel Hodge,khadarel hodge,WR,ATL ATL,ATL,28,2023,2023,1,1200000,1200000,0.0053,2023,2023,FALSE
13984,Jeff Smith,jeff smith,WR,NYG NYG,NYG,25,2023,2023,1,1200000,1200000,0.0053,2023,2023,FALSE
14000,Mike Thomas,mike thomas,WR,BAL BAL,BAL,28,2023,2023,1,1165000,1165000,0.0052,2023,2023,FALSE
14006,Willie Snead,willie snead,WR,SF SF,SF,31,2023,2023,1,1165000,1165000,0.0052,2023,2023,FALSE
14008,Chris Conley,chris conley,WR,SF SF,SF,31,2023,2023,1,1165000,1165000,0.0052,2023,2023,FALSE
14012,Alex Erickson,alex erickson,WR,LAC LAC,LAC,31,2023,2023,1,1165000,1165000,0.0052,2023,2023,FALSE
14021,Jordan Matthews,jordan matthews,WR,CAR CAR,CAR,31,2023,2023,1,1165000,1165000,0.0052,2023,2023,FALSE
14030,Robbie Chosen,robbie chosen,WR,MIA MIA,MIA,30,2023,2023,1,1165000,1165000,0.0052,2023,2023,FALSE
14033,Jamison Crowder,jamison crowder,WR,WAS WAS,WAS,30,2023,2023,1,1165000,1165000,0.0052,2023,2023,FALSE
14034,Equanimeous St. Brown,equanimeous st brown,WR,CHI CHI,CHI,26,2023,2023,1,1165000,1165000,0.0052,2023,2023,FALSE
14038,Adam Humphries,adam humphries,WR,HOU HOU,HOU,30,2023,2023,1,1165000,1165000,0.0052,2023,2023,FALSE
14048,Cole Beasley,cole beasley,WR,NYG NYG,NYG,34,2023,2023,1,1165000,1165000,0.0052,2023,2023,FALSE
14050,Demarcus Robinson,demarcus robinson,WR,LAR LAR,LA,28,2023,2023,1,1165000,1165000,0.0052,2023,2023,FALSE
14051,Laquon Treadwell,laquon treadwell,WR,BAL BAL,BAL,27,2023,2023,1,1165000,1165000,0.0052,2023,2023,FALSE
14052,Breshad Perriman,breshad perriman,WR,IND IND,IND,29,2023,2023,1,1165000,1165000,0.0052,2023,2023,FALSE
14064,Marcus Kemp,marcus kemp,WR,WAS WAS,WAS,27,2023,2023,1,1155000,1155000,0.0051,2023,2023,FALSE
14070,Marquez Callaway,marquez callaway,WR,DEN DEN,DEN,24,2023,2023,1,1135000,1135000,0.005,2023,2023,FALSE
14082,Alex Erickson,alex erickson,WR,WAS WAS,WAS,30,2023,2023,1,1105000,1105000,0.0049,2023,2023,FALSE
14116,Trent Taylor,trent taylor,WR,CHI CHI,CHI,29,2023,2023,1,1080000,1080000,0.0048000000000000004,2023,2023,FALSE
14119,Anthony Miller,anthony miller,WR,SF SF,SF,28,2023,2023,1,1080000,1080000,0.0048000000000000004,2023,2023,FALSE
14139,N'Keal Harry,n keal harry,WR,MIN MIN,MIN,25,2023,2023,1,1080000,1080000,0.0048000000000000004,2023,2023,FALSE
14151,Byron Pringle,byron pringle,WR,WAS WAS,WAS,29,2023,2023,1,1080000,1080000,0.0048000000000000004,2023,2023,FALSE
14156,Isaiah Ford,isaiah ford,WR,CHI CHI,CHI,27,2023,2023,1,1080000,1080000,0.0048000000000000004,2023,2023,FALSE
14163,Alex Erickson,alex erickson,WR,NYJ NYJ,NYJ,30,2023,2023,1,1080000,1080000,0.0048000000000000004,2023,2023,FALSE
14168,Keke Coutee,keke coutee,WR,MIA MIA,MIA,26,2023,2023,1,1080000,1080000,0.0048000000000000004,2023,2023,FALSE
14180,James Washington,james washington,WR,IND IND,IND,27,2023,2023,1,1080000,1080000,0.0048000000000000004,2023,2023,FALSE
14181,David Moore,david moore,WR,TB TB,TB,28,2023,2023,1,1080000,1080000,0.0048000000000000004,2023,2023,FALSE
14186,Lil’jordan Humphrey,lil jordan humphrey,WR,DEN DEN,DEN,24,2023,2023,1,1080000,1080000,0.0048000000000000004,2023,2023,FALSE
14190,Malik Turner,malik turner,WR,IND IND,IND,27,2023,2023,1,1080000,1080000,0.0048000000000000004,2023,2023,FALSE
14199,Jaydon Mickens,jaydon mickens,WR,NYG NYG,NYG,28,2023,2023,1,1080000,1080000,0.0048000000000000004,2023,2023,FALSE
14202,Andy Isabella,andy isabella,WR,BUF BUF,BUF,26,2023,2023,1,1080000,1080000,0.0048000000000000004,2023,2023,FALSE
14205,John Ross,john ross,WR,KC KC,KC,28,2023,2023,1,1080000,1080000,0.0048000000000000004,2023,2023,FALSE
14206,Auden Tate,auden tate,WR,ARI ARI,ARI,25,2023,2023,1,1080000,1080000,0.0048000000000000004,2023,2023,FALSE
14210,Miles Boykin,miles boykin,WR,PIT PIT,PIT,26,2023,2023,1,1080000,1080000,0.0048000000000000004,2023,2023,FALSE
14225,River Cracraft,river cracraft,WR,MIA MIA,MIA,28,2023,2023,1,1080000,1080000,0.0048000000000000004,2023,2023,FALSE
14242,Davion Davis,davion davis,WR,ARI ARI,ARI,26,2023,2023,1,1010000,1010000,0.0045000000000000005,2023,2023,FALSE
14248,Tyler Johnson,tyler johnson,WR,LAR LAR,LA,24,2023,2023,1,1010000,1010000,0.0045000000000000005,2023,2023,FALSE
14250,J.J. Arcega-Whiteside,j j arcega whiteside,WR,ATL ATL,ATL,26,2023,2023,1,1010000,1010000,0.0045000000000000005,2023,2023,FALSE
14254,Juwann Winfree,juwann winfree,WR,IND IND,IND,26,2023,2024,1,1010000,1010000,0.0045000000000000005,2023,2024,FALSE
14256,Collin Johnson,collin johnson,WR,CHI CHI,CHI,26,2023,2023,1,1010000,1010000,0.0045000000000000005,2023,2023,FALSE
14263,Keith Kirkwood,keith kirkwood,WR,NO NO,NO,28,2023,2023,1,1010000,1010000,0.0045000000000000005,2023,2023,FALSE
14264,James Proche,james proche,WR,CLE CLE,CLE,27,2023,2023,1,1010000,1010000,0.0045000000000000005,2023,2023,FALSE
14265,Gunner Olszewski,gunner olszewski,WR,NYG NYG,NYG,26,2023,2023,1,1010000,1010000,0.0045000000000000005,2023,2023,FALSE
14266,Jalen Reagor,jalen reagor,WR,NE NE,NE,24,2023,2023,1,1010000,1010000,0.0045000000000000005,2023,2023,FALSE
14275,Freddie Swain,freddie swain,WR,PHI PHI,PHI,25,2023,2023,1,1010000,1010000,0.0045000000000000005,2023,2023,FALSE
14276,Jason Moore,jason moore,WR,DET DET,DET,28,2023,2023,1,1010000,1010000,0.0045000000000000005,2023,2023,FALSE
14286,Penny Hart,penny hart,WR,ATL ATL,ATL,26,2023,2023,1,1010000,1010000,0.0045000000000000005,2023,2023,FALSE
14291,Bryan Edwards,bryan edwards,WR,NO NO,NO,24,2023,2023,1,1010000,1010000,0.0045000000000000005,2023,2023,FALSE
14306,Keith Kirkwood,keith kirkwood,WR,NO NO,NO,28,2023,2023,1,1010000,1010000,0.0045000000000000005,2023,2023,FALSE
14307,Greg Ward,greg ward,WR,PHI PHI,PHI,27,2023,2023,1,1010000,1010000,0.0045000000000000005,2023,2023,FALSE
14308,Tyrie Cleveland,tyrie cleveland,WR,PHI PHI,PHI,25,2023,2023,1,1010000,1010000,0.0045000000000000005,2023,2023,FALSE
14313,Diontae Spencer,diontae spencer,WR,NYJ NYJ,NYJ,30,2023,2023,1,1010000,1010000,0.0045000000000000005,2023,2023,FALSE
14316,Tyler Johnson,tyler johnson,WR,LAR LAR,LA,24,2023,2023,1,1010000,1010000,0.0045000000000000005,2023,2023,FALSE
14317,Dezmon Patmon,dezmon patmon,WR,BUF BUF,BUF,24,2023,2023,1,1010000,1010000,0.0045000000000000005,2023,2023,FALSE
14321,Daurice Fountain,daurice fountain,WR,CHI CHI,CHI,27,2023,2023,1,1010000,1010000,0.0045000000000000005,2023,2023,FALSE
14326,Vyncint Smith,vyncint smith,WR,IND IND,IND,26,2023,2023,1,1010000,1010000,0.0045000000000000005,2023,2023,FALSE
14327,Nsimba Webster,nsimba webster,WR,CHI CHI,CHI,26,2023,2023,1,1010000,1010000,0.0045000000000000005,2023,2023,FALSE
14329,Javon Wims,javon wims,WR,CAR CAR,CAR,28,2023,2023,1,1010000,1010000,0.0045000000000000005,2023,2023,FALSE
14335,Keesean Johnson,keesean johnson,WR,BUF BUF,BUF,26,2023,2023,1,946500,946500,0.004200000000000001,2023,2023,FALSE
14339,DJ Montgomery,dj montgomery,WR,IND IND,IND,27,2023,2024,1,940000,940000,0.004200000000000001,2023,2024,FALSE
14342,Dan Chisena,dan chisena,WR,ARI ARI,ARI,26,2023,2023,1,940000,940000,0.004200000000000001,2023,2023,FALSE
14352,Simi Fehoko,simi fehoko,WR,LAC LAC,LAC,25,2023,2023,1,940000,940000,0.004200000000000001,2023,2023,FALSE
14363,Amari Rodgers,amari rodgers,WR,IND IND,IND,23,2023,2023,1,940000,940000,0.004200000000000001,2023,2023,FALSE
14367,Trey Quinn,trey quinn,WR,DET DET,DET,27,2023,2023,1,940000,940000,0.004200000000000001,2023,2023,FALSE
14372,Darrius Shepherd,darrius shepherd,WR,LAC LAC,LAC,27,2023,2023,1,940000,940000,0.004200000000000001,2023,2023,FALSE
14373,Marcell Ateman,marcell ateman,WR,BUF BUF,BUF,28,2023,2023,1,940000,940000,0.004200000000000001,2023,2023,FALSE
14378,Jacob Harris,jacob harris,WR,JAX JAX,JAX,26,2023,2023,1,940000,940000,0.004200000000000001,2023,2023,FALSE
14407,Jauan Jennings,jauan jennings,WR,SF SF,SF,25,2023,2023,1,940000,940000,0.004200000000000001,2023,2023,FALSE
14416,Ihmir Smith-Marsette,ihmir smith marsette,WR,KC KC,KC,23,2023,2023,1,940000,940000,0.004200000000000001,2023,2023,FALSE
14424,David Sills,david sills,WR,NYG NYG,NYG,27,2023,2023,1,940000,940000,0.004200000000000001,2023,2023,FALSE
14428,Dan Chisena,dan chisena,WR,PIT PIT,PIT,25,2023,2023,1,940000,940000,0.004200000000000001,2023,2023,FALSE
14435,Keelan Doss,keelan doss,WR,LAC LAC,LAC,26,2023,2023,1,940000,940000,0.004200000000000001,2023,2023,FALSE
14440,J'Marcus Bradley,j marcus bradley,WR,PIT PIT,PIT,26,2023,2023,1,940000,940000,0.004200000000000001,2023,2023,FALSE
14446,Tom Kennedy,tom kennedy,WR,DET DET,DET,26,2023,2023,1,940000,940000,0.004200000000000001,2023,2023,FALSE
14447,Victor Bolden,victor bolden,WR,DEN DEN,DEN,27,2023,2023,1,940000,940000,0.004200000000000001,2023,2023,FALSE
14451,Michael Bandy,michael bandy,WR,DEN DEN,DEN,25,2023,2024,1,870000,870000,0.0039000000000000003,2023,2024,FALSE
14452,Deon Cain,deon cain,WR,PHI PHI,PHI,26,2023,2023,1,870000,870000,0.0039000000000000003,2023,2023,FALSE
14454,Jalen Hurd,jalen hurd,WR,NE NE,NE,27,2023,2023,1,870000,870000,0.0039000000000000003,2023,2023,FALSE
14461,Hakeem Butler,hakeem butler,WR,PIT PIT,PIT,27,2023,2023,1,870000,870000,0.0039000000000000003,2023,2023,FALSE
14463,Gary Jennings,gary jennings,WR,CAR CAR,CAR,26,2023,2023,1,870000,870000,0.0039000000000000003,2023,2023,FALSE
14471,Kristian Wilkerson,kristian wilkerson,WR,LV LV,LV,26,2023,2023,1,870000,870000,0.0039000000000000003,2023,2023,FALSE
14477,Isaiah Hodgins,isaiah hodgins,WR,NYG NYG,NYG,24,2023,2023,1,870000,870000,0.0039000000000000003,2023,2023,FALSE
14478,Cornell Powell,cornell powell,WR,KC KC,KC,25,2023,2023,1,870000,870000,0.0039000000000000003,2023,2023,FALSE
14483,Dazz Newsome,dazz newsome,WR,SF SF,SF,23,2023,2023,1,870000,870000,0.0039000000000000003,2023,2023,FALSE
14491,Joe Reed,joe reed,WR,CHI CHI,CHI,25,2023,2023,1,870000,870000,0.0039000000000000003,2023,2023,FALSE
14493,Easop Winston,easop winston,WR,SEA SEA,SEA,26,2023,2023,1,870000,870000,0.0039000000000000003,2023,2023,FALSE
14494,Cade Johnson,cade johnson,WR,SEA SEA,SEA,24,2023,2023,1,870000,870000,0.0039000000000000003,2023,2023,FALSE
14498,Dez Fitzpatrick,dez fitzpatrick,WR,PIT PIT,PIT,25,2023,2023,1,870000,870000,0.0039000000000000003,2023,2023,FALSE
14505,Isaiah Zuber,isaiah zuber,WR,LV LV,LV,25,2023,2023,1,870000,870000,0.0039000000000000003,2023,2023,FALSE
14506,Chris Lacy,chris lacy,WR,LV LV,LV,26,2023,2023,1,870000,870000,0.0039000000000000003,2023,2023,FALSE
14512,Maurice Alexander,maurice alexander,WR,DET DET,DET,25,2023,2023,1,870000,870000,0.0039000000000000003,2023,2023,FALSE
14513,Marquez Stevenson,marquez stevenson,WR,CAR CAR,CAR,24,2023,2023,1,870000,870000,0.0039000000000000003,2023,2023,FALSE
14515,Cody Thompson,cody thompson,WR,SEA SEA,SEA,27,2023,2023,1,870000,870000,0.0039000000000000003,2023,2023,FALSE
14524,Austin Trammell,austin trammell,WR,LAR LAR,LA,25,2023,2023,1,870000,870000,0.0039000000000000003,2023,2023,FALSE
14532,DJ Montgomery,dj montgomery,WR,IND IND,IND,26,2023,2023,1,870000,870000,0.0039000000000000003,2023,2023,FALSE
14533,J.J. Koski,j j koski,WR,DEN DEN,DEN,26,2023,2023,1,870000,870000,0.0039000000000000003,2023,2023,FALSE
14547,Jerrion Ealy,jerrion ealy,WR,KC KC,KC,22,2023,2023,1,750000,750000,0.0032999999999999995,2023,2023,FALSE
14551,Kwamie Lassiter,kwamie lassiter,WR,CIN CIN,CIN,25,2023,2023,1,750000,750000,0.0032999999999999995,2023,2023,FALSE
14560,Tay Martin,tay martin,WR,SF SF,SF,25,2023,2023,1,750000,750000,0.0032999999999999995,2023,2023,FALSE
14563,Ethan Fernea,ethan fernea,WR,IND IND,IND,24,2023,2023,1,750000,750000,0.0032999999999999995,2023,2023,FALSE
14564,Kawaan Baker,kawaan baker,WR,NO NO,NO,24,2023,2023,1,750000,750000,0.0032999999999999995,2023,2023,FALSE
14566,Seth Williams,seth williams,WR,JAX JAX,JAX,22,2023,2023,1,750000,750000,0.0032999999999999995,2023,2023,FALSE
14571,Jaylon Moore,jaylon moore,WR,JAX JAX,JAX,25,2023,2023,1,750000,750000,0.0032999999999999995,2023,2023,FALSE
14573,Kevin Austin,kevin austin,WR,JAX JAX,JAX,22,2023,2023,1,750000,750000,0.0032999999999999995,2023,2023,FALSE
14574,Makai Polk,makai polk,WR,NYG NYG,NYG,21,2023,2023,1,750000,750000,0.0032999999999999995,2023,2023,FALSE
14575,Kalil Pimpleton,kalil pimpleton,WR,NYG NYG,NYG,24,2023,2023,1,750000,750000,0.0032999999999999995,2023,2023,FALSE
14587,Shemar Bridges,shemar bridges,WR,BAL BAL,BAL,25,2023,2023,1,750000,750000,0.0032999999999999995,2023,2023,FALSE
14598,Tre Nixon,tre nixon,WR,NE NE,NE,24,2023,2023,1,750000,750000,0.0032999999999999995,2023,2023,FALSE
14602,Ty Fryfogle,ty fryfogle,WR,KC KC,KC,23,2023,2023,1,750000,750000,0.0032999999999999995,2023,2023,FALSE
14604,Drew Estrada,drew estrada,WR,HOU HOU,HOU,25,2023,2023,1,750000,750000,0.0032999999999999995,2023,2023,FALSE
14633,"Mike Harley, Jr.",mike harley jr,WR,CLE CLE,CLE,25,2023,2023,1,750000,750000,0.0032999999999999995,2023,2023,FALSE
14635,Daylen Baldwin,daylen baldwin,WR,CLE CLE,CLE,23,2023,2023,1,750000,750000,0.0032999999999999995,2023,2023,FALSE
14639,Derek Wright,derek wright,WR,CAR CAR,CAR,24,2023,2023,1,750000,750000,0.0032999999999999995,2023,2023,FALSE
14644,Ra'Shaun Henry,ra shaun henry,WR,SEA SEA,SEA,24,2023,2023,1,750000,750000,0.0032999999999999995,2023,2023,FALSE
14676,Malik Flowers,malik flowers,WR,SEA SEA,SEA,NA,2023,2023,1,750000,750000,0.0032999999999999995,2023,2023,FALSE
14681,Juwan Green,juwan green,WR,KC KC,KC,25,2023,2023,1,750000,750000,0.0032999999999999995,2023,2023,FALSE
14683,Josh Hammond,josh hammond,WR,DEN DEN,DEN,25,2023,2023,1,750000,750000,0.0032999999999999995,2023,2023,FALSE
14684,Aron Cruickshank,aron cruickshank,WR,PIT PIT,PIT,22,2023,2023,1,750000,750000,0.0032999999999999995,2023,2023,FALSE
14691,Justin Marshall,justin marshall,WR,SEA SEA,SEA,NA,2023,2023,1,750000,750000,0.0032999999999999995,2023,2023,FALSE
14692,Tyler Adams,tyler adams,WR,IND IND,IND,NA,2023,2023,1,750000,750000,0.0032999999999999995,2023,2023,FALSE
14703,Avery Davis,avery davis,WR,DET DET,DET,NA,2023,2023,1,750000,750000,0.0032999999999999995,2023,2023,FALSE
14705,Cephus Johnson,cephus johnson,WR,TB TB,TB,23,2023,2023,1,750000,750000,0.0032999999999999995,2023,2023,FALSE
14710,Johnny King,johnny king,WR,PHI PHI,PHI,23,2023,2023,1,750000,750000,0.0032999999999999995,2023,2023,FALSE
14712,Jacob Copeland,jacob copeland,WR,MIN MIN,MIN,24,2023,2023,1,750000,750000,0.0032999999999999995,2023,2023,FALSE
14714,Jontre Kirklin,jontre kirklin,WR,NO NO,NO,24,2023,2023,1,750000,750000,0.0032999999999999995,2023,2023,FALSE
14718,Jalen Wayne,jalen wayne,WR,CLE CLE,CLE,24,2023,2023,1,750000,750000,0.0032999999999999995,2023,2023,FALSE
14721,Mathew Sexton,mathew sexton,WR,ATL ATL,ATL,25,2023,2023,1,750000,750000,0.0032999999999999995,2023,2023,FALSE
14736,Tarik Black,tarik black,WR,BAL BAL,BAL,25,2023,2023,1,750000,750000,0.0032999999999999995,2023,2023,FALSE
14741,Izaiah Gathings,izaiah gathings,WR,KC KC,KC,22,2023,2023,1,750000,750000,0.0032999999999999995,2023,2023,FALSE
14744,Tyrone Scott,tyrone scott,WR,KC KC,KC,NA,2023,2023,1,750000,750000,0.0032999999999999995,2023,2023,FALSE
14746,Milton Wright,milton wright,WR,LAC LAC,LAC,NA,2023,2023,1,750000,750000,0.0032999999999999995,2023,2023,FALSE
14750,Nick Williams,nick williams,WR,DEN DEN,DEN,NA,2023,2023,1,750000,750000,0.0032999999999999995,2023,2023,FALSE
14751,Kaden Davis,kaden davis,WR,ARI ARI,ARI,24,2023,2023,1,750000,750000,0.0032999999999999995,2023,2023,FALSE
14754,Austin Watkins,austin watkins,WR,CLE CLE,CLE,25,2023,2023,1,750000,750000,0.0032999999999999995,2023,2023,FALSE
14758,Chris Blair,chris blair,WR,ATL ATL,ATL,24,2023,2023,1,750000,750000,0.0032999999999999995,2023,2023,FALSE
14760,Kekoa Crawford,kekoa crawford,WR,KC KC,KC,25,2023,2023,1,750000,750000,0.0032999999999999995,2023,2023,FALSE
14762,Brandon Smith,brandon smith,WR,ARI ARI,ARI,24,2023,2023,1,750000,750000,0.0032999999999999995,2023,2023,FALSE
14767,Cody Chrest,cody chrest,WR,GB GB,GB,NA,2023,2023,1,750000,750000,0.0032999999999999995,2023,2023,FALSE
14772,Charleston Rambo,charleston rambo,WR,PHI PHI,PHI,23,2023,2023,1,750000,750000,0.0032999999999999995,2023,2023,FALSE
14781,Slade Bolden,slade bolden,WR,ATL ATL,ATL,24,2023,2023,1,750000,750000,0.0032999999999999995,2023,2023,FALSE
14783,Izaiah Gathings,izaiah gathings,WR,NYJ NYJ,NYJ,22,2023,2025,3,269500,89833,4e-4,2025,2025,FALSE
14791,Connor Wedington,connor wedington,WR,SEA SEA,SEA,23,2023,2023,2,NA,NA,NA,2024,2023,FALSE
14797,Blake Proehl,blake proehl,WR,MIN MIN,MIN,24,2023,2023,1,NA,NA,NA,2023,2023,FALSE
14798,Trishton Jackson,trishton jackson,WR,MIN MIN,MIN,24,2023,2023,1,NA,NA,NA,2023,2023,FALSE
14805,John Hightower,john hightower,WR,LAC LAC,LAC,26,2023,2023,1,NA,NA,NA,2023,2023,FALSE
14816,Reggie Roberson,reggie roberson,WR,TEN TEN,TEN,25,2023,2024,2,NA,NA,NA,2024,2024,FALSE
14820,Cody White,cody white,WR,SEA SEA,SEA,24,2023,2023,1,NA,NA,NA,2023,2023,FALSE
14823,Scotty Washington,scotty washington,WR,NE NE,NE,25,2023,2023,1,NA,NA,NA,2023,2023,FALSE
14828,Johnny Johnson,johnny johnson,WR,HOU HOU,HOU,23,2023,2024,2,NA,NA,NA,2024,2024,FALSE
14829,Alex Bachman,alex bachman,WR,HOU HOU,HOU,26,2023,2024,2,NA,NA,NA,2024,2024,FALSE
14834,Jeff Cotton,jeff cotton,WR,GB GB,GB,25,2023,2023,1,NA,NA,NA,2023,2023,FALSE
14837,Kyric McGowan,kyric mcgowan,WR,WAS WAS,WAS,23,2023,2023,2,NA,NA,NA,2024,2023,FALSE
14839,Malik Taylor,malik taylor,WR,NYJ NYJ,NYJ,27,2023,2023,2,NA,NA,NA,2024,2023,FALSE
14845,Jerreth Sterns,jerreth sterns,WR,LAR LAR,LA,23,2023,2024,2,NA,NA,NA,2024,2024,FALSE
14846,Jaquarii Roberson,jaquarii roberson,WR,LAR LAR,LA,24,2023,2024,2,NA,NA,NA,2024,2024,FALSE
14858,Stanley Berryhill,stanley berryhill,WR,DET DET,DET,24,2023,2023,1,NA,NA,NA,2023,2023,FALSE
14867,C.J. Saunders,c j saunders,WR,CAR CAR,CAR,26,2023,2023,1,NA,NA,NA,2023,2023,FALSE
14872,Isaiah Coulter,isaiah coulter,WR,BUF BUF,BUF,24,2023,2024,1,NA,NA,NA,2023,2024,FALSE
14883,Dontavian Jackson,dontavian jackson,WR,MIN MIN,MIN,26,2023,2024,1,NA,NA,NA,2023,2024,FALSE
14896,Davante Adams,davante adams,WR,LV LV,LV,29,2022,2026,5,140000000,28000000,0.1345,2026,2026,FALSE
14898,Tyreek Hill,tyreek hill,WR,MIA MIA,MIA,27,2022,2026,4,120000000,30000000,0.1441,2025,2026,FALSE
14902,A.J. Brown,a j brown,WR,PHI PHI,PHI,24,2022,2026,4,100000000,25000000,0.1201,2025,2026,FALSE
14903,Stefon Diggs,stefon diggs,WR,BUF BUF,BUF,28,2022,2025,4,96000000,24000000,0.1153,2025,2025,FALSE
14910,Cooper Kupp,cooper kupp,WR,LAR LAR,LA,28,2022,2026,3,80100000,26700000,0.1282,2024,2026,FALSE
14915,Christian Kirk,christian kirk,WR,JAX JAX,JAX,25,2022,2025,4,72000000,18000000,0.08650000000000001,2025,2025,FALSE
14916,D.K. Metcalf,d k metcalf,WR,SEA SEA,SEA,24,2022,2025,3,72000000,24000000,0.1153,2024,2025,FALSE
14917,Deebo Samuel,deebo samuel,WR,SF SF,SF,25,2022,2025,3,71550000,23850000,0.11460000000000001,2024,2025,FALSE
14920,Terry McLaurin,terry mclaurin,WR,WAS WAS,WAS,26,2022,2025,3,68364000,22788000,0.10950000000000001,2024,2025,FALSE
14923,D.J. Moore,d j moore,WR,CAR CAR,CAR,24,2022,2025,3,61884000,20628000,0.09910000000000001,2024,2025,FALSE
14926,Mike Williams,mike williams,WR,LAC LAC,LAC,27,2022,2024,3,60000000,20000000,0.09609999999999999,2024,2024,FALSE
14927,Chris Godwin,chris godwin,WR,TB TB,TB,25,2022,2024,3,60000000,20000000,0.09609999999999999,2024,2024,FALSE
14928,Michael Gallup,michael gallup,WR,DAL DAL,DAL,26,2022,2026,5,57500000,11500000,0.0552,2026,2026,FALSE
14941,Allen Robinson,allen robinson,WR,LAR LAR,LA,28,2022,2024,3,46500000,15500000,0.07440000000000001,2024,2024,FALSE
14950,Brandin Cooks,brandin cooks,WR,HOU HOU,HOU,28,2022,2024,2,39764000,19882000,0.0955,2023,2024,FALSE
14954,Diontae Johnson,diontae johnson,WR,PIT PIT,PIT,25,2022,2024,2,36710000,18355000,0.0882,2023,2024,FALSE
14964,Hunter Renfrow,hunter renfrow,WR,LV LV,LV,26,2022,2024,2,32329000,16164500,0.0776,2023,2024,FALSE
14969,Russell Gage,russell gage,WR,TB TB,TB,25,2022,2024,3,30000000,10000000,0.048,2024,2024,FALSE
14973,Marquez Valdes-Scantling,marquez valdes scantling,WR,KC KC,KC,27,2022,2024,3,30000000,10000000,0.048,2024,2024,FALSE
14976,Robbie Chosen,robbie chosen,WR,CAR CAR,CAR,28,2022,2023,2,29500000,14750000,0.0708,2023,2023,FALSE
14988,Zay Jones,zay jones,WR,JAX JAX,JAX,26,2022,2024,3,24000000,8000000,0.0384,2024,2024,FALSE
14992,Cedrick Wilson,cedrick wilson,WR,MIA MIA,MIA,26,2022,2023,3,22050000,7350000,0.0353,2024,2023,FALSE
14993,Drake London,drake london,WR,ATL ATL,ATL,20,2022,2026,4,21534468,5383617,0.0259,2025,2026,FALSE
15000,Garrett Wilson,garrett wilson,WR,NYJ NYJ,NYJ,21,2022,2026,4,20554006,5138502,0.024699999999999996,2025,2026,FALSE
15002,Davante Adams,davante adams,WR,GB GB,GB,29,2022,2022,1,20145000,20145000,0.0968,2022,2022,FALSE
15008,Chris Olave,chris olave,WR,NO NO,NO,21,2022,2026,4,19271874,4817969,0.023099999999999996,2025,2026,FALSE
15010,Chris Godwin,chris godwin,WR,TB TB,TB,25,2022,2022,1,19179600,19179600,0.09209999999999999,2022,2022,FALSE
15017,Jameson Williams,jameson williams,WR,DET DET,DET,20,2022,2026,4,17461790,4365448,0.021,2025,2026,FALSE
15031,Jahan Dotson,jahan dotson,WR,WAS WAS,WAS,21,2022,2026,4,15048358,3762090,0.0181,2025,2026,FALSE
15037,Treylon Burks,treylon burks,WR,TEN TEN,TEN,21,2022,2025,4,14369592,3592398,0.0173,2025,2025,FALSE
15065,Braxton Berrios,braxton berrios,WR,NYJ NYJ,NYJ,26,2022,2023,2,12000000,6000000,0.0288,2023,2023,FALSE
15081,DJ Chark,dj chark,WR,DET DET,DET,25,2022,2022,1,10000000,10000000,0.048,2022,2022,FALSE
15088,Jakeem Grant,jakeem grant,WR,CLE CLE,CLE,29,2022,2023,3,10000000,3333333,0.016,2024,2023,FALSE
15096,Christian Watson,christian watson,WR,GB GB,GB,22,2022,2025,4,9241033,2310258,0.0111,2025,2025,FALSE
15117,Wan'dale Robinson,wan dale robinson,WR,NYG NYG,NYG,20,2022,2025,4,8185166,2046292,0.0098,2025,2025,FALSE
15118,John Metchie,john metchie,WR,HOU HOU,HOU,21,2022,2025,4,8070172,2017543,0.0097,2025,2025,FALSE
15137,Tyquan Thornton,tyquan thornton,WR,NE NE,NE,21,2022,2025,4,7053857,1763464,0.0085,2025,2025,FALSE
15145,George Pickens,george pickens,WR,PIT PIT,PIT,20,2022,2025,4,6752179,1688045,0.008100000000000001,2025,2025,FALSE
15146,Alec Pierce,alec pierce,WR,IND IND,IND,21,2022,2025,4,6601342,1650336,0.007899999999999999,2025,2025,FALSE
15152,Skyy Moore,skyy moore,WR,KC KC,KC,21,2022,2025,4,6450498,1612625,0.0077,2025,2025,FALSE
15158,Josh Reynolds,josh reynolds,WR,DET DET,DET,26,2022,2023,2,6000000,3000000,0.0144,2023,2023,FALSE
15159,Julio Jones,julio jones,WR,TB TB,TB,32,2022,2022,1,6000000,6000000,0.0288,2022,2022,FALSE
15160,Tre'quan Smith,tre quan smith,WR,NO NO,NO,25,2022,2023,2,6000000,3000000,0.0144,2023,2023,FALSE
15181,Velus Jones,velus jones,WR,CHI CHI,CHI,24,2022,2025,4,5405928,1351482,0.006500000000000001,2025,2025,FALSE
15200,Jalen Tolbert,jalen tolbert,WR,DAL DAL,DAL,22,2022,2025,4,5135719,1283930,0.0062,2025,2025,FALSE
15205,David Bell,david bell,WR,CLE CLE,CLE,21,2022,2025,4,5094904,1273726,0.0060999999999999995,2025,2025,FALSE
15210,Danny Gray,danny gray,WR,SF SF,SF,22,2022,2025,4,5044908,1261227,0.0060999999999999995,2025,2025,FALSE
15226,Kalif Raymond,kalif raymond,WR,DET DET,DET,27,2022,2023,2,5000000,2500000,0.012,2023,2023,FALSE
15253,Isaiah McKenzie,isaiah mckenzie,WR,BUF BUF,BUF,26,2022,2023,2,4400000,2200000,0.0106,2023,2023,FALSE
15256,Erik Ezukanma,erik ezukanma,WR,MIA MIA,MIA,21,2022,2025,4,4384992,1096248,0.0053,2025,2025,FALSE
15263,Romeo Doubs,romeo doubs,WR,GB GB,GB,21,2022,2025,4,4343916,1085979,0.0052,2025,2025,FALSE
15270,Gunner Olszewski,gunner olszewski,WR,PIT PIT,PIT,25,2022,2023,2,4200000,2100000,0.0101,2023,2023,FALSE
15276,Calvin Austin,calvin austin,WR,PIT PIT,PIT,22,2022,2025,4,4164340,1041085,0.005,2025,2025,FALSE
15277,Byron Pringle,byron pringle,WR,CHI CHI,CHI,28,2022,2022,1,4125000,4125000,0.019799999999999998,2022,2022,FALSE
15283,Khalil Shakir,khalil shakir,WR,BUF BUF,BUF,21,2022,2025,4,4007148,1001787,0.0048000000000000004,2025,2025,FALSE
15294,Ray-Ray McCloud,ray ray mccloud,WR,SF SF,SF,25,2022,2023,2,4000000,2000000,0.0096,2023,2023,FALSE
15303,Allen Lazard,allen lazard,WR,GB GB,GB,26,2022,2022,1,3986000,3986000,0.0191,2022,2022,FALSE
15304,Deonte Harty,deonte harty,WR,NO NO,NO,24,2022,2022,1,3986000,3986000,0.0191,2022,2022,FALSE
15305,Jakobi Meyers,jakobi meyers,WR,NE NE,NE,25,2022,2022,1,3986000,3986000,0.0191,2022,2022,FALSE
15315,Montrell Washington,montrell washington,WR,DEN DEN,DEN,22,2022,2025,4,3974184,993546,0.0048000000000000004,2025,2025,FALSE
15316,Kyle Philips,kyle philips,WR,TEN TEN,TEN,22,2022,2025,4,3973324,993331,0.0048000000000000004,2025,2025,FALSE
15344,Jalen Nailor,jalen nailor,WR,MIN MIN,MIN,22,2022,2025,4,3840660,960165,0.0046,2025,2025,FALSE
15356,Mike Woods,mike woods,WR,CLE CLE,CLE,21,2022,2025,4,3828288,957072,0.0046,2025,2025,FALSE
15384,Bo Melton,bo melton,WR,SEA SEA,SEA,22,2022,2025,4,3764780,941195,0.0045000000000000005,2025,2025,FALSE
15388,Dareke Young,dareke young,WR,SEA SEA,SEA,22,2022,2025,4,3761100,940275,0.0045000000000000005,2025,2025,FALSE
15390,JuJu Smith-Schuster,juju smith schuster,WR,KC KC,KC,25,2022,2022,1,3760000,3760000,0.0181,2022,2022,FALSE
15415,Samori Toure,samori toure,WR,GB GB,GB,23,2022,2025,4,3737008,934252,0.0045000000000000005,2025,2025,FALSE
15422,Ty Montgomery,ty montgomery,WR,NE NE,NE,28,2022,2023,2,3600000,1800000,0.008600000000000002,2023,2023,FALSE
15423,A.J. Green,a j green,WR,ARI ARI,ARI,33,2022,2022,1,3500000,3500000,0.016800000000000002,2022,2022,FALSE
15451,Jarvis Landry,jarvis landry,WR,NO NO,NO,29,2022,2022,1,3000000,3000000,0.0144,2022,2022,FALSE
15459,Matthew Slater,matthew slater,WR,NE NE,NE,36,2022,2022,1,2622500,2622500,0.0126,2022,2022,FALSE
15466,Johnny Johnson,johnny johnson,WR,HOU HOU,HOU,22,2022,2024,3,2590000,863333,0.0041,2024,2024,FALSE
15468,Cam Sims,cam sims,WR,WAS WAS,WAS,25,2022,2022,1,2590000,2590000,0.0124,2022,2022,FALSE
15478,Isaiah Weston,isaiah weston,WR,CLE CLE,CLE,24,2022,2024,3,2585000,861667,0.0041,2024,2024,FALSE
15480,Kevin Austin,kevin austin,WR,JAX JAX,JAX,21,2022,2024,3,2585000,861667,0.0041,2024,2024,FALSE
15482,JaVonta Payton,javonta payton,WR,ARI ARI,ARI,23,2022,2024,3,2580000,860000,0.0041,2024,2024,FALSE
15502,Jontre Kirklin,jontre kirklin,WR,ARI ARI,ARI,23,2022,2024,3,2580000,860000,0.0041,2024,2024,FALSE
15510,Jaivon Heiligh,jaivon heiligh,WR,CIN CIN,CIN,22,2022,2024,3,2577500,859167,0.0041,2024,2024,FALSE
15512,Ra'Shaun Henry,ra shaun henry,WR,CAR CAR,CAR,23,2022,2024,3,2577500,859167,0.0041,2024,2024,FALSE
15513,Stanley Berryhill,stanley berryhill,WR,ATL ATL,ATL,23,2022,2024,3,2577000,859000,0.0041,2024,2024,FALSE
15514,Deven Thompkins,deven thompkins,WR,TB TB,TB,22,2022,2024,3,2576000,858667,0.0041,2024,2024,FALSE
15524,Kwamie Lassiter,kwamie lassiter,WR,CIN CIN,CIN,23,2022,2024,3,2575000,858333,0.0041,2024,2024,FALSE
15526,Keshunn Abram,keshunn abram,WR,NYJ NYJ,NYJ,NA,2022,2024,3,2575000,858333,0.0041,2024,2024,FALSE
15541,Braylon Sanders,braylon sanders,WR,MIA MIA,MIA,22,2022,2024,3,2575000,858333,0.0041,2024,2024,FALSE
15554,Josh Johnson,josh johnson,WR,DET DET,DET,NA,2022,2024,3,2575000,858333,0.0041,2024,2024,FALSE
15555,Corey Sutton,corey sutton,WR,DET DET,DET,NA,2022,2024,3,2575000,858333,0.0041,2024,2024,FALSE
15558,Kalil Pimpleton,kalil pimpleton,WR,DET DET,DET,23,2022,2024,3,2575000,858333,0.0041,2024,2024,FALSE
15566,Makai Polk,makai polk,WR,BAL BAL,BAL,20,2022,2024,3,2575000,858333,0.0041,2024,2024,FALSE
15571,Trevon Bradford,trevon bradford,WR,LAC LAC,LAC,24,2022,2024,3,2575000,858333,0.0041,2024,2024,FALSE
15574,Charleston Rambo,charleston rambo,WR,CAR CAR,CAR,22,2022,2024,3,2575000,858333,0.0041,2024,2024,FALSE
15579,Rashid Shaheed,rashid shaheed,WR,NO NO,NO,23,2022,2024,3,2575000,858333,0.0041,2024,2024,FALSE
15581,Kevin Shaa,kevin shaa,WR,CHI CHI,CHI,24,2022,2024,3,2574000,858000,0.0041,2024,2024,FALSE
15587,Britain Covey,britain covey,WR,PHI PHI,PHI,24,2022,2024,3,2572500,857500,0.0041,2024,2024,FALSE
15590,Michael Young Jr.,michael young jr,WR,IND IND,IND,NA,2022,2024,3,2572500,857500,0.0041,2024,2024,FALSE
15591,Jalen Virgil,jalen virgil,WR,DEN DEN,DEN,23,2022,2024,3,2572500,857500,0.0041,2024,2024,FALSE
15596,Reggie Roberson,reggie roberson,WR,TEN TEN,TEN,24,2022,2024,3,2572000,857333,0.0041,2024,2024,FALSE
15598,Justin Hall,justin hall,WR,LV LV,LV,22,2022,2024,3,2572000,857333,0.0041,2024,2024,FALSE
15629,Jerrion Ealy,jerrion ealy,WR,KC KC,KC,21,2022,2024,3,2570000,856667,0.0041,2024,2024,FALSE
15645,Travel Harris,travel harris,WR,CLE CLE,CLE,NA,2022,2024,3,2570000,856667,0.0041,2024,2024,FALSE
15648,Dontario Drummond,dontario drummond,WR,DAL DAL,DAL,24,2022,2024,3,2570000,856667,0.0041,2024,2024,FALSE
15652,Jequez Ezzard,jequez ezzard,WR,WAS WAS,WAS,NA,2022,2024,3,2570000,856667,0.0041,2024,2024,FALSE
15669,Kaden Davis,kaden davis,WR,DEN DEN,DEN,23,2022,2024,3,2568500,856167,0.0041,2024,2024,FALSE
15670,Tay Martin,tay martin,WR,SF SF,SF,24,2022,2024,3,2568500,856167,0.0041,2024,2024,FALSE
15673,Lance McCutcheon,lance mccutcheon,WR,LAR LAR,LA,22,2022,2024,3,2568000,856000,0.0041,2024,2024,FALSE
15707,Samson Nacua,samson nacua,WR,IND IND,IND,23,2022,2024,3,2567000,855667,0.0041,2024,2024,FALSE
15709,Slade Bolden,slade bolden,WR,BAL BAL,BAL,22,2022,2024,3,2567000,855667,0.0041,2024,2024,FALSE
15713,Kaylon Geiger,kaylon geiger,WR,TB TB,TB,24,2022,2024,3,2566000,855333,0.0041,2024,2024,FALSE
15722,Neil Pau'u,neil pau u,WR,BUF BUF,BUF,26,2022,2024,3,2565000,855000,0.0041,2024,2024,FALSE
15727,Shemar Bridges,shemar bridges,WR,BAL BAL,BAL,24,2022,2024,3,2565000,855000,0.0041,2024,2024,FALSE
15728,Irvin Charles,irvin charles,WR,NYJ NYJ,NYJ,24,2022,2024,3,2565000,855000,0.0041,2024,2024,FALSE
15732,Jaquarii Roberson,jaquarii roberson,WR,DAL DAL,DAL,23,2022,2024,3,2565000,855000,0.0041,2024,2024,FALSE
15735,Tanner Conner,tanner conner,WR,MIA MIA,MIA,23,2022,2024,3,2565000,855000,0.0041,2024,2024,FALSE
15736,Tre Turner,tre turner,WR,LV LV,LV,NA,2022,2024,3,2565000,855000,0.0041,2024,2024,FALSE
15746,Brandon Johnson,brandon johnson,WR,DEN DEN,DEN,23,2022,2024,3,2565000,855000,0.0041,2024,2024,FALSE
15749,"Mike Harley, Jr.",mike harley jr,WR,CLE CLE,CLE,24,2022,2024,3,2565000,855000,0.0041,2024,2024,FALSE
15757,Dennis Houston,dennis houston,WR,DAL DAL,DAL,22,2022,2024,3,2565000,855000,0.0041,2024,2024,FALSE
15759,Ty Fryfogle,ty fryfogle,WR,DAL DAL,DAL,22,2022,2024,3,2565000,855000,0.0041,2024,2024,FALSE
15763,Kyric McGowan,kyric mcgowan,WR,WAS WAS,WAS,22,2022,2024,3,2565000,855000,0.0041,2024,2024,FALSE
15773,Danny Davis,danny davis,WR,GB GB,GB,23,2022,2024,3,2565000,855000,0.0041,2024,2024,FALSE
15776,Tyshaun James,tyshaun james,WR,ATL ATL,ATL,22,2022,2024,3,2565000,855000,0.0041,2024,2024,FALSE
15778,Jared Bernhardt,jared bernhardt,WR,ATL ATL,ATL,24,2022,2024,3,2565000,855000,0.0041,2024,2024,FALSE
15786,Dai’Jean Dixon,dai jean dixon,WR,NO NO,NO,NA,2022,2024,3,2565000,855000,0.0041,2024,2024,FALSE
15792,Drew Estrada,drew estrada,WR,HOU HOU,HOU,24,2022,2024,3,2563500,854500,0.0041,2024,2024,FALSE
15795,Kendric Pryor,kendric pryor,WR,CIN CIN,CIN,23,2022,2024,3,2563000,854333,0.0041,2024,2024,FALSE
15807,Raleigh Webb,raleigh webb,WR,BAL BAL,BAL,24,2022,2024,3,2562500,854167,0.0041,2024,2024,FALSE
15811,Thomas Hennigan,thomas hennigan,WR,MIN MIN,MIN,23,2022,2024,3,2562500,854167,0.0041,2024,2024,FALSE
15816,Trevon Clark,trevon clark,WR,BAL BAL,BAL,22,2022,2024,3,2562500,854167,0.0041,2024,2024,FALSE
15819,Derek Wright,derek wright,WR,CAR CAR,CAR,23,2022,2024,3,2562500,854167,0.0041,2024,2024,FALSE
15825,Lujuan Winningham,lujuan winningham,WR,JAX JAX,JAX,22,2022,2024,3,2562000,854000,0.0041,2024,2024,FALSE
15830,Andrew Parchment,andrew parchment,WR,CAR CAR,CAR,24,2022,2024,3,2562000,854000,0.0041,2024,2024,FALSE
15834,Ethan Ferrea,ethan ferrea,WR,IND IND,IND,23,2022,2024,3,2561400,853800,0.0041,2024,2024,FALSE
15837,Jack Sorenson,jack sorenson,WR,CIN CIN,CIN,24,2022,2024,3,2561000,853667,0.0041,2024,2024,FALSE
15841,Kekoa Crawford,kekoa crawford,WR,IND IND,IND,23,2022,2024,3,2561000,853667,0.0041,2024,2024,FALSE
15845,Brandon Johnson,brandon johnson,WR,DEN DEN,DEN,24,2022,2024,3,2560000,853333,0.0041,2024,2024,FALSE
15850,Maurice Alexander,maurice alexander,WR,DET DET,DET,24,2022,2024,3,2560000,853333,0.0041,2024,2024,FALSE
15851,Daylen Baldwin,daylen baldwin,WR,CLE CLE,CLE,22,2022,2024,3,2560000,853333,0.0041,2024,2024,FALSE
15854,Tim Jones,tim jones,WR,JAX JAX,JAX,23,2022,2024,3,2560000,853333,0.0041,2024,2024,FALSE
15856,Kavontae Turpin,kavontae turpin,WR,DAL DAL,DAL,25,2022,2024,3,2560000,853333,0.0041,2024,2024,FALSE
15872,Jared Smart,jared smart,WR,ARI ARI,ARI,NA,2022,2024,3,2560000,853333,0.0041,2024,2024,FALSE
15879,Keric Wheatfall,keric wheatfall,WR,PHI PHI,PHI,NA,2022,2024,3,2560000,853333,0.0041,2024,2024,FALSE
15880,Ryan McDaniel,ryan mcdaniel,WR,JAX JAX,JAX,NA,2022,2024,3,2560000,853333,0.0041,2024,2024,FALSE
15881,Willie Johnson,willie johnson,WR,JAX JAX,JAX,25,2022,2024,3,2560000,853333,0.0041,2024,2024,FALSE
15885,Tyler Snead,tyler snead,WR,PIT PIT,PIT,21,2022,2024,3,2560000,853333,0.0041,2024,2024,FALSE
15886,Kameron Brown,kameron brown,WR,TB TB,TB,NA,2022,2024,3,2560000,853333,0.0041,2024,2024,FALSE
15890,Kevin Kassis,kevin kassis,WR,SEA SEA,SEA,24,2022,2024,3,2560000,853333,0.0041,2024,2024,FALSE
15893,Brandon Lewis,brandon lewis,WR,TEN TEN,TEN,NA,2022,2024,3,2560000,853333,0.0041,2024,2024,FALSE
15903,Demetris Robertson,demetris robertson,WR,SEA SEA,SEA,NA,2022,2024,3,2560000,853333,0.0041,2024,2024,FALSE
15904,John Mitchell,john mitchell,WR,SEA SEA,SEA,NA,2022,2024,3,2560000,853333,0.0041,2024,2024,FALSE
15905,Jake Herslow,jake herslow,WR,SEA SEA,SEA,NA,2022,2024,3,2560000,853333,0.0041,2024,2024,FALSE
15907,Justyn Ross,justyn ross,WR,KC KC,KC,22,2022,2024,3,2560000,853333,0.0041,2024,2024,FALSE
15911,Henry Litwin,henry litwin,WR,CHI CHI,CHI,NA,2022,2024,3,2560000,853333,0.0041,2024,2024,FALSE
15912,Landon Lenoir,landon lenoir,WR,CHI CHI,CHI,NA,2022,2024,3,2560000,853333,0.0041,2024,2024,FALSE
15913,Cyrus Holder,cyrus holder,WR,CHI CHI,CHI,NA,2022,2024,3,2560000,853333,0.0041,2024,2024,FALSE
15916,Jerreth Sterns,jerreth sterns,WR,TB TB,TB,22,2022,2024,3,2560000,853333,0.0041,2024,2024,FALSE
15935,Devon Williams,devon williams,WR,BAL BAL,BAL,21,2022,2024,3,2560000,853333,0.0041,2024,2024,FALSE
15938,Taysir Mack,taysir mack,WR,SF SF,SF,NA,2022,2024,3,2560000,853333,0.0041,2024,2024,FALSE
15943,Stephon Robinson Jr.,stephon robinson jr,WR,ARI ARI,ARI,NA,2022,2024,3,2560000,853333,0.0041,2024,2024,FALSE
15946,Changa Hodge,changa hodge,WR,ARI ARI,ARI,NA,2022,2024,3,2560000,853333,0.0041,2024,2024,FALSE
15974,Olamide Zaccheaus,olamide zaccheaus,WR,ATL ATL,ATL,24,2022,2022,1,2433000,2433000,0.011700000000000002,2022,2022,FALSE
15978,Ashton Dulin,ashton dulin,WR,IND IND,IND,24,2022,2022,1,2433000,2433000,0.011700000000000002,2022,2022,FALSE
15986,Stanley Morgan,stanley morgan,WR,CIN CIN,CIN,25,2022,2023,2,2295000,1147500,0.0055000000000000005,2023,2023,FALSE
16010,Jamison Crowder,jamison crowder,WR,BUF BUF,BUF,28,2022,2022,1,2000000,2000000,0.0096,2022,2022,FALSE
16013,Mack Hollins,mack hollins,WR,LV LV,LV,28,2022,2022,1,2000000,2000000,0.0096,2022,2022,FALSE
16019,Chris Conley,chris conley,WR,HOU HOU,HOU,29,2022,2022,1,2000000,2000000,0.0096,2022,2022,FALSE
16024,Victor Bolden,victor bolden,WR,ARI ARI,ARI,26,2022,2023,2,1905000,952500,0.0046,2023,2023,FALSE
16041,Sammy Watkins,sammy watkins,WR,GB GB,GB,28,2022,2022,1,1850000,1850000,0.0089,2022,2022,FALSE
16048,John Hightower,john hightower,WR,PHI PHI,PHI,25,2022,2023,2,1775000,887500,0.004300000000000001,2023,2023,FALSE
16050,Tanner Gentry,tanner gentry,WR,BUF BUF,BUF,27,2022,2023,2,1775000,887500,0.004300000000000001,2023,2023,FALSE
16059,J.J. Koski,j j koski,WR,LAR LAR,LA,25,2022,2023,2,1765000,882500,0.004200000000000001,2023,2023,FALSE
16062,Kirk Merritt,kirk merritt,WR,NO NO,NO,24,2022,2023,2,1765000,882500,0.004200000000000001,2023,2023,FALSE
16069,Rodney Adams,rodney adams,WR,NYJ NYJ,NYJ,27,2022,2023,2,1765000,882500,0.004200000000000001,2023,2023,FALSE
16070,Lawrence Cager,lawrence cager,WR,NYJ NYJ,NYJ,24,2022,2023,2,1765000,882500,0.004200000000000001,2023,2023,FALSE
16073,Easop Winston,easop winston,WR,NO NO,NO,25,2022,2023,2,1765000,882500,0.004200000000000001,2023,2023,FALSE
16075,Trishton Jackson,trishton jackson,WR,MIN MIN,MIN,23,2022,2023,2,1765000,882500,0.004200000000000001,2023,2023,FALSE
16080,Trenton Irwin,trenton irwin,WR,CIN CIN,CIN,26,2022,2023,2,1765000,882500,0.004200000000000001,2023,2023,FALSE
16082,Andre Roberts,andre roberts,WR,CAR CAR,CAR,33,2022,2022,1,1750000,1750000,0.008400000000000001,2022,2022,FALSE
16099,Irvin Charles,irvin charles,WR,NYJ NYJ,NYJ,25,2022,2024,2,1575000,787500,0.0038,2023,2024,FALSE
16104,Deven Thompkins,deven thompkins,WR,TB TB,TB,23,2022,2023,2,1575000,787500,0.0038,2023,2023,FALSE
16110,Lawrence Cager,lawrence cager,WR,NYG NYG,NYG,25,2022,2023,2,1575000,787500,0.0038,2023,2023,FALSE
16114,Rashid Shaheed,rashid shaheed,WR,NO NO,NO,28,2022,2023,2,1575000,787500,0.0038,2023,2023,FALSE
16125,Austin Watkins,austin watkins,WR,TB TB,TB,23,2022,2023,2,1575000,787500,0.0038,2023,2023,FALSE
16126,Warren Jackson,warren jackson,WR,LAR LAR,LA,22,2022,2023,2,1575000,787500,0.0038,2023,2023,FALSE
16131,Landen Akers,landen akers,WR,LAR LAR,LA,24,2022,2023,2,1575000,787500,0.0038,2023,2023,FALSE
16137,Devonte Dedmon,devonte dedmon,WR,MIA MIA,MIA,NA,2022,2023,2,1575000,787500,0.0038,2023,2023,FALSE
16144,Isaiah Hodgins,isaiah hodgins,WR,BUF BUF,BUF,23,2022,2022,2,1575000,787500,0.0038,2023,2022,FALSE
16154,Mason Kinsey,mason kinsey,WR,TEN TEN,TEN,23,2022,2023,2,1575000,787500,0.0038,2023,2023,FALSE
16163,Jalen McCleskey,jalen mccleskey,WR,NO NO,NO,NA,2022,2023,2,1575000,787500,0.0038,2023,2023,FALSE
16164,Brandon Smith,brandon smith,WR,DAL DAL,DAL,23,2022,2023,2,1575000,787500,0.0038,2023,2023,FALSE
16184,Tarik Black,tarik black,WR,NYJ NYJ,NYJ,23,2022,2023,2,1575000,787500,0.0038,2023,2023,FALSE
16186,Kawaan Baker,kawaan baker,WR,NO NO,NO,23,2022,2023,2,1575000,787500,0.0038,2023,2023,FALSE
16197,Zach Pascal,zach pascal,WR,PHI PHI,PHI,27,2022,2022,1,1500000,1500000,0.0072,2022,2022,FALSE
16204,Preston Williams,preston williams,WR,MIA MIA,MIA,24,2022,2022,1,1490000,1490000,0.0072,2022,2022,FALSE
16215,Keelan Cole,keelan cole,WR,LV LV,LV,28,2022,2022,1,1278500,1278500,0.0060999999999999995,2022,2022,FALSE
16238,Breshad Perriman,breshad perriman,WR,TB TB,TB,28,2022,2022,1,1272500,1272500,0.0060999999999999995,2022,2022,FALSE
16251,Marquise Goodwin,marquise goodwin,WR,SEA SEA,SEA,31,2022,2022,1,1272500,1272500,0.0060999999999999995,2022,2022,FALSE
16287,Damiere Byrd,damiere byrd,WR,ATL ATL,ATL,28,2022,2022,1,1187500,1187500,0.0057,2022,2022,FALSE
16302,Demarcus Robinson,demarcus robinson,WR,LV LV,LV,27,2022,2022,1,1187500,1187500,0.0057,2022,2022,FALSE
16307,Laquon Treadwell,laquon treadwell,WR,JAX JAX,JAX,26,2022,2022,1,1187500,1187500,0.0057,2022,2022,FALSE
16316,Trent Sherfield,trent sherfield,WR,MIA MIA,MIA,25,2022,2022,1,1187500,1187500,0.0057,2022,2022,FALSE
16320,Brandon Zylstra,brandon zylstra,WR,CAR CAR,CAR,28,2022,2022,1,1187500,1187500,0.0057,2022,2022,FALSE
16321,Rashard Higgins,rashard higgins,WR,CAR CAR,CAR,27,2022,2022,1,1187500,1187500,0.0057,2022,2022,FALSE
16327,Chris Moore,chris moore,WR,HOU HOU,HOU,28,2022,2022,1,1187500,1187500,0.0057,2022,2022,FALSE
16330,Jake Kumerow,jake kumerow,WR,BUF BUF,BUF,29,2022,2022,1,1187500,1187500,0.0057,2022,2022,FALSE
16332,Noah Brown,noah brown,WR,DAL DAL,DAL,25,2022,2022,1,1187500,1187500,0.0057,2022,2022,FALSE
16355,Trent Taylor,trent taylor,WR,CIN CIN,CIN,27,2022,2022,1,1135000,1135000,0.0055000000000000005,2022,2022,FALSE
16358,Deandre Carter,deandre carter,WR,LAC LAC,LAC,28,2022,2022,1,1135000,1135000,0.0055000000000000005,2022,2022,FALSE
16359,Mike Thomas,mike thomas,WR,CIN CIN,CIN,27,2022,2022,1,1135000,1135000,0.0055000000000000005,2022,2022,FALSE
16361,Mohamed Sanu,mohamed sanu,WR,MIA MIA,MIA,32,2022,2022,1,1120000,1120000,0.0054,2022,2022,FALSE
16366,Tavon Austin,tavon austin,WR,BUF BUF,BUF,31,2022,2022,1,1120000,1120000,0.0054,2022,2022,FALSE
16367,Albert Wilson,albert wilson,WR,LV LV,LV,29,2022,2022,1,1120000,1120000,0.0054,2022,2022,FALSE
16377,DeSean Jackson,desean jackson,WR,BAL BAL,BAL,36,2022,2022,1,1120000,1120000,0.0054,2022,2022,FALSE
16389,Chris Conley,chris conley,WR,TEN TEN,TEN,30,2022,2022,1,1120000,1120000,0.0054,2022,2022,FALSE
16417,Willie Snead,willie snead,WR,SF SF,SF,29,2022,2022,1,1120000,1120000,0.0054,2022,2022,FALSE
16420,Auden Tate,auden tate,WR,ATL ATL,ATL,24,2022,2022,1,1120000,1120000,0.0054,2022,2022,FALSE
16427,Josh Gordon,josh gordon,WR,KC KC,KC,30,2022,2022,1,1120000,1120000,0.0054,2022,2022,FALSE
16434,Malik Turner,malik turner,WR,SF SF,SF,25,2022,2022,1,1110000,1110000,0.0053,2022,2022,FALSE
16447,Khadarel Hodge,khadarel hodge,WR,ATL ATL,ATL,26,2022,2022,1,1070000,1070000,0.0051,2022,2022,FALSE
16450,Daesean Hamilton,daesean hamilton,WR,HOU HOU,HOU,26,2022,2022,1,1065000,1065000,0.0051,2022,2022,FALSE
16451,Richie James,richie james,WR,NYG NYG,NYG,26,2022,2022,1,1065000,1065000,0.0051,2022,2022,FALSE
16461,Pharoh Cooper,pharoh cooper,WR,ARI ARI,ARI,27,2022,2022,1,1035000,1035000,0.005,2022,2022,FALSE
16463,Laquon Treadwell,laquon treadwell,WR,SEA SEA,SEA,27,2022,2022,1,1035000,1035000,0.005,2022,2022,FALSE
16480,Marcus Johnson,marcus johnson,WR,NYG NYG,NYG,28,2022,2022,1,1035000,1035000,0.005,2022,2022,FALSE
16503,Demarcus Robinson,demarcus robinson,WR,BAL BAL,BAL,27,2022,2022,1,1035000,1035000,0.005,2022,2022,FALSE
16516,Chester Rogers,chester rogers,WR,HOU HOU,HOU,27,2022,2022,1,1035000,1035000,0.005,2022,2022,FALSE
16530,Devin Funchess,devin funchess,WR,DET DET,DET,27,2022,2022,1,1035000,1035000,0.005,2022,2022,FALSE
16534,Isaiah Ford,isaiah ford,WR,IND IND,IND,25,2022,2022,1,1035000,1035000,0.005,2022,2022,FALSE
16535,Chad Beebe,chad beebe,WR,HOU HOU,HOU,27,2022,2022,1,1035000,1035000,0.005,2022,2022,FALSE
16542,Marvin Hall,marvin hall,WR,JAX JAX,JAX,28,2022,2022,1,1035000,1035000,0.005,2022,2022,FALSE
16543,Geronimo Allison,geronimo allison,WR,ATL ATL,ATL,27,2022,2022,1,1035000,1035000,0.005,2022,2022,FALSE
16546,Tajae Sharpe,tajae sharpe,WR,CHI CHI,CHI,27,2022,2022,1,1035000,1035000,0.005,2022,2022,FALSE
16547,Dante Pettis,dante pettis,WR,CHI CHI,CHI,26,2022,2022,1,1035000,1035000,0.005,2022,2022,FALSE
16550,Alex Erickson,alex erickson,WR,WAS WAS,WAS,29,2022,2022,1,1035000,1035000,0.005,2022,2022,FALSE
16552,David Moore,david moore,WR,CHI CHI,CHI,26,2022,2022,1,1035000,1035000,0.005,2022,2022,FALSE
16557,Marcus Johnson,marcus johnson,WR,SF SF,SF,27,2022,2022,1,1035000,1035000,0.005,2022,2022,FALSE
16570,Brandon Powell,brandon powell,WR,LAR LAR,LA,25,2022,2022,1,1035000,1035000,0.005,2022,2022,FALSE
16582,Justin Watson,justin watson,WR,KC KC,KC,26,2022,2022,1,1035000,1035000,0.005,2022,2022,FALSE
16583,Jordan Matthews,jordan matthews,WR,SF SF,SF,29,2022,2022,1,1035000,1035000,0.005,2022,2022,FALSE
16584,Anthony Miller,anthony miller,WR,PIT PIT,PIT,27,2022,2023,1,1035000,1035000,0.005,2022,2023,FALSE
16597,Kevin White,kevin white,WR,NO NO,NO,28,2022,2022,1,1035000,1035000,0.005,2022,2022,FALSE
16598,Cody Core,cody core,WR,MIA MIA,MIA,27,2022,2022,1,1035000,1035000,0.005,2022,2022,FALSE
16611,Greg Ward,greg ward,WR,PHI PHI,PHI,26,2022,2022,1,1000000,1000000,0.0048000000000000004,2022,2022,FALSE
16612,C.J. Board,c j board,WR,NYG NYG,NYG,28,2022,2022,1,990000,990000,0.0048000000000000004,2022,2022,FALSE
16617,Marcus Kemp,marcus kemp,WR,NYG NYG,NYG,26,2022,2022,1,965000,965000,0.0046,2022,2022,FALSE
16618,John Hurst,john hurst,WR,IND IND,IND,25,2022,2022,1,965000,965000,0.0046,2022,2022,FALSE
16625,Lil’jordan Humphrey,lil jordan humphrey,WR,NE NE,NE,23,2022,2022,1,965000,965000,0.0046,2022,2022,FALSE
16629,Cameron Batson,cameron batson,WR,ATL ATL,ATL,26,2022,2022,1,965000,965000,0.0046,2022,2022,FALSE
16632,Christian Blake,christian blake,WR,PIT PIT,PIT,25,2022,2022,1,965000,965000,0.0046,2022,2022,FALSE
16633,Preston Williams,preston williams,WR,CAR CAR,CAR,25,2022,2023,1,965000,965000,0.0046,2022,2023,FALSE
16640,C.J. Board,c j board,WR,TEN TEN,TEN,28,2022,2022,1,965000,965000,0.0046,2022,2022,FALSE
16668,Corey Coleman,corey coleman,WR,KC KC,KC,27,2022,2022,1,965000,965000,0.0046,2022,2022,FALSE
16671,Equanimeous St. Brown,equanimeous st brown,WR,CHI CHI,CHI,25,2022,2022,2,965000,482500,0.0023,2023,2022,FALSE
16674,Robert Foster,robert foster,WR,NYG NYG,NYG,27,2022,2022,1,965000,965000,0.0046,2022,2022,FALSE
16677,Jalen Guyton,jalen guyton,WR,LAC LAC,LAC,24,2022,2022,1,965000,965000,0.0046,2022,2022,FALSE
16678,Vyncint Smith,vyncint smith,WR,TB TB,TB,25,2022,2022,1,965000,965000,0.0046,2022,2022,FALSE
16680,Josh Malone,josh malone,WR,TEN TEN,TEN,25,2022,2022,1,965000,965000,0.0046,2022,2022,FALSE
16681,River Cracraft,river cracraft,WR,MIA MIA,MIA,27,2022,2022,1,965000,965000,0.0046,2022,2022,FALSE
16685,Daurice Fountain,daurice fountain,WR,KC KC,KC,26,2022,2022,1,965000,965000,0.0046,2022,2022,FALSE
16691,Javon Wims,javon wims,WR,CLE CLE,CLE,27,2022,2022,1,965000,965000,0.0046,2022,2022,FALSE
16700,Robert Foster,robert foster,WR,DAL DAL,DAL,27,2022,2022,1,965000,965000,0.0046,2022,2022,FALSE
16703,Nsimba Webster,nsimba webster,WR,CHI CHI,CHI,25,2022,2022,1,965000,965000,0.0046,2022,2022,FALSE
16709,Keke Coutee,keke coutee,WR,IND IND,IND,24,2022,2022,1,965000,965000,0.0046,2022,2022,FALSE
16715,Bo Melton,bo melton,WR,GB GB,GB,23,2022,2024,1,915000,915000,0.0044,2022,2024,FALSE
16725,Freddie Swain,freddie swain,WR,DEN DEN,DEN,24,2022,2023,1,895000,895000,0.004300000000000001,2022,2023,FALSE
16737,Tyron Johnson,tyron johnson,WR,HOU HOU,HOU,26,2022,2022,1,895000,895000,0.004300000000000001,2022,2022,FALSE
16754,Marcell Ateman,marcell ateman,WR,ARI ARI,ARI,27,2022,2022,1,895000,895000,0.004300000000000001,2022,2022,FALSE
16755,Darrius Shepherd,darrius shepherd,WR,DEN DEN,DEN,26,2022,2022,1,895000,895000,0.004300000000000001,2022,2022,FALSE
16757,Trey Quinn,trey quinn,WR,DEN DEN,DEN,26,2022,2022,1,895000,895000,0.004300000000000001,2022,2022,FALSE
16771,Keith Kirkwood,keith kirkwood,WR,NO NO,NO,27,2022,2022,1,895000,895000,0.004300000000000001,2022,2022,FALSE
16795,Nick Westbrook,nick westbrook,WR,TEN TEN,TEN,24,2022,2022,1,895000,895000,0.004300000000000001,2022,2022,FALSE
16803,J'Marcus Bradley,j marcus bradley,WR,CLE CLE,CLE,25,2022,2022,1,895000,895000,0.004300000000000001,2022,2022,FALSE
16805,Davion Davis,davion davis,WR,HOU HOU,HOU,25,2022,2022,1,895000,895000,0.004300000000000001,2022,2022,FALSE
16819,Gehrig Dieter,gehrig dieter,WR,KC KC,KC,28,2022,2022,1,895000,895000,0.004300000000000001,2022,2022,FALSE
16823,Keesean Johnson,keesean johnson,WR,ATL ATL,ATL,25,2022,2022,1,895000,895000,0.004300000000000001,2022,2022,FALSE
16824,Rico Gafford,rico gafford,WR,GB GB,GB,25,2022,2022,1,895000,895000,0.004300000000000001,2022,2022,FALSE
16827,Cody Hollister,cody hollister,WR,TEN TEN,TEN,28,2022,2022,1,895000,895000,0.004300000000000001,2022,2022,FALSE
16829,Steven Sims Jr.,steven sims jr,WR,PIT PIT,PIT,24,2022,2022,1,895000,895000,0.004300000000000001,2022,2022,FALSE
16844,Jason Moore,jason moore,WR,LAC LAC,LAC,26,2022,2022,1,895000,895000,0.004300000000000001,2022,2022,FALSE
16851,Antonio Gandy-Golden,antonio gandy golden,WR,WAS WAS,WAS,23,2022,2022,1,895000,895000,0.004300000000000001,2022,2022,FALSE
16859,Travis Fulgham,travis fulgham,WR,DEN DEN,DEN,26,2022,2022,1,895000,895000,0.004300000000000001,2022,2022,FALSE
16870,Kristian Wilkerson,kristian wilkerson,WR,NE NE,NE,24,2022,2022,1,835000,835000,0.004,2022,2022,FALSE
16874,Alex Bachman,alex bachman,WR,NYG NYG,NYG,25,2022,2022,1,828500,828500,0.004,2022,2022,FALSE
16882,Lance Lenoir,lance lenoir,WR,PHI PHI,PHI,26,2022,2022,1,825000,825000,0.004,2022,2022,FALSE
16890,Isaiah Zuber,isaiah zuber,WR,LV LV,LV,24,2022,2022,1,825000,825000,0.004,2022,2022,FALSE
16898,Keelan Doss,keelan doss,WR,LAC LAC,LAC,25,2022,2022,1,825000,825000,0.004,2022,2022,FALSE
16900,DJ Montgomery,dj montgomery,WR,IND IND,IND,25,2022,2022,1,825000,825000,0.004,2022,2022,FALSE
16906,Frank Darby,frank darby,WR,ATL ATL,ATL,25,2022,2023,1,825000,825000,0.004,2022,2023,FALSE
16907,Jacob Harris,jacob harris,WR,LAR LAR,LA,25,2022,2022,1,825000,825000,0.004,2022,2022,FALSE
16919,Chris Lacy,chris lacy,WR,LV LV,LV,25,2022,2022,1,825000,825000,0.004,2022,2022,FALSE
16925,Terry Godwin,terry godwin,WR,TEN TEN,TEN,25,2022,2022,1,825000,825000,0.004,2022,2022,FALSE
16927,Austin Mack,austin mack,WR,SF SF,SF,24,2022,2022,1,825000,825000,0.004,2022,2022,FALSE
16928,David Sills,david sills,WR,NYG NYG,NYG,26,2022,2022,1,825000,825000,0.004,2022,2022,FALSE
16932,Antoine Wesley,antoine wesley,WR,ARI ARI,ARI,24,2022,2022,1,825000,825000,0.004,2022,2022,FALSE
16952,Deon Cain,deon cain,WR,PHI PHI,PHI,25,2022,2022,1,825000,825000,0.004,2022,2022,FALSE
16954,Joe Reed,joe reed,WR,LAC LAC,LAC,23,2022,2022,1,825000,825000,0.004,2022,2022,FALSE
16956,Dillon Stoner,dillon stoner,WR,LV LV,LV,23,2022,2022,1,825000,825000,0.004,2022,2022,FALSE
16959,Cody Thompson,cody thompson,WR,SEA SEA,SEA,25,2022,2022,1,825000,825000,0.004,2022,2022,FALSE
16964,Maurice Ffrench,maurice ffrench,WR,LAC LAC,LAC,23,2022,2022,1,825000,825000,0.004,2022,2022,FALSE
16966,Gary Jennings,gary jennings,WR,KC KC,KC,24,2022,2022,1,825000,825000,0.004,2022,2022,FALSE
16970,Jalen Camp,jalen camp,WR,HOU HOU,HOU,23,2022,2022,1,825000,825000,0.004,2022,2022,FALSE
16973,Isaiah Coulter,isaiah coulter,WR,CHI CHI,CHI,23,2022,2022,1,825000,825000,0.004,2022,2022,FALSE
16975,Marken Michel,marken michel,WR,WAS WAS,WAS,28,2022,2022,1,825000,825000,0.004,2022,2022,FALSE
16976,Kelvin Harmon,kelvin harmon,WR,WAS WAS,WAS,25,2022,2022,1,825000,825000,0.004,2022,2022,FALSE
16982,De'Michael Harris,de michael harris,WR,IND IND,IND,23,2022,2022,1,825000,825000,0.004,2022,2022,FALSE
16998,T.Y. Hilton,t y hilton,WR,DAL DAL,DAL,33,2022,2022,1,800000,800000,0.0038,2022,2022,FALSE
17006,Travis Toivonen,travis toivonen,WR,NYG NYG,NYG,23,2022,2022,1,708500,708500,0.0034,2022,2022,FALSE
17008,Sage Surratt,sage surratt,WR,LAC LAC,LAC,23,2022,2022,1,705000,705000,0.0034,2022,2022,FALSE
17010,Bug Howard,bug howard,WR,TB TB,TB,27,2022,2022,1,705000,705000,0.0034,2022,2022,FALSE
17011,Josh Hammond,josh hammond,WR,NE NE,NE,23,2022,2022,1,705000,705000,0.0034,2022,2022,FALSE
17014,Ishmael Hyman,ishmael hyman,WR,GB GB,GB,26,2022,2022,1,705000,705000,0.0034,2022,2022,FALSE
17021,Bailey Gaither,bailey gaither,WR,BAL BAL,BAL,24,2022,2022,1,705000,705000,0.0034,2022,2022,FALSE
17022,Rashard Davis,rashard davis,WR,NYJ NYJ,NYJ,26,2022,2022,1,705000,705000,0.0034,2022,2022,FALSE
17026,Osirus Mitchell,osirus mitchell,WR,GB GB,GB,24,2022,2022,1,705000,705000,0.0034,2022,2022,FALSE
17039,Juwan Green,juwan green,WR,TEN TEN,TEN,23,2022,2022,1,705000,705000,0.0034,2022,2022,FALSE
17040,Jordan Veasy,jordan veasy,WR,LV LV,LV,26,2022,2022,1,705000,705000,0.0034,2022,2022,FALSE
17043,Deontez Alexander,deontez alexander,WR,SEA SEA,SEA,25,2022,2022,1,705000,705000,0.0034,2022,2022,FALSE
17050,Devon Allen,devon allen,WR,PHI PHI,PHI,27,2022,2022,1,705000,705000,0.0034,2022,2022,FALSE
17055,Connor Wedington,connor wedington,WR,SF SF,SF,22,2022,2022,1,705000,705000,0.0034,2022,2022,FALSE
17069,Stanley Berryhill,stanley berryhill,WR,DET DET,DET,24,2022,2022,1,705000,705000,0.0034,2022,2022,FALSE
17075,Raleigh Webb,raleigh webb,WR,NE NE,NE,24,2022,2023,1,705000,705000,0.0034,2022,2023,FALSE
17079,Maurice Alexander,maurice alexander,WR,DET DET,DET,24,2022,2022,1,705000,705000,0.0034,2022,2022,FALSE
17085,Kaylon Geiger,kaylon geiger,WR,TB TB,TB,24,2022,2022,1,705000,705000,0.0034,2022,2022,FALSE
17094,Travis Toivonen,travis toivonen,WR,NYG NYG,NYG,23,2022,2022,1,705000,705000,0.0034,2022,2022,FALSE
17120,Devin Gray,devin gray,WR,KC KC,KC,26,2022,2022,1,705000,705000,0.0034,2022,2022,FALSE
17125,Austin Trammell,austin trammell,WR,LAR LAR,LA,23,2022,2024,1,705000,705000,0.0034,2022,2024,FALSE
17130,Derrick Dillon,derrick dillon,WR,CLE CLE,CLE,26,2022,2022,1,705000,705000,0.0034,2022,2022,FALSE
17136,Austin Proehl,austin proehl,WR,NYG NYG,NYG,26,2022,2022,1,705000,705000,0.0034,2022,2022,FALSE
17138,Scotty Washington,scotty washington,WR,CIN CIN,CIN,24,2022,2022,1,705000,705000,0.0034,2022,2022,FALSE
17154,Cornell Powell,cornell powell,WR,KC KC,KC,24,2022,2022,1,705000,705000,0.0034,2022,2022,FALSE
17166,Chris Blair,chris blair,WR,GB GB,GB,23,2022,2022,1,705000,705000,0.0034,2022,2022,FALSE
17171,Chris Finke,chris finke,WR,KC KC,KC,25,2022,2022,1,705000,705000,0.0034,2022,2022,FALSE
17174,Tyler Vaughns,tyler vaughns,WR,PIT PIT,PIT,24,2022,2022,1,705000,705000,0.0034,2022,2022,FALSE
17179,Rico Bussey Jr.,rico bussey jr,WR,PIT PIT,PIT,23,2022,2022,1,705000,705000,0.0034,2022,2022,FALSE
17184,Tre Nixon,tre nixon,WR,NE NE,NE,23,2022,2022,1,705000,705000,0.0034,2022,2022,FALSE
17185,D.J. Turner,d j turner,WR,LV LV,LV,24,2022,2022,1,705000,705000,0.0034,2022,2022,FALSE
17195,Cade Johnson,cade johnson,WR,SEA SEA,SEA,23,2022,2022,1,705000,705000,0.0034,2022,2022,FALSE
17197,Aaron Fuller,aaron fuller,WR,SEA SEA,SEA,24,2022,2022,1,705000,705000,0.0034,2022,2022,FALSE
17200,Matt Cole,matt cole,WR,WAS WAS,WAS,25,2022,2022,1,705000,705000,0.0034,2022,2022,FALSE
17204,Michael Bandy,michael bandy,WR,LAC LAC,LAC,24,2022,2022,1,705000,705000,0.0034,2022,2022,FALSE
17206,Mathew Sexton,mathew sexton,WR,KC KC,KC,24,2022,2022,1,705000,705000,0.0034,2022,2022,FALSE
17209,Omar Bayless,omar bayless,WR,KC KC,KC,25,2022,2022,1,705000,705000,0.0034,2022,2022,FALSE
17211,Damon Hazelton,damon hazelton,WR,HOU HOU,HOU,24,2022,2022,1,705000,705000,0.0034,2022,2022,FALSE
17225,Myron Mitchell,myron mitchell,WR,MIN MIN,MIN,23,2022,2022,1,705000,705000,0.0034,2022,2022,FALSE
17230,Jeff Cotton,jeff cotton,WR,JAX JAX,JAX,24,2022,2022,1,705000,705000,0.0034,2022,2022,FALSE
17236,Javon McKinley,javon mckinley,WR,PIT PIT,PIT,23,2022,2022,1,705000,705000,0.0034,2022,2022,FALSE
17240,C.J. Saunders,c j saunders,WR,CAR CAR,CAR,25,2022,2022,1,705000,705000,0.0034,2022,2022,FALSE
17241,Aaron Parker,aaron parker,WR,KC KC,KC,23,2022,2022,1,705000,705000,0.0034,2022,2022,FALSE
17244,Binjimen Victor,binjimen victor,WR,BAL BAL,BAL,24,2022,2022,1,705000,705000,0.0034,2022,2022,FALSE
17246,Jaylon Moore,jaylon moore,WR,BAL BAL,BAL,24,2022,2022,1,705000,705000,0.0034,2022,2022,FALSE
17247,Austin Trammell,austin trammell,WR,ATL ATL,ATL,23,2022,2022,1,705000,705000,0.0034,2022,2022,FALSE
17263,Isaiah Coulter,isaiah coulter,WR,CHI CHI,CHI,24,2022,NA,NA,NA,NA,NA,NA,NA,FALSE
17264,Andre Baccellia,andre baccellia,WR,ARI ARI,ARI,24,2022,2023,2,NA,NA,NA,2023,2023,FALSE
17271,Daesean Hamilton,daesean hamilton,WR,DEN DEN,DEN,26,2022,NA,NA,NA,NA,NA,NA,NA,FALSE
17294,Kenny Golladay,kenny golladay,WR,NYG NYG,NYG,27,2021,2024,4,72000000,18000000,0.09860000000000001,2024,2024,FALSE
17299,Tyler Lockett,tyler lockett,WR,SEA SEA,SEA,28,2021,2025,4,69000000,17250000,0.09450000000000001,2024,2025,FALSE
17307,Courtland Sutton,courtland sutton,WR,DEN DEN,DEN,25,2021,2025,4,60800000,15200000,0.0833,2024,2025,FALSE
17329,Corey Davis,corey davis,WR,NYJ NYJ,NYJ,25,2021,2023,3,37500000,12500000,0.06849999999999999,2023,2023,FALSE
17336,Curtis Samuel,curtis samuel,WR,WAS WAS,WAS,24,2021,2023,3,34500000,11500000,0.063,2023,2023,FALSE
17338,Tim Patrick,tim patrick,WR,DEN DEN,DEN,27,2021,2024,3,34000000,11333333,0.0621,2023,2024,FALSE
17342,Ja'Marr Chase,ja marr chase,WR,CIN CIN,CIN,20,2021,2025,4,30819641,7704910,0.042199999999999994,2024,2025,FALSE
17346,Jaylen Waddle,jaylen waddle,WR,MIA MIA,MIA,22,2021,2025,4,27085993,6771498,0.0371,2024,2025,FALSE
17365,Nelson Agholor,nelson agholor,WR,NE NE,NE,27,2021,2022,2,22000000,11000000,0.0603,2022,2022,FALSE
17374,DeVonta Smith,devonta smith,WR,PHI PHI,PHI,22,2021,2025,4,20141390,5035348,0.027600000000000003,2024,2025,FALSE
17381,Allen Robinson,allen robinson,WR,CHI CHI,CHI,27,2021,2021,1,17880000,17880000,0.098,2021,2021,FALSE
17384,Chris Godwin,chris godwin,WR,TB TB,TB,24,2021,2021,1,15983000,15983000,0.0876,2021,2021,FALSE
17389,Kendrick Bourne,kendrick bourne,WR,NE NE,NE,25,2021,2023,3,15000000,5000000,0.0274,2023,2023,FALSE
17396,Jamal Agnew,jamal agnew,WR,JAX JAX,JAX,25,2021,2023,3,14250000,4750000,0.026000000000000002,2023,2023,FALSE
17404,Kadarius Toney,kadarius toney,WR,NYG NYG,NYG,21,2021,2025,4,13719508,3429877,0.0188,2024,2025,FALSE
17416,Rashod Bateman,rashod bateman,WR,BAL BAL,BAL,21,2021,2025,4,12599412,3149853,0.0173,2024,2025,FALSE
17418,Marvin Jones,marvin jones,WR,JAX JAX,JAX,30,2021,2022,2,12500000,6250000,0.0342,2022,2022,FALSE
17436,Will Fuller,will fuller,WR,MIA MIA,MIA,26,2021,2021,1,10625011,10625011,0.058199999999999995,2021,2021,FALSE
17457,Elijah Moore,elijah moore,WR,NYJ NYJ,NYJ,20,2021,2024,4,8940426,2235107,0.012199999999999999,2024,2024,FALSE
17474,T.Y. Hilton,t y hilton,WR,IND IND,IND,31,2021,2021,1,8000000,8000000,0.0438,2021,2021,FALSE
17475,JuJu Smith-Schuster,juju smith schuster,WR,PIT PIT,PIT,24,2021,2021,1,8000000,8000000,0.0438,2021,2021,FALSE
17489,Rondale Moore,rondale moore,WR,ARI ARI,ARI,20,2021,2024,4,6924241,1731060,0.0095000000000000015,2024,2024,FALSE
17504,Emmanuel Sanders,emmanuel sanders,WR,BUF BUF,BUF,33,2021,2021,1,6000000,6000000,0.0329,2021,2021,FALSE
17511,A.J. Green,a j green,WR,ARI ARI,ARI,32,2021,2021,1,6000000,6000000,0.0329,2021,2021,FALSE
17512,D'Wayne Eskridge,d wayne eskridge,WR,SEA SEA,SEA,23,2021,2024,4,5953504,1488376,0.0082,2024,2024,FALSE
17514,TuTu Atwell,tutu atwell,WR,LAR LAR,LA,21,2021,2024,4,5908699,1477175,0.008100000000000001,2024,2024,FALSE
17516,Terrace Marshall,terrace marshall,WR,CAR CAR,CAR,20,2021,2024,4,5729488,1432372,0.007799999999999999,2024,2024,FALSE
17531,Keelan Cole,keelan cole,WR,NYJ NYJ,NYJ,27,2021,2021,1,5500000,5500000,0.0301,2021,2021,FALSE
17548,Josh Palmer,josh palmer,WR,LAC LAC,LAC,21,2021,2024,4,5032438,1258110,0.0069,2024,2024,FALSE
17552,Sammy Watkins,sammy watkins,WR,BAL BAL,BAL,27,2021,2021,1,5000000,5000000,0.0274,2021,2021,FALSE
17560,Dyami Brown,dyami brown,WR,WAS WAS,WAS,21,2021,2024,4,4944000,1236000,0.0068,2024,2024,FALSE
17563,Amari Rodgers,amari rodgers,WR,GB GB,GB,21,2021,2024,4,4899895,1224974,0.006699999999999999,2024,2024,FALSE
17568,Anthony Schwartz,anthony schwartz,WR,CLE CLE,CLE,20,2021,2024,4,4863022,1215756,0.006699999999999999,2024,2024,FALSE
17585,David Moore,david moore,WR,CAR CAR,CAR,25,2021,2022,2,4750000,2375000,0.013000000000000001,2022,2022,FALSE
17592,DeSean Jackson,desean jackson,WR,LAR LAR,LA,34,2021,2021,1,4500000,4500000,0.024699999999999996,2021,2021,FALSE
17601,Dez Fitzpatrick,dez fitzpatrick,WR,TEN TEN,TEN,23,2021,2024,4,4279804,1069951,0.0059,2024,2024,FALSE
17604,Amon-Ra St. Brown,amon ra st brown,WR,DET DET,DET,21,2021,2024,4,4265252,1066313,0.0058,2024,2024,FALSE
17623,Jaelon Darden,jaelon darden,WR,TB TB,TB,21,2021,2024,4,4177904,1044476,0.0057,2024,2024,FALSE
17626,Tylan Wallace,tylan wallace,WR,BAL BAL,BAL,21,2021,2024,4,4165364,1041341,0.0057,2024,2024,FALSE
17639,Tyrell Williams,tyrell williams,WR,DET DET,DET,28,2021,2021,1,4000000,4000000,0.0219,2021,2021,FALSE
17646,Jacob Harris,jacob harris,WR,LAR LAR,LA,23,2021,2024,4,3979344,994836,0.0055000000000000005,2024,2024,FALSE
17662,Ihmir Smith-Marsette,ihmir smith marsette,WR,MIN MIN,MIN,21,2021,2024,4,3798960,949740,0.0052,2024,2024,FALSE
17681,John Brown,john brown,WR,LV LV,LV,30,2021,2021,1,3750000,3750000,0.020499999999999997,2021,2021,FALSE
17685,Cornell Powell,cornell powell,WR,KC KC,KC,23,2021,2024,4,3720152,930038,0.0051,2024,2024,FALSE
17687,Simi Fehoko,simi fehoko,WR,DAL DAL,DAL,23,2021,2024,4,3720152,930038,0.0051,2024,2024,FALSE
17693,Frank Darby,frank darby,WR,ATL ATL,ATL,23,2021,2024,4,3684500,921125,0.005,2024,2024,FALSE
17708,Marquez Stevenson,marquez stevenson,WR,BUF BUF,BUF,22,2021,2024,4,3652544,913136,0.005,2024,2024,FALSE
17709,Shi Smith,shi smith,WR,CAR CAR,CAR,22,2021,2024,4,3652420,913105,0.005,2024,2024,FALSE
17710,Racey McMath,racey mcmath,WR,TEN TEN,TEN,21,2021,2024,4,3651360,912840,0.005,2024,2024,FALSE
17714,Jalen Camp,jalen camp,WR,JAX JAX,JAX,22,2021,2024,4,3644292,911073,0.005,2024,2024,FALSE
17716,Demetric Felton,demetric felton,WR,CLE CLE,CLE,22,2021,2024,4,3641140,910285,0.005,2024,2024,FALSE
17729,Dazz Newsome,dazz newsome,WR,CHI CHI,CHI,21,2021,2024,4,3610708,902677,0.0049,2024,2024,FALSE
17731,Seth Williams,seth williams,WR,DEN DEN,DEN,20,2021,2024,4,3610708,902677,0.0049,2024,2024,FALSE
17736,Mike Strachan,mike strachan,WR,IND IND,IND,23,2021,2024,4,3594832,898708,0.0049,2024,2024,FALSE
17749,Tre Nixon,tre nixon,WR,NE NE,NE,22,2021,2024,4,3578678,894670,0.0049,2024,2024,FALSE
17756,Ben Skowronek,ben skowronek,WR,LAR LAR,LA,23,2021,2024,4,3564524,891131,0.0049,2024,2024,FALSE
17762,Kawaan Baker,kawaan baker,WR,NO NO,NO,22,2021,2024,4,3560072,890018,0.0049,2024,2024,FALSE
17765,Dax Milne,dax milne,WR,WAS WAS,WAS,21,2021,2024,4,3557268,889317,0.0049,2024,2024,FALSE
17779,Zach Pascal,zach pascal,WR,IND IND,IND,26,2021,2021,1,3384000,3384000,0.018500000000000003,2021,2021,FALSE
17785,Tim Patrick,tim patrick,WR,DEN DEN,DEN,27,2021,2021,1,3384000,3384000,0.018500000000000003,2021,2021,FALSE
17793,Antonio Brown,antonio brown,WR,TB TB,TB,32,2021,2021,1,3100000,3100000,0.017,2021,2021,FALSE
17818,Breshad Perriman,breshad perriman,WR,DET DET,DET,27,2021,2021,1,2500000,2500000,0.0137,2021,2021,FALSE
17822,Zay Jones,zay jones,WR,LV LV,LV,25,2021,2021,1,2500000,2500000,0.0137,2021,2021,FALSE
17842,Austin Watkins,austin watkins,WR,SF SF,SF,22,2021,2023,3,2450000,816667,0.0045000000000000005,2023,2023,FALSE
17856,Tyler Vaughns,tyler vaughns,WR,IND IND,IND,23,2021,2023,3,2447000,815667,0.0045000000000000005,2023,2023,FALSE
17858,Josh Imatorbhebhe,josh imatorbhebhe,WR,JAX JAX,JAX,22,2021,2023,3,2445000,815000,0.0045000000000000005,2023,2023,FALSE
17859,Cade Johnson,cade johnson,WR,SEA SEA,SEA,22,2021,2023,3,2445000,815000,0.0045000000000000005,2023,2023,FALSE
17871,Connor Wedington,connor wedington,WR,SEA SEA,SEA,21,2021,2023,3,2445000,815000,0.0045000000000000005,2023,2023,FALSE
17873,Dillon Stoner,dillon stoner,WR,LV LV,LV,22,2021,2023,3,2445000,815000,0.0045000000000000005,2023,2023,FALSE
17886,Blake Proehl,blake proehl,WR,MIN MIN,MIN,21,2021,2023,3,2440000,813333,0.0045000000000000005,2023,2023,FALSE
17890,Tarik Black,tarik black,WR,IND IND,IND,22,2021,2023,3,2440000,813333,0.0045000000000000005,2023,2023,FALSE
17896,Tim Jones,tim jones,WR,JAX JAX,JAX,22,2021,2023,3,2440000,813333,0.0045000000000000005,2023,2023,FALSE
17899,Javon McKinley,javon mckinley,WR,DET DET,DET,22,2021,2023,3,2440000,813333,0.0045000000000000005,2023,2023,FALSE
17908,Brandon Smith,brandon smith,WR,DAL DAL,DAL,22,2021,2023,3,2437000,812333,0.0045000000000000005,2023,2023,FALSE
17910,Sage Surratt,sage surratt,WR,DET DET,DET,22,2021,2023,3,2435000,811667,0.0044,2023,2023,FALSE
17913,Jhamon Ausbon,jhamon ausbon,WR,PHI PHI,PHI,21,2021,2023,3,2435000,811667,0.0044,2023,2023,FALSE
17914,Jonathan Adams Jr.,jonathan adams jr,WR,DET DET,DET,NA,2021,2023,3,2435000,811667,0.0044,2023,2023,FALSE
17925,Antonio Nunn,antonio nunn,WR,ATL ATL,ATL,21,2021,2023,3,2435000,811667,0.0044,2023,2023,FALSE
17931,Warren Jackson,warren jackson,WR,DEN DEN,DEN,21,2021,2023,3,2435000,811667,0.0044,2023,2023,FALSE
17944,Isaiah McKoy,isaiah mckoy,WR,PIT PIT,PIT,NA,2021,2023,3,2434000,811333,0.0044,2023,2023,FALSE
17962,Bailey Gaither,bailey gaither,WR,GB GB,GB,23,2021,2023,3,2432000,810667,0.0044,2023,2023,FALSE
17968,T.J. Vasher,t j vasher,WR,DAL DAL,DAL,22,2021,2023,3,2430000,810000,0.0044,2023,2023,FALSE
17971,Tamorrion Terry,tamorrion terry,WR,SEA SEA,SEA,22,2021,2023,3,2430000,810000,0.0044,2023,2023,FALSE
17978,Myron Mitchell,myron mitchell,WR,MIN MIN,MIN,22,2021,2023,3,2430000,810000,0.0044,2023,2023,FALSE
17988,Brennan Eagles,brennan eagles,WR,DAL DAL,DAL,22,2021,2023,3,2430000,810000,0.0044,2023,2023,FALSE
17992,Branden Mack,branden mack,WR,DEN DEN,DEN,22,2021,2023,3,2430000,810000,0.0044,2023,2023,FALSE
17999,Osirus Mitchell,osirus mitchell,WR,DAL DAL,DAL,23,2021,2023,3,2430000,810000,0.0044,2023,2023,FALSE
18003,Austin Trammell,austin trammell,WR,ATL ATL,ATL,22,2021,2023,3,2430000,810000,0.0044,2023,2023,FALSE
18014,Khalil McClain,khalil mcclain,WR,CHI CHI,CHI,21,2021,2023,3,2428000,809333,0.0044,2023,2023,FALSE
18021,Jeremiah Haydel,jeremiah haydel,WR,LAR LAR,LA,21,2021,2023,3,2428000,809333,0.0044,2023,2023,FALSE
18023,Rico Bussey Jr.,rico bussey jr,WR,PIT PIT,PIT,22,2021,2023,3,2428000,809333,0.0044,2023,2023,FALSE
18029,Riley Lees,riley lees,WR,CIN CIN,CIN,NA,2021,2023,3,2426500,808833,0.0044,2023,2023,FALSE
18040,Devontres Dukes,devontres dukes,WR,DEN DEN,DEN,23,2021,2023,3,2426000,808667,0.0044,2023,2023,FALSE
18042,T.J. Simmons,t j simmons,WR,TB TB,TB,NA,2021,2023,3,2426000,808667,0.0044,2023,2023,FALSE
18043,Landen Akers,landen akers,WR,LAR LAR,LA,23,2021,2023,3,2426000,808667,0.0044,2023,2023,FALSE
18047,Stephen Sullivan,stephen sullivan,WR,CAR CAR,CAR,24,2021,2023,3,2425000,808333,0.0044,2023,2023,FALSE
18058,Kai Locksley,kai locksley,WR,MIA MIA,MIA,24,2021,2023,3,2425000,808333,0.0044,2023,2023,FALSE
18061,Michael Bandy,michael bandy,WR,LAC LAC,LAC,23,2021,2023,3,2425000,808333,0.0044,2023,2023,FALSE
18066,Travis Toivonen,travis toivonen,WR,SEA SEA,SEA,22,2021,2023,3,2425000,808333,0.0044,2023,2023,FALSE
18069,C.J. Saunders,c j saunders,WR,CAR CAR,CAR,24,2021,2023,3,2425000,808333,0.0044,2023,2023,FALSE
18077,Trevon Grimes,trevon grimes,WR,PHI PHI,PHI,NA,2021,2023,3,2425000,808333,0.0044,2023,2023,FALSE
18079,Tre Walker,tre walker,WR,BUF BUF,BUF,NA,2021,2023,3,2425000,808333,0.0044,2023,2023,FALSE
18082,D.J. Turner,d j turner,WR,LV LV,LV,23,2021,2023,3,2425000,808333,0.0044,2023,2023,FALSE
18102,Donte Sylencieux,donte sylencieux,WR,BAL BAL,BAL,25,2021,2023,3,2425000,808333,0.0044,2023,2023,FALSE
18114,Rashard Higgins,rashard higgins,WR,CLE CLE,CLE,26,2021,2021,1,2377500,2377500,0.013000000000000001,2021,2021,FALSE
18117,Jakeem Grant,jakeem grant,WR,MIA MIA,MIA,28,2021,2021,1,2300000,2300000,0.0126,2021,2021,FALSE
18120,John Ross,john ross,WR,NYG NYG,NYG,26,2021,2021,1,2250000,2250000,0.0123,2021,2021,FALSE
18124,Cedrick Wilson,cedrick wilson,WR,DAL DAL,DAL,25,2021,2021,1,2183000,2183000,0.012,2021,2021,FALSE
18126,Byron Pringle,byron pringle,WR,KC KC,KC,27,2021,2021,1,2133000,2133000,0.011700000000000002,2021,2021,FALSE
18131,Cam Sims,cam sims,WR,WAS WAS,WAS,24,2021,2021,1,2133000,2133000,0.011700000000000002,2021,2021,FALSE
18138,DeSean Jackson,desean jackson,WR,LV LV,LV,34,2021,2021,1,2000000,2000000,0.011000000000000001,2021,2021,FALSE
18161,DJ Montgomery,dj montgomery,WR,NYJ NYJ,NYJ,24,2021,2023,2,1765000,882500,0.0048000000000000004,2022,2023,FALSE
18163,Micah Simon,micah simon,WR,CAR CAR,CAR,23,2021,2023,3,1765000,588333,0.0032,2023,2023,FALSE
18167,Josh Reynolds,josh reynolds,WR,TEN TEN,TEN,25,2021,2021,1,1750000,1750000,0.0096,2021,2021,FALSE
18190,Derrick Willies,derrick willies,WR,CLE CLE,CLE,26,2021,2022,2,1675000,837500,0.0046,2022,2022,FALSE
18194,J'Marcus Bradley,j marcus bradley,WR,CLE CLE,CLE,24,2021,2022,2,1675000,837500,0.0046,2022,2022,FALSE
18196,Tanner Gentry,tanner gentry,WR,BUF BUF,BUF,26,2021,2022,2,1675000,837500,0.0046,2022,2022,FALSE
18215,Seth Williams,seth williams,WR,DEN DEN,DEN,20,2021,2023,2,1575000,787500,0.004300000000000001,2022,2023,FALSE
18235,Derrick Dillon,derrick dillon,WR,NYG NYG,NYG,25,2021,2022,2,1491000,745500,0.0041,2022,2022,FALSE
18238,Rysen John,rysen john,WR,NYG NYG,NYG,23,2021,2022,1,1490000,1490000,0.0082,2021,2022,FALSE
18239,De'Mornay Pierson-El,de mornay pierson el,WR,DEN DEN,DEN,25,2021,2022,2,1485000,742500,0.0041,2022,2022,FALSE
18243,Josh Pearson,josh pearson,WR,TB TB,TB,23,2021,2022,2,1485000,742500,0.0041,2022,2022,FALSE
18246,Travis Jonsen,travis jonsen,WR,TB TB,TB,24,2021,2022,2,1485000,742500,0.0041,2022,2022,FALSE
18252,Mason Kinsey,mason kinsey,WR,TEN TEN,TEN,22,2021,2022,2,1485000,742500,0.0041,2022,2022,FALSE
18257,J.J. Koski,j j koski,WR,LAR LAR,LA,24,2021,2022,2,1485000,742500,0.0041,2022,2022,FALSE
18266,Khalil Tate,khalil tate,WR,PHI PHI,PHI,22,2021,2022,2,1485000,742500,0.0041,2022,2022,FALSE
18267,Manasseh Bailey,manasseh bailey,WR,NYJ NYJ,NYJ,23,2021,2022,2,1485000,742500,0.0041,2022,2022,FALSE
18272,Rashard Davis,rashard davis,WR,TEN TEN,TEN,25,2021,2022,2,1485000,742500,0.0041,2022,2022,FALSE
18276,Kirk Merritt,kirk merritt,WR,MIA MIA,MIA,23,2021,2022,2,1485000,742500,0.0041,2022,2022,FALSE
18296,John Hurst,john hurst,WR,LAC LAC,LAC,24,2021,2022,2,1485000,742500,0.0041,2022,2022,FALSE
18304,Josh Hammond,josh hammond,WR,JAX JAX,JAX,22,2021,2022,2,1485000,742500,0.0041,2022,2022,FALSE
18325,"Odell Beckham, Jr.",odell beckham jr,WR,LAR LAR,LA,28,2021,2021,1,1250000,1250000,0.0068,2021,2021,FALSE
18334,Marquise Goodwin,marquise goodwin,WR,CHI CHI,CHI,30,2021,2021,1,1212500,1212500,0.006599999999999999,2021,2021,FALSE
18362,Adam Humphries,adam humphries,WR,WAS WAS,WAS,27,2021,2021,1,1190000,1190000,0.006500000000000001,2021,2021,FALSE
18370,Mohamed Sanu,mohamed sanu,WR,SF SF,SF,31,2021,2021,1,1140000,1140000,0.0062,2021,2021,FALSE
18374,Dede Westbrook,dede westbrook,WR,MIN MIN,MIN,27,2021,2021,1,1127500,1127500,0.0062,2021,2021,FALSE
18377,Damiere Byrd,damiere byrd,WR,CHI CHI,CHI,27,2021,2021,1,1127500,1127500,0.0062,2021,2021,FALSE
18380,Phillip Dorsett,phillip dorsett,WR,JAX JAX,JAX,27,2021,2021,1,1127500,1127500,0.0062,2021,2021,FALSE
18381,Noah Brown,noah brown,WR,DAL DAL,DAL,24,2021,2021,1,1127500,1127500,0.0062,2021,2021,FALSE
18383,Marcus Johnson,marcus johnson,WR,TEN TEN,TEN,26,2021,2021,1,1127500,1127500,0.0062,2021,2021,FALSE
18384,Ty Montgomery,ty montgomery,WR,NO NO,NO,27,2021,2021,1,1127500,1127500,0.0062,2021,2021,FALSE
18408,Demarcus Robinson,demarcus robinson,WR,KC KC,KC,26,2021,2021,1,1127500,1127500,0.0062,2021,2021,FALSE
18412,Kalif Raymond,kalif raymond,WR,DET DET,DET,26,2021,2021,1,1127500,1127500,0.0062,2021,2021,FALSE
18416,Mack Hollins,mack hollins,WR,MIA MIA,MIA,27,2021,2021,1,1127500,1127500,0.0062,2021,2021,FALSE
18417,Isaiah McKenzie,isaiah mckenzie,WR,BUF BUF,BUF,25,2021,2021,1,1127500,1127500,0.0062,2021,2021,FALSE
18464,Andre Roberts,andre roberts,WR,LAC LAC,LAC,32,2021,2021,1,1075000,1075000,0.0059,2021,2021,FALSE
18467,John Brown,john brown,WR,JAX JAX,JAX,30,2021,2021,1,1075000,1075000,0.0059,2021,2021,FALSE
18482,Kenny Stills,kenny stills,WR,NO NO,NO,28,2021,2021,1,1075000,1075000,0.0059,2021,2021,FALSE
18501,Tavon Austin,tavon austin,WR,JAX JAX,JAX,30,2021,2021,1,1075000,1075000,0.0059,2021,2021,FALSE
18509,Chris Hogan,chris hogan,WR,NO NO,NO,33,2021,2021,1,1075000,1075000,0.0059,2021,2021,FALSE
18533,Robert Foster,robert foster,WR,MIA MIA,MIA,26,2021,2021,1,1057500,1057500,0.0058,2021,2021,FALSE
18549,C.J. Board,c j board,WR,NYG NYG,NYG,27,2021,2021,1,1020000,1020000,0.005600000000000001,2021,2021,FALSE
18550,Marvin Hall,marvin hall,WR,NE NE,NE,27,2021,2021,1,1015000,1015000,0.005600000000000001,2021,2021,FALSE
18552,Mike Thomas,mike thomas,WR,CIN CIN,CIN,26,2021,2021,1,1015000,1015000,0.005600000000000001,2021,2021,FALSE
18553,Khadarel Hodge,khadarel hodge,WR,CLE CLE,CLE,25,2021,2021,1,1000000,1000000,0.0055000000000000005,2021,2021,FALSE
18554,Vyncint Smith,vyncint smith,WR,NYJ NYJ,NYJ,24,2021,2021,1,1000000,1000000,0.0055000000000000005,2021,2021,FALSE
18555,Ray-Ray McCloud,ray ray mccloud,WR,PIT PIT,PIT,24,2021,2021,1,1000000,1000000,0.0055000000000000005,2021,2021,FALSE
18578,Trevor Davis,trevor davis,WR,ATL ATL,ATL,27,2021,2021,1,990000,990000,0.0054,2021,2021,FALSE
18579,Chester Rogers,chester rogers,WR,TEN TEN,TEN,26,2021,2021,1,990000,990000,0.0054,2021,2021,FALSE
18584,Kevin White,kevin white,WR,NO NO,NO,27,2021,2021,1,990000,990000,0.0054,2021,2021,FALSE
18588,Devin Smith,devin smith,WR,JAX JAX,JAX,28,2021,2021,1,990000,990000,0.0054,2021,2021,FALSE
18607,Marvin Hall,marvin hall,WR,ATL ATL,ATL,27,2021,2021,1,990000,990000,0.0054,2021,2021,FALSE
18608,Breshad Perriman,breshad perriman,WR,TB TB,TB,27,2021,2021,1,990000,990000,0.0054,2021,2021,FALSE
18610,Willie Snead,willie snead,WR,CAR CAR,CAR,28,2021,2021,1,990000,990000,0.0054,2021,2021,FALSE
18628,David Moore,david moore,WR,GB GB,GB,25,2021,2021,1,990000,990000,0.0054,2021,2021,FALSE
18639,Alex Erickson,alex erickson,WR,CAR CAR,CAR,28,2021,2021,1,990000,990000,0.0054,2021,2021,FALSE
18654,Darius Jennings,darius jennings,WR,DET DET,DET,28,2021,2021,1,990000,990000,0.0054,2021,2021,FALSE
18660,Jordan Matthews,jordan matthews,WR,SF SF,SF,28,2021,2021,1,990000,990000,0.0054,2021,2021,FALSE
18664,Tommylee Lewis,tommylee lewis,WR,MIA MIA,MIA,28,2021,2021,1,990000,990000,0.0054,2021,2021,FALSE
18666,Justin Hardy,justin hardy,WR,ATL ATL,ATL,29,2021,2021,1,990000,990000,0.0054,2021,2021,FALSE
18673,Laquon Treadwell,laquon treadwell,WR,JAX JAX,JAX,25,2021,2021,1,990000,990000,0.0054,2021,2021,FALSE
18678,Pharoh Cooper,pharoh cooper,WR,NYG NYG,NYG,25,2021,2021,1,990000,990000,0.0054,2021,2021,FALSE
18685,Bennie Fowler,bennie fowler,WR,SF SF,SF,29,2021,2021,1,990000,990000,0.0054,2021,2021,FALSE
18713,Tajae Sharpe,tajae sharpe,WR,ATL ATL,ATL,26,2021,2021,1,990000,990000,0.0054,2021,2021,FALSE
18724,Jojo Natson,jojo natson,WR,CLE CLE,CLE,26,2021,2021,1,990000,990000,0.0054,2021,2021,FALSE
18727,Deandre Carter,deandre carter,WR,WAS WAS,WAS,27,2021,2021,1,970000,970000,0.0053,2021,2021,FALSE
18741,Vyncint Smith,vyncint smith,WR,NYJ NYJ,NYJ,24,2021,2021,1,920000,920000,0.005,2021,2021,FALSE
18746,Anthony Miller,anthony miller,WR,PIT PIT,PIT,26,2021,2021,1,920000,920000,0.005,2021,2021,FALSE
18747,Jaydon Mickens,jaydon mickens,WR,JAX JAX,JAX,26,2021,2021,1,920000,920000,0.005,2021,2021,FALSE
18753,Keke Coutee,keke coutee,WR,IND IND,IND,23,2021,2021,1,920000,920000,0.005,2021,2021,FALSE
18755,Dante Pettis,dante pettis,WR,NYG NYG,NYG,25,2021,2021,1,920000,920000,0.005,2021,2021,FALSE
18757,Isaiah Ford,isaiah ford,WR,MIA MIA,MIA,24,2021,2021,1,920000,920000,0.005,2021,2021,FALSE
18767,Jaydon Mickens,jaydon mickens,WR,TB TB,TB,26,2021,2021,1,920000,920000,0.005,2021,2021,FALSE
18787,Andy Jones,andy jones,WR,NYG NYG,NYG,26,2021,2021,1,920000,920000,0.005,2021,2021,FALSE
18792,Trent Taylor,trent taylor,WR,CIN CIN,CIN,26,2021,2021,1,920000,920000,0.005,2021,2021,FALSE
18806,Brandon Powell,brandon powell,WR,LAR LAR,LA,24,2021,2021,1,920000,920000,0.005,2021,2021,FALSE
18807,Damion Ratley,damion ratley,WR,DET DET,DET,25,2021,2021,1,920000,920000,0.005,2021,2021,FALSE
18809,Trent Sherfield,trent sherfield,WR,SF SF,SF,24,2021,2021,1,920000,920000,0.005,2021,2021,FALSE
18813,Chad Beebe,chad beebe,WR,MIN MIN,MIN,26,2021,2021,1,920000,920000,0.005,2021,2021,FALSE
18823,Brandon Zylstra,brandon zylstra,WR,CAR CAR,CAR,27,2021,2021,1,920000,920000,0.005,2021,2021,FALSE
18826,Jake Kumerow,jake kumerow,WR,BUF BUF,BUF,28,2021,2021,1,920000,920000,0.005,2021,2021,FALSE
18828,Ryan Switzer,ryan switzer,WR,CLE CLE,CLE,26,2021,2021,1,920000,920000,0.005,2021,2021,FALSE
18835,Chad Williams,chad williams,WR,KC KC,KC,26,2021,2021,1,920000,920000,0.005,2021,2021,FALSE
18836,Antonio Callaway,antonio callaway,WR,KC KC,KC,23,2021,2021,1,920000,920000,0.005,2021,2021,FALSE
18841,Josh Malone,josh malone,WR,NYJ NYJ,NYJ,24,2021,2021,1,920000,920000,0.005,2021,2021,FALSE
18851,Taquan Mizzell,taquan mizzell,WR,NYG NYG,NYG,27,2021,2021,1,853500,853500,0.0047,2021,2021,FALSE
18863,Equanimeous St. Brown,equanimeous st brown,WR,GB GB,GB,24,2021,2021,1,850000,850000,0.0047,2021,2021,FALSE
18873,Steven Sims Jr.,steven sims jr,WR,PIT PIT,PIT,23,2021,2021,1,850000,850000,0.0047,2021,2021,FALSE
18883,Chad Hansen,chad hansen,WR,DET DET,DET,25,2021,2021,1,850000,850000,0.0047,2021,2021,FALSE
18886,Christian Blake,christian blake,WR,ATL ATL,ATL,24,2021,2021,1,850000,850000,0.0047,2021,2021,FALSE
18887,Daurice Fountain,daurice fountain,WR,KC KC,KC,25,2021,2021,1,850000,850000,0.0047,2021,2021,FALSE
18898,Nsimba Webster,nsimba webster,WR,CHI CHI,CHI,24,2021,2021,1,850000,850000,0.0047,2021,2021,FALSE
18934,Marcus Kemp,marcus kemp,WR,KC KC,KC,25,2021,2021,1,850000,850000,0.0047,2021,2021,FALSE
18950,Greg Ward,greg ward,WR,PHI PHI,PHI,25,2021,2021,1,850000,850000,0.0047,2021,2021,FALSE
18953,Gehrig Dieter,gehrig dieter,WR,KC KC,KC,27,2021,2021,1,850000,850000,0.0047,2021,2021,FALSE
18959,Marcell Ateman,marcell ateman,WR,LV LV,LV,26,2021,2021,1,850000,850000,0.0047,2021,2021,FALSE
18968,Lil’jordan Humphrey,lil jordan humphrey,WR,NO NO,NO,22,2021,2021,1,850000,850000,0.0047,2021,2021,FALSE
18973,Trey Quinn,trey quinn,WR,LV LV,LV,25,2021,2021,1,850000,850000,0.0047,2021,2021,FALSE
18980,Rico Gafford,rico gafford,WR,DEN DEN,DEN,24,2021,2021,1,850000,850000,0.0047,2021,2021,FALSE
18985,Victor Bolden,victor bolden,WR,DET DET,DET,25,2021,2021,1,850000,850000,0.0047,2021,2021,FALSE
18989,Jason Moore,jason moore,WR,LAC LAC,LAC,25,2021,2021,1,850000,850000,0.0047,2021,2021,FALSE
18993,Amara Darboh,amara darboh,WR,DEN DEN,DEN,26,2021,2021,1,850000,850000,0.0047,2021,2021,FALSE
18996,Travis Fulgham,travis fulgham,WR,DEN DEN,DEN,25,2021,2021,1,780000,780000,0.004300000000000001,2021,2021,FALSE
19001,Tyron Johnson,tyron johnson,WR,LV LV,LV,24,2021,2022,1,780000,780000,0.004300000000000001,2021,2022,FALSE
19007,Matt Cole,matt cole,WR,CAR CAR,CAR,24,2021,2021,1,780000,780000,0.004300000000000001,2021,2021,FALSE
19010,Lawrence Cager,lawrence cager,WR,CLE CLE,CLE,23,2021,2021,1,780000,780000,0.004300000000000001,2021,2021,FALSE
19012,John Hightower,john hightower,WR,PHI PHI,PHI,24,2021,2021,1,780000,780000,0.004300000000000001,2021,2021,FALSE
19015,David Sills,david sills,WR,NYG NYG,NYG,25,2021,2021,1,780000,780000,0.004300000000000001,2021,2021,FALSE
19021,Malik Taylor,malik taylor,WR,GB GB,GB,25,2021,2022,1,780000,780000,0.004300000000000001,2021,2022,FALSE
19029,Keith Kirkwood,keith kirkwood,WR,CAR CAR,CAR,26,2021,2021,1,780000,780000,0.004300000000000001,2021,2021,FALSE
19030,Cyril Grayson,cyril grayson,WR,TB TB,TB,27,2021,2022,1,780000,780000,0.004300000000000001,2021,2022,FALSE
19035,Darvin Kidsy,darvin kidsy,WR,SEA SEA,SEA,25,2021,2021,1,780000,780000,0.004300000000000001,2021,2021,FALSE
19038,Keelan Doss,keelan doss,WR,LV LV,LV,24,2021,2021,1,780000,780000,0.004300000000000001,2021,2021,FALSE
19039,Juwann Winfree,juwann winfree,WR,GB GB,GB,24,2021,2022,1,780000,780000,0.004300000000000001,2021,2022,FALSE
19040,Duke Williams,duke williams,WR,BUF BUF,BUF,27,2021,2021,1,780000,780000,0.004300000000000001,2021,2021,FALSE
19044,Deon Cain,deon cain,WR,BAL BAL,BAL,24,2021,2021,1,780000,780000,0.004300000000000001,2021,2021,FALSE
19047,Jake Lampman,jake lampman,WR,NO NO,NO,27,2021,2021,1,780000,780000,0.004300000000000001,2021,2021,FALSE
19057,Rodney Adams,rodney adams,WR,CHI CHI,CHI,26,2021,2021,1,780000,780000,0.004300000000000001,2021,2021,FALSE
19059,John Ursua,john ursua,WR,SEA SEA,SEA,26,2021,2021,1,780000,780000,0.004300000000000001,2021,2021,FALSE
19063,Dylan Cantrell,dylan cantrell,WR,WAS WAS,WAS,26,2021,2021,1,780000,780000,0.004300000000000001,2021,2021,FALSE
19064,Jeff Badet,jeff badet,WR,ATL ATL,ATL,26,2021,2021,1,780000,780000,0.004300000000000001,2021,2021,FALSE
19065,Cody Hollister,cody hollister,WR,TEN TEN,TEN,27,2021,2021,1,780000,780000,0.004300000000000001,2021,2021,FALSE
19067,Penny Hart,penny hart,WR,SEA SEA,SEA,24,2021,2022,1,780000,780000,0.004300000000000001,2021,2022,FALSE
19070,Gary Jennings,gary jennings,WR,IND IND,IND,23,2021,2021,1,780000,780000,0.004300000000000001,2021,2021,FALSE
19071,Jaleel Scott,jaleel scott,WR,NYJ NYJ,NYJ,25,2021,2021,1,780000,780000,0.004300000000000001,2021,2021,FALSE
19080,Isaac Whitney,isaac whitney,WR,ARI ARI,ARI,26,2021,2021,1,780000,780000,0.004300000000000001,2021,2021,FALSE
19082,Krishawn Hogan,krishawn hogan,WR,CAR CAR,CAR,25,2021,2021,1,780000,780000,0.004300000000000001,2021,2021,FALSE
19085,Hakeem Butler,hakeem butler,WR,PHI PHI,PHI,24,2021,2021,1,780000,780000,0.004300000000000001,2021,2021,FALSE
19086,Isaiah Zuber,isaiah zuber,WR,NE NE,NE,23,2021,2021,1,780000,780000,0.004300000000000001,2021,2021,FALSE
19092,J'Mon Moore,j mon moore,WR,ATL ATL,ATL,25,2021,2021,1,780000,780000,0.004300000000000001,2021,2021,FALSE
19094,Fred Brown,fred brown,WR,TEN TEN,TEN,27,2021,2021,1,780000,780000,0.004300000000000001,2021,2021,FALSE
19096,Chris Lacy,chris lacy,WR,CHI CHI,CHI,24,2021,2021,1,780000,780000,0.004300000000000001,2021,2021,FALSE
19100,Marken Michel,marken michel,WR,CAR CAR,CAR,27,2021,2021,1,780000,780000,0.004300000000000001,2021,2021,FALSE
19101,Ventell Bryant,ventell bryant,WR,CAR CAR,CAR,24,2021,2021,1,780000,780000,0.004300000000000001,2021,2021,FALSE
19102,Greg Dortch,greg dortch,WR,ARI ARI,ARI,22,2021,2022,1,780000,780000,0.004300000000000001,2021,2022,FALSE
19115,Jeff Smith,jeff smith,WR,NYJ NYJ,NYJ,23,2021,2022,1,780000,780000,0.004300000000000001,2021,2022,FALSE
19119,Dan Chisena,dan chisena,WR,MIN MIN,MIN,23,2021,2022,1,780000,780000,0.004300000000000001,2021,2022,FALSE
19120,Antonio Gandy-Golden,antonio gandy golden,WR,WAS WAS,WAS,22,2021,2021,1,780000,780000,0.004300000000000001,2021,2021,FALSE
19129,De'Michael Harris,de michael harris,WR,IND IND,IND,22,2021,2021,1,780000,780000,0.004300000000000001,2021,2021,FALSE
19144,Tevin Jones,tevin jones,WR,JAX JAX,JAX,28,2021,2021,1,780000,780000,0.004300000000000001,2021,2021,FALSE
19145,Andre Patton,andre patton,WR,PHI PHI,PHI,26,2021,2021,1,780000,780000,0.004300000000000001,2021,2021,FALSE
19149,Darrius Shepherd,darrius shepherd,WR,KC KC,KC,25,2021,2021,1,780000,780000,0.004300000000000001,2021,2021,FALSE
19151,Michael Walker,michael walker,WR,PHI PHI,PHI,24,2021,2021,1,780000,780000,0.004300000000000001,2021,2021,FALSE
19153,Devin Gray,devin gray,WR,BAL BAL,BAL,25,2021,2021,1,780000,780000,0.004300000000000001,2021,2021,FALSE
19154,Lance Lenoir,lance lenoir,WR,BUF BUF,BUF,25,2021,2021,1,780000,780000,0.004300000000000001,2021,2021,FALSE
19158,Damion Willis,damion willis,WR,NYG NYG,NYG,23,2021,2021,1,780000,780000,0.004300000000000001,2021,2021,FALSE
19163,Alex Bachman,alex bachman,WR,NYG NYG,NYG,24,2021,2021,1,666500,666500,0.0037,2021,2021,FALSE
19168,Tarik Black,tarik black,WR,NYJ NYJ,NYJ,22,2021,2021,1,660000,660000,0.0036,2021,2021,FALSE
19179,Austin Trammell,austin trammell,WR,ATL ATL,ATL,22,2021,2021,1,660000,660000,0.0036,2021,2021,FALSE
19181,Kawaan Baker,kawaan baker,WR,NO NO,NO,22,2021,2021,1,660000,660000,0.0036,2021,2021,FALSE
19182,C.J. Saunders,c j saunders,WR,CAR CAR,CAR,24,2021,2021,1,660000,660000,0.0036,2021,2021,FALSE
19193,Myron Mitchell,myron mitchell,WR,MIN MIN,MIN,22,2021,2021,1,660000,660000,0.0036,2021,2021,FALSE
19194,Dazz Newsome,dazz newsome,WR,CHI CHI,CHI,21,2021,2022,1,660000,660000,0.0036,2021,2022,FALSE
19217,Landen Akers,landen akers,WR,LAR LAR,LA,23,2021,2021,1,660000,660000,0.0036,2021,2021,FALSE
19222,Dez Fitzpatrick,dez fitzpatrick,WR,TEN TEN,TEN,23,2021,2022,1,660000,660000,0.0036,2021,2022,FALSE
19228,Dillon Stoner,dillon stoner,WR,LV LV,LV,22,2021,2022,1,660000,660000,0.0036,2021,2022,FALSE
19240,Andre Baccellia,andre baccellia,WR,ARI ARI,ARI,23,2021,2021,1,660000,660000,0.0036,2021,2021,FALSE
19241,Darece Roberson,darece roberson,WR,SEA SEA,SEA,22,2021,2021,1,660000,660000,0.0036,2021,2021,FALSE
19252,Mathew Sexton,mathew sexton,WR,PIT PIT,PIT,23,2021,2021,1,660000,660000,0.0036,2021,2021,FALSE
19256,Tyler Simmons,tyler simmons,WR,PIT PIT,PIT,23,2021,2021,1,660000,660000,0.0036,2021,2021,FALSE
19265,Tyrie Cleveland,tyrie cleveland,WR,DEN DEN,DEN,23,2021,2022,1,660000,660000,0.0036,2021,2022,FALSE
19291,Isaiah Coulter,isaiah coulter,WR,CHI CHI,CHI,22,2021,2021,1,660000,660000,0.0036,2021,2021,FALSE
19293,Michael Bandy,michael bandy,WR,LAC LAC,LAC,23,2021,2021,1,660000,660000,0.0036,2021,2021,FALSE
19294,Damon Hazelton,damon hazelton,WR,GB GB,GB,23,2021,2021,1,660000,660000,0.0036,2021,2021,FALSE
19300,Khalil McClain,khalil mcclain,WR,MIA MIA,MIA,21,2021,2021,1,660000,660000,0.0036,2021,2021,FALSE
19305,Anthony Ratliff-Williams,anthony ratliff williams,WR,SEA SEA,SEA,23,2021,2021,1,660000,660000,0.0036,2021,2021,FALSE
19310,Warren Jackson,warren jackson,WR,MIN MIN,MIN,21,2021,2021,1,660000,660000,0.0036,2021,2021,FALSE
19311,George Mariner,george mariner,WR,BAL BAL,BAL,23,2021,2021,1,660000,660000,0.0036,2021,2021,FALSE
19321,Aleva Hifo,aleva hifo,WR,ARI ARI,ARI,23,2021,2021,1,660000,660000,0.0036,2021,2021,FALSE
19324,Michael Dereus,michael dereus,WR,BAL BAL,BAL,23,2021,2021,1,660000,660000,0.0036,2021,2021,FALSE
19332,Jeff Cotton,jeff cotton,WR,JAX JAX,JAX,23,2021,2021,1,660000,660000,0.0036,2021,2021,FALSE
19333,Bug Howard,bug howard,WR,BUF BUF,BUF,26,2021,2021,1,660000,660000,0.0036,2021,2021,FALSE
19342,Reece Horn,reece horn,WR,CIN CIN,CIN,27,2021,2021,1,660000,660000,0.0036,2021,2021,FALSE
19344,De'Quan Hampton,de quan hampton,WR,TB TB,TB,26,2021,2021,1,660000,660000,0.0036,2021,2021,FALSE
19351,Devin Ross,devin ross,WR,NE NE,NE,25,2021,2021,1,660000,660000,0.0036,2021,2021,FALSE
19359,Deandre Thompkins,deandre thompkins,WR,GB GB,GB,25,2021,2021,1,660000,660000,0.0036,2021,2021,FALSE
19361,Johnnie Dixon,johnnie dixon,WR,DAL DAL,DAL,26,2021,2021,1,660000,660000,0.0036,2021,2021,FALSE
19362,Antoine Wesley,antoine wesley,WR,ARI ARI,ARI,23,2021,2021,1,660000,660000,0.0036,2021,2021,FALSE
19365,Jalen McCleksey,jalen mccleksey,WR,NO NO,NO,23,2021,2021,1,660000,660000,0.0036,2021,2021,FALSE
19367,Kalija Lipscomb,kalija lipscomb,WR,TEN TEN,TEN,23,2021,2021,1,660000,660000,0.0036,2021,2021,FALSE
19385,Caleb Scott,caleb scott,WR,LV LV,LV,24,2021,2021,1,660000,660000,0.0036,2021,2021,FALSE
19387,Juwan Green,juwan green,WR,ATL ATL,ATL,22,2021,2021,1,660000,660000,0.0036,2021,2021,FALSE
19389,Easop Winston,easop winston,WR,NO NO,NO,24,2021,2021,1,660000,660000,0.0036,2021,2021,FALSE
19390,Chris Finke,chris finke,WR,KC KC,KC,24,2021,2021,1,660000,660000,0.0036,2021,2021,FALSE
19398,Dalton Schoen,dalton schoen,WR,KC KC,KC,24,2021,2021,1,660000,660000,0.0036,2021,2021,FALSE
19404,Maurice Ffrench,maurice ffrench,WR,LAC LAC,LAC,22,2021,2021,1,660000,660000,0.0036,2021,2021,FALSE
19415,Reggie Begelton,reggie begelton,WR,GB GB,GB,27,2021,2021,1,660000,660000,0.0036,2021,2021,FALSE
19439,Jaylon Moore,jaylon moore,WR,BAL BAL,BAL,23,2021,2021,1,660000,660000,0.0036,2021,2021,FALSE
19446,Jester Weah,jester weah,WR,CHI CHI,CHI,25,2021,2021,1,660000,660000,0.0036,2021,2021,FALSE
19447,Reggie Davis,reggie davis,WR,DAL DAL,DAL,25,2021,2021,1,660000,660000,0.0036,2021,2021,FALSE
19448,Binjimen Victor,binjimen victor,WR,BAL BAL,BAL,23,2021,2021,1,660000,660000,0.0036,2021,2021,FALSE
19451,Cody White,cody white,WR,PIT PIT,PIT,22,2021,2022,1,660000,660000,0.0036,2021,2022,FALSE
19456,Anthony Johnson,anthony johnson,WR,PIT PIT,PIT,25,2021,2021,1,660000,660000,0.0036,2021,2021,FALSE
19466,Thomas Ives,thomas ives,WR,CHI CHI,CHI,24,2021,2021,1,660000,660000,0.0036,2021,2021,FALSE
19474,Tony Brown,tony brown,WR,WAS WAS,WAS,25,2021,2021,1,660000,660000,0.0036,2021,2021,FALSE
19477,Cody Thompson,cody thompson,WR,SEA SEA,SEA,24,2021,2021,1,660000,660000,0.0036,2021,2021,FALSE
19482,Aaron Fuller,aaron fuller,WR,SEA SEA,SEA,23,2021,2021,1,660000,660000,0.0036,2021,2021,FALSE
19493,Quartney Davis,quartney davis,WR,IND IND,IND,22,2021,2021,1,660000,660000,0.0036,2021,2021,FALSE
19497,Chris Blair,chris blair,WR,GB GB,GB,22,2021,2021,1,660000,660000,0.0036,2021,2021,FALSE
19512,Tom Kennedy,tom kennedy,WR,DET DET,DET,24,2021,2022,1,660000,660000,0.0036,2021,2022,FALSE
19515,JoJo Ward,jojo ward,WR,CLE CLE,CLE,23,2021,2021,1,660000,660000,0.0036,2021,2021,FALSE
19517,A.J. Richardson,a j richardson,WR,ARI ARI,ARI,25,2021,2021,1,660000,660000,0.0036,2021,2021,FALSE
19523,Austin Proehl,austin proehl,WR,SF SF,SF,25,2021,2021,1,660000,660000,0.0036,2021,2021,FALSE
19524,Jauan Jennings,jauan jennings,WR,SF SF,SF,23,2021,2022,1,660000,660000,0.0036,2021,2022,FALSE
19532,Kristian Wilkerson,kristian wilkerson,WR,NE NE,NE,23,2021,2021,1,660000,660000,0.0036,2021,2021,FALSE
19540,Kendall Hinton,kendall hinton,WR,DEN DEN,DEN,23,2021,2023,1,660000,660000,0.0036,2021,2023,FALSE
19542,Trinity Benson,trinity benson,WR,DEN DEN,DEN,23,2021,2023,1,660000,660000,0.0036,2021,2023,FALSE
19543,Aaron Parker,aaron parker,WR,CAR CAR,CAR,22,2021,2021,1,660000,660000,0.0036,2021,2021,FALSE
19544,Jon’Vea Johnson,jon vea johnson,WR,CHI CHI,CHI,25,2021,2021,1,660000,660000,0.0036,2021,2021,FALSE
19547,Scotty Washington,scotty washington,WR,CIN CIN,CIN,23,2021,2021,1,660000,660000,0.0036,2021,2021,FALSE
19553,Trenton Irwin,trenton irwin,WR,CIN CIN,CIN,25,2021,2021,1,660000,660000,0.0036,2021,2021,FALSE
19558,Ishmael Hyman,ishmael hyman,WR,CAR CAR,CAR,25,2021,2021,1,660000,660000,0.0036,2021,2021,FALSE
19565,Chris Rowland,chris rowland,WR,ATL ATL,ATL,23,2021,2021,1,660000,660000,0.0036,2021,2021,FALSE
19568,Equanimeous St. Brown,equanimeous st brown,WR,GB GB,GB,24,2021,2021,1,182000,182000,0.001,2021,2021,FALSE
19582,Derrick Dillon,derrick dillon,WR,NYG NYG,NYG,25,2021,NA,NA,NA,NA,NA,NA,NA,FALSE
19584,Whop Philyor,whop philyor,WR,MIN MIN,MIN,22,2021,2023,3,NA,NA,NA,2023,2023,FALSE
19596,Amari Cooper,amari cooper,WR,DAL DAL,DAL,25,2020,2024,5,100000000,20000000,0.1009,2024,2024,FALSE
19603,Keenan Allen,keenan allen,WR,LAC LAC,LAC,27,2020,2024,4,80100000,20025000,0.10099999999999999,2023,2024,FALSE
19614,Robert Woods,robert woods,WR,LAR LAR,LA,27,2020,2025,4,65000000,16250000,0.08199999999999999,2023,2025,FALSE
19625,DeAndre Hopkins,deandre hopkins,WR,ARI ARI,ARI,27,2020,2024,2,54500000,27250000,0.1375,2021,2024,FALSE
19635,Cooper Kupp,cooper kupp,WR,LAR LAR,LA,26,2020,2023,3,47250000,15750000,0.0795,2022,2023,FALSE
19672,Randall Cobb,randall cobb,WR,HOU HOU,HOU,29,2020,2022,3,27000000,9000000,0.0454,2022,2022,FALSE
19683,Emmanuel Sanders,emmanuel sanders,WR,NO NO,NO,32,2020,2021,2,24000000,12000000,0.0605,2021,2021,FALSE
19694,Robbie Chosen,robbie chosen,WR,CAR CAR,CAR,26,2020,2021,2,20000000,10000000,0.050499999999999996,2021,2021,FALSE
19701,A.J. Green,a j green,WR,CIN CIN,CIN,31,2020,2020,1,18171000,18171000,0.0917,2020,2020,FALSE
19718,Henry Ruggs,henry ruggs,WR,LV LV,LV,20,2020,2024,4,16671626,4167907,0.021,2023,2024,FALSE
19730,Jerry Jeudy,jerry jeudy,WR,DEN DEN,DEN,20,2020,2024,4,15192974,3798244,0.0192,2023,2024,FALSE
19737,CeeDee Lamb,ceedee lamb,WR,DAL DAL,DAL,20,2020,2024,4,14010012,3502503,0.0177,2023,2024,FALSE
19744,Jalen Reagor,jalen reagor,WR,PHI PHI,PHI,20,2020,2023,4,13270676,3317669,0.016700000000000003,2023,2023,FALSE
19745,Justin Jefferson,justin jefferson,WR,MIN MIN,MIN,20,2020,2024,4,13122805,3280701,0.0166,2023,2024,FALSE
19753,Brandon Aiyuk,brandon aiyuk,WR,SF SF,SF,21,2020,2024,4,12531342,3132836,0.0158,2023,2024,FALSE
19766,Larry Fitzgerald,larry fitzgerald,WR,ARI ARI,ARI,36,2020,2020,1,11500000,11500000,0.057999999999999996,2020,2020,FALSE
19788,Sammy Watkins,sammy watkins,WR,KC KC,KC,26,2020,2020,1,9000000,9000000,0.0454,2020,2020,FALSE
19789,Tee Higgins,tee higgins,WR,CIN CIN,CIN,20,2020,2023,4,8686785,2171696,0.011000000000000001,2023,2023,FALSE
19791,Michael Pittman Jr.,michael pittman jr,WR,IND IND,IND,22,2020,2023,4,8612850,2153213,0.0109,2023,2023,FALSE
19807,Laviska Shenault,laviska shenault,WR,JAX JAX,JAX,21,2020,2023,4,7696069,1924017,0.0097,2023,2023,FALSE
19815,K.J. Hamler,k j hamler,WR,DEN DEN,DEN,20,2020,2023,4,7137130,1784283,0.009000000000000001,2023,2023,FALSE
19823,Chase Claypool,chase claypool,WR,PIT PIT,PIT,21,2020,2023,4,6616625,1654156,0.0083,2023,2023,FALSE
19824,Breshad Perriman,breshad perriman,WR,NYJ NYJ,NYJ,26,2020,2020,1,6500000,6500000,0.0328,2020,2020,FALSE
19844,Van Jefferson,van jefferson,WR,LAR LAR,LA,23,2020,2023,4,5611134,1402784,0.0070999999999999995,2023,2023,FALSE
19849,Denzel Mims,denzel mims,WR,NYJ NYJ,NYJ,22,2020,2023,4,5433700,1358425,0.0069,2023,2023,FALSE
19852,Matthew Slater,matthew slater,WR,NE NE,NE,34,2020,2021,2,5300000,2650000,0.0134,2021,2021,FALSE
19860,Danny Amendola,danny amendola,WR,DET DET,DET,34,2020,2020,1,5000000,5000000,0.0252,2020,2020,FALSE
19880,Bryan Edwards,bryan edwards,WR,LV LV,LV,21,2020,2023,4,4692455,1173114,0.0059,2023,2023,FALSE
19892,Devin Duvernay,devin duvernay,WR,BAL BAL,BAL,22,2020,2023,4,4575810,1143953,0.0058,2023,2023,FALSE
19936,Cody Core,cody core,WR,NYG NYG,NYG,25,2020,2021,2,4000000,2000000,0.0101,2021,2021,FALSE
19941,Gabriel Davis,gabriel davis,WR,BUF BUF,BUF,20,2020,2023,4,3994380,998595,0.005,2023,2023,FALSE
19958,Antonio Gandy-Golden,antonio gandy golden,WR,WAS WAS,WAS,21,2020,2023,4,3789400,947350,0.0048000000000000004,2023,2023,FALSE
19963,Seth Roberts,seth roberts,WR,CAR CAR,CAR,28,2020,2020,1,3750000,3750000,0.0189,2020,2020,FALSE
19970,Joe Reed,joe reed,WR,LAC LAC,LAC,21,2020,2023,4,3635308,908827,0.0046,2023,2023,FALSE
19980,Tyler Johnson,tyler johnson,WR,TB TB,TB,21,2020,2023,4,3609420,902355,0.0046,2023,2023,FALSE
19984,Collin Johnson,collin johnson,WR,JAX JAX,JAX,22,2020,2023,4,3602152,900538,0.0045000000000000005,2023,2023,FALSE
19985,Quintez Cephus,quintez cephus,WR,DET DET,DET,21,2020,2023,4,3599288,899822,0.0045000000000000005,2023,2023,FALSE
19987,John Hightower,john hightower,WR,PHI PHI,PHI,23,2020,2023,4,3595052,898763,0.0045000000000000005,2023,2023,FALSE
19990,Isaiah Coulter,isaiah coulter,WR,HOU HOU,HOU,21,2020,2023,4,3587952,896988,0.0045000000000000005,2023,2023,FALSE
19992,Darnell Mooney,darnell mooney,WR,CHI CHI,CHI,22,2020,2023,4,3577052,894263,0.0045000000000000005,2023,2023,FALSE
19995,K.J. Osborn,k j osborn,WR,MIN MIN,MIN,22,2020,2023,4,3562772,890693,0.0045000000000000005,2023,2023,FALSE
20011,Donovan Peoples-Jones,donovan peoples jones,WR,CLE CLE,CLE,20,2020,2023,4,3481608,870402,0.0044,2023,2023,FALSE
20024,Quez Watkins,quez watkins,WR,PHI PHI,PHI,21,2020,2023,4,3464664,866166,0.0044,2023,2023,FALSE
20025,James Proche,james proche,WR,BAL BAL,BAL,23,2020,2023,4,3463099,865775,0.0044,2023,2023,FALSE
20031,Isaiah Hodgins,isaiah hodgins,WR,BUF BUF,BUF,21,2020,2023,4,3453888,863472,0.0044,2023,2023,FALSE
20036,Freddie Swain,freddie swain,WR,SEA SEA,SEA,21,2020,2023,4,3424412,856103,0.004300000000000001,2023,2023,FALSE
20038,Dezmon Patmon,dezmon patmon,WR,IND IND,IND,21,2020,2023,4,3424412,856103,0.004300000000000001,2023,2023,FALSE
20041,Jauan Jennings,jauan jennings,WR,SF SF,SF,22,2020,2023,4,3406024,851506,0.004300000000000001,2023,2023,FALSE
20044,K.J. Hill,k j hill,WR,LAC LAC,LAC,22,2020,2023,4,3399828,849957,0.004300000000000001,2023,2023,FALSE
20072,Tyrie Cleveland,tyrie cleveland,WR,DEN DEN,DEN,22,2020,2023,4,3370492,842623,0.004300000000000001,2023,2023,FALSE
20073,Stephen Sullivan,stephen sullivan,WR,SEA SEA,SEA,23,2020,2023,4,3370492,842623,0.004300000000000001,2023,2023,FALSE
20085,Kendrick Bourne,kendrick bourne,WR,SF SF,SF,24,2020,2020,1,3259000,3259000,0.0164,2020,2020,FALSE
20088,Keelan Cole,keelan cole,WR,JAX JAX,JAX,26,2020,2020,1,3259000,3259000,0.0164,2020,2020,FALSE
20103,Albert Wilson,albert wilson,WR,MIA MIA,MIA,27,2020,2021,1,3000000,3000000,0.0151,2020,2021,FALSE
20122,Devin Funchess,devin funchess,WR,GB GB,GB,25,2020,2021,1,2500000,2500000,0.0126,2020,2021,FALSE
20139,Tyler Simmons,tyler simmons,WR,HOU HOU,HOU,22,2020,2022,3,2310000,770000,0.0039000000000000003,2022,2022,FALSE
20143,Chris Rowland,chris rowland,WR,ATL ATL,ATL,22,2020,2022,3,2305000,768333,0.0039000000000000003,2022,2022,FALSE
20155,Johnathon Johnson,johnathon johnson,WR,WAS WAS,WAS,23,2020,2022,3,2301500,767167,0.0039000000000000003,2022,2022,FALSE
20168,Derrick Dillon,derrick dillon,WR,NYG NYG,NYG,24,2020,2022,3,2300000,766667,0.0039000000000000003,2022,2022,FALSE
20188,Chris Finke,chris finke,WR,SF SF,SF,23,2020,2022,3,2300000,766667,0.0039000000000000003,2022,2022,FALSE
20190,Trishton Jackson,trishton jackson,WR,LAR LAR,LA,21,2020,2022,3,2298000,766000,0.0039000000000000003,2022,2022,FALSE
20193,Austin Mack,austin mack,WR,NYG NYG,NYG,22,2020,2022,3,2297500,765833,0.0039000000000000003,2022,2022,FALSE
20197,Zimari Manning,zimari manning,WR,DEN DEN,DEN,NA,2020,2022,3,2297500,765833,0.0039000000000000003,2022,2022,FALSE
20200,Demarcus Robinson,demarcus robinson,WR,KC KC,KC,25,2020,2020,1,2297500,2297500,0.011600000000000001,2020,2020,FALSE
20207,Matt Cole,matt cole,WR,MIA MIA,MIA,23,2020,2022,3,2297000,765667,0.0039000000000000003,2022,2022,FALSE
20218,Isaiah Zuber,isaiah zuber,WR,NE NE,NE,22,2020,2022,3,2295000,765000,0.0039000000000000003,2022,2022,FALSE
20223,Kendall Hinton,kendall hinton,WR,DEN DEN,DEN,22,2020,2022,3,2295000,765000,0.0039000000000000003,2022,2022,FALSE
20238,Quartney Davis,quartney davis,WR,MIN MIN,MIN,21,2020,2022,3,2295000,765000,0.0039000000000000003,2022,2022,FALSE
20241,Kalija Lipscomb,kalija lipscomb,WR,KC KC,KC,22,2020,2022,3,2295000,765000,0.0039000000000000003,2022,2022,FALSE
20242,Binjimen Victor,binjimen victor,WR,NYG NYG,NYG,22,2020,2022,3,2295000,765000,0.0039000000000000003,2022,2022,FALSE
20251,Marquez Callaway,marquez callaway,WR,NO NO,NO,21,2020,2022,3,2295000,765000,0.0039000000000000003,2022,2022,FALSE
20255,Stephen Guidry,stephen guidry,WR,DAL DAL,DAL,22,2020,2023,3,2295000,765000,0.0039000000000000003,2022,2023,FALSE
20261,Kristian Wilkerson,kristian wilkerson,WR,TEN TEN,TEN,22,2020,2022,3,2295000,765000,0.0039000000000000003,2022,2022,FALSE
20262,De'Michael Harris,de michael harris,WR,IND IND,IND,21,2020,2022,3,2295000,765000,0.0039000000000000003,2022,2022,FALSE
20270,Kirk Merritt,kirk merritt,WR,MIA MIA,MIA,22,2020,2022,3,2295000,765000,0.0039000000000000003,2022,2022,FALSE
20276,JoJo Ward,jojo ward,WR,ARI ARI,ARI,22,2020,2022,3,2295000,765000,0.0039000000000000003,2022,2022,FALSE
20278,Dan Chisena,dan chisena,WR,MIN MIN,MIN,22,2020,2022,3,2295000,765000,0.0039000000000000003,2022,2022,FALSE
20295,Dalton Schoen,dalton schoen,WR,LAC LAC,LAC,23,2020,2022,3,2293000,764333,0.0039000000000000003,2022,2022,FALSE
20298,TreVontae Hights,trevontae hights,WR,CAR CAR,CAR,22,2020,2022,3,2293000,764333,0.0039000000000000003,2022,2022,FALSE
20308,Aaron Fuller,aaron fuller,WR,SEA SEA,SEA,22,2020,2022,3,2292500,764167,0.0039000000000000003,2022,2022,FALSE
20312,Manasseh Bailey,manasseh bailey,WR,PHI PHI,PHI,22,2020,2022,3,2292500,764167,0.0039000000000000003,2022,2022,FALSE
20314,Will Hastings,will hastings,WR,NE NE,NE,23,2020,2022,3,2292500,764167,0.0039000000000000003,2022,2022,FALSE
20317,Lawrence Cager,lawrence cager,WR,NYJ NYJ,NYJ,22,2020,2022,3,2292500,764167,0.0039000000000000003,2022,2022,FALSE
20320,J'Marcus Bradley,j marcus bradley,WR,CLE CLE,CLE,23,2020,2022,3,2292500,764167,0.0039000000000000003,2022,2022,FALSE
20322,Seth Dawkins,seth dawkins,WR,SEA SEA,SEA,21,2020,2022,3,2292500,764167,0.0039000000000000003,2022,2022,FALSE
20328,Cody White,cody white,WR,KC KC,KC,21,2020,2022,3,2292500,764167,0.0039000000000000003,2022,2022,FALSE
20329,Reggie Begelton,reggie begelton,WR,GB GB,GB,26,2020,2022,3,2292000,764000,0.0039000000000000003,2022,2022,FALSE
20330,Nick Westbrook,nick westbrook,WR,TEN TEN,TEN,22,2020,2022,3,2292000,764000,0.0039000000000000003,2022,2022,FALSE
20332,Darrell Stewart,darrell stewart,WR,GB GB,GB,23,2020,2022,3,2292000,764000,0.0039000000000000003,2022,2022,FALSE
20346,J.J. Koski,j j koski,WR,LAR LAR,LA,23,2020,2022,3,2292000,764000,0.0039000000000000003,2022,2022,FALSE
20356,Ahmad Wagner,ahmad wagner,WR,CHI CHI,CHI,23,2020,2022,3,2291000,763667,0.0039000000000000003,2022,2022,FALSE
20358,Easop Winston,easop winston,WR,LAR LAR,LA,23,2020,2022,3,2291000,763667,0.0039000000000000003,2022,2022,FALSE
20363,Kyle Williams,kyle williams,WR,TEN TEN,TEN,21,2020,2022,3,2290500,763500,0.0039000000000000003,2022,2022,FALSE
20367,John Hurst,john hurst,WR,TB TB,TB,23,2020,2022,3,2290000,763333,0.0039000000000000003,2022,2022,FALSE
20369,Tony Brown,tony brown,WR,CLE CLE,CLE,24,2020,2022,3,2290000,763333,0.0039000000000000003,2022,2022,FALSE
20382,Scotty Washington,scotty washington,WR,CIN CIN,CIN,22,2020,2022,3,2290000,763333,0.0039000000000000003,2022,2022,FALSE
20386,Isaiah Wright,isaiah wright,WR,WAS WAS,WAS,22,2020,2022,3,2290000,763333,0.0039000000000000003,2022,2022,FALSE
20408,Brandon Polk,brandon polk,WR,LAR LAR,LA,23,2020,2022,3,2290000,763333,0.0039000000000000003,2022,2022,FALSE
20410,Kendrick Rogers,kendrick rogers,WR,DAL DAL,DAL,22,2020,2022,3,2290000,763333,0.0039000000000000003,2022,2022,FALSE
20411,Sean Riley,sean riley,WR,NE NE,NE,22,2020,2022,3,2290000,763333,0.0039000000000000003,2022,2022,FALSE
20421,Mason Kinsey,mason kinsey,WR,TEN TEN,TEN,21,2020,2022,3,2290000,763333,0.0039000000000000003,2022,2022,FALSE
20431,Aaron Parker,aaron parker,WR,DAL DAL,DAL,21,2020,2022,3,2290000,763333,0.0039000000000000003,2022,2022,FALSE
20442,Earnest Edwards,earnest edwards,WR,LAR LAR,LA,21,2020,2022,3,2289000,763000,0.0038,2022,2022,FALSE
20453,Jermiah Braswell,jermiah braswell,WR,ARI ARI,ARI,22,2020,2022,3,2288000,762667,0.0038,2022,2022,FALSE
20458,Andre Baccellia,andre baccellia,WR,KC KC,KC,22,2020,2022,3,2287500,762500,0.0038,2022,2022,FALSE
20469,George Campbell,george campbell,WR,NYJ NYJ,NYJ,23,2020,2022,3,2287500,762500,0.0038,2022,2022,FALSE
20473,Maurice Ffrench,maurice ffrench,WR,KC KC,KC,21,2020,2022,3,2287500,762500,0.0038,2022,2022,FALSE
20479,Marvelle Ross,marvelle ross,WR,JAX JAX,JAX,23,2020,2022,3,2287500,762500,0.0038,2022,2022,FALSE
20480,Jeff Thomas,jeff thomas,WR,NE NE,NE,22,2020,2022,3,2287500,762500,0.0038,2022,2022,FALSE
20481,Justice Shelton-Mosley,justice shelton mosley,WR,KC KC,KC,22,2020,2022,3,2287500,762500,0.0038,2022,2022,FALSE
20484,Jaylon Moore,jaylon moore,WR,BAL BAL,BAL,22,2020,2022,3,2287000,762333,0.0038,2022,2022,FALSE
20488,Rashad Medaris,rashad medaris,WR,ARI ARI,ARI,23,2020,2022,3,2287000,762333,0.0038,2022,2022,FALSE
20494,Jeff Cotton,jeff cotton,WR,LAC LAC,LAC,22,2020,2022,3,2287000,762333,0.0038,2022,2022,FALSE
20499,Shane Leatherbury,shane leatherbury,WR,ARI ARI,ARI,NA,2020,2022,3,2287000,762333,0.0038,2022,2022,FALSE
20513,George Mariner,george mariner,WR,LV LV,LV,22,2020,2022,3,2286000,762000,0.0038,2022,2022,FALSE
20514,Travis Jonsen,travis jonsen,WR,TB TB,TB,23,2020,2022,3,2286000,762000,0.0038,2022,2022,FALSE
20515,Michael Dereus,michael dereus,WR,BAL BAL,BAL,22,2020,2022,3,2286000,762000,0.0038,2022,2022,FALSE
20519,Devin Phelps,devin phelps,WR,ARI ARI,ARI,NA,2020,2022,3,2286000,762000,0.0038,2022,2022,FALSE
20521,Aleva Hifo,aleva hifo,WR,KC KC,KC,22,2020,2022,3,2286000,762000,0.0038,2022,2022,FALSE
20533,Omar Bayless,omar bayless,WR,CAR CAR,CAR,23,2020,2022,3,2285000,761667,0.0038,2022,2022,FALSE
20543,Josh Pearson,josh pearson,WR,TB TB,TB,22,2020,2022,3,2285000,761667,0.0038,2022,2022,FALSE
20563,Khalil Tate,khalil tate,WR,PHI PHI,PHI,21,2020,2022,3,2285000,761667,0.0038,2022,2022,FALSE
20568,Rysen John,rysen john,WR,NYG NYG,NYG,22,2020,2022,3,2285000,761667,0.0038,2022,2022,FALSE
20570,Josh Hammond,josh hammond,WR,JAX JAX,JAX,21,2020,2022,3,2285000,761667,0.0038,2022,2022,FALSE
20574,Juwan Green,juwan green,WR,ATL ATL,ATL,21,2020,2022,3,2285000,761667,0.0038,2022,2022,FALSE
20576,Jalen McCleksey,jalen mccleksey,WR,ATL ATL,ATL,22,2020,2022,3,2285000,761667,0.0038,2022,2022,FALSE
20637,Chris Moore,chris moore,WR,BAL BAL,BAL,26,2020,2020,1,1672500,1672500,0.008400000000000001,2020,2020,FALSE
20647,Andy Jones,andy jones,WR,MIA MIA,MIA,25,2020,2021,2,1670000,835000,0.004200000000000001,2021,2021,FALSE
20656,Malik Turner,malik turner,WR,GB GB,GB,23,2020,2021,2,1670000,835000,0.004200000000000001,2021,2021,FALSE
20659,Antonio Brown,antonio brown,WR,TB TB,TB,31,2020,2020,1,1666667,1666667,0.008400000000000001,2020,2020,FALSE
20662,Damiere Byrd,damiere byrd,WR,NE NE,NE,26,2020,2020,1,1600000,1600000,0.008100000000000001,2020,2020,FALSE
20671,Tevin Jones,tevin jones,WR,DAL DAL,DAL,27,2020,2021,2,1530000,765000,0.0039000000000000003,2021,2021,FALSE
20692,Travis Fulgham,travis fulgham,WR,PHI PHI,PHI,24,2020,2021,2,1525000,762500,0.0038,2021,2021,FALSE
20695,Cameron Batson,cameron batson,WR,TEN TEN,TEN,24,2020,2021,2,1525000,762500,0.0038,2021,2021,FALSE
20697,Stanley Morgan,stanley morgan,WR,CIN CIN,CIN,23,2020,2021,2,1525000,762500,0.0038,2021,2021,FALSE
20701,Diontae Spencer,diontae spencer,WR,DEN DEN,DEN,27,2020,2021,2,1525000,762500,0.0038,2021,2021,FALSE
20703,Chris Thompson,chris thompson,WR,SF SF,SF,25,2020,2021,2,1525000,762500,0.0038,2021,2021,FALSE
20709,Chad Hansen,chad hansen,WR,HOU HOU,HOU,24,2020,2021,2,1525000,762500,0.0038,2021,2021,FALSE
20711,River Cracraft,river cracraft,WR,PHI PHI,PHI,25,2020,2021,2,1525000,762500,0.0038,2021,2021,FALSE
20716,J'Mon Moore,j mon moore,WR,CLE CLE,CLE,24,2020,2021,2,1525000,762500,0.0038,2021,2021,FALSE
20720,Keon Hatcher,keon hatcher,WR,NYJ NYJ,NYJ,25,2020,2021,2,1525000,762500,0.0038,2021,2021,FALSE
20724,Greg Dortch,greg dortch,WR,LAR LAR,LA,21,2020,2021,2,1525000,762500,0.0038,2021,2021,FALSE
20727,Rodney Adams,rodney adams,WR,IND IND,IND,25,2020,2020,2,1525000,762500,0.0038,2021,2020,FALSE
20749,Ray-Ray McCloud,ray ray mccloud,WR,BUF BUF,BUF,23,2020,2021,2,1415500,707750,0.0036,2021,2021,FALSE
20759,Reggie White Jr,reggie white jr,WR,NYG NYG,NYG,23,2020,2021,2,1397500,698750,0.0034999999999999996,2021,2021,FALSE
20760,Nick Easley,nick easley,WR,BUF BUF,BUF,22,2020,2021,2,1396500,698250,0.0034999999999999996,2021,2021,FALSE
20762,Alex Bachman,alex bachman,WR,NYG NYG,NYG,23,2020,2021,2,1393500,696750,0.0034999999999999996,2021,2021,FALSE
20764,Bralon Addison,bralon addison,WR,MIN MIN,MIN,26,2020,2021,2,1392500,696250,0.0034999999999999996,2021,2021,FALSE
20778,Terry Godwin,terry godwin,WR,JAX JAX,JAX,23,2020,2021,2,1390000,695000,0.0034999999999999996,2021,2021,FALSE
20794,Tyron Johnson,tyron johnson,WR,LAC LAC,LAC,23,2020,2021,2,1390000,695000,0.0034999999999999996,2021,2021,FALSE
20804,Lawrence Cager,lawrence cager,WR,NYJ NYJ,NYJ,22,2020,2021,2,1390000,695000,0.0034999999999999996,2021,2021,FALSE
20825,De'Michael Harris,de michael harris,WR,IND IND,IND,21,2020,2021,2,1390000,695000,0.0034999999999999996,2021,2021,FALSE
20851,Marken Michel,marken michel,WR,CAR CAR,CAR,26,2020,2021,2,1390000,695000,0.0034999999999999996,2021,2021,FALSE
20854,Trevion Thompson,trevion thompson,WR,TEN TEN,TEN,24,2020,2021,2,1390000,695000,0.0034999999999999996,2021,2021,FALSE
20857,Dillon Mitchell,dillon mitchell,WR,MIN MIN,MIN,22,2020,2021,2,1390000,695000,0.0034999999999999996,2021,2021,FALSE
20870,Marcus Green,marcus green,WR,PHI PHI,PHI,23,2020,2021,2,1390000,695000,0.0034999999999999996,2021,2021,FALSE
20874,Emmanuel Butler,emmanuel butler,WR,NO NO,NO,23,2020,2021,2,1390000,695000,0.0034999999999999996,2021,2021,FALSE
20877,Jordan Veasy,jordan veasy,WR,WAS WAS,WAS,24,2020,2021,2,1390000,695000,0.0034999999999999996,2021,2021,FALSE
20878,Emanuel Hall,emanuel hall,WR,WAS WAS,WAS,22,2020,2021,2,1390000,695000,0.0034999999999999996,2021,2021,FALSE
20894,Kelvin McKnight,kelvin mcknight,WR,DEN DEN,DEN,22,2020,2021,2,1390000,695000,0.0034999999999999996,2021,2021,FALSE
20895,Bug Howard,bug howard,WR,DEN DEN,DEN,25,2020,2021,2,1390000,695000,0.0034999999999999996,2021,2021,FALSE
20900,Trinity Benson,trinity benson,WR,DEN DEN,DEN,22,2020,2021,2,1390000,695000,0.0034999999999999996,2021,2021,FALSE
20914,Terry Wright,terry wright,WR,MIA MIA,MIA,22,2020,2021,2,1390000,695000,0.0034999999999999996,2021,2021,FALSE
20915,Todd Rahming,todd rahming,WR,MIA MIA,MIA,22,2020,2021,2,1390000,695000,0.0034999999999999996,2021,2021,FALSE
20943,Pharoh Cooper,pharoh cooper,WR,CAR CAR,CAR,24,2020,2020,1,1210000,1210000,0.0060999999999999995,2020,2020,FALSE
20953,Ted Ginn Jr.,ted ginn jr,WR,CHI CHI,CHI,34,2020,2020,1,1187500,1187500,0.006,2020,2020,FALSE
20979,Corey Coleman,corey coleman,WR,NYG NYG,NYG,25,2020,2020,1,1100000,1100000,0.0055000000000000005,2020,2020,FALSE
20989,Tavon Austin,tavon austin,WR,GB GB,GB,29,2020,2020,1,1050000,1050000,0.0053,2020,2020,FALSE
20997,Travis Benjamin,travis benjamin,WR,SF SF,SF,30,2020,2021,1,1050000,1050000,0.0053,2020,2021,FALSE
21000,Mohamed Sanu,mohamed sanu,WR,DET DET,DET,30,2020,2020,1,1050000,1050000,0.0053,2020,2020,FALSE
21007,Dez Bryant,dez bryant,WR,BAL BAL,BAL,31,2020,2020,1,1050000,1050000,0.0053,2020,2020,FALSE
21011,Dwayne Harris,dwayne harris,WR,CHI CHI,CHI,32,2020,2020,1,1050000,1050000,0.0053,2020,2020,FALSE
21025,Mohamed Sanu,mohamed sanu,WR,SF SF,SF,30,2020,2020,1,1050000,1050000,0.0053,2020,2020,FALSE
21037,Tavon Austin,tavon austin,WR,SF SF,SF,29,2020,2020,1,1050000,1050000,0.0053,2020,2020,FALSE
21049,Ty Montgomery,ty montgomery,WR,NO NO,NO,26,2020,2020,1,1047500,1047500,0.0053,2020,2020,FALSE
21053,Marqise Lee,marqise lee,WR,NE NE,NE,28,2020,2021,1,1047500,1047500,0.0053,2020,2021,FALSE
21060,Geronimo Allison,geronimo allison,WR,DET DET,DET,25,2020,2021,1,1047500,1047500,0.0053,2020,2021,FALSE
21063,Geremy Davis,geremy davis,WR,DET DET,DET,27,2020,2020,1,1047500,1047500,0.0053,2020,2020,FALSE
21064,Cody Latimer,cody latimer,WR,WAS WAS,WAS,27,2020,2020,1,1047500,1047500,0.0053,2020,2020,FALSE
21067,Phillip Dorsett,phillip dorsett,WR,SEA SEA,SEA,26,2020,2020,1,1047500,1047500,0.0053,2020,2020,FALSE
21074,Nelson Agholor,nelson agholor,WR,LV LV,LV,26,2020,2020,1,1047500,1047500,0.0053,2020,2020,FALSE
21094,Josh Gordon,josh gordon,WR,SEA SEA,SEA,28,2020,2020,1,1042500,1042500,0.0053,2020,2020,FALSE
21109,Jojo Natson,jojo natson,WR,CLE CLE,CLE,25,2020,2020,1,1000000,1000000,0.005,2020,2020,FALSE
21115,Isaiah McKenzie,isaiah mckenzie,WR,BUF BUF,BUF,24,2020,2020,1,962500,962500,0.0049,2020,2020,FALSE
21121,De'Anthony Thomas,de anthony thomas,WR,BAL BAL,BAL,26,2020,2021,1,935000,935000,0.0047,2020,2021,FALSE
21123,Darius Jennings,darius jennings,WR,LAC LAC,LAC,27,2020,2020,1,935000,935000,0.0047,2020,2020,FALSE
21127,Marcus Johnson,marcus johnson,WR,IND IND,IND,25,2020,2020,1,925000,925000,0.0047,2020,2020,FALSE
21129,Jaydon Mickens,jaydon mickens,WR,TB TB,TB,25,2020,2020,1,920000,920000,0.0046,2020,2020,FALSE
21137,Laquon Treadwell,laquon treadwell,WR,ATL ATL,ATL,24,2020,2020,1,910000,910000,0.0046,2020,2020,FALSE
21139,Donte Moncrief,donte moncrief,WR,NE NE,NE,26,2020,2020,1,910000,910000,0.0046,2020,2020,FALSE
21145,Tommylee Lewis,tommylee lewis,WR,NO NO,NO,27,2020,2020,1,910000,910000,0.0046,2020,2020,FALSE
21162,Bennie Fowler,bennie fowler,WR,NO NO,NO,28,2020,2020,1,910000,910000,0.0046,2020,2020,FALSE
21192,J.J. Nelson,j j nelson,WR,SF SF,SF,27,2020,2020,1,910000,910000,0.0046,2020,2020,FALSE
21195,Chester Rogers,chester rogers,WR,MIA MIA,MIA,25,2020,2020,1,910000,910000,0.0046,2020,2020,FALSE
21209,Rashard Higgins,rashard higgins,WR,CLE CLE,CLE,25,2020,2020,1,910000,910000,0.0046,2020,2020,FALSE
21233,Deontay Burnett,deontay burnett,WR,PHI PHI,PHI,22,2020,2020,1,850000,850000,0.004300000000000001,2020,2020,FALSE
21236,Mike Thomas,mike thomas,WR,CIN CIN,CIN,25,2020,2020,1,850000,850000,0.004300000000000001,2020,2020,FALSE
21241,Damion Ratley,damion ratley,WR,HOU HOU,HOU,24,2020,2020,1,825000,825000,0.004200000000000001,2020,2020,FALSE
21254,Marcus Johnson,marcus johnson,WR,IND IND,IND,25,2020,2020,1,825000,825000,0.004200000000000001,2020,2020,FALSE
21256,Taywan Taylor,taywan taylor,WR,CLE CLE,CLE,24,2020,2020,1,825000,825000,0.004200000000000001,2020,2020,FALSE
21264,DeAndrew White,deandrew white,WR,BAL BAL,BAL,28,2020,2020,1,825000,825000,0.004200000000000001,2020,2020,FALSE
21266,Marcus Kemp,marcus kemp,WR,KC KC,KC,24,2020,2020,1,825000,825000,0.004200000000000001,2020,2020,FALSE
21277,David Moore,david moore,WR,SEA SEA,SEA,24,2020,2020,1,825000,825000,0.004200000000000001,2020,2020,FALSE
21278,Isaiah Ford,isaiah ford,WR,MIA MIA,MIA,23,2020,2020,1,825000,825000,0.004200000000000001,2020,2020,FALSE
21279,Josh Doctson,josh doctson,WR,NYJ NYJ,NYJ,27,2020,2021,1,825000,825000,0.004200000000000001,2020,2021,FALSE
21281,Tommylee Lewis,tommylee lewis,WR,CAR CAR,CAR,27,2020,2020,1,825000,825000,0.004200000000000001,2020,2020,FALSE
21284,Maurice Harris,maurice harris,WR,NO NO,NO,27,2020,2020,1,825000,825000,0.004200000000000001,2020,2020,FALSE
21296,Charone Peake,charone peake,WR,JAX JAX,JAX,27,2020,2020,1,825000,825000,0.004200000000000001,2020,2020,FALSE
21304,Keith Kirkwood,keith kirkwood,WR,CAR CAR,CAR,25,2020,2020,1,800000,800000,0.004,2020,2020,FALSE
21307,Jehu Chesson,jehu chesson,WR,NYJ NYJ,NYJ,26,2020,2020,1,760000,760000,0.0038,2020,2020,FALSE
21313,Jeff Badet,jeff badet,WR,WAS WAS,WAS,25,2020,2020,1,750000,750000,0.0038,2020,2020,FALSE
21318,Robert Foster,robert foster,WR,WAS WAS,WAS,25,2020,2020,1,750000,750000,0.0038,2020,2020,FALSE
21335,Antonio Callaway,antonio callaway,WR,MIA MIA,MIA,22,2020,2020,1,750000,750000,0.0038,2020,2020,FALSE
21339,Ray-Ray McCloud,ray ray mccloud,WR,PIT PIT,PIT,23,2020,2020,1,750000,750000,0.0038,2020,2020,FALSE
21344,Trevor Davis,trevor davis,WR,CHI CHI,CHI,26,2020,2020,1,750000,750000,0.0038,2020,2020,FALSE
21364,Jake Kumerow,jake kumerow,WR,BUF BUF,BUF,27,2020,2020,1,750000,750000,0.0038,2020,2020,FALSE
21366,Tim Patrick,tim patrick,WR,DEN DEN,DEN,26,2020,2020,1,750000,750000,0.0038,2020,2020,FALSE
21367,Khadarel Hodge,khadarel hodge,WR,CLE CLE,CLE,24,2020,2020,1,750000,750000,0.0038,2020,2020,FALSE
21373,Deandre Carter,deandre carter,WR,HOU HOU,HOU,26,2020,2020,1,750000,750000,0.0038,2020,2020,FALSE
21377,Robert Foster,robert foster,WR,BUF BUF,BUF,25,2020,2020,1,750000,750000,0.0038,2020,2020,FALSE
21387,Ricardo Louis,ricardo louis,WR,MIA MIA,MIA,25,2020,2020,1,750000,750000,0.0038,2020,2020,FALSE
21396,Taquan Mizzell,taquan mizzell,WR,NO NO,NO,26,2020,2020,1,750000,750000,0.0038,2020,2020,FALSE
21403,Victor Bolden,victor bolden,WR,DET DET,DET,24,2020,2020,1,750000,750000,0.0038,2020,2020,FALSE
21418,Allen Lazard,allen lazard,WR,GB GB,GB,24,2020,2021,1,675000,675000,0.0034,2020,2021,FALSE
21427,Darrius Shepherd,darrius shepherd,WR,GB GB,GB,24,2020,2020,1,675000,675000,0.0034,2020,2020,FALSE
21431,Davion Davis,davion davis,WR,MIN MIN,MIN,23,2020,2020,1,675000,675000,0.0034,2020,2020,FALSE
21434,Tim White,tim white,WR,NO NO,NO,25,2020,2020,1,675000,675000,0.0034,2020,2020,FALSE
21437,Quincy Adeboyejo,quincy adeboyejo,WR,NE NE,NE,24,2020,2020,1,675000,675000,0.0034,2020,2020,FALSE
21439,Quadree Henderson,quadree henderson,WR,PIT PIT,PIT,23,2020,2020,1,675000,675000,0.0034,2020,2020,FALSE
21447,Steven Mitchell,steven mitchell,WR,HOU HOU,HOU,25,2020,2021,1,675000,675000,0.0034,2020,2021,FALSE
21462,Hakeem Butler,hakeem butler,WR,PHI PHI,PHI,23,2020,2020,1,675000,675000,0.0034,2020,2020,FALSE
21472,Lance Lenoir,lance lenoir,WR,SEA SEA,SEA,24,2020,2020,1,675000,675000,0.0034,2020,2020,FALSE
21473,River Cracraft,river cracraft,WR,SF SF,SF,25,2020,2020,1,675000,675000,0.0034,2020,2020,FALSE
21474,Cam Phillips,cam phillips,WR,CAR CAR,CAR,24,2020,2020,1,675000,675000,0.0034,2020,2020,FALSE
21478,Rodney Adams,rodney adams,WR,CHI CHI,CHI,25,2020,2020,1,675000,675000,0.0034,2020,2020,FALSE
21479,Krishawn Hogan,krishawn hogan,WR,TEN TEN,TEN,24,2020,2020,1,675000,675000,0.0034,2020,2020,FALSE
21487,Andre Patton,andre patton,WR,ARI ARI,ARI,25,2020,2020,1,675000,675000,0.0034,2020,2020,FALSE
21489,Dylan Cantrell,dylan cantrell,WR,ARI ARI,ARI,25,2020,2020,1,675000,675000,0.0034,2020,2020,FALSE
21502,Ishmael Hyman,ishmael hyman,WR,CAR CAR,CAR,24,2020,2020,1,616500,616500,0.0031,2020,2020,FALSE
21504,Terry Godwin,terry godwin,WR,JAX JAX,JAX,23,2020,2021,1,610000,610000,0.0031,2020,2021,FALSE
21513,Reggie Begelton,reggie begelton,WR,GB GB,GB,26,2020,2020,1,610000,610000,0.0031,2020,2020,FALSE
21516,Austin Mack,austin mack,WR,NYG NYG,NYG,22,2020,2021,1,610000,610000,0.0031,2020,2021,FALSE
21526,Nick Westbrook,nick westbrook,WR,TEN TEN,TEN,22,2020,2021,1,610000,610000,0.0031,2020,2021,FALSE
21540,Tony Brown,tony brown,WR,WAS WAS,WAS,24,2020,2020,1,610000,610000,0.0031,2020,2020,FALSE
21546,Tony Brown,tony brown,WR,WAS WAS,WAS,24,2020,2020,1,610000,610000,0.0031,2020,2020,FALSE
21548,Deandre Thompkins,deandre thompkins,WR,PIT PIT,PIT,24,2020,2020,1,610000,610000,0.0031,2020,2020,FALSE
21550,Andre Baccellia,andre baccellia,WR,NE NE,NE,22,2020,2020,1,610000,610000,0.0031,2020,2020,FALSE
21557,Darrell Stewart,darrell stewart,WR,CAR CAR,CAR,23,2020,2020,1,610000,610000,0.0031,2020,2020,FALSE
21566,Aleva Hifo,aleva hifo,WR,KC KC,KC,22,2020,2020,1,610000,610000,0.0031,2020,2020,FALSE
21572,Cody White,cody white,WR,NYG NYG,NYG,21,2020,2020,1,610000,610000,0.0031,2020,2020,FALSE
21578,Will Hastings,will hastings,WR,NE NE,NE,23,2020,2020,1,610000,610000,0.0031,2020,2020,FALSE
21584,De'Mornay Pierson-El,de mornay pierson el,WR,LV LV,LV,24,2020,2020,1,610000,610000,0.0031,2020,2020,FALSE
21585,Matt Cole,matt cole,WR,SF SF,SF,23,2020,2021,1,610000,610000,0.0031,2020,2021,FALSE
21594,Saeed Blacknall,saeed blacknall,WR,PIT PIT,PIT,23,2020,2020,1,610000,610000,0.0031,2020,2020,FALSE
21608,Bryant Mitchell,bryant mitchell,WR,TB TB,TB,27,2020,2020,1,610000,610000,0.0031,2020,2020,FALSE
21618,Malik Taylor,malik taylor,WR,GB GB,GB,24,2020,2020,1,610000,610000,0.0031,2020,2020,FALSE
21623,Penny Hart,penny hart,WR,SEA SEA,SEA,23,2020,2020,1,610000,610000,0.0031,2020,2020,FALSE
21624,Cody Thompson,cody thompson,WR,SEA SEA,SEA,23,2020,2020,1,610000,610000,0.0031,2020,2020,FALSE
21629,Antoine Wesley,antoine wesley,WR,BAL BAL,BAL,22,2020,2020,1,610000,610000,0.0031,2020,2020,FALSE
21630,Sean Modster,sean modster,WR,BAL BAL,BAL,24,2020,2020,1,610000,610000,0.0031,2020,2020,FALSE
21635,Artavis Scott,artavis scott,WR,IND IND,IND,25,2020,2020,1,610000,610000,0.0031,2020,2020,FALSE
21639,Anthony Johnson,anthony johnson,WR,PIT PIT,PIT,24,2020,2020,1,610000,610000,0.0031,2020,2020,FALSE
21643,Devin Ross,devin ross,WR,NE NE,NE,24,2020,2020,1,610000,610000,0.0031,2020,2020,FALSE
21655,Jamal Custis,jamal custis,WR,PIT PIT,PIT,24,2020,2020,1,610000,610000,0.0031,2020,2020,FALSE
21657,Anthony Ratliff-Williams,anthony ratliff williams,WR,OAK OAK,LV,22,2020,2020,1,610000,610000,0.0031,2020,2020,FALSE
21666,Malik Henry,malik henry,WR,IND IND,IND,22,2020,2020,1,610000,610000,0.0031,2020,2020,FALSE
21674,Tom Kennedy,tom kennedy,WR,DET DET,DET,23,2020,2020,1,610000,610000,0.0031,2020,2020,FALSE
21677,Jon Duhart,jon duhart,WR,DET DET,DET,23,2020,2020,1,610000,610000,0.0031,2020,2020,FALSE
21678,DaMarkus Lodge,damarkus lodge,WR,CIN CIN,CIN,22,2020,2020,1,610000,610000,0.0031,2020,2020,FALSE
21680,Alex Wesley,alex wesley,WR,CHI CHI,CHI,24,2020,2020,1,610000,610000,0.0031,2020,2020,FALSE
21682,Thomas Ives,thomas ives,WR,CHI CHI,CHI,23,2020,2020,1,610000,610000,0.0031,2020,2020,FALSE
21684,Reggie Davis,reggie davis,WR,CHI CHI,CHI,24,2020,2020,1,610000,610000,0.0031,2020,2020,FALSE
21688,Damion Jeanpiere,damion jeanpiere,WR,CAR CAR,CAR,23,2020,2020,1,610000,610000,0.0031,2020,2020,FALSE
21694,A.J. Richardson,a j richardson,WR,ARI ARI,ARI,24,2020,2020,1,610000,610000,0.0031,2020,2020,FALSE
21695,Johnnie Dixon,johnnie dixon,WR,ARI ARI,ARI,25,2020,2020,1,610000,610000,0.0031,2020,2020,FALSE
21698,Devin Gray,devin gray,WR,ATL ATL,ATL,24,2020,2020,1,610000,610000,0.0031,2020,2020,FALSE
21701,Alexander Hollins,alexander hollins,WR,CLE CLE,CLE,23,2020,2021,1,39706,39706,2e-4,2020,2021,FALSE
21707,Michael Thomas,michael thomas,WR,NO NO,NO,25,2019,2024,5,96250000,19250000,0.10229999999999999,2023,2024,FALSE
21721,Julio Jones,julio jones,WR,ATL ATL,ATL,29,2019,2023,3,66000000,22000000,0.11689999999999999,2021,2023,FALSE
21724,Adam Thielen,adam thielen,WR,MIN MIN,MIN,28,2019,2024,4,64200000,16050000,0.08529999999999999,2022,2024,FALSE
21733,Tyreek Hill,tyreek hill,WR,KC KC,KC,24,2019,2022,3,54000000,18000000,0.0956,2021,2022,FALSE
21740,Antonio Brown,antonio brown,WR,OAK OAK,LV,30,2019,2021,3,50125000,16708333,0.0888,2021,2021,FALSE
21743,Tyrell Williams,tyrell williams,WR,OAK OAK,LV,26,2019,2022,4,44300000,11075000,0.0588,2022,2022,FALSE
21745,Tyler Boyd,tyler boyd,WR,CIN CIN,CIN,24,2019,2023,4,43000000,10750000,0.0571,2022,2023,FALSE
21750,Sterling Shepard,sterling shepard,WR,NYG NYG,NYG,25,2019,2023,4,41000000,10250000,0.0545,2022,2023,FALSE
21752,Golden Tate,golden tate,WR,NYG NYG,NYG,30,2019,2022,4,37500000,9375000,0.049800000000000004,2022,2022,FALSE
21756,Adam Humphries,adam humphries,WR,TEN TEN,TEN,25,2019,2022,4,36000000,9000000,0.0478,2022,2022,FALSE
21758,Quincy Enunwa,quincy enunwa,WR,NYJ NYJ,NYJ,26,2019,2022,4,36000000,9000000,0.0478,2022,2022,FALSE
21771,DeVante Parker,devante parker,WR,MIA MIA,MIA,25,2019,2023,4,30500000,7625000,0.0405,2022,2023,FALSE
21778,Cole Beasley,cole beasley,WR,BUF BUF,BUF,29,2019,2022,4,29000000,7250000,0.0385,2022,2022,FALSE
21779,Jamison Crowder,jamison crowder,WR,NYJ NYJ,NYJ,25,2019,2021,3,28500000,9500000,0.050499999999999996,2021,2021,FALSE
21783,DeSean Jackson,desean jackson,WR,PHI PHI,PHI,32,2019,2021,3,27900000,9300000,0.049400000000000006,2021,2021,FALSE
21784,John Brown,john brown,WR,BUF BUF,BUF,28,2019,2021,3,27000000,9000000,0.0478,2021,2021,FALSE
21817,Jakeem Grant,jakeem grant,WR,MIA MIA,MIA,26,2019,2021,4,19700000,4925000,0.0262,2022,2021,FALSE
21840,Julian Edelman,julian edelman,WR,NE NE,NE,32,2019,2021,2,15500000,7750000,0.041199999999999994,2020,2021,FALSE
21880,Marquise Brown,marquise brown,WR,BAL BAL,BAL,21,2019,2023,4,11787340,2946835,0.015700000000000002,2022,2023,FALSE
21890,Larry Fitzgerald,larry fitzgerald,WR,ARI ARI,ARI,35,2019,2019,1,11000000,11000000,0.0584,2019,2019,FALSE
21898,Antonio Brown,antonio brown,WR,NE NE,NE,30,2019,2019,1,10500000,10500000,0.0558,2019,2019,FALSE
21901,N'Keal Harry,n keal harry,WR,NE NE,NE,21,2019,2022,4,10098346,2524587,0.0134,2022,2022,FALSE
21906,DeVante Parker,devante parker,WR,MIA MIA,MIA,25,2019,2020,2,10000000,5000000,0.026600000000000002,2020,2020,FALSE
21907,Devin Funchess,devin funchess,WR,IND IND,IND,24,2019,2019,1,10000000,10000000,0.053099999999999994,2019,2019,FALSE
21914,Donte Moncrief,donte moncrief,WR,PIT PIT,PIT,25,2019,2020,2,9000000,4500000,0.023899999999999998,2020,2020,FALSE
21924,Travis Benjamin,travis benjamin,WR,LAC LAC,LAC,29,2019,2019,2,8500000,4250000,0.022600000000000002,2020,2019,FALSE
21953,Deebo Samuel,deebo samuel,WR,SF SF,SF,22,2019,2022,4,7247476,1811869,0.0096,2022,2022,FALSE
21957,Allen Hurns,allen hurns,WR,MIA MIA,MIA,27,2019,2022,2,7000000,3500000,0.018600000000000002,2020,2022,FALSE
21972,Willie Snead,willie snead,WR,BAL BAL,BAL,26,2019,2020,1,6000000,6000000,0.0319,2019,2020,FALSE
21985,A.J. Brown,a j brown,WR,TEN TEN,TEN,21,2019,2022,4,5652368,1413092,0.0075,2022,2022,FALSE
21996,Randall Cobb,randall cobb,WR,DAL DAL,DAL,28,2019,2019,1,5000000,5000000,0.026600000000000002,2019,2019,FALSE
22000,Josh Bellamy,josh bellamy,WR,NYJ NYJ,NYJ,29,2019,2020,2,5000000,2500000,0.013300000000000001,2020,2020,FALSE
22003,Mecole Hardman,mecole hardman,WR,KC KC,KC,20,2019,2022,4,4995052,1248763,0.006599999999999999,2022,2022,FALSE
22005,J.J. Arcega-Whiteside,j j arcega whiteside,WR,PHI PHI,PHI,22,2019,2022,4,4942729,1235682,0.006599999999999999,2022,2022,FALSE
22008,Parris Campbell,parris campbell,WR,IND IND,IND,21,2019,2022,4,4775936,1193984,0.0063,2022,2022,FALSE
22014,Andy Isabella,andy isabella,WR,ARI ARI,ARI,22,2019,2022,4,4629876,1157469,0.0062,2022,2022,FALSE
22015,Andre Roberts,andre roberts,WR,BUF BUF,BUF,30,2019,2020,2,4600000,2300000,0.012199999999999999,2020,2020,FALSE
22016,Chris Conley,chris conley,WR,JAX JAX,JAX,26,2019,2020,2,4595000,2297500,0.012199999999999999,2020,2020,FALSE
22017,D.K. Metcalf,d k metcalf,WR,SEA SEA,SEA,21,2019,2022,4,4586050,1146513,0.0060999999999999995,2022,2022,FALSE
22019,Danny Amendola,danny amendola,WR,DET DET,DET,33,2019,2019,1,4500000,4500000,0.023899999999999998,2019,2019,FALSE
22028,Diontae Johnson,diontae johnson,WR,PIT PIT,PIT,22,2019,2022,4,4280962,1070241,0.0057,2022,2022,FALSE
22029,Jalen Hurd,jalen hurd,WR,SF SF,SF,22,2019,2022,4,4279678,1069920,0.0057,2022,2022,FALSE
22039,Breshad Perriman,breshad perriman,WR,TB TB,TB,25,2019,2019,1,4000000,4000000,0.0213,2019,2019,FALSE
22050,Terry McLaurin,terry mclaurin,WR,WAS WAS,WAS,23,2019,2022,4,3847671,961918,0.0051,2022,2022,FALSE
22057,Eli Rogers,eli rogers,WR,PIT PIT,PIT,26,2019,2020,2,3750000,1875000,0.01,2020,2020,FALSE
22077,Miles Boykin,miles boykin,WR,BAL BAL,BAL,22,2019,2022,4,3574928,893732,0.0047,2022,2022,FALSE
22091,Hakeem Butler,hakeem butler,WR,ARI ARI,ARI,22,2019,2022,4,3324499,831125,0.0044,2022,2022,FALSE
22108,Michael Crabtree,michael crabtree,WR,ARI ARI,ARI,31,2019,2019,1,3250000,3250000,0.0173,2019,2019,FALSE
22114,Gary Jennings,gary jennings,WR,SEA SEA,SEA,21,2019,2022,4,3230932,807733,0.004300000000000001,2022,2022,FALSE
22120,Riley Ridley,riley ridley,WR,CHI CHI,CHI,22,2019,2022,4,3202596,800649,0.004300000000000001,2022,2022,FALSE
22133,Chester Rogers,chester rogers,WR,IND IND,IND,24,2019,2019,1,3095000,3095000,0.0164,2019,2019,FALSE
22144,Robbie Chosen,robbie chosen,WR,NYJ NYJ,NYJ,25,2019,2019,1,3095000,3095000,0.0164,2019,2019,FALSE
22163,Demaryius Thomas,demaryius thomas,WR,NE NE,NE,31,2019,2019,1,2906000,2906000,0.0154,2019,2019,FALSE
22164,Demaryius Thomas,demaryius thomas,WR,NE NE,NE,31,2019,2019,1,2906000,2906000,0.0154,2019,2019,FALSE
22177,Hunter Renfrow,hunter renfrow,WR,OAK OAK,LV,23,2019,2022,4,2835948,708987,0.0038,2022,2022,FALSE
22196,Geronimo Allison,geronimo allison,WR,GB GB,GB,24,2019,2019,1,2800000,2800000,0.0149,2019,2019,FALSE
22204,Darius Slayton,darius slayton,WR,NYG NYG,NYG,21,2019,2022,4,2753988,688497,0.0037,2022,2022,FALSE
22209,Keesean Johnson,keesean johnson,WR,ARI ARI,ARI,22,2019,2022,4,2729312,682328,0.0036,2022,2022,FALSE
22220,Travis Fulgham,travis fulgham,WR,DET DET,DET,23,2019,2022,4,2698152,674538,0.0036,2022,2022,FALSE
22223,Juwann Winfree,juwann winfree,WR,DEN DEN,DEN,22,2019,2022,4,2691250,672813,0.0036,2022,2022,FALSE
22239,Marcus Green,marcus green,WR,ATL ATL,ATL,22,2019,2022,4,2667712,666928,0.0034999999999999996,2022,2022,FALSE
22243,Scotty Miller,scotty miller,WR,TB TB,TB,21,2019,2022,4,2647840,661960,0.0034999999999999996,2022,2022,FALSE
22244,Kelvin Harmon,kelvin harmon,WR,WAS WAS,WAS,22,2019,2022,4,2647840,661960,0.0034999999999999996,2022,2022,FALSE
22270,John Ursua,john ursua,WR,SEA SEA,SEA,24,2019,2022,4,2602360,650590,0.0034999999999999996,2022,2022,FALSE
22271,Terry Godwin,terry godwin,WR,CAR CAR,CAR,22,2019,2022,4,2601501,650375,0.0034999999999999996,2022,2022,FALSE
22273,Dillon Mitchell,dillon mitchell,WR,MIN MIN,MIN,21,2019,2022,4,2600012,650003,0.0034999999999999996,2022,2022,FALSE
22275,Phillip Dorsett,phillip dorsett,WR,NE NE,NE,25,2019,2019,1,2600000,2600000,0.013800000000000002,2019,2019,FALSE
22290,Olabisi Johnson,olabisi johnson,WR,MIN MIN,MIN,21,2019,2022,4,2594288,648572,0.0034,2022,2022,FALSE
22292,Allen Hurns,allen hurns,WR,MIA MIA,MIA,27,2019,2019,1,2500000,2500000,0.013300000000000001,2019,2019,FALSE
22325,Josh Gordon,josh gordon,WR,NE NE,NE,27,2019,2019,1,2025000,2025000,0.0108,2019,2019,FALSE
22331,Rashard Higgins,rashard higgins,WR,CLE CLE,CLE,24,2019,2019,1,2025000,2025000,0.0108,2019,2019,FALSE
22332,Cameron Meredith,cameron meredith,WR,NE NE,NE,26,2019,2020,2,2020000,1010000,0.0054,2020,2020,FALSE
22340,Seth Roberts,seth roberts,WR,BAL BAL,BAL,27,2019,2019,1,2000000,2000000,0.0106,2019,2019,FALSE
22358,Jordan Matthews,jordan matthews,WR,SF SF,SF,26,2019,2019,1,1800000,1800000,0.0096,2019,2019,FALSE
22360,David Sills,david sills,WR,BUF BUF,BUF,23,2019,2021,3,1790000,596667,0.0032,2021,2021,FALSE
22366,Keelan Doss,keelan doss,WR,OAK OAK,LV,22,2019,2021,3,1777500,592500,0.0031,2021,2021,FALSE
22367,Marcus Simms,marcus simms,WR,JAX JAX,JAX,21,2019,2021,3,1775000,591667,0.0031,2021,2021,FALSE
22370,Damion Jeanpiere,damion jeanpiere,WR,CAR CAR,CAR,22,2019,2021,3,1775000,591667,0.0031,2021,2021,FALSE
22382,Damion Willis,damion willis,WR,CIN CIN,CIN,21,2019,2021,3,1770000,590000,0.0031,2021,2021,FALSE
22385,Ashton Dulin,ashton dulin,WR,IND IND,IND,21,2019,2021,3,1770000,590000,0.0031,2021,2021,FALSE
22391,Alex Wesley,alex wesley,WR,NYG NYG,NYG,23,2019,2021,3,1770000,590000,0.0031,2021,2021,FALSE
22392,Malik Henry,malik henry,WR,SF SF,SF,21,2019,2021,3,1770000,590000,0.0031,2021,2021,FALSE
22395,Penny Hart,penny hart,WR,IND IND,IND,22,2019,2021,3,1770000,590000,0.0031,2021,2021,FALSE
22397,Steven Sims Jr.,steven sims jr,WR,WAS WAS,WAS,21,2019,2021,3,1770000,590000,0.0031,2021,2021,FALSE
22405,Nick Easley,nick easley,WR,BUF BUF,BUF,21,2019,2021,3,1768000,589333,0.0031,2021,2021,FALSE
22411,Emanuel Hall,emanuel hall,WR,CHI CHI,CHI,21,2019,2021,3,1767000,589000,0.0031,2021,2021,FALSE
22420,Ryan Davis,ryan davis,WR,NE NE,NE,21,2019,2021,3,1765000,588333,0.0031,2021,2021,FALSE
22425,Deonte Harty,deonte harty,WR,NO NO,NO,21,2019,2021,3,1765000,588333,0.0031,2021,2021,FALSE
22427,Jon’Vea Johnson,jon vea johnson,WR,DAL DAL,DAL,23,2019,2021,3,1765000,588333,0.0031,2021,2021,FALSE
22429,Trinity Benson,trinity benson,WR,DEN DEN,DEN,21,2019,2021,3,1765000,588333,0.0031,2021,2021,FALSE
22431,Davion Davis,davion davis,WR,MIN MIN,MIN,22,2019,2021,3,1765000,588333,0.0031,2021,2021,FALSE
22435,Terry Wright,terry wright,WR,SEA SEA,SEA,21,2019,2021,3,1765000,588333,0.0031,2021,2021,FALSE
22436,Antoine Wesley,antoine wesley,WR,BAL BAL,BAL,21,2019,2021,3,1765000,588333,0.0031,2021,2021,FALSE
22438,Jalen Guyton,jalen guyton,WR,DAL DAL,DAL,21,2019,2021,3,1765000,588333,0.0031,2021,2021,FALSE
22440,Stanley Morgan,stanley morgan,WR,CIN CIN,CIN,22,2019,2021,3,1765000,588333,0.0031,2021,2021,FALSE
22442,Todd Rahming,todd rahming,WR,WAS WAS,WAS,21,2019,2021,3,1765000,588333,0.0031,2021,2021,FALSE
22455,Johnnie Dixon,johnnie dixon,WR,HOU HOU,HOU,24,2019,2021,3,1765000,588333,0.0031,2021,2021,FALSE
22465,Preston Williams,preston williams,WR,MIA MIA,MIA,21,2019,2021,3,1765000,588333,0.0031,2021,2021,FALSE
22466,Jakobi Meyers,jakobi meyers,WR,NE NE,NE,22,2019,2021,3,1765000,588333,0.0031,2021,2021,FALSE
22482,Jazz Ferguson,jazz ferguson,WR,SEA SEA,SEA,21,2019,2021,3,1763000,587667,0.0031,2021,2021,FALSE
22484,Cody Thompson,cody thompson,WR,KC KC,KC,22,2019,2021,3,1762500,587500,0.0031,2021,2021,FALSE
22514,A.J. Richardson,a j richardson,WR,ARI ARI,ARI,23,2019,2021,3,1760000,586667,0.0031,2021,2021,FALSE
22515,Olamide Zaccheaus,olamide zaccheaus,WR,ATL ATL,ATL,21,2019,2021,3,1760000,586667,0.0031,2021,2021,FALSE
22516,Tyron Johnson,tyron johnson,WR,HOU HOU,HOU,22,2019,2021,3,1760000,586667,0.0031,2021,2021,FALSE
22521,Felton Davis,felton davis,WR,KC KC,KC,21,2019,2021,3,1760000,586667,0.0031,2021,2021,FALSE
22524,Shawn Poindexter,shawn poindexter,WR,SF SF,SF,23,2019,2021,3,1760000,586667,0.0031,2021,2021,FALSE
22530,Kelvin McKnight,kelvin mcknight,WR,DEN DEN,DEN,21,2019,2021,3,1760000,586667,0.0031,2021,2021,FALSE
22532,Reggie White Jr,reggie white jr,WR,NYG NYG,NYG,22,2019,2021,3,1760000,586667,0.0031,2021,2021,FALSE
22547,Alex Bachman,alex bachman,WR,LAR LAR,LA,22,2019,2021,3,1760000,586667,0.0031,2021,2021,FALSE
22548,C.J. Worton,c j worton,WR,ATL ATL,ATL,22,2019,2021,3,1760000,586667,0.0031,2021,2021,FALSE
22555,Tyre Brady,tyre brady,WR,JAX JAX,JAX,23,2019,2021,3,1760000,586667,0.0031,2021,2021,FALSE
22568,Michael Walker,michael walker,WR,JAX JAX,JAX,22,2019,2021,3,1760000,586667,0.0031,2021,2021,FALSE
22588,DJ Montgomery,dj montgomery,WR,CLE CLE,CLE,22,2019,2021,3,1758000,586000,0.0031,2021,2021,FALSE
22592,Romell Guerrier,romell guerrier,WR,DEN DEN,DEN,23,2019,2021,3,1758000,586000,0.0031,2021,2021,FALSE
22595,Dredrick Snelson,dredrick snelson,WR,JAX JAX,JAX,NA,2019,2021,3,1758000,586000,0.0031,2021,2021,FALSE
22596,Gunner Olszewski,gunner olszewski,WR,NE NE,NE,22,2019,2021,3,1757500,585833,0.0031,2021,2021,FALSE
22609,Kahlil Lewis,kahlil lewis,WR,ATL ATL,ATL,NA,2019,2021,3,1757500,585833,0.0031,2021,2021,FALSE
22612,Anthony Ratliff-Williams,anthony ratliff williams,WR,TEN TEN,TEN,21,2019,2021,3,1757500,585833,0.0031,2021,2021,FALSE
22614,Raphael Leonard,raphael leonard,WR,JAX JAX,JAX,21,2019,2021,3,1757500,585833,0.0031,2021,2021,FALSE
22617,Johnathan Lloyd,johnathan lloyd,WR,LAR LAR,LA,23,2019,2021,3,1757000,585667,0.0031,2021,2021,FALSE
22633,Dorian Baker,dorian baker,WR,CLE CLE,CLE,22,2019,2021,3,1756500,585500,0.0031,2021,2021,FALSE
22634,Shawn Bane Jr.,shawn bane jr,WR,ATL ATL,ATL,NA,2019,2021,3,1756500,585500,0.0031,2021,2021,FALSE
22635,Emmanuel Butler,emmanuel butler,WR,NO NO,NO,22,2019,2021,3,1756500,585500,0.0031,2021,2021,FALSE
22650,Sean Modster,sean modster,WR,BAL BAL,BAL,23,2019,2021,3,1755500,585167,0.0031,2021,2021,FALSE
22669,Joe Walker,joe walker,WR,CHI CHI,CHI,22,2019,2021,3,1755000,585000,0.0031,2021,2021,FALSE
22672,Nyqwan Murray,nyqwan murray,WR,SEA SEA,SEA,21,2019,2021,3,1755000,585000,0.0031,2021,2021,FALSE
22688,Stephen Louis,stephen louis,WR,HOU HOU,HOU,NA,2019,2021,3,1755000,585000,0.0031,2021,2021,FALSE
22693,Trevion Thompson,trevion thompson,WR,LAC LAC,LAC,23,2019,2021,3,1755000,585000,0.0031,2021,2021,FALSE
22698,Jason Moore,jason moore,WR,LAC LAC,LAC,23,2019,2021,3,1755000,585000,0.0031,2021,2021,FALSE
22715,Damon Sheehy-Guiseppi,damon sheehy guiseppi,WR,CLE CLE,CLE,23,2019,2021,3,1755000,585000,0.0031,2021,2021,FALSE
22723,Jamarius Way,jamarius way,WR,DEN DEN,DEN,NA,2019,2021,3,1755000,585000,0.0031,2021,2021,FALSE
22726,Kalani Vakameilalo,kalani vakameilalo,WR,JAX JAX,JAX,22,2019,2021,3,1755000,585000,0.0031,2021,2021,FALSE
22732,Fred Trevillion,fred trevillion,WR,LAC LAC,LAC,NA,2019,2021,3,1755000,585000,0.0031,2021,2021,FALSE
22736,Floyd Allen,floyd allen,WR,HOU HOU,HOU,22,2019,2021,3,1755000,585000,0.0031,2021,2021,FALSE
22741,Justin Sumpter,justin sumpter,WR,LAR LAR,LA,NA,2019,2021,3,1755000,585000,0.0031,2021,2021,FALSE
22746,Jalen Greene,jalen greene,WR,LAR LAR,LA,22,2019,2021,3,1755000,585000,0.0031,2021,2021,FALSE
22752,Joe Horn Jr.,joe horn jr,WR,BAL BAL,BAL,24,2019,2021,3,1755000,585000,0.0031,2021,2021,FALSE
22755,Joe Parker,joe parker,WR,TEN TEN,TEN,NA,2019,2021,3,1755000,585000,0.0031,2021,2021,FALSE
22764,Micah Wright,micah wright,WR,NO NO,NO,NA,2019,2021,3,1755000,585000,0.0031,2021,2021,FALSE
22783,Spencer Schnell,spencer schnell,WR,TB TB,TB,24,2019,2021,3,1755000,585000,0.0031,2021,2021,FALSE
22785,Ventell Bryant,ventell bryant,WR,CIN CIN,CIN,22,2019,2021,3,1755000,585000,0.0031,2021,2021,FALSE
22787,Tom Kennedy,tom kennedy,WR,DET DET,DET,22,2019,2021,3,1755000,585000,0.0031,2021,2021,FALSE
22793,Charles Holland,charles holland,WR,CIN CIN,CIN,NA,2019,2021,3,1755000,585000,0.0031,2021,2021,FALSE
22802,Trenton Irwin,trenton irwin,WR,MIA MIA,MIA,23,2019,2021,3,1755000,585000,0.0031,2021,2021,FALSE
22806,Brian Burt,brian burt,WR,OAK OAK,LV,NA,2019,2021,3,1755000,585000,0.0031,2021,2021,FALSE
22821,Xavier Ubosi,xavier ubosi,WR,NE NE,NE,NA,2019,2021,3,1755000,585000,0.0031,2021,2021,FALSE
22825,Darrius Shepherd,darrius shepherd,WR,GB GB,GB,23,2019,2021,3,1755000,585000,0.0031,2021,2021,FALSE
22836,Ishmael Hyman,ishmael hyman,WR,CLE CLE,CLE,23,2019,2021,3,1755000,585000,0.0031,2021,2021,FALSE
22843,Andre Lindsey,andre lindsey,WR,KC KC,KC,NA,2019,2021,3,1755000,585000,0.0031,2021,2021,FALSE
22844,Jamire Jordan,jamire jordan,WR,KC KC,KC,NA,2019,2021,3,1755000,585000,0.0031,2021,2021,FALSE
22845,Jamal Custis,jamal custis,WR,KC KC,KC,23,2019,2021,3,1755000,585000,0.0031,2021,2021,FALSE
22849,Thomas Ives,thomas ives,WR,CHI CHI,CHI,22,2019,2021,3,1755000,585000,0.0031,2021,2021,FALSE
22853,Isaac Zico,isaac zico,WR,TEN TEN,TEN,22,2019,2021,3,1755000,585000,0.0031,2021,2021,FALSE
22860,Deandre Thompkins,deandre thompkins,WR,PHI PHI,PHI,23,2019,2021,3,1755000,585000,0.0031,2021,2021,FALSE
22867,Jon Duhart,jon duhart,WR,DET DET,DET,22,2019,2021,3,1755000,585000,0.0031,2021,2021,FALSE
22879,Alexander Hollins,alexander hollins,WR,MIN MIN,MIN,22,2019,2021,3,1755000,585000,0.0031,2021,2021,FALSE
22880,Nsimba Webster,nsimba webster,WR,LAR LAR,LA,22,2019,2021,3,1755000,585000,0.0031,2021,2021,FALSE
22900,Jeff Smith,jeff smith,WR,NYJ NYJ,NYJ,21,2019,2021,3,1755000,585000,0.0031,2021,2021,FALSE
22910,DaMarkus Lodge,damarkus lodge,WR,TB TB,TB,21,2019,2021,3,1755000,585000,0.0031,2021,2021,FALSE
22911,Cortrelle Simpson,cortrelle simpson,WR,TB TB,TB,22,2019,2021,3,1755000,585000,0.0031,2021,2021,FALSE
22914,Anthony Johnson,anthony johnson,WR,TB TB,TB,23,2019,2021,3,1755000,585000,0.0031,2021,2021,FALSE
22920,Papi White,papi white,WR,JAX JAX,JAX,22,2019,2021,3,1755000,585000,0.0031,2021,2021,FALSE
22923,Michael Colubiale,michael colubiale,WR,JAX JAX,JAX,NA,2019,2021,3,1755000,585000,0.0031,2021,2021,FALSE
22928,Matt Eaton,matt eaton,WR,GB GB,GB,23,2019,2021,3,1755000,585000,0.0031,2021,2021,FALSE
22930,Greg Dortch,greg dortch,WR,NYJ NYJ,NYJ,20,2019,2021,3,1755000,585000,0.0031,2021,2021,FALSE
22937,Jaylen Smith,jaylen smith,WR,BAL BAL,BAL,21,2019,2021,3,1755000,585000,0.0031,2021,2021,FALSE
22938,Lil’jordan Humphrey,lil jordan humphrey,WR,NO NO,NO,20,2019,2021,3,1755000,585000,0.0031,2021,2021,FALSE
22942,Malik Taylor,malik taylor,WR,TB TB,TB,23,2019,2021,3,1755000,585000,0.0031,2021,2021,FALSE
22949,Tavon Austin,tavon austin,WR,DAL DAL,DAL,28,2019,2019,1,1750000,1750000,0.009300000000000001,2019,2019,FALSE
22957,Dwayne Harris,dwayne harris,WR,OAK OAK,LV,31,2019,2019,1,1600000,1600000,0.0085,2019,2019,FALSE
22963,Russell Shepard,russell shepard,WR,NYG NYG,NYG,28,2019,2019,1,1500000,1500000,0.008,2019,2019,FALSE
22968,Cody Latimer,cody latimer,WR,NYG NYG,NYG,26,2019,2019,1,1500000,1500000,0.008,2019,2019,FALSE
22969,Kevin White,kevin white,WR,ARI ARI,ARI,25,2019,2019,1,1500000,1500000,0.008,2019,2019,FALSE
22972,Dontrelle Inman,dontrelle inman,WR,NE NE,NE,29,2019,2019,1,1500000,1500000,0.008,2019,2019,FALSE
22975,Jaron Brown,jaron brown,WR,SEA SEA,SEA,28,2019,2019,1,1500000,1500000,0.008,2019,2019,FALSE
22979,Chris Hogan,chris hogan,WR,CAR CAR,CAR,31,2019,2019,1,1450000,1450000,0.0077,2019,2019,FALSE
22989,Chad Williams,chad williams,WR,IND IND,IND,24,2019,2020,2,1380000,690000,0.0037,2020,2020,FALSE
23004,Marvin Hall,marvin hall,WR,DET DET,DET,25,2019,2020,2,1380000,690000,0.0037,2020,2020,FALSE
23006,Stacy Coley,stacy coley,WR,NYJ NYJ,NYJ,24,2019,2020,2,1380000,690000,0.0037,2020,2020,FALSE
23007,Devin Smith,devin smith,WR,DAL DAL,DAL,26,2019,2020,2,1380000,690000,0.0037,2020,2020,FALSE
23008,Johnny Holton,johnny holton,WR,PIT PIT,PIT,27,2019,2020,2,1380000,690000,0.0037,2020,2020,FALSE
23015,ArDarius Stewart,ardarius stewart,WR,WAS WAS,WAS,25,2019,2020,2,1380000,690000,0.0037,2020,2020,FALSE
23016,Carlos Henderson,carlos henderson,WR,WAS WAS,WAS,24,2019,2020,2,1380000,690000,0.0037,2020,2020,FALSE
23017,Kalif Raymond,kalif raymond,WR,TEN TEN,TEN,24,2019,2020,2,1380000,690000,0.0037,2020,2020,FALSE
23018,Roger Lewis,roger lewis,WR,TEN TEN,TEN,25,2019,2020,2,1380000,690000,0.0037,2020,2020,FALSE
23024,Jermaine Kearse,jermaine kearse,WR,DET DET,DET,28,2019,2019,1,1350000,1350000,0.0072,2019,2019,FALSE
23031,Deontay Burnett,deontay burnett,WR,PHI PHI,PHI,21,2019,2021,2,1320000,660000,0.0034999999999999996,2020,2021,FALSE
23034,Shelton Gibson,shelton gibson,WR,PHI PHI,PHI,23,2019,2020,2,1320000,660000,0.0034999999999999996,2020,2020,FALSE
23035,Josh Malone,josh malone,WR,NYJ NYJ,NYJ,22,2019,2020,2,1320000,660000,0.0034999999999999996,2020,2020,FALSE
23037,Da'Mari Scott,da mari scott,WR,NYG NYG,NYG,23,2019,2020,2,1320000,660000,0.0034999999999999996,2020,2020,FALSE
23045,Jaydon Mickens,jaydon mickens,WR,TB TB,TB,24,2019,2020,2,1305000,652500,0.0034999999999999996,2020,2020,FALSE
23057,Tim White,tim white,WR,NYJ NYJ,NYJ,24,2019,2020,2,1240000,620000,0.0032999999999999995,2020,2020,FALSE
23065,Robert Davis,robert davis,WR,PHI PHI,PHI,23,2019,2020,2,1230000,615000,0.0032999999999999995,2020,2020,FALSE
23067,Ahmad Thomas,ahmad thomas,WR,ATL ATL,ATL,24,2019,2020,2,1230000,615000,0.0032999999999999995,2020,2020,FALSE
23078,Brandon Powell,brandon powell,WR,ATL ATL,ATL,22,2019,2020,2,1230000,615000,0.0032999999999999995,2020,2020,FALSE
23083,Amara Darboh,amara darboh,WR,PIT PIT,PIT,24,2019,2020,2,1230000,615000,0.0032999999999999995,2020,2020,FALSE
23085,Marcell Ateman,marcell ateman,WR,OAK OAK,LV,24,2019,2020,2,1230000,615000,0.0032999999999999995,2020,2020,FALSE
23089,Vyncint Smith,vyncint smith,WR,NYJ NYJ,NYJ,22,2019,2020,2,1230000,615000,0.0032999999999999995,2020,2020,FALSE
23096,Max McCaffrey,max mccaffrey,WR,SF SF,SF,24,2019,2020,2,1230000,615000,0.0032999999999999995,2020,2020,FALSE
23102,Brandon Reilly,brandon reilly,WR,DET DET,DET,25,2019,2020,2,1230000,615000,0.0032999999999999995,2020,2020,FALSE
23110,Lance Lenoir,lance lenoir,WR,DAL DAL,DAL,23,2019,2020,2,1230000,615000,0.0032999999999999995,2020,2020,FALSE
23111,Tanner Gentry,tanner gentry,WR,CHI CHI,CHI,24,2019,2020,2,1230000,615000,0.0032999999999999995,2020,2020,FALSE
23112,Carlton Agudosi,carlton agudosi,WR,PHI PHI,PHI,24,2019,2020,2,1230000,615000,0.0032999999999999995,2020,2020,FALSE
23113,Isaac Whitney,isaac whitney,WR,HOU HOU,HOU,24,2019,2020,2,1230000,615000,0.0032999999999999995,2020,2020,FALSE
23125,K.J. Brent,k j brent,WR,TB TB,TB,25,2019,2020,2,1230000,615000,0.0032999999999999995,2020,2020,FALSE
23132,Chad Hansen,chad hansen,WR,NO NO,NO,23,2019,2020,2,1230000,615000,0.0032999999999999995,2020,2020,FALSE
23136,Cam Phillips,cam phillips,WR,BUF BUF,BUF,23,2019,2020,2,1230000,615000,0.0032999999999999995,2020,2020,FALSE
23147,Jeff Badet,jeff badet,WR,MIN MIN,MIN,24,2019,2020,2,1155000,577500,0.0031,2020,2020,FALSE
23148,Jeff Smith,jeff smith,WR,NYJ NYJ,NYJ,21,2019,2020,2,1150000,575000,0.0031,2020,2020,FALSE
23165,Greg Ward,greg ward,WR,PHI PHI,PHI,23,2019,2020,2,1080000,540000,0.0029000000000000002,2020,2020,FALSE
23167,Reece Horn,reece horn,WR,MIA MIA,MIA,25,2019,2020,2,1080000,540000,0.0029000000000000002,2020,2020,FALSE
23181,Xavier Ubosi,xavier ubosi,WR,TB TB,TB,NA,2019,2020,2,1080000,540000,0.0029000000000000002,2020,2020,FALSE
23190,Trenton Irwin,trenton irwin,WR,CIN CIN,CIN,23,2019,2020,2,1080000,540000,0.0029000000000000002,2020,2020,FALSE
23192,John Franklin,john franklin,WR,TB TB,TB,24,2019,2021,2,1080000,540000,0.0029000000000000002,2020,2021,FALSE
23195,Spencer Schnell,spencer schnell,WR,TB TB,TB,24,2019,2020,2,1080000,540000,0.0029000000000000002,2020,2020,FALSE
23198,David Sills,david sills,WR,NYG NYG,NYG,23,2019,2021,2,1080000,540000,0.0029000000000000002,2020,2021,FALSE
23203,Travis Fulgham,travis fulgham,WR,DET DET,DET,23,2019,2020,2,1080000,540000,0.0029000000000000002,2020,2020,FALSE
23204,Ishmael Hyman,ishmael hyman,WR,TB TB,TB,23,2019,2020,2,1080000,540000,0.0029000000000000002,2020,2020,FALSE
23213,Alexander Hollins,alexander hollins,WR,MIN MIN,MIN,22,2019,2020,2,1080000,540000,0.0029000000000000002,2020,2020,FALSE
23214,Jalen Guyton,jalen guyton,WR,LAC LAC,LAC,21,2019,2021,2,1080000,540000,0.0029000000000000002,2020,2021,FALSE
23216,Rico Gafford,rico gafford,WR,OAK OAK,LV,22,2019,2020,2,1080000,540000,0.0029000000000000002,2020,2020,FALSE
23217,Chris Lacy,chris lacy,WR,DET DET,DET,22,2019,2020,2,1080000,540000,0.0029000000000000002,2020,2020,FALSE
23227,Nsimba Webster,nsimba webster,WR,LAR LAR,LA,22,2019,2021,2,1080000,540000,0.0029000000000000002,2020,2021,FALSE
23228,Deon Cain,deon cain,WR,PIT PIT,PIT,22,2019,2020,2,1080000,540000,0.0029000000000000002,2020,2020,FALSE
23229,Damion Willis,damion willis,WR,CIN CIN,CIN,21,2019,2020,2,1080000,540000,0.0029000000000000002,2020,2020,FALSE
23238,Michael Walker,michael walker,WR,JAX JAX,JAX,22,2019,2021,2,1080000,540000,0.0029000000000000002,2020,2021,FALSE
23243,Krishawn Hogan,krishawn hogan,WR,NO NO,NO,23,2019,2020,2,1080000,540000,0.0029000000000000002,2020,2020,FALSE
23244,Steven Mitchell,steven mitchell,WR,HOU HOU,HOU,24,2019,2021,2,1080000,540000,0.0029000000000000002,2020,2021,FALSE
23253,Jason Moore,jason moore,WR,LAC LAC,LAC,23,2019,2020,2,1080000,540000,0.0029000000000000002,2020,2020,FALSE
23255,Cam Sims,cam sims,WR,WAS WAS,WAS,22,2019,2020,2,1080000,540000,0.0029000000000000002,2020,2020,FALSE
23256,Stanley Morgan,stanley morgan,WR,CIN CIN,CIN,22,2019,2020,2,1080000,540000,0.0029000000000000002,2020,2020,FALSE
23257,Ventell Bryant,ventell bryant,WR,DAL DAL,DAL,22,2019,2020,2,1080000,540000,0.0029000000000000002,2020,2020,FALSE
23261,Ashton Dulin,ashton dulin,WR,IND IND,IND,21,2019,2021,2,1080000,540000,0.0029000000000000002,2020,2021,FALSE
23265,Lil’jordan Humphrey,lil jordan humphrey,WR,NO NO,NO,20,2019,2020,2,1080000,540000,0.0029000000000000002,2020,2020,FALSE
23267,Cedrick Wilson,cedrick wilson,WR,DAL DAL,DAL,23,2019,2020,2,1080000,540000,0.0029000000000000002,2020,2020,FALSE
23268,Byron Pringle,byron pringle,WR,KC KC,KC,25,2019,2020,2,1080000,540000,0.0029000000000000002,2020,2020,FALSE
23279,Papi White,papi white,WR,TEN TEN,TEN,22,2019,2020,2,1080000,540000,0.0029000000000000002,2020,2020,FALSE
23291,Reggie Davis,reggie davis,WR,DAL DAL,DAL,23,2019,2020,2,1080000,540000,0.0029000000000000002,2020,2020,FALSE
23292,Austin Proehl,austin proehl,WR,LAR LAR,LA,23,2019,2020,2,1080000,540000,0.0029000000000000002,2020,2020,FALSE
23305,Jordan Williams-Lambert,jordan williams lambert,WR,CHI CHI,CHI,24,2019,2020,2,1080000,540000,0.0029000000000000002,2020,2020,FALSE
23308,Dorren Miller,dorren miller,WR,PHI PHI,PHI,24,2019,2020,2,1080000,540000,0.0029000000000000002,2020,2020,FALSE
23311,Andre Patton,andre patton,WR,LAC LAC,LAC,24,2019,2020,2,1080000,540000,0.0029000000000000002,2020,2020,FALSE
23314,Jordan Veasy,jordan veasy,WR,IND IND,IND,23,2019,2020,2,1080000,540000,0.0029000000000000002,2020,2020,FALSE
23316,Steve Ishmael,steve ishmael,WR,IND IND,IND,23,2019,2020,2,1080000,540000,0.0029000000000000002,2020,2020,FALSE
23317,Krishawn Hogan,krishawn hogan,WR,IND IND,IND,23,2019,2020,2,1080000,540000,0.0029000000000000002,2020,2020,FALSE
23323,Marken Michel,marken michel,WR,PHI PHI,PHI,25,2019,2020,2,1080000,540000,0.0029000000000000002,2020,2020,FALSE
23333,Cyril Grayson,cyril grayson,WR,TB TB,TB,25,2019,2020,2,1080000,540000,0.0029000000000000002,2020,2020,FALSE
23339,Jester Weah,jester weah,WR,WAS WAS,WAS,23,2019,2020,2,1080000,540000,0.0029000000000000002,2020,2020,FALSE
23344,Duke Williams,duke williams,WR,BUF BUF,BUF,25,2019,2021,2,1080000,540000,0.0029000000000000002,2020,2021,FALSE
23361,Devin Ross,devin ross,WR,PHI PHI,PHI,23,2019,2020,2,1080000,540000,0.0029000000000000002,2020,2020,FALSE
23368,DeAngelo Yancey,deangelo yancey,WR,NYJ NYJ,NYJ,24,2019,2020,2,1080000,540000,0.0029000000000000002,2020,2020,FALSE
23373,C.J. Board,c j board,WR,JAX JAX,JAX,25,2019,2020,2,1080000,540000,0.0029000000000000002,2020,2020,FALSE
23379,Deontez Alexander,deontez alexander,WR,DET DET,DET,22,2019,2020,2,1080000,540000,0.0029000000000000002,2020,2020,FALSE
23384,Fred Brown,fred brown,WR,DEN DEN,DEN,25,2019,2020,2,1080000,540000,0.0029000000000000002,2020,2020,FALSE
23385,Levonte Whitfield,levonte whitfield,WR,CIN CIN,CIN,25,2019,2020,2,1080000,540000,0.0029000000000000002,2020,2020,FALSE
23389,Devin Gray,devin gray,WR,ATL ATL,ATL,23,2019,2020,2,1080000,540000,0.0029000000000000002,2020,2020,FALSE
23393,Christian Blake,christian blake,WR,ATL ATL,ATL,22,2019,2020,2,1080000,540000,0.0029000000000000002,2020,2020,FALSE
23395,Daniel Williams,daniel williams,WR,CLE CLE,CLE,NA,2019,2020,2,1080000,540000,0.0029000000000000002,2020,2020,FALSE
23402,Jordan Smallwood,jordan smallwood,WR,SF SF,SF,23,2019,2020,2,1080000,540000,0.0029000000000000002,2020,2020,FALSE
23406,Rashard Davis,rashard davis,WR,TEN TEN,TEN,23,2019,2021,2,1080000,540000,0.0029000000000000002,2020,2021,FALSE
23409,Tevin Jones,tevin jones,WR,PIT PIT,PIT,26,2019,2020,2,1080000,540000,0.0029000000000000002,2020,2020,FALSE
23450,Ryan Grant,ryan grant,WR,OAK OAK,LV,28,2019,2019,1,1000000,1000000,0.0053,2019,2019,FALSE
23460,Maurice Harris,maurice harris,WR,NE NE,NE,26,2019,2019,1,1000000,1000000,0.0053,2019,2019,FALSE
23464,Rishard Matthews,rishard matthews,WR,NO NO,NO,29,2019,2019,1,930000,930000,0.0049,2019,2019,FALSE
23466,Terrelle Pryor,terrelle pryor,WR,JAX JAX,JAX,29,2019,2019,1,930000,930000,0.0049,2019,2019,FALSE
23467,Deonte Thompson,deonte thompson,WR,NYJ NYJ,NYJ,29,2019,2019,1,930000,930000,0.0049,2019,2019,FALSE
23468,Michael Floyd,michael floyd,WR,BAL BAL,BAL,29,2019,2019,1,930000,930000,0.0049,2019,2019,FALSE
23470,Brian Quick,brian quick,WR,WAS WAS,WAS,29,2019,2019,1,930000,930000,0.0049,2019,2019,FALSE
23501,Tommylee Lewis,tommylee lewis,WR,DET DET,DET,26,2019,2019,1,920000,920000,0.0049,2019,2019,FALSE
23510,Dontrelle Inman,dontrelle inman,WR,LAC LAC,LAC,29,2019,2019,1,895000,895000,0.0048000000000000004,2019,2019,FALSE
23520,Ty Montgomery,ty montgomery,WR,NYJ NYJ,NYJ,25,2019,2019,1,895000,895000,0.0048000000000000004,2019,2019,FALSE
23537,Justin Hardy,justin hardy,WR,ATL ATL,ATL,27,2019,2019,1,895000,895000,0.0048000000000000004,2019,2019,FALSE
23540,Geremy Davis,geremy davis,WR,LAC LAC,LAC,26,2019,2019,1,895000,895000,0.0048000000000000004,2019,2019,FALSE
23541,Bennie Fowler,bennie fowler,WR,NYG NYG,NYG,27,2019,2019,1,895000,895000,0.0048000000000000004,2019,2019,FALSE
23550,Bruce Ellington,bruce ellington,WR,NE NE,NE,27,2019,2019,1,895000,895000,0.0048000000000000004,2019,2019,FALSE
23562,Charles Johnson,charles johnson,WR,PHI PHI,PHI,29,2019,2019,1,810000,810000,0.004300000000000001,2019,2019,FALSE
23570,Dontrelle Inman,dontrelle inman,WR,IND IND,IND,29,2019,2019,1,805000,805000,0.004300000000000001,2019,2019,FALSE
23579,Jordan Matthews,jordan matthews,WR,PHI PHI,PHI,26,2019,2019,1,805000,805000,0.004300000000000001,2019,2019,FALSE
23583,De'Anthony Thomas,de anthony thomas,WR,BAL BAL,BAL,25,2019,2019,1,805000,805000,0.004300000000000001,2019,2019,FALSE
23592,Ryan Grant,ryan grant,WR,GB GB,GB,28,2019,2019,1,805000,805000,0.004300000000000001,2019,2019,FALSE
23593,Bennie Fowler,bennie fowler,WR,NYG NYG,NYG,27,2019,2019,1,805000,805000,0.004300000000000001,2019,2019,FALSE
23599,Jordan Matthews,jordan matthews,WR,SF SF,SF,26,2019,2019,1,805000,805000,0.004300000000000001,2019,2019,FALSE
23624,De'Anthony Thomas,de anthony thomas,WR,KC KC,KC,25,2019,2019,1,805000,805000,0.004300000000000001,2019,2019,FALSE
23641,TJ Jones,tj jones,WR,NYG NYG,NYG,26,2019,2019,1,805000,805000,0.004300000000000001,2019,2019,FALSE
23643,Nick Williams,nick williams,WR,SF SF,SF,28,2019,2019,1,805000,805000,0.004300000000000001,2019,2019,FALSE
23656,Aldrick Robinson,aldrick robinson,WR,CAR CAR,CAR,30,2019,2019,1,805000,805000,0.004300000000000001,2019,2019,FALSE
23672,Sammie Coates,sammie coates,WR,KC KC,KC,25,2019,2019,1,805000,805000,0.004300000000000001,2019,2019,FALSE
23693,Keelan Doss,keelan doss,WR,OAK OAK,LV,22,2019,2019,1,795000,795000,0.004200000000000001,2019,2019,FALSE
23697,Jordan Taylor,jordan taylor,WR,MIN MIN,MIN,26,2019,2019,1,725000,725000,0.0039000000000000003,2019,2019,FALSE
23709,Darius Jennings,darius jennings,WR,TEN TEN,TEN,26,2019,2019,1,720000,720000,0.0038,2019,2019,FALSE
23722,Pharoh Cooper,pharoh cooper,WR,ARI ARI,ARI,23,2019,2019,1,720000,720000,0.0038,2019,2019,FALSE
23724,Laquon Treadwell,laquon treadwell,WR,MIN MIN,MIN,23,2019,2019,1,720000,720000,0.0038,2019,2019,FALSE
23733,Josh Doctson,josh doctson,WR,MIN MIN,MIN,26,2019,2019,1,720000,720000,0.0038,2019,2019,FALSE
23743,Tanner McEvoy,tanner mcevoy,WR,TEN TEN,TEN,25,2019,2019,1,720000,720000,0.0038,2019,2019,FALSE
23753,Corey Coleman,corey coleman,WR,NYG NYG,NYG,24,2019,2019,1,720000,720000,0.0038,2019,2019,FALSE
23755,Jaelen Strong,jaelen strong,WR,CLE CLE,CLE,24,2019,2019,1,720000,720000,0.0038,2019,2019,FALSE
23766,Tre McBride,tre mcbride,WR,JAX JAX,JAX,26,2019,2019,1,720000,720000,0.0038,2019,2019,FALSE
23777,Damiere Byrd,damiere byrd,WR,ARI ARI,ARI,25,2019,2019,1,720000,720000,0.0038,2019,2019,FALSE
23784,Rashad Ross,rashad ross,WR,CAR CAR,CAR,28,2019,2019,1,655000,655000,0.0034999999999999996,2019,2019,FALSE
23786,DeAndrew White,deandrew white,WR,CAR CAR,CAR,33,2019,2019,1,645000,645000,0.0034,2019,2019,FALSE
23814,Roger Lewis,roger lewis,WR,IND IND,IND,25,2019,2019,1,645000,645000,0.0034,2019,2019,FALSE
23824,Jojo Natson,jojo natson,WR,LAR LAR,LA,24,2019,2019,1,645000,645000,0.0034,2019,2019,FALSE
23827,David Moore,david moore,WR,SEA SEA,SEA,23,2019,2019,1,645000,645000,0.0034,2019,2019,FALSE
23841,Marcus Johnson,marcus johnson,WR,IND IND,IND,24,2019,2019,1,645000,645000,0.0034,2019,2019,FALSE
23883,Braxton Miller,braxton miller,WR,CLE CLE,CLE,26,2019,2019,1,645000,645000,0.0034,2019,2019,FALSE
23884,Vince Mayle,vince mayle,WR,LAC LAC,LAC,27,2019,2019,1,645000,645000,0.0034,2019,2019,FALSE
23892,Brittan Golden,brittan golden,WR,NYG NYG,NYG,30,2019,2019,1,645000,645000,0.0034,2019,2019,FALSE
23899,Ricardo Louis,ricardo louis,WR,MIA MIA,MIA,24,2019,2019,1,645000,645000,0.0034,2019,2019,FALSE
23915,Quincy Adeboyejo,quincy adeboyejo,WR,NYJ NYJ,NYJ,23,2019,2019,1,570000,570000,0.003,2019,2019,FALSE
23917,Montay Crockett,montay crockett,WR,OAK OAK,LV,25,2019,2019,1,570000,570000,0.003,2019,2019,FALSE
23921,Jalen Tolliver,jalen tolliver,WR,KC KC,KC,23,2019,2019,1,570000,570000,0.003,2019,2019,FALSE
23924,Khadarel Hodge,khadarel hodge,WR,LAR LAR,LA,23,2019,2019,1,570000,570000,0.003,2019,2019,FALSE
23927,Deandre Carter,deandre carter,WR,HOU HOU,HOU,25,2019,2019,1,570000,570000,0.003,2019,2019,FALSE
23928,Jake Kumerow,jake kumerow,WR,GB GB,GB,26,2019,2019,1,570000,570000,0.003,2019,2019,FALSE
23930,Tim Patrick,tim patrick,WR,DEN DEN,DEN,25,2019,2019,1,570000,570000,0.003,2019,2019,FALSE
23936,Aaron Burbridge,aaron burbridge,WR,DEN DEN,DEN,25,2019,2019,1,570000,570000,0.003,2019,2019,FALSE
23943,Keenan Reynolds,keenan reynolds,WR,SEA SEA,SEA,24,2019,2019,1,570000,570000,0.003,2019,2019,FALSE
23962,Isaiah Ford,isaiah ford,WR,MIA MIA,MIA,22,2019,2019,1,570000,570000,0.003,2019,2019,FALSE
23967,Jordan Lasley,jordan lasley,WR,DET DET,DET,22,2019,2019,1,570000,570000,0.003,2019,2019,FALSE
23970,Quadree Henderson,quadree henderson,WR,JAX JAX,JAX,22,2019,2019,1,570000,570000,0.003,2019,2019,FALSE
23973,Chris Thompson,chris thompson,WR,SF SF,SF,24,2019,2019,1,570000,570000,0.003,2019,2019,FALSE
23977,Marcus Kemp,marcus kemp,WR,KC KC,KC,23,2019,2019,1,570000,570000,0.003,2019,2019,FALSE
23986,Diontae Spencer,diontae spencer,WR,PIT PIT,PIT,26,2019,2019,1,501000,501000,0.0027,2019,2019,FALSE
23998,Davon Grayson,davon grayson,WR,KC KC,KC,23,2019,2019,1,495000,495000,0.0026,2019,2019,FALSE
24000,Artavis Scott,artavis scott,WR,LAC LAC,LAC,24,2019,2019,1,495000,495000,0.0026,2019,2019,FALSE
24004,Damoun Patterson,damoun patterson,WR,NE NE,NE,24,2019,2019,1,495000,495000,0.0026,2019,2019,FALSE
24012,Josh Crockett,josh crockett,WR,KC KC,KC,23,2019,2019,1,495000,495000,0.0026,2019,2019,FALSE
24016,Justice Liggins,justice liggins,WR,LAC LAC,LAC,24,2019,2019,1,495000,495000,0.0026,2019,2019,FALSE
24018,Bryant Mitchell,bryant mitchell,WR,TB TB,TB,26,2019,2019,1,495000,495000,0.0026,2019,2019,FALSE
24022,Caleb Scott,caleb scott,WR,SEA SEA,SEA,22,2019,2019,1,495000,495000,0.0026,2019,2019,FALSE
24034,Ka'Raun White,ka raun white,WR,PIT PIT,PIT,25,2019,2019,1,495000,495000,0.0026,2019,2019,FALSE
24037,Herb Waters,herb waters,WR,PIT PIT,PIT,26,2019,2019,1,495000,495000,0.0026,2019,2019,FALSE
24042,Trey Griffey,trey griffey,WR,PIT PIT,PIT,24,2019,2019,1,495000,495000,0.0026,2019,2019,FALSE
24047,Teo Redding,teo redding,WR,GB GB,GB,24,2019,2019,1,495000,495000,0.0026,2019,2019,FALSE
24053,Andre Levrone,andre levrone,WR,CAR CAR,CAR,23,2019,2019,1,495000,495000,0.0026,2019,2019,FALSE
24066,Saeed Blacknall,saeed blacknall,WR,OAK OAK,LV,22,2019,2019,1,495000,495000,0.0026,2019,2019,FALSE
24080,De'Mornay Pierson-El,de mornay pierson el,WR,OAK OAK,LV,23,2019,2019,1,495000,495000,0.0026,2019,2019,FALSE
24098,Greg Dortch,greg dortch,WR,CAR CAR,CAR,20,2019,2019,1,495000,495000,0.0026,2019,2019,FALSE
24102,Davion Davis,davion davis,WR,MIN MIN,MIN,22,2019,2019,1,495000,495000,0.0026,2019,2019,FALSE
24103,Tom Kennedy,tom kennedy,WR,DET DET,DET,22,2019,2019,1,495000,495000,0.0026,2019,2019,FALSE
24118,Kahlil Lewis,kahlil lewis,WR,SEA SEA,SEA,NA,2019,2019,1,495000,495000,0.0026,2019,2019,FALSE
24119,Nyqwan Murray,nyqwan murray,WR,SEA SEA,SEA,21,2019,2019,1,495000,495000,0.0026,2019,2019,FALSE
24131,Todd Rahming,todd rahming,WR,MIA MIA,MIA,21,2019,2019,1,495000,495000,0.0026,2019,2019,FALSE
24135,DeAngelo Yancey,deangelo yancey,WR,TEN TEN,TEN,24,2019,2019,1,495000,495000,0.0026,2019,2019,FALSE
24139,Terrell Sinkfield,terrell sinkfield,WR,NYG NYG,NYG,28,2019,2019,1,495000,495000,0.0026,2019,2019,FALSE
24172,Isaac Zico,isaac zico,WR,ARI ARI,ARI,22,2019,2019,1,495000,495000,0.0026,2019,2019,FALSE
24176,Matt Eaton,matt eaton,WR,TB TB,TB,23,2019,2019,1,495000,495000,0.0026,2019,2019,FALSE
24180,Malachi Dupre,malachi dupre,WR,LAC LAC,LAC,23,2019,2019,1,495000,495000,0.0026,2019,2019,FALSE
24181,Amba Etta-Tawo,amba etta tawo,WR,NYG NYG,NYG,25,2019,2019,1,495000,495000,0.0026,2019,2019,FALSE
24185,Daniel Williams,daniel williams,WR,SEA SEA,SEA,NA,2019,2019,1,495000,495000,0.0026,2019,2019,FALSE
24191,Malik Taylor,malik taylor,WR,GB GB,GB,23,2019,2019,1,495000,495000,0.0026,2019,2019,FALSE
24192,Steven Dunbar,steven dunbar,WR,DEN DEN,DEN,23,2019,2019,1,495000,495000,0.0026,2019,2019,FALSE
24205,Bug Howard,bug howard,WR,DEN DEN,DEN,24,2019,2019,1,495000,495000,0.0026,2019,2019,FALSE
24206,Cyril Grayson,cyril grayson,WR,NO NO,NO,25,2019,2019,1,495000,495000,0.0026,2019,2019,FALSE
24207,Jordan Smallwood,jordan smallwood,WR,LAC LAC,LAC,23,2019,2019,1,495000,495000,0.0026,2019,2019,FALSE
24222,"Odell Beckham, Jr.",odell beckham jr,WR,NYG NYG,NYG,25,2018,2023,5,90000000,18000000,0.1016,2022,2023,FALSE
24225,Mike Evans,mike evans,WR,TB TB,TB,24,2018,2023,5,82500000,16500000,0.0931,2022,2023,FALSE
24226,Brandin Cooks,brandin cooks,WR,LAR LAR,LA,24,2018,2022,5,81000000,16200000,0.09139999999999998,2022,2022,FALSE
24228,Jarvis Landry,jarvis landry,WR,CLE CLE,CLE,25,2018,2022,5,75500000,15100000,0.0852,2022,2022,FALSE
24231,Stefon Diggs,stefon diggs,WR,MIN MIN,MIN,24,2018,2023,5,72000000,14400000,0.08129999999999998,2022,2023,FALSE
24244,Sammy Watkins,sammy watkins,WR,KC KC,KC,24,2018,2020,3,48000000,16000000,0.09029999999999999,2020,2020,FALSE
24250,Allen Robinson,allen robinson,WR,CHI CHI,CHI,24,2018,2020,3,42000000,14000000,0.079,2020,2020,FALSE
24255,Paul Richardson,paul richardson,WR,WAS WAS,WAS,25,2018,2022,5,40000000,8000000,0.0451,2022,2022,FALSE
24260,Marqise Lee,marqise lee,WR,JAX JAX,JAX,26,2018,2021,4,34000000,8500000,0.048,2021,2021,FALSE
24268,Tyler Lockett,tyler lockett,WR,SEA SEA,SEA,25,2018,2021,3,30750000,10250000,0.057800000000000004,2020,2021,FALSE
24282,Taylor Gabriel,taylor gabriel,WR,CHI CHI,CHI,26,2018,2021,4,26000000,6500000,0.036699999999999997,2021,2021,FALSE
24285,Albert Wilson,albert wilson,WR,MIA MIA,MIA,25,2018,2020,3,24000000,8000000,0.0451,2020,2020,FALSE
24292,Michael Crabtree,michael crabtree,WR,BAL BAL,BAL,30,2018,2020,3,21000000,7000000,0.0395,2020,2020,FALSE
24298,Marquise Goodwin,marquise goodwin,WR,SF SF,SF,27,2018,2022,3,19250000,6416667,0.0362,2020,2022,FALSE
24318,Jarvis Landry,jarvis landry,WR,MIA MIA,MIA,25,2018,2018,1,15982000,15982000,0.0902,2018,2018,FALSE
24333,Jordy Nelson,jordy nelson,WR,OAK OAK,LV,32,2018,2019,2,14200000,7100000,0.0401,2019,2019,FALSE
24351,Danny Amendola,danny amendola,WR,MIA MIA,MIA,32,2018,2019,2,12000000,6000000,0.0339,2019,2019,FALSE
24352,Allen Hurns,allen hurns,WR,DAL DAL,DAL,26,2018,2019,2,12000000,6000000,0.0339,2019,2019,FALSE
24360,D.J. Moore,d j moore,WR,CAR CAR,CAR,20,2018,2022,4,11171316,2792829,0.0158,2021,2022,FALSE
24362,Calvin Ridley,calvin ridley,WR,ATL ATL,ATL,23,2018,2023,4,10900711,2725178,0.0154,2021,2023,FALSE
24383,Donte Moncrief,donte moncrief,WR,JAX JAX,JAX,24,2018,2018,1,9600000,9600000,0.0542,2018,2018,FALSE
24384,Cameron Meredith,cameron meredith,WR,NO NO,NO,25,2018,2019,2,9500000,4750000,0.0268,2019,2019,FALSE
24396,Rishard Matthews,rishard matthews,WR,TEN TEN,TEN,28,2018,2019,1,7750000,7750000,0.0437,2018,2019,FALSE
24402,Jarius Wright,jarius wright,WR,CAR CAR,CAR,28,2018,2020,3,7500000,2500000,0.0141,2020,2020,FALSE
24412,Willie Snead,willie snead,WR,BAL BAL,BAL,25,2018,2019,2,7000000,3500000,0.019799999999999998,2019,2019,FALSE
24416,Tavon Austin,tavon austin,WR,LAR LAR,LA,27,2018,2018,1,7000000,7000000,0.0395,2018,2018,FALSE
24419,Courtland Sutton,courtland sutton,WR,DEN DEN,DEN,22,2018,2021,4,6841920,1710480,0.0097,2021,2021,FALSE
24431,Dante Pettis,dante pettis,WR,SF SF,SF,22,2018,2021,4,6400558,1600140,0.009000000000000001,2021,2021,FALSE
24439,Christian Kirk,christian kirk,WR,ARI ARI,ARI,21,2018,2021,4,5894867,1473717,0.0083,2021,2021,FALSE
24445,Jaron Brown,jaron brown,WR,SEA SEA,SEA,27,2018,2019,2,5500000,2750000,0.0155,2019,2019,FALSE
24453,Anthony Miller,anthony miller,WR,CHI CHI,CHI,23,2018,2021,4,5353700,1338425,0.0076,2021,2021,FALSE
24458,Matthew Slater,matthew slater,WR,NE NE,NE,32,2018,2019,2,5200000,2600000,0.0147,2019,2019,FALSE
24467,John Brown,john brown,WR,BAL BAL,BAL,27,2018,2018,1,5000000,5000000,0.0282,2018,2018,FALSE
24469,Ryan Grant,ryan grant,WR,IND IND,IND,27,2018,2018,1,5000000,5000000,0.0282,2018,2018,FALSE
24478,Alex Erickson,alex erickson,WR,CIN CIN,CIN,25,2018,2020,2,4680000,2340000,0.0132,2019,2020,FALSE
24481,James Washington,james washington,WR,PIT PIT,PIT,21,2018,2021,4,4501345,1125336,0.0064,2021,2021,FALSE
24483,Terrelle Pryor,terrelle pryor,WR,NYJ NYJ,NYJ,28,2018,2018,1,4500000,4500000,0.0254,2018,2018,FALSE
24485,DJ Chark,dj chark,WR,JAX JAX,JAX,21,2018,2021,4,4447229,1111807,0.0063,2021,2021,FALSE
24510,Mike Wallace,mike wallace,WR,PHI PHI,PHI,31,2018,2018,1,4000000,4000000,0.022600000000000002,2018,2018,FALSE
24529,Michael Gallup,michael gallup,WR,DAL DAL,DAL,21,2018,2021,4,3523980,880995,0.005,2021,2021,FALSE
24543,Tre'quan Smith,tre quan smith,WR,NO NO,NO,21,2018,2021,4,3420524,855131,0.0048000000000000004,2021,2021,FALSE
24558,Keke Coutee,keke coutee,WR,HOU HOU,HOU,20,2018,2021,4,3189026,797257,0.0045000000000000005,2021,2021,FALSE
24560,Antonio Callaway,antonio callaway,WR,CLE CLE,CLE,20,2018,2021,4,3177853,794463,0.0045000000000000005,2021,2021,FALSE
24568,Daesean Hamilton,daesean hamilton,WR,DEN DEN,DEN,22,2018,2022,4,3142638,785660,0.0044,2021,2022,FALSE
24590,Jaleel Scott,jaleel scott,WR,BAL BAL,BAL,22,2018,2021,4,3040381,760095,0.004300000000000001,2021,2021,FALSE
24599,Quincy Enunwa,quincy enunwa,WR,NYJ NYJ,NYJ,25,2018,2018,1,2914000,2914000,0.0164,2018,2018,FALSE
24603,Tyrell Williams,tyrell williams,WR,LAC LAC,LAC,25,2018,2018,1,2914000,2914000,0.0164,2018,2018,FALSE
24605,Adam Humphries,adam humphries,WR,TB TB,TB,24,2018,2018,1,2914000,2914000,0.0164,2018,2018,FALSE
24617,J'Mon Moore,j mon moore,WR,GB GB,GB,22,2018,2021,4,2912359,728090,0.0041,2021,2021,FALSE
24624,Justin Watson,justin watson,WR,TB TB,TB,22,2018,2021,4,2761739,690435,0.0039000000000000003,2021,2021,FALSE
24641,Daurice Fountain,daurice fountain,WR,IND IND,IND,22,2018,2021,4,2737197,684299,0.0039000000000000003,2021,2021,FALSE
24644,Jordan Lasley,jordan lasley,WR,BAL BAL,BAL,21,2018,2021,4,2728679,682170,0.0038,2021,2021,FALSE
24653,Marquez Valdes-Scantling,marquez valdes scantling,WR,GB GB,GB,23,2018,2021,4,2677553,669388,0.0038,2021,2021,FALSE
24658,Damion Ratley,damion ratley,WR,CLE CLE,CLE,22,2018,2021,4,2653866,663467,0.0037,2021,2021,FALSE
24668,Deon Cain,deon cain,WR,IND IND,IND,21,2018,2021,4,2625633,656408,0.0037,2021,2021,FALSE
24670,Ray-Ray McCloud,ray ray mccloud,WR,BUF BUF,BUF,21,2018,2021,4,2619824,654956,0.0037,2021,2021,FALSE
24674,Dylan Cantrell,dylan cantrell,WR,LAC LAC,LAC,23,2018,2021,4,2616844,654211,0.0037,2021,2021,FALSE
24677,Russell Gage,russell gage,WR,ATL ATL,ATL,21,2018,2021,4,2616194,654049,0.0037,2021,2021,FALSE
24690,Brice Butler,brice butler,WR,ARI ARI,ARI,27,2018,2019,2,2600000,1300000,0.0073,2019,2019,FALSE
24702,Braxton Berrios,braxton berrios,WR,NE NE,NE,22,2018,2021,4,2578408,644602,0.0036,2021,2021,FALSE
24704,Cedrick Wilson,cedrick wilson,WR,DAL DAL,DAL,22,2018,2021,4,2578408,644602,0.0036,2021,2021,FALSE
24705,Equanimeous St. Brown,equanimeous st brown,WR,GB GB,GB,21,2018,2021,4,2578408,644602,0.0036,2021,2021,FALSE
24711,Javon Wims,javon wims,WR,CHI CHI,CHI,23,2018,2021,4,2555912,638978,0.0036,2021,2021,FALSE
24715,Marcell Ateman,marcell ateman,WR,OAK OAK,LV,23,2018,2021,4,2553035,638259,0.0036,2021,2021,FALSE
24727,Richie James,richie james,WR,SF SF,SF,22,2018,2021,4,2536571,634143,0.0036,2021,2021,FALSE
24737,Trey Quinn,trey quinn,WR,WAS WAS,WAS,22,2018,2021,4,2529070,632268,0.0036,2021,2021,FALSE
24738,Austin Proehl,austin proehl,WR,BUF BUF,BUF,22,2018,2021,4,2529070,632268,0.0036,2021,2021,FALSE
24740,Auden Tate,auden tate,WR,CIN CIN,CIN,20,2018,2021,4,2529070,632268,0.0036,2021,2021,FALSE
24750,Cody Latimer,cody latimer,WR,NYG NYG,NYG,25,2018,2018,1,2500000,2500000,0.0141,2018,2018,FALSE
24782,TJ Jones,tj jones,WR,DET DET,DET,25,2018,2018,1,1907000,1907000,0.0108,2018,2018,FALSE
24787,Willie Snead,willie snead,WR,NO NO,NO,25,2018,2018,1,1907000,1907000,0.0108,2018,2018,FALSE
24788,Cameron Meredith,cameron meredith,WR,CHI CHI,CHI,25,2018,2018,1,1907000,1907000,0.0108,2018,2018,FALSE
24790,Josh Bellamy,josh bellamy,WR,CHI CHI,CHI,28,2018,2018,1,1907000,1907000,0.0108,2018,2018,FALSE
24794,Martavis Bryant,martavis bryant,WR,OAK OAK,LV,26,2018,2018,1,1907000,1907000,0.0108,2018,2018,FALSE
24795,Eric Decker,eric decker,WR,NE NE,NE,30,2018,2018,1,1900000,1900000,0.010700000000000001,2018,2018,FALSE
24800,Deonte Thompson,deonte thompson,WR,DAL DAL,DAL,28,2018,2018,1,1800000,1800000,0.0102,2018,2018,FALSE
24802,Brandon LaFell,brandon lafell,WR,OAK OAK,LV,31,2018,2018,1,1750000,1750000,0.009899999999999999,2018,2018,FALSE
24817,Keith Kirkwood,keith kirkwood,WR,NO NO,NO,23,2018,2020,3,1727000,575667,0.0032,2020,2020,FALSE
24820,Korey Robertson,korey robertson,WR,MIN MIN,MIN,22,2018,2020,3,1725000,575000,0.0032,2020,2020,FALSE
24825,Byron Pringle,byron pringle,WR,KC KC,KC,24,2018,2020,3,1725000,575000,0.0032,2020,2020,FALSE
24835,Brandon Powell,brandon powell,WR,DET DET,DET,21,2018,2020,3,1722000,574000,0.0032,2020,2020,FALSE
24837,Robert Foster,robert foster,WR,BUF BUF,BUF,23,2018,2020,3,1722000,574000,0.0032,2020,2020,FALSE
24840,Jeff Badet,jeff badet,WR,MIN MIN,MIN,23,2018,2020,3,1722000,574000,0.0032,2020,2020,FALSE
24851,Vyncint Smith,vyncint smith,WR,HOU HOU,HOU,21,2018,2020,3,1720000,573333,0.0032,2020,2020,FALSE
24853,Jimmy Williams,jimmy williams,WR,DEN DEN,DEN,22,2018,2020,3,1720000,573333,0.0032,2020,2020,FALSE
24856,Steve Ishmael,steve ishmael,WR,IND IND,IND,22,2018,2020,3,1720000,573333,0.0032,2020,2020,FALSE
24869,Trent Sherfield,trent sherfield,WR,ARI ARI,ARI,21,2018,2020,3,1720000,573333,0.0032,2020,2020,FALSE
24873,Cameron Batson,cameron batson,WR,TEN TEN,TEN,22,2018,2020,3,1718000,572667,0.0032,2020,2020,FALSE
24875,John Diarse,john diarse,WR,DEN DEN,DEN,23,2018,2020,3,1718000,572667,0.0032,2020,2020,FALSE
24877,Allen Lazard,allen lazard,WR,JAX JAX,JAX,22,2018,2020,3,1717500,572500,0.0032,2020,2020,FALSE
24883,Jester Weah,jester weah,WR,HOU HOU,HOU,22,2018,2020,3,1716000,572000,0.0032,2020,2020,FALSE
24904,Darren Andrews,darren andrews,WR,NE NE,NE,25,2018,2020,3,1715000,571667,0.0032,2020,2020,FALSE
24910,Deontay Burnett,deontay burnett,WR,TEN TEN,TEN,20,2018,2020,3,1715000,571667,0.0032,2020,2020,FALSE
24914,Jaelon Acklin,jaelon acklin,WR,BAL BAL,BAL,22,2018,2020,3,1715000,571667,0.0032,2020,2020,FALSE
24921,Rico Gafford,rico gafford,WR,TEN TEN,TEN,21,2018,2020,3,1713500,571167,0.0032,2020,2020,FALSE
24926,Devin Ross,devin ross,WR,TEN TEN,TEN,22,2018,2020,3,1713000,571000,0.0032,2020,2020,FALSE
24929,J.J. Jones,j j jones,WR,LAC LAC,LAC,25,2018,2020,3,1712500,570833,0.0032,2020,2020,FALSE
24930,Jordan Veasy,jordan veasy,WR,TEN TEN,TEN,22,2018,2020,3,1712500,570833,0.0032,2020,2020,FALSE
24931,Derrick Willies,derrick willies,WR,CLE CLE,CLE,23,2018,2020,3,1712500,570833,0.0032,2020,2020,FALSE
24941,Dorren Miller,dorren miller,WR,JAX JAX,JAX,23,2018,2020,3,1711000,570333,0.0032,2020,2020,FALSE
24942,Sergio Bailey,sergio bailey,WR,TB TB,TB,23,2018,2020,3,1711000,570333,0.0032,2020,2020,FALSE
24947,J.J. Jones,j j jones,WR,NYJ NYJ,NYJ,25,2018,2020,3,1710000,570000,0.0032,2020,2020,FALSE
24950,Blake Jackson,blake jackson,WR,CLE CLE,CLE,23,2018,2020,3,1710000,570000,0.0032,2020,2020,FALSE
24953,Steven Mitchell,steven mitchell,WR,HOU HOU,HOU,23,2018,2020,3,1710000,570000,0.0032,2020,2020,FALSE
24954,Chris Lacy,chris lacy,WR,DET DET,DET,21,2018,2020,3,1710000,570000,0.0032,2020,2020,FALSE
24966,Auden Tate,auden tate,WR,CIN CIN,CIN,20,2018,2021,3,1710000,570000,0.0032,2020,2021,FALSE
24969,Da'Mari Scott,da mari scott,WR,BUF BUF,BUF,22,2018,2020,3,1710000,570000,0.0032,2020,2020,FALSE
24975,Brandon Zylstra,brandon zylstra,WR,MIN MIN,MIN,24,2018,2020,3,1710000,570000,0.0032,2020,2020,FALSE
24977,River Cracraft,river cracraft,WR,DEN DEN,DEN,23,2018,2020,3,1710000,570000,0.0032,2020,2020,FALSE
24987,Marchie Murdock,marchie murdock,WR,DAL DAL,DAL,22,2018,2020,3,1710000,570000,0.0032,2020,2020,FALSE
24988,Malik Earl,malik earl,WR,DAL DAL,DAL,NA,2018,2020,3,1710000,570000,0.0032,2020,2020,FALSE
25002,Jonah Trinnaman,jonah trinnaman,WR,ARI ARI,ARI,21,2018,2020,3,1710000,570000,0.0032,2020,2020,FALSE
25003,Jalen Tolliver,jalen tolliver,WR,ARI ARI,ARI,22,2018,2020,3,1710000,570000,0.0032,2020,2020,FALSE
25016,Erv Phillips,erv phillips,WR,TB TB,TB,22,2018,2020,3,1710000,570000,0.0032,2020,2020,FALSE
25026,Jake Wieneke,jake wieneke,WR,MIN MIN,MIN,23,2018,2020,3,1710000,570000,0.0032,2020,2020,FALSE
25030,Armanti Foreman,armanti foreman,WR,MIN MIN,MIN,NA,2018,2020,3,1710000,570000,0.0032,2020,2020,FALSE
25031,Quadree Henderson,quadree henderson,WR,PIT PIT,PIT,21,2018,2020,3,1710000,570000,0.0032,2020,2020,FALSE
25042,Kent Shelby,kent shelby,WR,LAC LAC,LAC,NA,2018,2020,3,1710000,570000,0.0032,2020,2020,FALSE
25062,Devin Gray,devin gray,WR,ATL ATL,ATL,22,2018,2020,3,1710000,570000,0.0032,2020,2020,FALSE
25064,Detrich Clark,detrich clark,WR,ATL ATL,ATL,NA,2018,2020,3,1710000,570000,0.0032,2020,2020,FALSE
25066,Dontez Byrd,dontez byrd,WR,ATL ATL,ATL,22,2018,2020,3,1710000,570000,0.0032,2020,2020,FALSE
25067,Christian Blake,christian blake,WR,ATL ATL,ATL,21,2018,2020,3,1710000,570000,0.0032,2020,2020,FALSE
25068,Corey Willis,corey willis,WR,ARI ARI,ARI,22,2018,2020,3,1710000,570000,0.0032,2020,2020,FALSE
25090,Julian Williams,julian williams,WR,ATL ATL,ATL,NA,2018,2020,3,1710000,570000,0.0032,2020,2020,FALSE
25092,Allenzae Staggers,allenzae staggers,WR,WAS WAS,WAS,NA,2018,2020,3,1710000,570000,0.0032,2020,2020,FALSE
25096,Jared Murphy,jared murphy,WR,CIN CIN,CIN,23,2018,2020,3,1710000,570000,0.0032,2020,2020,FALSE
25102,Bryce Bobo,bryce bobo,WR,DEN DEN,DEN,22,2018,2020,3,1710000,570000,0.0032,2020,2020,FALSE
25107,Malik Turner,malik turner,WR,SEA SEA,SEA,21,2018,2020,3,1710000,570000,0.0032,2020,2020,FALSE
25111,Blake Jackson,blake jackson,WR,CLE CLE,CLE,23,2018,2020,3,1710000,570000,0.0032,2020,2020,FALSE
25112,Matt Fleming,matt fleming,WR,CHI CHI,CHI,NA,2018,2020,3,1710000,570000,0.0032,2020,2020,FALSE
25115,Mark Chapman,mark chapman,WR,DEN DEN,DEN,23,2018,2020,3,1710000,570000,0.0032,2020,2020,FALSE
25116,Khadarel Hodge,khadarel hodge,WR,LAR LAR,LA,22,2018,2020,3,1710000,570000,0.0032,2020,2020,FALSE
25118,Adonis Jennings,adonis jennings,WR,GB GB,GB,22,2018,2020,3,1710000,570000,0.0032,2020,2020,FALSE
25122,Damoun Patterson,damoun patterson,WR,PIT PIT,PIT,23,2018,2020,3,1710000,570000,0.0032,2020,2020,FALSE
25128,Josh Smith,josh smith,WR,NO NO,NO,NA,2018,2020,3,1710000,570000,0.0032,2020,2020,FALSE
25138,Chris Lacy,chris lacy,WR,NE NE,NE,21,2018,2020,3,1710000,570000,0.0032,2020,2020,FALSE
25146,Eldridge Massington,eldridge massington,WR,NO NO,NO,22,2018,2020,3,1710000,570000,0.0032,2020,2020,FALSE
25147,Davon Grayson,davon grayson,WR,KC KC,KC,22,2018,2020,3,1710000,570000,0.0032,2020,2020,FALSE
25155,Darvin Kidsy,darvin kidsy,WR,WAS WAS,WAS,22,2018,2020,3,1710000,570000,0.0032,2020,2020,FALSE
25164,Deontez Alexander,deontez alexander,WR,DET DET,DET,21,2018,2020,3,1710000,570000,0.0032,2020,2020,FALSE
25165,C.J. Duncan,c j duncan,WR,ARI ARI,ARI,22,2018,2020,3,1710000,570000,0.0032,2020,2020,FALSE
25166,Tim Wilson,tim wilson,WR,PHI PHI,PHI,23,2018,2020,3,1710000,570000,0.0032,2020,2020,FALSE
25190,Shaq Roland,shaq roland,WR,CHI CHI,CHI,NA,2018,2020,3,1710000,570000,0.0032,2020,2020,FALSE
25210,Jawill Davis,jawill davis,WR,NYG NYG,NYG,22,2018,2020,3,1710000,570000,0.0032,2020,2020,FALSE
25220,Anthony Mahoungou,anthony mahoungou,WR,PHI PHI,PHI,23,2018,2020,3,1710000,570000,0.0032,2020,2020,FALSE
25233,Jordan Smallwood,jordan smallwood,WR,KC KC,KC,22,2018,2020,3,1710000,570000,0.0032,2020,2020,FALSE
25243,Janarion Grant,janarion grant,WR,BAL BAL,BAL,24,2018,2020,3,1710000,570000,0.0032,2020,2020,FALSE
25247,Chad Beebe,chad beebe,WR,MIN MIN,MIN,23,2018,2020,3,1710000,570000,0.0032,2020,2020,FALSE
25251,Kyle Lewis,kyle lewis,WR,DET DET,DET,22,2018,2020,3,1710000,570000,0.0032,2020,2020,FALSE
25258,Teo Redding,teo redding,WR,DET DET,DET,23,2018,2020,3,1710000,570000,0.0032,2020,2020,FALSE
25264,Virnel Moon,virnel moon,WR,CIN CIN,CIN,NA,2018,2020,3,1710000,570000,0.0032,2020,2020,FALSE
25265,Devonte Boyd,devonte boyd,WR,CIN CIN,CIN,23,2018,2020,3,1710000,570000,0.0032,2020,2020,FALSE
25280,Elijah Marks,elijah marks,WR,KC KC,KC,NA,2018,2020,3,1710000,570000,0.0032,2020,2020,FALSE
25287,Taj Williams,taj williams,WR,SEA SEA,SEA,24,2018,2020,3,1710000,570000,0.0032,2020,2020,FALSE
25288,Ka'Raun White,ka raun white,WR,SEA SEA,SEA,24,2018,2020,3,1710000,570000,0.0032,2020,2020,FALSE
25289,Caleb Scott,caleb scott,WR,SEA SEA,SEA,21,2018,2020,3,1710000,570000,0.0032,2020,2020,FALSE
25299,Saeed Blacknall,saeed blacknall,WR,OAK OAK,LV,21,2018,2020,3,1710000,570000,0.0032,2020,2020,FALSE
25302,Da'Mari Scott,da mari scott,WR,CLE CLE,CLE,22,2018,2020,3,1710000,570000,0.0032,2020,2020,FALSE
25311,Evan Berry,evan berry,WR,CLE CLE,CLE,22,2018,2020,3,1710000,570000,0.0032,2020,2020,FALSE
25335,Cam Sims,cam sims,WR,WAS WAS,WAS,21,2018,2020,3,1710000,570000,0.0032,2020,2020,FALSE
25336,De'Mornay Pierson-El,de mornay pierson el,WR,WAS WAS,WAS,22,2018,2020,3,1710000,570000,0.0032,2020,2020,FALSE
25338,Mikah Holder,mikah holder,WR,WAS WAS,WAS,NA,2018,2020,3,1710000,570000,0.0032,2020,2020,FALSE
25340,Shay Fields,shay fields,WR,WAS WAS,WAS,21,2018,2020,3,1710000,570000,0.0032,2020,2020,FALSE
25342,Simmie Cobbs Jr.,simmie cobbs jr,WR,WAS WAS,WAS,22,2018,2020,3,1710000,570000,0.0032,2020,2020,FALSE
25347,Steven Mitchell,steven mitchell,WR,LAR LAR,LA,23,2018,2020,3,1710000,570000,0.0032,2020,2020,FALSE
25350,Ricky Jeune,ricky jeune,WR,LAR LAR,LA,24,2018,2020,3,1710000,570000,0.0032,2020,2020,FALSE
25351,LaQuvionte Gonzalez,laquvionte gonzalez,WR,LAR LAR,LA,NA,2018,2020,3,1710000,570000,0.0032,2020,2020,FALSE
25360,Garrett Johnson,garrett johnson,WR,CHI CHI,CHI,22,2018,2020,3,1710000,570000,0.0032,2020,2020,FALSE
25366,Andre Levrone,andre levrone,WR,BAL BAL,BAL,22,2018,2020,3,1710000,570000,0.0032,2020,2020,FALSE
25372,Cam Phillips,cam phillips,WR,BUF BUF,BUF,22,2018,2020,3,1710000,570000,0.0032,2020,2020,FALSE
25390,Steven Dunbar,steven dunbar,WR,SF SF,SF,22,2018,2020,3,1710000,570000,0.0032,2020,2020,FALSE
25400,Brice Butler,brice butler,WR,MIA MIA,MIA,27,2018,2019,2,1595000,797500,0.0045000000000000005,2019,2019,FALSE
25402,Brice Butler,brice butler,WR,DAL DAL,DAL,27,2018,2019,2,1595000,797500,0.0045000000000000005,2019,2019,FALSE
25418,Charles Johnson,charles johnson,WR,NYJ NYJ,NYJ,28,2018,2018,1,1500000,1500000,0.0085,2018,2018,FALSE
25443,Bryce Treggs,bryce treggs,WR,PHI PHI,PHI,23,2018,2019,2,1370000,685000,0.0039000000000000003,2019,2019,FALSE
25455,Darius Jennings,darius jennings,WR,TEN TEN,TEN,25,2018,2019,2,1350000,675000,0.0038,2019,2019,FALSE
25461,Seantavius Jones,seantavius jones,WR,IND IND,IND,25,2018,2019,2,1350000,675000,0.0038,2019,2019,FALSE
25462,James Wright,james wright,WR,IND IND,IND,26,2018,2019,2,1350000,675000,0.0038,2019,2019,FALSE
25495,Jeff Janis,jeff janis,WR,CLE CLE,CLE,26,2018,2018,1,1250000,1250000,0.0070999999999999995,2018,2018,FALSE
25497,Dez Bryant,dez bryant,WR,NO NO,NO,29,2018,2018,1,1250000,1250000,0.0070999999999999995,2018,2018,FALSE
25500,Bruce Ellington,bruce ellington,WR,HOU HOU,HOU,26,2018,2018,1,1250000,1250000,0.0070999999999999995,2018,2018,FALSE
25502,Russell Shepard,russell shepard,WR,NYG NYG,NYG,27,2018,2018,1,1250000,1250000,0.0070999999999999995,2018,2018,FALSE
25521,Tevaun Smith,tevaun smith,WR,JAX JAX,JAX,24,2018,2019,2,1200000,600000,0.0034,2019,2019,FALSE
25541,Daniel Braverman,daniel braverman,WR,KC KC,KC,24,2018,2019,2,1200000,600000,0.0034,2019,2019,FALSE
25552,Jake Lampman,jake lampman,WR,TB TB,TB,24,2018,2019,2,1200000,600000,0.0034,2019,2019,FALSE
25556,Victor Bolden,victor bolden,WR,BUF BUF,BUF,22,2018,2019,2,1200000,600000,0.0034,2019,2019,FALSE
25568,Andy Jones,andy jones,WR,DET DET,DET,23,2018,2019,2,1200000,600000,0.0034,2019,2019,FALSE
25570,Taquan Mizzell,taquan mizzell,WR,CHI CHI,CHI,24,2018,2019,2,1200000,600000,0.0034,2019,2019,FALSE
25571,Jehu Chesson,jehu chesson,WR,WAS WAS,WAS,24,2018,2019,2,1200000,600000,0.0034,2019,2019,FALSE
25583,Isaiah McKenzie,isaiah mckenzie,WR,DEN DEN,DEN,22,2018,2019,2,1200000,600000,0.0034,2019,2019,FALSE
25599,Alonzo Russell,alonzo russell,WR,NYG NYG,NYG,25,2018,2020,2,1080000,540000,0.003,2019,2020,FALSE
25604,Greg Ward,greg ward,WR,PHI PHI,PHI,22,2018,2019,2,1057500,528750,0.003,2019,2019,FALSE
25620,Ricky Jeune,ricky jeune,WR,DAL DAL,DAL,24,2018,2019,2,1050000,525000,0.003,2019,2019,FALSE
25629,Montay Crockett,montay crockett,WR,JAX JAX,JAX,24,2018,2019,2,1050000,525000,0.003,2019,2019,FALSE
25631,Taj Williams,taj williams,WR,ATL ATL,ATL,24,2018,2019,2,1050000,525000,0.003,2019,2019,FALSE
25639,Hunter Sharp,hunter sharp,WR,CIN CIN,CIN,23,2018,2020,2,1050000,525000,0.003,2019,2020,FALSE
25640,Malachi Dupre,malachi dupre,WR,ARI ARI,ARI,22,2018,2019,2,1050000,525000,0.003,2019,2019,FALSE
25641,Steven Dunbar,steven dunbar,WR,SF SF,SF,22,2018,2019,2,1050000,525000,0.003,2019,2019,FALSE
25647,Darvin Kidsy,darvin kidsy,WR,WAS WAS,WAS,22,2018,2020,2,1050000,525000,0.003,2019,2020,FALSE
25655,Rico Gafford,rico gafford,WR,OAK OAK,LV,21,2018,2019,2,1050000,525000,0.003,2019,2019,FALSE
25657,Allen Lazard,allen lazard,WR,GB GB,GB,22,2018,2019,2,1050000,525000,0.003,2019,2019,FALSE
25660,Simmie Cobbs Jr.,simmie cobbs jr,WR,NO NO,NO,22,2018,2019,2,1050000,525000,0.003,2019,2019,FALSE
25667,Daurice Fountain,daurice fountain,WR,IND IND,IND,22,2018,2020,2,1050000,525000,0.003,2019,2020,FALSE
25670,Dylan Cantrell,dylan cantrell,WR,LAC LAC,LAC,23,2018,2019,2,1050000,525000,0.003,2019,2019,FALSE
25674,Isaiah Ford,isaiah ford,WR,MIA MIA,MIA,21,2018,2019,2,1050000,525000,0.003,2019,2019,FALSE
25679,Jalen Tolliver,jalen tolliver,WR,ARI ARI,ARI,22,2018,2019,2,1050000,525000,0.003,2019,2019,FALSE
25684,Keith Kirkwood,keith kirkwood,WR,NO NO,NO,23,2018,2019,2,1050000,525000,0.003,2019,2019,FALSE
25685,Robert Foster,robert foster,WR,BUF BUF,BUF,23,2018,2019,2,1050000,525000,0.003,2019,2019,FALSE
25688,River Cracraft,river cracraft,WR,DEN DEN,DEN,23,2018,2019,2,1050000,525000,0.003,2019,2019,FALSE
25689,Malik Turner,malik turner,WR,SEA SEA,SEA,21,2018,2019,2,1050000,525000,0.003,2019,2019,FALSE
25698,Quadree Henderson,quadree henderson,WR,NYG NYG,NYG,21,2018,2019,2,1050000,525000,0.003,2019,2019,FALSE
25702,Cameron Batson,cameron batson,WR,TEN TEN,TEN,22,2018,2019,2,1050000,525000,0.003,2019,2019,FALSE
25708,Jawill Davis,jawill davis,WR,NYG NYG,NYG,22,2018,2019,2,1050000,525000,0.003,2019,2019,FALSE
25721,Rashard Davis,rashard davis,WR,PHI PHI,PHI,22,2018,2019,2,1050000,525000,0.003,2019,2019,FALSE
25724,Devon Cajuste,devon cajuste,WR,CLE CLE,CLE,24,2018,2019,2,1050000,525000,0.003,2019,2019,FALSE
25727,Cayleb Jones,cayleb jones,WR,MIN MIN,MIN,24,2018,2019,2,1050000,525000,0.003,2019,2019,FALSE
25735,Lamar Atkins,lamar atkins,WR,JAX JAX,JAX,23,2018,2019,2,1050000,525000,0.003,2019,2019,FALSE
25738,DeAndre Smelter,deandre smelter,WR,IND IND,IND,26,2018,2019,2,1050000,525000,0.003,2019,2019,FALSE
25739,Travin Dural,travin dural,WR,NO NO,NO,24,2018,2019,2,1050000,525000,0.003,2019,2019,FALSE
25743,Reggie Davis,reggie davis,WR,ATL ATL,ATL,22,2018,2019,2,1050000,525000,0.003,2019,2019,FALSE
25748,Zach Pascal,zach pascal,WR,IND IND,IND,23,2018,2020,2,1050000,525000,0.003,2019,2020,FALSE
25763,Gehrig Dieter,gehrig dieter,WR,KC KC,KC,24,2018,2019,2,1050000,525000,0.003,2019,2019,FALSE
25769,Fred Brown,fred brown,WR,LAR LAR,LA,24,2018,2019,2,1050000,525000,0.003,2019,2019,FALSE
25773,Francis Owusu,francis owusu,WR,MIA MIA,MIA,23,2018,2019,2,1050000,525000,0.003,2019,2019,FALSE
25774,Ahmad Thomas,ahmad thomas,WR,IND IND,IND,23,2018,2019,2,1050000,525000,0.003,2019,2019,FALSE
25779,Colby Pearson,colby pearson,WR,ATL ATL,ATL,22,2018,2019,2,1050000,525000,0.003,2019,2019,FALSE
25780,Justice Liggins,justice liggins,WR,LAC LAC,LAC,23,2018,2019,2,1050000,525000,0.003,2019,2019,FALSE
25785,Malcolm Lewis,malcolm lewis,WR,MIA MIA,MIA,24,2018,2019,2,1050000,525000,0.003,2019,2019,FALSE
25786,Drew Morgan,drew morgan,WR,MIA MIA,MIA,23,2018,2019,2,1050000,525000,0.003,2019,2019,FALSE
25788,Keon Hatcher,keon hatcher,WR,OAK OAK,LV,23,2018,2019,2,1050000,525000,0.003,2019,2019,FALSE
25792,MeKale McKay,mekale mckay,WR,DAL DAL,DAL,24,2018,2019,2,1050000,525000,0.003,2019,2019,FALSE
25793,Brian Brown,brian brown,WR,DAL DAL,DAL,23,2018,2019,2,1050000,525000,0.003,2019,2019,FALSE
25794,K.D. Cannon,k d cannon,WR,DAL DAL,DAL,22,2018,2019,2,1050000,525000,0.003,2019,2019,FALSE
25811,Devin Lucien,devin lucien,WR,TB TB,TB,24,2018,2019,2,1050000,525000,0.003,2019,2019,FALSE
25826,Kolby Listenbee,kolby listenbee,WR,IND IND,IND,23,2018,2019,2,1050000,525000,0.003,2019,2019,FALSE
25828,Dres Anderson,dres anderson,WR,DAL DAL,DAL,25,2018,2019,2,1050000,525000,0.003,2019,2019,FALSE
25834,Dontez Ford,dontez ford,WR,DET DET,DET,23,2018,2019,2,1050000,525000,0.003,2019,2019,FALSE
25838,Bug Howard,bug howard,WR,CAR CAR,CAR,23,2018,2019,2,1050000,525000,0.003,2019,2019,FALSE
25840,C.J. Board,c j board,WR,CLE CLE,CLE,24,2018,2019,2,1050000,525000,0.003,2019,2019,FALSE
25841,Levonte Whitfield,levonte whitfield,WR,CIN CIN,CIN,24,2018,2019,2,1050000,525000,0.003,2019,2019,FALSE
25852,Brandon Marshall,brandon marshall,WR,NO NO,NO,33,2018,2018,1,1015000,1015000,0.0057,2018,2018,FALSE
25863,Brandon Tate,brandon tate,WR,NO NO,NO,30,2018,2018,1,1015000,1015000,0.0057,2018,2018,FALSE
25870,Dwayne Harris,dwayne harris,WR,OAK OAK,LV,30,2018,2018,1,1005000,1005000,0.0057,2018,2018,FALSE
25872,Andre Roberts,andre roberts,WR,NYJ NYJ,NYJ,29,2018,2018,1,1005000,1005000,0.0057,2018,2018,FALSE
25879,Brandon Coleman,brandon coleman,WR,NO NO,NO,25,2018,2018,1,1000000,1000000,0.005600000000000001,2018,2018,FALSE
25880,Bennie Fowler,bennie fowler,WR,CHI CHI,CHI,26,2018,2018,1,1000000,1000000,0.005600000000000001,2018,2018,FALSE
25881,Jordan Matthews,jordan matthews,WR,NE NE,NE,25,2018,2018,1,1000000,1000000,0.005600000000000001,2018,2018,FALSE
25884,Kendall Wright,kendall wright,WR,MIN MIN,MIN,28,2018,2018,1,1000000,1000000,0.005600000000000001,2018,2018,FALSE
25896,Terrell Sinkfield,terrell sinkfield,WR,NYJ NYJ,NYJ,27,2018,2019,2,990000,495000,0.0028000000000000004,2019,2019,FALSE
25898,Jeremy Kerley,jeremy kerley,WR,BUF BUF,BUF,29,2018,2018,1,960000,960000,0.0054,2018,2018,FALSE
25918,Rishard Matthews,rishard matthews,WR,NYJ NYJ,NYJ,28,2018,2018,1,915000,915000,0.0052,2018,2018,FALSE
25932,Markus Wheaton,markus wheaton,WR,PHI PHI,PHI,26,2018,2018,1,880000,880000,0.005,2018,2018,FALSE
25942,Tavarres King,tavarres king,WR,MIN MIN,MIN,27,2018,2018,1,880000,880000,0.005,2018,2018,FALSE
25966,De'Anthony Thomas,de anthony thomas,WR,KC KC,KC,24,2018,2018,1,880000,880000,0.005,2018,2018,FALSE
25968,Brian Quick,brian quick,WR,WAS WAS,WAS,28,2018,2018,1,880000,880000,0.005,2018,2018,FALSE
25976,Justin Hunter,justin hunter,WR,PIT PIT,PIT,26,2018,2018,1,870000,870000,0.0049,2018,2018,FALSE
25981,Geremy Davis,geremy davis,WR,LAC LAC,LAC,25,2018,2018,1,820000,820000,0.0046,2018,2018,FALSE
25999,Deonte Thompson,deonte thompson,WR,BUF BUF,BUF,28,2018,2018,1,790000,790000,0.0045000000000000005,2018,2018,FALSE
26003,Bruce Ellington,bruce ellington,WR,DET DET,DET,26,2018,2018,1,790000,790000,0.0045000000000000005,2018,2018,FALSE
26012,Terrelle Pryor,terrelle pryor,WR,BUF BUF,BUF,28,2018,2018,1,790000,790000,0.0045000000000000005,2018,2018,FALSE
26016,Dontrelle Inman,dontrelle inman,WR,IND IND,IND,28,2018,2018,1,790000,790000,0.0045000000000000005,2018,2018,FALSE
26018,Nick Williams,nick williams,WR,LAR LAR,LA,27,2018,2018,1,790000,790000,0.0045000000000000005,2018,2018,FALSE
26022,Kendall Wright,kendall wright,WR,ARI ARI,ARI,28,2018,2018,1,790000,790000,0.0045000000000000005,2018,2018,FALSE
26030,Jordan Matthews,jordan matthews,WR,PHI PHI,PHI,25,2018,2018,1,790000,790000,0.0045000000000000005,2018,2018,FALSE
26032,Aldrick Robinson,aldrick robinson,WR,MIN MIN,MIN,29,2018,2018,1,790000,790000,0.0045000000000000005,2018,2018,FALSE
26038,Brian Quick,brian quick,WR,WAS WAS,WAS,28,2018,2018,1,790000,790000,0.0045000000000000005,2018,2018,FALSE
26059,Michael Floyd,michael floyd,WR,WAS WAS,WAS,28,2018,2018,1,790000,790000,0.0045000000000000005,2018,2018,FALSE
26066,Kamar Aiken,kamar aiken,WR,PHI PHI,PHI,28,2018,2018,1,790000,790000,0.0045000000000000005,2018,2018,FALSE
26070,Greg Little,greg little,WR,ARI ARI,ARI,28,2018,2018,1,790000,790000,0.0045000000000000005,2018,2018,FALSE
26077,Nick Williams,nick williams,WR,TEN TEN,TEN,27,2018,2018,1,790000,790000,0.0045000000000000005,2018,2018,FALSE
26084,Josh Gordon,josh gordon,WR,CLE CLE,CLE,26,2018,2018,1,790000,790000,0.0045000000000000005,2018,2018,FALSE
26087,Griff Whalen,griff whalen,WR,OAK OAK,LV,27,2018,2018,1,790000,790000,0.0045000000000000005,2018,2018,FALSE
26091,Marquess Wilson,marquess wilson,WR,PHI PHI,PHI,25,2018,2018,1,790000,790000,0.0045000000000000005,2018,2018,FALSE
26093,Rod Streater,rod streater,WR,CLE CLE,CLE,29,2018,2018,1,790000,790000,0.0045000000000000005,2018,2018,FALSE
26112,Kaelin Clay,kaelin clay,WR,BUF BUF,BUF,25,2018,2018,1,720000,720000,0.0041,2018,2018,FALSE
26113,Quan Bray,quan bray,WR,BUF BUF,BUF,24,2018,2018,1,705500,705500,0.004,2018,2018,FALSE
26114,Quan Bray,quan bray,WR,HOU HOU,HOU,24,2018,2018,1,705000,705000,0.004,2018,2018,FALSE
26117,Corey Brown,corey brown,WR,DEN DEN,DEN,26,2018,2018,1,705000,705000,0.004,2018,2018,FALSE
26142,Freddie Martino,freddie martino,WR,TB TB,TB,26,2018,2018,1,705000,705000,0.004,2018,2018,FALSE
26143,Rashad Greene,rashad greene,WR,JAX JAX,JAX,25,2018,2018,1,705000,705000,0.004,2018,2018,FALSE
26144,Breshad Perriman,breshad perriman,WR,CLE CLE,CLE,24,2018,2018,1,705000,705000,0.004,2018,2018,FALSE
26145,Bennie Fowler,bennie fowler,WR,NYG NYG,NYG,26,2018,2018,1,705000,705000,0.004,2018,2018,FALSE
26165,Josh Huff,josh huff,WR,NO NO,NO,26,2018,2018,1,705000,705000,0.004,2018,2018,FALSE
26168,DeVier Posey,devier posey,WR,BAL BAL,BAL,27,2018,2018,1,705000,705000,0.004,2018,2018,FALSE
26173,Tre McBride,tre mcbride,WR,NYJ NYJ,NYJ,25,2018,2018,1,705000,705000,0.004,2018,2018,FALSE
26181,Johnny Holton,johnny holton,WR,OAK OAK,LV,26,2018,2018,1,630000,630000,0.0036,2018,2018,FALSE
26185,Leonte Carroo,leonte carroo,WR,MIA MIA,MIA,23,2018,2018,1,630000,630000,0.0036,2018,2018,FALSE
26199,Corey Coleman,corey coleman,WR,NYG NYG,NYG,23,2018,2018,1,630000,630000,0.0036,2018,2018,FALSE
26200,Tanner McEvoy,tanner mcevoy,WR,NO NO,NO,24,2018,2018,1,630000,630000,0.0036,2018,2018,FALSE
26208,Vince Mayle,vince mayle,WR,BAL BAL,BAL,26,2018,2018,1,630000,630000,0.0036,2018,2018,FALSE
26214,Cobi Hamilton,cobi hamilton,WR,IND IND,IND,27,2018,2018,1,630000,630000,0.0036,2018,2018,FALSE
26216,Matt Hazel,matt hazel,WR,IND IND,IND,25,2018,2018,1,630000,630000,0.0036,2018,2018,FALSE
26221,Eli Rogers,eli rogers,WR,PIT PIT,PIT,25,2018,2018,1,630000,630000,0.0036,2018,2018,FALSE
26233,Geronimo Allison,geronimo allison,WR,GB GB,GB,23,2018,2018,1,630000,630000,0.0036,2018,2018,FALSE
26248,Jordan Taylor,jordan taylor,WR,DEN DEN,DEN,25,2018,2018,1,630000,630000,0.0036,2018,2018,FALSE
26252,Damiere Byrd,damiere byrd,WR,CAR CAR,CAR,24,2018,2018,1,630000,630000,0.0036,2018,2018,FALSE
26270,Rashad Ross,rashad ross,WR,ARI ARI,ARI,27,2018,2018,1,630000,630000,0.0036,2018,2018,FALSE
26272,Jalin Marshall,jalin marshall,WR,NYJ NYJ,NYJ,22,2018,2018,1,630000,630000,0.0036,2018,2018,FALSE
26299,Donteea Dye,donteea dye,WR,TB TB,TB,24,2018,2018,1,555000,555000,0.0031,2018,2018,FALSE
26300,Josh Crockett,josh crockett,WR,KC KC,KC,22,2018,2018,1,555000,555000,0.0031,2018,2018,FALSE
26311,Dominique Williams,dominique williams,WR,DET DET,DET,27,2018,2018,1,555000,555000,0.0031,2018,2018,FALSE
26317,Jojo Natson,jojo natson,WR,LAR LAR,LA,23,2018,2018,1,555000,555000,0.0031,2018,2018,FALSE
26320,Bernard Reedy,bernard reedy,WR,TB TB,TB,26,2018,2018,1,555000,555000,0.0031,2018,2018,FALSE
26331,Nelson Spruce,nelson spruce,WR,LAC LAC,LAC,25,2018,2018,1,555000,555000,0.0031,2018,2018,FALSE
26338,Shane Wynn,shane wynn,WR,JAX JAX,JAX,25,2018,2018,1,555000,555000,0.0031,2018,2018,FALSE
26342,Michael Clark,michael clark,WR,GB GB,GB,22,2018,2018,1,555000,555000,0.0031,2018,2018,FALSE
26363,Paul Turner,paul turner,WR,NE NE,NE,24,2018,2018,1,555000,555000,0.0031,2018,2018,FALSE
26364,Carlton Agudosi,carlton agudosi,WR,ARI ARI,ARI,23,2018,2018,1,555000,555000,0.0031,2018,2018,FALSE
26370,Demarcus Ayers,demarcus ayers,WR,CHI CHI,CHI,23,2018,2018,1,555000,555000,0.0031,2018,2018,FALSE
26374,Daniel Williams,daniel williams,WR,WAS WAS,WAS,NA,2018,2018,1,555000,555000,0.0031,2018,2018,FALSE
26381,Kasen Williams,kasen williams,WR,IND IND,IND,25,2018,2018,1,555000,555000,0.0031,2018,2018,FALSE
26382,Tanner Gentry,tanner gentry,WR,CHI CHI,CHI,23,2018,2018,1,555000,555000,0.0031,2018,2018,FALSE
26390,Quincy Adeboyejo,quincy adeboyejo,WR,BAL BAL,BAL,22,2018,2018,1,480000,480000,0.0027,2018,2018,FALSE
26396,Riley McCarron,riley mccarron,WR,NE NE,NE,24,2018,2018,1,480000,480000,0.0027,2018,2018,FALSE
26398,Cody Hollister,cody hollister,WR,NE NE,NE,24,2018,2018,1,480000,480000,0.0027,2018,2018,FALSE
26401,Trey Griffey,trey griffey,WR,PIT PIT,PIT,23,2018,2018,1,480000,480000,0.0027,2018,2018,FALSE
26406,Kenny Bell,kenny bell,WR,DEN DEN,DEN,25,2018,2018,1,480000,480000,0.0027,2018,2018,FALSE
26410,Marcus Tucker,marcus tucker,WR,PIT PIT,PIT,25,2018,2018,1,480000,480000,0.0027,2018,2018,FALSE
26411,Justin Thomas,justin thomas,WR,PIT PIT,PIT,23,2018,2018,1,480000,480000,0.0027,2018,2018,FALSE
26425,Jamaal Jones,jamaal jones,WR,CAR CAR,CAR,24,2018,2018,1,480000,480000,0.0027,2018,2018,FALSE
26426,Austin Duke,austin duke,WR,CAR CAR,CAR,24,2018,2018,1,480000,480000,0.0027,2018,2018,FALSE
26431,Rasheed Bailey,rasheed bailey,WR,CAR CAR,CAR,24,2018,2018,1,480000,480000,0.0027,2018,2018,FALSE
26441,Jake Kumerow,jake kumerow,WR,GB GB,GB,25,2018,2018,1,480000,480000,0.0027,2018,2018,FALSE
26444,DeAngelo Yancey,deangelo yancey,WR,GB GB,GB,23,2018,2018,1,480000,480000,0.0027,2018,2018,FALSE
26445,Andre Patton,andre patton,WR,LAC LAC,LAC,23,2018,2018,1,480000,480000,0.0027,2018,2018,FALSE
26446,Artavis Scott,artavis scott,WR,LAC LAC,LAC,23,2018,2018,1,480000,480000,0.0027,2018,2018,FALSE
26452,Cyril Grayson,cyril grayson,WR,SEA SEA,SEA,24,2018,2018,1,480000,480000,0.0027,2018,2018,FALSE
26461,Damore'ea Stringfellow,damore ea stringfellow,WR,SEA SEA,SEA,23,2018,2018,1,480000,480000,0.0027,2018,2018,FALSE
26462,Deandre Carter,deandre carter,WR,PHI PHI,PHI,24,2018,2018,1,480000,480000,0.0027,2018,2018,FALSE
26465,Canaan Severin,canaan severin,WR,NYG NYG,NYG,24,2018,2018,1,480000,480000,0.0027,2018,2018,FALSE
26467,Amba Etta-Tawo,amba etta tawo,WR,NYG NYG,NYG,24,2018,2018,1,480000,480000,0.0027,2018,2018,FALSE
26471,Tim Patrick,tim patrick,WR,DEN DEN,DEN,24,2018,2018,1,480000,480000,0.0027,2018,2018,FALSE
26473,Jordan Leslie,jordan leslie,WR,DEN DEN,DEN,26,2018,2018,1,480000,480000,0.0027,2018,2018,FALSE
26494,Saeed Blacknall,saeed blacknall,WR,OAK OAK,LV,21,2018,2018,1,480000,480000,0.0027,2018,2018,FALSE
26495,Steve Ishmael,steve ishmael,WR,IND IND,IND,22,2018,2018,1,480000,480000,0.0027,2018,2018,FALSE
26497,Marcell Ateman,marcell ateman,WR,OAK OAK,LV,23,2018,2019,1,480000,480000,0.0027,2018,2019,FALSE
26499,Deontay Burnett,deontay burnett,WR,NYJ NYJ,NYJ,20,2018,2018,1,480000,480000,0.0027,2018,2018,FALSE
26500,Cam Phillips,cam phillips,WR,BUF BUF,BUF,22,2018,2018,1,480000,480000,0.0027,2018,2018,FALSE
26504,Tim White,tim white,WR,BAL BAL,BAL,23,2018,2018,1,480000,480000,0.0027,2018,2018,FALSE
26505,Khadarel Hodge,khadarel hodge,WR,LAR LAR,LA,22,2018,2018,1,480000,480000,0.0027,2018,2018,FALSE
26515,K.J. Maye,k j maye,WR,NE NE,NE,23,2018,2018,1,480000,480000,0.0027,2018,2018,FALSE
26534,Darius Prince,darius prince,WR,PHI PHI,PHI,27,2018,2018,1,480000,480000,0.0027,2018,2018,FALSE
26540,Austin Wolf,austin wolf,WR,ARI ARI,ARI,23,2018,2018,1,480000,480000,0.0027,2018,2018,FALSE
26543,Darren Carrington,darren carrington,WR,DAL DAL,DAL,23,2018,2018,1,480000,480000,0.0027,2018,2018,FALSE
26563,Brian Brown,brian brown,WR,DET DET,DET,23,2018,2018,1,480000,480000,0.0027,2018,2018,FALSE
26569,Marcus Peterson,marcus peterson,WR,LAC LAC,LAC,NA,2018,2018,1,480000,480000,0.0027,2018,2018,FALSE
26573,Kendal Thompson,kendal thompson,WR,LAR LAR,LA,25,2018,2018,1,480000,480000,0.0027,2018,2018,FALSE
26578,Marvin Bracy,marvin bracy,WR,SEA SEA,SEA,24,2018,2018,1,480000,480000,0.0027,2018,2018,FALSE
26580,Malachi Jones,malachi jones,WR,CHI CHI,CHI,23,2018,2018,1,480000,480000,0.0027,2018,2018,FALSE
26585,Kyle Lewis,kyle lewis,WR,GB GB,GB,22,2018,2018,1,480000,480000,0.0027,2018,2018,FALSE
26587,Aaron Lacombe,aaron lacombe,WR,LAR LAR,LA,NA,2018,2018,1,480000,480000,0.0027,2018,2018,FALSE
26590,Devin Lucien,devin lucien,WR,NE NE,NE,24,2018,2018,1,480000,480000,0.0027,2018,2018,FALSE
26594,DeAndre Smelter,deandre smelter,WR,JAX JAX,JAX,26,2018,2018,1,480000,480000,0.0027,2018,2018,FALSE
26603,Jonah Trinnaman,jonah trinnaman,WR,NYJ NYJ,NYJ,21,2018,2018,1,480000,480000,0.0027,2018,2018,FALSE
26606,Thomas Sperbeck,thomas sperbeck,WR,TB TB,TB,23,2018,2018,1,480000,480000,0.0027,2018,2018,FALSE
26607,Keenan Reynolds,keenan reynolds,WR,SEA SEA,SEA,23,2018,2018,1,480000,480000,0.0027,2018,2018,FALSE
26612,Herb Waters,herb waters,WR,GB GB,GB,25,2018,2018,1,480000,480000,0.0027,2018,2018,FALSE
26625,DeAndre Hopkins,deandre hopkins,WR,HOU HOU,HOU,24,2017,2022,5,81000000,16200000,0.09699999999999999,2021,2022,FALSE
26630,Antonio Brown,antonio brown,WR,PIT PIT,PIT,28,2017,2021,4,68000000,17000000,0.1018,2020,2021,FALSE
26643,Davante Adams,davante adams,WR,GB GB,GB,24,2017,2021,4,58000000,14500000,0.0868,2020,2021,FALSE
26649,Alshon Jeffery,alshon jeffery,WR,PHI PHI,PHI,26,2017,2021,4,52000000,13000000,0.07780000000000001,2020,2021,FALSE
26657,Pierre Garcon,pierre garcon,WR,SF SF,SF,30,2017,2021,5,47500000,9500000,0.05689999999999999,2021,2021,FALSE
26672,Robert Woods,robert woods,WR,LAR LAR,LA,24,2017,2021,5,34000000,6800000,0.0407,2021,2021,FALSE
26674,DeSean Jackson,desean jackson,WR,TB TB,TB,30,2017,2019,3,33500000,11166667,0.0669,2019,2019,FALSE
26676,Kenny Britt,kenny britt,WR,CLE CLE,CLE,28,2017,2020,4,32500000,8125000,0.0487,2020,2020,FALSE
26677,Kenny Stills,kenny stills,WR,MIA MIA,MIA,24,2017,2020,4,32000000,8000000,0.0479,2020,2020,FALSE
26700,Corey Davis,corey davis,WR,TEN TEN,TEN,21,2017,2020,4,25394688,6348672,0.038,2020,2020,FALSE
26719,Mike Williams,mike williams,WR,LAC LAC,LAC,22,2017,2021,4,19749928,4937482,0.0296,2020,2021,FALSE
26720,Adam Thielen,adam thielen,WR,MIN MIN,MIN,26,2017,2020,4,19246000,4811500,0.0288,2020,2020,FALSE
26728,John Ross,john ross,WR,CIN CIN,CIN,22,2017,2020,4,17115863,4278966,0.0256,2020,2020,FALSE
26730,Terrance Williams,terrance williams,WR,DAL DAL,DAL,27,2017,2020,4,17000000,4250000,0.0254,2020,2020,FALSE
26749,Torrey Smith,torrey smith,WR,PHI PHI,PHI,27,2017,2019,3,15000000,5000000,0.029899999999999996,2019,2019,FALSE
26766,Seth Roberts,seth roberts,WR,OAK OAK,LV,25,2017,2019,3,12000000,4000000,0.024,2019,2019,FALSE
26780,Markus Wheaton,markus wheaton,WR,CHI CHI,CHI,25,2017,2018,2,11000000,5500000,0.0329,2018,2018,FALSE
26781,Ted Ginn Jr.,ted ginn jr,WR,NO NO,NO,31,2017,2019,3,11000000,3666667,0.022000000000000002,2019,2019,FALSE
26782,Brandon Marshall,brandon marshall,WR,NYG NYG,NYG,32,2017,2018,2,11000000,5500000,0.0329,2018,2018,FALSE
26783,Jeremy Maclin,jeremy maclin,WR,BAL BAL,BAL,28,2017,2018,2,11000000,5500000,0.0329,2018,2018,FALSE
26784,Julian Edelman,julian edelman,WR,NE NE,NE,30,2017,2019,2,11000000,5500000,0.0329,2018,2019,FALSE
26786,Larry Fitzgerald,larry fitzgerald,WR,ARI ARI,ARI,33,2017,2018,1,11000000,11000000,0.0659,2017,2018,FALSE
26803,Russell Shepard,russell shepard,WR,CAR CAR,CAR,26,2017,2019,3,10000000,3333333,0.02,2019,2019,FALSE
26806,Alshon Jeffery,alshon jeffery,WR,PHI PHI,PHI,26,2017,2017,1,9500000,9500000,0.05689999999999999,2017,2017,FALSE
26811,Brandon LaFell,brandon lafell,WR,CIN CIN,CIN,30,2017,2018,2,9000000,4500000,0.0269,2018,2018,FALSE
26824,Jeremy Kerley,jeremy kerley,WR,SF SF,SF,28,2017,2019,3,8400000,2800000,0.016800000000000002,2019,2019,FALSE
26842,Zay Jones,zay jones,WR,BUF BUF,BUF,21,2017,2020,4,6779831,1694958,0.0101,2020,2020,FALSE
26847,Curtis Samuel,curtis samuel,WR,CAR CAR,CAR,20,2017,2020,4,6453683,1613421,0.0097,2020,2020,FALSE
26855,Terrelle Pryor,terrelle pryor,WR,WAS WAS,WAS,27,2017,2017,1,6000000,6000000,0.0359,2017,2017,FALSE
26858,Marquise Goodwin,marquise goodwin,WR,SF SF,SF,26,2017,2018,2,6000000,3000000,0.018000000000000002,2018,2018,FALSE
26877,Andre Holmes,andre holmes,WR,BUF BUF,BUF,28,2017,2019,3,5150000,1716667,0.0103,2019,2019,FALSE
26910,JuJu Smith-Schuster,juju smith schuster,WR,PIT PIT,PIT,20,2017,2020,4,4195779,1048945,0.0063,2020,2020,FALSE
26914,Aldrick Robinson,aldrick robinson,WR,SF SF,SF,28,2017,2018,2,4000000,2000000,0.012,2018,2018,FALSE
26917,Eric Decker,eric decker,WR,TEN TEN,TEN,29,2017,2017,1,4000000,4000000,0.024,2017,2017,FALSE
26928,Cooper Kupp,cooper kupp,WR,LAR LAR,LA,23,2017,2020,4,3831760,957940,0.0057,2020,2020,FALSE
26936,Taywan Taylor,taywan taylor,WR,TEN TEN,TEN,21,2017,2020,4,3681012,920253,0.0055000000000000005,2020,2020,FALSE
26956,ArDarius Stewart,ardarius stewart,WR,NYJ NYJ,NYJ,23,2017,2020,4,3376574,844144,0.0051,2020,2020,FALSE
26959,Carlos Henderson,carlos henderson,WR,DEN DEN,DEN,22,2017,2020,4,3325984,831496,0.005,2020,2020,FALSE
26965,Chris Godwin,chris godwin,WR,TB TB,TB,20,2017,2020,4,3284164,821041,0.0049,2020,2020,FALSE
26980,Kenny Golladay,kenny golladay,WR,DET DET,DET,23,2017,2020,4,3196324,799081,0.0048000000000000004,2020,2020,FALSE
26981,Chad Williams,chad williams,WR,ARI ARI,ARI,22,2017,2020,4,3176288,794072,0.0048000000000000004,2020,2020,FALSE
26987,Amara Darboh,amara darboh,WR,SEA SEA,SEA,22,2017,2020,4,3175288,793822,0.0048000000000000004,2020,2020,FALSE
26994,Dede Westbrook,dede westbrook,WR,JAX JAX,JAX,23,2017,2020,4,3076156,769039,0.0046,2020,2020,FALSE
27002,Josh Reynolds,josh reynolds,WR,LAR LAR,LA,21,2017,2020,4,3048021,762005,0.0046,2020,2020,FALSE
27003,Mack Hollins,mack hollins,WR,PHI PHI,PHI,23,2017,2020,4,3035668,758917,0.0045000000000000005,2020,2020,FALSE
27023,Josh Malone,josh malone,WR,CIN CIN,CIN,20,2017,2020,4,2993528,748382,0.0045000000000000005,2020,2020,FALSE
27029,Ryan Switzer,ryan switzer,WR,DAL DAL,DAL,22,2017,2020,4,2965987,741497,0.0044,2020,2020,FALSE
27035,Chad Hansen,chad hansen,WR,NYJ NYJ,NYJ,21,2017,2020,4,2819648,704912,0.004200000000000001,2020,2020,FALSE
27037,Jehu Chesson,jehu chesson,WR,KC KC,KC,23,2017,2020,4,2819648,704912,0.004200000000000001,2020,2020,FALSE
27041,Anquan Boldin,anquan boldin,WR,BUF BUF,BUF,36,2017,2017,1,2750000,2750000,0.0165,2017,2017,FALSE
27044,Dontrelle Inman,dontrelle inman,WR,LAC LAC,LAC,27,2017,2017,1,2746000,2746000,0.0164,2017,2017,FALSE
27052,Taylor Gabriel,taylor gabriel,WR,ATL ATL,ATL,25,2017,2017,1,2746000,2746000,0.0164,2017,2017,FALSE
27078,Jamal Agnew,jamal agnew,WR,DET DET,DET,21,2017,2020,4,2658364,664591,0.004,2020,2020,FALSE
27079,Shelton Gibson,shelton gibson,WR,PHI PHI,PHI,21,2017,2020,4,2657237,664309,0.004,2020,2020,FALSE
27083,Rodney Adams,rodney adams,WR,MIN MIN,MIN,22,2017,2020,4,2646504,661626,0.004,2020,2020,FALSE
27085,Isaiah McKenzie,isaiah mckenzie,WR,DEN DEN,DEN,21,2017,2020,4,2635844,658961,0.0039000000000000003,2020,2020,FALSE
27088,DeAngelo Yancey,deangelo yancey,WR,GB GB,GB,22,2017,2020,4,2623900,655975,0.0039000000000000003,2020,2020,FALSE
27096,Trent Taylor,trent taylor,WR,SF SF,SF,22,2017,2020,4,2601937,650484,0.0039000000000000003,2020,2020,FALSE
27099,Eric Weems,eric weems,WR,TEN TEN,TEN,31,2017,2018,2,2600000,1300000,0.007799999999999999,2018,2018,FALSE
27102,Kamar Aiken,kamar aiken,WR,IND IND,IND,27,2017,2017,1,2600000,2600000,0.015600000000000001,2017,2017,FALSE
27129,Robert Davis,robert davis,WR,WAS WAS,WAS,21,2017,2020,4,2538221,634555,0.0038,2020,2020,FALSE
27144,Stacy Coley,stacy coley,WR,MIN MIN,MIN,22,2017,2020,4,2496680,624170,0.0037,2020,2020,FALSE
27151,David Moore,david moore,WR,SEA SEA,SEA,21,2017,2020,4,2487365,621841,0.0037,2020,2020,FALSE
27162,Isaiah Ford,isaiah ford,WR,MIA MIA,MIA,20,2017,2020,4,2478301,619575,0.0037,2020,2020,FALSE
27164,Noah Brown,noah brown,WR,DAL DAL,DAL,20,2017,2020,4,2471938,617985,0.0037,2020,2020,FALSE
27172,Malachi Dupre,malachi dupre,WR,GB GB,GB,21,2017,2020,4,2466636,616659,0.0037,2020,2020,FALSE
27180,Eric Weems,eric weems,WR,TEN TEN,TEN,31,2017,2018,2,2425000,1212500,0.0073,2018,2018,FALSE
27182,Kenny Britt,kenny britt,WR,NE NE,NE,28,2017,2018,2,2400000,1200000,0.0072,2018,2018,FALSE
27208,Kendall Wright,kendall wright,WR,CHI CHI,CHI,27,2017,2017,1,2000000,2000000,0.012,2017,2017,FALSE
27211,Victor Cruz,victor cruz,WR,CHI CHI,CHI,30,2017,2017,1,2000000,2000000,0.012,2017,2017,FALSE
27222,Bryan Walters,bryan walters,WR,JAX JAX,JAX,29,2017,2018,2,1865000,932500,0.005600000000000001,2018,2018,FALSE
27227,Andre Roberts,andre roberts,WR,ATL ATL,ATL,28,2017,2017,1,1800000,1800000,0.0108,2017,2017,FALSE
27231,Albert Wilson,albert wilson,WR,KC KC,KC,24,2017,2017,1,1797000,1797000,0.0108,2017,2017,FALSE
27244,Arrelious Benn,arrelious benn,WR,JAX JAX,JAX,28,2017,2017,2,1765000,882500,0.0053,2018,2017,FALSE
27248,Danny Amendola,danny amendola,WR,NE NE,NE,31,2017,2017,1,1700000,1700000,0.0102,2017,2017,FALSE
27262,Carlton Agudosi,carlton agudosi,WR,ARI ARI,ARI,22,2017,2019,3,1678000,559333,0.0032999999999999995,2019,2019,FALSE
27276,Travis Rudolph,travis rudolph,WR,NYG NYG,NYG,21,2017,2019,3,1675000,558333,0.0032999999999999995,2019,2019,FALSE
27278,Cody Hollister,cody hollister,WR,NE NE,NE,23,2017,2019,3,1675000,558333,0.0032999999999999995,2019,2019,FALSE
27286,Fred Ross,fred ross,WR,CAR CAR,CAR,21,2017,2019,3,1675000,558333,0.0032999999999999995,2019,2019,FALSE
27298,Charles Johnson,charles johnson,WR,CAR CAR,CAR,27,2017,2017,1,1675000,1675000,0.01,2017,2017,FALSE
27302,Victor Bolden,victor bolden,WR,SF SF,SF,21,2017,2019,3,1673000,557667,0.0032999999999999995,2019,2019,FALSE
27307,Jhajuan Seales,jhajuan seales,WR,CHI CHI,CHI,23,2017,2019,3,1672500,557500,0.0032999999999999995,2019,2019,FALSE
27310,Austin Carr,austin carr,WR,NE NE,NE,23,2017,2019,3,1672500,557500,0.0032999999999999995,2019,2019,FALSE
27318,Tim White,tim white,WR,BAL BAL,BAL,22,2017,2019,3,1671000,557000,0.0032999999999999995,2019,2019,FALSE
27328,Brisly Estime,brisly estime,WR,NYJ NYJ,NYJ,24,2017,2019,3,1670000,556667,0.0032999999999999995,2019,2019,FALSE
27332,Michael Clark,michael clark,WR,GB GB,GB,21,2017,2019,3,1670000,556667,0.0032999999999999995,2019,2019,FALSE
27339,Kendrick Bourne,kendrick bourne,WR,SF SF,SF,21,2017,2019,3,1670000,556667,0.0032999999999999995,2019,2019,FALSE
27341,K.D. Cannon,k d cannon,WR,SF SF,SF,21,2017,2019,3,1670000,556667,0.0032999999999999995,2019,2019,FALSE
27344,Greg Ward,greg ward,WR,PHI PHI,PHI,21,2017,2019,3,1670000,556667,0.0032999999999999995,2019,2019,FALSE
27348,R.J. Shelton,r j shelton,WR,MIN MIN,MIN,22,2017,2019,3,1670000,556667,0.0032999999999999995,2019,2019,FALSE
27354,Bug Howard,bug howard,WR,IND IND,IND,22,2017,2019,3,1670000,556667,0.0032999999999999995,2019,2019,FALSE
27362,Aaron Peck,aaron peck,WR,GB GB,GB,22,2017,2019,3,1670000,556667,0.0032999999999999995,2019,2019,FALSE
27366,Anthony Nash,anthony nash,WR,DEN DEN,DEN,23,2017,2019,3,1670000,556667,0.0032999999999999995,2019,2019,FALSE
27369,Keelan Cole,keelan cole,WR,JAX JAX,JAX,23,2017,2019,3,1669000,556333,0.0032999999999999995,2019,2019,FALSE
27370,Riley McCarron,riley mccarron,WR,HOU HOU,HOU,23,2017,2019,3,1669000,556333,0.0032999999999999995,2019,2019,FALSE
27375,Kevonn Mabon,kevonn mabon,WR,TEN TEN,TEN,23,2017,2019,3,1668500,556167,0.0032999999999999995,2019,2019,FALSE
27379,Jojo Natson,jojo natson,WR,IND IND,IND,22,2017,2019,3,1668000,556000,0.0032999999999999995,2019,2019,FALSE
27393,Montay Crockett,montay crockett,WR,GB GB,GB,23,2017,2019,3,1667500,555833,0.0032999999999999995,2019,2019,FALSE
27399,Deante' Gray,deante gray,WR,HOU HOU,HOU,22,2017,2019,3,1667000,555667,0.0032999999999999995,2019,2019,FALSE
27402,Giovanni Pascascio,giovanni pascascio,WR,TEN TEN,TEN,22,2017,2019,3,1666500,555500,0.0032999999999999995,2019,2019,FALSE
27418,Justice Liggins,justice liggins,WR,IND IND,IND,22,2017,2019,3,1665000,555000,0.0032999999999999995,2019,2019,FALSE
27420,Daniel Williams,daniel williams,WR,NYJ NYJ,NYJ,NA,2017,2019,3,1665000,555000,0.0032999999999999995,2019,2019,FALSE
27421,Keevan Lucas,keevan lucas,WR,PHI PHI,PHI,21,2017,2019,3,1665000,555000,0.0032999999999999995,2019,2019,FALSE
27423,Rashard Davis,rashard davis,WR,PHI PHI,PHI,21,2017,2019,3,1665000,555000,0.0032999999999999995,2019,2019,FALSE
27424,Germone Hopper,germone hopper,WR,HOU HOU,HOU,23,2017,2019,3,1665000,555000,0.0032999999999999995,2019,2019,FALSE
27428,Brian Riley,brian riley,WR,IND IND,IND,NA,2017,2019,3,1665000,555000,0.0032999999999999995,2019,2019,FALSE
27429,De'Quan Hampton,de quan hampton,WR,NO NO,NO,22,2017,2019,3,1665000,555000,0.0032999999999999995,2019,2019,FALSE
27431,Marvin Bracy,marvin bracy,WR,IND IND,IND,23,2017,2019,3,1665000,555000,0.0032999999999999995,2019,2019,FALSE
27434,Alton Howard,alton howard,WR,CHI CHI,CHI,23,2017,2019,3,1665000,555000,0.0032999999999999995,2019,2019,FALSE
27439,Jordan Westerkamp,jordan westerkamp,WR,MIA MIA,MIA,22,2017,2019,3,1665000,555000,0.0032999999999999995,2019,2019,FALSE
27441,Justin Thomas,justin thomas,WR,LAR LAR,LA,22,2017,2019,3,1665000,555000,0.0032999999999999995,2019,2019,FALSE
27442,C.J. Germany,c j germany,WR,LAR LAR,LA,NA,2017,2019,3,1665000,555000,0.0032999999999999995,2019,2019,FALSE
27465,Chris Thompson,chris thompson,WR,HOU HOU,HOU,22,2017,2019,3,1665000,555000,0.0032999999999999995,2019,2019,FALSE
27470,Shakeir Ryan,shakeir ryan,WR,LAR LAR,LA,21,2017,2019,3,1665000,555000,0.0032999999999999995,2019,2019,FALSE
27472,Reggie Davis,reggie davis,WR,ATL ATL,ATL,21,2017,2019,3,1665000,555000,0.0032999999999999995,2019,2019,FALSE
27473,Speedy Noil,speedy noil,WR,SEA SEA,SEA,21,2017,2019,3,1665000,555000,0.0032999999999999995,2019,2019,FALSE
27476,Aaron Bailey,aaron bailey,WR,BAL BAL,BAL,22,2017,2019,3,1665000,555000,0.0032999999999999995,2019,2019,FALSE
27483,Al-Damion Riles,al damion riles,WR,IND IND,IND,23,2017,2019,3,1665000,555000,0.0032999999999999995,2019,2019,FALSE
27487,Larry Clark,larry clark,WR,ARI ARI,ARI,23,2017,2019,3,1665000,555000,0.0032999999999999995,2019,2019,FALSE
27492,Kevin Snead,kevin snead,WR,NYG NYG,NYG,25,2017,2019,3,1665000,555000,0.0032999999999999995,2019,2019,FALSE
27496,Dontez Ford,dontez ford,WR,DET DET,DET,22,2017,2019,3,1665000,555000,0.0032999999999999995,2019,2019,FALSE
27501,Levonte Whitfield,levonte whitfield,WR,CIN CIN,CIN,23,2017,2019,3,1665000,555000,0.0032999999999999995,2019,2019,FALSE
27506,Rob Wheelwright,rob wheelwright,WR,NYG NYG,NYG,22,2017,2019,3,1665000,555000,0.0032999999999999995,2019,2019,FALSE
27509,Jamari Staples,jamari staples,WR,KC KC,KC,22,2017,2019,3,1665000,555000,0.0032999999999999995,2019,2019,FALSE
27512,B.J. Johnson,b j johnson,WR,SF SF,SF,21,2017,2019,3,1665000,555000,0.0032999999999999995,2019,2019,FALSE
27536,Monty Madaris,monty madaris,WR,CIN CIN,CIN,23,2017,2019,3,1665000,555000,0.0032999999999999995,2019,2019,FALSE
27544,Jerome Lane,jerome lane,WR,IND IND,IND,20,2017,2019,3,1665000,555000,0.0032999999999999995,2019,2019,FALSE
27547,Taquan Mizzell,taquan mizzell,WR,BAL BAL,BAL,23,2017,2019,3,1665000,555000,0.0032999999999999995,2019,2019,FALSE
27548,C.J. Board,c j board,WR,BAL BAL,BAL,23,2017,2019,3,1665000,555000,0.0032999999999999995,2019,2019,FALSE
27555,Thomas Sperbeck,thomas sperbeck,WR,TB TB,TB,22,2017,2019,3,1665000,555000,0.0032999999999999995,2019,2019,FALSE
27568,Josh Magee,josh magee,WR,ATL ATL,ATL,25,2017,2019,3,1665000,555000,0.0032999999999999995,2019,2019,FALSE
27572,Reginald Davis III,reginald davis iii,WR,ATL ATL,ATL,23,2017,2019,3,1665000,555000,0.0032999999999999995,2019,2019,FALSE
27576,Levern Jacobs,levern jacobs,WR,WAS WAS,WAS,23,2017,2019,3,1665000,555000,0.0032999999999999995,2019,2019,FALSE
27580,Zach Pascal,zach pascal,WR,WAS WAS,WAS,22,2017,2019,3,1665000,555000,0.0032999999999999995,2019,2019,FALSE
27583,Bra'Lon Cherry,bra lon cherry,WR,ATL ATL,ATL,NA,2017,2019,3,1665000,555000,0.0032999999999999995,2019,2019,FALSE
27586,Bobo Wilson,bobo wilson,WR,TB TB,TB,21,2017,2019,3,1665000,555000,0.0032999999999999995,2019,2019,FALSE
27615,Ishmael Zamora,ishmael zamora,WR,OAK OAK,LV,21,2017,2019,3,1665000,555000,0.0032999999999999995,2019,2019,FALSE
27616,Isaac Whitney,isaac whitney,WR,OAK OAK,LV,22,2017,2019,3,1665000,555000,0.0032999999999999995,2019,2019,FALSE
27618,Ahmad Thomas,ahmad thomas,WR,OAK OAK,LV,22,2017,2019,3,1665000,555000,0.0032999999999999995,2019,2019,FALSE
27624,Gabe Marks,gabe marks,WR,NYJ NYJ,NYJ,22,2017,2019,3,1665000,555000,0.0032999999999999995,2019,2019,FALSE
27626,Jalen Williams,jalen williams,WR,NYG NYG,NYG,NA,2017,2019,3,1665000,555000,0.0032999999999999995,2019,2019,FALSE
27627,Keeon Johnson,keeon johnson,WR,NYG NYG,NYG,22,2017,2019,3,1665000,555000,0.0032999999999999995,2019,2019,FALSE
27631,Ahmad Fulwood,ahmad fulwood,WR,NO NO,NO,NA,2017,2019,3,1665000,555000,0.0032999999999999995,2019,2019,FALSE
27638,Francis Owusu,francis owusu,WR,MIA MIA,MIA,22,2017,2019,3,1665000,555000,0.0032999999999999995,2019,2019,FALSE
27640,Damore'ea Stringfellow,damore ea stringfellow,WR,MIA MIA,MIA,22,2017,2019,3,1665000,555000,0.0032999999999999995,2019,2019,FALSE
27655,Artavis Scott,artavis scott,WR,LAC LAC,LAC,22,2017,2019,3,1665000,555000,0.0032999999999999995,2019,2019,FALSE
27656,Andre Patton,andre patton,WR,LAC LAC,LAC,22,2017,2019,3,1665000,555000,0.0032999999999999995,2019,2019,FALSE
27668,Marcus Kemp,marcus kemp,WR,KC KC,KC,21,2017,2018,3,1665000,555000,0.0032999999999999995,2019,2018,FALSE
27669,Gehrig Dieter,gehrig dieter,WR,KC KC,KC,23,2017,2019,3,1665000,555000,0.0032999999999999995,2019,2019,FALSE
27670,Tony Stevens,tony stevens,WR,KC KC,KC,21,2017,2019,3,1665000,555000,0.0032999999999999995,2019,2019,FALSE
27671,Anas Hasic,anas hasic,WR,KC KC,KC,NA,2017,2019,3,1665000,555000,0.0032999999999999995,2019,2019,FALSE
27672,Alonzo Moore,alonzo moore,WR,KC KC,KC,24,2017,2019,3,1665000,555000,0.0032999999999999995,2019,2019,FALSE
27677,Amba Etta-Tawo,amba etta tawo,WR,JAX JAX,JAX,23,2017,2019,3,1665000,555000,0.0032999999999999995,2019,2019,FALSE
27679,Kenneth Walker,kenneth walker,WR,JAX JAX,JAX,22,2017,2019,3,1665000,555000,0.0032999999999999995,2019,2019,FALSE
27683,Trey Griffey,trey griffey,WR,IND IND,IND,22,2017,2019,3,1665000,555000,0.0032999999999999995,2019,2019,FALSE
27689,Shaq Hill,shaq hill,WR,HOU HOU,HOU,23,2017,2019,3,1665000,555000,0.0032999999999999995,2019,2019,FALSE
27696,Andy Jones,andy jones,WR,DET DET,DET,22,2017,2019,3,1665000,555000,0.0032999999999999995,2019,2019,FALSE
27697,Mose Frazier,mose frazier,WR,CAR CAR,CAR,23,2017,2019,3,1665000,555000,0.0032999999999999995,2019,2019,FALSE
27702,Malachi Dupre,malachi dupre,WR,BUF BUF,BUF,21,2017,2019,3,1665000,555000,0.0032999999999999995,2019,2019,FALSE
27708,Brandon Reilly,brandon reilly,WR,BUF BUF,BUF,23,2017,2019,3,1665000,555000,0.0032999999999999995,2019,2019,FALSE
27709,Robert Davis,robert davis,WR,WAS WAS,WAS,21,2017,2019,3,1665000,555000,0.0032999999999999995,2019,2019,FALSE
27710,Bobo Wilson,bobo wilson,WR,TB TB,TB,21,2017,2019,3,1665000,555000,0.0032999999999999995,2019,2019,FALSE
27715,Jace Billingsley,jace billingsley,WR,DET DET,DET,23,2017,2019,3,1665000,555000,0.0032999999999999995,2019,2019,FALSE
27727,Brian Brown,brian brown,WR,DAL DAL,DAL,22,2017,2019,3,1665000,555000,0.0032999999999999995,2019,2019,FALSE
27741,Karel Hamilton,karel hamilton,WR,CIN CIN,CIN,21,2017,2019,3,1665000,555000,0.0032999999999999995,2019,2019,FALSE
27752,Tanner Gentry,tanner gentry,WR,CHI CHI,CHI,22,2017,2019,3,1665000,555000,0.0032999999999999995,2019,2019,FALSE
27754,Austin Duke,austin duke,WR,CAR CAR,CAR,23,2017,2019,3,1665000,555000,0.0032999999999999995,2019,2019,FALSE
27760,Brandon Reilly,brandon reilly,WR,BUF BUF,BUF,23,2017,2019,3,1665000,555000,0.0032999999999999995,2019,2019,FALSE
27762,Daikel Shorts,daikel shorts,WR,BUF BUF,BUF,22,2017,2019,3,1665000,555000,0.0032999999999999995,2019,2019,FALSE
27764,Quincy Adeboyejo,quincy adeboyejo,WR,BAL BAL,BAL,21,2017,2019,3,1665000,555000,0.0032999999999999995,2019,2019,FALSE
27766,Tim Patrick,tim patrick,WR,BAL BAL,BAL,23,2017,2019,3,1665000,555000,0.0032999999999999995,2019,2019,FALSE
27783,Noel Thomas,noel thomas,WR,DET DET,DET,22,2017,2019,3,1665000,555000,0.0032999999999999995,2019,2019,FALSE
27786,James Quick,james quick,WR,WAS WAS,WAS,22,2017,2019,3,1665000,555000,0.0032999999999999995,2019,2019,FALSE
27789,Darreus Rogers,darreus rogers,WR,SEA SEA,SEA,23,2017,2019,3,1665000,555000,0.0032999999999999995,2019,2019,FALSE
27795,Keon Hatcher,keon hatcher,WR,OAK OAK,LV,22,2017,2019,3,1665000,555000,0.0032999999999999995,2019,2019,FALSE
27801,Travin Dural,travin dural,WR,NO NO,NO,23,2017,2019,3,1665000,555000,0.0032999999999999995,2019,2019,FALSE
27803,Drew Morgan,drew morgan,WR,MIA MIA,MIA,22,2017,2019,3,1665000,555000,0.0032999999999999995,2019,2019,FALSE
27805,Malcolm Lewis,malcolm lewis,WR,MIA MIA,MIA,23,2017,2019,3,1665000,555000,0.0032999999999999995,2019,2019,FALSE
27809,Krishawn Hogan,krishawn hogan,WR,ARI ARI,ARI,21,2017,2019,3,1665000,555000,0.0032999999999999995,2019,2019,FALSE
27810,Michael Rector,michael rector,WR,DET DET,DET,23,2017,2019,3,1665000,555000,0.0032999999999999995,2019,2019,FALSE
27824,Travis Wilson,travis wilson,WR,LAR LAR,LA,32,2017,2019,3,1665000,555000,0.0032999999999999995,2019,2019,FALSE
27853,Jaelen Strong,jaelen strong,WR,JAX JAX,JAX,22,2017,2018,2,1435000,717500,0.004300000000000001,2018,2018,FALSE
27854,Michael Floyd,michael floyd,WR,MIN MIN,MIN,27,2017,2017,1,1410000,1410000,0.008400000000000001,2017,2017,FALSE
27863,Freddie Martino,freddie martino,WR,TB TB,TB,25,2017,2018,2,1320000,660000,0.004,2018,2018,FALSE
27869,Myles White,myles white,WR,NYJ NYJ,NYJ,26,2017,2018,2,1320000,660000,0.004,2018,2018,FALSE
27888,Bradley Marquez,bradley marquez,WR,DET DET,DET,24,2017,2018,2,1320000,660000,0.004,2018,2018,FALSE
27910,Lucky Whitehead,lucky whitehead,WR,NYJ NYJ,NYJ,24,2017,2018,2,1245000,622500,0.0037,2018,2018,FALSE
27916,Michael Campanaro,michael campanaro,WR,BAL BAL,BAL,25,2017,2017,1,1200000,1200000,0.0072,2017,2017,FALSE
27919,Josh Boyce,josh boyce,WR,CLE CLE,CLE,25,2017,2018,2,1170000,585000,0.0034999999999999996,2018,2018,FALSE
27924,Jonathan Krause,jonathan krause,WR,TEN TEN,TEN,24,2017,2018,2,1170000,585000,0.0034999999999999996,2018,2018,FALSE
27927,Cobi Hamilton,cobi hamilton,WR,HOU HOU,HOU,26,2017,2018,2,1170000,585000,0.0034999999999999996,2018,2018,FALSE
27943,Tevaun Smith,tevaun smith,WR,IND IND,IND,23,2017,2018,2,1170000,585000,0.0034999999999999996,2018,2018,FALSE
27945,Darius Jennings,darius jennings,WR,TEN TEN,TEN,24,2017,2018,2,1170000,585000,0.0034999999999999996,2018,2018,FALSE
27951,Matt Hazel,matt hazel,WR,CLE CLE,CLE,24,2017,2018,2,1170000,585000,0.0034999999999999996,2018,2018,FALSE
27956,DeAndrew White,deandrew white,WR,HOU HOU,HOU,33,2017,2018,2,1170000,585000,0.0034999999999999996,2018,2018,FALSE
27970,Kalif Raymond,kalif raymond,WR,NYG NYG,NYG,22,2017,2018,2,1170000,585000,0.0034999999999999996,2018,2018,FALSE
27972,Maurice Harris,maurice harris,WR,WAS WAS,WAS,24,2017,2018,2,1170000,585000,0.0034999999999999996,2018,2018,FALSE
27981,Rashard Higgins,rashard higgins,WR,CLE CLE,CLE,22,2017,2018,2,1170000,585000,0.0034999999999999996,2018,2018,FALSE
27991,Derel Walker,derel walker,WR,TB TB,TB,25,2017,2018,2,1120000,560000,0.0034,2018,2018,FALSE
27996,Brice Butler,brice butler,WR,DAL DAL,DAL,26,2017,2017,1,1100000,1100000,0.006599999999999999,2017,2017,FALSE
28016,Dominique Williams,dominique williams,WR,PHI PHI,PHI,26,2017,2018,2,1030000,515000,0.0031,2018,2018,FALSE
28023,Deandre Carter,deandre carter,WR,SF SF,SF,23,2017,2018,2,1020000,510000,0.0031,2018,2018,FALSE
28031,Uzoma Nwachukwu,uzoma nwachukwu,WR,DAL DAL,DAL,26,2017,2018,2,1020000,510000,0.0031,2018,2018,FALSE
28032,Quincy McDuffie,quincy mcduffie,WR,DAL DAL,DAL,26,2017,2018,2,1020000,510000,0.0031,2018,2018,FALSE
28036,Alonzo Russell,alonzo russell,WR,CIN CIN,CIN,24,2017,2018,2,1020000,510000,0.0031,2018,2018,FALSE
28041,Jordan Leslie,jordan leslie,WR,CLE CLE,CLE,25,2017,2018,2,1020000,510000,0.0031,2018,2018,FALSE
28056,David Watford,david watford,WR,PHI PHI,PHI,23,2017,2018,2,1020000,510000,0.0031,2018,2018,FALSE
28058,Marcus Johnson,marcus johnson,WR,PHI PHI,PHI,22,2017,2018,2,1020000,510000,0.0031,2018,2018,FALSE
28063,K.J. Maye,k j maye,WR,TEN TEN,TEN,22,2017,2018,2,1020000,510000,0.0031,2018,2018,FALSE
28084,Tevin Jones,tevin jones,WR,KC KC,KC,24,2017,2018,2,1020000,510000,0.0031,2018,2018,FALSE
28090,Deshon Foxx,deshon foxx,WR,NYJ NYJ,NYJ,24,2017,2018,2,1020000,510000,0.0031,2018,2018,FALSE
28092,Darius Powe,darius powe,WR,NYG NYG,NYG,22,2017,2018,2,1020000,510000,0.0031,2018,2018,FALSE
28096,Jamal Robinson,jamal robinson,WR,JAX JAX,JAX,23,2017,2018,2,1020000,510000,0.0031,2018,2018,FALSE
28104,Jaydon Mickens,jaydon mickens,WR,JAX JAX,JAX,22,2017,2018,2,1020000,510000,0.0031,2018,2018,FALSE
28105,K.J. Brent,k j brent,WR,IND IND,IND,23,2017,2018,2,1020000,510000,0.0031,2018,2018,FALSE
28114,Anthony Dable,anthony dable,WR,ATL ATL,ATL,28,2017,2018,2,1020000,510000,0.0031,2018,2018,FALSE
28117,Rasheed Bailey,rasheed bailey,WR,CLE CLE,CLE,23,2017,2018,2,1020000,510000,0.0031,2018,2018,FALSE
28129,Marvin Hall,marvin hall,WR,ATL ATL,ATL,23,2017,2018,2,1020000,510000,0.0031,2018,2018,FALSE
28135,Marcus Leak,marcus leak,WR,HOU HOU,HOU,24,2017,2018,2,1020000,510000,0.0031,2018,2018,FALSE
28147,Isaiah Williams,isaiah williams,WR,WAS WAS,WAS,29,2017,2018,2,1020000,510000,0.0031,2018,2018,FALSE
28148,Kendal Thompson,kendal thompson,WR,WAS WAS,WAS,24,2017,2018,2,1020000,510000,0.0031,2018,2018,FALSE
28152,Hunter Sharp,hunter sharp,WR,NYG NYG,NYG,22,2017,2018,2,1020000,510000,0.0031,2018,2018,FALSE
28164,Lance Lenoir,lance lenoir,WR,DAL DAL,DAL,21,2017,2019,2,1020000,510000,0.0031,2018,2019,FALSE
28173,Montay Crockett,montay crockett,WR,JAX JAX,JAX,23,2017,2018,2,1020000,510000,0.0031,2018,2018,FALSE
28189,Max McCaffrey,max mccaffrey,WR,SF SF,SF,22,2017,2018,2,1020000,510000,0.0031,2018,2018,FALSE
28199,Isaac Whitney,isaac whitney,WR,OAK OAK,LV,22,2017,2018,2,1020000,510000,0.0031,2018,2018,FALSE
28200,David Moore,david moore,WR,SEA SEA,SEA,21,2017,2018,2,1020000,510000,0.0031,2018,2018,FALSE
28202,Jojo Natson,jojo natson,WR,NYJ NYJ,NYJ,22,2017,2018,2,1020000,510000,0.0031,2018,2018,FALSE
28215,Travis Rudolph,travis rudolph,WR,NYG NYG,NYG,21,2017,2018,2,1020000,510000,0.0031,2018,2018,FALSE
28217,Krishawn Hogan,krishawn hogan,WR,IND IND,IND,21,2017,2018,2,1020000,510000,0.0031,2018,2018,FALSE
28226,Larry Pinkard,larry pinkard,WR,JAX JAX,JAX,24,2017,2018,2,1020000,510000,0.0031,2018,2018,FALSE
28230,Harvey Binford,harvey binford,WR,IND IND,IND,25,2017,2018,2,1020000,510000,0.0031,2018,2018,FALSE
28234,Brandon Tate,brandon tate,WR,BUF BUF,BUF,29,2017,2017,1,1010000,1010000,0.006,2017,2017,FALSE
28279,Andrew Hawkins,andrew hawkins,WR,NE NE,NE,30,2017,2017,1,980000,980000,0.0059,2017,2017,FALSE
28319,Louis Murphy,louis murphy,WR,SF SF,SF,29,2017,2017,1,900000,900000,0.0054,2017,2017,FALSE
28335,Keshawn Martin,keshawn martin,WR,DET DET,DET,26,2017,2017,1,885000,885000,0.0053,2017,2017,FALSE
28356,Brian Quick,brian quick,WR,WAS WAS,WAS,27,2017,2017,1,855000,855000,0.0051,2017,2017,FALSE
28357,Deonte Thompson,deonte thompson,WR,CHI CHI,CHI,27,2017,2017,1,855000,855000,0.0051,2017,2017,FALSE
28368,Justin Hunter,justin hunter,WR,PIT PIT,PIT,25,2017,2017,1,855000,855000,0.0051,2017,2017,FALSE
28371,Quinton Patton,quinton patton,WR,NYJ NYJ,NYJ,26,2017,2017,1,825000,825000,0.0049,2017,2017,FALSE
28390,Josh Bellamy,josh bellamy,WR,CHI CHI,CHI,27,2017,2017,1,775000,775000,0.0046,2017,2017,FALSE
28391,Jeremy Ross,jeremy ross,WR,ARI ARI,ARI,28,2017,2017,1,775000,775000,0.0046,2017,2017,FALSE
28396,Rueben Randle,rueben randle,WR,CHI CHI,CHI,25,2017,2017,1,775000,775000,0.0046,2017,2017,FALSE
28432,T.J. Graham,t j graham,WR,CAR CAR,CAR,27,2017,2017,1,775000,775000,0.0046,2017,2017,FALSE
28433,Griff Whalen,griff whalen,WR,BAL BAL,BAL,26,2017,2017,1,775000,775000,0.0046,2017,2017,FALSE
28435,Marquess Wilson,marquess wilson,WR,NYJ NYJ,NYJ,24,2017,2017,1,775000,775000,0.0046,2017,2017,FALSE
28449,Rod Streater,rod streater,WR,BUF BUF,BUF,28,2017,2017,1,775000,775000,0.0046,2017,2017,FALSE
28478,Deonte Thompson,deonte thompson,WR,BUF BUF,BUF,27,2017,2017,1,775000,775000,0.0046,2017,2017,FALSE
28494,Jeremy Kerley,jeremy kerley,WR,NYJ NYJ,NYJ,28,2017,2017,1,775000,775000,0.0046,2017,2017,FALSE
28515,Corey Brown,corey brown,WR,BUF BUF,BUF,25,2017,2017,1,690000,690000,0.0041,2017,2017,FALSE
28530,Kenbrell Thompkins,kenbrell thompkins,WR,NYJ NYJ,NYJ,28,2017,2017,1,690000,690000,0.0041,2017,2017,FALSE
28537,Devin Street,devin street,WR,NYJ NYJ,NYJ,25,2017,2017,1,690000,690000,0.0041,2017,2017,FALSE
28544,TJ Jones,tj jones,WR,DET DET,DET,24,2017,2017,1,690000,690000,0.0041,2017,2017,FALSE
28546,Brenton Bersin,brenton bersin,WR,CAR CAR,CAR,26,2017,2017,1,690000,690000,0.0041,2017,2017,FALSE
28562,Jeremy Butler,jeremy butler,WR,BUF BUF,BUF,25,2017,2017,1,625000,625000,0.0037,2017,2017,FALSE
28570,Geremy Davis,geremy davis,WR,LAC LAC,LAC,24,2017,2017,1,615000,615000,0.0037,2017,2017,FALSE
28575,Tre McBride,tre mcbride,WR,CHI CHI,CHI,24,2017,2017,1,615000,615000,0.0037,2017,2017,FALSE
28590,Bruce Ellington,bruce ellington,WR,HOU HOU,HOU,25,2017,2017,1,615000,615000,0.0037,2017,2017,FALSE
28595,Chris Harper,chris harper,WR,NYJ NYJ,NYJ,23,2017,2017,1,615000,615000,0.0037,2017,2017,FALSE
28598,Isaiah Burse,isaiah burse,WR,LAC LAC,LAC,25,2017,2017,1,615000,615000,0.0037,2017,2017,FALSE
28604,Bennie Fowler,bennie fowler,WR,DEN DEN,DEN,25,2017,2017,1,615000,615000,0.0037,2017,2017,FALSE
28612,Willie Snead,willie snead,WR,NO NO,NO,24,2017,2017,1,615000,615000,0.0037,2017,2017,FALSE
28618,Adam Humphries,adam humphries,WR,TB TB,TB,23,2017,2017,1,615000,615000,0.0037,2017,2017,FALSE
28625,B.J. Daniels,b j daniels,WR,ATL ATL,ATL,27,2017,2017,1,615000,615000,0.0037,2017,2017,FALSE
28636,Frankie Hammond,frankie hammond,WR,NYJ NYJ,NYJ,26,2017,2017,1,615000,615000,0.0037,2017,2017,FALSE
28637,Rashad Ross,rashad ross,WR,BUF BUF,BUF,26,2017,2017,1,615000,615000,0.0037,2017,2017,FALSE
28638,Rodney Smith,rodney smith,WR,SEA SEA,SEA,26,2017,2017,1,615000,615000,0.0037,2017,2017,FALSE
28639,Seantavius Jones,seantavius jones,WR,KC KC,KC,24,2017,2017,1,615000,615000,0.0037,2017,2017,FALSE
28642,Kevin Norwood,kevin norwood,WR,NYG NYG,NYG,27,2017,2017,1,615000,615000,0.0037,2017,2017,FALSE
28644,Jared Abbrederis,jared abbrederis,WR,DET DET,DET,26,2017,2017,1,615000,615000,0.0037,2017,2017,FALSE
28646,Aaron Dobson,aaron dobson,WR,ARI ARI,ARI,25,2017,2017,1,615000,615000,0.0037,2017,2017,FALSE
28658,Marquis Bundy,marquis bundy,WR,NYG NYG,NYG,22,2017,2018,1,540000,540000,0.0032,2017,2018,FALSE
28667,Corey Washington,corey washington,WR,DAL DAL,DAL,25,2017,2017,1,540000,540000,0.0032,2017,2017,FALSE
28669,Javontee Herndon,javontee herndon,WR,DAL DAL,DAL,25,2017,2017,1,540000,540000,0.0032,2017,2017,FALSE
28670,Tony Washington,tony washington,WR,NE NE,NE,26,2017,2017,1,540000,540000,0.0032,2017,2017,FALSE
28675,Josh Crockett,josh crockett,WR,OAK OAK,LV,21,2017,2017,1,540000,540000,0.0032,2017,2017,FALSE
28681,Titus Davis,titus davis,WR,CHI CHI,CHI,23,2017,2017,1,540000,540000,0.0032,2017,2017,FALSE
28682,Kaelin Clay,kaelin clay,WR,CAR CAR,CAR,24,2017,2017,1,540000,540000,0.0032,2017,2017,FALSE
28684,Corey Washington,corey washington,WR,BUF BUF,BUF,25,2017,2017,1,540000,540000,0.0032,2017,2017,FALSE
28686,Darius Powe,darius powe,WR,NYG NYG,NYG,22,2017,2018,1,540000,540000,0.0032,2017,2018,FALSE
28694,Bryce Treggs,bryce treggs,WR,CLE CLE,CLE,22,2017,2017,1,540000,540000,0.0032,2017,2017,FALSE
28708,Jordan Taylor,jordan taylor,WR,DEN DEN,DEN,24,2017,2017,1,540000,540000,0.0032,2017,2017,FALSE
28727,Shaquelle Evans,shaquelle evans,WR,DAL DAL,DAL,25,2017,2017,1,540000,540000,0.0032,2017,2017,FALSE
28731,Andrew Turzilli,andrew turzilli,WR,NYG NYG,NYG,25,2017,2017,1,540000,540000,0.0032,2017,2017,FALSE
28735,Chris Hubert,chris hubert,WR,ARI ARI,ARI,23,2017,2017,1,540000,540000,0.0032,2017,2017,FALSE
28744,Quincy Adeboyejo,quincy adeboyejo,WR,BAL BAL,BAL,21,2017,2017,1,465000,465000,0.0028000000000000004,2017,2017,FALSE
28747,Bernard Reedy,bernard reedy,WR,NE NE,NE,25,2017,2017,1,465000,465000,0.0028000000000000004,2017,2017,FALSE
28748,Michael Clark,michael clark,WR,GB GB,GB,21,2017,2017,1,465000,465000,0.0028000000000000004,2017,2017,FALSE
28749,Carlton Agudosi,carlton agudosi,WR,ARI ARI,ARI,22,2017,2017,1,465000,465000,0.0028000000000000004,2017,2017,FALSE
28762,Tanner Gentry,tanner gentry,WR,CHI CHI,CHI,22,2017,2017,1,465000,465000,0.0028000000000000004,2017,2017,FALSE
28766,Zach Pascal,zach pascal,WR,TEN TEN,TEN,22,2017,2017,1,465000,465000,0.0028000000000000004,2017,2017,FALSE
28781,Karel Hamilton,karel hamilton,WR,DAL DAL,DAL,21,2017,2017,1,465000,465000,0.0028000000000000004,2017,2017,FALSE
28784,C.J. Germany,c j germany,WR,NYG NYG,NYG,NA,2017,2017,1,465000,465000,0.0028000000000000004,2017,2017,FALSE
28794,Ed Eagan,ed eagan,WR,NYG NYG,NYG,23,2017,2017,1,465000,465000,0.0028000000000000004,2017,2017,FALSE
28800,Trey Griffey,trey griffey,WR,MIA MIA,MIA,22,2017,2017,1,465000,465000,0.0028000000000000004,2017,2017,FALSE
28806,Jamari Staples,jamari staples,WR,WAS WAS,WAS,22,2017,2017,1,465000,465000,0.0028000000000000004,2017,2017,FALSE
28807,Xavier Rush,xavier rush,WR,NO NO,NO,24,2017,2017,1,465000,465000,0.0028000000000000004,2017,2017,FALSE
28810,Valdez Showers,valdez showers,WR,IND IND,IND,23,2017,2017,1,465000,465000,0.0028000000000000004,2017,2017,FALSE
28817,K.D. Cannon,k d cannon,WR,LAR LAR,LA,21,2017,2017,1,465000,465000,0.0028000000000000004,2017,2017,FALSE
28821,Shaq Hill,shaq hill,WR,TB TB,TB,23,2017,2017,1,465000,465000,0.0028000000000000004,2017,2017,FALSE
28822,Rob Wheelwright,rob wheelwright,WR,KC KC,KC,22,2017,2017,1,465000,465000,0.0028000000000000004,2017,2017,FALSE
28825,K.J. Maye,k j maye,WR,NE NE,NE,22,2017,2017,1,465000,465000,0.0028000000000000004,2017,2017,FALSE
28835,Fred Brown,fred brown,WR,IND IND,IND,23,2017,2017,1,465000,465000,0.0028000000000000004,2017,2017,FALSE
28837,Cameron Posey,cameron posey,WR,LAC LAC,LAC,23,2017,2017,1,465000,465000,0.0028000000000000004,2017,2017,FALSE
28852,Colby Pearson,colby pearson,WR,GB GB,GB,21,2017,2017,1,465000,465000,0.0028000000000000004,2017,2017,FALSE
28853,Jerome Lane,jerome lane,WR,NYG NYG,NYG,20,2017,2017,1,465000,465000,0.0028000000000000004,2017,2017,FALSE
28860,DeAndrew White,deandrew white,WR,NE NE,NE,25,2017,2017,1,465000,465000,0.0028000000000000004,2017,2017,FALSE
28866,Canaan Severin,canaan severin,WR,NYG NYG,NYG,23,2017,2017,1,465000,465000,0.0028000000000000004,2017,2017,FALSE
28871,Mitchell Paige,mitchell paige,WR,LAC LAC,LAC,23,2017,2017,1,465000,465000,0.0028000000000000004,2017,2017,FALSE
28902,Devin Lucien,devin lucien,WR,NE NE,NE,23,2017,2017,1,465000,465000,0.0028000000000000004,2017,2017,FALSE
28910,Dres Anderson,dres anderson,WR,HOU HOU,HOU,24,2017,2017,1,465000,465000,0.0028000000000000004,2017,2017,FALSE
28919,Dez Stewart,dez stewart,WR,DET DET,DET,23,2017,2017,1,465000,465000,0.0028000000000000004,2017,2017,FALSE
28920,Marcus Tucker,marcus tucker,WR,PIT PIT,PIT,24,2017,2017,1,465000,465000,0.0028000000000000004,2017,2017,FALSE
28928,Antwan Goodley,antwan goodley,WR,KC KC,KC,25,2017,2017,1,465000,465000,0.0028000000000000004,2017,2017,FALSE
28930,Jamaal Jones,jamaal jones,WR,LAC LAC,LAC,23,2017,2017,1,465000,465000,0.0028000000000000004,2017,2017,FALSE
28934,Jamel Johnson,jamel johnson,WR,SEA SEA,SEA,25,2017,2017,1,465000,465000,0.0028000000000000004,2017,2017,FALSE
28936,Rashad Lawrence,rashad lawrence,WR,MIA MIA,MIA,24,2017,2017,1,465000,465000,0.0028000000000000004,2017,2017,FALSE
28941,Da'Ron Brown,da ron brown,WR,LAC LAC,LAC,25,2017,2017,1,465000,465000,0.0028000000000000004,2017,2017,FALSE
28946,Kenny Lawler,kenny lawler,WR,SEA SEA,SEA,22,2017,2017,1,465000,465000,0.0028000000000000004,2017,2017,FALSE
28950,George Farmer,george farmer,WR,SEA SEA,SEA,23,2017,2017,1,465000,465000,0.0028000000000000004,2017,2017,FALSE
28952,MeKale McKay,mekale mckay,WR,TEN TEN,TEN,23,2017,2017,1,465000,465000,0.0028000000000000004,2017,2017,FALSE
28961,Herb Waters,herb waters,WR,GB GB,GB,24,2017,2017,1,465000,465000,0.0028000000000000004,2017,2017,FALSE
28972,Cayleb Jones,cayleb jones,WR,MIN MIN,MIN,23,2017,2017,1,465000,465000,0.0028000000000000004,2017,2017,FALSE
28980,Jordan Williams,jordan williams,WR,NO NO,NO,22,2017,2017,1,465000,465000,0.0028000000000000004,2017,2017,FALSE
28985,Keyarris Garrett,keyarris garrett,WR,CAR CAR,CAR,24,2017,2017,1,465000,465000,0.0028000000000000004,2017,2017,FALSE
28990,Kenny Bell,kenny bell,WR,BAL BAL,BAL,24,2017,2017,1,465000,465000,0.0028000000000000004,2017,2017,FALSE
28991,Richard Mullaney,richard mullaney,WR,CLE CLE,CLE,23,2017,2017,1,465000,465000,0.0028000000000000004,2017,2017,FALSE
28995,Terrell Sinkfield,terrell sinkfield,WR,MIN MIN,MIN,26,2017,2017,1,465000,465000,0.0028000000000000004,2017,2017,FALSE
28997,Cyril Grayson,cyril grayson,WR,SEA SEA,SEA,23,2017,2017,1,465000,465000,0.0028000000000000004,2017,2017,FALSE
29006,Mitch Mathews,mitch mathews,WR,MIA MIA,MIA,25,2017,2017,1,465000,465000,0.0028000000000000004,2017,2017,FALSE
29036,Doug Baldwin,doug baldwin,WR,SEA SEA,SEA,27,2016,2020,4,46000000,11500000,0.0741,2019,2020,FALSE
29040,Keenan Allen,keenan allen,WR,SD SD,LAC,23,2016,2020,4,45000000,11250000,0.0725,2019,2020,FALSE
29042,Tavon Austin,tavon austin,WR,LAR LAR,LA,25,2016,2021,4,42000000,10500000,0.0676,2019,2021,FALSE
29045,Allen Hurns,allen hurns,WR,JAX JAX,JAX,24,2016,2020,4,40650000,10162500,0.0655,2019,2020,FALSE
29046,Marvin Jones,marvin jones,WR,DET DET,DET,25,2016,2020,5,40000000,8000000,0.0515,2020,2020,FALSE
29062,Emmanuel Sanders,emmanuel sanders,WR,DEN DEN,DEN,28,2016,2019,3,33000000,11000000,0.0708,2018,2019,FALSE
29063,Mohamed Sanu,mohamed sanu,WR,ATL ATL,ATL,26,2016,2020,5,32500000,6500000,0.04189999999999999,2020,2020,FALSE
29086,Travis Benjamin,travis benjamin,WR,SD SD,LAC,26,2016,2019,4,24000000,6000000,0.038599999999999995,2019,2019,FALSE
29128,Rishard Matthews,rishard matthews,WR,TEN TEN,TEN,26,2016,2018,3,15000000,5000000,0.0322,2018,2018,FALSE
29131,Alshon Jeffery,alshon jeffery,WR,CHI CHI,CHI,25,2016,2016,1,14599000,14599000,0.094,2016,2016,FALSE
29140,Jermaine Kearse,jermaine kearse,WR,SEA SEA,SEA,25,2016,2018,3,13500000,4500000,0.028999999999999998,2018,2018,FALSE
29153,Chris Hogan,chris hogan,WR,NE NE,NE,28,2016,2018,3,12000000,4000000,0.0258,2018,2018,FALSE
29163,Mike Wallace,mike wallace,WR,BAL BAL,BAL,29,2016,2017,2,11500000,5750000,0.037000000000000005,2017,2017,FALSE
29165,Corey Coleman,corey coleman,WR,CLE CLE,CLE,21,2016,2020,4,11204997,2801249,0.018000000000000002,2019,2020,FALSE
29169,Larry Fitzgerald,larry fitzgerald,WR,ARI ARI,ARI,32,2016,2017,1,11000000,11000000,0.0708,2016,2017,FALSE
29179,Will Fuller,will fuller,WR,HOU HOU,HOU,21,2016,2020,4,10164313,2541078,0.0164,2019,2020,FALSE
29180,Josh Doctson,josh doctson,WR,WAS WAS,WAS,23,2016,2019,4,10049642,2512411,0.016200000000000003,2019,2019,FALSE
29186,Laquon Treadwell,laquon treadwell,WR,MIN MIN,MIN,20,2016,2019,4,9934979,2483745,0.016,2019,2019,FALSE
29206,Danny Amendola,danny amendola,WR,NE NE,NE,30,2016,2017,2,8100000,4050000,0.026099999999999998,2017,2017,FALSE
29241,Sterling Shepard,sterling shepard,WR,NYG NYG,NYG,22,2016,2019,4,5944571,1486143,0.0096,2019,2019,FALSE
29261,Michael Thomas,michael thomas,WR,NO NO,NO,22,2016,2019,4,5118971,1279743,0.0082,2019,2019,FALSE
29278,Tyler Boyd,tyler boyd,WR,CIN CIN,CIN,21,2016,2019,4,4258969,1064742,0.0069,2019,2019,FALSE
29300,Darrius Heyward-Bey,darrius heyward bey,WR,PIT PIT,PIT,28,2016,2018,3,3800000,1266667,0.0082,2018,2018,FALSE
29302,Andre Johnson,andre johnson,WR,TEN TEN,TEN,34,2016,2017,2,3735000,1867500,0.012,2017,2017,FALSE
29341,Braxton Miller,braxton miller,WR,HOU HOU,HOU,23,2016,2019,4,3114103,778526,0.005,2019,2019,FALSE
29344,Leonte Carroo,leonte carroo,WR,MIA MIA,MIA,21,2016,2019,4,3100388,775097,0.005,2019,2019,FALSE
29360,Keshawn Martin,keshawn martin,WR,NE NE,NE,25,2016,2017,2,3000000,1500000,0.0097,2017,2017,FALSE
29371,Chris Moore,chris moore,WR,BAL BAL,BAL,22,2016,2019,4,2936360,734090,0.0047,2019,2019,FALSE
29376,Malcolm Mitchell,malcolm mitchell,WR,NE NE,NE,22,2016,2019,4,2917992,729498,0.0047,2019,2019,FALSE
29379,Ricardo Louis,ricardo louis,WR,CLE CLE,CLE,21,2016,2019,4,2907850,726963,0.0047,2019,2019,FALSE
29383,Pharoh Cooper,pharoh cooper,WR,LAR LAR,LA,20,2016,2019,4,2894666,723667,0.0047,2019,2019,FALSE
29391,Demarcus Robinson,demarcus robinson,WR,KC KC,KC,21,2016,2019,4,2857172,714293,0.0046,2019,2019,FALSE
29397,Anquan Boldin,anquan boldin,WR,DET DET,DET,35,2016,2016,1,2750000,2750000,0.0177,2016,2016,FALSE
29413,Tajae Sharpe,tajae sharpe,WR,TEN TEN,TEN,21,2016,2019,4,2614884,653721,0.004200000000000001,2019,2019,FALSE
29426,Tyreek Hill,tyreek hill,WR,KC KC,KC,21,2016,2019,4,2586220,646555,0.004200000000000001,2019,2019,FALSE
29430,Jordan Payton,jordan payton,WR,CLE CLE,CLE,22,2016,2019,4,2584002,646001,0.004200000000000001,2019,2019,FALSE
29437,Trevor Davis,trevor davis,WR,GB GB,GB,22,2016,2019,4,2567176,641794,0.0041,2019,2019,FALSE
29442,Kamar Aiken,kamar aiken,WR,BAL BAL,BAL,26,2016,2016,1,2553000,2553000,0.0164,2016,2016,FALSE
29459,Rashard Higgins,rashard higgins,WR,CLE CLE,CLE,21,2016,2019,4,2524385,631096,0.0041,2019,2019,FALSE
29469,Brandon LaFell,brandon lafell,WR,CIN CIN,CIN,29,2016,2016,1,2500000,2500000,0.0161,2016,2016,FALSE
29479,Keenan Reynolds,keenan reynolds,WR,BAL BAL,BAL,21,2016,2019,4,2485947,621487,0.004,2019,2019,FALSE
29483,Jakeem Grant,jakeem grant,WR,MIA MIA,MIA,23,2016,2019,4,2480381,620095,0.004,2019,2019,FALSE
29489,Kolby Listenbee,kolby listenbee,WR,BUF BUF,BUF,21,2016,2019,4,2472932,618233,0.004,2019,2019,FALSE
29496,Cody Core,cody core,WR,CIN CIN,CIN,21,2016,2019,4,2467932,616983,0.004,2019,2019,FALSE
29502,Mike Thomas,mike thomas,WR,LAR LAR,LA,21,2016,2019,4,2456070,614018,0.004,2019,2019,FALSE
29512,Aaron Burbridge,aaron burbridge,WR,SF SF,SF,22,2016,2019,4,2440356,610089,0.0039000000000000003,2019,2019,FALSE
29521,Devin Lucien,devin lucien,WR,NE NE,NE,22,2016,2019,4,2425412,606353,0.0039000000000000003,2019,2019,FALSE
29525,Demarcus Ayers,demarcus ayers,WR,PIT PIT,PIT,21,2016,2019,4,2419652,604913,0.0039000000000000003,2019,2019,FALSE
29526,Daniel Braverman,daniel braverman,WR,CHI CHI,CHI,22,2016,2019,4,2419397,604849,0.0039000000000000003,2019,2019,FALSE
29534,Devin Fuller,devin fuller,WR,ATL ATL,ATL,21,2016,2019,4,2413785,603446,0.0039000000000000003,2019,2019,FALSE
29536,Charone Peake,charone peake,WR,NYJ NYJ,NYJ,23,2016,2019,4,2408382,602096,0.0039000000000000003,2019,2019,FALSE
29538,Kenny Lawler,kenny lawler,WR,SEA SEA,SEA,21,2016,2019,4,2404897,601224,0.0039000000000000003,2019,2019,FALSE
29563,Keshawn Martin,keshawn martin,WR,SF SF,SF,25,2016,2017,2,2175000,1087500,0.006999999999999999,2017,2017,FALSE
29575,Andre Holmes,andre holmes,WR,OAK OAK,LV,27,2016,2016,1,2000000,2000000,0.0129,2016,2016,FALSE
29577,Jaron Brown,jaron brown,WR,ARI ARI,ARI,25,2016,2017,1,1910000,1910000,0.0123,2016,2017,FALSE
29586,Matthew Slater,matthew slater,WR,NE NE,NE,30,2016,2017,1,1800000,1800000,0.011600000000000001,2016,2017,FALSE
29591,Brian Quick,brian quick,WR,LAR LAR,LA,26,2016,2016,1,1750000,1750000,0.011300000000000001,2016,2016,FALSE
29595,Percy Harvin,percy harvin,WR,BUF BUF,BUF,27,2016,2016,1,1740000,1740000,0.011200000000000002,2016,2016,FALSE
29598,Kenbrell Thompkins,kenbrell thompkins,WR,NYJ NYJ,NYJ,27,2016,2016,1,1671000,1671000,0.0108,2016,2016,FALSE
29602,Russell Shepard,russell shepard,WR,TB TB,TB,25,2016,2016,1,1671000,1671000,0.0108,2016,2016,FALSE
29605,Chris Hogan,chris hogan,WR,BUF BUF,BUF,28,2016,2016,1,1671000,1671000,0.0108,2016,2016,FALSE
29609,Terrelle Pryor,terrelle pryor,WR,CLE CLE,CLE,26,2016,2016,1,1671000,1671000,0.0108,2016,2016,FALSE
29615,Jaron Brown,jaron brown,WR,ARI ARI,ARI,25,2016,2016,1,1671000,1671000,0.0108,2016,2016,FALSE
29626,Roger Lewis,roger lewis,WR,NYG NYG,NYG,22,2016,2018,3,1638500,546167,0.0034999999999999996,2018,2018,FALSE
29635,Andy Jones,andy jones,WR,DAL DAL,DAL,21,2016,2018,3,1635000,545000,0.0034999999999999996,2018,2018,FALSE
29638,Jalin Marshall,jalin marshall,WR,NYJ NYJ,NYJ,20,2016,2018,3,1632500,544167,0.0034999999999999996,2018,2018,FALSE
29641,Rashawn Scott,rashawn scott,WR,MIA MIA,MIA,23,2016,2018,3,1630000,543333,0.0034999999999999996,2018,2018,FALSE
29650,Robbie Chosen,robbie chosen,WR,NYJ NYJ,NYJ,22,2016,2018,3,1630000,543333,0.0034999999999999996,2018,2018,FALSE
29654,Paul McRoberts,paul mcroberts,WR,LAR LAR,LA,23,2016,2018,3,1630000,543333,0.0034999999999999996,2018,2018,FALSE
29656,Cayleb Jones,cayleb jones,WR,PHI PHI,PHI,22,2016,2018,3,1630000,543333,0.0034999999999999996,2018,2018,FALSE
29662,Keyarris Garrett,keyarris garrett,WR,CAR CAR,CAR,23,2016,2018,3,1629000,543000,0.0034999999999999996,2018,2018,FALSE
29666,Canaan Severin,canaan severin,WR,PIT PIT,PIT,22,2016,2018,3,1628000,542667,0.0034999999999999996,2018,2018,FALSE
29702,Wendell Williams,wendell williams,WR,HOU HOU,HOU,25,2016,2018,3,1625000,541667,0.0034999999999999996,2018,2018,FALSE
29714,Johnny Holton,johnny holton,WR,OAK OAK,LV,24,2016,2018,3,1625000,541667,0.0034999999999999996,2018,2018,FALSE
29730,Tommylee Lewis,tommylee lewis,WR,NO NO,NO,23,2016,2018,3,1625000,541667,0.0034999999999999996,2018,2018,FALSE
29736,Davonte' Allen,davonte allen,WR,BUF BUF,BUF,NA,2016,2018,3,1624000,541333,0.0034999999999999996,2018,2018,FALSE
29741,Maurice Harris,maurice harris,WR,WAS WAS,WAS,23,2016,2018,3,1623500,541167,0.0034999999999999996,2018,2018,FALSE
29742,Hunter Sharp,hunter sharp,WR,PHI PHI,PHI,21,2016,2018,3,1623500,541167,0.0034999999999999996,2018,2018,FALSE
29743,Paul Turner,paul turner,WR,PHI PHI,PHI,22,2016,2018,3,1623000,541000,0.0034999999999999996,2018,2018,FALSE
29744,Derek Keaton,derek keaton,WR,CHI CHI,CHI,NA,2016,2018,3,1623000,541000,0.0034999999999999996,2018,2018,FALSE
29749,Quinshad Davis,quinshad davis,WR,DET DET,DET,NA,2016,2018,3,1623000,541000,0.0034999999999999996,2018,2018,FALSE
29754,Gary Chambers,gary chambers,WR,BUF BUF,BUF,NA,2016,2018,3,1622500,540833,0.0034999999999999996,2018,2018,FALSE
29760,Marcus Johnson,marcus johnson,WR,PHI PHI,PHI,21,2016,2018,3,1622500,540833,0.0034999999999999996,2018,2018,FALSE
29762,Jamaal Jones,jamaal jones,WR,SD SD,LAC,22,2016,2018,3,1622500,540833,0.0034999999999999996,2018,2018,FALSE
29764,Reginald Diggs,reginald diggs,WR,WAS WAS,WAS,22,2016,2018,3,1622000,540667,0.0034999999999999996,2018,2018,FALSE
29766,Devonte Robinson,devonte robinson,WR,GB GB,GB,NA,2016,2018,3,1622000,540667,0.0034999999999999996,2018,2018,FALSE
29768,Kalif Raymond,kalif raymond,WR,DEN DEN,DEN,21,2016,2018,3,1622000,540667,0.0034999999999999996,2018,2018,FALSE
29770,Daje Johnson,daje johnson,WR,ATL ATL,ATL,NA,2016,2018,3,1622000,540667,0.0034999999999999996,2018,2018,FALSE
29771,Chris King,chris king,WR,ARI ARI,ARI,22,2016,2018,3,1622000,540667,0.0034999999999999996,2018,2018,FALSE
29779,Richard Mullaney,richard mullaney,WR,HOU HOU,HOU,22,2016,2018,3,1621500,540500,0.0034999999999999996,2018,2018,FALSE
29787,Jenson Stoshak,jenson stoshak,WR,CAR CAR,CAR,NA,2016,2018,3,1621000,540333,0.0034999999999999996,2018,2018,FALSE
29788,Tevin Jones,tevin jones,WR,HOU HOU,HOU,23,2016,2018,3,1621000,540333,0.0034999999999999996,2018,2018,FALSE
29793,Jamel Johnson,jamel johnson,WR,GB GB,GB,24,2016,2018,3,1620000,540000,0.0034999999999999996,2018,2018,FALSE
29795,Tyler Slavin,tyler slavin,WR,SEA SEA,SEA,23,2016,2016,3,1620000,540000,0.0034999999999999996,2018,2016,FALSE
29804,Dezmin Lewis,dezmin lewis,WR,BUF BUF,BUF,23,2016,2018,3,1620000,540000,0.0034999999999999996,2018,2018,FALSE
29809,Nelson Spruce,nelson spruce,WR,LAR LAR,LA,23,2016,2018,3,1620000,540000,0.0034999999999999996,2018,2018,FALSE
29814,Mitch Mathews,mitch mathews,WR,KC KC,KC,24,2016,2018,3,1620000,540000,0.0034999999999999996,2018,2018,FALSE
29816,Jamal Robinson,jamal robinson,WR,JAX JAX,JAX,22,2016,2018,3,1620000,540000,0.0034999999999999996,2018,2018,FALSE
29825,Jay Lee,jay lee,WR,DET DET,DET,NA,2016,2018,3,1620000,540000,0.0034999999999999996,2018,2018,FALSE
29827,Jace Billingsley,jace billingsley,WR,DET DET,DET,22,2016,2018,3,1620000,540000,0.0034999999999999996,2018,2018,FALSE
29832,Durron Neal,durron neal,WR,DEN DEN,DEN,NA,2016,2018,3,1620000,540000,0.0034999999999999996,2018,2018,FALSE
29834,Mose Frazier,mose frazier,WR,DEN DEN,DEN,22,2016,2018,3,1620000,540000,0.0034999999999999996,2018,2018,FALSE
29844,Antwane Grant,antwane grant,WR,CIN CIN,CIN,NA,2016,2018,3,1620000,540000,0.0034999999999999996,2018,2018,FALSE
29845,Alex Erickson,alex erickson,WR,CIN CIN,CIN,23,2016,2018,3,1620000,540000,0.0034999999999999996,2018,2018,FALSE
29854,Ed Eagan,ed eagan,WR,CLE CLE,CLE,22,2016,2018,3,1620000,540000,0.0034999999999999996,2018,2018,FALSE
29858,David Richards,david richards,WR,CLE CLE,CLE,NA,2016,2018,3,1620000,540000,0.0034999999999999996,2018,2018,FALSE
29865,Amir Carlisle,amir carlisle,WR,ARI ARI,ARI,23,2016,2018,3,1620000,540000,0.0034999999999999996,2018,2018,FALSE
29866,Marquez North,marquez north,WR,LAR LAR,LA,20,2016,2018,3,1620000,540000,0.0034999999999999996,2018,2018,FALSE
29867,Alonzo Russell,alonzo russell,WR,CIN CIN,CIN,23,2016,2018,3,1620000,540000,0.0034999999999999996,2018,2018,FALSE
29875,K.J. Brent,k j brent,WR,OAK OAK,LV,22,2016,2018,3,1620000,540000,0.0034999999999999996,2018,2018,FALSE
29886,Herb Waters,herb waters,WR,GB GB,GB,23,2016,2018,3,1620000,540000,0.0034999999999999996,2018,2018,FALSE
29895,Jared Dangerfield,jared dangerfield,WR,NO NO,NO,NA,2016,2018,3,1620000,540000,0.0034999999999999996,2018,2018,FALSE
29905,Deandre Reaves,deandre reaves,WR,SD SD,LAC,NA,2016,2018,3,1620000,540000,0.0034999999999999996,2018,2018,FALSE
29908,Max McCaffrey,max mccaffrey,WR,OAK OAK,LV,21,2016,2018,3,1620000,540000,0.0034999999999999996,2018,2018,FALSE
29917,Chris Brown,chris brown,WR,DAL DAL,DAL,22,2016,2018,3,1620000,540000,0.0034999999999999996,2018,2018,FALSE
29919,Quenton Bundrage,quenton bundrage,WR,HOU HOU,HOU,NA,2016,2018,3,1620000,540000,0.0034999999999999996,2018,2018,FALSE
29939,Dobson Collins,dobson collins,WR,BAL BAL,BAL,NA,2016,2018,3,1620000,540000,0.0034999999999999996,2018,2018,FALSE
29942,T.J. Thorpe,t j thorpe,WR,WAS WAS,WAS,NA,2016,2018,3,1620000,540000,0.0034999999999999996,2018,2018,FALSE
29943,Kendal Thompson,kendal thompson,WR,WAS WAS,WAS,23,2016,2018,3,1620000,540000,0.0034999999999999996,2018,2018,FALSE
29944,Harvey Binford,harvey binford,WR,GB GB,GB,24,2016,2018,3,1620000,540000,0.0034999999999999996,2018,2018,FALSE
29945,David Watford,david watford,WR,PHI PHI,PHI,22,2016,2018,3,1620000,540000,0.0034999999999999996,2018,2018,FALSE
29948,Rahsaun Simonise,rahsaun simonise,WR,CIN CIN,CIN,NA,2016,2018,3,1620000,540000,0.0034999999999999996,2018,2018,FALSE
29954,Xavier Rush,xavier rush,WR,PHI PHI,PHI,23,2016,2018,3,1620000,540000,0.0034999999999999996,2018,2018,FALSE
29959,Marquis Bundy,marquis bundy,WR,ARI ARI,ARI,21,2016,2018,3,1620000,540000,0.0034999999999999996,2018,2018,FALSE
29969,David Glidden,david glidden,WR,ATL ATL,ATL,23,2016,2018,3,1620000,540000,0.0034999999999999996,2018,2018,FALSE
29971,Kieran Duncan,kieran duncan,WR,CHI CHI,CHI,NA,2016,2018,3,1620000,540000,0.0034999999999999996,2018,2018,FALSE
29977,Ben Roberts,ben roberts,WR,TEN TEN,TEN,NA,2016,2018,3,1620000,540000,0.0034999999999999996,2018,2018,FALSE
29987,Joe Hansley,joe hansley,WR,OAK OAK,LV,NA,2016,2018,3,1620000,540000,0.0034999999999999996,2018,2018,FALSE
29989,Jake Lampman,jake lampman,WR,NO NO,NO,22,2016,2018,3,1620000,540000,0.0034999999999999996,2018,2018,FALSE
29991,Miles Shuler,miles shuler,WR,CAR CAR,CAR,22,2016,2018,3,1620000,540000,0.0034999999999999996,2018,2018,FALSE
29998,Jaydon Mickens,jaydon mickens,WR,OAK OAK,LV,21,2016,2018,3,1620000,540000,0.0034999999999999996,2018,2018,FALSE
30007,Duke Williams,duke williams,WR,LAR LAR,LA,22,2016,2018,3,1620000,540000,0.0034999999999999996,2018,2018,FALSE
30018,Chris Hubert,chris hubert,WR,ARI ARI,ARI,22,2016,2018,3,1620000,540000,0.0034999999999999996,2018,2018,FALSE
30029,Darrin Peterson,darrin peterson,WR,CHI CHI,CHI,NA,2016,2018,3,1620000,540000,0.0034999999999999996,2018,2018,FALSE
30030,Marcus Tucker,marcus tucker,WR,PIT PIT,PIT,23,2016,2018,3,1620000,540000,0.0034999999999999996,2018,2018,FALSE
30033,Rashon Ceaser,rashon ceaser,WR,TEN TEN,TEN,NA,2016,2018,3,1620000,540000,0.0034999999999999996,2018,2018,FALSE
30037,Darius Johnson,darius johnson,WR,DET DET,DET,NA,2016,2018,3,1620000,540000,0.0034999999999999996,2018,2018,FALSE
30044,Valdez Showers,valdez showers,WR,WAS WAS,WAS,22,2016,2018,3,1620000,540000,0.0034999999999999996,2018,2018,FALSE
30058,Bralon Addison,bralon addison,WR,DEN DEN,DEN,22,2016,2018,3,1620000,540000,0.0034999999999999996,2018,2018,FALSE
30061,Bobo Beathard,bobo beathard,WR,ARI ARI,ARI,NA,2016,2018,3,1620000,540000,0.0034999999999999996,2018,2018,FALSE
30089,Dez Stewart,dez stewart,WR,TB TB,TB,22,2016,2018,3,1620000,540000,0.0034999999999999996,2018,2018,FALSE
30093,Anthony Kelly,anthony kelly,WR,NYJ NYJ,NYJ,NA,2016,2018,3,1620000,540000,0.0034999999999999996,2018,2018,FALSE
30102,Tanner McEvoy,tanner mcevoy,WR,SEA SEA,SEA,22,2016,2018,3,1620000,540000,0.0034999999999999996,2018,2018,FALSE
30106,Bryce Treggs,bryce treggs,WR,SF SF,SF,21,2016,2018,3,1620000,540000,0.0034999999999999996,2018,2018,FALSE
30109,Devon Cajuste,devon cajuste,WR,SF SF,SF,22,2016,2018,3,1620000,540000,0.0034999999999999996,2018,2018,FALSE
30111,Dominique Williams,dominique williams,WR,SD SD,LAC,25,2016,2018,3,1620000,540000,0.0034999999999999996,2018,2018,FALSE
30130,Darius Powe,darius powe,WR,NYG NYG,NYG,21,2016,2018,3,1620000,540000,0.0034999999999999996,2018,2018,FALSE
30132,K.J. Maye,k j maye,WR,NYG NYG,NYG,21,2016,2018,3,1620000,540000,0.0034999999999999996,2018,2018,FALSE
30136,Jordan Williams,jordan williams,WR,NO NO,NO,21,2016,2018,3,1620000,540000,0.0034999999999999996,2018,2018,FALSE
30183,Josh Huff,josh huff,WR,TB TB,TB,24,2016,2017,2,1305000,652500,0.004200000000000001,2017,2017,FALSE
30184,Marlon Brown,marlon brown,WR,DEN DEN,DEN,24,2016,2017,2,1290000,645000,0.004200000000000001,2017,2017,FALSE
30186,Corey Fuller,corey fuller,WR,NO NO,NO,25,2016,2017,2,1290000,645000,0.004200000000000001,2017,2017,FALSE
30191,Laron Byrd,laron byrd,WR,WAS WAS,WAS,26,2016,2017,2,1290000,645000,0.004200000000000001,2017,2017,FALSE
30197,Tavarres King,tavarres king,WR,NYG NYG,NYG,25,2016,2017,2,1290000,645000,0.004200000000000001,2017,2017,FALSE
30204,Brittan Golden,brittan golden,WR,ARI ARI,ARI,27,2016,2017,2,1290000,645000,0.004200000000000001,2017,2017,FALSE
30206,B.J. Daniels,b j daniels,WR,NYG NYG,NYG,26,2016,2017,2,1290000,645000,0.004200000000000001,2017,2017,FALSE
30221,Chris Matthews,chris matthews,WR,BAL BAL,BAL,26,2016,2017,2,1215000,607500,0.0039000000000000003,2017,2017,FALSE
30228,Wendell Williams,wendell williams,WR,HOU HOU,HOU,25,2016,2018,2,1170000,585000,0.0038,2017,2018,FALSE
30237,Chandler Worthy,chandler worthy,WR,NYJ NYJ,NYJ,22,2016,2017,2,1150000,575000,0.0037,2017,2017,FALSE
30238,Seth Roberts,seth roberts,WR,OAK OAK,LV,24,2016,2017,2,1140000,570000,0.0037,2017,2017,FALSE
30244,Eric Rogers,eric rogers,WR,SF SF,SF,24,2016,2017,2,1140000,570000,0.0037,2017,2017,FALSE
30254,Ryan Spadola,ryan spadola,WR,DET DET,DET,24,2016,2017,2,1140000,570000,0.0037,2017,2017,FALSE
30255,Corey Washington,corey washington,WR,ATL ATL,ATL,24,2016,2017,2,1140000,570000,0.0037,2017,2017,FALSE
30279,Chris Harper,chris harper,WR,SF SF,SF,22,2016,2017,2,1140000,570000,0.0037,2017,2017,FALSE
30284,Mario Alford,mario alford,WR,CLE CLE,CLE,23,2016,2017,2,1140000,570000,0.0037,2017,2017,FALSE
30291,Devin Hester,devin hester,WR,BAL BAL,BAL,33,2016,2016,1,1100000,1100000,0.0070999999999999995,2016,2016,FALSE
30301,Nate Washington,nate washington,WR,NE NE,NE,32,2016,2016,1,1065000,1065000,0.0069,2016,2016,FALSE
30305,Cecil Shorts,cecil shorts,WR,TB TB,TB,28,2016,2016,1,1050000,1050000,0.0068,2016,2016,FALSE
30307,Rueben Randle,rueben randle,WR,PHI PHI,PHI,24,2016,2016,1,1025000,1025000,0.006599999999999999,2016,2016,FALSE
30308,Brandon Tate,brandon tate,WR,CIN CIN,CIN,28,2016,2016,1,1024000,1024000,0.006599999999999999,2016,2016,FALSE
30309,Jace Billingsley,jace billingsley,WR,DET DET,DET,22,2016,2018,2,1020000,510000,0.0032999999999999995,2017,2018,FALSE
30314,Jake Kumerow,jake kumerow,WR,CIN CIN,CIN,23,2016,2018,2,1020000,510000,0.0032999999999999995,2017,2018,FALSE
30328,Geronimo Allison,geronimo allison,WR,GB GB,GB,21,2016,2017,2,990000,495000,0.0032,2017,2017,FALSE
30329,Dennis Parks,dennis parks,WR,CLE CLE,CLE,21,2016,2016,2,990000,495000,0.0032,2017,2016,FALSE
30338,Damiere Byrd,damiere byrd,WR,CAR CAR,CAR,22,2016,2017,2,990000,495000,0.0032,2017,2017,FALSE
30342,Kasen Williams,kasen williams,WR,SEA SEA,SEA,23,2016,2017,2,990000,495000,0.0032,2017,2017,FALSE
30345,Paul McRoberts,paul mcroberts,WR,LAR LAR,LA,23,2016,2018,2,990000,495000,0.0032,2017,2018,FALSE
30353,DeAndre Smelter,deandre smelter,WR,SF SF,SF,24,2016,2017,2,990000,495000,0.0032,2017,2017,FALSE
30355,Bralon Addison,bralon addison,WR,CHI CHI,CHI,22,2016,2017,2,990000,495000,0.0032,2017,2017,FALSE
30367,Demarcus Ayers,demarcus ayers,WR,PIT PIT,PIT,21,2016,2017,2,990000,495000,0.0032,2017,2017,FALSE
30377,Kalif Raymond,kalif raymond,WR,DEN DEN,DEN,21,2016,2018,2,990000,495000,0.0032,2017,2018,FALSE
30378,Rashawn Scott,rashawn scott,WR,MIA MIA,MIA,23,2016,2019,2,990000,495000,0.0032,2017,2019,FALSE
30379,Daniel Braverman,daniel braverman,WR,CHI CHI,CHI,22,2016,2017,2,990000,495000,0.0032,2017,2017,FALSE
30384,Marquis Bundy,marquis bundy,WR,ARI ARI,ARI,21,2016,2017,2,990000,495000,0.0032,2017,2017,FALSE
30388,Paul Turner,paul turner,WR,PHI PHI,PHI,22,2016,2017,2,990000,495000,0.0032,2017,2017,FALSE
30392,Vince Mayle,vince mayle,WR,DAL DAL,DAL,24,2016,2017,2,990000,495000,0.0032,2017,2017,FALSE
30398,Chris Hubert,chris hubert,WR,ARI ARI,ARI,22,2016,2017,2,990000,495000,0.0032,2017,2017,FALSE
30401,Jake Lampman,jake lampman,WR,NO NO,NO,22,2016,2017,2,990000,495000,0.0032,2017,2017,FALSE
30417,Kain Colter,kain colter,WR,LAR LAR,LA,23,2016,2017,2,990000,495000,0.0032,2017,2017,FALSE
30420,Bernard Reedy,bernard reedy,WR,TB TB,TB,24,2016,2017,2,990000,495000,0.0032,2017,2017,FALSE
30423,Titus Davis,titus davis,WR,NYJ NYJ,NYJ,22,2016,2017,2,990000,495000,0.0032,2017,2017,FALSE
30426,Austin Willis,austin willis,WR,DET DET,DET,23,2016,2017,2,990000,495000,0.0032,2017,2017,FALSE
30436,Josh Lenz,josh lenz,WR,HOU HOU,HOU,25,2016,2017,2,990000,495000,0.0032,2017,2017,FALSE
30441,Michael Bennett,michael bennett,WR,CIN CIN,CIN,NA,2016,2017,2,990000,495000,0.0032,2017,2017,FALSE
30445,Isaac Fruechte,isaac fruechte,WR,MIN MIN,MIN,24,2016,2017,2,990000,495000,0.0032,2017,2017,FALSE
30452,Shane Wynn,shane wynn,WR,JAX JAX,JAX,23,2016,2017,2,990000,495000,0.0032,2017,2017,FALSE
30473,Donte Foster,donte foster,WR,TEN TEN,TEN,25,2016,2017,2,990000,495000,0.0032,2017,2017,FALSE
30480,Rasheed Bailey,rasheed bailey,WR,JAX JAX,JAX,22,2016,2017,2,990000,495000,0.0032,2017,2017,FALSE
30481,Shaquelle Evans,shaquelle evans,WR,JAX JAX,JAX,24,2016,2017,2,990000,495000,0.0032,2017,2017,FALSE
30483,Rashad Lawrence,rashad lawrence,WR,JAX JAX,JAX,23,2016,2017,2,990000,495000,0.0032,2017,2017,FALSE
30490,DiAndre Campbell,diandre campbell,WR,SF SF,SF,NA,2016,2017,2,990000,495000,0.0032,2017,2017,FALSE
30494,Nick Harwell,nick harwell,WR,TEN TEN,TEN,24,2016,2017,2,990000,495000,0.0032,2017,2017,FALSE
30505,Jordan Leslie,jordan leslie,WR,ATL ATL,ATL,24,2016,2017,2,990000,495000,0.0032,2017,2017,FALSE
30516,Deon Long,deon long,WR,PHI PHI,PHI,24,2016,2017,2,990000,495000,0.0032,2017,2017,FALSE
30528,Terrell Sinkfield,terrell sinkfield,WR,MIN MIN,MIN,25,2016,2017,2,990000,495000,0.0032,2017,2017,FALSE
30574,James Jones,james jones,WR,GB GB,GB,31,2016,2016,1,885000,885000,0.0057,2016,2016,FALSE
30575,Hakeem Nicks,hakeem nicks,WR,NO NO,NO,27,2016,2016,1,885000,885000,0.0057,2016,2016,FALSE
30581,Andre Caldwell,andre caldwell,WR,DET DET,DET,30,2016,2016,1,885000,885000,0.0057,2016,2016,FALSE
30591,Jordan Norwood,jordan norwood,WR,DEN DEN,DEN,29,2016,2016,1,880000,880000,0.0057,2016,2016,FALSE
30594,Jeremy Kerley,jeremy kerley,WR,DET DET,DET,27,2016,2016,1,850000,850000,0.0055000000000000005,2016,2016,FALSE
30595,Marc Mariani,marc mariani,WR,CHI CHI,CHI,28,2016,2016,1,840000,840000,0.0054,2016,2016,FALSE
30626,Leonard Hankerson,leonard hankerson,WR,BUF BUF,BUF,26,2016,2016,1,840000,840000,0.0054,2016,2016,FALSE
30628,Deonte Thompson,deonte thompson,WR,CHI CHI,CHI,26,2016,2016,1,840000,840000,0.0054,2016,2016,FALSE
30633,Chris Givens,chris givens,WR,PHI PHI,PHI,26,2016,2016,1,840000,840000,0.0054,2016,2016,FALSE
30637,Jeremy Ross,jeremy ross,WR,NYJ NYJ,NYJ,27,2016,2016,1,810000,810000,0.0052,2016,2016,FALSE
30640,Rod Streater,rod streater,WR,KC KC,KC,27,2016,2016,1,810000,810000,0.0052,2016,2016,FALSE
30665,Bryan Walters,bryan walters,WR,JAX JAX,JAX,28,2016,2016,1,760000,760000,0.0049,2016,2016,FALSE
30672,Brandon Tate,brandon tate,WR,BUF BUF,BUF,28,2016,2016,1,760000,760000,0.0049,2016,2016,FALSE
30673,Marc Mariani,marc mariani,WR,TEN TEN,TEN,28,2016,2016,1,760000,760000,0.0049,2016,2016,FALSE
30676,Arrelious Benn,arrelious benn,WR,JAX JAX,JAX,27,2016,2016,1,760000,760000,0.0049,2016,2016,FALSE
30706,Kyle Williams,kyle williams,WR,NYJ NYJ,NYJ,27,2016,2016,1,760000,760000,0.0049,2016,2016,FALSE
30708,Andre Roberts,andre roberts,WR,DET DET,DET,27,2016,2016,1,760000,760000,0.0049,2016,2016,FALSE
30712,Vincent Brown,vincent brown,WR,NO NO,NO,27,2016,2016,1,760000,760000,0.0049,2016,2016,FALSE
30731,Josh Bellamy,josh bellamy,WR,CHI CHI,CHI,26,2016,2016,1,760000,760000,0.0049,2016,2016,FALSE
30738,Greg Little,greg little,WR,BUF BUF,BUF,26,2016,2016,1,760000,760000,0.0049,2016,2016,FALSE
30741,Mike Williams,mike williams,WR,KC KC,KC,28,2016,2016,1,760000,760000,0.0049,2016,2016,FALSE
30760,Griff Whalen,griff whalen,WR,NE NE,NE,25,2016,2016,1,675000,675000,0.004300000000000001,2016,2016,FALSE
30772,Jeremy Ross,jeremy ross,WR,ARI ARI,ARI,27,2016,2016,1,675000,675000,0.004300000000000001,2016,2016,FALSE
30775,Aaron Dobson,aaron dobson,WR,DET DET,DET,24,2016,2016,1,675000,675000,0.004300000000000001,2016,2016,FALSE
30812,Jarrett Boykin,jarrett boykin,WR,BUF BUF,BUF,26,2016,2016,1,675000,675000,0.004300000000000001,2016,2016,FALSE
30813,DeVier Posey,devier posey,WR,DEN DEN,DEN,25,2016,2016,1,675000,675000,0.004300000000000001,2016,2016,FALSE
30816,T.J. Graham,t j graham,WR,PHI PHI,PHI,26,2016,2016,1,675000,675000,0.004300000000000001,2016,2016,FALSE
30820,Griff Whalen,griff whalen,WR,SD SD,LAC,25,2016,2016,1,675000,675000,0.004300000000000001,2016,2016,FALSE
30824,Aldrick Robinson,aldrick robinson,WR,ATL ATL,ATL,27,2016,2016,1,675000,675000,0.004300000000000001,2016,2016,FALSE
30828,Isaiah Burse,isaiah burse,WR,SD SD,LAC,24,2016,2016,1,600000,600000,0.0039000000000000003,2016,2016,FALSE
30834,B.J. Daniels,b j daniels,WR,CHI CHI,CHI,26,2016,2016,1,600000,600000,0.0039000000000000003,2016,2016,FALSE
30837,Laron Byrd,laron byrd,WR,CAR CAR,CAR,26,2016,2016,1,600000,600000,0.0039000000000000003,2016,2016,FALSE
30848,Brenton Bersin,brenton bersin,WR,CAR CAR,CAR,25,2016,2016,1,600000,600000,0.0039000000000000003,2016,2016,FALSE
30854,Michael Campanaro,michael campanaro,WR,BAL BAL,BAL,24,2016,2016,1,600000,600000,0.0039000000000000003,2016,2016,FALSE
30856,TJ Jones,tj jones,WR,DET DET,DET,23,2016,2016,1,600000,600000,0.0039000000000000003,2016,2016,FALSE
30861,Dontrelle Inman,dontrelle inman,WR,SD SD,LAC,26,2016,2016,1,600000,600000,0.0039000000000000003,2016,2016,FALSE
30867,Stephen Hill,stephen hill,WR,CAR CAR,CAR,24,2016,2016,1,600000,600000,0.0039000000000000003,2016,2016,FALSE
30868,Adam Thielen,adam thielen,WR,MIN MIN,MIN,25,2016,2016,1,600000,600000,0.0039000000000000003,2016,2016,FALSE
30871,Myles White,myles white,WR,NYG NYG,NYG,25,2016,2016,1,600000,600000,0.0039000000000000003,2016,2016,FALSE
30883,Seantavius Jones,seantavius jones,WR,KC KC,KC,23,2016,2016,1,600000,600000,0.0039000000000000003,2016,2016,FALSE
30902,Joseph Anderson,joseph anderson,WR,NYJ NYJ,NYJ,27,2016,2016,1,600000,600000,0.0039000000000000003,2016,2016,FALSE
30907,Kaelin Clay,kaelin clay,WR,BAL BAL,BAL,23,2016,2016,1,525000,525000,0.0034,2016,2016,FALSE
30908,Bennie Fowler,bennie fowler,WR,DEN DEN,DEN,24,2016,2016,1,525000,525000,0.0034,2016,2016,FALSE
30912,Josh Boyce,josh boyce,WR,CLE CLE,CLE,24,2016,2016,1,525000,525000,0.0034,2016,2016,FALSE
30921,Geremy Davis,geremy davis,WR,SD SD,LAC,23,2016,2016,1,525000,525000,0.0034,2016,2016,FALSE
30922,Jeremy Butler,jeremy butler,WR,SD SD,LAC,24,2016,2016,1,525000,525000,0.0034,2016,2016,FALSE
30927,Jarrod West,jarrod west,WR,TEN TEN,TEN,NA,2016,2016,1,525000,525000,0.0034,2016,2016,FALSE
30933,Uzoma Nwachukwu,uzoma nwachukwu,WR,SEA SEA,SEA,25,2016,2016,1,525000,525000,0.0034,2016,2016,FALSE
30948,Kadron Boone,kadron boone,WR,NYG NYG,NYG,24,2016,2016,1,525000,525000,0.0034,2016,2016,FALSE
30957,Matt Hazel,matt hazel,WR,MIA MIA,MIA,23,2016,2016,1,525000,525000,0.0034,2016,2016,FALSE
30971,Tyler Murphy,tyler murphy,WR,MIA MIA,MIA,23,2016,2016,1,525000,525000,0.0034,2016,2016,FALSE
30985,Robert Herron,robert herron,WR,OAK OAK,LV,23,2016,2016,1,525000,525000,0.0034,2016,2016,FALSE
30990,Freddie Martino,freddie martino,WR,TB TB,TB,24,2016,2016,1,525000,525000,0.0034,2016,2016,FALSE
30991,Nathan Palmer,nathan palmer,WR,OAK OAK,LV,26,2016,2016,1,525000,525000,0.0034,2016,2016,FALSE
30995,Keenan Reynolds,keenan reynolds,WR,BAL BAL,BAL,21,2016,2017,1,465000,465000,0.003,2016,2017,FALSE
30996,Jaxon Shipley,jaxon shipley,WR,ARI ARI,ARI,23,2016,2016,1,465000,465000,0.003,2016,2016,FALSE
30999,Damiere Byrd,damiere byrd,WR,CAR CAR,CAR,22,2016,2016,1,458000,458000,0.0029000000000000002,2016,2016,FALSE
31014,Fred Williams,fred williams,WR,KC KC,KC,27,2016,2016,1,450000,450000,0.0029000000000000002,2016,2016,FALSE
31015,Da'Ron Brown,da ron brown,WR,KC KC,KC,24,2016,2016,1,450000,450000,0.0029000000000000002,2016,2016,FALSE
31022,Maurice Harris,maurice harris,WR,WAS WAS,WAS,23,2016,2018,1,450000,450000,0.0029000000000000002,2016,2018,FALSE
31025,Quinshad Davis,quinshad davis,WR,DET DET,DET,NA,2016,2016,1,450000,450000,0.0029000000000000002,2016,2016,FALSE
31032,Isaiah Williams,isaiah williams,WR,WAS WAS,WAS,28,2016,2016,1,450000,450000,0.0029000000000000002,2016,2016,FALSE
31035,Alex Chisum,alex chisum,WR,DET DET,DET,NA,2016,2016,1,450000,450000,0.0029000000000000002,2016,2016,FALSE
31038,Montario Hunter,montario hunter,WR,SEA SEA,SEA,NA,2016,2016,1,450000,450000,0.0029000000000000002,2016,2016,FALSE
31045,Austin Hill,austin hill,WR,LAR LAR,LA,NA,2016,2016,1,450000,450000,0.0029000000000000002,2016,2016,FALSE
31047,Franky Okafor,franky okafor,WR,ARI ARI,ARI,NA,2016,2016,1,450000,450000,0.0029000000000000002,2016,2016,FALSE
31051,Anthony Dable,anthony dable,WR,NYG NYG,NYG,27,2016,2016,1,450000,450000,0.0029000000000000002,2016,2016,FALSE
31056,Dez Stewart,dez stewart,WR,WAS WAS,WAS,22,2016,2016,1,450000,450000,0.0029000000000000002,2016,2016,FALSE
31060,Troy Stoudermire,troy stoudermire,WR,MIN MIN,MIN,25,2016,2016,1,450000,450000,0.0029000000000000002,2016,2016,FALSE
31066,Damian Copeland,damian copeland,WR,DET DET,DET,25,2016,2016,1,450000,450000,0.0029000000000000002,2016,2016,FALSE
31067,Marken Michel,marken michel,WR,MIN MIN,MIN,22,2016,2016,1,450000,450000,0.0029000000000000002,2016,2016,FALSE
31069,Kyle Prater,kyle prater,WR,NO NO,NO,23,2016,2016,1,450000,450000,0.0029000000000000002,2016,2016,FALSE
31070,Marvin Hall,marvin hall,WR,OAK OAK,LV,22,2016,2016,1,450000,450000,0.0029000000000000002,2016,2016,FALSE
31071,Rico Richardson,rico richardson,WR,SD SD,LAC,24,2016,2016,1,450000,450000,0.0029000000000000002,2016,2016,FALSE
31072,Shakim Phillips,shakim phillips,WR,PIT PIT,PIT,23,2016,2016,1,450000,450000,0.0029000000000000002,2016,2016,FALSE
31073,Levi Norwood,levi norwood,WR,PIT PIT,PIT,23,2016,2016,1,450000,450000,0.0029000000000000002,2016,2016,FALSE
31077,Reece Horn,reece horn,WR,TEN TEN,TEN,22,2016,2016,1,450000,450000,0.0029000000000000002,2016,2016,FALSE
31079,Jarvis Turner,jarvis turner,WR,WAS WAS,WAS,22,2016,2016,1,450000,450000,0.0029000000000000002,2016,2016,FALSE
31082,Darius Jennings,darius jennings,WR,CLE CLE,CLE,23,2016,2016,1,450000,450000,0.0029000000000000002,2016,2016,FALSE
31083,Avius Capers,avius capers,WR,CAR CAR,CAR,NA,2016,2016,1,450000,450000,0.0029000000000000002,2016,2016,FALSE
31094,Christion Jones,christion jones,WR,MIA MIA,MIA,23,2016,2016,1,450000,450000,0.0029000000000000002,2016,2016,FALSE
31095,A.J. Cruz,a j cruz,WR,MIA MIA,MIA,NA,2016,2016,1,450000,450000,0.0029000000000000002,2016,2016,FALSE
31097,Douglas McNeil,douglas mcneil,WR,SEA SEA,SEA,29,2016,2016,1,450000,450000,0.0029000000000000002,2016,2016,FALSE
31100,Antwan Goodley,antwan goodley,WR,SEA SEA,SEA,24,2016,2016,1,450000,450000,0.0029000000000000002,2016,2016,FALSE
31101,Deshon Foxx,deshon foxx,WR,SEA SEA,SEA,23,2016,2016,1,450000,450000,0.0029000000000000002,2016,2016,FALSE
31104,Jeff Fuller,jeff fuller,WR,SEA SEA,SEA,25,2016,2016,1,450000,450000,0.0029000000000000002,2016,2016,FALSE
31112,Jordan Taylor,jordan taylor,WR,DEN DEN,DEN,23,2016,2016,1,450000,450000,0.0029000000000000002,2016,2016,FALSE
31115,Ed Williams,ed williams,WR,GB GB,GB,NA,2016,2016,1,450000,450000,0.0029000000000000002,2016,2016,FALSE
31118,Kashif Moore,kashif moore,WR,KC KC,KC,27,2016,2016,1,450000,450000,0.0029000000000000002,2016,2016,FALSE
31120,Tobais Palmer,tobais palmer,WR,CAR CAR,CAR,25,2016,2016,1,450000,450000,0.0029000000000000002,2016,2016,FALSE
31122,Issac Blakeney,issac blakeney,WR,PIT PIT,PIT,23,2016,2016,1,450000,450000,0.0029000000000000002,2016,2016,FALSE
31129,Deandre Carter,deandre carter,WR,NE NE,NE,22,2016,2016,1,450000,450000,0.0029000000000000002,2016,2016,FALSE
31152,Damarr Aultman,damarr aultman,WR,MIA MIA,MIA,23,2016,2016,1,450000,450000,0.0029000000000000002,2016,2016,FALSE
31153,R.J. Harris,r j harris,WR,NO NO,NO,23,2016,2016,1,450000,450000,0.0029000000000000002,2016,2016,FALSE
31156,Cobi Hamilton,cobi hamilton,WR,PIT PIT,PIT,25,2016,2016,1,450000,450000,0.0029000000000000002,2016,2016,FALSE
31163,Jace Davis,jace davis,WR,DEN DEN,DEN,24,2016,2016,1,450000,450000,0.0029000000000000002,2016,2016,FALSE
31165,Kenny Cook,kenny cook,WR,KC KC,KC,23,2016,2016,1,450000,450000,0.0029000000000000002,2016,2016,FALSE
31168,Chuck Jacobs,chuck jacobs,WR,BAL BAL,BAL,25,2016,2016,1,450000,450000,0.0029000000000000002,2016,2016,FALSE
31186,Reggie Bell,reggie bell,WR,NO NO,NO,23,2016,2016,1,450000,450000,0.0029000000000000002,2016,2016,FALSE
31188,Torrence Allen,torrence allen,WR,SD SD,LAC,24,2016,2016,1,450000,450000,0.0029000000000000002,2016,2016,FALSE
31195,Lance Moore,lance moore,WR,ATL ATL,ATL,32,2016,2016,1,NA,NA,NA,2016,2016,FALSE
31196,Kain Colter,kain colter,WR,BUF BUF,BUF,23,2016,2016,1,NA,NA,NA,2016,2016,FALSE
31199,Dohnte Meyers,dohnte meyers,WR,CIN CIN,CIN,NA,2026,2028,3,3110000,1036667,0.0034,2028,2028,FALSE
31200,Damien Alford,damien alford,WR,NO NO,NO,NA,2026,2028,3,3110000,1036667,0.0034,2028,2028,FALSE
31207,Tyler Scott,tyler scott,WR,LAR LAR,LA,24,2026,2027,2,2265000,1132500,0.0037,2027,2027,FALSE
31228,Danny Gray,danny gray,WR,PHI PHI,PHI,26,2026,2027,2,2125000,1062500,0.0034999999999999996,2027,2027,FALSE
31236,Garrett Greene,garrett greene,WR,TB TB,TB,24,2026,2027,2,1970000,985000,0.0032,2027,2027,FALSE
31237,Stephen Gosnell,stephen gosnell,WR,BUF BUF,BUF,24,2026,2027,2,1943500,971750,0.0032,2027,2027,FALSE
31246,Brennan Presley,brennan presley,WR,LAR LAR,LA,23,2026,2027,2,1935000,967500,0.0032,2027,2027,FALSE
31248,Tru Edwards,tru edwards,WR,LAR LAR,LA,24,2026,2027,2,1935000,967500,0.0032,2027,2027,FALSE
31254,Mario Williams,mario williams,WR,LAR LAR,LA,22,2026,2027,2,1935000,967500,0.0032,2027,2027,FALSE
31268,AJ Henning,aj henning,WR,MIA MIA,MIA,24,2026,2027,2,1935000,967500,0.0032,2027,2027,FALSE
31271,Traeshon Holden,traeshon holden,WR,DAL DAL,DAL,24,2026,2027,2,1935000,967500,0.0032,2027,2027,FALSE
31276,Xavier Restrepo,xavier restrepo,WR,TEN TEN,TEN,23,2026,2027,2,1935000,967500,0.0032,2027,2027,FALSE
31278,Hal Presley,hal presley,WR,TEN TEN,TEN,23,2026,2027,2,1935000,967500,0.0032,2027,2027,FALSE
31285,Dennis Houston,dennis houston,WR,TB TB,TB,26,2026,2027,2,1935000,967500,0.0032,2027,2027,FALSE
31286,Jamaal Pritchett,jamaal pritchett,WR,NYJ NYJ,NYJ,22,2026,2027,2,1935000,967500,0.0032,2027,2027,FALSE
31296,Mecole Hardman,mecole hardman,WR,BUF BUF,BUF,27,2026,2026,1,1325000,1325000,0.0044,2026,2026,FALSE
31298,Phillip Dorsett,phillip dorsett,WR,LV LV,LV,33,2026,2026,1,1300000,1300000,0.004300000000000001,2026,2026,FALSE
31300,Terrace Marshall,terrace marshall,WR,MIA MIA,MIA,25,2026,2026,1,1215000,1215000,0.004,2026,2026,FALSE
31305,Malik Turner,malik turner,WR,SF SF,SF,29,2026,2026,1,1215000,1215000,0.004,2026,2026,FALSE
31312,Ihmir Smith-Marsette,ihmir smith marsette,WR,ARI ARI,ARI,26,2026,2026,1,1215000,1215000,0.004,2026,2026,FALSE
31314,Quez Watkins,quez watkins,WR,PHI PHI,PHI,27,2026,2026,1,1215000,1215000,0.004,2026,2026,FALSE
31316,Tim Jones,tim jones,WR,JAX JAX,JAX,27,2026,2026,1,1215000,1215000,0.004,2026,2026,FALSE
31318,Dan Chisena,dan chisena,WR,CAR CAR,CAR,28,2026,2026,1,1215000,1215000,0.004,2026,2026,FALSE
31322,Tanner Conner,tanner conner,WR,NYG NYG,NYG,27,2026,2026,1,1215000,1215000,0.004,2026,2026,FALSE
31327,Parris Campbell,parris campbell,WR,DAL DAL,DAL,28,2026,2026,1,1215000,1215000,0.004,2026,2026,FALSE
31331,Austin Trammell,austin trammell,WR,JAX JAX,JAX,27,2026,2026,1,1155000,1155000,0.0038,2026,2026,FALSE
31344,Lawrence Cager,lawrence cager,WR,WAS WAS,WAS,28,2026,2026,1,1145000,1145000,0.0038,2026,2026,FALSE
31361,A.T. Perry,a t perry,WR,PIT PIT,PIT,26,2026,2026,1,1075000,1075000,0.0034999999999999996,2026,2026,FALSE
31362,Jason Brownlee,jason brownlee,WR,KC KC,KC,26,2026,2026,1,1075000,1075000,0.0034999999999999996,2026,2026,FALSE
31367,Mitchell Tinsley,mitchell tinsley,WR,CIN CIN,CIN,26,2026,2026,1,1075000,1075000,0.0034999999999999996,2026,2026,FALSE
31368,Maurice Alexander,maurice alexander,WR,CHI CHI,CHI,29,2026,2026,1,1075000,1075000,0.0034999999999999996,2026,2026,FALSE
31375,Colton Dowell,colton dowell,WR,SF SF,SF,26,2026,2026,1,1075000,1075000,0.0034999999999999996,2026,2026,FALSE
31399,Chris Blair,chris blair,WR,ATL ATL,ATL,27,2026,2026,1,1075000,1075000,0.0034999999999999996,2026,2026,FALSE
31414,Jared Wayne,jared wayne,WR,HOU HOU,HOU,25,2026,2026,1,1005000,1005000,0.0032999999999999995,2026,2026,FALSE
31423,Dalevon Campbell,dalevon campbell,WR,LAC LAC,LAC,24,2026,2026,1,1005000,1005000,0.0032999999999999995,2026,2026,FALSE
31431,Ainias Smith,ainias smith,WR,CAR CAR,CAR,24,2026,2026,1,1005000,1005000,0.0032999999999999995,2026,2026,FALSE
31435,Elijah Cooks,elijah cooks,WR,NO NO,NO,27,2026,2026,1,1005000,1005000,0.0032999999999999995,2026,2026,FALSE
31438,Brenden Rice,brenden rice,WR,LV LV,LV,23,2026,2026,1,1005000,1005000,0.0032999999999999995,2026,2026,FALSE
31443,Malik Cunningham,malik cunningham,WR,DET DET,DET,27,2026,2026,1,1005000,1005000,0.0032999999999999995,2026,2026,FALSE
31463,Qadir Ismail,qadir ismail,WR,CHI CHI,CHI,NA,2026,2026,1,885000,885000,0.0029000000000000002,2026,2026,FALSE
31467,Junior Bergen,junior bergen,WR,SF SF,SF,NA,2026,2026,1,885000,885000,0.0029000000000000002,2026,2026,FALSE
31473,Josh Kelly,josh kelly,WR,HOU HOU,HOU,24,2026,2026,1,885000,885000,0.0029000000000000002,2026,2026,FALSE
31476,John Richardson,john richardson,WR,CHI CHI,CHI,23,2026,2026,1,885000,885000,0.0029000000000000002,2026,2026,FALSE
31481,Brandon Smith,brandon smith,WR,PIT PIT,PIT,27,2026,2026,1,885000,885000,0.0029000000000000002,2026,2026,FALSE
31485,John Rhys Plumlee,john rhys plumlee,WR,PIT PIT,PIT,25,2026,2026,1,885000,885000,0.0029000000000000002,2026,2026,FALSE
31491,Cole Burgess,cole burgess,WR,PIT PIT,PIT,25,2026,2026,1,885000,885000,0.0029000000000000002,2026,2026,FALSE
31501,JaQuae Jackson,jaquae jackson,WR,LAC LAC,LAC,25,2026,2026,1,885000,885000,0.0029000000000000002,2026,2026,FALSE
31502,Luke Grimm,luke grimm,WR,LAC LAC,LAC,24,2026,2026,1,885000,885000,0.0029000000000000002,2026,2026,FALSE
31505,Isaiah Neyor,isaiah neyor,WR,GB GB,GB,24,2026,2026,1,885000,885000,0.0029000000000000002,2026,2026,FALSE
31506,Mac Dalena,mac dalena,WR,NYJ NYJ,NYJ,24,2026,2026,1,885000,885000,0.0029000000000000002,2026,2026,FALSE
31515,Chandler Brayboy,chandler brayboy,WR,JAX JAX,JAX,24,2026,2026,1,885000,885000,0.0029000000000000002,2026,2026,FALSE
31516,Will Sheppard,will sheppard,WR,GB GB,GB,NA,2026,2026,1,885000,885000,0.0029000000000000002,2026,2026,FALSE
31528,Ja'Seem Reed,ja seem reed,WR,CAR CAR,CAR,22,2026,2026,1,885000,885000,0.0029000000000000002,2026,2026,FALSE
31535,Isaiah Wooden,isaiah wooden,WR,CLE CLE,CLE,25,2026,2026,1,885000,885000,0.0029000000000000002,2026,2026,FALSE
31538,Nick Nash,nick nash,WR,WAS WAS,WAS,25,2026,2026,1,885000,885000,0.0029000000000000002,2026,2026,FALSE
31541,Andrew Armstrong,andrew armstrong,WR,KC KC,KC,25,2026,2026,1,885000,885000,0.0029000000000000002,2026,2026,FALSE
31548,Jacoby Jones,jacoby jones,WR,WAS WAS,WAS,24,2026,2026,1,885000,885000,0.0029000000000000002,2026,2026,FALSE
31549,Ja’Corey Brooks,ja corey brooks,WR,WAS WAS,WAS,24,2026,2026,1,885000,885000,0.0029000000000000002,2026,2026,FALSE
31556,Jeshaun Jones,jeshaun jones,WR,MIN MIN,MIN,26,2026,2026,1,885000,885000,0.0029000000000000002,2026,2026,FALSE
31557,Dontae Fleming,dontae fleming,WR,MIN MIN,MIN,24,2026,2026,1,885000,885000,0.0029000000000000002,2026,2026,FALSE
31559,Joaquin Davis,joaquin davis,WR,MIN MIN,MIN,23,2026,2026,1,885000,885000,0.0029000000000000002,2026,2026,FALSE
31563,Jimmy Holiday,jimmy holiday,WR,KC KC,KC,24,2026,2026,1,885000,885000,0.0029000000000000002,2026,2026,FALSE
31567,Eli Pancol,eli pancol,WR,IND IND,IND,25,2026,2026,1,885000,885000,0.0029000000000000002,2026,2026,FALSE
31568,Coleman Owen,coleman owen,WR,IND IND,IND,24,2026,2026,1,885000,885000,0.0029000000000000002,2026,2026,FALSE
31576,Jackson Meeks,jackson meeks,WR,DET DET,DET,22,2026,2026,1,885000,885000,0.0029000000000000002,2026,2026,FALSE
31580,Luke Floriea,luke floriea,WR,CLE CLE,CLE,24,2026,2026,1,885000,885000,0.0029000000000000002,2026,2026,FALSE
31584,Jordan Moore,jordan moore,WR,CIN CIN,CIN,23,2026,2026,1,885000,885000,0.0029000000000000002,2026,2026,FALSE
31586,Xavier Johnson,xavier johnson,WR,CIN CIN,CIN,26,2026,2026,1,885000,885000,0.0029000000000000002,2026,2026,FALSE
31594,Cornelius Johnson,cornelius johnson,WR,BAL BAL,BAL,25,2026,2026,1,885000,885000,0.0029000000000000002,2026,2026,FALSE
31598,Bryson Green,bryson green,WR,ARI ARI,ARI,23,2026,2026,1,885000,885000,0.0029000000000000002,2026,2026,FALSE
