season,player_key,player,team,pos,adv_targets,adv_receptions,adv_yards,adv_rec_touchdowns,adv_catch_percentage,adv_avg_cushion,adv_avg_separation,adv_avg_intended_air_yards,adv_avg_yac,adv_avg_expected_yac,adv_avg_yac_above_expectation,adv_percent_share_of_intended_air_yards,adv_yards_per_target,adv_yards_per_reception,adv_td_per_target
2016,a j green,A.J. Green,CIN,WR,100,66,964,4,66,4.7908602150537645,2.4563685374445274,13.404200000000001,3.9540909090909095,4.78940398069774,-0.8353130716068304,27.831774342576548,9.64,14.606060606060606,0.04
2016,adam humphries,Adam Humphries,TB,WR,83,55,622,2,66.26506024096386,6.508181818181818,3.4168422148766115,5.731686746987951,7.180363636363635,6.426137826286846,0.7542258100767896,7.788076824852172,7.493975903614458,11.309090909090909,0.024096385542168676
2016,adam thielen,Adam Thielen,MIN,WR,92,69,967,5,75,5.294,2.753091457498803,10.974891304347825,4.365652173913045,5.12320333873206,-0.7575511648190156,24.705643424813058,10.51086956521739,14.014492753623188,0.05434782608695652
2016,albert wilson,Albert Wilson,KC,WR,51,31,279,2,60.78431372549019,7.21409090909091,3.505559892066392,7.72607843137255,5.222580645161289,5.1966671712968076,0.025913473864481062,10.077880225584105,5.470588235294118,9,0.0392156862745098
2016,allen hurns,Allen Hurns,JAX,WR,76,35,477,3,46.05263157894737,6.539999999999999,2.5354071227099957,10.768552631578947,5.987714285714287,6.157138161146571,-0.1694238754322841,14.977015028072408,6.276315789473684,13.628571428571428,0.039473684210526314
2016,allen robinson,Allen Robinson,JAX,WR,151,73,883,6,48.34437086092716,4.586733333333333,1.9491133659249662,14.099470198675496,2.7521917808219176,3.877823378942323,-1.1256315981204055,38.96135743095358,5.847682119205298,12.095890410958905,0.039735099337748346
2016,alshon jeffery,Alshon Jeffery,CHI,WR,94,52,821,2,55.319148936170215,4.922043010752688,2.239448115425741,14.134787234042552,3.7323076923076925,3.5100808212398675,0.22222687106782502,25.16101176555247,8.73404255319149,15.788461538461538,0.02127659574468085
2016,amari cooper,Amari Cooper,LV,WR,132,83,1153,5,62.878787878787875,4.60696,2.617496611570895,10.14189393939394,5.538915662650603,5.403050051755384,0.13586561089521876,26.998852468604227,8.734848484848484,13.891566265060241,0.03787878787878788
2016,andrew hawkins,Andrew Hawkins,CLE,WR,54,33,324,3,61.111111111111114,5.10673469387755,3.0487992565943474,8.578333333333333,3.911818181818182,3.618938986099491,0.29287919571869114,9.037170565547433,6,9.818181818181818,0.05555555555555555
2016,anquan boldin,Anquan Boldin,DET,WR,95,67,584,8,70.52631578947368,5.176516853932584,2.409151276216126,6.720842105263158,3.130298507462687,3.469019497260713,-0.3387209897980261,13.521389241846677,6.147368421052631,8.716417910447761,0.08421052631578947
2016,antonio brown,Antonio Brown,PIT,WR,154,106,1284,12,68.83116883116884,5.040544217687075,2.9169696345910348,11.055714285714286,3.829056603773585,4.552554466813914,-0.7234978630403295,30.444531864673486,8.337662337662337,12.11320754716981,0.07792207792207792
2016,brandin cooks,Brandin Cooks,NO,WR,117,78,1173,8,66.66666666666666,7.149210526315788,2.8473033548769573,13.449059829059827,4.596923076923077,4.10761506025108,0.4893080166719974,30.874066051359332,10.025641025641026,15.038461538461538,0.06837606837606838
2016,brandon lafell,Brandon LaFell,CIN,WR,107,64,862,6,59.813084112149525,5.731634615384616,2.739646945454968,10.949252336448598,5.1784375,4.94749617431325,0.23094132568675008,24.325861943668702,8.05607476635514,13.46875,0.056074766355140186
2016,brandon marshall,Brandon Marshall,NYJ,WR,128,59,788,3,46.09375,4.439596774193548,2.21587312661331,13.628046875,2.9649152542372885,4.734115501076712,-1.7692002468394232,33.23350270247615,6.15625,13.35593220338983,0.0234375
2016,breshad perriman,Breshad Perriman,BAL,WR,66,33,499,3,50,5.747812499999999,2.4194923691791534,14.853787878787879,5.206666666666667,4.576497889828196,0.6301687768384712,18.67084388748167,7.5606060606060606,15.121212121212121,0.045454545454545456
2016,brian quick,Brian Quick,LA,WR,77,41,564,3,53.246753246753244,6.5464864864864865,2.1667962782834436,12.272597402597402,4.0407317073170725,2.8924003875388005,1.148331319778272,22.14076521168669,7.324675324675325,13.75609756097561,0.03896103896103896
2016,cameron meredith,Cameron Meredith,CHI,WR,97,66,888,4,68.04123711340206,5.703894736842104,2.4009852270561303,10.425463917525773,4.340606060606061,3.6584089100349226,0.6821971505711382,19.15041083801866,9.154639175257731,13.454545454545455,0.041237113402061855
2016,chris conley,Chris Conley,KC,WR,69,44,530,0,63.76811594202898,7.053676470588236,2.905711445551097,10.583478260869564,3.0490909090909084,4.017353781923293,-0.9682628728323848,18.677442868652246,7.681159420289855,12.045454545454545,0
2016,chris hogan,Chris Hogan,NE,WR,58,38,680,4,65.51724137931035,5.195178571428571,3.1679604473470047,13.671206896551723,6.675263157894738,5.906720445591999,0.7685427123027395,17.778859003219758,11.724137931034482,17.894736842105264,0.06896551724137931
2016,cole beasley,Cole Beasley,DAL,WR,98,75,833,5,76.53061224489795,6.70641304347826,3.4045226093913414,6.840102040816326,4.960799999999999,5.173482953247786,-0.2126829532477874,15.97115171557707,8.5,11.106666666666667,0.05102040816326531
2016,corey brown,Corey Brown,CAR,WR,53,27,271,1,50.943396226415096,6.243829787234042,3.172532643566693,10.083396226415093,4.285555555555555,5.136149336896962,-0.8505937813414075,8.795444446273102,5.113207547169812,10.037037037037036,0.018867924528301886
2016,corey coleman,Corey Coleman,CLE,WR,73,33,413,3,45.20547945205479,5.606901408450705,2.752814529785125,15.20109589041096,2.775151515151515,3.178423348702121,-0.40327183355060603,21.64878663553025,5.657534246575342,12.515151515151516,0.0410958904109589
2016,davante adams,Davante Adams,GB,WR,121,75,997,12,61.98347107438017,4.64936936936937,2.8902344618586926,12.30917355371901,5.3617333333333335,5.291671807148895,0.07006152618443817,26.02930767819226,8.239669421487603,13.293333333333333,0.09917355371900827
2016,deandre hopkins,DeAndre Hopkins,HOU,WR,151,78,954,4,51.65562913907284,4.325436241610738,2.25623885292923,12.691258278145696,2.993205128205128,2.7228349277302706,0.2703702004748574,35.16506504063548,6.317880794701987,12.23076923076923,0.026490066225165563
2016,demaryius thomas,Demaryius Thomas,DEN,WR,144,90,1083,5,62.5,4.674265734265734,2.052955232574223,11.125416666666666,3.420000000000001,3.5058160461553496,-0.08581604615534877,29.559720577001848,7.520833333333333,12.033333333333333,0.034722222222222224
2016,desean jackson,DeSean Jackson,WAS,WR,100,56,1005,4,56.00000000000001,7.295833333333334,2.8862852196325024,16.035399999999996,4.867142857142858,5.051773002105554,-0.18463014496269547,28.085914306381916,10.05,17.946428571428573,0.04
2016,devante parker,DeVante Parker,MIA,WR,87,56,744,4,64.36781609195403,4.933139534883721,2.2975543609307754,12.513908045977011,4.301964285714285,4.417146072781715,-0.11518178706742965,27.762095283266653,8.551724137931034,13.285714285714286,0.04597701149425287
2016,devin funchess,Devin Funchess,CAR,WR,58,23,371,4,39.6551724137931,6.2188888888888885,2.0438195354467976,14.91310344827586,4.440869565217391,3.7156218601263045,0.7252477050910868,14.235447079541153,6.396551724137931,16.130434782608695,0.06896551724137931
2016,dez bryant,Dez Bryant,DAL,WR,96,50,796,8,52.083333333333336,5.243936170212765,1.823326953163286,15.482708333333335,2.6567999999999996,3.50139038069464,-0.8445903806946404,35.41324667093943,8.291666666666666,15.92,0.08333333333333333
2016,donte moncrief,Donte Moncrief,IND,WR,56,30,307,7,53.57142857142857,5.665714285714286,2.3553823686399866,11.061428571428573,2.5413333333333332,2.6691432801091333,-0.12780994677580004,11.848100103668965,5.482142857142857,10.233333333333333,0.125
2016,dontrelle inman,Dontrelle Inman,LAC,WR,97,58,810,4,59.79381443298969,6.201666666666666,2.8140294668635586,11.41278350515464,3.697241379310345,4.522543615677569,-0.8253022363672242,21.63290271017061,8.350515463917526,13.96551724137931,0.041237113402061855
2016,dorial green beckham,Dorial Green-Beckham,PHI,WR,74,36,392,2,48.64864864864865,6.060675675675677,2.563052271581774,10.718243243243242,3.972777777777779,4.521596847706784,-0.5488190699290048,16.328627131275447,5.297297297297297,10.88888888888889,0.02702702702702703
2016,doug baldwin,Doug Baldwin,SEA,WR,125,94,1128,7,75.2,6.618867924528302,3.0698670212862265,9.402640000000002,4.890212765957448,5.133962746947246,-0.24374998098979805,22.927586724850627,9.024,12,0.056
2016,eddie royal,Eddie Royal,CHI,WR,43,33,369,2,76.74418604651163,6.001538461538462,3.4033791125456756,6.278604651162791,5.806969696969698,4.812983622153232,0.9939860748164655,5.112608816684247,8.581395348837209,11.181818181818182,0.046511627906976744
2016,eli rogers,Eli Rogers,PIT,WR,66,48,594,3,72.72727272727273,5.7282758620689656,2.9852840665543896,9.673636363636362,4.457083333333332,6.358134455460146,-1.9010511221268134,11.416565338673912,9,12.375,0.045454545454545456
2016,emmanuel sanders,Emmanuel Sanders,DEN,WR,137,79,1032,5,57.66423357664233,5.801908396946566,2.6294746835319396,13.349635036496348,3.0115189873417716,3.434979642493257,-0.42346065515148545,33.745161206995164,7.532846715328467,13.063291139240507,0.0364963503649635
2016,golden tate,Golden Tate,DET,WR,135,91,1077,4,67.4074074074074,5.496899224806202,2.7148833127247483,8.379999999999999,6.556593406593406,5.65456280937491,0.9020305972184968,23.958068614993646,7.977777777777778,11.835164835164836,0.02962962962962963
2016,j j nelson,J.J. Nelson,ARI,WR,74,34,568,6,45.94594594594595,5.903783783783784,2.930463344543924,18.28689189189189,4.763529411764705,3.560307056586412,1.2032223551782932,20.381566026255072,7.675675675675675,16.705882352941178,0.08108108108108109
2016,jamison crowder,Jamison Crowder,WAS,WR,99,67,847,7,67.67676767676768,6.732235294117647,3.5934765911806594,8.656161616161617,5.612388059701491,5.668837136562553,-0.05644907686106215,15.00960694712764,8.555555555555555,12.64179104477612,0.0707070707070707
2016,jarvis landry,Jarvis Landry,MIA,WR,131,94,1136,4,71.7557251908397,5.838512396694215,2.8540156097702063,6.477022900763359,6.5420212765957455,4.765788367723645,1.7762329088721005,21.636487427229405,8.67175572519084,12.085106382978724,0.030534351145038167
2016,jeremy kerley,Jeremy Kerley,SF,WR,115,64,667,3,55.65217391304348,6.517843137254903,3.1494108707836843,9.171478260869563,3.1635937500000004,4.814907075876471,-1.6513133258764707,24.796345623517404,5.8,10.421875,0.02608695652173913
2016,jeremy maclin,Jeremy Maclin,KC,WR,76,44,536,2,57.89473684210527,6.089722222222221,2.359351389758836,11.47078947368421,3.0922727272727273,4.092893911358023,-1.0006211840852957,22.297019067227644,7.052631578947368,12.181818181818182,0.02631578947368421
2016,jermaine kearse,Jermaine Kearse,SEA,WR,89,41,510,1,46.06741573033708,5.618837209302327,2.4438431252579336,13.240224719101125,3.2639024390243914,4.155013396244512,-0.8911109572201208,22.987084176213898,5.730337078651686,12.439024390243903,0.011235955056179775
2016,john brown,John Brown,ARI,WR,73,39,517,2,53.42465753424658,5.953538461538462,3.0329399275355704,14.793150684931504,2.543589743589744,2.9881372626622,-0.44454751907245615,16.26482796845536,7.082191780821918,13.256410256410257,0.0273972602739726
2016,jordan matthews,Jordan Matthews,PHI,WR,117,73,804,3,62.39316239316239,5.4466363636363635,2.837310301682817,10.720598290598293,3.228630136986301,4.4930371308333985,-1.2644069938470976,25.822556007098424,6.871794871794871,11.013698630136986,0.02564102564102564
2016,jordy nelson,Jordy Nelson,GB,WR,152,97,1257,14,63.81578947368421,5.76867132867133,2.6681548219983333,13.011644736842106,3.6707216494845354,3.573893585463259,0.0968280640212762,34.56401114985014,8.269736842105264,12.958762886597938,0.09210526315789473
2016,julian edelman,Julian Edelman,NE,WR,159,98,1106,3,61.63522012578616,6.381911764705882,2.688326466364714,9.4888679245283,4.936836734693878,4.691841914336041,0.24499482035783693,33.82833029892644,6.955974842767295,11.285714285714286,0.018867924528301886
2016,julio jones,Julio Jones,ATL,WR,129,83,1409,6,64.34108527131784,4.9568032786885245,2.2447113519127133,14.452790697674418,4.845783132530121,5.186795073706805,-0.3410119411766841,38.77595587501247,10.922480620155039,16.97590361445783,0.046511627906976744
2016,kamar aiken,Kamar Aiken,BAL,WR,50,29,328,1,57.99999999999999,5.196666666666666,3.367591061934661,12.121999999999998,3.534137931034484,4.679515372065828,-1.1453774410313442,11.543222808387451,6.56,11.310344827586206,0.02
2016,kendall wright,Kendall Wright,TEN,WR,43,29,416,3,67.44186046511628,6.113947368421054,2.9236142763626627,10.670930232558138,4.282068965517243,4.2750160008886615,0.007052964628581293,9.41470240635567,9.674418604651162,14.344827586206897,0.06976744186046512
2016,kenny britt,Kenny Britt,LA,WR,111,68,1002,5,61.261261261261254,4.863513513513513,2.3205808458945043,12.706846846846844,4.133823529411764,4.168005551490561,-0.03418202207879695,33.04655467303951,9.027027027027026,14.735294117647058,0.04504504504504504
2016,kenny stills,Kenny Stills,MIA,WR,81,42,726,9,51.85185185185185,6.459189189189189,2.4815387079464912,15.291234567901233,4.216904761904761,3.9911371753431104,0.22576758656165063,31.584033945588118,8.962962962962964,17.285714285714285,0.1111111111111111
2016,larry fitzgerald,Larry Fitzgerald,ARI,WR,150,107,1023,6,71.33333333333334,6.482462686567165,2.361345376740551,7.994866666666669,3.4297196261682235,3.6251963890891172,-0.19547676292089378,18.06210727346118,6.82,9.560747663551401,0.04
2016,malcolm mitchell,Malcolm Mitchell,NE,WR,48,32,401,4,66.66666666666666,5.191521739130435,2.5921711474912685,11.125,5.099687500000002,4.016661789343438,1.083025710656564,11.97320155337716,8.354166666666666,12.53125,0.08333333333333333
2016,marqise lee,Marqise Lee,JAX,WR,105,63,851,3,60,6.254466019417476,2.5639410991592992,11.866952380952378,5.495238095238096,5.377943992085825,0.11729410315227096,22.802519562846324,8.104761904761904,13.507936507936508,0.02857142857142857
2016,marquise goodwin,Marquise Goodwin,BUF,WR,68,29,413,3,42.64705882352941,6.535909090909091,2.8395524838599293,15.823235294117648,2.337241379310345,2.2694511989066894,0.06779018040365559,22.866335707849508,6.073529411764706,14.241379310344827,0.04411764705882353
2016,marvin jones,Marvin Jones,DET,WR,103,55,930,4,53.398058252427184,3.7646601941747573,2.0481856487819665,14.651747572815532,4.29,3.82574507899505,0.46425492100495,31.95955103769589,9.029126213592233,16.90909090909091,0.038834951456310676
2016,michael crabtree,Michael Crabtree,LV,WR,145,89,1003,8,61.37931034482759,5.976,2.2610439900519386,11.564206896551722,2.8544943820224717,2.9213318859195905,-0.06683750389711873,33.81708470556441,6.917241379310345,11.269662921348315,0.05517241379310345
2016,michael floyd,Michael Floyd,NE,WR,76,37,488,5,48.68421052631579,5.790800000000001,2.4188990618470334,15.569605263157897,1.7421621621621628,3.2119723014238137,-1.469810139261651,17.82202823112654,6.421052631578948,13.18918918918919,0.06578947368421052
2016,michael thomas,Michael Thomas,NO,WR,121,92,1137,9,76.03305785123968,4.842564102564103,2.444629136885177,8.438099173553718,4.9943478260869565,4.64559421380238,0.34875361228457624,20.033002134739753,9.396694214876034,12.358695652173912,0.0743801652892562
2016,mike evans,Mike Evans,TB,WR,173,96,1321,12,55.49132947976878,5.75391812865497,2.163240825809149,15.538265895953751,1.8864583333333333,2.430979800013174,-0.5445214666798408,44.006653089823246,7.635838150289017,13.760416666666666,0.06936416184971098
2016,mike wallace,Mike Wallace,BAL,WR,116,72,1017,4,62.06896551724138,5.773706896551724,2.713413276296051,12.511896551724137,5.834722222222222,5.248995777631813,0.5857264445904091,27.64164778029596,8.767241379310345,14.125,0.034482758620689655
2016,mohamed sanu,Mohamed Sanu,ATL,WR,81,59,653,4,72.8395061728395,5.716571428571429,2.8987122296004686,8.604938271604938,4.865254237288135,5.714003094942796,-0.8487488576546607,14.496189810655219,8.061728395061728,11.067796610169491,0.04938271604938271
2016,nelson agholor,Nelson Agholor,PHI,WR,69,36,365,2,52.17391304347826,6.24939393939394,2.292221220614623,11.44768115942029,3.022777777777778,3.3085145548319144,-0.2857367770541366,16.261513313652102,5.2898550724637685,10.13888888888889,0.028985507246376812
2016,phillip dorsett,Phillip Dorsett,IND,WR,59,33,528,2,55.932203389830505,7.072542372881356,2.902843283586208,13.835423728813561,4.325151515151516,4.658525747314787,-0.3333742321632709,15.613272687627438,8.94915254237288,16,0.03389830508474576
2016,pierre garcon,Pierre Garcon,WAS,WR,114,79,1041,3,69.2982456140351,5.0678761061946895,2.657758720873211,10.852368421052637,4.329113924050633,4.11357575428638,0.21553816976425288,21.668964043570185,9.131578947368421,13.177215189873417,0.02631578947368421
2016,quincy enunwa,Quincy Enunwa,NYJ,WR,105,58,857,4,55.23809523809524,6.523205128205127,2.4327383067130066,9.661142857142856,6.23448275862069,5.823938358795723,0.4105443998249667,19.326371861479288,8.161904761904761,14.775862068965518,0.0380952380952381
2016,quinton patton,Quinton Patton,SF,WR,63,37,408,0,58.730158730158735,6.387096774193547,3.2223971831420024,9.913809523809523,5.382702702702702,5.607346103801891,-0.2246434010991889,14.683568706462632,6.476190476190476,11.027027027027026,0
2016,randall cobb,Randall Cobb,GB,WR,84,60,610,4,71.42857142857143,5.407361111111111,3.4028029845932326,7.454523809523811,5.789500000000001,5.179236787061503,0.6102632129384986,10.943280817189645,7.261904761904762,10.166666666666666,0.047619047619047616
2016,rishard matthews,Rishard Matthews,TEN,WR,108,65,945,9,60.18518518518518,7.1388461538461545,2.167099764435854,13.507592592592593,3.8590769230769237,3.9598145537373233,-0.10073763066039954,29.932126325465358,8.75,14.538461538461538,0.08333333333333333
2016,robert woods,Robert Woods,BUF,WR,76,51,613,1,67.10526315789474,6.24958904109589,3.5252452115320008,11.175394736842104,2.693921568627452,3.551595990561848,-0.8576744219343961,18.04965232322889,8.06578947368421,12.019607843137255,0.013157894736842105
2016,sammie coates,Sammie Coates,PIT,WR,49,21,435,2,42.857142857142854,6.759795918367347,2.5239471768132433,22.00857142857143,5.73142857142857,6.2511791416574765,-0.519750570228906,19.283670695944497,8.877551020408163,20.714285714285715,0.04081632653061224
2016,sammy watkins,Sammy Watkins,BUF,WR,52,28,430,2,53.84615384615385,5.566734693877552,2.4988699799823277,15.061346153846152,1.1139285714285716,2.9925420816445425,-1.878613510215971,16.644069093320184,8.26923076923077,15.357142857142858,0.038461538461538464
2016,seth roberts,Seth Roberts,LV,WR,77,38,397,5,49.35064935064935,4.735217391304348,2.5376762778991964,9.336753246753247,5.338421052631579,4.616605767480974,0.7218152851506057,14.499028934328537,5.1558441558441555,10.447368421052632,0.06493506493506493
2016,stefon diggs,Stefon Diggs,MIN,WR,112,84,896,3,75,5.461467889908256,2.782359018736615,9.065357142857142,3.491428571428572,3.766960682954603,-0.2755321115260312,24.84340132325881,8,10.666666666666666,0.026785714285714284
2016,sterling shepard,Sterling Shepard,NYG,WR,105,65,683,8,61.904761904761905,5.260526315789474,2.735273368756398,9.326857142857142,4.222615384615385,4.826589307000953,-0.6039739223855678,19.990977400634037,6.504761904761905,10.507692307692308,0.0761904761904762
2016,steve smith,Steve Smith,BAL,WR,101,70,799,5,69.3069306930693,6.503258426966291,2.659959570292205,9.094158415841585,3.815857142857143,3.1583797895749326,0.6574773532822102,17.493096158607425,7.910891089108911,11.414285714285715,0.04950495049504951
2016,t y hilton,T.Y. Hilton,IND,WR,155,91,1448,6,58.70967741935483,5.66841059602649,2.596274704554486,13.26425806451613,3.563516483516483,4.440398702765584,-0.8768822192491004,39.32458331580015,9.341935483870968,15.912087912087912,0.03870967741935484
2016,tajae sharpe,Tajae Sharpe,TEN,WR,83,41,522,2,49.39759036144578,6.3984337349397595,2.1180075594954255,13.749999999999996,2.0763414634146344,2.5077315510770437,-0.43139008766240927,23.416212534059948,6.289156626506024,12.731707317073171,0.024096385542168676
2016,tavon austin,Tavon Austin,LA,WR,106,58,509,3,54.71698113207547,6.977173913043478,3.1914531897961886,7.548396226415094,4.558620689655172,4.734016339324913,-0.1753956496697402,18.746749138961125,4.80188679245283,8.775862068965518,0.02830188679245283
2016,taylor gabriel,Taylor Gabriel,ATL,WR,50,35,579,6,70,7.0809999999999995,3.158981834854208,11.190999999999999,7.892,6.3763773191361715,1.515622680863829,11.637507903231173,11.58,16.542857142857144,0.12
2016,terrance williams,Terrance Williams,DAL,WR,61,44,594,4,72.1311475409836,6.2410000000000005,2.736280469136144,12.339180327868853,3.530227272727274,3.8783758620246136,-0.3481485892973395,17.933444996938384,9.737704918032787,13.5,0.06557377049180328
2016,terrelle pryor,Terrelle Pryor,CLE,WR,140,77,1007,4,55.00000000000001,5.609927536231885,2.752861294475272,14.683214285714286,2.371298701298701,3.3338628825424164,-0.9625641812437156,40.10374905137314,7.192857142857143,13.077922077922079,0.02857142857142857
2016,torrey smith,Torrey Smith,SF,WR,49,20,267,3,40.816326530612244,6.306530612244898,2.3446615726191293,13.832857142857142,2.8299999999999996,3.82771820449765,-0.9977182044976503,15.935234969542943,5.448979591836735,13.35,0.061224489795918366
2016,travis benjamin,Travis Benjamin,LAC,WR,75,47,677,4,62.66666666666667,7.601111111111111,3.0174261849707245,13.329866666666668,5.679361702127658,4.96871083642785,0.7106508656998081,19.536130722888036,9.026666666666667,14.404255319148936,0.05333333333333334
2016,tyler boyd,Tyler Boyd,CIN,WR,81,54,603,1,66.66666666666666,5.739218750000001,2.7718562673303433,9.286666666666667,3.802592592592593,4.841715630560274,-1.039123037967681,15.618699583692372,7.444444444444445,11.166666666666666,0.012345679012345678
2016,tyler lockett,Tyler Lockett,SEA,WR,66,41,597,1,62.121212121212125,6.808750000000001,3.353730466559719,10.760909090909092,5.339756097560975,5.551802066768878,-0.21204596920790308,13.854518002368197,9.045454545454545,14.560975609756097,0.015151515151515152
2016,tyreek hill,Tyreek Hill,KC,WR,83,61,599,6,73.49397590361446,7.822638888888889,3.51871428008136,7.870602409638554,4.670655737704918,5.3315702868677315,-0.6609145491628139,16.708057853881865,7.216867469879518,9.819672131147541,0.07228915662650602
2016,tyrell williams,Tyrell Williams,LAC,WR,119,69,1059,7,57.98319327731093,5.72405172413793,2.4904903892016224,12.186218487394958,6.7,7.429491204369463,-0.729491204369463,28.337883178729783,8.899159663865547,15.347826086956522,0.058823529411764705
2016,victor cruz,Victor Cruz,NYG,WR,72,39,586,1,54.166666666666664,5.933239436619719,2.302431165814381,12.060833333333333,5.034102564102564,4.363149423630718,0.6709531404718456,17.726345786017426,8.13888888888889,15.025641025641026,0.013888888888888888
2016,will fuller,Will Fuller,HOU,WR,92,47,630,2,51.08695652173913,5.9513043478260865,2.4641349009064295,16.31815217391304,4.40531914893617,3.8330119462709957,0.5723072026651739,27.547906570489577,6.8478260869565215,13.404255319148936,0.021739130434782608
2016,willie snead,Willie Snead,NO,WR,104,72,895,4,69.23076923076923,6.160833333333334,3.1229062747689325,7.415192307692308,5.490555555555555,5.8987406910284435,-0.4081851354728885,15.131145225089476,8.60576923076923,12.430555555555555,0.038461538461538464
2017,a j green,A.J. Green,CIN,WR,143,75,1078,8,52.44755244755245,4.909928057553957,2.3535551013233214,13.256293706293707,4.626933333333333,3.758768605970799,0.8681647273625335,46.31376036510582,7.538461538461538,14.373333333333333,0.055944055944055944
2017,adam humphries,Adam Humphries,TB,WR,83,61,631,1,73.49397590361446,6.8565,3.446208195575016,6.5607228915662645,5.038688524590163,4.880365859144369,0.15832266544579365,8.983392255878368,7.602409638554217,10.344262295081966,0.012048192771084338
2017,adam thielen,Adam Thielen,MIN,WR,142,91,1276,4,64.08450704225352,5.663257575757576,2.670579420191459,10.801901408450705,4.968021978021977,4.424703580402629,0.5433183976193483,38.38830534053112,8.985915492957746,14.021978021978022,0.028169014084507043
2017,albert wilson,Albert Wilson,KC,WR,62,42,554,3,67.74193548387096,6.702592592592593,4.1393853980062545,5.7309677419354825,7.98404761904762,7.111362875474986,0.8726847435726341,8.74085189604064,8.935483870967742,13.19047619047619,0.04838709677419355
2017,aldrick robinson,Aldrick Robinson,SF,WR,48,19,260,2,39.58333333333333,6.895227272727272,2.701215840092413,12.24833333333333,2.1794736842105267,2.577683469792527,-0.3982097855820004,12.00233546601121,5.416666666666667,13.68421052631579,0.041666666666666664
2017,allen hurns,Allen Hurns,JAX,WR,56,39,484,2,69.64285714285714,5.648363636363635,2.5082365397118855,9.800357142857141,4.870256410256411,4.63035509625081,0.23990131400560166,13.65944229295051,8.642857142857142,12.41025641025641,0.03571428571428571
2017,alshon jeffery,Alshon Jeffery,PHI,WR,120,57,789,9,47.5,5.100769230769232,1.759199985989594,14.499583333333334,3.948771929824561,2.920116406592894,1.028655523231667,33.074055699070655,6.575,13.842105263157896,0.075
2017,amari cooper,Amari Cooper,LV,WR,96,48,680,7,50,4.454545454545456,2.637225118082157,11.267291666666667,6.64375,5.62078395603123,1.0229660439687702,24.021675161286744,7.083333333333333,14.166666666666666,0.07291666666666667
2017,antonio brown,Antonio Brown,PIT,WR,163,101,1533,9,61.963190184049076,4.252173913043478,2.633107657030493,13.686012269938649,5.1388118811881185,4.044194729752477,1.0946171514356413,41.88507430459721,9.404907975460123,15.178217821782178,0.05521472392638037
2017,bennie fowler,Bennie Fowler,DEN,WR,56,29,350,3,51.78571428571429,5.963958333333333,2.451591715606189,10.450000000000001,4.029310344827586,3.122143135477613,0.9071672093499727,12.620065299996119,6.25,12.068965517241379,0.05357142857142857
2017,brandin cooks,Brandin Cooks,NE,WR,114,65,1082,7,57.01754385964912,5.215982142857143,2.652710996192712,15.142017543859652,3.9243076923076927,4.368593528933371,-0.4442858366256779,32.86203272896187,9.491228070175438,16.646153846153847,0.06140350877192982
2017,brandon lafell,Brandon LaFell,CIN,WR,89,52,548,3,58.42696629213483,6.28645569620253,2.695126086315288,8.366179775280898,5.101730769230769,4.732267841283237,0.36946292794753166,18.191524189726024,6.157303370786517,10.538461538461538,0.033707865168539325
2017,bruce ellington,Bruce Ellington,HOU,WR,57,29,330,2,50.877192982456144,6.708799999999999,2.9487655762928813,9.77859649122807,4.456206896551726,4.771238570059381,-0.31503167350765526,10.349604123650085,5.7894736842105265,11.379310344827585,0.03508771929824561
2017,chris godwin,Chris Godwin,TB,WR,55,34,525,1,61.81818181818181,6.451153846153847,2.2272316583585043,12.329272727272725,5.531176470588235,3.09812887354675,2.4330475970414853,11.186924969026482,9.545454545454545,15.441176470588236,0.01818181818181818
2017,chris hogan,Chris Hogan,NE,WR,59,34,439,5,57.6271186440678,5.85,2.6755418989389743,13.188644067796615,5.337941176470587,5.78229350019722,-0.44435232372663247,14.813510405799537,7.440677966101695,12.911764705882353,0.0847457627118644
2017,cole beasley,Cole Beasley,DAL,WR,63,36,314,4,57.14285714285714,6.286724137931034,2.3719835150804145,7.659523809523809,3.411666666666667,3.3274295913845027,0.0842370752821644,11.718892296932031,4.984126984126984,8.722222222222221,0.06349206349206349
2017,cooper kupp,Cooper Kupp,LA,WR,94,62,869,5,65.95744680851064,7.3927272727272735,3.1086459674805704,9.26372340425532,6.029193548387098,5.013246041783294,1.015947506603804,21.247849691941685,9.24468085106383,14.016129032258064,0.05319148936170213
2017,corey coleman,Corey Coleman,CLE,WR,58,23,305,2,39.6551724137931,5.328771929824562,2.3468480836183008,14.66948275862069,1.365652173913043,2.2043838659574555,-0.8387316920444126,15.856713146742113,5.258620689655173,13.26086956521739,0.034482758620689655
2017,corey davis,Corey Davis,TEN,WR,65,34,375,0,52.307692307692314,6.05523076923077,2.7216905761820374,11.423538461538463,3.203823529411764,3.2230678078255357,-0.01924427841377163,17.27898913271124,5.769230769230769,11.029411764705882,0
2017,danny amendola,Danny Amendola,NE,WR,86,61,659,2,70.93023255813954,5.830149253731343,2.8789580449181855,8.03232558139535,3.6634426229508192,4.146619574442249,-0.4831769514914295,13.150600437096891,7.662790697674419,10.80327868852459,0.023255813953488372
2017,davante adams,Davante Adams,GB,WR,117,74,885,10,63.24786324786324,5.586637931034483,2.771406813635473,9.447008547008545,5.029459459459459,4.211989648088006,0.8174698113714527,27.93404804868555,7.564102564102564,11.95945945945946,0.08547008547008547
2017,deandre hopkins,DeAndre Hopkins,HOU,WR,174,96,1377,13,55.172413793103445,4.634444444444444,2.088425301546051,13.578620689655171,3.662083333333334,3.6404270974097845,0.02165623592354926,43.87097253375718,7.913793103448276,14.34375,0.07471264367816093
2017,dede westbrook,Dede Westbrook,JAX,WR,51,27,339,1,52.94117647058824,6.229574468085107,3.0495945791338794,11.088627450980391,4.383333333333334,3.8489869741841267,0.534346359149207,14.075084372853345,6.647058823529412,12.555555555555555,0.0196078431372549
2017,demaryius thomas,Demaryius Thomas,DEN,WR,140,83,949,5,59.285714285714285,4.982180451127819,2.3382506079590613,9.992857142857142,3.8119277108433733,3.707338143462846,0.10458956738052727,30.16997839148081,6.7785714285714285,11.433734939759036,0.03571428571428571
2017,deonte thompson,Deonte Thompson,BUF,WR,69,38,557,2,55.072463768115945,5.783030303030303,2.5097762482577584,15.100869565217392,2.975263157894737,3.444474447812834,-0.46921128991809713,25.802010256816626,8.072463768115941,14.657894736842104,0.028985507246376812
2017,desean jackson,DeSean Jackson,TB,WR,90,50,668,3,55.55555555555556,7.152325581395349,2.7315331571444235,15.766777777777778,3.9657999999999993,4.32703197372434,-0.3612319737243408,23.409709929507407,7.4222222222222225,13.36,0.03333333333333333
2017,devante parker,DeVante Parker,MIA,WR,96,57,670,1,59.375,5.1961458333333335,2.305629449215283,12.288229166666667,4.002105263157895,3.5041070600191353,0.49799820313875953,24.874013722488606,6.979166666666667,11.75438596491228,0.010416666666666666
2017,devin funchess,Devin Funchess,CAR,WR,111,63,840,8,56.75675675675676,6.5637614678899086,2.5353276833396206,12.913963963963964,4.764444444444444,4.287641313700988,0.47680313074345637,34.74103875330214,7.5675675675675675,13.333333333333334,0.07207207207207207
2017,dez bryant,Dez Bryant,DAL,WR,132,69,838,6,52.27272727272727,5.056384615384615,2.381976065729743,11.793939393939391,4.3936231884057975,3.1263327113086166,1.267290477097181,37.8074220865481,6.348484848484849,12.144927536231885,0.045454545454545456
2017,donte moncrief,Donte Moncrief,IND,WR,47,26,391,2,55.319148936170215,5.606304347826088,2.246897484139677,14.078085106382979,3.1850000000000005,3.1063918177773853,0.07860818222261523,17.788405960743834,8.319148936170214,15.038461538461538,0.0425531914893617
2017,dontrelle inman,Dontrelle Inman,CHI,WR,44,25,344,1,56.81818181818182,6.331363636363636,1.9809259042442358,13.100681818181817,1.8504000000000012,2.3127623175488496,-0.4623623175488485,16.560321076537218,7.818181818181818,13.76,0.022727272727272728
2017,doug baldwin,Doug Baldwin,SEA,WR,116,75,991,8,64.65517241379311,5.7273786407767,2.793624098521866,12.504827586206897,3.7008,3.3361116724432405,0.3646883275567596,26.82114613360649,8.543103448275861,13.213333333333333,0.06896551724137931
2017,emmanuel sanders,Emmanuel Sanders,DEN,WR,92,47,555,2,51.08695652173913,5.465,2.3506222272271957,10.617173913043478,3.9989361702127657,3.082512121445229,0.9164240487675368,21.064640095232757,6.032608695652174,11.808510638297872,0.021739130434782608
2017,eric decker,Eric Decker,TEN,WR,83,54,563,1,65.06024096385542,5.959873417721518,2.6431108392835614,9.71855421686747,2.6038888888888887,3.150241302752456,-0.5463524138635671,18.770856118958417,6.783132530120482,10.425925925925926,0.012048192771084338
2017,golden tate,Golden Tate,DET,WR,120,92,1003,5,76.66666666666667,5.892982456140351,2.817113895998982,5.714249999999999,6.97,5.506215799220106,1.4637842007798936,15.020733435704447,8.358333333333333,10.902173913043478,0.041666666666666664
2017,j j nelson,J.J. Nelson,ARI,WR,61,29,508,2,47.540983606557376,6.325333333333334,2.344859129769805,18.1444262295082,2.3851724137931036,2.893991148623085,-0.5088187348299815,19.179157497097503,8.327868852459016,17.517241379310345,0.03278688524590164
2017,jamison crowder,Jamison Crowder,WAS,WR,103,66,789,3,64.07766990291263,6.4870652173913035,3.2107090759373773,7.424563106796117,5.80621212121212,5.681079215816528,0.12513290539559208,18.15339695200114,7.660194174757281,11.954545454545455,0.02912621359223301
2017,jaron brown,Jaron Brown,ARI,WR,69,31,477,4,44.927536231884055,6.563181818181819,2.3541727063345004,15.319420289855072,3.3190322580645164,3.3438379505825133,-0.024805692517996913,18.31672702698019,6.913043478260869,15.387096774193548,0.057971014492753624
2017,jarvis landry,Jarvis Landry,MIA,WR,161,112,987,9,69.56521739130434,5.733680555555555,3.1890131567900735,6.096832298136647,4.768660714285715,4.226205744267218,0.5424549700184969,20.697384124253045,6.130434782608695,8.8125,0.055900621118012424
2017,jeremy maclin,Jeremy Maclin,BAL,WR,72,40,440,3,55.55555555555556,5.727794117647059,2.293963345609278,9.587361111111111,3.0595000000000003,3.043527889610809,0.01597211038919122,18.604494466814362,6.111111111111111,11,0.041666666666666664
2017,jermaine kearse,Jermaine Kearse,NYJ,WR,102,65,810,5,63.725490196078425,5.575567010309279,2.8397812445667885,8.93529411764706,5.120923076923077,4.5133445306528515,0.6075785462702257,24.239361702127656,7.9411764705882355,12.461538461538462,0.049019607843137254
2017,john brown,John Brown,ARI,WR,55,21,299,3,38.18181818181819,5.715,2.378357633496812,15.663818181818186,2.978095238095238,3.178657116343512,-0.2005618782482741,14.92852068134953,5.4363636363636365,14.238095238095237,0.05454545454545454
2017,jordy nelson,Jordy Nelson,GB,WR,88,53,482,6,60.22727272727273,6.000952380952381,2.650682435751587,10.821931818181818,2.473584905660377,2.9774788603477753,-0.5038939546873982,24.068064759074204,5.4772727272727275,9.09433962264151,0.06818181818181818
2017,josh bellamy,Josh Bellamy,CHI,WR,46,24,376,1,52.17391304347826,6.232790697674418,2.804864797896785,13.032826086956518,4.969166666666667,4.111342132750759,0.8578245339159078,17.22338894331459,8.173913043478262,15.666666666666666,0.021739130434782608
2017,josh doctson,Josh Doctson,WAS,WR,78,35,502,6,44.871794871794876,5.016578947368421,2.2290052861010374,14.246538461538462,4.018857142857144,3.388526128598003,0.6303310142591405,26.378720979917386,6.435897435897436,14.342857142857143,0.07692307692307693
2017,juju smith schuster,JuJu Smith-Schuster,PIT,WR,79,58,917,7,73.41772151898735,6.065064935064935,2.6541022649356774,9.53139240506329,7.207586206896553,4.958232242865381,2.2493539640311724,14.137681771669437,11.60759493670886,15.810344827586206,0.08860759493670886
2017,julio jones,Julio Jones,ATL,WR,148,88,1444,3,59.45945945945946,5.382587412587412,2.4175501485237443,14.415472972972974,5.854545454545454,4.382244076842652,1.4723013777028013,46.000314791536866,9.756756756756756,16.40909090909091,0.02027027027027027
2017,kamar aiken,Kamar Aiken,IND,WR,44,15,133,0,34.090909090909086,5.036428571428571,2.1372950325926747,10.07318181818182,3.2146666666666674,3.564283167375188,-0.34961650070852057,11.915573155683171,3.022727272727273,8.866666666666667,0
2017,keelan cole,Keelan Cole,JAX,WR,83,42,748,3,50.602409638554214,6.036829268292682,2.515940970973914,12.72277108433735,7.494523809523809,5.69079363141544,1.8037301781083688,26.28226826087389,9.012048192771084,17.80952380952381,0.03614457831325301
2017,keenan allen,Keenan Allen,LAC,WR,159,102,1393,6,64.15094339622641,5.488590604026846,2.7254565036639566,9.463899371069182,5.271960784313726,4.977036013004192,0.29492477130953354,31.627156191609156,8.761006289308176,13.656862745098039,0.03773584905660377
2017,kendall wright,Kendall Wright,CHI,WR,91,59,614,1,64.83516483516483,6.91046511627907,2.987029595508622,7.57,3.706271186440678,3.9883399186344097,-0.28206873219373163,19.790622243800975,6.747252747252747,10.40677966101695,0.01098901098901099
2017,kenny britt,Kenny Britt,NE,WR,43,20,256,2,46.51162790697674,5.720714285714287,2.299757051179163,12.142093023255814,4.2139999999999995,2.943886364735684,1.2701136352643156,9.73043792654881,5.953488372093023,12.8,0.046511627906976744
2017,kenny golladay,Kenny Golladay,DET,WR,48,28,477,3,58.333333333333336,5.734468085106383,2.1613074853919527,14.769791666666668,7.026071428571429,5.431190765953254,1.5948806626181753,15.529814308151654,9.9375,17.035714285714285,0.0625
2017,kenny stills,Kenny Stills,MIA,WR,105,58,847,6,55.23809523809524,6.1790816326530615,2.6946162323092504,14.624476190476189,3.17551724137931,2.935830250871248,0.23968699050806208,32.37836789258167,8.066666666666666,14.60344827586207,0.05714285714285714
2017,larry fitzgerald,Larry Fitzgerald,ARI,WR,161,109,1156,6,67.70186335403726,5.999144736842106,2.55794709461838,8.16391304347826,4.118440366972477,4.1390162060459925,-0.020575839073515567,22.7761700947859,7.180124223602484,10.605504587155963,0.037267080745341616
2017,marqise lee,Marqise Lee,JAX,WR,96,56,702,3,58.333333333333336,5.777872340425532,2.6709395257555695,10.932291666666664,5.3533928571428575,4.547641278968432,0.8057515781744256,26.120740290899676,7.3125,12.535714285714286,0.03125
2017,marquise goodwin,Marquise Goodwin,SF,WR,105,56,962,2,53.333333333333336,6.140297029702971,2.2404407149835754,15.13485714285714,3.881249999999999,3.059542573805081,0.821707426194918,32.442562643159576,9.161904761904761,17.178571428571427,0.01904761904761905
2017,martavis bryant,Martavis Bryant,PIT,WR,84,50,603,3,59.523809523809526,6.605662650602408,3.135364019298856,13.98690476190476,3.987000000000001,3.9308152806097314,0.05618471939026959,22.05950000469391,7.178571428571429,12.06,0.03571428571428571
2017,marvin jones,Marvin Jones,DET,WR,107,61,1101,9,57.009345794392516,4.256037735849056,2.1697052297159733,15.27429906542056,3.9049180327868847,2.6806493860094824,1.2242686467774022,35.80104663873003,10.289719626168225,18.049180327868854,0.08411214953271028
2017,michael crabtree,Michael Crabtree,LV,WR,101,58,618,8,57.42574257425742,4.980721649484535,2.1840389982293646,10.653366336633663,3.5055172413793105,3.0215185562096183,0.48399868516969224,23.895754910778734,6.118811881188119,10.655172413793103,0.07920792079207921
2017,michael thomas,Michael Thomas,NO,WR,148,104,1245,5,70.27027027027027,5.666180555555554,2.5862177227778376,9.338175675675675,4.63201923076923,4.130792209392553,0.5012270213766774,41.292448714960955,8.412162162162161,11.971153846153847,0.033783783783783786
2017,mike evans,Mike Evans,TB,WR,136,71,1004,5,52.20588235294118,5.322615384615383,2.055764188000272,14.164632352941178,2.0833802816901414,2.2858956210030557,-0.2025153393129142,31.780065757890206,7.382352941176471,14.140845070422536,0.03676470588235294
2017,mike wallace,Mike Wallace,BAL,WR,92,52,748,4,56.52173913043478,6.223478260869566,2.6314130442108223,13.010108695652175,3.6475000000000004,3.7337696770057076,-0.0862696770057072,32.259307772333536,8.130434782608695,14.384615384615385,0.043478260869565216
2017,mohamed sanu,Mohamed Sanu,ATL,WR,96,67,703,5,69.79166666666666,5.095813953488373,2.745771288449904,7.626770833333333,4.052089552238806,3.602217760588583,0.4498717916502235,15.786364351798952,7.322916666666667,10.492537313432836,0.052083333333333336
2017,nelson agholor,Nelson Agholor,PHI,WR,95,62,768,8,65.26315789473685,5.787738095238094,3.0052682165941227,10.176947368421054,5.284032258064516,4.051893386338525,1.232138871725991,18.37772797518234,8.08421052631579,12.387096774193548,0.08421052631578947
2017,paul richardson,Paul Richardson,SEA,WR,80,44,703,6,55.00000000000001,5.92493670886076,2.4377673057632334,15.070375000000002,3.338863636363637,2.8412975734827373,0.49756606288089955,22.292341173794945,8.7875,15.977272727272727,0.075
2017,pierre garcon,Pierre Garcon,SF,WR,67,40,500,0,59.70149253731343,6.178484848484848,2.6648499964966836,9.57910447761194,4.801,4.383082947672685,0.417917052327315,13.10229096150156,7.462686567164179,12.5,0
2017,randall cobb,Randall Cobb,GB,WR,92,66,653,4,71.73913043478261,6.030897435897435,3.7068049564604486,5.758804347826087,6.6931818181818175,5.919616293297546,0.7735655248842717,13.389792813420875,7.0978260869565215,9.893939393939394,0.043478260869565216
2017,rashard higgins,Rashard Higgins,CLE,WR,50,27,312,2,54,4.7531914893617015,2.9709554834817307,9.7098,5.344444444444445,4.106988133446449,1.2374563109979961,9.047959834058306,6.24,11.555555555555555,0.04
2017,ricardo louis,Ricardo Louis,CLE,WR,61,27,357,0,44.26229508196721,6.4935,2.3855079784319613,13.773278688524588,3.615185185185186,4.034028258943638,-0.4188430737584521,15.658045302232312,5.852459016393443,13.222222222222221,0
2017,rishard matthews,Rishard Matthews,TEN,WR,87,53,795,4,60.91954022988506,6.806666666666667,2.5946614040585714,11.698275862068966,5.205471698113208,3.9622105709285997,1.2432611271846086,23.68347567077002,9.137931034482758,15,0.04597701149425287
2017,robert woods,Robert Woods,LA,WR,85,56,781,5,65.88235294117646,6.528518518518518,3.029914455303094,10.77235294117647,5.466071428571428,5.244595275320342,0.2214761532510856,22.34246324650766,9.188235294117646,13.946428571428571,0.058823529411764705
2017,roger lewis,Roger Lewis,NYG,WR,72,36,416,2,50,5.780972222222221,2.0829893559415673,10.398333333333335,2.3825,2.4055210273101637,-0.023021027310163866,17.160499769643884,5.777777777777778,11.555555555555555,0.027777777777777776
2017,ryan grant,Ryan Grant,WAS,WR,65,45,573,4,69.23076923076923,7.0327419354838705,2.919001076261157,9.775846153846153,5.342,4.5639012125488785,0.7780987874511212,15.084033613445374,8.815384615384616,12.733333333333333,0.06153846153846154
2017,sammy watkins,Sammy Watkins,LA,WR,70,39,593,8,55.714285714285715,4.797428571428571,2.451605709477323,14.44157142857143,5.162307692307692,4.511659458528699,0.650648233778993,24.666870005490154,8.471428571428572,15.205128205128204,0.11428571428571428
2017,seth roberts,Seth Roberts,LV,WR,65,43,455,1,66.15384615384615,5.516166666666666,2.705672461938661,9.445538461538462,2.923488372093023,3.122644073665859,-0.19915570157283602,13.634920106154993,7,10.581395348837209,0.015384615384615385
2017,stefon diggs,Stefon Diggs,MIN,WR,95,64,849,8,67.36842105263158,6.6460215053763445,2.7926906517958847,11.51642105263158,4.8296874999999995,3.607028988196868,1.2226585118031315,27.38114008414108,8.936842105263159,13.265625,0.08421052631578947
2017,sterling shepard,Sterling Shepard,NYG,WR,84,59,731,2,70.23809523809523,5.152317073170732,2.405087116482038,8.786071428571429,5.47457627118644,3.473925062860653,2.0006512083257872,16.916391041553496,8.702380952380953,12.389830508474576,0.023809523809523808
2017,t y hilton,T.Y. Hilton,IND,WR,109,57,966,4,52.293577981651374,6.147641509433961,2.5450238136263827,13.086788990825687,5.3864912280701756,4.025975132788312,1.3605160952818638,38.3491008610979,8.862385321100918,16.94736842105263,0.03669724770642202
2017,taylor gabriel,Taylor Gabriel,ATL,WR,51,33,378,1,64.70588235294117,7.2966,2.9626291314923354,9.963333333333333,6.871515151515151,5.828896283550679,1.042618867964472,10.955823535626426,7.411764705882353,11.454545454545455,0.0196078431372549
2017,terrance williams,Terrance Williams,DAL,WR,78,53,568,0,67.94871794871796,6.343506493506493,3.082489462482682,9.087307692307691,4.363584905660377,5.275708949306804,-0.9121240436464264,17.213694019248564,7.282051282051282,10.716981132075471,0
2017,torrey smith,Torrey Smith,PHI,WR,68,36,430,2,52.94117647058824,7.384626865671642,2.3477742202630605,12.66,3.7636111111111115,4.159898451007028,-0.3962873398959168,16.364144412319863,6.323529411764706,11.944444444444445,0.029411764705882353
2017,travis benjamin,Travis Benjamin,LAC,WR,65,34,567,4,52.307692307692314,7.2524999999999995,3.525446042633252,15.276615384615386,6.182941176470587,5.374523471764317,0.8084177047062697,20.870526565793924,8.723076923076922,16.676470588235293,0.06153846153846154
2017,trent taylor,Trent Taylor,SF,WR,60,43,430,2,71.66666666666667,6.231785714285714,2.7217175618058813,6.368499999999999,4.8860465116279075,4.78468236292405,0.10136414870385746,7.800742286225241,7.166666666666667,10,0.03333333333333333
2017,tyler lockett,Tyler Lockett,SEA,WR,71,45,555,2,63.38028169014085,6.953529411764706,2.880405207355505,12.681971830985916,4.346444444444444,4.122814638095902,0.22362980634854157,16.648946890595322,7.816901408450704,12.333333333333334,0.028169014084507043
2017,tyreek hill,Tyreek Hill,KC,WR,105,75,1183,7,71.42857142857143,7.158709677419356,3.545983117156239,11.453047619047618,6.3961333333333314,6.0903037926931125,0.30582954064021894,29.5831539587459,11.266666666666667,15.773333333333333,0.06666666666666667
2017,tyrell williams,Tyrell Williams,LAC,WR,69,43,728,4,62.31884057971014,5.8590625,3.1204702324226212,13.486231884057972,8.166279069767441,6.729988885239008,1.436290184528433,19.558368240850303,10.55072463768116,16.930232558139537,0.057971014492753624
2017,will fuller,Will Fuller,HOU,WR,50,28,423,7,56.00000000000001,5.663265306122447,2.705984039935879,15.5922,3.914285714285714,4.332863198178983,-0.418577483893269,14.476039453943168,8.46,15.107142857142858,0.14
2017,zay jones,Zay Jones,BUF,WR,74,27,316,2,36.486486486486484,5.338750000000001,2.6575956571781445,13.003243243243242,2.911481481481482,2.945204915679708,-0.03372343419822599,23.827907356826774,4.27027027027027,11.703703703703704,0.02702702702702703
2018,a j green,A.J. Green,CIN,WR,77,46,694,6,59.74025974025974,4.395657894736843,2.028803888184738,12.712727272727275,4.258913043478261,3.657494254222297,0.6014187892559639,22.15653165897845,9.012987012987013,15.08695652173913,0.07792207792207792
2018,adam humphries,Adam Humphries,TB,WR,105,76,816,5,72.38095238095238,6.538736842105264,3.5643503240060106,6.0735238095238095,5.7015789473684215,5.069306980756434,0.6322719666119871,9.662087533313231,7.771428571428571,10.736842105263158,0.047619047619047616
2018,adam thielen,Adam Thielen,MIN,WR,153,113,1373,9,73.8562091503268,5.770486111111111,2.9030900433731257,9.596928104575163,3.854867256637169,3.4277414371825494,0.42712581945461947,32.748030653118384,8.973856209150327,12.150442477876107,0.058823529411764705
2018,allen robinson,Allen Robinson,CHI,WR,94,55,754,4,58.51063829787234,5.543,1.9572797717668178,11.875425531914892,4.5,3.3256145544805573,1.1743854455194427,25.015854945734624,8.02127659574468,13.709090909090909,0.0425531914893617
2018,alshon jeffery,Alshon Jeffery,PHI,WR,92,65,840,6,70.65217391304348,5.451333333333333,2.491392530319847,10.842391304347828,4.669846153846153,3.5369228292045127,1.1329233246416406,22.662625638415822,9.130434782608695,12.923076923076923,0.06521739130434782
2018,amari cooper,Amari Cooper,DAL,WR,107,75,1005,7,70.09345794392523,5.981960784313726,2.9015131355453416,9.911775700934578,5.7434666666666665,3.778653827782158,1.9648128388845083,28.86474481797596,9.392523364485982,13.4,0.06542056074766354
2018,anthony miller,Anthony Miller,CHI,WR,54,33,423,7,61.111111111111114,5.188510638297872,2.97224550965007,11.33148148148148,5.383636363636365,4.698406791426733,0.6852295722096313,13.712567201439605,7.833333333333333,12.818181818181818,0.12962962962962962
2018,antonio brown,Antonio Brown,PIT,WR,168,104,1297,15,61.904761904761905,5.039999999999999,2.6277769233152473,11.21779761904762,5.032788461538461,4.051946758252041,0.9808417032864201,36.07485294145799,7.720238095238095,12.471153846153847,0.08928571428571429
2018,antonio callaway,Antonio Callaway,CLE,WR,79,43,586,5,54.43037974683544,4.982077922077922,2.553133868281982,13.746202531645567,5.782558139534883,4.575319455568738,1.2072386839661453,20.54179103912956,7.417721518987341,13.627906976744185,0.06329113924050633
2018,brandin cooks,Brandin Cooks,LA,WR,117,80,1204,5,68.37606837606837,5.678157894736842,2.7132488995035486,12.913675213675212,4.485249999999999,4.522409683508384,-0.037159683508384944,30.744906202498413,10.290598290598291,15.05,0.042735042735042736
2018,calvin ridley,Calvin Ridley,ATL,WR,92,64,821,10,69.56521739130434,6.315555555555555,3.168861894092877,10.042282608695652,5.79203125,5.96529107939447,-0.17325982939447027,17.68217294611654,8.923913043478262,12.828125,0.10869565217391304
2018,chad williams,Chad Williams,ARI,WR,46,17,171,1,36.95652173913043,5.408478260869565,1.895190927541503,13.22869565217391,0.9170588235294121,1.7790903321291063,-0.8620315085996941,15.34295482738797,3.717391304347826,10.058823529411764,0.021739130434782608
2018,chester rogers,Chester Rogers,IND,WR,72,53,485,2,73.61111111111111,5.678955223880597,3.644751079162615,6.389027777777779,5.096037735849056,4.9787588794301065,0.11727885641894975,9.330396350677352,6.736111111111111,9.150943396226415,0.027777777777777776
2018,chris conley,Chris Conley,KC,WR,52,32,334,5,61.53846153846154,6.50375,3.258717255995559,9.54730769230769,4.289375000000001,3.4332824075748185,0.8560925924251821,9.40589369820658,6.423076923076923,10.4375,0.09615384615384616
2018,chris godwin,Chris Godwin,TB,WR,95,59,842,7,62.10526315789474,6.244831460674157,2.589310148656954,11.90242105263158,4.583898305084746,3.5929689562764504,0.990929348808296,17.131675714331163,8.863157894736842,14.271186440677965,0.07368421052631578
2018,chris hogan,Chris Hogan,NE,WR,55,35,532,3,63.63636363636363,6.243061224489796,4.085806710119161,12.028727272727274,5.9794285714285715,6.091129669889794,-0.11170109846122234,15.244692078327274,9.672727272727272,15.2,0.05454545454545454
2018,christian kirk,Christian Kirk,ARI,WR,68,43,590,3,63.23529411764706,6.217812500000001,2.7124752117236675,9.758676470588236,5.437209302325582,4.379806617399019,1.0574026849265623,16.73146551289421,8.676470588235293,13.720930232558139,0.04411764705882353
2018,cole beasley,Cole Beasley,DAL,WR,87,65,672,3,74.71264367816092,5.899390243902439,2.8663641794932837,7.404137931034481,3.414153846153846,3.86549365790482,-0.45133981175097393,16.158332392670353,7.724137931034483,10.338461538461539,0.034482758620689655
2018,cooper kupp,Cooper Kupp,LA,WR,55,40,566,6,72.72727272727273,6.683414634146341,3.5412624492302016,8.598909090909093,7.749250000000001,5.7942574876180695,1.9549925123819314,9.623731510629163,10.290909090909091,14.15,0.10909090909090909
2018,corey davis,Corey Davis,TEN,WR,112,65,891,4,58.03571428571429,6.079245283018868,3.0511981039825167,10.254732142857142,4.34553846153846,3.659694965550988,0.6858434959874722,35.850782235207454,7.955357142857143,13.707692307692307,0.03571428571428571
2018,courtland sutton,Courtland Sutton,DEN,WR,84,42,704,4,50,4.624819277108434,2.1630736692701764,14.365000000000004,4.407857142857142,3.555168798711821,0.8526883441453212,27.59410824420464,8.380952380952381,16.761904761904763,0.047619047619047616
2018,curtis samuel,Curtis Samuel,CAR,WR,65,39,494,5,60,6.7276923076923065,2.4194832850358883,12.164461538461536,2.9310256410256406,2.545113781936781,0.3859118590888597,19.152270591312934,7.6,12.666666666666666,0.07692307692307693
2018,d j moore,D.J. Moore,CAR,WR,82,55,788,2,67.07317073170732,6.1129999999999995,2.8879945235781297,9.014024390243902,7.929818181818183,4.711260973195302,3.2185572086228804,17.90385714700952,9.609756097560975,14.327272727272728,0.024390243902439025
2018,daesean hamilton,DaeSean Hamilton,DEN,WR,46,30,243,2,65.21739130434783,5.328604651162791,3.0531937032158556,8.390217391304347,2.350666666666667,2.9536985600230983,-0.6030318933564311,8.82597092540631,5.282608695652174,8.1,0.043478260869565216
2018,danny amendola,Danny Amendola,MIA,WR,79,59,575,1,74.68354430379746,6.279117647058823,3.2199118670754148,7.03886075949367,4.181525423728814,4.462121200735594,-0.28059577700677973,15.565813267345574,7.2784810126582276,9.745762711864407,0.012658227848101266
2018,dante pettis,Dante Pettis,SF,WR,45,27,467,5,60,5.361395348837209,3.3760030795640077,11.837333333333332,7.5744444444444445,5.359851902548684,2.214592541895761,13.60654732712114,10.377777777777778,17.296296296296298,0.1111111111111111
2018,davante adams,Davante Adams,GB,WR,169,111,1386,13,65.68047337278107,4.830617283950617,2.9691687972034053,11.326213017751478,4.647387387387387,4.178552782763008,0.4688346046243792,33.96870973810021,8.201183431952662,12.486486486486486,0.07692307692307693
2018,david moore,David Moore,SEA,WR,53,26,445,5,49.056603773584904,4.736415094339622,1.9987676923420887,16.37698113207547,3.7484615384615387,3.2208461861060798,0.527615352355459,22.466913601337694,8.39622641509434,17.115384615384617,0.09433962264150944
2018,deandre hopkins,DeAndre Hopkins,HOU,WR,163,115,1572,11,70.5521472392638,4.921987577639751,2.522421038243409,11.861472392638037,3.683217391304347,3.644685142115259,0.03853224918908804,44.044066391175804,9.644171779141104,13.669565217391304,0.06748466257668712
2018,dede westbrook,Dede Westbrook,JAX,WR,101,66,715,5,65.34653465346535,6.128426966292135,3.5126726115132967,8.463069306930695,5.739848484848484,4.624369947480398,1.1154785373680864,23.08417322919704,7.079207920792079,10.833333333333334,0.04950495049504951
2018,demaryius thomas,Demaryius Thomas,HOU,WR,89,59,677,5,66.29213483146067,5.919294117647059,3.021092108367718,10.37561797752809,4.931016949152543,4.21439086828141,0.7166260808711327,21.117155931203392,7.606741573033708,11.474576271186441,0.056179775280898875
2018,desean jackson,DeSean Jackson,TB,WR,74,41,774,4,55.4054054054054,7.337777777777778,2.7365699466874687,19.107702702702703,4.554634146341463,4.29977456773574,0.25485957860572217,21.423041318257088,10.45945945945946,18.878048780487806,0.05405405405405406
2018,devante parker,DeVante Parker,MIA,WR,47,24,306,1,51.06382978723404,5.081702127659575,2.545867816003437,11.905319148936169,4.460833333333334,4.585625234418633,-0.12479190108529892,15.663227316242951,6.51063829787234,12.75,0.02127659574468085
2018,devin funchess,Devin Funchess,CAR,WR,79,44,549,4,55.69620253164557,5.00921052631579,2.2659341912580326,12.661772151898735,1.7979545454545451,2.2165466554903657,-0.41859211003582053,24.22900659813392,6.949367088607595,12.477272727272727,0.05063291139240506
2018,donte moncrief,Donte Moncrief,JAX,WR,89,48,672,3,53.93258426966292,5.912808988764045,2.246120902864039,12.847191011235953,5.139166666666666,3.331130816337429,1.808035850329237,30.87900098302922,7.550561797752809,14,0.033707865168539325
2018,doug baldwin,Doug Baldwin,SEA,WR,73,50,618,5,68.4931506849315,5.156515151515151,2.8235770082373737,12.128630136986303,3.6118,3.197621465802109,0.41417853419789097,22.91755643389062,8.465753424657533,12.36,0.0684931506849315
2018,emmanuel sanders,Emmanuel Sanders,DEN,WR,98,71,866,4,72.44897959183673,6.150212765957448,3.246848462389276,9.338979591836734,4.592394366197183,4.130715498728198,0.46167886746898557,20.92940824031704,8.83673469387755,12.19718309859155,0.04081632653061224
2018,golden tate,Golden Tate,PHI,WR,113,74,789,4,65.48672566371681,6.288712871287128,2.97512100877972,6.2765486725663715,5.7851351351351354,3.9272931408627993,1.857841994272336,17.74602356461754,6.982300884955753,10.662162162162161,0.035398230088495575
2018,jamison crowder,Jamison Crowder,WAS,WR,49,29,388,2,59.183673469387756,6.369999999999999,2.8953128855918826,9.103673469387756,7.638620689655172,5.028166449214257,2.610454240440915,10.724030743118984,7.918367346938775,13.379310344827585,0.04081632653061224
2018,jarius wright,Jarius Wright,CAR,WR,59,43,447,1,72.88135593220339,5.955272727272729,3.2343276829872982,5.723220338983051,5.013720930232557,4.886592772357037,0.12712815787551968,8.179118504810532,7.576271186440678,10.395348837209303,0.01694915254237288
2018,jarvis landry,Jarvis Landry,CLE,WR,149,81,976,4,54.36241610738255,5.659411764705883,3.273078564009502,10.805369127516778,3.811481481481482,3.5566668461819897,0.2548146352994922,30.45470194115622,6.550335570469799,12.049382716049383,0.026845637583892617
2018,jermaine kearse,Jermaine Kearse,NYJ,WR,76,37,371,1,48.68421052631579,6.351126760563381,2.673896583650929,9.326052631578946,3.666756756756756,3.1866600283594093,0.4800967283973465,15.336678589280032,4.881578947368421,10.027027027027026,0.013157894736842105
2018,john brown,John Brown,BAL,WR,97,42,717,5,43.29896907216495,5.683152173913043,2.3436656743523248,16.341030927835057,4.095238095238095,3.4882040705201405,0.6070340247179544,34.22183264317392,7.391752577319588,17.071428571428573,0.05154639175257732
2018,john ross,John Ross,CIN,WR,58,21,210,7,36.206896551724135,5.385454545454545,2.2188453649021334,13.987586206896552,3.073333333333333,3.070903819611631,0.002429513721701859,18.362977080230504,3.6206896551724137,10,0.1206896551724138
2018,jordy nelson,Jordy Nelson,LV,WR,88,63,739,3,71.5909090909091,5.804216867469879,2.721723652085742,9.045568181818181,4.138095238095238,3.6899927388544516,0.44810249924078605,21.664616356035534,8.397727272727273,11.73015873015873,0.03409090909090909
2018,josh doctson,Josh Doctson,WAS,WR,78,44,532,2,56.41025641025641,5.586025641025641,2.422757691942154,14.305384615384614,3.295454545454545,3.082798645076926,0.21265590037761894,26.824982029651682,6.82051282051282,12.090909090909092,0.02564102564102564
2018,josh gordon,Josh Gordon,NE,WR,71,41,737,4,57.74647887323944,4.721267605633802,2.1076711670281,13.997464788732394,7.0773170731707324,4.109941086313921,2.967375986856811,22.90045025738869,10.380281690140846,17.975609756097562,0.056338028169014086
2018,josh reynolds,Josh Reynolds,LA,WR,52,29,402,5,55.769230769230774,7.4906,3.012980894494583,12.90403846153846,4.755172413793105,4.231568178941847,0.5236042348512573,13.654205778634232,7.730769230769231,13.862068965517242,0.09615384615384616
2018,juju smith schuster,JuJu Smith-Schuster,PIT,WR,166,111,1383,7,66.86746987951807,5.316601307189543,3.00124581675711,8.685783132530123,6.072522522522522,4.760915740318135,1.3116067822043878,27.599725120642578,8.331325301204819,12.45945945945946,0.04216867469879518
2018,julian edelman,Julian Edelman,NE,WR,108,74,850,6,68.51851851851852,6.227065217391303,3.253567722120477,7.700925925925926,4.979864864864865,4.657301597325515,0.3225632675393504,19.16474258826566,7.87037037037037,11.486486486486486,0.05555555555555555
2018,julio jones,Julio Jones,ATL,WR,170,113,1677,8,66.47058823529412,5.697839506172839,2.4845726567028485,14.02658823529412,4.198672566371681,3.204687891255472,0.9939846751162094,45.63692109826258,9.864705882352942,14.84070796460177,0.047058823529411764
2018,keelan cole,Keelan Cole,JAX,WR,70,38,491,1,54.285714285714285,6.647058823529412,2.87739486389453,9.690428571428573,3.8863157894736844,4.083272042090175,-0.19695625261649052,18.319182033250144,7.014285714285714,12.921052631578947,0.014285714285714285
2018,keenan allen,Keenan Allen,LAC,WR,136,97,1196,6,71.32352941176471,5.280672268907563,2.6677327066621324,8.82485294117647,4.377113402061856,4.454373969116255,-0.07726056705439888,29.75485675185195,8.794117647058824,12.329896907216495,0.04411764705882353
2018,kendrick bourne,Kendrick Bourne,SF,WR,67,42,487,4,62.68656716417911,6.464062500000001,2.80630083086052,9.055074626865672,3.6423809523809534,3.648052674596732,-0.005671722215778718,15.497026728788626,7.268656716417911,11.595238095238095,0.05970149253731343
2018,kenny golladay,Kenny Golladay,DET,WR,119,70,1063,5,58.82352941176471,4.882695652173914,2.264946797684272,12.597478991596638,5.352714285714286,3.968443694413801,1.384270591300485,37.50872601440698,8.932773109243698,15.185714285714285,0.04201680672268908
2018,kenny stills,Kenny Stills,MIA,WR,64,37,553,6,57.8125,6.1745,2.364326201132394,16.4134375,3.6597297297297304,2.8665924552496946,0.7931372744800358,29.40504649561356,8.640625,14.945945945945946,0.09375
2018,laquon treadwell,Laquon Treadwell,MIN,WR,53,35,302,1,66.0377358490566,6.316470588235296,2.8667062142826505,5.962264150943396,3.4097142857142866,2.846289917384272,0.5634243683300144,7.04771930450608,5.69811320754717,8.628571428571428,0.018867924528301886
2018,larry fitzgerald,Larry Fitzgerald,ARI,WR,112,69,734,6,61.60714285714286,6.338921568627452,2.2610111086412688,9.596964285714288,3.2155072463768106,2.539086636166959,0.6764206102098518,27.101045858420825,6.553571428571429,10.63768115942029,0.05357142857142857
2018,marquez valdes scantling,Marquez Valdes-Scantling,GB,WR,73,38,581,2,52.054794520547944,6.2870833333333325,3.3161160249948374,12.553835616438358,6.185789473684211,5.799869463063878,0.38592001062033265,16.2632342971936,7.958904109589041,15.289473684210526,0.0273972602739726
2018,marquise goodwin,Marquise Goodwin,SF,WR,44,23,395,4,52.27272727272727,5.801904761904761,2.9575311744554456,14.221136363636363,5.914347826086956,3.8168419844219668,2.0975058416649897,15.98337624652608,8.977272727272727,17.17391304347826,0.09090909090909091
2018,marvin jones,Marvin Jones,DET,WR,62,35,508,5,56.451612903225815,3.9656451612903227,2.2167045449790552,15.243064516129033,3.1045714285714276,2.0853342031784403,1.0192372253929873,23.64643565768502,8.193548387096774,14.514285714285714,0.08064516129032258
2018,maurice harris,Maurice Harris,WAS,WR,47,28,304,0,59.57446808510638,6.5694871794871785,3.0630757555391246,10.495106382978726,3.358571428571428,4.307956177704412,-0.9493847491329839,11.858506646023812,6.468085106382978,10.857142857142858,0
2018,michael crabtree,Michael Crabtree,BAL,WR,100,54,607,3,54,5.299285714285714,2.8318179006637134,10.8181,2.7003703703703703,3.2742649693517993,-0.573894598981429,23.35624749016577,6.07,11.24074074074074,0.03
2018,michael gallup,Michael Gallup,DAL,WR,68,33,507,2,48.529411764705884,5.32014705882353,2.6821527407043027,13.996323529411764,5.464242424242424,5.002153178771081,0.46208924547134256,23.874026413816463,7.455882352941177,15.363636363636363,0.029411764705882353
2018,michael thomas,Michael Thomas,NO,WR,147,125,1405,9,85.03401360544217,4.63503448275862,2.748359541846998,7.714353741496598,4.08832,3.249160400367642,0.8391595996323584,30.27239576937656,9.5578231292517,11.24,0.061224489795918366
2018,mike evans,Mike Evans,TB,WR,138,86,1524,8,62.31884057971014,5.693805970149254,2.0985110415281385,15.679275362318842,3.7624418604651164,3.0308092429661726,0.7316326174989438,32.78279696313613,11.043478260869565,17.72093023255814,0.057971014492753624
2018,mike williams,Mike Williams,LAC,WR,66,43,664,10,65.15151515151516,4.930000000000001,2.051655987945469,15.184242424242425,2.983255813953488,2.171537503699315,0.811718310254173,24.845545870149444,10.06060606060606,15.44186046511628,0.15151515151515152
2018,mohamed sanu,Mohamed Sanu,ATL,WR,94,66,838,4,70.2127659574468,5.71047619047619,3.0317329518106684,7.911170212765957,6.136212121212123,4.91092105142604,1.2252910697860822,14.232590363982252,8.914893617021276,12.696969696969697,0.0425531914893617
2018,nelson agholor,Nelson Agholor,PHI,WR,97,64,743,4,65.97938144329896,6.238292682926829,3.4452432646504945,10.473711340206185,5.975156250000001,5.1817518617759015,0.7934043882240998,23.08179901488576,7.65979381443299,11.609375,0.041237113402061855
2018,pierre garcon,Pierre Garcon,SF,WR,46,24,286,1,52.17391304347826,5.575,2.7825083773804953,8.812391304347827,4.69,5.187600436626096,-0.49760043662609554,10.354595798594083,6.217391304347826,11.916666666666666,0.021739130434782608
2018,quincy enunwa,Quincy Enunwa,NYJ,WR,68,38,450,1,55.88235294117647,6.567777777777777,3.1436705680813573,7.290588235294116,7.6899999999999995,5.7990001986039745,1.890999801396025,10.727322691697658,6.617647058823529,11.842105263157896,0.014705882352941176
2018,randall cobb,Randall Cobb,GB,WR,61,38,383,2,62.295081967213115,5.379655172413793,2.923928370475178,8.16606557377049,6.526052631578947,5.993805306697392,0.5322473248815554,8.839960390276449,6.278688524590164,10.078947368421053,0.03278688524590164
2018,rashard higgins,Rashard Higgins,CLE,WR,53,39,572,4,73.58490566037736,6.470980392156863,3.00698939270794,11.221698113207546,4.1523076923076925,3.582686211520146,0.5696214807875464,11.250269552486126,10.79245283018868,14.666666666666666,0.07547169811320754
2018,robert foster,Robert Foster,BUF,WR,43,26,526,3,60.46511627906976,6.300000000000001,2.713103557130228,20.629069767441862,6.511538461538462,5.5715398844625685,0.9399985770758938,17.77505700922968,12.232558139534884,20.23076923076923,0.06976744186046512
2018,robert woods,Robert Woods,LA,WR,130,86,1219,6,66.15384615384615,6.365916666666666,2.9766510596485283,11.288846153846151,5.28546511627907,4.764846957742511,0.5206181585365588,29.862788468777907,9.376923076923077,14.174418604651162,0.046153846153846156
2018,ryan grant,Ryan Grant,IND,WR,52,35,334,1,67.3076923076923,5.660980392156862,2.635366822098845,9.526346153846154,2.694285714285713,2.980693579817912,-0.2864078655321989,10.04760426998335,6.423076923076923,9.542857142857143,0.019230769230769232
2018,ryan switzer,Ryan Switzer,PIT,WR,44,36,253,1,81.81818181818183,5.791142857142855,3.4665805538720518,3.1693181818181815,4.081111111111111,4.627421632705382,-0.546310521594271,2.6693542057881636,5.75,7.027777777777778,0.022727272727272728
2018,sammy watkins,Sammy Watkins,KC,WR,55,40,519,3,72.72727272727273,5.503962264150943,3.453011173956086,8.406181818181818,6.220250000000001,5.8410654968566265,0.3791845031433745,8.759458752827681,9.436363636363636,12.975,0.05454545454545454
2018,seth roberts,Seth Roberts,LV,WR,64,45,494,2,70.3125,6.122115384615385,3.2284164571947667,8.56734375,5.227333333333333,4.433120034245918,0.7942132990874153,14.92308613481972,7.71875,10.977777777777778,0.03125
2018,stefon diggs,Stefon Diggs,MIN,WR,149,102,1021,9,68.45637583892618,5.915244755244755,2.7294859721141442,8.889664429530203,4.3420588235294115,3.677371442292711,0.6646873812367007,29.541541398660044,6.852348993288591,10.009803921568627,0.06040268456375839
2018,sterling shepard,Sterling Shepard,NYG,WR,107,66,872,4,61.6822429906542,5.886262626262626,3.1383422819390634,10.377009345794391,5.155454545454546,4.550699441860211,0.6047551035943348,25.956957373492738,8.149532710280374,13.212121212121213,0.037383177570093455
2018,t y hilton,T.Y. Hilton,IND,WR,120,76,1270,6,63.33333333333333,5.899745762711864,2.305236259585714,11.323333333333334,6.1763157894736835,5.355797857095663,0.8205179323780207,27.56058033803697,10.583333333333334,16.710526315789473,0.05
2018,tajae sharpe,Tajae Sharpe,TEN,WR,47,26,316,2,55.319148936170215,6.156363636363636,3.0912748421832053,11.235319148936169,3.451538461538462,2.8649804684217375,0.5865579931167244,16.483125444806532,6.723404255319149,12.153846153846153,0.0425531914893617
2018,taylor gabriel,Taylor Gabriel,CHI,WR,93,67,688,2,72.04301075268818,6.972650602409638,3.4677611462782516,11.038494623655913,3.5632835820895523,3.8326335765065664,-0.2693499944170141,23.005470236401155,7.397849462365591,10.26865671641791,0.021505376344086023
2018,taywan taylor,Taywan Taylor,TEN,WR,56,37,466,1,66.07142857142857,7.127454545454546,3.2227428029791154,13.158928571428573,4.674864864864865,4.216796352956733,0.4580685119081327,23.001960270192658,8.321428571428571,12.594594594594595,0.017857142857142856
2018,tre quan smith,Tre'Quan Smith,NO,WR,44,28,427,5,63.63636363636363,5.581395348837209,2.210701571882055,12.149318181818183,4.213214285714286,3.4154941821743092,0.7977201035399766,14.27034559345652,9.704545454545455,15.25,0.11363636363636363
2018,tyler boyd,Tyler Boyd,CIN,WR,108,76,1028,7,70.37037037037037,5.641276595744681,2.915722646056682,9.378518518518517,5.794736842105264,5.0430102593852055,0.7517265827200585,22.926107170180295,9.518518518518519,13.526315789473685,0.06481481481481481
2018,tyler lockett,Tyler Lockett,SEA,WR,70,57,965,10,81.42857142857143,6.573623188405797,3.339030553751498,13.486999999999998,4.189473684210525,3.7110793148231,0.4783943693874253,24.43695530068308,13.785714285714286,16.92982456140351,0.14285714285714285
2018,tyreek hill,Tyreek Hill,KC,WR,137,87,1479,12,63.503649635036496,5.855714285714284,3.1487175958362723,14.804014598540146,6.379655172413794,4.846703825849509,1.5329513465642846,38.42517686020561,10.795620437956204,17,0.08759124087591241
2018,tyrell williams,Tyrell Williams,LAC,WR,65,41,653,5,63.07692307692307,5.5646774193548385,2.760509326157898,12.501846153846154,5.143658536585366,5.339300241647802,-0.19564170506243617,20.146471107408836,10.046153846153846,15.926829268292684,0.07692307692307693
2018,will fuller,Will Fuller,HOU,WR,45,32,503,4,71.11111111111111,5.448837209302326,3.3349896377846044,14.562888888888887,5.4665625,4.824775500280637,0.641786999719363,14.928674591205858,11.177777777777777,15.71875,0.08888888888888889
2018,willie snead,Willie Snead,BAL,WR,95,62,651,1,65.26315789473685,5.395411764705883,3.1388964137386073,8.311157894736843,4.833225806451614,4.556100060383662,0.27712574606795126,17.046578205355182,6.852631578947369,10.5,0.010526315789473684
2018,zach pascal,Zach Pascal,IND,WR,46,27,268,2,58.69565217391305,5.71047619047619,2.4398537770173276,9.591521739130433,3.0996296296296286,3.7306462423783233,-0.6310166127486947,8.94907539810516,5.826086956521739,9.925925925925926,0.043478260869565216
2018,zay jones,Zay Jones,BUF,WR,102,56,652,7,54.90196078431373,6.180816326530612,2.7567293241341324,12.684117647058825,2.5748214285714277,2.3350276007734156,0.23979382779801206,25.925272822728346,6.392156862745098,11.642857142857142,0.06862745098039216
2019,a j brown,A.J. Brown,TEN,WR,84,52,1051,8,61.904761904761905,4.9575000000000005,2.1862734695694725,13.446666666666667,8.835384615384614,4.108227992379418,4.727156623005196,29.800043795658954,12.511904761904763,20.21153846153846,0.09523809523809523
2019,adam humphries,Adam Humphries,TEN,WR,47,37,374,2,78.72340425531915,5.5123255813953485,2.9134374292434773,7.198723404255318,3.4664864864864877,3.8417086708387287,-0.375222184352241,8.926399548324287,7.957446808510638,10.108108108108109,0.0425531914893617
2019,adam thielen,Adam Thielen,MIN,WR,48,30,418,6,62.5,6.408666666666666,3.0456361070263114,12.706875000000002,4.179333333333333,3.6350196446137146,0.5443136887196185,17.32578486291175,8.708333333333334,13.933333333333334,0.125
2019,albert wilson,Albert Wilson,MIA,WR,62,43,351,1,69.35483870967742,6.890192307692308,3.4642170505473224,5.1711290322580625,4.309302325581396,4.34934337107711,-0.04004104549571341,6.022564187336103,5.661290322580645,8.162790697674419,0.016129032258064516
2019,alex erickson,Alex Erickson,CIN,WR,78,43,529,0,55.12820512820513,6.579333333333334,2.7140402865516813,8.800128205128205,5.609534883720931,3.9958600840135414,1.6136747997073897,14.406455945934606,6.782051282051282,12.30232558139535,0
2019,allen hurns,Allen Hurns,MIA,WR,47,32,416,2,68.08510638297872,6.3118181818181816,3.028028628127338,11.000425531914896,3.4603124999999992,4.003780815018818,-0.5434683150188184,9.712068045714462,8.851063829787234,13,0.0425531914893617
2019,allen lazard,Allen Lazard,GB,WR,52,35,477,3,67.3076923076923,6.4464,2.889291723033642,13.766153846153847,4.119142857142857,4.2743608965798,-0.15521803943694312,14.81466151486868,9.173076923076923,13.628571428571428,0.057692307692307696
2019,allen robinson,Allen Robinson,CHI,WR,154,98,1147,7,63.63636363636363,5.058531468531468,2.235413760294153,11.082207792207793,3.0587755102040823,3.2587426677974456,-0.19996715759336325,38.41337150677038,7.4480519480519485,11.704081632653061,0.045454545454545456
2019,alshon jeffery,Alshon Jeffery,PHI,WR,73,43,490,4,58.9041095890411,4.7676388888888885,2.483647299107769,11.209999999999999,3.1402325581395347,3.4283617165000035,-0.2881291583604688,16.782676106020457,6.712328767123288,11.395348837209303,0.0547945205479452
2019,amari cooper,Amari Cooper,DAL,WR,119,79,1189,8,66.38655462184873,5.394745762711865,2.55539862099071,12.848655462184874,3.2750632911392406,3.649277367982215,-0.3742140768429745,27.98425989476093,9.991596638655462,15.050632911392405,0.06722689075630252
2019,anthony miller,Anthony Miller,CHI,WR,85,52,656,2,61.1764705882353,5.717236842105263,3.1185248609471374,10.33858823529412,4.438461538461538,4.548126993892458,-0.10966545543092021,19.779512388360708,7.7176470588235295,12.615384615384615,0.023529411764705882
2019,auden tate,Auden Tate,CIN,WR,80,40,575,1,50,5.800125,2.270224913395863,11.713375000000003,3.9675000000000002,2.9094827658462075,1.0580172341537928,19.667338286529837,7.1875,14.375,0.0125
2019,brandin cooks,Brandin Cooks,LA,WR,72,42,583,2,58.333333333333336,6.161666666666668,3.111044563861014,13.839583333333332,4.089285714285714,3.6399517105036887,0.4493340037820257,20.96928629299551,8.097222222222221,13.880952380952381,0.027777777777777776
2019,breshad perriman,Breshad Perriman,TB,WR,69,36,645,6,52.17391304347826,5.939374999999999,2.621448715572315,16.081739130434784,4.228055555555557,4.892278818612394,-0.6642232630568374,17.379673281438436,9.347826086956522,17.916666666666668,0.08695652173913043
2019,calvin ridley,Calvin Ridley,ATL,WR,93,63,866,7,67.74193548387096,7.396222222222222,2.874055455725719,13.46569892473118,2.346825396825397,2.5702715252914947,-0.2234461284660978,23.322395131072188,9.311827956989248,13.746031746031745,0.07526881720430108
2019,chris conley,Chris Conley,JAX,WR,90,47,775,5,52.22222222222223,5.0022222222222235,2.3433141275290925,14.306333333333338,5.351489361702127,3.8859414978182407,1.4655478638838861,29.960280063942825,8.61111111111111,16.48936170212766,0.05555555555555555
2019,chris godwin,Chris Godwin,TB,WR,121,86,1333,9,71.07438016528926,6.635321100917431,2.8121455774221786,10.353305785123966,7.075348837209304,4.6432541603333,2.4320946768760034,19.62112550315598,11.016528925619834,15.5,0.0743801652892562
2019,christian kirk,Christian Kirk,ARI,WR,108,68,709,3,62.96296296296296,6.046354166666666,3.4554131374716146,9.48101851851852,4.406029411764706,4.522327243451505,-0.11629783168679886,27.126515344184472,6.564814814814815,10.426470588235293,0.027777777777777776
2019,cole beasley,Cole Beasley,BUF,WR,106,67,778,6,63.20754716981132,6.1040860215053785,3.1747728456998154,7.620283018867925,5.320746268656715,4.786824608803656,0.5339216598530596,17.923870979194778,7.339622641509434,11.611940298507463,0.05660377358490566
2019,cooper kupp,Cooper Kupp,LA,WR,134,94,1161,10,70.1492537313433,6.29658536585366,3.387731480764349,7.221492537313433,5.957446808510638,4.7288950870455455,1.2285517214650925,20.36385062974148,8.664179104477611,12.351063829787234,0.07462686567164178
2019,corey davis,Corey Davis,TEN,WR,69,43,601,2,62.31884057971014,7.209402985074626,2.7124062336742987,12.263333333333334,4.902325581395349,3.3273468756573026,1.5749787057380464,22.324441407476396,8.710144927536232,13.976744186046512,0.028985507246376812
2019,courtland sutton,Courtland Sutton,DEN,WR,124,72,1112,6,58.06451612903226,5.116422764227643,2.5014440745555566,11.803951612903226,5.206249999999999,3.693511596275766,1.5127384037242328,42.93013283589532,8.96774193548387,15.444444444444445,0.04838709677419355
2019,curtis samuel,Curtis Samuel,CAR,WR,105,54,627,6,51.42857142857142,5.820198019801981,2.565260402440958,14.513619047619047,2.925,2.960100642713224,-0.03510064271322433,30.581353347246747,5.9714285714285715,11.61111111111111,0.05714285714285714
2019,d j moore,D.J. Moore,CAR,WR,135,87,1175,4,64.44444444444444,5.25625,2.640551014593727,11.14214814814815,4.783103448275862,3.976858447581344,0.8062450006945183,30.185222347086217,8.703703703703704,13.505747126436782,0.02962962962962963
2019,d k metcalf,D.K. Metcalf,SEA,WR,100,58,900,7,57.99999999999999,4.9111,2.479791229742522,13.359100000000002,5.038275862068965,3.4174571138019783,1.620818748266987,28.507197698784953,9,15.517241379310345,0.07
2019,daesean hamilton,DaeSean Hamilton,DEN,WR,52,28,297,1,53.84615384615385,5.271041666666667,3.2562365624093905,8.56326923076923,4.630357142857143,4.420150617463089,0.21020652539405393,13.060387684889442,5.711538461538462,10.607142857142858,0.019230769230769232
2019,damiere byrd,Damiere Byrd,ARI,WR,46,32,359,1,69.56521739130434,5.736888888888889,3.163584990585864,9.71391304347826,4.9153125,3.878387517609293,1.036924982390707,11.837699220074601,7.804347826086956,11.21875,0.021739130434782608
2019,danny amendola,Danny Amendola,DET,WR,97,62,678,1,63.91752577319587,6.281392405063292,2.952040809931464,8.8619587628866,3.641935483870967,3.852767362801493,-0.2108318789305259,15.923982208917407,6.989690721649485,10.935483870967742,0.010309278350515464
2019,darius slayton,Darius Slayton,NYG,WR,84,48,740,8,57.14285714285714,4.806666666666666,2.163035077518718,14.524404761904762,3.984375,3.170067805224779,0.8143071947752212,25.00543128502154,8.80952380952381,15.416666666666666,0.09523809523809523
2019,davante adams,Davante Adams,GB,WR,127,83,997,5,65.35433070866141,5.639669421487602,3.1952460021439166,10.001811023622047,4.973012048192771,4.292667897564057,0.6803441506287147,26.28803572869865,7.850393700787402,12.012048192771084,0.03937007874015748
2019,deandre hopkins,DeAndre Hopkins,HOU,WR,150,104,1165,7,69.33333333333334,5.038819444444444,2.6727643592259476,10.286333333333333,3.9088461538461536,4.0175704596688036,-0.10872430582264991,33.95980156092493,7.766666666666667,11.201923076923077,0.04666666666666667
2019,dede westbrook,Dede Westbrook,JAX,WR,101,66,660,3,65.34653465346535,6.206666666666667,3.1961597241781687,6.970693069306931,4.883030303030303,4.791238366453641,0.09179193657666218,16.382204910193852,6.534653465346534,10,0.0297029702970297
2019,deebo samuel,Deebo Samuel,SF,WR,81,57,802,3,70.37037037037037,5.771447368421053,3.1797196177612954,7.828888888888889,8.518245614035088,7.0904785418004455,1.4277670722346425,20.82698370993169,9.901234567901234,14.070175438596491,0.037037037037037035
2019,demarcus robinson,Demarcus Robinson,KC,WR,55,32,449,4,58.18181818181818,5.363703703703703,3.0777932180031273,13.359090909090911,3.3753125000000006,3.495917910229764,-0.12060541022976334,15.658799083595293,8.163636363636364,14.03125,0.07272727272727272
2019,demaryius thomas,Demaryius Thomas,NYJ,WR,58,36,433,1,62.06896551724138,5.832280701754387,2.4796169099503578,9.905172413793103,5.134722222222222,4.493103598267984,0.6416186239542379,14.323218573063375,7.4655172413793105,12.027777777777779,0.017241379310344827
2019,devante parker,DeVante Parker,MIA,WR,128,72,1202,9,56.25,5.042903225806452,2.134388209428416,13.77359375,4.203194444444446,3.482921734768838,0.7202727096756076,33.11781015426,9.390625,16.694444444444443,0.0703125
2019,diontae johnson,Diontae Johnson,PIT,WR,92,59,680,5,64.13043478260869,6.091304347826085,3.6215482294352785,8.977282608695653,5.062881355932204,4.637080291265409,0.42580106466679446,21.86549402604554,7.391304347826087,11.525423728813559,0.05434782608695652
2019,emmanuel sanders,Emmanuel Sanders,SF,WR,97,66,869,5,68.04123711340206,5.137659574468085,2.5030176603901753,10.851340206185569,3.835151515151515,3.923006650737977,-0.08785513558646185,34.56975827640568,8.958762886597938,13.166666666666666,0.05154639175257732
2019,geronimo allison,Geronimo Allison,GB,WR,55,34,287,2,61.81818181818181,5.675098039215686,3.264178570710089,8.126363636363637,3.658823529411765,3.5103488794083972,0.1484746500033678,9.249850475065037,5.218181818181818,8.441176470588236,0.03636363636363636
2019,golden tate,Golden Tate,NYG,WR,85,49,670,6,57.647058823529406,5.742658227848102,2.1694953348211907,9.525764705882352,6.09857142857143,3.3700570918075514,2.7285143367638782,16.594932713551977,7.882352941176471,13.673469387755102,0.07058823529411765
2019,hunter renfrow,Hunter Renfrow,LV,WR,71,49,605,4,69.01408450704226,6.452903225806451,3.456287092681197,6.582676056338028,6.774897959183673,4.750971742881813,2.0239262163018603,14.385218654584845,8.52112676056338,12.346938775510203,0.056338028169014086
2019,james washington,James Washington,PIT,WR,80,44,735,3,55.00000000000001,6.1692307692307695,2.5320394958538133,15.596375,4.838863636363636,3.547011425562431,1.2918522108012054,33.03240734612401,9.1875,16.704545454545453,0.0375
2019,jamison crowder,Jamison Crowder,NYJ,WR,122,78,833,6,63.934426229508205,6.047029702970297,3.0286939843766993,7.933852459016393,4.718076923076923,3.8867879955864533,0.83128892749047,24.132067804047402,6.827868852459017,10.679487179487179,0.04918032786885246
2019,jarius wright,Jarius Wright,CAR,WR,58,28,296,0,48.275862068965516,6.472499999999998,3.0198926571336,10.593793103448277,3.3582142857142867,3.9965569164400856,-0.6383426307257989,12.33022957135977,5.103448275862069,10.571428571428571,0
2019,jarvis landry,Jarvis Landry,CLE,WR,138,83,1174,6,60.14492753623188,5.678473282442748,2.587291262937547,9.802681159420292,5.538072289156627,3.8772126590948233,1.660859630061804,29.608091190040536,8.507246376811594,14.144578313253012,0.043478260869565216
2019,john brown,John Brown,BUF,WR,115,72,1060,6,62.60869565217392,4.649553571428572,2.3874553614578518,14.16173913043478,3.112777777777777,3.0427590796305406,0.0700186981472366,36.138429311936385,9.217391304347826,14.722222222222221,0.05217391304347826
2019,john ross,John Ross,CIN,WR,56,28,506,3,50,5.786727272727274,2.9426150298612086,14.93875,7.445714285714286,5.557815788591535,1.8878984971227508,17.55803215380096,9.035714285714286,18.071428571428573,0.05357142857142857
2019,josh gordon,Josh Gordon,SEA,WR,47,27,426,1,57.446808510638306,5.430212765957448,2.3976573016998257,11.380212765957447,6.007037037037037,5.512180121438176,0.49485691559886114,11.41367669464942,9.063829787234043,15.777777777777779,0.02127659574468085
2019,josh reynolds,Josh Reynolds,LA,WR,43,21,326,1,48.837209302325576,6.262857142857142,2.6739339568413523,11.251860465116279,6.886666666666667,5.252298300035031,1.6343683666316355,10.181714874946076,7.5813953488372094,15.523809523809524,0.023255813953488372
2019,juju smith schuster,JuJu Smith-Schuster,PIT,WR,70,42,552,3,60,4.861612903225807,2.373298045699334,9.573285714285714,6.033095238095238,4.341737683751738,1.6913575543435,17.741307783746286,7.885714285714286,13.142857142857142,0.04285714285714286
2019,julian edelman,Julian Edelman,NE,WR,153,100,1117,6,65.359477124183,5.683943661971831,2.835081643026798,9.175882352941176,3.549700000000001,3.8662320321095365,-0.3165320321095355,31.783667037952668,7.300653594771242,11.17,0.0392156862745098
2019,julio jones,Julio Jones,ATL,WR,157,99,1394,6,63.05732484076433,5.557046979865772,2.1638664762468784,12.285859872611466,3.6737373737373744,2.8359915691727795,0.8377458045645949,35.92249644291153,8.878980891719745,14.080808080808081,0.03821656050955414
2019,keenan allen,Keenan Allen,LAC,WR,149,104,1199,6,69.79865771812081,5.390367647058824,2.7453719251831754,10.046778523489934,3.7222115384615373,3.595639092044569,0.1265724464169682,30.38163508022779,8.046979865771812,11.528846153846153,0.040268456375838924
2019,kelvin harmon,Kelvin Harmon,WAS,WR,44,30,365,0,68.18181818181817,6.402999999999999,2.420682406867723,11.357727272727274,3.4483333333333337,2.819583466937077,0.6287498663962565,14.088652452278053,8.295454545454545,12.166666666666666,0
2019,kendrick bourne,Kendrick Bourne,SF,WR,44,30,358,5,68.18181818181817,5.9453658536585365,2.9051440143153524,8.679772727272727,4.133000000000001,3.300368074227788,0.8326319257722128,12.543024172359432,8.136363636363637,11.933333333333334,0.11363636363636363
2019,kenny golladay,Kenny Golladay,DET,WR,116,65,1190,11,56.03448275862068,5.270877192982456,1.9475060260614048,15.403275862068968,4.8890769230769235,4.1894620708923735,0.69961485218455,33.09949038662817,10.258620689655173,18.307692307692307,0.09482758620689655
2019,kenny stills,Kenny Stills,HOU,WR,55,40,561,4,72.72727272727273,6.264230769230769,2.6633827707407347,10.681272727272724,3.7340000000000004,4.502923094289785,-0.7689230942897844,12.930013690007168,10.2,14.025,0.07272727272727272
2019,larry fitzgerald,Larry Fitzgerald,ARI,WR,109,75,804,4,68.80733944954129,6.151442307692308,2.9758333333333735,7.485412844036698,5.050933333333332,4.468533393117079,0.582399940216253,21.615113173957276,7.376146788990826,10.72,0.03669724770642202
2019,marquez valdes scantling,Marquez Valdes-Scantling,GB,WR,56,26,452,2,46.42857142857143,5.695535714285716,2.5509622717326716,16.625535714285714,5.893076923076924,3.8952217110090945,1.9978552120678295,19.268124595144428,8.071428571428571,17.384615384615383,0.03571428571428571
2019,marquise brown,Marquise Brown,BAL,WR,71,46,584,7,64.7887323943662,6.443968253968255,2.955510969260665,10.876619718309858,5.377608695652174,4.769195805695394,0.6084128899567798,21.069691173942818,8.225352112676056,12.695652173913043,0.09859154929577464
2019,marvin jones,Marvin Jones,DET,WR,91,62,779,9,68.13186813186813,6.527471264367816,2.0854807722890603,13.152197802197806,2.183709677419355,2.263014035487562,-0.07930435806820668,22.17123824378823,8.56043956043956,12.564516129032258,0.0989010989010989
2019,michael gallup,Michael Gallup,DAL,WR,113,66,1107,6,58.4070796460177,5.57353982300885,2.2184359038056005,12.60469026548672,5.36590909090909,3.832156521131957,1.5337525697771333,26.0687256920613,9.79646017699115,16.772727272727273,0.05309734513274336
2019,michael thomas,Michael Thomas,NO,WR,185,149,1725,9,80.54054054054053,5.154972375690608,2.563296072890534,8.144486486486487,4.065704697986578,3.41148382444712,0.6542208735394581,41.33610602814212,9.324324324324325,11.577181208053691,0.04864864864864865
2019,mike evans,Mike Evans,TB,WR,118,67,1157,8,56.779661016949156,5.34102564102564,2.42422152433902,15.27737288135593,4.31044776119403,4.017919094072769,0.29252866712126124,28.23515591962033,9.805084745762711,17.26865671641791,0.06779661016949153
2019,mike williams,Mike Williams,LAC,WR,90,49,1001,2,54.44444444444444,5.233258426966292,2.003895259376511,17.38944444444444,4.761020408163265,3.431137930389899,1.3298824777733662,31.76334728305209,11.122222222222222,20.428571428571427,0.022222222222222223
2019,mohamed sanu,Mohamed Sanu,NE,WR,89,59,520,2,66.29213483146067,5.161025641025641,3.1013661273672146,7.551797752808989,3.2762711864406766,3.6392794244582274,-0.3630082380175508,15.216160902677784,5.842696629213483,8.813559322033898,0.02247191011235955
2019,nelson agholor,Nelson Agholor,PHI,WR,69,39,363,3,56.52173913043478,5.895076923076922,3.4033849537965333,10.79913043478261,3.9176923076923083,3.7111500006731104,0.20654230701919785,15.281662988818795,5.260869565217392,9.307692307692308,0.043478260869565216
2019,phillip dorsett,Phillip Dorsett,NE,WR,54,29,397,5,53.70370370370371,5.3290384615384605,2.895081677180797,13.893148148148148,3.164482758620689,4.0338527514717395,-0.8693699928510505,16.984750106405134,7.351851851851852,13.689655172413794,0.09259259259259259
2019,preston williams,Preston Williams,MIA,WR,60,32,428,3,53.333333333333336,4.540338983050847,2.1255217109725186,14.3445,2.42,2.495263625508766,-0.0752636255087662,16.167431830306494,7.133333333333334,13.375,0.05
2019,randall cobb,Randall Cobb,DAL,WR,83,55,828,3,66.26506024096386,6.224383561643836,3.032001076205204,9.529638554216868,6.223636363636363,4.8771496302874535,1.3464867333489092,14.47650423244109,9.975903614457831,15.054545454545455,0.03614457831325301
2019,robert woods,Robert Woods,LA,WR,139,90,1134,2,64.74820143884892,7.317022900763359,3.407958005883114,8.099280575539572,6.718333333333333,5.616025150540928,1.102308182792405,23.69132671850505,8.158273381294965,12.6,0.014388489208633094
2019,russell gage,Russell Gage,ATL,WR,74,49,446,1,66.21621621621621,5.843478260869565,3.189910533338856,7.062297297297297,3.50061224489796,3.4048680519492787,0.0957441929486813,9.732827270763341,6.027027027027027,9.10204081632653,0.013513513513513514
2019,sammy watkins,Sammy Watkins,KC,WR,90,52,673,3,57.77777777777777,5.341710526315789,2.8675841172716185,9.64811111111111,5.880769230769231,5.333175800240331,0.5475934305289005,18.50562097074964,7.477777777777778,12.942307692307692,0.03333333333333333
2019,stefon diggs,Stefon Diggs,MIN,WR,94,63,1126,6,67.02127659574468,4.621182795698925,2.504979811260199,14.897978723404256,5.098571428571429,4.229065313174703,0.8695061153967254,39.780306559556415,11.97872340425532,17.873015873015873,0.06382978723404255
2019,sterling shepard,Sterling Shepard,NYG,WR,83,57,576,3,68.67469879518072,5.7105000000000015,3.1299462146954156,9.937951807228917,3.318947368421053,3.1776196778778134,0.14132769054323946,16.905643207614457,6.9397590361445785,10.105263157894736,0.03614457831325301
2019,t y hilton,T.Y. Hilton,IND,WR,68,45,501,5,66.17647058823529,6.085373134328359,3.009626716111791,10.197058823529412,4.8020000000000005,3.940120009400776,0.8618799905992245,17.612932068033572,7.367647058823529,11.133333333333333,0.07352941176470588
2019,taylor gabriel,Taylor Gabriel,CHI,WR,48,29,353,4,60.416666666666664,5.960425531914894,3.1487192281906142,11.549583333333333,2.910344827586207,3.2099165302442487,-0.2995717026580418,12.477942235666955,7.354166666666667,12.172413793103448,0.08333333333333333
2019,terry mclaurin,Terry McLaurin,WAS,WR,93,58,919,7,62.365591397849464,5.231739130434782,2.1118652327080616,14.147096774193546,3.896551724137931,2.634287752902213,1.262263971235718,37.09160415098488,9.881720430107526,15.844827586206897,0.07526881720430108
2019,trey quinn,Trey Quinn,WAS,WR,47,26,198,1,55.319148936170215,6.552051282051282,2.5924802946709313,7.102553191489362,2.5376923076923075,3.0662638027348246,-0.5285714950425171,9.411041664904667,4.212765957446808,7.615384615384615,0.02127659574468085
2019,tyler boyd,Tyler Boyd,CIN,WR,148,90,1046,5,60.810810810810814,5.473178294573643,2.642543885694602,9.160878378378378,4.157888888888888,3.7704221637407316,0.38746672514815605,28.45590395835958,7.0675675675675675,11.622222222222222,0.033783783783783786
2019,tyler lockett,Tyler Lockett,SEA,WR,110,82,1057,8,74.54545454545455,6.265555555555554,3.2361316140388188,12.818818181818182,3.9879268292682934,4.674543333056885,-0.6866165037885916,30.08970983009761,9.60909090909091,12.890243902439025,0.07272727272727272
2019,tyreek hill,Tyreek Hill,KC,WR,89,58,860,7,65.1685393258427,5.869250000000001,3.2090238021939355,12.578876404494384,4.874655172413793,4.183096277586152,0.691558894827641,23.85891629815121,9.662921348314606,14.827586206896552,0.07865168539325842
2019,tyrell williams,Tyrell Williams,LV,WR,64,42,651,6,65.625,4.960862068965517,2.619734890048775,13.48765625,5.038809523809523,4.511714970406716,0.5270945534028071,26.568809711415337,10.171875,15.5,0.09375
2019,will fuller,Will Fuller,HOU,WR,71,49,670,3,69.01408450704226,5.538142857142857,2.9712240800902014,14.035070422535211,4.849591836734694,4.659799977701361,0.18979185903333295,21.932403938848363,9.43661971830986,13.673469387755102,0.04225352112676056
2019,willie snead,Willie Snead,BAL,WR,46,31,339,5,67.3913043478261,5.5253658536585375,3.009347813534393,8.539782608695653,4.741612903225808,2.604988075046668,2.13662482817914,10.717920314746658,7.369565217391305,10.935483870967742,0.10869565217391304
2019,zach pascal,Zach Pascal,IND,WR,72,41,607,5,56.94444444444444,5.731805555555556,2.8249325736716018,11.546666666666667,5.864634146341463,5.309552979763969,0.5550811665774944,21.117229887626753,8.430555555555555,14.804878048780488,0.06944444444444445
2019,zay jones,Zay Jones,LV,WR,45,27,216,0,60,5.869318181818182,3.04590044900358,11.19822222222222,2.85925925925926,3.101579366544691,-0.24232010728543107,11.18192146559682,4.8,8,0
2020,a j brown,A.J. Brown,TEN,WR,106,70,1075,11,66.0377358490566,5.445809523809524,2.404694913284214,11.32141509433962,6.162714285714285,3.6550776018996656,2.50763668381462,30.603881365873555,10.141509433962264,15.357142857142858,0.10377358490566038
2020,a j green,A.J. Green,CIN,WR,104,47,523,2,45.19230769230769,5.259117647058823,1.7240434676516958,13.900384615384619,2.1051063829787235,1.9204500134740294,0.1846563695046941,30.328663318354053,5.028846153846154,11.127659574468085,0.019230769230769232
2020,adam thielen,Adam Thielen,MIN,WR,108,74,925,14,68.51851851851852,6.159423076923077,2.668449227231602,12.134722222222221,3.210000000000001,2.938530965514927,0.27146903448507365,32.469092981195644,8.564814814814815,12.5,0.12962962962962962
2020,allen lazard,Allen Lazard,GB,WR,46,33,451,3,71.73913043478261,6.223333333333334,3.6916468716401,10.180652173913042,6.091818181818182,6.452034026250855,-0.3602158444326733,11.575385467182766,9.804347826086957,13.666666666666666,0.06521739130434782
2020,allen robinson,Allen Robinson,CHI,WR,151,102,1250,6,67.54966887417218,5.600753424657534,2.3076742021028633,9.500066225165561,3.6412745098039214,3.274145068721575,0.36712944108234646,30.49573020236098,8.278145695364238,12.254901960784315,0.039735099337748346
2020,amari cooper,Amari Cooper,DAL,WR,130,92,1114,5,70.76923076923077,6.5578125,2.5315409526690544,9.109692307692308,4.61,3.6869751400640007,0.9230248599359996,25.37714501225721,8.569230769230769,12.108695652173912,0.038461538461538464
2020,anthony miller,Anthony Miller,CHI,WR,76,49,485,2,64.47368421052632,5.506617647058824,2.956582269264672,9.625263157894736,3.1724489795918367,3.8249407224708234,-0.6524917428789867,15.551119586221853,6.381578947368421,9.89795918367347,0.02631578947368421
2020,antonio brown,Antonio Brown,TB,WR,62,45,483,4,72.58064516129032,6.250163934426229,3.2126297136176634,8.760483870967741,5.747777777777777,5.274193670261415,0.4735841075163627,9.697981484291995,7.790322580645161,10.733333333333333,0.06451612903225806
2020,brandin cooks,Brandin Cooks,HOU,WR,119,81,1143,6,68.0672268907563,6.692454545454546,2.982509150031544,12.027563025210084,4.318518518518519,3.6840213758180864,0.6344971427004324,30.350092241141684,9.605042016806722,14.11111111111111,0.05042016806722689
2020,brandon aiyuk,Brandon Aiyuk,SF,WR,96,60,748,5,62.5,5.548461538461539,2.7800341384372405,9.6671875,4.882500000000003,4.0730405189695285,0.8094594810304745,24.621478429510223,7.791666666666667,12.466666666666667,0.052083333333333336
2020,braxton berrios,Braxton Berrios,NYJ,WR,55,37,394,3,67.27272727272727,7.141666666666667,3.42324568054728,7.707999999999999,6.172702702702702,5.614923542776559,0.5577791599261435,10.42884870371236,7.163636363636364,10.64864864864865,0.05454545454545454
2020,breshad perriman,Breshad Perriman,NYJ,WR,60,30,505,3,50,5.930833333333333,2.620778233718892,15.574000000000003,5.662000000000001,4.733315451109865,0.9286845488901356,22.987058033441006,8.416666666666666,16.833333333333332,0.05
2020,calvin ridley,Calvin Ridley,ATL,WR,143,90,1374,9,62.93706293706294,6.086571428571428,2.9264692495979574,14.883986013986013,3.0712222222222225,3.0458284758441447,0.025393746378077786,38.893893848163955,9.608391608391608,15.266666666666667,0.06293706293706294
2020,cam sims,Cam Sims,WAS,WR,48,32,477,1,66.66666666666666,6.951458333333332,3.5246586529186494,10.934166666666668,8.1090625,6.475281805924173,1.6337806940758277,14.561011202911983,9.9375,14.90625,0.020833333333333332
2020,ceedee lamb,CeeDee Lamb,DAL,WR,111,74,935,5,66.66666666666666,5.873218390804598,3.015356082812003,9.376486486486488,4.560945945945946,4.635239299785805,-0.07429335383985958,22.302770301544577,8.423423423423424,12.635135135135135,0.04504504504504504
2020,chase claypool,Chase Claypool,PIT,WR,109,62,859,9,56.88073394495413,5.712242990654206,2.513778395444474,13.304311926605509,5.209354838709678,3.4436767496496183,1.7656780890600596,30.556269622200226,7.8807339449541285,13.85483870967742,0.08256880733944955
2020,chris conley,Chris Conley,JAX,WR,63,40,471,2,63.49206349206349,5.675862068965516,2.7858465805720543,10.820317460317462,4.70325,3.51405394956612,1.1891960504338797,14.164985256928414,7.476190476190476,11.775,0.031746031746031744
2020,chris godwin,Chris Godwin,TB,WR,84,65,840,7,77.38095238095238,6.4354545454545455,2.953453672044493,9.795238095238094,4.811692307692309,3.738555946474669,1.0731363612176397,14.691151919866433,10,12.923076923076923,0.08333333333333333
2020,christian kirk,Christian Kirk,ARI,WR,79,48,621,6,60.75949367088608,6.191351351351351,3.45400726743457,11.974177215189872,3.901875000000001,4.290852385527763,-0.38897738552776184,21.894485411545784,7.860759493670886,12.9375,0.0759493670886076
2020,cole beasley,Cole Beasley,BUF,WR,107,82,967,4,76.63551401869158,6.186881720430107,3.51071433150835,7.87411214953271,4.452804878048781,4.701335437662576,-0.248530559613795,16.62155497247923,9.037383177570094,11.792682926829269,0.037383177570093455
2020,cooper kupp,Cooper Kupp,LA,WR,124,92,974,3,74.19354838709677,6.346637931034483,3.2377422670247293,6.328064516129033,5.8128260869565205,4.428676558776318,1.3841495281802025,20.567312682494673,7.854838709677419,10.58695652173913,0.024193548387096774
2020,corey davis,Corey Davis,TEN,WR,92,65,984,5,70.65217391304348,6.779999999999999,2.4113056853050225,12.291956521739133,4.483076923076924,4.009703099208185,0.47337382386873905,28.838905465024357,10.695652173913043,15.138461538461538,0.05434782608695652
2020,curtis samuel,Curtis Samuel,CAR,WR,97,77,851,3,79.38144329896907,6.805316455696203,3.473624456270824,7.058041237113401,4.562987012987013,4.752918988072676,-0.1899319750856634,17.1250403343814,8.77319587628866,11.051948051948052,0.030927835051546393
2020,d j moore,D.J. Moore,CAR,WR,118,66,1193,4,55.932203389830505,6.029230769230769,2.510260779717669,13.407881355932204,6.09621212121212,4.254826102503714,1.8413860187084055,39.574719285212225,10.110169491525424,18.075757575757574,0.03389830508474576
2020,daesean hamilton,DaeSean Hamilton,DEN,WR,44,23,293,2,52.27272727272727,6.087142857142857,2.8051718209543752,13.82909090909091,3.969130434782609,4.224010739611987,-0.25488030482937774,12.051972745999054,6.659090909090909,12.73913043478261,0.045454545454545456
2020,damiere byrd,Damiere Byrd,NE,WR,77,47,604,1,61.038961038961034,5.806184210526317,2.981461597646663,11.854415584415584,3.493617021276596,4.2802818110909975,-0.7866647898144015,30.98541347717313,7.8441558441558445,12.851063829787234,0.012987012987012988
2020,danny amendola,Danny Amendola,DET,WR,69,46,602,0,66.66666666666666,6.6728125,3.4342340432477467,8.304202898550724,6.553260869565217,5.39282229410541,1.160438575459807,11.518752977740073,8.72463768115942,13.08695652173913,0
2020,darius slayton,Darius Slayton,NYG,WR,96,50,751,3,52.083333333333336,5.419894736842105,2.3150101130325997,14.059791666666667,3.2064000000000004,2.939752340649394,0.2666476593506064,34.440401524855446,7.822916666666667,15.02,0.03125
2020,darnell mooney,Darnell Mooney,CHI,WR,98,61,631,4,62.244897959183675,7.62752808988764,3.219063439899961,11.735408163265308,4.420327868852459,3.913009416524956,0.5073184523275027,24.448922931056114,6.438775510204081,10.344262295081966,0.04081632653061224
2020,davante adams,Davante Adams,GB,WR,149,115,1374,18,77.18120805369128,4.977142857142858,3.166504884077351,9.086912751677854,5.345739130434782,5.196027881215745,0.14971124921903733,33.466065540543894,9.221476510067115,11.947826086956521,0.12080536912751678
2020,david moore,David Moore,SEA,WR,47,35,417,6,74.46808510638297,6.7175,4.093774476688737,9.26872340425532,5.173428571428572,4.939943265579102,0.23348530584947014,9.43516370701026,8.872340425531915,11.914285714285715,0.1276595744680851
2020,deandre hopkins,DeAndre Hopkins,ARI,WR,160,115,1407,6,71.875,6.30496855345912,3.142846883761298,8.9670625,4.690782608695652,3.629404293483714,1.0613783152119378,33.2071916936309,8.79375,12.234782608695653,0.0375
2020,deebo samuel,Deebo Samuel,SF,WR,44,33,391,1,75,6.914634146341462,4.60005230039468,2.106818181818182,12.269393939393941,7.829263578780611,4.44013036061333,2.459362157659175,8.886363636363637,11.848484848484848,0.022727272727272728
2020,demarcus robinson,Demarcus Robinson,KC,WR,59,45,466,3,76.27118644067797,6.608245614035087,4.223176900745077,9.587118644067795,3.8628888888888877,3.6068188052671037,0.25607008362178396,11.274062321862079,7.898305084745763,10.355555555555556,0.05084745762711865
2020,denzel mims,Denzel Mims,NYJ,WR,44,23,357,0,52.27272727272727,4.953255813953489,2.134927897603069,15.111136363636364,4.959130434782607,3.4924579198816197,1.4666725149009876,16.356175908409945,8.113636363636363,15.521739130434783,0
2020,devante parker,DeVante Parker,MIA,WR,103,63,793,4,61.165048543689316,4.826504854368933,1.7382519083106531,10.31504854368932,2.9528571428571424,2.2397456150430957,0.7131115278140467,25.003294706818163,7.699029126213592,12.587301587301587,0.038834951456310676
2020,diontae johnson,Diontae Johnson,PIT,WR,144,88,923,7,61.111111111111114,5.420699300699301,3.16699427028552,8.051388888888887,4.6330681818181825,4.3409898100548245,0.29207837176335794,24.429507574959434,6.409722222222222,10.488636363636363,0.04861111111111111
2020,emmanuel sanders,Emmanuel Sanders,NO,WR,82,61,726,5,74.39024390243902,6.559506172839505,3.1250955253671084,9.351829268292683,2.860655737704917,3.3306203287555327,-0.4699645910506156,23.495690592838393,8.853658536585366,11.901639344262295,0.06097560975609756
2020,gabriel davis,Gabriel Davis,BUF,WR,62,35,599,7,56.451612903225815,6.266885245901639,3.167483879569995,15.904999999999998,3.9342857142857146,3.7027487231820926,0.23153699110362203,19.454122196137224,9.661290322580646,17.114285714285714,0.11290322580645161
2020,golden tate,Golden Tate,NYG,WR,52,35,388,2,67.3076923076923,6.578958333333335,2.1363611776062816,9.095,2.4134285714285713,2.5540160683995183,-0.14058749697094708,12.067689701101795,7.461538461538462,11.085714285714285,0.038461538461538464
2020,greg ward,Greg Ward,PHI,WR,79,53,419,6,67.08860759493672,5.821,3.5234527034270933,6.059240506329114,3.032830188679246,3.5792203805890046,-0.5463901919097585,9.189938449605856,5.30379746835443,7.90566037735849,0.0759493670886076
2020,henry ruggs,Henry Ruggs,LV,WR,43,26,452,2,60.46511627906976,6.963589743589744,3.3474026702350392,16.91953488372093,5.998076923076924,5.83080015370688,0.16727676937004432,16.758381609407213,10.511627906976743,17.384615384615383,0.046511627906976744
2020,hunter renfrow,Hunter Renfrow,LV,WR,77,56,656,2,72.72727272727273,6.631029411764706,3.4774215288126977,6.841688311688312,6.495892857142855,5.711911941267915,0.78398091587494,12.1347046425651,8.519480519480519,11.714285714285714,0.025974025974025976
2020,isaiah ford,Isaiah Ford,MIA,WR,44,28,276,0,63.63636363636363,5.609210526315789,2.7608451319256404,9.224772727272727,2.876071428571428,2.780870324597042,0.0952011039743863,9.552061074450961,6.2727272727272725,9.857142857142858,0
2020,jakeem grant,Jakeem Grant,MIA,WR,54,36,373,1,66.66666666666666,6.589245283018867,3.1467739735857205,10.117777777777778,4.798888888888889,3.566878881840959,1.2320100070479305,12.857828694072355,6.907407407407407,10.36111111111111,0.018518518518518517
2020,jakobi meyers,Jakobi Meyers,NE,WR,81,59,729,0,72.8395061728395,6.290133333333334,3.4127916360903354,10.290864197530865,3.8045762711864413,3.8641313807546895,-0.05955510956824828,28.29588542603713,9,12.35593220338983,0
2020,jalen guyton,Jalen Guyton,LAC,WR,55,28,511,3,50.90909090909091,6.191090909090909,3.0701127569768443,16.405272727272724,6.755357142857145,4.957030787958173,1.7983263548989719,19.188351182830452,9.290909090909091,18.25,0.05454545454545454
2020,jalen reagor,Jalen Reagor,PHI,WR,54,31,396,1,57.407407407407405,6.53076923076923,3.281032594239553,13.851481481481482,5.553225806451613,5.470692287826298,0.08253351862531577,14.360094763800845,7.333333333333333,12.774193548387096,0.018518518518518517
2020,james washington,James Washington,PIT,WR,56,30,392,5,53.57142857142857,5.671454545454545,2.2765616170010192,12.993571428571428,4.607333333333333,3.324876512479745,1.282456820853588,15.331970753703198,7,13.066666666666666,0.08928571428571429
2020,jamison crowder,Jamison Crowder,NYJ,WR,89,59,699,6,66.29213483146067,6.0845,3.2318027797125466,7.553595505617977,5.589491525423728,4.298200759258664,1.2912907661650639,16.537722597642848,7.853932584269663,11.847457627118644,0.06741573033707865
2020,jarvis landry,Jarvis Landry,CLE,WR,101,72,840,3,71.28712871287128,6.269239130434783,3.2089577951429136,8.78980198019802,4.885833333333333,4.1865927124205715,0.6992406209127617,21.146141496715313,8.316831683168317,11.666666666666666,0.0297029702970297
2020,jerry jeudy,Jerry Jeudy,DEN,WR,113,52,856,3,46.017699115044245,5.096880733944955,2.6999388325775073,13.915486725663717,5.454999999999998,4.0829796622107315,1.3720203377892668,31.145024560291567,7.575221238938053,16.46153846153846,0.02654867256637168
2020,john brown,John Brown,BUF,WR,52,33,458,3,63.46153846153846,4.743076923076924,3.26218547868259,12.843846153846156,5.0621212121212125,3.719866683515924,1.3422545286052885,13.176034248061711,8.807692307692308,13.878787878787879,0.057692307692307696
2020,josh reynolds,Josh Reynolds,LA,WR,81,52,618,2,64.19753086419753,5.343205128205128,2.4674975656596208,10.782716049382715,4.179230769230769,4.101332660837345,0.07789810839342426,22.892759974627676,7.62962962962963,11.884615384615385,0.024691358024691357
2020,juju smith schuster,JuJu Smith-Schuster,PIT,WR,128,97,831,9,75.78125,6.138846153846154,3.0567270458840814,5.827265625,4.38618556701031,4.141888591958335,0.24429697505197545,15.716513200868118,6.4921875,8.56701030927835,0.0703125
2020,julio jones,Julio Jones,ATL,WR,68,51,771,3,75,6.172769230769231,2.7329357101143965,11.734411764705882,4.7086274509803925,3.284252101176808,1.4243753498035843,14.58130419289702,11.338235294117647,15.117647058823529,0.04411764705882353
2020,justin jefferson,Justin Jefferson,MIN,WR,125,88,1400,7,70.39999999999999,5.797131147540983,2.6343901965568284,11.500080000000002,5.318977272727273,3.374740373766634,1.944236898960639,35.614547977107755,11.2,15.909090909090908,0.056
2020,k j hamler,K.J. Hamler,DEN,WR,56,30,381,3,53.57142857142857,6.141764705882352,3.1892486267052083,11.018392857142857,4.418333333333333,3.5583349030476588,0.8599984302856742,12.221319917604188,6.803571428571429,12.7,0.05357142857142857
2020,keelan cole,Keelan Cole,JAX,WR,88,55,642,5,62.5,6.579012345679012,3.2609386382485868,11.389204545454545,3.462727272727273,3.1027834240453487,0.3599438486819242,20.826276953638803,7.295454545454546,11.672727272727272,0.056818181818181816
2020,keenan allen,Keenan Allen,LAC,WR,147,100,992,8,68.02721088435374,5.726766917293234,2.9445020194984743,7.237823129251701,4.651500000000001,4.642977006155443,0.008522993844557902,22.626470563216138,6.7482993197278915,9.92,0.05442176870748299
2020,kendrick bourne,Kendrick Bourne,SF,WR,74,49,667,2,66.21621621621621,6.218,2.8452337081016608,9.648783783783784,4.544897959183674,3.472188840655485,1.0727091185281887,18.942925287920474,9.013513513513514,13.612244897959183,0.02702702702702703
2020,larry fitzgerald,Larry Fitzgerald,ARI,WR,72,54,409,1,75,6.143000000000001,3.3120211133093282,5.915277777777779,3.557407407407407,3.645406925339284,-0.08799951793187688,9.857564100783703,5.680555555555555,7.574074074074074,0.013888888888888888
2020,laviska shenault,Laviska Shenault,JAX,WR,79,58,600,5,73.41772151898735,7.064571428571428,3.3113755128203812,6.410253164556963,5.222068965517241,4.135107290009778,1.0869616755074638,10.522958256016192,7.594936708860759,10.344827586206897,0.06329113924050633
2020,marquez valdes scantling,Marquez Valdes-Scantling,GB,WR,63,33,690,6,52.38095238095239,5.532666666666667,3.120286621298216,18.028253968253967,7.623939393939393,6.453174686102682,1.1707647078367112,28.07347975895634,10.952380952380953,20.90909090909091,0.09523809523809523
2020,marquise brown,Marquise Brown,BAL,WR,100,58,769,8,57.99999999999999,7.455670103092784,3.2657447915639746,13.7479,4.845344827586207,3.8761056868566284,0.9692391407295791,39.2965556667143,7.69,13.258620689655173,0.08
2020,marvin jones,Marvin Jones,DET,WR,115,76,978,9,66.08695652173913,6.661071428571428,2.5339970249728228,12.866695652173913,2.7855263157894727,2.525771339184228,0.2597549766052447,29.745638176185725,8.504347826086956,12.868421052631579,0.0782608695652174
2020,mecole hardman,Mecole Hardman,KC,WR,62,41,560,4,66.12903225806451,6.343035714285713,3.408409829710322,10.56032258064516,7.199024390243902,6.400721649058064,0.7983027411858377,13.049960336284524,9.03225806451613,13.658536585365853,0.06451612903225806
2020,michael gallup,Michael Gallup,DAL,WR,105,59,843,5,56.19047619047619,5.55695238095238,2.7186194355352193,12.126190476190478,4.511016949152542,3.2637270450657967,1.2472899040867453,27.284084480482747,8.028571428571428,14.288135593220339,0.047619047619047616
2020,michael thomas,Michael Thomas,NO,WR,55,40,438,0,72.72727272727273,5.10377358490566,2.4856983902568803,9.644909090909092,2.0787500000000008,2.3561068975012898,-0.277356897501289,16.25319030942555,7.963636363636364,10.95,0
2020,mike evans,Mike Evans,TB,WR,109,70,1006,13,64.22018348623854,5.217102803738319,2.8136680383904884,12.765137614678903,3.814,3.6347371961049504,0.17926280389504967,24.843544945675937,9.229357798165138,14.371428571428572,0.11926605504587157
2020,mike williams,Mike Williams,LAC,WR,85,48,756,5,56.470588235294116,5.493647058823529,2.081118824413792,15.071176470588238,3.4270833333333335,2.656320162509759,0.7707631708235745,27.243167144449075,8.894117647058824,15.75,0.058823529411764705
2020,n keal harry,N'Keal Harry,NE,WR,57,33,309,2,57.89473684210527,6.038035714285714,2.854030523473694,8.152982456140352,3.3327272727272725,2.9321064608299467,0.4006208118973258,15.775305767056933,5.421052631578948,9.363636363636363,0.03508771929824561
2020,nelson agholor,Nelson Agholor,LV,WR,82,48,896,8,58.536585365853654,5.183461538461539,2.439920333974401,15.340243902439026,5.2593749999999995,4.181145426771966,1.0782295732280334,28.974858051067066,10.926829268292684,18.666666666666668,0.0975609756097561
2020,randall cobb,Randall Cobb,HOU,WR,48,38,441,3,79.16666666666666,6.458292682926828,2.8636152896080707,6.974374999999999,4.723421052631578,4.732513176151268,-0.009092123519689466,7.098751033736936,9.1875,11.605263157894736,0.0625
2020,rashard higgins,Rashard Higgins,CLE,WR,52,37,599,4,71.15384615384616,4.819615384615384,2.802317658729074,14.38269230769231,2.4702702702702695,2.6541109937644256,-0.18384072349415614,17.814523159594696,11.51923076923077,16.18918918918919,0.07692307692307693
2020,robert woods,Robert Woods,LA,WR,129,90,936,6,69.76744186046511,6.900932203389831,3.4120911201123416,7.077906976744186,5.669888888888888,5.717379116319747,-0.047490227430858845,23.93202941931967,7.255813953488372,10.4,0.046511627906976744
2020,russell gage,Russell Gage,ATL,WR,109,72,786,4,66.05504587155964,5.4821,2.8195981696227568,8.802660550458715,4.086666666666667,4.093116497275221,-0.006449830608554308,17.53341800140707,7.2110091743119265,10.916666666666666,0.03669724770642202
2020,sammy watkins,Sammy Watkins,KC,WR,55,37,421,2,67.27272727272727,5.48,3.6185620963211145,8.076545454545455,4.497297297297298,4.850102844428309,-0.35280554713101075,8.853778417357958,7.654545454545454,11.378378378378379,0.03636363636363636
2020,stefon diggs,Stefon Diggs,BUF,WR,166,127,1535,8,76.50602409638554,5.470379746835444,2.9518911362621414,10.242289156626507,3.6747244094488187,3.532189457700051,0.14253495174876774,33.542188640533446,9.24698795180723,12.086614173228346,0.04819277108433735
2020,sterling shepard,Sterling Shepard,NYG,WR,90,66,656,3,73.33333333333333,6.4868539325842685,3.026044201664412,8.160222222222222,3.1839393939393936,3.4922379862569866,-0.30829859231759293,18.739697784672853,7.288888888888889,9.93939393939394,0.03333333333333333
2020,t y hilton,T.Y. Hilton,IND,WR,93,56,762,5,60.215053763440864,5.206666666666667,2.460379168662627,12.689784946236557,3.5967857142857147,3.4076815145068706,0.18910419977884407,29.62521337483683,8.193548387096774,13.607142857142858,0.053763440860215055
2020,tee higgins,Tee Higgins,CIN,WR,108,67,908,6,62.03703703703704,6.4280188679245285,2.4799228597399954,12.045,4.621492537313433,3.244749659403016,1.376742877910417,27.291265435595335,8.407407407407407,13.552238805970148,0.05555555555555555
2020,terry mclaurin,Terry McLaurin,WAS,WR,134,87,1118,4,64.92537313432835,5.235546875000001,2.8262907833157573,9.58455223880597,5.816781609195403,4.12553097835819,1.6912506308372128,35.63208505113167,8.343283582089553,12.850574712643677,0.029850746268656716
2020,tim patrick,Tim Patrick,DEN,WR,79,51,742,6,64.55696202531645,5.700263157894736,2.595981617564615,12.461898734177216,4.995098039215687,3.9085194590968158,1.0865785801188714,19.499485026144836,9.39240506329114,14.549019607843137,0.0759493670886076
2020,travis fulgham,Travis Fulgham,PHI,WR,67,38,539,4,56.71641791044776,6.100909090909091,2.4917131578078013,13.06313432835821,2.8984210526315795,2.3867680857351408,0.5116529668964387,16.80310401363862,8.044776119402986,14.18421052631579,0.05970149253731343
2020,tre quan smith,Tre'Quan Smith,NO,WR,50,34,448,4,68,6.680000000000001,3.484883469912088,9.507800000000001,3.8558823529411757,2.8928126062000303,0.9630697467411453,14.565581731667788,8.96,13.176470588235293,0.08
2020,tyler boyd,Tyler Boyd,CIN,WR,110,79,841,4,71.81818181818181,5.903253012048195,2.741550116144465,8.620636363636363,4.76253164556962,3.5931478683363207,1.1693837772332993,19.894137935375053,7.6454545454545455,10.645569620253164,0.03636363636363636
2020,tyler lockett,Tyler Lockett,SEA,WR,132,100,1054,10,75.75757575757575,6.205583333333335,3.3953803506450804,10.005454545454546,3.4657999999999998,4.0285117504045544,-0.5627117504045547,28.605030441251948,7.984848484848484,10.54,0.07575757575757576
2020,tyreek hill,Tyreek Hill,KC,WR,135,87,1276,15,64.44444444444444,5.626465517241378,3.4330638514174847,13.22511111111111,5.2218390804597705,4.217577847953602,1.0042612325061686,35.58552812536126,9.451851851851853,14.666666666666666,0.1111111111111111
2020,will fuller,Will Fuller,HOU,WR,75,53,879,8,70.66666666666667,5.07527027027027,2.976643360066983,12.544,5.898679245283018,4.969613797571675,0.9290654477113431,19.949532432833617,11.72,16.58490566037736,0.10666666666666667
2020,willie snead,Willie Snead,BAL,WR,48,33,432,3,68.75,6.159512195121951,3.2268457660593928,8.636458333333332,6.026969696969696,4.489490310584889,1.537479386384807,11.849364013148488,9,13.090909090909092,0.0625
2020,zach pascal,Zach Pascal,IND,WR,71,44,629,5,61.97183098591549,5.831290322580644,2.9433158098848864,10.938873239436619,5.5847727272727274,4.654480276147283,0.9302924511254442,19.496435385078822,8.859154929577464,14.295454545454545,0.07042253521126761
2021,a j brown,A.J. Brown,TEN,WR,105,63,869,5,60,6.111111111111111,2.640335918704501,12.049904761904761,3.6536507936507943,3.486857002234314,0.1667937914164801,32.10902308112017,8.276190476190477,13.793650793650794,0.047619047619047616
2021,a j green,A.J. Green,ARI,WR,92,54,848,3,58.69565217391305,6.052087912087912,2.512337025728572,12.363043478260874,4.001296296296297,3.541295591133527,0.4600007051627699,26.936712697957837,9.217391304347826,15.703703703703704,0.03260869565217391
2021,adam humphries,Adam Humphries,WAS,WR,62,41,383,0,66.12903225806451,6.722264150943396,3.2064886385923006,7.122258064516129,3.889024390243902,4.3112525547659395,-0.4222281645220374,10.599310629554598,6.17741935483871,9.341463414634147,0
2021,adam thielen,Adam Thielen,MIN,WR,95,67,726,10,70.52631578947368,6.061868131868132,3.1240155458580188,9.747263157894738,3.77776119402985,3.635868096493071,0.1418930975367787,20.35975145883812,7.6421052631578945,10.835820895522389,0.10526315789473684
2021,allen lazard,Allen Lazard,GB,WR,60,40,513,8,66.66666666666666,5.751666666666667,2.6435074301034764,10.923666666666668,5.183750000000002,4.601709294546308,0.5820407054536938,15.05930252328675,8.55,12.825,0.13333333333333333
2021,allen robinson,Allen Robinson,CHI,WR,66,38,410,1,57.57575757575758,7.097878787878789,1.9389784472967626,11.347878787878788,2.629210526315789,2.976438712422824,-0.347228186107035,17.289929982432124,6.212121212121212,10.789473684210526,0.015151515151515152
2021,amari cooper,Amari Cooper,DAL,WR,104,68,865,8,65.38461538461539,6.786153846153845,2.607778832721773,11.202596153846155,3.713088235294118,3.4184878687269125,0.29460036656720545,22.68716762375448,8.317307692307692,12.720588235294118,0.07692307692307693
2021,amon ra st brown,Amon-Ra St. Brown,DET,WR,119,90,912,5,75.63025210084034,6.662577319587627,3.4853048317583735,7.2039495798319315,4.825444444444443,4.113220312176523,0.7122241322679201,23.007165669198358,7.663865546218488,10.133333333333333,0.04201680672268908
2021,antonio brown,Antonio Brown,TB,WR,62,42,545,4,67.74193548387096,6.337118644067798,3.4108880178849326,11.16225806451613,4.892380952380951,4.281868842906537,0.6105121094744144,12.106422320068159,8.790322580645162,12.976190476190476,0.06451612903225806
2021,brandin cooks,Brandin Cooks,HOU,WR,134,90,1028,6,67.16417910447761,6.35568,3.257264016889394,10.6305223880597,3.8865555555555558,3.6059085397828907,0.28064701577266504,36.7483244503836,7.6716417910447765,11.422222222222222,0.04477611940298507
2021,brandon aiyuk,Brandon Aiyuk,SF,WR,84,56,826,5,66.66666666666666,5.5196202531645575,2.9427785694705513,9.886428571428572,6.712142857142857,4.166543338285306,2.545599518857551,21.11126081352813,9.833333333333334,14.75,0.05952380952380952
2021,braxton berrios,Braxton Berrios,NYJ,WR,65,46,409,2,70.76923076923077,6.6355172413793095,4.0922357067118424,4.74123076923077,5.578478260869565,5.10654811857684,0.4719301422927247,7.204793532565115,6.292307692307692,8.891304347826088,0.03076923076923077
2021,bryan edwards,Bryan Edwards,LV,WR,58,33,559,3,56.896551724137936,5.088448275862069,1.9906150814578067,14.112758620689654,6.154848484848484,3.6104541130801024,2.544394371768382,16.825422927501076,9.637931034482758,16.939393939393938,0.05172413793103448
2021,byron pringle,Byron Pringle,KC,WR,60,42,568,5,70,5.333260869565217,4.11533941172175,10.748499999999998,4.760238095238097,3.9935024025296704,0.7667356927084263,13.845420605290334,9.466666666666667,13.523809523809524,0.08333333333333333
2021,calvin ridley,Calvin Ridley,ATL,WR,52,31,281,2,59.61538461538461,5.933269230769231,3.0348152815582257,9.90326923076923,3.056129032258066,3.479749933338793,-0.42362090108072703,12.73250538381468,5.403846153846154,9.064516129032258,0.038461538461538464
2021,cedrick wilson,Cedrick Wilson,DAL,WR,61,45,602,6,73.77049180327869,6.2971111111111115,3.641353164570318,9.479672131147542,6.2091111111111115,4.969084761360317,1.2400263497507948,11.260337619295203,9.868852459016393,13.377777777777778,0.09836065573770492
2021,ceedee lamb,CeeDee Lamb,DAL,WR,120,79,1102,6,65.83333333333333,6.310090909090909,3.0678401352748037,10.629,5.651772151898734,3.6198266823483065,2.0319454695504273,24.837158763633397,9.183333333333334,13.949367088607595,0.05
2021,chase claypool,Chase Claypool,PIT,WR,105,59,848,2,56.19047619047619,5.123823529411765,2.350317682242599,11.32504761904762,5.442881355932204,4.043812137879622,1.3990692180525812,27.250123746493855,8.076190476190476,14.372881355932204,0.01904761904761905
2021,chris godwin,Chris Godwin,TB,WR,127,98,1103,5,77.16535433070865,6.347079646017698,3.290494590203812,7.308661417322834,6.263877551020408,5.361638865662791,0.9022386853576165,16.23729329463813,8.68503937007874,11.255102040816327,0.03937007874015748
2021,christian kirk,Christian Kirk,ARI,WR,103,77,982,5,74.75728155339806,5.999787234042554,3.379195378249628,11.434271844660197,3.263896103896104,4.109475585394576,-0.8455794814984721,27.89183633353779,9.533980582524272,12.753246753246753,0.04854368932038835
2021,cole beasley,Cole Beasley,BUF,WR,112,82,693,1,73.21428571428571,6.769278350515464,4.00100735319073,5.363482142857144,3.9499999999999997,4.4226351130323325,-0.47263511303233274,11.229378721176941,6.1875,8.451219512195122,0.008928571428571428
2021,cooper kupp,Cooper Kupp,NA,WR,191,145,1947,16,75.91623036649214,6.565126582278481,3.6306120900679146,8.382879581151833,6.156896551724138,4.849522867847579,1.307373683876559,31.314148699815362,10.193717277486911,13.427586206896551,0.08376963350785341
2021,corey davis,Corey Davis,NYJ,WR,59,34,492,4,57.6271186440678,6.759473684210525,2.6700590654322283,13.097118644067796,3.6023529411764694,2.6478314037131483,0.9545215374633211,18.06528686617899,8.3389830508474585,14.470588235294118,0.06779661016949153
2021,courtland sutton,Courtland Sutton,DEN,WR,98,58,776,2,59.183673469387756,5.151063829787234,2.4701778485874994,15.431122448979592,2.4898275862068955,2.9842418747201584,-0.49441428851326297,34.4865725284148,7.918367346938775,13.379310344827585,0.02040816326530612
2021,d j moore,D.J. Moore,CAR,WR,163,93,1157,4,57.05521472392638,5.607682119205299,2.656482565158929,10.57355828220859,4.996236559139784,4.556255618657085,0.4399809404826991,40.25989801233849,7.098159509202454,12.440860215053764,0.024539877300613498
2021,darius slayton,Darius Slayton,NYG,WR,58,26,339,2,44.827586206896555,6.762241379310345,2.9677173400443895,13.423448275862066,2.6230769230769218,3.034228005007341,-0.41115108193041916,18.703425213685478,5.844827586206897,13.038461538461538,0.034482758620689655
2021,darnell mooney,Darnell Mooney,CHI,WR,140,81,1055,4,57.85714285714286,7.105238095238095,2.9021977255486555,11.271,5.073703703703704,4.090608236121748,0.9830954675819559,36.427141791923404,7.535714285714286,13.024691358024691,0.02857142857142857
2021,davante adams,Davante Adams,NA,WR,169,123,1553,11,72.7810650887574,5.294171779141104,2.9521246706389666,9.073313609467457,5.41439024390244,4.849339048544954,0.5650511953574853,35.23204036523553,9.189349112426035,12.626016260162602,0.0650887573964497
2021,deandre hopkins,DeAndre Hopkins,ARI,WR,64,42,572,8,65.625,5.2915624999999995,2.829417514372512,12.639062500000001,3.4569047619047617,2.9441063439138713,0.5127984179908904,19.1569429412503,8.9375,13.619047619047619,0.125
2021,deebo samuel,Deebo Samuel,NA,WR,121,77,1397,6,63.63636363636363,6.697747747747746,3.320780213898697,8.65190082644628,10.3712987012987,5.173695638553282,5.197603062745419,26.61290937608834,11.545454545454545,18.142857142857142,0.049586776859504134
2021,devante parker,DeVante Parker,MIA,WR,73,40,515,2,54.794520547945204,5.186164383561643,1.709465776863593,11.846027397260274,3.2029999999999994,2.6260761891859112,0.5769238108140882,20.003192146394618,7.054794520547945,12.875,0.0273972602739726
2021,devin duvernay,Devin Duvernay,NA,WR,47,33,272,2,70.2127659574468,7.904749999999998,3.7302892755766934,6.885106382978724,4.539999999999998,4.713766498233957,-0.17376649823395862,6.1607115659934815,5.787234042553192,8.242424242424242,0.0425531914893617
2021,devonta smith,DeVonta Smith,PHI,WR,104,64,916,5,61.53846153846154,6.097920792079208,2.3200671310559837,14.811153846153843,2.9459374999999994,2.6702383455055956,0.27569915449440385,37.992304656669305,8.807692307692308,14.3125,0.04807692307692308
2021,diontae johnson,Diontae Johnson,NA,WR,169,107,1161,8,63.31360946745562,4.6364024390243905,3.1734949230497023,8.385562130177517,5.141121495327103,5.132354796208329,0.008766699118774035,32.47566318954298,6.8698224852071,10.850467289719626,0.047337278106508875
2021,donovan peoples jones,Donovan Peoples-Jones,CLE,WR,58,34,597,3,58.620689655172406,5.722068965517242,2.1144548401272063,14.998448275862069,4.8955882352941185,3.6011883003023835,1.294399934991735,21.26570952924582,10.293103448275861,17.558823529411764,0.05172413793103448
2021,elijah moore,Elijah Moore,NYJ,WR,77,43,538,5,55.84415584415584,5.850526315789474,3.4411460129809357,11.91831168831169,5.097906976744186,4.662041136477697,0.435865840266489,21.454705278636936,6.987012987012987,12.511627906976743,0.06493506493506493
2021,emmanuel sanders,Emmanuel Sanders,BUF,WR,72,42,626,4,58.333333333333336,5.714305555555556,2.9177028261877918,15.002777777777778,2.5576190476190477,2.6958310009649433,-0.13821195334589564,20.192730093747947,8.694444444444445,14.904761904761905,0.05555555555555555
2021,gabriel davis,Gabriel Davis,BUF,WR,63,35,549,6,55.55555555555556,5.255322580645162,2.5960470479559143,14.08904761904762,4.026571428571429,3.5838759595586662,0.44269546901276247,16.59254689734458,8.714285714285714,15.685714285714285,0.09523809523809523
2021,hunter renfrow,Hunter Renfrow,LV,WR,128,103,1038,9,80.46875,6.583805309734515,3.393140888393014,6.5453125,4.64135922330097,4.614241637024221,0.027117586276749428,17.221320068243948,8.109375,10.077669902912621,0.0703125
2021,ja marr chase,Ja'Marr Chase,NA,WR,128,81,1455,13,63.28125,5.0419841269841275,2.3546604835947185,12.785703125000001,8.325802469135802,3.9292358569258834,4.396566612209918,37.4750692108475,11.3671875,17.962962962962962,0.1015625
2021,jakobi meyers,Jakobi Meyers,NE,WR,126,83,866,2,65.87301587301587,5.368695652173912,2.753380933897082,9.587222222222222,2.988915662650603,3.2171216639582223,-0.22820600130761948,28.492077344365452,6.873015873015873,10.433734939759036,0.015873015873015872
2021,jalen guyton,Jalen Guyton,LAC,WR,48,31,448,3,64.58333333333334,7.003555555555555,3.4221027409155726,11.016458333333334,4.840967741935484,3.9501030321749813,0.8908647097605025,10.499864976490025,9.333333333333334,14.451612903225806,0.0625
2021,jalen reagor,Jalen Reagor,PHI,WR,57,33,299,2,57.89473684210527,6.696315789473685,2.8799380316634937,10.051929824561402,4.440303030303031,4.800664831138769,-0.36036180083573743,14.13180741910024,5.245614035087719,9.06060606060606,0.03508771929824561
2021,jamison crowder,Jamison Crowder,NYJ,WR,71,51,447,2,71.83098591549296,6.373174603174602,3.445735907780116,5.9877464788732375,3.4298039215686273,3.3085162384349305,0.12128768313369687,9.938911916735044,6.295774647887324,8.764705882352942,0.028169014084507043
2021,jarvis landry,Jarvis Landry,CLE,WR,87,52,570,2,59.77011494252874,6.118765432098766,2.9965228876779557,8.287356321839082,5.259038461538462,4.833968133212803,0.42507032832565894,17.625474555512916,6.551724137931035,10.961538461538462,0.022988505747126436
2021,jaylen waddle,Jaylen Waddle,MIA,WR,140,104,1015,6,74.28571428571429,6.519593495934959,3.3368771186152197,6.790785714285715,4.5749038461538465,4.2261415203388175,0.348762325815029,21.99134419434158,7.25,9.759615384615385,0.04285714285714286
2021,jerry jeudy,Jerry Jeudy,DEN,WR,56,38,467,0,67.85714285714286,6.382093023255814,3.5815596715801434,10.39375,5.0894736842105255,4.0478168767373806,1.041656807473145,13.273539123930458,8.339285714285714,12.289473684210526,0
2021,josh palmer,Josh Palmer,LAC,WR,49,33,353,4,67.3469387755102,5.252727272727272,2.545687352465583,10.13469387755102,3.045454545454545,3.043100260666396,0.0023542847881490303,9.86068750794256,7.204081632653061,10.696969696969697,0.08163265306122448
2021,josh reynolds,Josh Reynolds,DET,WR,49,29,396,2,59.183673469387756,5.883333333333333,2.690538669932927,13.787551020408165,4.127586206896551,3.2249543136317236,0.9026318932648278,18.131290088832834,8.081632653061224,13.655172413793103,0.04081632653061224
2021,julio jones,Julio Jones,TEN,WR,48,31,434,1,64.58333333333334,5.460212765957447,2.427074285897147,12.073958333333337,3.9222580645161274,2.9311966030209287,0.9910614614951987,14.707711048230534,9.041666666666666,14,0.020833333333333332
2021,justin jefferson,Justin Jefferson,NA,WR,167,108,1616,10,64.67065868263472,5.664424242424243,2.979162932406609,12.33994011976048,4.73787037037037,3.95846814644729,0.7794022239230798,45.31017075112023,9.676646706586826,14.962962962962964,0.059880239520958084
2021,k j osborn,K.J. Osborn,MIN,WR,82,50,655,7,60.97560975609756,5.628552631578948,2.7642276002737436,10.492195121951218,3.898,3.4055439674080916,0.4924560325919085,18.91674398765209,7.987804878048781,13.1,0.08536585365853659
2021,kadarius toney,Kadarius Toney,NYG,WR,57,39,420,0,68.42105263157895,7.138979591836735,3.363215457039522,6.6992982456140355,6.1038461538461535,4.498181098648355,1.6056650551977985,9.173461200290198,7.368421052631579,10.76923076923077,0
2021,kalif raymond,Kalif Raymond,DET,WR,71,48,576,4,67.6056338028169,6.809130434782608,3.703546754644781,10.012957746478873,6.010625,5.449962812429114,0.5606621875708857,19.07946646627842,8.112676056338028,12,0.056338028169014086
2021,keelan cole,Keelan Cole,NYJ,WR,51,28,449,1,54.90196078431373,5.6126,2.657046183911194,13.666274509803921,3.201785714285713,2.0025349425243903,1.1992507717613226,16.294363671643953,8.803921568627452,16.035714285714285,0.0196078431372549
2021,keenan allen,Keenan Allen,NA,WR,157,106,1138,6,67.51592356687898,5.984397163120567,3.154428759718232,8.53248407643312,3.4380188679245283,3.834647703470501,-0.3966288355459726,26.599631465243355,7.248407643312102,10.735849056603774,0.03821656050955414
2021,kendrick bourne,Kendrick Bourne,NE,WR,70,55,800,5,78.57142857142857,6.433970588235293,3.298332501040528,8.481571428571426,7.117636363636364,4.389565524616543,2.7280708390198205,14.00345304193181,11.428571428571429,14.545454545454545,0.07142857142857142
2021,kenny golladay,Kenny Golladay,NYG,WR,76,37,521,0,48.68421052631579,5.979600000000001,1.7375851345858915,13.700263157894737,3.2489189189189185,3.4471065068891065,-0.19818758797018798,25.01333282084052,6.855263157894737,14.08108108108108,0
2021,laquon treadwell,Laquon Treadwell,JAX,WR,51,33,434,1,64.70588235294117,5.627551020408164,2.944829729854694,12.28,3.778484848484849,3.140774433491888,0.6377104149929607,13.310210275308915,8.509803921568627,13.151515151515152,0.0196078431372549
2021,laviska shenault,Laviska Shenault,JAX,WR,100,63,619,0,63,6.692584269662921,3.6496709514602172,5.762399999999999,6.566507936507937,4.834031740866362,1.732476195641575,12.246719628670894,6.19,9.825396825396826,0
2021,marquez callaway,Marquez Callaway,NO,WR,84,46,698,6,54.761904761904766,5.755180722891566,2.833434106805715,12.91095238095238,3.108695652173913,2.714443245554135,0.3942524066197781,28.706649655632432,8.30952380952381,15.173913043478262,0.07142857142857142
2021,marquez valdes scantling,Marquez Valdes-Scantling,GB,WR,55,26,430,3,47.27272727272727,5.941698113207546,2.3729497686210688,17.12690909090909,6.002307692307694,5.1158226488222445,0.8864850434854494,21.643467991342426,7.818181818181818,16.53846153846154,0.05454545454545454
2021,marquise brown,Marquise Brown,BAL,WR,146,91,1008,6,62.328767123287676,7.661544117647058,3.547443575365998,11.52013698630137,4.337032967032966,4.553452978384384,-0.21642001135141786,32.020850467574405,6.904109589041096,11.076923076923077,0.0410958904109589
2021,marvin jones,Marvin Jones,JAX,WR,120,73,832,4,60.83333333333333,6.125966386554622,2.4602012466168253,12.780666666666667,1.8457534246575344,2.614532536861155,-0.7687791122036207,32.59501069016379,6.933333333333334,11.397260273972602,0.03333333333333333
2021,mecole hardman,Mecole Hardman,KC,WR,83,59,693,2,71.08433734939759,6.82927536231884,4.122586127723884,7.163132530120483,8.750677966101694,6.538327236941041,2.2123507291606535,12.764038961512952,8.349397590361447,11.745762711864407,0.024096385542168676
2021,michael gallup,Michael Gallup,DAL,WR,62,35,445,2,56.451612903225815,5.278548387096774,2.3762068327001495,11.889354838709677,3.8068571428571416,3.3513052543688255,0.45555188848831607,14.354175064308903,7.17741935483871,12.714285714285714,0.03225806451612903
2021,mike evans,Mike Evans,NA,WR,114,74,1035,14,64.91228070175438,4.903839285714286,2.7433316341126144,13.117982456140346,3.576756756756757,3.6280638000979164,-0.05130704334115954,26.16037519658111,9.078947368421053,13.986486486486486,0.12280701754385964
2021,mike williams,Mike Williams,LAC,WR,129,76,1146,9,58.91472868217055,5.2667441860465125,2.4632850504922827,11.564651162790701,5.850263157894737,4.446411903093125,1.4038512548016122,29.622569576820446,8.883720930232558,15.078947368421053,0.06976744186046512
2021,nelson agholor,Nelson Agholor,NE,WR,64,37,473,3,57.8125,4.756031746031745,2.490758301129977,14.53828125,2.77918918918919,3.101571591354334,-0.322382402165144,21.9459212121498,7.390625,12.783783783783784,0.046875
2021,nico collins,Nico Collins,HOU,WR,60,33,448,1,55.00000000000001,5.288500000000001,2.360439686621562,11.310166666666666,3.731818181818182,3.407342215413615,0.3244759664045671,17.506462281430416,7.466666666666667,13.575757575757576,0.016666666666666666
2021,olamide zaccheaus,Olamide Zaccheaus,ATL,WR,53,31,406,3,58.490566037735846,6.504000000000001,2.454409475956601,9.651132075471699,3.087741935483871,2.6384069762309115,0.44933495925295963,12.646957742926865,7.660377358490566,13.096774193548388,0.05660377358490566
2021,quez watkins,Quez Watkins,PHI,WR,62,43,647,1,69.35483870967742,5.997636363636364,3.3748816275932096,12.328225806451615,6.040000000000001,4.238913016454524,1.8010869835454768,18.852357932123134,10.435483870967742,15.046511627906977,0.016129032258064516
2021,rashard higgins,Rashard Higgins,CLE,WR,47,24,275,1,51.06382978723404,6.292,2.7902344878836436,11.670638297872342,1.7587499999999994,2.244507042158325,-0.4857570421583255,13.409050351164971,5.851063829787234,11.458333333333334,0.02127659574468085
2021,rashod bateman,Rashod Bateman,BAL,WR,68,46,515,1,67.64705882352942,6.907272727272726,2.6628426843064412,9.174264705882353,3.8791304347826085,3.1370070981118117,0.7421233366707969,11.876884766517408,7.573529411764706,11.195652173913043,0.014705882352941176
2021,ray ray mccloud,Ray-Ray McCloud,PIT,WR,66,39,277,0,59.09090909090909,5.506610169491526,3.0799188070387933,6.19621212121212,3.05025641025641,3.270465886143322,-0.2202094758869122,9.371505307349624,4.196969696969697,7.102564102564102,0
2021,robert woods,Robert Woods,LA,WR,69,45,556,4,65.21739130434783,6.201515151515153,3.780679239585852,8.500144927536232,4.764222222222222,4.7187625349715425,0.045459687250679615,11.470687173389235,8.057971014492754,12.355555555555556,0.057971014492753624
2021,rondale moore,Rondale Moore,ARI,WR,64,54,435,1,84.375,7.957272727272727,5.663636697806378,1.1118749999999997,8.371296296296295,6.849621543283773,1.5216747530125225,1.6852615399918047,6.796875,8.055555555555555,0.015625
2021,russell gage,Russell Gage,ATL,WR,94,66,771,4,70.2127659574468,6.081358024691359,3.101704611897956,9.420744680851065,4.130606060606061,3.7133669675434318,0.4172390930626291,21.895003869423647,8.202127659574469,11.681818181818182,0.0425531914893617
2021,sammy watkins,Sammy Watkins,BAL,WR,49,27,394,1,55.10204081632652,5.891632653061224,3.069747674039801,12.666530612244898,4.462962962962961,3.883620931922595,0.5793420310403659,11.81615340095647,8.040816326530612,14.592592592592593,0.02040816326530612
2021,stefon diggs,Stefon Diggs,NA,WR,164,103,1225,10,62.80487804878049,5.056352201257862,2.654973991803642,11.615766871165647,3.2840776699029126,3.050578552535772,0.23349911736714057,35.393732065913305,7.469512195121951,11.893203883495145,0.06097560975609756
2021,sterling shepard,Sterling Shepard,NYG,WR,53,36,366,1,67.9245283018868,7.694693877551021,2.618812387855782,7.94811320754717,3.259722222222222,3.515493990423016,-0.25577176820079384,10.119731133457934,6.90566037735849,10.166666666666666,0.018867924528301886
2021,tee higgins,Tee Higgins,CIN,WR,110,74,1091,6,67.27272727272727,6.000733944954128,2.268951119376171,12.096818181818183,4.0082432432432435,2.9197578876309733,1.0884853556122702,30.46994680668363,9.918181818181818,14.743243243243244,0.05454545454545454
2021,terry mclaurin,Terry McLaurin,WAS,WR,130,77,1053,5,59.23076923076923,5.588487394957982,2.4483050759453833,13.354230769230767,4.13896103896104,3.265498465983591,0.873462572977449,41.67066719153553,8.1,13.675324675324676,0.038461538461538464
2021,tim patrick,Tim Patrick,DEN,WR,85,53,734,5,62.35294117647059,6.0382278481012674,2.7579117542053315,11.990235294117648,4.145849056603775,3.0891518377596427,1.0566972188441324,23.241977268166316,8.635294117647058,13.849056603773585,0.058823529411764705
2021,tre quan smith,Tre'Quan Smith,NO,WR,50,32,377,3,64,6.61,2.356899085133115,9.934800000000001,3.6821875000000004,2.7936857200944027,0.8885017799055976,13.148435390715576,7.54,11.78125,0.06
2021,tyler boyd,Tyler Boyd,CIN,WR,94,67,828,5,71.27659574468085,6.34407894736842,3.169977055618785,8.028936170212768,5.873432835820894,5.157607702295264,0.7158251335256294,17.28198869269926,8.808510638297872,12.35820895522388,0.05319148936170213
2021,tyler johnson,Tyler Johnson,TB,WR,55,36,360,0,65.45454545454545,5.903076923076924,2.920683237790749,8.002727272727274,4.076388888888889,3.42456444965433,0.6518244392345593,7.699681796633239,6.545454545454546,10,0
2021,tyler lockett,Tyler Lockett,SEA,WR,107,73,1175,8,68.22429906542055,6.986736842105263,3.2250078353518954,14.878037383177567,4.151780821917808,3.9310103380404793,0.22077048387732878,35.576527693352865,10.981308411214954,16.095890410958905,0.07476635514018691
2021,tyreek hill,Tyreek Hill,NA,WR,159,111,1239,9,69.81132075471697,6.119591836734694,3.5866316882727016,10.401132075471699,4.098198198198198,3.763652824775516,0.3345453734226824,35.5046125639501,7.7924528301886795,11.162162162162161,0.05660377358490566
2021,van jefferson,Van Jefferson,LA,WR,89,50,802,6,56.17977528089888,6.081379310344826,2.5438563258612215,13.629662921348315,4.6786,4.631354445990845,0.0472455540091552,23.724066714647797,9.01123595505618,16.04,0.06741573033707865
2021,zach pascal,Zach Pascal,IND,WR,69,38,384,3,55.072463768115945,6.0660655737704925,3.200508008891377,9.4168115942029,3.2584210526315793,3.407687024305554,-0.14926597167397482,16.25371159267663,5.565217391304348,10.105263157894736,0.043478260869565216
2021,zay jones,Zay Jones,LV,WR,70,47,546,1,67.14285714285714,7.063970588235294,3.3394613197323717,13.853,3.892553191489362,2.691524910029428,1.201028281459934,19.932783818783527,7.8,11.617021276595745,0.014285714285714285
2022,a j brown,A.J. Brown,PHI,WR,145,88,1496,11,60.689655172413794,5.582708333333335,2.6036546557724924,12.238344827586207,6.622954545454544,4.629289544457863,1.993665000996681,41.290154451833274,10.317241379310344,17,0.07586206896551724
2022,a j green,A.J. Green,ARI,WR,47,24,236,2,51.06382978723404,6.154893617021277,2.338413590720807,11.11127659574468,2.5091666666666668,1.752109092883744,0.7570575737829228,12.0069986986651,5.0212765957446805,9.833333333333334,0.0425531914893617
2022,adam thielen,Adam Thielen,MIN,WR,107,70,716,6,65.42056074766354,6.0571568627450985,2.7000781859567837,10.145233644859815,2.224142857142857,3.0810433476936585,-0.8569004905508013,22.2539750223454,6.691588785046729,10.228571428571428,0.056074766355140186
2022,alec pierce,Alec Pierce,IND,WR,78,41,593,2,52.56410256410257,6.146025641025642,1.9436413699632846,12.086410256410254,2.7909756097560976,2.4830225038245444,0.30795310593155323,24.38837623818726,7.602564102564102,14.463414634146341,0.02564102564102564
2022,allen lazard,Allen Lazard,GB,WR,100,60,788,6,60,5.217755102040816,2.6631272077367725,12.279600000000002,4.761166666666667,4.438444126897679,0.32272253976898835,28.46367633798704,7.88,13.133333333333333,0.06
2022,allen robinson,Allen Robinson,LA,WR,52,33,339,3,63.46153846153846,4.843653846153846,2.14428141218037,9.45903846153846,2.6190909090909096,3.001418481334705,-0.38232757224379554,13.64539235323165,6.519230769230769,10.272727272727273,0.057692307692307696
2022,amari cooper,Amari Cooper,CLE,WR,132,78,1160,9,59.09090909090909,5.725348837209302,2.471199962663058,12.869545454545458,4.034358974358974,3.3768823965510024,0.6574765778079716,38.70689910522851,8.787878787878787,14.871794871794872,0.06818181818181818
2022,amon ra st brown,Amon-Ra St. Brown,DET,WR,146,106,1161,6,72.6027397260274,6.477822580645161,3.1029682752208707,6.298082191780822,5.167641509433962,4.5428303858204355,0.6248111236135268,22.794192379295048,7.9520547945205475,10.952830188679245,0.0410958904109589
2022,ben skowronek,Ben Skowronek,LA,WR,61,39,376,0,63.934426229508205,7.234893617021277,3.378432049189742,7.495901639344261,3.9669230769230763,4.089147788652326,-0.12222471172924987,12.684968901366563,6.163934426229508,9.64102564102564,0
2022,brandin cooks,Brandin Cooks,HOU,WR,93,57,699,3,61.29032258064516,7.031910112359551,2.8550997149162085,10.937204301075269,3.876842105263157,4.476720792476406,-0.5998786872132484,24.34748472836599,7.516129032258065,12.263157894736842,0.03225806451612903
2022,brandon aiyuk,Brandon Aiyuk,SF,WR,114,78,1015,8,68.42105263157895,6.16557522123894,2.8892674173921553,9.861315789473686,4.9011538461538455,4.280629367267246,0.6205244788865993,32.635258120422336,8.903508771929825,13.012820512820513,0.07017543859649122
2022,ceedee lamb,CeeDee Lamb,DAL,WR,156,107,1359,9,68.58974358974359,6.55781690140845,3.074781935692017,10.271538461538464,4.824672897196263,4.031016109431396,0.793656787764867,35.42332639174438,8.711538461538462,12.700934579439252,0.057692307692307696
2022,chase claypool,Chase Claypool,CHI,WR,79,46,457,1,58.22784810126582,5.624933333333335,2.797708808789563,10.385569620253165,3.1415217391304346,3.255594393477846,-0.11407265434741154,25.34693474043226,5.784810126582278,9.934782608695652,0.012658227848101266
2022,chris godwin,Chris Godwin,TB,WR,142,104,1019,3,73.23943661971832,6.684656488549619,2.9848232734696025,5.770845070422537,5.2373076923076916,4.363654397404411,0.8736532949032805,16.14317796777117,7.176056338028169,9.798076923076923,0.02112676056338028
2022,chris moore,Chris Moore,HOU,WR,74,48,548,2,64.86486486486487,6.111111111111112,3.008335296461404,9.307297297297298,5.713125000000001,4.067874434938204,1.6452505650617963,16.48618371919343,7.405405405405405,11.416666666666666,0.02702702702702703
2022,chris olave,Chris Olave,NO,WR,119,72,1042,4,60.50420168067227,7.224000000000001,2.759257762631483,14.183529411764708,2.971388888888889,3.135672119540194,-0.16428323065130535,38.63607229842329,8.756302521008404,14.472222222222221,0.03361344537815126
2022,christian kirk,Christian Kirk,JAX,WR,133,84,1102,8,63.1578947368421,6.391999999999999,3.2314417583512403,9.479774436090224,4.684047619047618,4.826045938865478,-0.14199831981786026,29.668281686428887,8.285714285714286,13.119047619047619,0.06015037593984962
2022,christian watson,Christian Watson,GB,WR,66,41,611,7,62.121212121212125,6.1003448275862064,2.890829454703176,13.950909090909093,6.799999999999999,5.311347528173213,1.4886524718267857,21.342889528131977,9.257575757575758,14.902439024390244,0.10606060606060606
2022,cooper kupp,Cooper Kupp,LA,WR,98,75,812,6,76.53061224489795,6.469882352941177,3.2298062294451877,7.342040816326531,5.658266666666667,4.427833843307677,1.2304328233589903,19.96082848313017,8.285714285714286,10.826666666666666,0.061224489795918366
2022,corey davis,Corey Davis,NYJ,WR,64,32,536,2,50,6.66890625,2.3243764320212215,13.84671875,3.9040625,2.808204067126588,1.095858432873412,17.928253806408275,8.375,16.75,0.03125
2022,courtland sutton,Courtland Sutton,DEN,WR,109,64,829,2,58.71559633027523,5.756944444444445,2.6589590762681605,12.636422018348624,2.2806250000000006,2.770052886500677,-0.4894278865006765,29.217160736066187,7.605504587155964,12.953125,0.01834862385321101
2022,curtis samuel,Curtis Samuel,WAS,WR,92,64,656,4,69.56521739130434,6.749390243902438,3.4912978851453222,7.005978260869566,4.673906250000001,3.827664859592801,0.8462413904071999,14.404671712939068,7.130434782608695,10.25,0.043478260869565216
2022,d j moore,D.J. Moore,CAR,WR,118,63,892,7,53.38983050847458,6.716434782608696,2.8019472409594113,13.237203389830508,3.3926984126984125,3.3155648303323897,0.07713358236602286,48.7409039280053,7.559322033898305,14.158730158730158,0.059322033898305086
2022,darius slayton,Darius Slayton,NYG,WR,71,46,724,2,64.7887323943662,6.734782608695651,2.5451484224755907,12.289436619718307,5.936956521739131,4.457593213961872,1.479363307777259,27.93152127635735,10.19718309859155,15.73913043478261,0.028169014084507043
2022,darnell mooney,Darnell Mooney,CHI,WR,61,40,493,2,65.57377049180327,6.525862068965517,3.579335805562361,11.678196721311476,4.526750000000001,4.459485682535883,0.06726431746411787,22.007649246814868,8.081967213114755,12.325,0.03278688524590164
2022,davante adams,Davante Adams,LV,WR,180,100,1516,14,55.55555555555556,5.549885057471265,2.9486018846777635,12.116833333333334,5.185599999999999,4.617899138975443,0.567700861024556,41.77098096296013,8.422222222222222,15.16,0.07777777777777778
2022,deandre carter,DeAndre Carter,LAC,WR,65,46,538,3,70.76923076923077,6.844035087719298,3.286056532949389,8.689076923076923,5.212173913043479,4.853308987790785,0.35886492525269365,12.491070539969705,8.276923076923078,11.695652173913043,0.046153846153846156
2022,deandre hopkins,DeAndre Hopkins,ARI,WR,96,64,717,3,66.66666666666666,6.912826086956521,2.8099471651423453,9.9125,2.94578125,2.9241551045618883,0.0216261454381117,21.878980452386322,7.46875,11.203125,0.03125
2022,deebo samuel,Deebo Samuel,SF,WR,94,56,632,2,59.57446808510638,6.698356164383562,3.582165655251973,4.337021276595746,8.999464285714284,6.4232279295587125,2.5762363561555714,11.834958530616513,6.723404255319149,11.285714285714286,0.02127659574468085
2022,demarcus robinson,Demarcus Robinson,BAL,WR,75,48,458,2,64,7.038000000000002,2.9752947975297497,9.250133333333334,3.3335416666666675,3.0606059086400097,0.2729357580266578,17.534024995892995,6.1066666666666665,9.541666666666666,0.02666666666666667
2022,devante parker,DeVante Parker,NE,WR,47,31,539,3,65.95744680851064,4.207659574468085,1.7292110932998248,15.663829787234043,4.1009677419354835,2.8109387052517145,1.290029036683769,18.663300073010465,11.46808510638298,17.387096774193548,0.06382978723404255
2022,devin duvernay,Devin Duvernay,BAL,WR,49,37,407,3,75.51020408163265,7.132444444444444,3.35542421137511,9.924489795918369,4.678108108108107,4.352525534683977,0.3255825734241302,12.290700466303567,8.306122448979592,11,0.061224489795918366
2022,devonta smith,DeVonta Smith,PHI,WR,136,95,1210,7,69.85294117647058,6.496821705426357,2.9366545396199824,9.867647058823529,5.235157894736842,4.72534485379332,0.5098130409435218,31.225423358105814,8.897058823529411,12.736842105263158,0.051470588235294115
2022,diontae johnson,Diontae Johnson,PIT,WR,147,86,882,0,58.50340136054422,5.304652777777778,2.820296642406143,10.566802721088436,2.5840697674418602,2.725778079087956,-0.14170831164609599,33.61487839028074,6,10.255813953488373,0
2022,donovan peoples jones,Donovan Peoples-Jones,CLE,WR,96,61,839,3,63.541666666666664,5.684315789473684,2.5061793617866015,12.1615625,3.159508196721311,3.471111970786795,-0.311603774065484,26.601850607109412,8.739583333333334,13.754098360655737,0.03125
2022,drake london,Drake London,ATL,WR,117,72,866,4,61.53846153846154,7.006909090909091,2.5471164237012642,10.836324786324786,3.303194444444445,3.2668157009909624,0.0363787434534828,32.699891417326285,7.401709401709402,12.027777777777779,0.03418803418803419
2022,elijah moore,Elijah Moore,NYJ,WR,65,37,450,1,56.92307692307692,6.121475409836064,3.1008574073609885,12.029999999999998,2.776756756756757,3.069804724633875,-0.29304796787711807,15.819404488790154,6.923076923076923,12.162162162162161,0.015384615384615385
2022,garrett wilson,Garrett Wilson,NYJ,WR,147,83,1103,4,56.4625850340136,5.844042553191489,2.633355710021772,10.70312925170068,4.967831325301205,3.927964203493184,1.039867121808021,31.830191503910587,7.503401360544218,13.289156626506024,0.027210884353741496
2022,george pickens,George Pickens,PIT,WR,84,52,801,4,61.904761904761905,4.730952380952381,2.3704907088551113,14.758928571428571,2.3625000000000007,1.7678520125127142,0.5946479874872865,26.82901493855132,9.535714285714286,15.403846153846153,0.047619047619047616
2022,greg dortch,Greg Dortch,ARI,WR,64,52,467,2,81.25,7.3021666666666665,4.227482851265514,4.4415625,6.070000000000001,4.930360148193406,1.1396398518065949,6.535644160776939,7.296875,8.98076923076923,0.03125
2022,hunter renfrow,Hunter Renfrow,LV,WR,50,36,330,2,72,6.180851063829787,3.075739864737292,6.504999999999999,4.167222222222223,4.236986591440543,-0.06976436921832008,6.229172252652545,6.6,9.166666666666666,0.04
2022,isaiah hodgins,Isaiah Hodgins,NYG,WR,48,37,392,4,77.08333333333334,6.70191489361702,2.8115727274069564,9.052083333333334,2.8908108108108106,2.8361500754824363,0.054660735328374344,13.908940455649846,8.166666666666666,10.594594594594595,0.08333333333333333
2022,isaiah mckenzie,Isaiah McKenzie,BUF,WR,65,42,423,4,64.61538461538461,4.942586206896552,3.345523539891503,8.413384615384615,3.2676190476190476,3.5769900289602456,-0.309370981341198,10.569905524716651,6.507692307692308,10.071428571428571,0.06153846153846154
2022,ja marr chase,Ja'Marr Chase,CIN,WR,134,87,1046,9,64.92537313432835,5.509212598425196,2.602489956679346,9.548507462686569,4.8278160919540225,3.1303416515912215,1.697474440362801,29.95189437831386,7.8059701492537314,12.022988505747126,0.06716417910447761
2022,jahan dotson,Jahan Dotson,WAS,WR,61,35,523,7,57.377049180327866,5.9905,2.7821913681191486,14.69344262295082,4.276285714285715,3.6593493643540067,0.616936349931708,20.03088551129825,8.573770491803279,14.942857142857143,0.11475409836065574
2022,jakobi meyers,Jakobi Meyers,NE,WR,96,67,804,6,69.79166666666666,5.635232558139534,3.024350821870904,9.714375000000002,3.934925373134328,4.534393251732921,-0.5994678785985932,23.641701143830616,8.375,12,0.0625
2022,jauan jennings,Jauan Jennings,SF,WR,56,35,416,1,62.5,6.23811320754717,3.53274118862366,8.280714285714287,5.097142857142856,3.8916911562019956,1.2054517009408605,13.461800848257182,7.428571428571429,11.885714285714286,0.017857142857142856
2022,jaylen waddle,Jaylen Waddle,MIA,WR,117,75,1356,8,64.1025641025641,5.762123893805309,2.9652117293459694,11.98940170940171,7.2046666666666654,4.382012739320711,2.8226539273459545,27.223098763203907,11.58974358974359,18.08,0.06837606837606838
2022,jerry jeudy,Jerry Jeudy,DEN,WR,100,67,972,6,67,6.460978260869565,3.6899449233771056,11.5622,6.304029850746269,5.197485518942161,1.1065443318041082,24.52606459139843,9.72,14.507462686567164,0.06
2022,josh palmer,Josh Palmer,LAC,WR,107,72,769,3,67.28971962616822,6.307941176470588,3.4635611913344766,8.719065420560748,3.581944444444445,3.6056670970214872,-0.023722652577042425,20.633189945925633,7.186915887850467,10.680555555555555,0.028037383177570093
2022,josh reynolds,Josh Reynolds,DET,WR,59,38,479,3,64.40677966101694,6.922280701754387,2.781045549895267,12.682372881355928,3.1207894736842103,3.0119767138786075,0.10881275980560279,18.548788922189082,8.11864406779661,12.605263157894736,0.05084745762711865
2022,juju smith schuster,JuJu Smith-Schuster,KC,WR,101,78,933,3,77.22772277227723,5.703020833333333,3.3265782560314987,7.357920792079208,6.102948717948719,4.320394501115351,1.7825542168333675,16.29211143045681,9.237623762376238,11.961538461538462,0.0297029702970297
2022,justin jefferson,Justin Jefferson,MIN,WR,184,128,1809,8,69.56521739130434,5.432613636363636,3.094315914232406,10.342228260869566,5.051015625,4.10653126895733,0.9444843560426701,39.01159501102919,9.831521739130435,14.1328125,0.043478260869565216
2022,k j osborn,K.J. Osborn,MIN,WR,90,60,650,5,66.66666666666666,6.229090909090909,3.366566119250483,8.313777777777778,5.245333333333332,4.429919410564485,0.8154139227688475,15.33919917342495,7.222222222222222,10.833333333333334,0.05555555555555555
2022,kalif raymond,Kalif Raymond,DET,WR,64,47,616,0,73.4375,7.091551724137932,3.143329748506889,9.74203125,4.953404255319149,5.845250096235961,-0.8918458409168117,15.455836748049709,9.625,13.106382978723405,0
2022,keenan allen,Keenan Allen,LAC,WR,89,66,752,4,74.15730337078652,6.087625000000001,3.561398633532926,8.405730337078651,4.08060606060606,4.640409387866622,-0.5598033272605623,16.545432429144878,8.44943820224719,11.393939393939394,0.0449438202247191
2022,kendrick bourne,Kendrick Bourne,NE,WR,48,35,434,1,72.91666666666666,6.980425531914893,3.4368221152376948,9.989166666666668,4.2291428571428575,3.638273914945884,0.5908689421969737,12.155228360509449,9.041666666666666,12.4,0.020833333333333332
2022,mack hollins,Mack Hollins,LV,WR,94,57,690,4,60.63829787234043,6.590322580645163,2.996536330566694,12.68212765957447,3.5035087719298246,3.111759026306293,0.3917497456235317,22.831424522158812,7.340425531914893,12.105263157894736,0.0425531914893617
2022,marquez valdes scantling,Marquez Valdes-Scantling,KC,WR,81,42,687,2,51.85185185185185,6.366025641025641,2.8326130121571196,13.94246913580247,3.3780952380952387,4.419107004579358,-1.041011766484119,24.758572458954582,8.481481481481481,16.357142857142858,0.024691358024691357
2022,marquise brown,Marquise Brown,ARI,WR,107,67,709,3,62.616822429906534,6.8048,3.3356818473589986,10.924018691588786,3.777014925373135,3.824110657202627,-0.04709573182949223,26.874405087621696,6.626168224299065,10.582089552238806,0.028037383177570093
2022,marvin jones,Marvin Jones,JAX,WR,81,46,529,3,56.79012345679012,5.868000000000001,2.0546859109491464,13.524691358024691,2.3147826086956518,2.548189269598273,-0.23340666090262108,25.778350891476787,6.530864197530864,11.5,0.037037037037037035
2022,michael gallup,Michael Gallup,DAL,WR,74,39,424,4,52.702702702702695,6.088243243243243,2.3976046169568153,11.69391891891892,2.961025641025641,2.9949724667416318,-0.03394682571599095,19.13026753856561,5.72972972972973,10.871794871794872,0.05405405405405406
2022,mike evans,Mike Evans,TB,WR,127,77,1124,6,60.629921259842526,5.703577235772357,2.594674022537763,13.445118110236221,3.294545454545454,2.8549764248872758,0.43956902965817823,33.637957527284186,8.850393700787402,14.597402597402597,0.047244094488188976
2022,mike williams,Mike Williams,LAC,WR,93,63,895,4,67.74193548387096,5.426989247311829,2.819758358696051,12.2152688172043,5.337460317460318,4.397326919597082,0.940133397863236,25.12457011423075,9.623655913978494,14.206349206349206,0.043010752688172046
2022,nelson agholor,Nelson Agholor,NE,WR,53,31,362,2,58.490566037735846,6.110196078431372,3.3540598383855267,11.722075471698114,5.081612903225807,4.148897220683461,0.9327156825423462,15.749726210756872,6.830188679245283,11.67741935483871,0.03773584905660377
2022,nico collins,Nico Collins,HOU,WR,66,37,481,2,56.060606060606055,5.8990909090909085,2.9005587279897145,11.908181818181818,4.158648648648648,3.835576415295732,0.3230722333529159,18.81283391738956,7.287878787878788,13,0.030303030303030304
2022,noah brown,Noah Brown,DAL,WR,74,43,555,3,58.108108108108105,6.786388888888889,2.351979024894406,11.293783783783784,3.049767441860465,2.767250334185014,0.2825171076754507,18.475680120969347,7.5,12.906976744186046,0.04054054054054054
2022,olamide zaccheaus,Olamide Zaccheaus,ATL,WR,61,40,533,3,65.57377049180327,6.684313725490195,3.3029839034497,11.448852459016393,5.010999999999998,4.354841828480309,0.6561581715196896,18.01234386404727,8.737704918032787,13.325,0.04918032786885246
2022,parris campbell,Parris Campbell,IND,WR,91,63,623,3,69.23076923076923,6.495058823529409,3.5060415038812813,6.421428571428571,4.54936507936508,4.0175685761639945,0.5317965032010852,15.11694386022098,6.846153846153846,9.88888888888889,0.03296703296703297
2022,quez watkins,Quez Watkins,PHI,WR,51,33,354,3,64.70588235294117,7.046744186046511,3.5614518785359994,9.386862745098039,4.673939393939394,6.152144322365725,-1.4782049284263312,11.139006649944855,6.9411764705882355,10.727272727272727,0.058823529411764705
2022,randall cobb,Randall Cobb,GB,WR,50,34,417,1,68,5.99139534883721,2.8815060537327275,9.688600000000001,5.526470588235293,4.114972755529478,1.4114978327058152,11.22891521581408,8.34,12.264705882352942,0.02
2022,richie james,Richie James,NYG,WR,70,57,569,4,81.42857142857143,6.744999999999999,3.1903275387012253,7.174857142857144,3.308596491228071,4.102729336694177,-0.7941328454661054,16.077390689172795,8.128571428571428,9.982456140350877,0.05714285714285714
2022,robert woods,Robert Woods,TEN,WR,91,53,527,2,58.24175824175825,6.918292682926829,2.7537809768196464,8.652857142857142,2.974339622641509,2.9005457125498744,0.07379391009163472,22.845197753226245,5.791208791208791,9.943396226415095,0.02197802197802198
2022,romeo doubs,Romeo Doubs,GB,WR,67,42,425,3,62.68656716417911,6.419682539682539,3.348993098873621,9.23134328358209,4.848333333333334,4.711694961000636,0.1366383723326976,14.336610162419769,6.343283582089552,10.119047619047619,0.04477611940298507
2022,rondale moore,Rondale Moore,ARI,WR,56,41,414,1,73.21428571428571,7.497959183673469,3.8327139788323796,5.265535714285714,7.124390243902438,5.373338158953026,1.7510520849494116,6.779586975614917,7.392857142857143,10.097560975609756,0.017857142857142856
2022,russell gage,Russell Gage,TB,WR,70,51,426,5,72.85714285714285,7.0065625,3.3276377794921714,5.930285714285716,3.5082352941176462,4.048322118103929,-0.5400868239862828,8.177770773413185,6.085714285714285,8.352941176470589,0.07142857142857142
2022,stefon diggs,Stefon Diggs,BUF,WR,154,108,1429,11,70.12987012987013,5.359929078014184,2.828388766050926,11.616038961038964,4.1161111111111115,3.3569227903771095,0.759188320734002,34.57528644101867,9.279220779220779,13.231481481481481,0.07142857142857142
2022,tee higgins,Tee Higgins,CIN,WR,109,74,1029,7,67.88990825688074,5.7642592592592585,2.543515705121587,11.31954128440367,3.944324324324325,3.179018081278591,0.765306243045734,28.88280253286048,9.440366972477063,13.905405405405405,0.06422018348623854
2022,terrace marshall,Terrace Marshall,CAR,WR,47,28,490,1,59.57446808510638,5.102391304347826,2.581705838573924,12.461914893617022,5.697500000000001,4.456214233557595,1.241285766442406,18.276707814820828,10.425531914893616,17.5,0.02127659574468085
2022,terry mclaurin,Terry McLaurin,WAS,WR,120,77,1191,5,64.16666666666667,6.247777777777777,2.4726463000932486,13.033999999999999,5.177922077922077,4.123595806690196,1.054326271231881,34.95471093440965,9.925,15.467532467532468,0.041666666666666664
2022,trent sherfield,Trent Sherfield,MIA,WR,51,30,417,2,58.82352941176471,5.9,2.864272470289376,10.474901960784313,5.112666666666668,3.0546211603171924,2.058045506349475,10.367506787532287,8.176470588235293,13.9,0.0392156862745098
2022,treylon burks,Treylon Burks,TEN,WR,54,33,444,1,61.111111111111114,7.1043396226415085,3.1167939277387027,11.25574074074074,5.389393939393939,4.329049907784465,1.0603440316094739,17.63444666233404,8.222222222222221,13.454545454545455,0.018518518518518517
2022,tyler boyd,Tyler Boyd,CIN,WR,82,58,762,5,70.73170731707317,5.09611111111111,2.7046388866001694,9.414512195121953,4.472241379310344,3.452727490466085,1.0195138888442594,18.07156150145722,9.292682926829269,13.137931034482758,0.06097560975609756
2022,tyler lockett,Tyler Lockett,SEA,WR,117,84,1033,9,71.7948717948718,7.531454545454545,3.5437860450145537,10.93991452991453,3.368571428571429,4.229633691532824,-0.8610622629613944,29.014854593635174,8.82905982905983,12.297619047619047,0.07692307692307693
2022,tyquan thornton,Tyquan Thornton,NE,WR,45,22,247,2,48.888888888888886,5.939555555555557,3.147385115001464,13.993333333333332,3.2613636363636362,4.386157325720117,-1.1247936893564812,15.963433925529321,5.488888888888889,11.227272727272727,0.044444444444444446
2022,tyreek hill,Tyreek Hill,MIA,WR,170,119,1710,7,70,6.379797297297297,3.3101329104494246,12.171117647058821,4.331092436974789,4.085669471703847,0.24542296527094187,40.154439405142405,10.058823529411764,14.369747899159664,0.041176470588235294
2022,zay jones,Zay Jones,JAX,WR,121,82,834,5,67.76859504132231,6.598290598290596,3.540296186865175,8.533223140495867,3.9345121951219513,3.9363979738126296,-0.001885778690678297,24.29636044040859,6.892561983471074,10.170731707317072,0.04132231404958678
2023,a j brown,A.J. Brown,PHI,WR,158,106,1456,7,67.08860759493672,6.579358974358975,2.436500003793638,12.156582278481013,4.522075471698113,2.754841859450974,1.7672336122471388,41.787284590131115,9.2151898734177209,13.735849056603774,0.04430379746835443
2023,adam thielen,Adam Thielen,CAR,WR,137,103,1014,4,75.18248175182481,6.30520325203252,2.88760037104662,7.6350364963503665,3.4421359223300967,4.513196068744899,-1.0710601464148026,26.349465453482875,7.401459854014599,9.844660194174757,0.029197080291970802
2023,alec pierce,Alec Pierce,IND,WR,65,32,514,2,49.23076923076923,6.241076923076923,2.1531582713154367,15.014923076923077,3.371249999999999,3.4087338932165405,-0.03748389321654155,23.733466919247807,7.907692307692308,16.0625,0.03076923076923077
2023,allen lazard,Allen Lazard,NYJ,WR,49,23,311,1,46.93877551020408,6.3046938775510215,2.209960657840716,12.02795918367347,2.4143478260869577,2.301296873140357,0.11305095294660061,15.389214989973263,6.346938775510204,13.521739130434783,0.02040816326530612
2023,allen robinson,Allen Robinson,PIT,WR,48,33,273,0,68.75,6.691276595744681,2.5720438307195455,7.605,2.1799999999999997,2.3026620394752637,-0.122662039475264,10.025321461723948,5.6875,8.272727272727273,0
2023,amari cooper,Amari Cooper,CLE,WR,128,72,1250,5,56.25,5.39536,2.1661048539902095,14.031640625000001,4.271666666666667,2.654604355379979,1.6170623112866882,35.06430880722197,9.765625,17.36111111111111,0.0390625
2023,amon ra st brown,Amon-Ra St. Brown,DET,WR,164,119,1515,10,72.5609756097561,6.702364864864865,3.2143896515204062,7.6571341463414635,5.752268907563025,4.702549366044615,1.0497195415184093,31.26979621107991,9.237804878048781,12.731092436974789,0.06097560975609756
2023,brandin cooks,Brandin Cooks,DAL,WR,81,54,657,8,66.66666666666666,6.225844155844156,2.6307468618744485,13.360875000000002,2.42037037037037,2.5458696226366526,-0.12549925226628256,22.29520438365765,8.11111111111111,12.166666666666666,0.09876543209876543
2023,brandon aiyuk,Brandon Aiyuk,SF,WR,105,75,1342,7,71.42857142857143,5.748058252427185,2.895383651341387,14.090095238095241,5.1179999999999986,3.2573604113830474,1.8606395886169511,37.60166321011752,12.780952380952382,17.893333333333334,0.06666666666666667
2023,calvin ridley,Calvin Ridley,JAX,WR,136,76,1016,8,55.88235294117647,5.580962962962964,2.2906645676241943,13.753235294117646,2.7048684210526317,3.136831703162853,-0.4319632821102215,38.02302392854166,7.470588235294118,13.368421052631579,0.058823529411764705
2023,ceedee lamb,CeeDee Lamb,DAL,WR,181,135,1749,12,74.58563535911603,5.5458181818181815,2.710044245469009,9.6685635359116,5.220222222222222,4.466668216701805,0.7535540055204164,36.502877453240075,9.662983425414364,12.955555555555556,0.06629834254143646
2023,chris godwin,Chris Godwin,TB,WR,130,83,1024,2,63.84615384615384,6.940731707317076,2.9221610769328694,9.345615384615385,4.781927710843373,4.131302451876124,0.6506252589672492,25.63841214170101,7.876923076923077,12.337349397590362,0.015384615384615385
2023,chris olave,Chris Olave,NO,WR,138,87,1123,5,63.04347826086957,6.290930232558139,2.9562174364804776,13.260652173913044,4.0537931034482755,4.314998608790422,-0.26120550534214626,37.148077098748516,8.13768115942029,12.908045977011493,0.036231884057971016
2023,christian kirk,Christian Kirk,JAX,WR,85,57,787,3,67.05882352941175,6.069625,3.1287428175873155,9.938823529411765,4.696666666666665,4.4858077150461195,0.2108589516205459,17.173419417266526,9.258823529411766,13.807017543859649,0.03529411764705882
2023,christian watson,Christian Watson,GB,WR,53,28,422,5,52.83018867924528,6.401,2.913774136445268,16.26811320754717,3.7060714285714296,1.8670894164674061,1.8389820121040235,17.90526228350708,7.962264150943396,15.071428571428571,0.09433962264150944
2023,cooper kupp,Cooper Kupp,LA,WR,95,59,737,5,62.10526315789474,7.09406976744186,3.3519765706679183,8.138842105263157,5.816610169491526,4.61507445529143,1.2015357142000962,18.019338645362616,7.757894736842105,12.491525423728813,0.05263157894736842
2023,courtland sutton,Courtland Sutton,DEN,WR,90,59,772,10,65.55555555555556,6.368977272727273,2.9192387594368774,12.706555555555555,3.080508474576272,3.186886052609805,-0.10637757803353276,32.0485945688423,8.577777777777778,13.084745762711865,0.1111111111111111
2023,curtis samuel,Curtis Samuel,WAS,WR,91,62,613,4,68.13186813186813,6.842162162162162,3.28831749243485,7.140659340659339,4.412741935483871,4.120330881905434,0.2924110535784372,14.589722979375006,6.736263736263736,9.887096774193548,0.04395604395604396
2023,d j moore,D.J. Moore,CHI,WR,136,96,1364,8,70.58823529411765,6.275075757575757,2.737857989088661,11.488823529411766,5.904062500000001,4.328296013823823,1.5757664861761782,41.50476281550665,10.029411764705882,14.208333333333334,0.058823529411764705
2023,darius slayton,Darius Slayton,NYG,WR,79,50,770,4,63.29113924050633,6.545,2.867353654183732,12.377468354430379,6.171200000000002,4.285543233297966,1.8856567667020352,27.502003965742727,9.746835443037975,15.4,0.05063291139240506
2023,darnell mooney,Darnell Mooney,CHI,WR,61,31,414,1,50.81967213114754,5.909999999999999,3.0754228055485706,10.59934426229508,6.174838709677419,4.722360336693859,1.4524783729835606,17.174824283186968,6.786885245901639,13.35483870967742,0.01639344262295082
2023,davante adams,Davante Adams,LV,WR,175,103,1144,8,58.857142857142854,5.252865497076024,2.551200385892476,10.426914285714286,3.4702912621359223,3.1265960632043384,0.34369519893158396,44.49101504401043,6.537142857142857,11.106796116504855,0.045714285714285714
2023,deandre hopkins,DeAndre Hopkins,TEN,WR,137,75,1057,7,54.74452554744526,5.7894656488549625,2.271084470396227,14.190510948905109,3.3619999999999997,3.5594040097784805,-0.19740400977848083,43.815641199008326,7.7153284671532845,14.093333333333334,0.051094890510948905
2023,deebo samuel,Deebo Samuel,SF,WR,89,60,892,7,67.41573033707866,6.773552631578947,3.6988329008754164,6.787640449438203,8.8665,4.939954389052084,3.926545610947916,15.35368630799886,10.02247191011236,14.866666666666667,0.07865168539325842
2023,demario douglas,Demario Douglas,NE,WR,79,49,561,0,62.0253164556962,6.782602739726027,3.0733747606638384,8.114810126582277,6.970204081632653,6.969532827809275,6.712538233779597e-4,16.31711302630306,7.10126582278481,11.448979591836734,0
2023,devante parker,DeVante Parker,NE,WR,55,33,394,0,60,5.841272727272728,1.994365960655412,10.968363636363636,4.203333333333333,3.882395272665118,0.3209380606682153,15.354737554787443,7.163636363636364,11.93939393939394,0
2023,devonta smith,DeVonta Smith,PHI,WR,112,81,1066,7,72.32142857142857,6.725047619047618,2.8183215114185023,12.455892857142858,3.58246913580247,3.3807397849825884,0.20172935081988141,30.350682153913766,9.517857142857142,13.160493827160494,0.0625
2023,diontae johnson,Diontae Johnson,PIT,WR,87,51,710,5,58.620689655172406,6.955529411764705,2.9033799106617955,12.482298850574711,5.040196078431372,3.993679082424847,1.0465169960065253,29.82439758539814,8.160919540229886,13.92156862745098,0.05747126436781609
2023,dontayvion wicks,Dontayvion Wicks,GB,WR,58,39,581,4,67.24137931034483,7.1657142857142855,3.1723428820324013,10.272758620689654,5.646923076923078,3.491224749100244,2.155698327822834,12.373219254890557,10.017241379310345,14.897435897435898,0.06896551724137931
2023,drake london,Drake London,ATL,WR,110,69,905,2,62.727272727272734,6.327870370370371,2.2239363759101027,11.36718181818182,3.037101449275362,2.754265736881031,0.28283571239433103,30.04105932580059,8.227272727272727,13.115942028985508,0.01818181818181818
2023,elijah moore,Elijah Moore,CLE,WR,104,59,640,2,56.730769230769226,7.149148936170213,3.6944083650887194,11.010576923076922,3.5438983050847455,3.7462336709182105,-0.202335365833465,22.355803020600685,6.153846153846154,10.847457627118644,0.019230769230769232
2023,garrett wilson,Garrett Wilson,NYJ,WR,168,95,1042,3,56.547619047619044,5.552670807453415,2.4560430800553723,10.21154761904762,3.5825263157894733,3.1155671375856677,0.4669591782038056,44.794974097593595,6.2023809523809526,10.968421052631578,0.017857142857142856
2023,george pickens,George Pickens,PIT,WR,106,63,1140,5,59.43396226415094,5.0578095238095235,2.270821970280402,13.19,6.6466666666666665,3.7060502696805933,2.9406163969860732,38.39799185978172,10.754716981132075,18.095238095238095,0.04716981132075472
2023,ja marr chase,Ja'Marr Chase,CIN,WR,145,100,1216,7,68.96551724137932,5.9384732824427475,3.1961065643824584,8.601310344827585,5.5698,4.346315288918142,1.2234847110818583,33.24457025877235,8.386206896551725,12.16,0.04827586206896552
2023,jahan dotson,Jahan Dotson,WAS,WR,83,49,518,4,59.036144578313255,7.126538461538462,2.586194076625611,9.839397590361447,2.3300000000000005,2.868707727311854,-0.5387077273118535,18.336394376063698,6.240963855421687,10.571428571428571,0.04819277108433735
2023,jakobi meyers,Jakobi Meyers,LV,WR,106,71,807,8,66.98113207547169,7.315252525252526,2.7319104935965197,9.59179245283019,3.5307042253521126,3.664057657346567,-0.13335343199445449,24.79043230195304,7.613207547169812,11.366197183098592,0.07547169811320754
2023,jaxon smith njigba,Jaxon Smith-Njigba,SEA,WR,93,63,628,4,67.74193548387096,7.028426966292136,3.7858879094775504,6.213440860215052,5.916190476190475,5.616324505481724,0.2998659707087512,13.533706036241336,6.752688172043011,9.968253968253968,0.043010752688172046
2023,jayden reed,Jayden Reed,GB,WR,94,64,793,8,68.08510638297872,6.5816470588235285,3.444667961961241,9.965851063829785,5.59359375,5.308712973978235,0.2848807760217653,19.454043277816996,8.436170212765957,12.390625,0.0851063829787234
2023,jaylen waddle,Jaylen Waddle,MIA,WR,104,72,1014,4,69.23076923076923,6.708163265306122,3.422396920632551,10.001923076923077,6.176111111111111,5.0442734680156995,1.1318376430954116,24.382411472531697,9.75,14.083333333333334,0.038461538461538464
2023,jerry jeudy,Jerry Jeudy,DEN,WR,87,54,758,2,62.06896551724138,7.224875,3.6293528534451753,12.650574712643676,6.215000000000002,5.317385990388565,0.8976140096114369,30.843819185606584,8.71264367816092,14.037037037037036,0.022988505747126436
2023,jonathan mingo,Jonathan Mingo,CAR,WR,85,43,418,0,50.588235294117645,6.17345238095238,2.76853596969463,10.28376470588235,3.695813953488373,4.364936336585179,-0.6691223830968065,22.01968904607881,4.91764705882353,9.720930232558139,0
2023,jordan addison,Jordan Addison,MIN,WR,108,70,911,10,64.81481481481481,6.434134615384616,2.7593986201497493,12.408148148148147,3.8542857142857136,2.4167099140357435,1.4375758002499701,28.132669106085313,8.435185185185185,13.014285714285714,0.09259259259259259
2023,josh downs,Josh Downs,IND,WR,98,68,771,2,69.38775510204081,6.0894318181818186,3.252041622825177,6.937244897959182,5.655147058823529,5.0905534744864145,0.5645935843371142,16.53247280659305,7.86734693877551,11.338235294117647,0.02040816326530612
2023,josh palmer,Josh Palmer,LAC,WR,61,38,581,2,62.295081967213115,6.777894736842107,2.610418173436483,11.401803278688522,5.628947368421053,5.063283970482872,0.5656633979381809,14.76099418270261,9.524590163934427,15.289473684210526,0.03278688524590164
2023,josh reynolds,Josh Reynolds,DET,WR,64,40,608,5,62.5,5.765,2.4974598711844074,11.148124999999999,4.96475,4.0006322476732,0.9641177523268007,17.766290165142735,9.5,15.2,0.078125
2023,juju smith schuster,JuJu Smith-Schuster,NE,WR,47,29,260,1,61.702127659574465,7.014888888888888,2.4220562074219356,7.197872340425533,3.3879310344827585,4.099745854290936,-0.7118148198081777,8.6107279030345,5.531914893617022,8.96551724137931,0.02127659574468085
2023,justin jefferson,Justin Jefferson,MIN,WR,100,68,1074,5,68,6.570744680851064,2.7057248300904826,12.523399999999999,4.1061764705882355,3.517767338649681,0.5884091319385547,26.29071908267781,10.74,15.794117647058824,0.05
2023,justin watson,Justin Watson,KC,WR,52,26,449,3,50,6.009183673469387,2.480391722434109,17.542307692307695,2.281153846153846,3.2326761635915813,-0.9515223174377354,23.362547188657313,8.634615384615385,17.26923076923077,0.057692307692307696
2023,k j osborn,K.J. Osborn,MIN,WR,75,48,540,3,64,5.884931506849315,3.273960466134413,8.998666666666667,3.967708333333334,3.734539317801738,0.23316901553159575,14.168361873691854,7.2,11.25,0.04
2023,keenan allen,Keenan Allen,LAC,WR,150,108,1243,7,72,6.78274074074074,3.0652255961221413,9.456199999999999,4.035740740740741,3.919318986116947,0.11642175462379445,30.103718104083143,8.286666666666667,11.50925925925926,0.04666666666666667
2023,kendrick bourne,Kendrick Bourne,NE,WR,55,37,406,4,67.27272727272727,7.143272727272727,2.7471220936956757,10.090000000000002,5.406756756756757,3.793554141119025,1.6132026156377326,14.125106266003534,7.381818181818182,10.972972972972974,0.07272727272727272
2023,khalil shakir,Khalil Shakir,BUF,WR,45,39,611,2,86.66666666666667,5.6899999999999995,3.5099802895777232,8.300222222222223,7.648717948717947,4.607449878110796,3.041268070607151,7.976483351271933,13.577777777777778,15.666666666666666,0.044444444444444446
2023,marquise brown,Marquise Brown,ARI,WR,101,51,574,4,50.495049504950494,6.064591836734693,2.5148956893887444,11.86178217821782,3.385294117647059,3.803695691253705,-0.4184015736066464,30.485021361703634,5.683168316831683,11.254901960784315,0.039603960396039604
2023,michael gallup,Michael Gallup,DAL,WR,57,34,418,2,59.64912280701754,6.134736842105264,2.3062134999520603,10.862105263157893,3.130588235294118,2.9070451469240584,0.22354308837005954,12.914435658309987,7.333333333333333,12.294117647058824,0.03508771929824561
2023,michael thomas,Michael Thomas,NO,WR,64,39,448,1,60.9375,5.113833333333333,1.9965129264071915,10.17125,2.8933333333333326,2.5124562542642357,0.38087707906909696,13.214376338519942,7,11.487179487179487,0.015625
2023,michael wilson,Michael Wilson,ARI,WR,57,37,561,3,64.91228070175438,6.301454545454545,2.6488132385599372,12.617894736842105,3.9810810810810797,2.8111865367577447,1.169894544323335,18.301089332379963,9.842105263157896,15.162162162162161,0.05263157894736842
2023,mike evans,Mike Evans,TB,WR,136,79,1255,13,58.08823529411765,6.5689473684210515,2.370892184852302,14.374999999999998,4.552784810126583,3.6714221989243585,0.8813626112022241,41.255953624509615,9.227941176470589,15.886075949367088,0.09558823529411764
2023,nelson agholor,Nelson Agholor,BAL,WR,45,35,381,4,77.77777777777779,6.395348837209302,3.5799465724612403,9.390000000000002,4.260000000000001,4.3074649168500185,-0.04746491685001786,10.325968754505622,8.466666666666667,10.885714285714286,0.08888888888888889
2023,nico collins,Nico Collins,HOU,WR,109,80,1297,8,73.39449541284404,5.8057943925233655,3.0195786656265766,11.175321100917433,7.0005,4.5269986945302385,2.473501305469761,24.06176480464916,11.899082568807339,16.2125,0.07339449541284404
2023,noah brown,Noah Brown,HOU,WR,55,33,567,2,60,6.723269230769231,3.1158447851991857,12.267272727272728,6.909090909090907,3.851183452361014,3.0579074567298936,13.327591690156709,10.309090909090909,17.181818181818183,0.03636363636363636
2023,puka nacua,Puka Nacua,LA,WR,160,105,1486,6,65.625,5.996315789473686,2.890085917127662,8.9824375,6.342952380952381,4.402659577029722,1.9402928039226595,33.49398376560574,9.2875,14.152380952380952,0.0375
2023,quentin johnston,Quentin Johnston,LAC,WR,67,38,431,2,56.71641791044776,6.0782089552238805,2.3844210874041636,13.080895522388062,3.8905263157894736,3.2215256877116474,0.6690006280778262,18.60049535104345,6.432835820895522,11.342105263157896,0.029850746268656716
2023,rashee rice,Rashee Rice,KC,WR,102,79,938,7,77.45098039215686,6.355957446808511,4.154307669667891,4.994411764705883,8.406455696202531,6.544876055216359,1.8615796409861725,13.0471195070354,9.196078431372548,11.873417721518987,0.06862745098039216
2023,rashid shaheed,Rashid Shaheed,NO,WR,75,46,719,5,61.33333333333333,6.603750000000001,2.821496012206108,14.519866666666667,3.552826086956522,4.107798483661812,-0.55497239670528975,22.1063102016788,9.586666666666666,15.630434782608695,0.06666666666666667
2023,rashod bateman,Rashod Bateman,BAL,WR,56,32,367,1,57.14285714285714,5.542727272727273,2.5042399791084753,14.243035714285716,1.7765624999999996,2.2661838246674595,-0.4896213246674599,19.491411521195666,6.553571428571429,11.46875,0.017857142857142856
2023,robert woods,Robert Woods,HOU,WR,75,40,426,1,53.333333333333336,7.074848484848485,2.6228678300843162,9.988,3.3567500000000003,3.132723177813903,0.22402682218609726,14.797241640872075,5.68,10.65,0.013333333333333334
2023,romeo doubs,Romeo Doubs,GB,WR,96,59,674,8,61.458333333333336,5.904,2.7151352640385693,12.163854166666667,2.398644067796609,2.606293386064356,-0.2076493182677468,24.24990654981933,7.020833333333333,11.423728813559322,0.08333333333333333
2023,rondale moore,Rondale Moore,ARI,WR,62,40,352,1,64.51612903225806,7.297755102040817,4.4956080947627575,5.064838709677419,5.4735,5.674917814881669,-0.201417814881669,7.9904731127526425,5.67741935483871,8.8,0.016129032258064516
2023,stefon diggs,Stefon Diggs,BUF,WR,160,107,1183,8,66.875,5.956666666666667,2.8111488611452033,10.102187499999998,3.9614953271028037,3.6623475355368162,0.2991477915659875,34.517921514359415,7.39375,11.05607476635514,0.05
2023,tank dell,Tank Dell,HOU,WR,75,47,709,7,62.66666666666667,6.899866666666667,2.946577120404939,14.231333333333332,3.1906382978723404,2.97705863581291,0.21357966205943058,21.083748318495275,9.453333333333333,15.085106382978724,0.09333333333333334
2023,tee higgins,Tee Higgins,CIN,WR,76,42,656,5,55.26315789473685,5.940675675675675,2.3280172055338837,13.094078947368422,5.437380952380953,3.4750294206585552,1.9623515317223976,26.526298393201763,8.631578947368421,15.619047619047619,0.06578947368421052
2023,terry mclaurin,Terry McLaurin,WAS,WR,132,79,1002,4,59.84848484848485,5.750472440944881,2.6397086943460537,11.435151515151516,4.558987341772152,3.93883858413503,0.6201487576371219,33.8909071314063,7.590909090909091,12.683544303797468,0.030303030303030304
2023,trey palmer,Trey Palmer,TB,WR,68,39,385,3,57.35294117647059,6.416212121212121,3.070626674677751,10.158823529411766,3.0753846153846154,3.64057688110388,-0.5651922657192645,14.57780704031266,5.661764705882353,9.871794871794872,0.04411764705882353
2023,tutu atwell,Tutu Atwell,LA,WR,67,39,483,3,58.2089552238806,6.6187499999999995,2.612631787522305,11.21507462686567,2.6676923076923087,2.863889600831324,-0.19619729313901546,17.511751641267896,7.208955223880597,12.384615384615385,0.04477611940298507
2023,tyler boyd,Tyler Boyd,CIN,WR,98,67,667,2,68.36734693877551,6.135444444444444,3.093340407220002,6.739693877551019,4.486567164179106,3.419008793415187,1.0675583707639187,17.605742677712737,6.8061224489795915,9.955223880597014,0.02040816326530612
2023,tyler lockett,Tyler Lockett,SEA,WR,122,79,894,5,64.75409836065575,6.754347826086957,2.8155919124350035,11.501967213114753,2.7499999999999996,2.994652692906812,-0.24465269290681224,32.86499551491787,7.327868852459017,11.316455696202532,0.040983606557377046
2023,tyreek hill,Tyreek Hill,MIA,WR,171,119,1799,13,69.5906432748538,5.756883116883117,3.2584266384584817,10.837251461988304,5.770504201680673,5.0039547432324385,0.7665494584482344,43.43852477268945,10.52046783625731,15.117647058823529,0.07602339181286549
2023,wan dale robinson,Wan'Dale Robinson,NYG,WR,78,60,525,1,76.92307692307693,6.9703389830508495,3.973480571288485,5.239102564102563,5.0440000000000005,4.384356634702925,0.6596433652970752,11.493622466916984,6.730769230769231,8.75,0.01282051282051282
2023,zay flowers,Zay Flowers,BAL,WR,108,77,858,5,71.29629629629629,7.666698113207548,3.6810160964910574,8.651944444444444,5.084415584415586,4.108854807018525,0.9755607773970612,22.834430159502062,7.944444444444445,11.142857142857142,0.046296296296296294
2023,zay jones,Zay Jones,JAX,WR,64,34,321,2,53.125,6.69393442622951,2.4790105738790205,13.430000000000001,1.9041176470588237,1.9868346562572023,-0.08271700919837865,17.47265324044617,5.015625,9.441176470588236,0.03125
2024,a j brown,A.J. Brown,PHI,WR,97,67,1079,7,69.0721649484536,5.621030927835051,2.097740166108409,11.994536082474227,5.402835820895523,3.000230973773025,2.4026048471224977,34.85029115046369,11.123711340206185,16.104477611940297,0.07216494845360824
2024,adam thielen,Adam Thielen,CAR,WR,62,48,615,5,77.41935483870968,6.4055,3.004133022666709,10.9491935483871,3.508333333333333,3.6864382538569607,-0.1781049205236278,16.231771088629753,9.919354838709678,12.8125,0.08064516129032258
2024,adonai mitchell,Adonai Mitchell,IND,WR,55,23,312,0,41.81818181818181,6.012075471698114,2.6281684808362327,14.716181818181818,4.552173913043476,4.943017201357579,-0.39084328831410264,15.821469690779685,5.672727272727273,13.565217391304348,0
2024,alec pierce,Alec Pierce,IND,WR,69,37,824,7,53.62318840579711,5.748985507246376,2.406297044963777,21.450289855072462,3.6445945945945937,2.887647507241973,0.7569470873526205,28.931519595290638,11.942028985507246,22.27027027027027,0.10144927536231885
2024,allen lazard,Allen Lazard,NYJ,WR,60,37,530,6,61.66666666666667,5.3021052631578955,2.6047981292468405,10.6735,4.729729729729728,4.213815871521045,0.5159138582086831,16.328575580950634,8.833333333333334,14.324324324324325,0.1
2024,amari cooper,Amari Cooper,BUF,WR,85,44,547,4,51.76470588235295,6.0304761904761905,2.6037789190710265,12.779058823529413,2.9238636363636363,3.3558318245029026,-0.4319681881392663,22.048960701526468,6.435294117647059,12.431818181818182,0.047058823529411764
2024,amon ra st brown,Amon-Ra St. Brown,DET,WR,141,115,1263,12,81.56028368794325,6.542890624999999,3.091643513003559,8.03418439716312,3.7073043478260868,3.2094389241852985,0.49786542364078823,31.897483837541955,8.957446808510639,10.982608695652173,0.0851063829787234
2024,andrei iosivas,Andrei Iosivas,CIN,WR,61,36,479,6,59.01639344262295,5.021186440677966,2.7648879849053922,11.278688524590166,2.342777777777778,2.052703980429317,0.29007379734846106,14.712140295654144,7.852459016393443,13.305555555555555,0.09836065573770492
2024,brandin cooks,Brandin Cooks,DAL,WR,54,26,259,3,48.148148148148145,6.237924528301886,2.1633950295248603,12.583703703703703,2.3646153846153846,2.9965910200593324,-0.6319756354439479,14.664960301103022,4.796296296296297,9.961538461538462,0.05555555555555555
2024,brandon aiyuk,Brandon Aiyuk,SF,WR,47,25,369,0,53.191489361702125,5.195744680851064,2.3546868965845733,12.632978723404257,3.7124,2.8622835629764505,0.8501164370235497,13.496956223261828,7.851063829787234,14.76,0
2024,calvin austin,Calvin Austin,PIT,WR,58,36,548,4,62.06896551724138,6.4069230769230785,2.958910182762406,12.60637931034483,4.716944444444445,3.678598499887814,1.0383459445566308,20.665261039636423,9.448275862068966,15.222222222222221,0.06896551724137931
2024,calvin ridley,Calvin Ridley,TEN,WR,120,64,1017,4,53.333333333333336,6.006347826086954,2.744836643924202,15.289,4.066562500000001,3.765521079650674,0.30104142034932657,44.57737649791531,8.475,15.890625,0.03333333333333333
2024,cedric tillman,Cedric Tillman,CLE,WR,49,29,339,3,59.183673469387756,6.1244444444444435,2.920522131983175,11.666122448979591,3.9127586206896536,3.1150766838395216,0.797681936850132,11.603605066580057,6.918367346938775,11.689655172413794,0.061224489795918366
2024,ceedee lamb,CeeDee Lamb,DAL,WR,152,101,1194,6,66.44736842105263,5.83264705882353,2.8854620804636872,7.953092105263159,5.596633663366338,3.3913175849794652,2.2053160783868724,26.08904897456206,7.855263157894737,11.821782178217822,0.039473684210526314
2024,chris godwin,Chris Godwin,TB,WR,62,50,576,5,80.64516129032258,6.390701754385964,3.233242610841702,5.581129032258065,7.3256,5.047980963331976,2.277619036668024,9.034607903291079,9.290322580645162,11.52,0.08064516129032258
2024,christian kirk,Christian Kirk,JAX,WR,47,27,379,1,57.446808510638306,6.582820512820513,2.7862910270696193,13.16340425531915,4.929259259259259,4.825258604006904,0.10400065525235469,14.299284665965589,8.063829787234043,14.037037037037036,0.02127659574468085
2024,christian watson,Christian Watson,GB,WR,53,29,620,2,54.71698113207547,5.259615384615385,2.3829016929203037,17.544528301886793,6.12448275862069,6.069630790719859,0.05485196790083169,23.095570447128022,11.69811320754717,21.379310344827587,0.03773584905660377
2024,cooper kupp,Cooper Kupp,LA,WR,100,67,710,6,67,7.11934065934066,3.2635752640753366,7.8189,4.2429850746268665,4.007833425403783,0.2351516492230834,19.166225438286855,7.1,10.597014925373134,0.06
2024,courtland sutton,Courtland Sutton,DEN,WR,135,81,1081,8,60,5.976917293233083,2.472155025066519,13.21237037037037,2.4745679012345687,2.551023613082588,-0.07645571184801936,43.94304085931439,8.007407407407408,13.345679012345679,0.05925925925925926
2024,curtis samuel,Curtis Samuel,BUF,WR,46,31,253,1,67.3913043478261,6.607567567567568,4.056089405564893,4.4852173913043485,5.3990322580645165,5.309485449262343,0.08954680880217314,5.067469654620211,5.5,8.161290322580646,0.021739130434782608
2024,d j moore,D.J. Moore,CHI,WR,140,98,966,6,70,5.777984496124031,3.4436736229439004,7.4205000000000005,6.212857142857142,5.488773911733834,0.7240832311233074,24.960116479102005,6.9,9.857142857142858,0.04285714285714286
2024,darius slayton,Darius Slayton,NYG,WR,71,39,573,2,54.929577464788736,5.56927536231884,2.41465559684947,13.410985915492958,3.717948717948718,2.732981346804213,0.984967371144505,24.241884195599102,8.070422535211268,14.692307692307692,0.028169014084507043
2024,darnell mooney,Darnell Mooney,ATL,WR,106,64,992,5,60.37735849056604,6.457171717171717,2.9777865475755743,12.671981132075471,4.433906250000001,4.6921197881920715,-0.25821353819207093,29.99044399690993,9.358490566037736,15.5,0.04716981132075472
2024,davante adams,Davante Adams,NYJ,WR,141,85,1063,8,60.28368794326241,5.461353383458647,3.2460858681193367,8.617304964539006,5.773411764705882,4.751070429767443,1.0223413349384387,30.979954207270737,7.539007092198582,12.505882352941176,0.05673758865248227
2024,david moore,David Moore,CAR,WR,57,32,351,3,56.14035087719298,5.861851851851852,2.2660789733529554,11.558245614035089,2.071875,2.20392283383569,-0.1320478338356903,15.752839992061652,6.157894736842105,10.96875,0.05263157894736842
2024,deandre hopkins,DeAndre Hopkins,KC,WR,80,56,618,5,70,5.575128205128205,2.7079566212781927,10.83925,2.6367857142857143,2.9925817912470087,-0.35579607696129445,24.07578622376593,7.725,11.035714285714286,0.0625
2024,deebo samuel,Deebo Samuel,SF,WR,81,51,670,3,62.96296296296296,5.648333333333333,3.1397865544736616,6.44074074074074,8.416862745098042,6.1502140339164955,2.2666487111815465,11.859136103874851,8.271604938271604,13.137254901960784,0.037037037037037035
2024,demarcus robinson,Demarcus Robinson,LA,WR,64,31,505,7,48.4375,4.065555555555555,2.66492023403923,15.736875,2.6325806451612896,2.3162087901319226,0.31637185502936704,24.68819861160136,7.890625,16.29032258064516,0.109375
2024,demario douglas,Demario Douglas,NE,WR,87,66,621,3,75.86206896551724,6.8672499999999985,4.010061826531089,5.7924137931034485,5.817878787878787,5.518932041033413,0.2989467468453748,13.555811401149153,7.137931034482759,9.409090909090908,0.034482758620689655
2024,devaughn vele,Devaughn Vele,DEN,WR,55,41,475,3,74.54545454545455,5.808039215686275,3.1093440975647324,8.217818181818183,3.5029268292682927,3.647971240798387,-0.1450444115300944,11.135117823135959,8.636363636363637,11.585365853658537,0.05454545454545454
2024,devonta smith,DeVonta Smith,PHI,WR,89,68,833,8,76.40449438202246,6.536785714285713,2.957029785309726,9.605280898876403,4.303676470588236,4.036818202239138,0.26685826834909854,25.60656346600848,9.359550561797754,12.25,0.0898876404494382
2024,diontae johnson,Diontae Johnson,HOU,WR,67,33,375,3,49.25373134328358,5.21246153846154,2.6821615965763,11.011044776119403,2.9587878787878794,3.6916525666517557,-0.7328646878638763,17.63987155177979,5.597014925373134,11.363636363636363,0.04477611940298507
2024,dontayvion wicks,Dontayvion Wicks,GB,WR,76,39,415,5,51.31578947368421,6.365616438356164,2.971322299092621,11.674473684210525,3.8176923076923073,2.7126729972299213,1.105019310462386,22.037485035294353,5.4605263157894735,10.64102564102564,0.06578947368421052
2024,drake london,Drake London,ATL,WR,158,100,1271,9,63.29113924050633,6.6970833333333335,2.4186223045925064,10.837088607594938,3.512199999999999,2.760216772440635,0.7519832275593643,38.229817408894235,8.044303797468354,12.71,0.056962025316455694
2024,elijah moore,Elijah Moore,CLE,WR,102,61,538,1,59.80392156862745,6.143118279569892,3.093441668841841,9.086470588235294,2.525409836065574,2.8096889002176395,-0.2842790641520656,18.813332250730753,5.2745098039215685,8.819672131147541,0.00980392156862745
2024,garrett wilson,Garrett Wilson,NYJ,WR,154,101,1104,7,65.5844155844156,5.256712328767122,3.2653282684268232,8.913506493506492,5.023267326732673,4.747016659391977,0.2762506673406957,34.99931157923722,7.1688311688311686,10.930693069306932,0.045454545454545456
2024,george pickens,George Pickens,PIT,WR,103,59,900,3,57.28155339805825,5.751881188118812,2.3220798412801456,13.533398058252427,4.500338983050846,3.4317534193652333,1.068585563685613,39.397313858050516,8.737864077669903,15.254237288135593,0.02912621359223301
2024,greg dortch,Greg Dortch,ARI,WR,50,37,342,3,74,7.47525,3.688801355792188,4.2516,8.034324324324327,5.521060629666562,2.5132636946577653,5.757698870561468,6.84,9.243243243243244,0.06
2024,ja marr chase,Ja'Marr Chase,CIN,WR,175,127,1708,17,72.57142857142857,5.449999999999999,3.0274632477253545,8.869314285714283,6.25275590551181,3.9274429387200365,2.3253129667917736,33.19063127484544,9.76,13.448818897637794,0.09714285714285714
2024,jakobi meyers,Jakobi Meyers,LV,WR,129,87,1027,4,67.44186046511628,6.4472,2.731501328602795,9.809379844961239,3.5316091954022997,3.359381169979856,0.17222802542244375,30.862077796015324,7.961240310077519,11.804597701149426,0.031007751937984496
2024,jalen coker,Jalen Coker,CAR,WR,46,32,478,2,69.56521739130434,6.430000000000001,2.669252053979642,11.380652173913044,5.601562499999999,3.4185336161594084,2.1830288838405907,12.517484691181496,10.391304347826088,14.9375,0.043478260869565216
2024,jalen mcmillan,Jalen McMillan,TB,WR,58,37,461,8,63.793103448275865,7.17490909090909,3.2762200694816372,12.167586206896555,3.7989189189189183,3.9761300146720604,-0.1772110957531421,18.425869113980237,7.948275862068965,12.45945945945946,0.13793103448275862
2024,jalen tolbert,Jalen Tolbert,DAL,WR,79,49,610,7,62.0253164556962,6.544594594594595,2.7227795481580093,11.91518987341772,3.4726530612244892,3.377135760038563,0.09551730118592605,20.314526623834873,7.7215189873417724,12.448979591836734,0.08860759493670886
2024,jameson williams,Jameson Williams,DET,WR,91,58,992,7,63.73626373626373,6.517386363636363,3.36673002446728,11.328901098901099,7.7843103448275865,6.1631244563231045,1.621185888504482,29.028506746559145,10.901098901098901,17.103448275862068,0.07692307692307693
2024,jauan jennings,Jauan Jennings,SF,WR,113,77,975,6,68.14159292035397,5.329449541284403,2.4917435586970256,10.44221238938053,3.0401298701298707,2.538628286633916,0.5015015834959549,26.822742626968004,8.628318584070797,12.662337662337663,0.05309734513274336
2024,jaxon smith njigba,Jaxon Smith-Njigba,SEA,WR,137,100,1130,6,72.99270072992701,6.228250000000001,3.295539909218757,8.820510948905111,4.904,4.330446171919262,0.5735538280807377,29.64252160496099,8.248175182481752,11.3,0.043795620437956206
2024,jayden reed,Jayden Reed,GB,WR,75,55,857,6,73.33333333333333,7.012711864406779,3.996402117259854,8.156533333333334,7.520181818181818,6.490640493207048,1.0295413249747707,15.194205864674357,11.426666666666666,15.581818181818182,0.08
2024,jaylen waddle,Jaylen Waddle,MIA,WR,83,58,767,2,69.87951807228916,4.759113924050633,3.419876842566599,9.399156626506022,4.865689655172414,4.822512503459544,0.04317715171286984,22.221430992591245,9.240963855421686,13.224137931034482,0.024096385542168676
2024,jerry jeudy,Jerry Jeudy,CLE,WR,145,90,1229,4,62.06896551724138,5.96581560283688,2.7656987620610693,11.175172413793103,4.490888888888889,4.485357525469912,0.005531363418977087,32.89217278337122,8.475862068965517,13.655555555555555,0.027586206896551724
2024,jordan addison,Jordan Addison,MIN,WR,99,63,875,9,63.63636363636363,6.3459574468085105,2.9958312128217406,13.366868686868688,3.5577777777777775,2.912267740051747,0.64551003772603055,28.82541425151553,8.83838383838384,13.88888888888889,0.09090909090909091
2024,josh downs,Josh Downs,IND,WR,107,72,803,5,67.28971962616822,6.043522727272728,3.2853027487737334,6.420934579439252,5.82875,5.43881185627578,0.38993814372422,13.42984536052246,7.5046728971962615,11.152777777777779,0.04672897196261682
2024,josh palmer,Josh Palmer,LAC,WR,65,39,575,1,60,6.607500000000001,2.555612455667099,15.21476923076923,2.5892307692307686,2.4475277456403175,0.14170302359045106,23.37690580309656,8.846153846153847,14.743589743589743,0.015384615384615385
2024,justin jefferson,Justin Jefferson,MIN,WR,154,103,1533,10,66.88311688311688,5.762721088435375,3.0790871730858984,11.3,4.988932038834951,4.4511427816258085,0.537789257209143,37.906164707317444,9.954545454545455,14.883495145631068,0.06493506493506493
2024,kavontae turpin,Kavontae Turpin,DAL,WR,52,31,420,2,59.61538461538461,6.316363636363636,3.3728610555409193,8.846153846153847,8.721612903225807,7.41994816294951,1.3016647402762977,9.927421913273179,8.076923076923077,13.548387096774194,0.038461538461538464
2024,kayshon boutte,Kayshon Boutte,NE,WR,68,43,589,3,63.23529411764706,4.533880597014926,2.4151571901920157,14.176764705882352,3.4606976744186047,2.5069118962273964,0.9537857781912082,25.9318039983645,8.661764705882353,13.69767441860465,0.04411764705882353
2024,keenan allen,Keenan Allen,CHI,WR,121,70,744,7,57.85123966942148,6.491150442477876,3.0022840319087076,9.747520661157026,3.7638571428571423,3.868565738071702,-0.10470859521455944,28.33772212237995,6.148760330578512,10.628571428571428,0.05785123966942149
2024,keon coleman,Keon Coleman,BUF,WR,57,29,556,4,50.877192982456144,4.651249999999999,2.0177499312176668,15.394385964912281,7.822413793103447,4.289272679748168,3.5331411133552786,21.551973984762228,9.75438596491228,19.17241379310345,0.07017543859649122
2024,khalil shakir,Khalil Shakir,BUF,WR,100,76,821,4,76,6.673404255319147,4.253743736038472,5.4061,8.158026315789474,6.73766774542652,1.4203585703629544,13.278037853742886,8.21,10.802631578947368,0.04
2024,ladd mcconkey,Ladd McConkey,LAC,WR,112,82,1155,7,73.21428571428571,5.947009345794392,3.100955626421623,9.869821428571429,5.10829268292683,4.097037299786076,1.011255383140754,26.12977189457511,10.3125,14.085365853658537,0.0625
2024,lil jordan humphrey,Lil'Jordan Humphrey,DEN,WR,45,31,293,1,68.88888888888889,6.786666666666667,3.359991106858923,6.391111111111112,6.155161290322579,4.61677894442788,1.538382345894699,7.085401756568658,6.511111111111111,9.451612903225806,0.022222222222222223
2024,mack hollins,Mack Hollins,BUF,WR,50,31,378,5,62,5.817199999999999,2.9889089434892746,13.0892,3.329677419354838,3.574764247325211,-0.24508682797037284,16.074332057787625,7.56,12.193548387096774,0.1
2024,malik nabers,Malik Nabers,NYG,WR,170,109,1204,7,64.11764705882354,6.115975609756098,2.812611932483602,9.45229411764706,4.481834862385321,3.7314270631665534,0.7504077992187672,40.9103754490393,7.08235294117647,11.045871559633028,0.041176470588235294
2024,marvin mims,Marvin Mims,DEN,WR,52,39,501,6,75,7.996363636363636,5.205587753915061,7.139807692307692,12.414102564102564,9.636652786159798,2.777449777942765,9.146721523509198,9.634615384615385,12.846153846153847,0.11538461538461539
2024,michael wilson,Michael Wilson,ARI,WR,71,47,548,4,66.19718309859155,6.030714285714286,2.580553943158636,11.429859154929579,2.936808510638298,2.519757026612914,0.41705148402538406,21.979903036212452,7.71830985915493,11.659574468085106,0.056338028169014086
2024,mike evans,Mike Evans,TB,WR,110,74,1004,11,67.27272727272727,6.558440366972477,2.491417273611868,11.874454545454546,3.3959459459459462,2.629450588885462,0.7664953570604842,34.10373232725421,9.127272727272727,13.567567567567568,0.1
2024,nico collins,Nico Collins,HOU,WR,99,68,1006,7,68.68686868686868,5.228367346938775,3.07948798626782,11.339696969696972,5.641323529411765,5.074514839134359,0.5668086902774059,24.85063674457832,10.16161616161616,14.794117647058824,0.0707070707070707
2024,noah brown,Noah Brown,WAS,WR,56,35,453,1,62.5,6.589230769230768,2.6139237058800577,11.59,2.485714285714286,3.091674051618528,-0.6059597659042417,16.330556387269493,8.089285714285714,12.942857142857143,0.017857142857142856
2024,olamide zaccheaus,Olamide Zaccheaus,WAS,WR,64,45,506,3,70.3125,7.107333333333333,3.9944681268748887,6.35921875,6.414666666666666,5.678746020517229,0.7359206461494372,10.240313607874416,7.90625,11.244444444444444,0.046875
2024,parker washington,Parker Washington,JAX,WR,51,32,390,3,62.745098039215684,6.541,3.165127913263332,11.233333333333333,3.5253125,2.7282400598533125,0.7970724401466875,13.241191221846002,7.647058823529412,12.1875,0.058823529411764705
2024,puka nacua,Puka Nacua,LA,WR,106,79,990,3,74.52830188679245,6.509191919191918,3.319900838167648,7.691320754716981,6.726582278481012,5.239685190830669,1.486897087650343,19.98470408283327,9.339622641509434,12.531645569620252,0.02830188679245283
2024,quentin johnston,Quentin Johnston,LAC,WR,91,55,711,8,60.43956043956044,5.963626373626373,3.171256976360084,11.047472527472527,5.603818181818182,4.4426349747841005,1.1611832070340817,23.763621321356812,7.813186813186813,12.927272727272728,0.08791208791208792
2024,rashod bateman,Rashod Bateman,BAL,WR,72,45,756,9,62.5,6.005,3.596526447505863,14.716944444444445,4.2362222222222226,3.8714160098434056,0.36480621237881694,25.575658688705026,10.5,16.8,0.125
2024,ray ray mccloud,Ray-Ray McCloud,ATL,WR,87,62,686,1,71.26436781609196,8.143947368421053,3.187889198014638,6.720459770114944,5.6366129032258065,4.465058947621886,1.1715539556039207,13.054214688559146,7.885057471264368,11.064516129032258,0.011494252873563218
2024,ricky pearsall,Ricky Pearsall,SF,WR,46,31,400,3,67.3913043478261,5.980227272727273,2.4240357325886457,10.994782608695653,3.660322580645161,3.8689725471769116,-0.2086499665317505,11.496792554908463,8.695652173913043,12.903225806451612,0.06521739130434782
2024,rome odunze,Rome Odunze,CHI,WR,101,54,734,3,53.46534653465347,5.683870967741934,2.9607346385893925,13.686336633663368,4.981851851851853,4.482638835050708,0.4992130168011446,33.21192084802938,7.267326732673268,13.592592592592593,0.0297029702970297
2024,romeo doubs,Romeo Doubs,GB,WR,72,46,601,4,63.888888888888886,6.0943055555555565,2.5664642248203933,12.457500000000001,3.0889130434782617,2.890176474410672,0.19873656906758974,22.27791383310069,8.347222222222221,13.065217391304348,0.05555555555555555
2024,stefon diggs,Stefon Diggs,HOU,WR,64,47,496,3,73.4375,6.933220338983051,3.021883810509726,8.716406249999999,4.06468085106383,3.906554492479935,0.15812635858389523,12.348616826526113,7.75,10.553191489361701,0.046875
2024,sterling shepard,Sterling Shepard,TB,WR,51,32,334,1,62.745098039215684,6.904285714285714,3.1058601324461725,9.600392156862744,2.9543749999999998,3.4961925779700125,-0.5418175779700127,12.783645122126341,6.549019607843137,10.4375,0.0196078431372549
2024,tank dell,Tank Dell,HOU,WR,81,51,667,3,62.96296296296296,6.05474358974359,2.6679110861756405,12.879135802469136,3.62078431372549,3.8669140382217706,-0.24612972449628057,23.09258861629526,8.234567901234568,13.07843137254902,0.037037037037037035
2024,tee higgins,Tee Higgins,CIN,WR,109,73,911,10,66.97247706422019,6.22211009174312,2.3719850756602376,10.538990825688071,3.2075342465753423,2.026651924792704,1.1808823217826383,24.564783669524264,8.357798165137615,12.479452054794521,0.09174311926605505
2024,terry mclaurin,Terry McLaurin,WAS,WR,117,82,1096,13,70.08547008547008,6.540357142857144,2.7326569820340496,13.67025641025641,3.6980487804878064,2.8021144777413616,0.8959343027464448,40.24315681148554,9.367521367521368,13.365853658536585,0.1111111111111111
2024,tre tucker,Tre Tucker,LV,WR,81,47,539,3,58.0246913580247,6.159999999999998,2.8012876434862855,12.500493827160492,4.52,4.539111352806705,-0.019111352806705284,24.694832703690782,6.654320987654321,11.46808510638298,0.037037037037037035
2024,troy franklin,Troy Franklin,DEN,WR,53,28,263,2,52.83018867924528,7.358235294117648,3.805752775194941,13.236603773584907,6.086785714285715,5.645540720035366,0.4412449942503489,17.283354479496442,4.962264150943396,9.392857142857142,0.03773584905660377
2024,tutu atwell,Tutu Atwell,LA,WR,62,42,562,0,67.74193548387096,7.494035087719299,3.3689980065504876,11.851451612903226,2.897142857142857,3.496919408193282,-0.5997765510504252,18.011677844452286,9.064516129032258,13.380952380952381,0
2024,tyler boyd,Tyler Boyd,TEN,WR,57,39,390,0,68.42105263157895,6.431555555555555,2.774185579386632,7.127543859649122,5.16076923076923,4.029816659021234,1.1309525717479953,9.871176853624638,6.842105263157895,10,0
2024,tyler lockett,Tyler Lockett,SEA,WR,74,49,600,2,66.21621621621621,6.4013888888888895,2.664344589976156,11.09364864864865,2.997959183673469,3.892384137000493,-0.8944249533270239,20.137565280956483,8.108108108108109,12.244897959183673,0.02702702702702703
2024,tyreek hill,Tyreek Hill,MIA,WR,123,81,959,6,65.85365853658537,5.854122807017543,3.159804801014422,11.585203252032523,3.757530864197531,4.022245333014223,-0.26471446881669225,40.58951038393945,7.796747967479675,11.839506172839506,0.04878048780487805
2024,wan dale robinson,Wan'Dale Robinson,NYG,WR,140,93,699,3,66.42857142857143,6.646017699115045,3.247169975782151,4.940214285714286,4.054623655913978,3.7100160601510055,0.3446075957629722,17.60845046756097,4.992857142857143,7.516129032258065,0.02142857142857143
2024,xavier legette,Xavier Legette,CAR,WR,84,49,497,4,58.333333333333336,6.355063291139241,2.619110107955592,12.29654761904762,2.5199999999999996,2.4602070073881013,0.0597929926118983,24.697589563462554,5.916666666666667,10.142857142857142,0.047619047619047616
2024,xavier worthy,Xavier Worthy,KC,WR,98,59,638,6,60.204081632653065,6.321868131868132,3.7734579572632674,8.992551020408163,7.085762711864408,6.639783540419275,0.4459791714451331,24.468099874781696,6.510204081632653,10.813559322033898,0.061224489795918366
2024,zay flowers,Zay Flowers,BAL,WR,116,74,1059,4,63.793103448275865,7.253076923076923,3.9155002147205766,10.62301724137931,6.233648648648649,4.596885334031022,1.6367633146176273,29.742848315745775,9.129310344827585,14.31081081081081,0.034482758620689655
2025,a j brown,A.J. Brown,PHI,WR,121,78,1003,7,64.46280991735537,5.740588235294118,2.2443304359534424,11.571074380165292,3.439999999999999,2.3799447538817087,1.0600552461182904,33.38356406086821,8.289256198347108,12.85897435897436,0.05785123966942149
2025,adonai mitchell,Adonai Mitchell,NYJ,WR,74,33,453,2,44.5945945945946,5.787567567567566,2.7551420698697213,14.778378378378378,2.5360606060606066,1.6989911217097202,0.8370694843508864,33.49720499272532,6.121621621621622,13.727272727272727,0.02702702702702703
2025,alec pierce,Alec Pierce,IND,WR,84,47,1003,6,55.952380952380956,6.278333333333333,2.0751778712475626,19.052619047619046,4.280425531914893,3.0026972315845697,1.277728300330323,37.32897320949586,11.94047619047619,21.340425531914892,0.07142857142857142
2025,amon ra st brown,Amon-Ra St. Brown,DET,WR,172,117,1401,11,68.02325581395348,6.096335403726709,2.9500046050969084,8.346686046511627,5.16153846153846,4.817071116951077,0.3444673445873834,38.42517872580745,8.145348837209303,11.974358974358974,0.06395348837209303
2025,andrei iosivas,Andrei Iosivas,CIN,WR,58,33,435,2,56.896551724137936,5.551272727272727,2.457515997985491,9.867241379310345,3.44939393939394,3.5493435499500565,-0.0999496105561164,12.523277365538336,7.5,13.181818181818182,0.034482758620689655
2025,calvin austin,Calvin Austin,PIT,WR,55,31,372,3,56.36363636363636,5.521702127659574,2.8208495940763205,10.246181818181816,4.643225806451613,3.9702717132507375,0.6729540932008757,18.31274717204311,6.763636363636364,12,0.05454545454545454
2025,ceedee lamb,CeeDee Lamb,DAL,WR,117,75,1077,3,64.1025641025641,6.139826086956522,2.778540830165139,12.271965811965813,4.461333333333334,3.964039590841371,0.497293742491963,28.335458101286303,9.205128205128204,14.36,0.02564102564102564
2025,chimere dike,Chimere Dike,TEN,WR,74,48,423,4,64.86486486486487,6.772238805970149,3.8035171337537883,8.205810810810812,4.776666666666667,5.002598585238759,-0.22593191857209138,15.646870265200313,5.716216216216216,8.8125,0.05405405405405406
2025,chris godwin,Chris Godwin,TB,WR,51,33,360,2,64.70588235294117,6.597083333333334,2.817862940990965,7.82,6.502121212121214,4.30395807014725,2.1981631419739633,9.140664750615382,7.0588235294117645,10.909090909090908,0.0392156862745098
2025,chris olave,Chris Olave,NO,WR,156,100,1163,9,64.1025641025641,6.809133333333334,2.9450615111098863,11.639871794871798,3.0335999999999994,3.5547326790836498,-0.5211326790836504,39.277533230226815,7.455128205128205,11.63,0.057692307692307696
2025,christian kirk,Christian Kirk,HOU,WR,52,28,239,1,53.84615384615385,5.711162790697674,2.539941257185657,7.239807692307693,4.165,4.414072859662677,-0.249072859662677,8.288876608093142,4.596153846153846,8.535714285714286,0.019230769230769232
2025,christian watson,Christian Watson,GB,WR,55,35,611,6,63.63636363636363,6.379272727272728,2.0044605380606146,17.632545454545454,3.585714285714286,2.840744717988148,0.7449695677261379,24.12100922268761,11.10909090909091,17.457142857142856,0.10909090909090909
2025,cooper kupp,Cooper Kupp,SEA,WR,70,47,593,2,67.14285714285714,6.144923076923076,3.022840901078542,8.280571428571427,6.18468085106383,4.110675730722097,2.0740051203417336,15.355556203126532,8.471428571428572,12.617021276595745,0.02857142857142857
2025,courtland sutton,Courtland Sutton,DEN,WR,124,74,1017,7,59.67741935483871,5.272857142857143,2.278537905950315,12.563387096774195,3.295,3.1799108542486247,0.11508914575137519,35.580658643930754,8.201612903225806,13.743243243243244,0.056451612903225805
2025,d j moore,D.J. Moore,CHI,WR,85,50,667,6,58.82352941176471,6.812857142857141,3.2717651910296515,11.408000000000001,4.7307999999999995,4.120880524416065,0.6099194755839346,21.65300439678715,7.847058823529411,13.34,0.07058823529411765
2025,darius slayton,Darius Slayton,NYG,WR,63,37,538,1,58.730158730158735,5.72047619047619,2.7084140568845028,13.384920634920636,5.379729729729728,4.5973848378681055,0.7823448918616229,19.218497162522514,8.53968253968254,14.54054054054054,0.015873015873015872
2025,darnell mooney,Darnell Mooney,ATL,WR,72,32,443,1,44.44444444444444,6.569305555555555,3.0181906158822347,14.167777777777777,2.4853124999999996,2.7105554101691314,-0.22524291016913178,24.951812533633376,6.152777777777778,13.84375,0.013888888888888888
2025,davante adams,Davante Adams,LA,WR,114,60,789,14,52.63157894736842,5.161592920353982,2.167408852757707,13.18605263157895,2.059999999999999,2.6702296754580894,-0.6102296754580903,28.432891294849316,6.921052631578948,13.15,0.12280701754385964
2025,deebo samuel,Deebo Samuel,WAS,WR,99,72,727,5,72.72727272727273,6.291604938271605,3.542143377984201,5.321818181818182,6.423749999999999,5.335037472445612,1.088712527554387,13.985453387131026,7.343434343434343,10.097222222222221,0.050505050505050504
2025,demario douglas,DeMario Douglas,NE,WR,46,31,447,3,67.3913043478261,6.59951219512195,3.936569641062554,9.940652173913042,7.039354838709676,6.198655219182785,0.840699619526891,10.384593548094063,9.717391304347826,14.419354838709678,0.06521739130434782
2025,devonta smith,DeVonta Smith,PHI,WR,113,77,1008,4,68.14159292035397,6.363398058252427,2.821832849657288,12.015132743362832,3.813896103896105,3.931662799899279,-0.11776669600317424,32.3728296272276,8.920353982300885,13.090909090909092,0.035398230088495575
2025,dontayvion wicks,Dontayvion Wicks,GB,WR,46,30,332,2,65.21739130434783,5.9111627906976745,2.1693210690095976,11.311086956521738,2.418333333333334,2.009416015000086,0.40891731833324796,12.941360818998538,7.217391304347826,11.066666666666666,0.043478260869565216
2025,drake london,Drake London,ATL,WR,112,68,919,7,60.71428571428571,5.783055555555555,2.6590676286690837,10.785357142857142,3.983823529411765,3.339193655639866,0.6446298737718994,29.547478107724668,8.205357142857142,13.514705882352942,0.0625
2025,elic ayomanor,Elic Ayomanor,TEN,WR,89,41,515,4,46.06741573033708,5.820843373493976,2.6574799351235754,12.244606741573037,3.0490243902439023,3.1780201654662443,-0.12899577522234207,28.080776326774615,5.786516853932584,12.560975609756097,0.0449438202247191
2025,emeka egbuka,Emeka Egbuka,TB,WR,127,63,938,6,49.60629921259843,6.229839999999999,2.582663817611587,12.197952755905513,5.409365079365079,4.7292270579582,0.6801380214068793,35.50516371237229,7.3858267716535435,14.88888888888889,0.047244094488188976
2025,garrett wilson,Garrett Wilson,NYJ,WR,59,36,395,4,61.016949152542374,6.484912280701755,3.057975170073708,9.4447457627118645,2.8594444444444442,2.8862005748812454,-0.02675613043680114,17.06838195880236,6.694915254237288,10.972222222222221,0.06779661016949153
2025,george pickens,George Pickens,DAL,WR,137,93,1429,9,67.88321167883211,5.171386861313867,2.3122277471058705,11.722700729927006,5.275591397849462,3.1169406956502943,2.158650702199168,31.694104459644528,10.430656934306569,15.365591397849462,0.06569343065693431
2025,ja marr chase,Ja'Marr Chase,CIN,WR,185,125,1412,8,67.56756756756756,5.726342857142857,3.1733631580962807,8.423513513513514,5.198320000000001,3.88989198228647,1.3084280177135308,34.10038316020735,7.632432432432433,11.296,0.043243243243243246
2025,jakobi meyers,Jakobi Meyers,JAX,WR,110,75,835,3,68.18181818181817,6.408333333333333,2.73208851411209,9.421727272727274,3.830933333333334,3.4959063865324698,0.3350269468008644,31.790031624699782,7.590909090909091,11.133333333333333,0.02727272727272727
2025,jalen nailor,Jalen Nailor,MIN,WR,53,29,444,4,54.71698113207547,5.551632653061224,2.4318935683424603,12.969056603773582,4.420689655172414,3.045533865892135,1.3751557892802793,18.07063574271638,8.377358490566039,15.310344827586206,0.07547169811320754
2025,jameson williams,Jameson Williams,DET,WR,102,65,1109,7,63.725490196078425,6.055306122448979,3.18467772579633,12.379215686274508,6.811846153846155,4.970863491244859,1.8409826626012968,33.79610670820653,10.872549019607844,17.06153846153846,0.06862745098039216
2025,jauan jennings,Jauan Jennings,SF,WR,90,55,643,9,61.111111111111114,5.648352941176472,2.2130390894813177,10.163555555555554,3.3510909090909093,2.6405213190758174,0.7105695900150919,22.422025904754424,7.144444444444445,11.690909090909091,0.1
2025,jaxon smith njigba,Jaxon Smith-Njigba,SEA,WR,163,119,1793,10,73.00613496932516,6.295649350649351,3.017568233126393,11.263742331288343,4.8147899159663865,4.020349704162295,0.7944402118040914,48.638202390066745,11,15.067226890756302,0.06134969325153374
2025,jayden higgins,Jayden Higgins,HOU,WR,68,41,525,6,60.29411764705882,5.73820895522388,2.698871699101625,12.034411764705885,3.2392682926829277,3.33158057704798,-0.09231228436505212,18.017688749347734,7.720588235294118,12.804878048780488,0.08823529411764706
2025,jaylen waddle,Jaylen Waddle,MIA,WR,100,64,910,6,64,6.1867346938775505,2.734334202299694,12.2635,4.122187499999999,3.9764421349623675,0.14574536503763147,38.66160573264271,9.1,14.21875,0.06
2025,jerry jeudy,Jerry Jeudy,CLE,WR,106,50,602,2,47.16981132075472,5.626857142857142,2.472050607213956,11.944999999999999,3.479800000000001,3.5047336892853878,-0.024933689285386862,36.49157290417781,5.679245283018868,12.04,0.018867924528301886
2025,john metchie,John Metchie,NYJ,WR,48,33,274,2,68.75,7.00219512195122,3.833602894849868,5.223125,4.565757575757576,5.4329540812170505,-0.8671965054594741,7.679301631059039,5.708333333333333,8.303030303030303,0.041666666666666664
2025,jordan addison,Jordan Addison,MIN,WR,79,42,610,3,53.16455696202531,7.27987012987013,2.867290530063287,14.40151898734177,3.5892857142857135,2.962784087354806,0.6265016269309074,29.910561710316692,7.7215189873417724,14.523809523809524,0.0379746835443038
2025,josh downs,Josh Downs,IND,WR,88,58,559,4,65.9090909090909,7.213918918918919,2.6805034029614965,7.7382954545454545,2.677241379310345,2.54290742878229,0.13433395052805475,15.8832749443711,6.3522727272727275,9.637931034482758,0.045454545454545456
2025,juju smith schuster,JuJu Smith-Schuster,KC,WR,45,33,345,1,73.33333333333333,6.032682926829268,3.457517239604082,5.08,6.098181818181819,6.064027137494542,0.03415468068727634,5.5492710209590586,7.666666666666667,10.454545454545455,0.022222222222222223
2025,justin jefferson,Justin Jefferson,MIN,WR,141,84,1048,2,59.57446808510638,5.848560606060605,3.2330355043776238,10.352978723404256,5.267619047619048,4.488937379782848,0.7786816678362003,38.37722872751556,7.432624113475177,12.476190476190476,0.014184397163120567
2025,kayshon boutte,Kayshon Boutte,NE,WR,46,33,551,6,71.73913043478261,4.895217391304347,2.3216219655954746,17.247173913043476,1.2630303030303032,1.6914035875225768,-0.42837328449227363,18.01741855632643,11.978260869565217,16.696969696969695,0.13043478260869565
2025,keenan allen,Keenan Allen,LAC,WR,122,81,777,4,66.39344262295081,6.175677966101696,2.5631738400655673,8.481967213114753,3.0514814814814812,2.7374944046974914,0.31398707678398985,23.367619993902913,6.368852459016393,9.592592592592593,0.03278688524590164
2025,kendrick bourne,Kendrick Bourne,SF,WR,53,37,551,0,69.81132075471697,6.504705882352942,2.8762101841501995,10.627924528301888,4.777027027027029,3.0935046486991986,1.6835223783278304,13.80737138318838,10.39622641509434,14.891891891891891,0
2025,keon coleman,Keon Coleman,BUF,WR,59,38,404,4,64.40677966101694,5.7076271186440675,2.775886624942675,11.962542372881359,2.6076315789473687,3.0045989355643594,-0.3969673566169907,20.578887826269508,6.8474576271186445,10.631578947368421,0.06779661016949153
2025,khalil shakir,Khalil Shakir,BUF,WR,95,72,686,4,75.78947368421053,6.6916,3.8039981933559166,3.536526315789474,7.375694444444444,5.491952738039616,1.8837417064048285,9.79595764036295,7.221052631578948,9.527777777777779,0.042105263157894736
2025,ladd mcconkey,Ladd McConkey,LAC,WR,106,66,789,6,62.264150943396224,5.7957281553398055,3.2648420915847884,9.984622641509436,4.769393939393939,3.7608559203086176,1.008538019085321,23.899872412975483,7.443396226415095,11.954545454545455,0.05660377358490566
2025,mack hollins,Mack Hollins,NE,WR,65,46,550,2,70.76923076923077,6.18723076923077,2.665801481627102,12.99676923076923,2.2780434782608694,2.541906688566809,-0.2638632103059395,19.185165839644814,8.461538461538462,11.956521739130435,0.03076923076923077
2025,malik washington,Malik Washington,MIA,WR,65,46,317,3,70.76923076923077,6.425272727272726,3.6508982788645628,5.191076923076922,5.751739130434783,4.855719981711576,0.896019148723207,10.637419175853795,4.876923076923077,6.891304347826087,0.046153846153846156
2025,marquise brown,Marquise Brown,KC,WR,74,49,587,5,66.21621621621621,6.352714285714287,3.2097319185748905,11.161486486486487,4.332040816326531,4.929119774180571,-0.5970789578540403,20.049958004204434,7.9324324324324325,11.979591836734693,0.06756756756756757
2025,marvin mims,Marvin Mims,DEN,WR,51,37,322,1,72.54901960784314,7.816410256410257,4.528699894119982,8.96686274509804,6.515135135135136,6.0426059766027445,0.4725291585323914,10.444706844296645,6.313725490196078,8.702702702702704,0.0196078431372549
2025,michael wilson,Michael Wilson,ARI,WR,126,78,1006,7,61.904761904761905,5.981370967741934,2.4353189951454493,11.377063492063492,3.8056410256410262,3.2319162655995797,0.5737247600414466,31.859884162847656,7.984126984126984,12.897435897435898,0.05555555555555555
2025,mike evans,Mike Evans,TB,WR,62,30,368,3,48.38709677419355,5.4312903225806455,1.920256516214609,13.597903225806451,1.650666666666666,2.2691462593936746,-0.6184795927270086,19.322552106968832,5.935483870967742,12.266666666666667,0.04838709677419355
2025,nico collins,Nico Collins,HOU,WR,120,71,1117,6,59.166666666666664,4.872136752136753,2.3131666031317173,12.904249999999998,4.8759154929577475,3.1877460011890717,1.6881694917686758,34.09410661247458,9.308333333333334,15.732394366197184,0.05
2025,olamide zaccheaus,Olamide Zaccheaus,CHI,WR,65,39,313,2,60,6.349344262295081,3.4631324818214266,6.990000000000001,3.959487179487179,4.568729195114362,-0.6092420156271832,10.145658926326462,4.815384615384615,8.025641025641026,0.03076923076923077
2025,parker washington,Parker Washington,JAX,WR,95,58,847,5,61.05263157894737,6.4245652173913035,2.3909522431815406,12.607368421052632,4.932241379310344,3.202053836615306,1.7301875426950382,24.55037777695786,8.91578947368421,14.60344827586207,0.05263157894736842
2025,pat bryant,Pat Bryant,DEN,WR,49,31,378,1,63.26530612244898,6.329583333333333,2.4050974668202705,8.71204081632653,4.810645161290323,3.976836461631594,0.8338086996587295,9.74993091067721,7.714285714285714,12.193548387096774,0.02040816326530612
2025,puka nacua,Puka Nacua,LA,WR,166,129,1715,10,77.71084337349397,6.020314465408805,2.8798760710269504,8.893614457831324,5.627054263565891,4.285594428109051,1.3414598354568401,27.92465106953641,10.331325301204819,13.294573643410853,0.060240963855421686
2025,quentin johnston,Quentin Johnston,LAC,WR,84,51,735,8,60.71428571428571,5.252682926829268,2.3646944838775346,12.307738095238093,4.712549019607842,3.9609909165822885,0.7515581030255531,23.34616730836541,8.75,14.411764705882353,0.09523809523809523
2025,rashee rice,Rashee Rice,KC,WR,78,53,571,5,67.94871794871796,6.310588235294117,3.595441456947875,4.4164102564102565,8.166792452830189,7.55017194123299,0.6166205115971986,8.362261073053265,7.32051282051282,10.773584905660377,0.0641025641025641
2025,rashid shaheed,Rashid Shaheed,SEA,WR,92,59,687,2,64.13043478260869,6.370222222222223,2.761699422870211,11.54336956521739,3.1733898305084747,3.4254921517137396,-0.2521023212052649,22.971631282378517,7.467391304347826,11.64406779661017,0.021739130434782608
2025,ricky pearsall,Ricky Pearsall,SF,WR,53,36,528,0,67.9245283018868,6.718627450980391,2.3382271929190335,13.946603773584904,2.1919444444444443,2.9294835500662066,-0.7375391056217624,18.118865760032936,9.962264150943396,14.666666666666666,0
2025,rome odunze,Rome Odunze,CHI,WR,90,44,661,6,48.888888888888886,6.439529411764706,2.9815803100765113,14.078333333333335,5.000909090909089,4.0259801419290735,0.9749289489800157,28.293291829210837,7.344444444444444,15.022727272727273,0.06666666666666667
2025,romeo doubs,Romeo Doubs,GB,WR,85,55,724,6,64.70588235294117,5.987176470588235,2.266009533159455,12.795176470588231,3.220909090909092,2.858490799186507,0.3624182917225851,27.050978480395564,8.51764705882353,13.163636363636364,0.07058823529411765
2025,ryan flournoy,Ryan Flournoy,DAL,WR,56,40,475,4,71.42857142857143,6.304716981132075,3.040814833749964,8.791785714285714,5.02675,4.37439124750571,0.6523587524942895,9.716175733439636,8.482142857142858,11.875,0.07142857142857142
2025,stefon diggs,Stefon Diggs,NE,WR,102,85,1013,4,83.33333333333334,5.835773195876288,3.020775824593219,8.530098039215687,4.4202352941176475,3.574381760728974,0.8458535333886736,19.759274188969762,9.931372549019608,11.91764705882353,0.0392156862745098
2025,sterling shepard,Sterling Shepard,TB,WR,53,39,371,1,73.58490566037736,6.029423076923076,3.205955018260777,8.698867924528301,3.8694871794871792,3.646006466478947,0.22348071300823236,10.566701962348215,7,9.512820512820513,0.018867924528301886
2025,tee higgins,Tee Higgins,CIN,WR,98,59,846,11,60.204081632653065,5.22721649484536,1.8328989708439571,13.532551020408164,3.2142372881355925,2.8321249910339064,0.38211229710168615,29.02017335209381,8.63265306122449,14.338983050847459,0.11224489795918367
2025,terry mclaurin,Terry McLaurin,WAS,WR,60,38,582,3,63.33333333333333,6.691833333333333,2.3780530890909906,14.059333333333335,2.7744736842105264,2.6908732851494332,0.08360039906109318,22.392227649182416,9.7,15.31578947368421,0.05
2025,travis hunter,Travis Hunter,JAX,WR,45,28,298,1,62.22222222222222,7.03475,3.318525980266503,7.594666666666667,5.498928571428572,4.736819089659643,0.7621094817689293,7.005374558781929,6.622222222222222,10.642857142857142,0.022222222222222223
2025,tre tucker,Tre Tucker,LV,WR,92,57,696,5,61.95652173913043,7.618735632183907,3.6219217863116024,10.305434782608698,5.249824561403509,5.017804735462975,0.23201982594053394,29.08184079678293,7.565217391304348,12.210526315789474,0.05434782608695652
2025,troy franklin,Troy Franklin,DEN,WR,104,65,709,6,62.5,6.690531914893617,3.008025890829162,12.681346153846153,4.330923076923077,4.033374873771905,0.29754820315117225,30.12203115757161,6.8173076923076925,10.907692307692308,0.057692307692307696
2025,tyler lockett,Tyler Lockett,LV,WR,55,32,291,1,58.18181818181818,6.275094339622641,2.7826098049365333,7.525818181818181,2.74375,3.7804426846943335,-1.0366926846943336,12.696504105689685,5.290909090909091,9.09375,0.01818181818181818
2025,van jefferson,Van Jefferson,TEN,WR,52,29,350,1,55.769230769230774,6.0706,2.633552020665373,12.02403846153846,3.09103448275862,2.52735979131191,0.5636746914467099,16.111202729306022,6.730769230769231,12.068965517241379,0.019230769230769232
2025,wan dale robinson,Wan'Dale Robinson,NYG,WR,140,92,1014,4,65.71428571428571,6.710916666666668,3.365855718834662,8.654928571428572,4.5775,4.232682747537389,0.34481725246261075,27.615607265765675,7.242857142857143,11.021739130434783,0.02857142857142857
2025,xavier hutchinson,Xavier Hutchinson,HOU,WR,57,35,428,3,61.40350877192983,5.520909090909091,3.045248814335496,9.077017543859649,4.554857142857143,4.008151917155871,0.5467052257012721,11.391563386886897,7.508771929824562,12.228571428571428,0.05263157894736842
2025,xavier legette,Xavier Legette,CAR,WR,64,35,363,3,54.6875,6.733448275862068,2.599621613011182,10.80453125,2.4494285714285717,3.0210836777560526,-0.5716551063274808,20.307897434090158,5.671875,10.371428571428572,0.046875
2025,xavier worthy,Xavier Worthy,KC,WR,73,42,532,1,57.534246575342465,6.294428571428572,3.45903024945309,12.358219178082189,5.117380952380951,5.579427383416141,-0.4620464310351906,21.899715011190786,7.287671232876712,12.666666666666666,0.0136986301369863
2025,zay flowers,Zay Flowers,BAL,WR,118,86,1211,5,72.88135593220339,6.454454545454546,3.579677557341893,9.922881355932205,5.58267441860465,5.386771908808303,0.1959025097963476,34.7383130156677,10.26271186440678,14.081395348837209,0.0423728813559322
