"Player","Pos","Team                     Signed With","Age                     At Signing","Start                     Year","End                     Year","Yrs","Value","Average                     Salary","Average %                     % of Cap At Sign","Signing Bonus","Guarantee                     at Sign","Practical                     Guarantee","2-Year                     Cash Total","3-Year                     Cash Total"
"Calvin Johnson","WR","DET                  DET","26","2012","2019","7","$113,450,000","$16,207,143","13.44%","$16,000,000","$31,885,000","$53,250,000","$45,155,000","$50,161,924"
"Larry Fitzgerald","WR","ARI                  ARI","27","2011","2018","7","$113,000,000","$16,142,857","13.41%","$10,000,000","$27,000,000","$45,000,000","$40,250,000","$45,500,000"
"Michael Thomas","WR","NO                  NO","25","2019","2024","5","$96,250,000","$19,250,000","10.23%","$20,000,000","$35,648,043","$60,598,043","$32,648,043","$45,448,043"
"Odell Beckham, Jr.","WR","NYG                  NYG","25","2018","2023","5","$90,000,000","$18,000,000","10.16%","$20,000,000","$40,959,000","$65,000,000","$38,472,388","$52,737,057"
"Mike Evans","WR","TB                  TB","24","2018","2023","5","$82,500,000","$16,500,000","9.31%","","$38,258,000","$55,008,000","$38,258,000","$55,008,000"
"DeAndre Hopkins","WR","HOU                  HOU","24","2017","2022","5","$81,000,000","$16,200,000","9.70%","$7,500,000","$36,500,000","$49,000,000","$36,500,000","$49,000,000"
"Brandin Cooks","WR","LAR                  LAR","24","2018","2022","5","$81,000,000","$16,200,000","9.14%","$7,000,000","$20,459,000","$49,459,000","$38,459,000","$46,476,022"
"Jarvis Landry","WR","CLE                  CLE","25","2018","2022","5","$75,500,000","$15,100,000","8.52%","$7,500,000","$34,000,000","$47,000,000","$34,066,078","$47,147,857"
"Stefon Diggs","WR","MIN                  MIN","24","2018","2023","5","$72,000,000","$14,400,000","8.13%","$15,000,000","$16,907,000","$40,007,000","$26,407,000","$41,238,050"
"Julio Jones","WR","ATL                  ATL","25","2015","2020","5","$71,256,045","$14,251,209","9.95%","$12,000,000","$35,500,000","$47,000,000","$35,510,829","$47,010,829"
"Demaryius Thomas","WR","DEN                  DEN","27","2015","2019","5","$70,000,000","$14,000,000","9.77%","$11,000,000","$35,000,000","$43,500,000","$35,000,000","$47,500,000"
"Dez Bryant","WR","DAL                  DAL","26","2015","2019","5","$70,000,000","$14,000,000","9.77%","$20,000,000","$32,000,000","$45,000,000","$32,000,000","$45,000,000"
"Antonio Brown","WR","PIT                  PIT","28","2017","2021","4","$68,000,000","$17,000,000","10.18%","$19,000,000","$19,000,000","$19,000,000","$33,785,000","$48,910,000"
"Andre Johnson","WR","HOU                  HOU","28","2010","2016","7","$67,800,000","$9,685,714","","$2,817,500","","$20,500,000","$20,966,666","$29,549,999"
"Julio Jones","WR","ATL                  ATL","29","2019","2023","3","$66,000,000","$22,000,000","11.69%","$25,000,000","$64,000,000","$64,000,000","$48,730,948","$64,030,948"
"T.Y. Hilton","WR","IND                  IND","25","2015","2020","5","$65,000,000","$13,000,000","9.07%","$10,000,000","$11,000,000","$28,000,000","$20,000,000","$28,000,000"
"Percy Harvin","WR","SEA                  SEA","24","2013","2018","6","$64,245,000","$10,707,500","8.66%","$12,000,000","","$14,500,000","$20,970,588","$31,470,588"
"Adam Thielen","WR","MIN                  MIN","28","2019","2024","4","$64,200,000","$16,050,000","8.53%","$9,000,000","$14,105,000","$33,000,000","$24,308,124","$35,890,467"
"Mike Wallace","WR","MIA                  MIA","26","2013","2017","5","$60,000,000","$12,000,000","9.71%","$11,000,000","$27,000,000","$30,000,000","$27,100,000","$37,000,000"
"A.J. Green","WR","CIN                  CIN","26","2015","2019","4","$60,000,000","$15,000,000","10.47%","$15,000,000","$26,750,000","$32,750,000","$36,750,000","$47,250,000"
"Davante Adams","WR","GB                  GB","24","2017","2021","4","$58,000,000","$14,500,000","8.68%","$18,000,000","$24,000,000","$30,000,000","$25,930,713","$33,055,713"
"Dwayne Bowe","WR","KC                  KC","28","2013","2017","5","$56,000,000","$11,200,000","9.06%","$15,000,000","","$20,000,000","$24,485,294","$35,485,294"
"Vincent Jackson","WR","TB                  TB","28","2012","2016","5","$55,555,555","$11,111,111","9.21%","","$26,000,000","$26,000,000","$26,000,000","$36,000,000"
"Jeremy Maclin","WR","KC                  KC","26","2015","2019","5","$55,000,000","$11,000,000","7.68%","$12,000,000","$22,500,000","$22,500,000","$23,000,000","$33,000,000"
"Miles Austin","WR","DAL                  DAL","25","2010","2016","7","$54,100,000","$7,728,571","","","","$17,078,000","$25,618,000","$26,768,000"
"Tyreek Hill","WR","KC                  KC","24","2019","2022","3","$54,000,000","$18,000,000","9.56%","$5,800,000","$22,540,000","$35,000,000","$22,847,415","$38,447,915"
"Alshon Jeffery","WR","PHI                  PHI","26","2017","2021","4","$52,000,000","$13,000,000","7.78%","$6,250,000","$14,000,000","$26,750,000","$23,900,000","$35,650,000"
"Antonio Brown","WR","OAK                  OAK","30","2019","2021","3","$50,125,000","$16,708,333","8.88%","$1,000,000","$30,125,000","$30,125,000","$32,125,000","$49,625,000"
"Sammy Watkins","WR","KC                  KC","24","2018","2020","3","$48,000,000","$16,000,000","9.03%","$21,000,000","$30,000,000","$30,000,000","$34,000,000","$48,000,000"
"Pierre Garcon","WR","SF                  SF","30","2017","2021","5","$47,500,000","$9,500,000","5.69%","$12,000,000","$17,000,000","$20,000,000","$22,750,000","$28,625,000"
"DeSean Jackson","WR","PHI                  PHI","25","2012","2016","5","$47,000,000","$9,400,000","7.79%","$10,000,000","$15,000,000","$15,000,000","$18,000,000","$28,750,000"
"Doug Baldwin","WR","SEA                  SEA","27","2016","2020","4","$46,000,000","$11,500,000","7.41%","$7,000,000","$12,000,000","$24,250,000","$20,250,000","$28,906,250"
"Greg Jennings","WR","MIN                  MIN","29","2013","2017","5","$45,000,000","$9,000,000","7.28%","$10,000,000","","$17,800,000","$18,000,000","$27,000,000"
"Santonio Holmes","WR","NYJ                  NYJ","26","2011","2015","5","$45,000,000","$9,000,000","7.48%","$6,250,000","","$24,000,000","$16,250,000","$24,000,000"
"Keenan Allen","WR","SD                  SD","23","2016","2020","4","$45,000,000","$11,250,000","7.25%","$9,500,000","$20,656,000","$20,656,000","$21,921,000","$29,671,000"
"Brandon Marshall","WR","MIA                  MIA","26","2011","2014","5","$44,779,000","$8,955,800","7.44%","$5,500,000","","$12,500,000","$24,700,000","$34,000,000"
"Tyrell Williams","WR","OAK                  OAK","26","2019","2022","4","$44,300,000","$11,075,000","5.88%","","$10,000,000","$22,000,000","$21,200,000","$32,800,000"
"Victor Cruz","WR","NYG                  NYG","26","2013","2018","5","$43,000,000","$8,600,000","6.96%","$9,500,000","$14,129,000","$15,629,000","$15,654,000","$21,879,000"
"Tyler Boyd","WR","CIN                  CIN","24","2019","2023","4","$43,000,000","$10,750,000","5.71%","$7,000,000","$11,080,769","$17,280,769","$18,067,623","$26,502,917"
"Pierre Garcon","WR","WAS                  WAS","25","2012","2016","5","$42,500,000","$8,500,000","7.05%","$11,000,000","$13,100,000","$20,500,000","$19,390,625","$26,890,625"
"Allen Robinson","WR","CHI                  CHI","24","2018","2020","3","$42,000,000","$14,000,000","7.90%","$6,000,000","$18,000,000","$25,200,000","$29,827,878","$42,864,414"
"Tavon Austin","WR","LAR                  LAR","25","2016","2021","4","$42,000,000","$10,500,000","6.76%","","$17,000,000","$28,500,000","$20,875,000","$28,875,000"
"Antonio Brown","WR","PIT                  PIT","23","2012","2017","5","$41,960,000","$8,392,000","6.96%","$8,500,000","$8,500,000","$8,500,000","$16,040,000","$22,040,000"
"Sterling Shepard","WR","NYG                  NYG","25","2019","2023","4","$41,000,000","$10,250,000","5.45%","$10,000,000","$10,760,624","$21,260,624","$17,260,624","$24,260,624"
"Sidney Rice","WR","SEA                  SEA","24","2011","2015","5","$41,000,000","$8,200,000","6.81%","$6,000,000","","$15,000,000","$15,000,000","$23,500,000"
"Allen Hurns","WR","JAX                  JAX","24","2016","2020","4","$40,650,000","$10,162,500","6.55%","","$16,000,000","$16,000,000","$16,000,000","$23,000,000"
"Paul Richardson","WR","WAS                  WAS","25","2018","2022","5","$40,000,000","$8,000,000","4.51%","$10,000,000","$12,500,000","$16,500,000","$17,031,250","$23,343,750"
"Torrey Smith","WR","SF                  SF","25","2015","2019","5","$40,000,000","$8,000,000","5.58%","$8,000,000","$8,750,000","$22,000,000","$16,030,450","$23,905,450"
"Randall Cobb","WR","GB                  GB","24","2015","2018","4","$40,000,000","$10,000,000","6.98%","$13,000,000","$13,000,000","$13,000,000","$20,934,198","$30,402,948"
"Marvin Jones","WR","DET                  DET","25","2016","2020","5","$40,000,000","$8,000,000","5.15%","$8,000,000","$13,000,000","$20,000,000","$20,000,000","$27,000,000"
"Mike Williams","WR","TB                  TB","25","2013","2018","5","$39,620,000","$7,924,000","6.41%","","","$9,400,000","$10,000,000","$16,800,000"
"Jordy Nelson","WR","GB                  GB","28","2014","2018","4","$39,050,000","$9,762,500","7.34%","$11,500,000","$11,500,000","$11,500,000","$16,573,563","$22,573,563"
"Golden Tate","WR","NYG                  NYG","30","2019","2022","4","$37,500,000","$9,375,000","4.98%","$10,000,000","$22,950,000","$22,950,000","$22,358,823","$30,858,823"
"Marques Colston","WR","NO                  NO","28","2012","2016","5","$36,300,000","$7,260,000","6.02%","$10,000,000","","$17,700,000","$15,900,000","$21,500,000"
"Eric Decker","WR","NYJ                  NYJ","26","2014","2018","5","$36,250,000","$7,250,000","5.45%","$7,500,000","$15,000,000","$15,000,000","$15,026,693","$21,526,693"
"Stevie Johnson","WR","BUF                  BUF","25","2012","2016","5","$36,250,000","$7,250,000","6.01%","$8,500,000","","$11,000,000","$18,425,000","$22,350,000"
"Adam Humphries","WR","TEN                  TEN","25","2019","2022","4","$36,000,000","$9,000,000","4.78%","$10,000,000","$12,000,000","$19,000,000","$19,593,750","$26,562,500"
"Quincy Enunwa","WR","NYJ                  NYJ","26","2019","2022","4","$36,000,000","$9,000,000","4.78%","$9,000,000","$10,000,000","$20,078,588","$16,000,000","$23,800,000"
"Robert Woods","WR","LAR                  LAR","24","2017","2021","5","$34,000,000","$6,800,000","4.07%","","$10,000,000","$15,000,000","$15,990,019","$22,490,019"
"Michael Crabtree","WR","OAK                  OAK","27","2015","2019","4","$34,000,000","$8,500,000","5.93%","","$5,500,000","$16,570,000","$15,127,809","$21,697,662"
"Marqise Lee","WR","JAX                  JAX","26","2018","2021","4","$34,000,000","$8,500,000","4.80%","$7,000,000","$16,500,000","$16,500,000","$16,500,000","$23,031,250"
"DeSean Jackson","WR","TB                  TB","30","2017","2019","3","$33,500,000","$11,166,667","6.69%","","$20,000,000","$20,000,000","$23,500,000","$33,500,000"
"Emmanuel Sanders","WR","DEN                  DEN","28","2016","2019","3","$33,000,000","$11,000,000","7.08%","$10,750,000","$20,000,000","$26,900,000","$20,100,000","$28,369,752"
"Laurent Robinson","WR","JAX                  JAX","26","2012","2016","5","$32,500,000","$6,500,000","5.39%","$8,000,000","","$13,600,000","$13,800,000","$19,500,000"
"Kenny Britt","WR","CLE                  CLE","28","2017","2020","4","$32,500,000","$8,125,000","4.87%","$6,500,000","$10,500,000","$17,000,000","$17,000,000","$24,750,000"
"Mohamed Sanu","WR","ATL                  ATL","26","2016","2020","5","$32,500,000","$6,500,000","4.19%","$7,000,000","$14,000,000","$14,000,000","$14,000,000","$20,125,000"
"Kenny Stills","WR","MIA                  MIA","24","2017","2020","4","$32,000,000","$8,000,000","4.79%","$7,000,000","$16,950,000","$19,950,000","$17,000,000","$24,975,000"
"Golden Tate","WR","DET                  DET","25","2014","2018","5","$31,000,000","$6,200,000","4.66%","$8,000,000","$10,500,000","$16,000,000","$13,288,850","$18,038,850"
"Brian Hartline","WR","MIA                  MIA","26","2013","2017","5","$30,775,000","$6,155,000","4.98%","$7,000,000","","$12,500,000","$12,525,000","$18,475,000"
"Tyler Lockett","WR","SEA                  SEA","25","2018","2021","3","$30,750,000","$10,250,000","5.78%","$9,000,000","$11,000,000","$14,907,000","$16,507,000","$26,707,000"
"DeVante Parker","WR","MIA                  MIA","25","2019","2023","4","$30,500,000","$7,625,000","4.05%","$9,500,000","$10,800,000","$21,750,000","$21,037,500","$30,306,610"
"Brandon Marshall","WR","CHI                  CHI","29","2014","2017","3","$30,000,000","$10,000,000","7.52%","$7,500,000","$14,800,000","$22,300,000","$22,710,457","$30,810,457"
"Steve Smith","WR","CAR                  CAR","32","2012","2016","4","$30,000,000","$7,500,000","6.22%","$10,000,000","","$14,750,000","$14,750,000","$21,750,000"
"Cole Beasley","WR","BUF                  BUF","29","2019","2022","4","$29,000,000","$7,250,000","3.85%","$6,000,000","$10,700,000","$14,400,000","$17,033,955","$22,904,531"
"Danny Amendola","WR","NE                  NE","27","2013","2017","5","$28,500,000","$5,700,000","4.61%","$6,000,000","","$10,000,000","$11,875,000","$16,375,000"
"Jamison Crowder","WR","NYJ                  NYJ","25","2019","2021","3","$28,500,000","$9,500,000","5.05%","$3,000,000","$17,000,000","$17,000,000","$17,875,000","$23,227,932"
"DeSean Jackson","WR","PHI                  PHI","32","2019","2021","3","$27,900,000","$9,300,000","4.94%","$7,170,000","$13,000,000","$15,000,000","$17,350,000","$26,075,000"
"Antonio Bryant","WR","CIN                  CIN","28","2010","2013","4","$27,000,000","$6,750,000","","$3,600,000","","","$13,500,000","$13,750,000"
"John Brown","WR","BUF                  BUF","28","2019","2021","3","$27,000,000","$9,000,000","4.78%","$4,800,000","$10,100,000","$11,700,000","$18,665,015","$26,596,265"
"Taylor Gabriel","WR","CHI                  CHI","26","2018","2021","4","$26,000,000","$6,500,000","3.67%","$4,000,000","$14,000,000","$14,000,000","$14,015,684","$19,515,684"
"Brandon Marshall","WR","NYJ                  NYJ","30","2015","2017","3","$26,000,000","$8,666,667","6.05%","","$9,000,000","$9,000,000","$18,522,441","$26,022,441"
"Robert Meachem","WR","SD                  SD","27","2012","2015","4","$25,900,000","$6,475,000","5.37%","$7,500,000","","$14,000,000","$14,000,000","$19,000,000"
"Corey Davis","WR","TEN                  TEN","21","2017","2020","4","$25,394,688","$6,348,672","3.80%","$16,608,864","$25,394,688","$25,394,688","$18,693,171","$21,466,785"
"Santonio Holmes","WR","NYJ                  NYJ","28","2013","2015","3","$25,250,000","$8,416,667","6.81%","","","$7,500,000","$15,750,000","$22,250,000"
"Anquan Boldin","WR","BAL                  BAL","29","2010","2013","3","$25,000,000","$8,333,333","","$6,125,000","","$8,000,000","$16,000,000","$22,000,000"
"Travis Benjamin","WR","SD                  SD","26","2016","2019","4","$24,000,000","$6,000,000","3.86%","$5,000,000","$13,000,000","$13,000,000","$13,000,000","$18,750,000"
"Albert Wilson","WR","MIA                  MIA","25","2018","2020","3","$24,000,000","$8,000,000","4.51%","$4,000,000","$14,450,000","$14,450,000","$14,500,000","$24,000,000"
"DeSean Jackson","WR","WAS                  WAS","27","2014","2016","4","$24,000,000","$6,000,000","4.51%","$5,000,000","$16,000,000","$16,000,000","$16,005,251","$24,005,251"
"Amari Cooper","WR","OAK                  OAK","20","2015","2019","4","$22,663,116","$5,665,779","3.95%","$14,742,266","$22,663,116","$22,663,116","$16,673,786","$19,169,070"
"Steve Breaston","WR","KC                  KC","27","2011","2015","5","$22,550,000","$4,510,000","3.75%","$5,000,000","","$9,500,000","$9,250,000","$13,250,000"
"Riley Cooper","WR","PHI                  PHI","26","2014","2017","5","$22,500,000","$4,500,000","3.38%","$4,000,000","","$8,000,000","$9,027,083","$13,527,083"
"Larry Fitzgerald","WR","ARI                  ARI","31","2015","2016","2","$22,000,000","$11,000,000","7.68%","$10,000,000","$22,000,000","$22,000,000","$22,013,887","$22,013,887"
"Devin Hester","WR","CHI                  CHI","27","2010","2013","4","$21,956,025","$5,489,006","","$2,499,999","","$5,000,000","$10,333,499","$12,229,499"
"Kevin Walter","WR","HOU                  HOU","28","2010","2014","5","$21,500,000","$4,300,000","","$5,000,000","","$11,000,000","$11,000,000","$13,000,000"
"Michael Crabtree","WR","BAL                  BAL","30","2018","2020","3","$21,000,000","$7,000,000","3.95%","$7,000,000","$8,000,000","$13,000,000","$15,000,000","$21,000,000"
"Andre Johnson","WR","IND                  IND","33","2015","2017","3","$21,000,000","$7,000,000","4.89%","","$10,000,000","$10,000,000","$15,000,000","$21,000,000"
"Lance Moore","WR","NO                  NO","27","2011","2015","5","$20,000,000","$4,000,000","3.32%","$3,000,000","","$7,000,000","$8,700,000","$12,000,000"
"Sammy Watkins","WR","BUF                  BUF","20","2014","2017","4","$19,935,603","$4,983,901","3.75%","$12,818,620","$19,935,603","$19,935,603","$14,564,784","$16,797,112"
"Mike Williams","WR","LAC                  LAC","22","2017","2021","4","$19,749,928","$4,937,482","2.96%","$12,503,584","$19,749,928","$19,749,928","$14,331,308","$16,591,756"
"Jakeem Grant","WR","MIA                  MIA","26","2019","2021","4","$19,700,000","$4,925,000","2.62%","$3,000,000","$3,720,000","$7,500,000","$7,570,629","$11,658,129"
"A.J. Green","WR","CIN                  CIN","22","2011","2015","4","$19,688,098","$4,922,025","4.09%","$12,818,620","","$19,688,098","$14,463,533","$16,628,359"
"Marquise Goodwin","WR","SF                  SF","27","2018","2022","3","$19,250,000","$6,416,667","3.62%","$2,500,000","$7,700,000","$10,650,000","$10,181,250","$10,381,250"
"Adam Thielen","WR","MIN                  MIN","26","2017","2020","4","$19,246,000","$4,811,500","2.88%","$4,000,000","$9,646,000","$9,646,000","$12,846,000","$19,946,000"
"Mike Thomas","WR","JAX                  JAX","23","2011","2015","5","$19,045,000","$3,809,000","3.16%","$2,500,000","","$9,000,000","$8,025,000","$8,075,000"
"Justin Blackmon","WR","JAX                  JAX","21","2012","2015","4","$18,512,010","$4,628,003","3.84%","$11,903,272","$18,512,010","$18,512,010","$9,607,199","$9,607,199"
"Roddy White","WR","ATL                  ATL","32","2014","2017","3","$18,000,000","$6,000,000","4.51%","$7,550,000","$7,550,000","$7,550,000","$14,242,029","$18,492,029"
"Reggie Wayne","WR","IND                  IND","33","2012","2014","3","$17,500,000","$5,833,333","4.84%","$6,500,000","","$7,500,000","$14,500,000","$18,500,000"
"Dwayne Harris","WR","NYG                  NYG","27","2015","2019","5","$17,500,000","$3,500,000","2.44%","$4,000,000","$7,100,000","$7,100,000","$8,058,107","$10,558,107"
"John Ross","WR","CIN                  CIN","22","2017","2020","4","$17,115,863","$4,278,966","2.56%","$10,587,900","$17,115,863","$17,115,863","$12,268,363","$14,307,872"
"Julian Edelman","WR","NE                  NE","27","2014","2017","4","$17,000,000","$4,250,000","3.20%","$5,000,000","$6,000,000","$8,000,000","$9,609,375","$13,638,010"
"Terrance Williams","WR","DAL                  DAL","27","2017","2020","4","$17,000,000","$4,250,000","2.54%","$5,000,000","$9,500,000","$9,500,000","$8,882,352","$12,382,352"
"Kevin White","WR","CHI                  CHI","21","2015","2018","4","$16,563,047","$4,140,762","2.89%","$10,305,852","$16,563,047","$16,563,047","$11,793,357","$13,734,089"
"Julio Jones","WR","ATL                  ATL","21","2011","2015","4","$16,183,750","$4,045,938","3.36%","$10,270,000","","$16,183,750","$11,770,625","$13,616,875"
"Andre Roberts","WR","WAS                  WAS","25","2014","2017","4","$16,000,000","$4,000,000","3.01%","$4,000,000","$5,250,000","$8,000,000","$8,009,081","$12,009,081"
"Jarvis Landry","WR","MIA                  MIA","25","2018","2018","1","$15,982,000","$15,982,000","9.02%","","$15,982,000","$15,982,000","$15,982,000","$15,982,000"
"Julian Edelman","WR","NE                  NE","32","2019","2021","2","$15,500,000","$7,750,000","4.12%","$8,000,000","$12,000,000","$12,000,000","$17,462,565","$20,880,212"
"Joshua Cribbs","WR","CLE                  CLE","26","2010","2012","3","$15,496,000","$5,165,333","","$3,300,000","","$7,500,000","$5,645,500","$7,233,500"
"Torrey Smith","WR","PHI                  PHI","27","2017","2019","3","$15,000,000","$5,000,000","2.99%","","$500,000","$500,000","$10,000,000","$13,000,000"
"Rishard Matthews","WR","TEN                  TEN","26","2016","2018","3","$15,000,000","$5,000,000","3.22%","$2,500,000","$5,000,000","$5,000,000","$11,000,000","$16,000,000"
"Eddie Royal","WR","CHI                  CHI","28","2015","2017","3","$15,000,000","$5,000,000","3.49%","","$10,000,000","$10,000,000","$10,009,619","$15,009,619"
"Emmanuel Sanders","WR","DEN                  DEN","26","2014","2016","3","$15,000,000","$5,000,000","3.76%","$3,000,000","$6,000,000","$6,000,000","$10,850,000","$16,450,000"
"Earl Bennett","WR","CHI                  CHI","23","2011","2015","4","$15,000,000","$3,750,000","3.12%","$6,000,000","","$7,000,000","$8,800,000","$10,150,000"
"Santana Moss","WR","WAS                  WAS","31","2011","2013","3","$15,000,000","$5,000,000","4.15%","$5,000,000","","$6,000,000","",""
"Jarius Wright","WR","MIN                  MIN","25","2015","2019","4","$14,800,000","$3,700,000","2.58%","$5,300,000","$7,000,000","$7,000,000","$8,842,000","$11,492,000"
"Brad Smith","WR","BUF                  BUF","27","2011","2014","4","$14,750,000","$3,687,500","3.06%","$2,000,000","","$3,250,000","$8,250,000","$10,325,000"
"Mike Evans","WR","TB                  TB","20","2014","2018","4","$14,631,502","$3,657,876","2.75%","$8,961,092","$14,631,502","$14,631,502","$10,501,246","$12,251,383"
"Alshon Jeffery","WR","CHI                  CHI","25","2016","2016","1","$14,599,000","$14,599,000","9.40%","","$14,599,000","$14,599,000","$11,163,940","$11,163,940"
"Jordy Nelson","WR","OAK                  OAK","32","2018","2019","2","$14,200,000","$7,100,000","4.01%","","$6,400,000","$13,000,000","$14,537,500","$14,537,500"
"Demaryius Thomas","WR","DEN                  DEN","22","2010","2014","5","$14,150,500","$2,830,100","","$6,375,000","$9,351,750","$9,351,750","$8,090,000","$9,994,000"
"Jeremy Kerley","WR","NYJ                  NYJ","26","2015","2018","4","$14,000,000","$3,500,000","2.44%","$3,000,000","$5,400,000","$5,400,000","$6,453,683","$8,953,683"
"Cole Beasley","WR","DAL                  DAL","25","2015","2018","4","$13,606,000","$3,401,500","2.37%","$4,000,000","$5,000,000","$7,356,000","$7,356,000","$10,856,000"
"Andrew Hawkins","WR","CLE                  CLE","27","2014","2017","4","$13,600,000","$3,400,000","2.56%","","$6,800,000","$6,800,000","$10,800,000","$11,800,000"
"Jermaine Kearse","WR","SEA                  SEA","25","2016","2018","3","$13,500,000","$4,500,000","2.90%","$5,500,000","$6,300,000","$6,300,000","$9,050,000","$14,600,000"
"Eddie Royal","WR","SD                  SD","25","2012","2014","3","$13,500,000","$4,500,000","3.73%","$4,500,000","","$6,000,000","$9,000,000","$12,500,000"
"Jordy Nelson","WR","GB                  GB","25","2011","2014","3","$13,100,000","$4,366,667","3.63%","$3,500,000","","$3,500,000","$7,050,000","$10,150,000"
"Doug Baldwin","WR","SEA                  SEA","25","2014","2016","3","$13,000,000","$4,333,333","3.26%","$4,800,000","$6,200,000","$8,500,000","$9,750,519","$14,475,519"
"Chris Chambers","WR","KC                  KC","31","2010","2012","3","$13,000,000","$4,333,333","","","","","$9,450,000","$12,950,000"
"Demaryius Thomas","WR","DEN                  DEN","27","2015","2015","1","$12,823,000","$12,823,000","8.95%","","","","$12,823,000","$12,823,000"
"Dez Bryant","WR","DAL                  DAL","26","2015","2015","1","$12,823,000","$12,823,000","8.95%","","","","$12,823,000","$12,823,000"
"Tavon Austin","WR","STL                  STL","22","2013","2017","4","$12,751,002","$3,187,751","2.58%","$7,653,456","$12,751,002","$12,751,002","$9,043,047","$10,648,882"
"Dwayne Bowe","WR","CLE                  CLE","30","2015","2016","2","$12,500,000","$6,250,000","4.36%","$3,500,000","$9,000,000","$9,000,000","$12,500,000","$12,500,000"
"Harry Douglas","WR","ATL                  ATL","26","2012","2015","4","$12,500,000","$3,125,000","2.59%","$2,250,000","","$3,000,000","$6,250,000","$9,000,000"
"Seth Roberts","WR","OAK                  OAK","25","2017","2019","3","$12,000,000","$4,000,000","2.40%","","$6,250,000","$6,250,000","$6,450,000","$11,100,000"
"Chris Hogan","WR","NE                  NE","28","2016","2018","3","$12,000,000","$4,000,000","2.58%","","$7,500,000","$7,500,000","$8,275,120","$11,775,120"
"Allen Hurns","WR","DAL                  DAL","26","2018","2019","2","$12,000,000","$6,000,000","3.39%","$2,500,000","$2,500,000","$2,500,000","$11,000,000","$11,000,000"
"Danny Amendola","WR","MIA                  MIA","32","2018","2019","2","$12,000,000","$6,000,000","3.39%","","$6,000,000","$6,000,000","$12,000,000","$12,000,000"
"Wes Welker","WR","DEN                  DEN","31","2013","2014","2","$12,000,000","$6,000,000","4.85%","$4,000,000","","$6,000,000","$11,797,059","$11,797,059"
"Brandon Lloyd","WR","NE                  NE","30","2012","2014","3","$12,000,000","$4,000,000","3.32%","$3,000,000","","$3,900,000","$9,000,000","$12,000,000"
"Jacoby Jones","WR","BAL                  BAL","29","2014","2017","4","$12,000,000","$3,000,000","2.26%","$3,500,000","","$3,500,000","$7,000,000","$9,500,000"
"Anquan Boldin","WR","SF                  SF","33","2014","2015","2","$12,000,000","$6,000,000","4.51%","$4,545,000","$5,500,000","$9,000,000","$12,015,679","$12,015,679"
"Chad Johnson","WR","NE                  NE","32","2011","2013","3","$11,950,000","$3,983,333","3.31%","$4,750,000","","$4,750,000","$6,775,000","$6,875,000"
"Dez Bryant","WR","DAL                  DAL","21","2010","2014","5","$11,810,500","$2,362,100","","$1,950,000","$8,625,000","$8,625,000","$4,202,500","$7,973,000"
"Marquise Brown","WR","BAL                  BAL","21","2019","2023","4","$11,787,340","$2,946,835","1.57%","$6,592,612","$11,094,976","$11,094,976","$8,335,592","$9,902,168"
"Malcom Floyd","WR","SD                  SD","30","2012","2015","3","$11,550,000","$3,850,000","3.19%","$1,000,000","","$5,250,000","$7,250,000","$10,000,000"
"Mike Wallace","WR","BAL                  BAL","29","2016","2017","2","$11,500,000","$5,750,000","3.70%","$4,500,000","$4,500,000","$4,500,000","$11,500,000","$11,500,000"
"Josh Morgan","WR","WAS                  WAS","26","2012","2013","2","$11,500,000","$5,750,000","4.77%","$5,500,000","","$7,300,000","$11,500,000","$20,500,000"
"Vincent Jackson","WR","SD                  SD","27","2011","2011","1","$11,424,000","$11,424,000","9.49%","","","","$11,424,000","$11,424,000"
"Harry Douglas","WR","TEN                  TEN","29","2015","2017","3","$11,250,000","$3,750,000","2.62%","$2,200,000","$3,750,000","$3,750,000","$5,798,852","$7,155,102"
"Mike Williams","WR","SEA                  SEA","25","2010","2013","3","$11,250,000","$3,750,000","","$500,000","","$500,000","$4,045,000","$7,045,000"
"Corey Coleman","WR","CLE                  CLE","21","2016","2020","4","$11,204,997","$2,801,249","1.80%","$6,676,361","$11,204,997","$11,204,997","$8,106,134","$9,615,679"
"D.J. Moore","WR","CAR                  CAR","20","2018","2022","4","$11,171,316","$2,792,829","1.58%","$6,204,593","$10,390,810","$10,390,810","$7,753,606","$9,406,718"
"Larry Fitzgerald","WR","ARI                  ARI","33","2017","2018","1","$11,000,000","$11,000,000","6.59%","","","","$23,000,000","$23,000,000"
"Jeremy Maclin","WR","BAL                  BAL","28","2017","2018","2","$11,000,000","$5,500,000","3.29%","","$6,000,000","$6,000,000","$11,000,000","$11,000,000"
"Julian Edelman","WR","NE                  NE","30","2017","2019","2","$11,000,000","$5,500,000","3.29%","$5,000,000","$7,000,000","$7,000,000","$10,262,255","$14,137,255"
"Markus Wheaton","WR","CHI                  CHI","25","2017","2018","2","$11,000,000","$5,500,000","3.29%","$1,500,000","$6,000,000","$6,000,000","$11,000,000","$11,000,000"
"Ted Ginn Jr.","WR","NO                  NO","31","2017","2019","3","$11,000,000","$3,666,667","2.20%","$3,000,000","$3,000,000","$3,000,000","$8,500,000","$11,000,000"
"Brandon Marshall","WR","NYG                  NYG","32","2017","2018","2","$11,000,000","$5,500,000","3.29%","$2,000,000","$5,000,000","$5,000,000","$10,625,000","$10,625,000"
"Larry Fitzgerald","WR","ARI                  ARI","32","2016","2017","1","$11,000,000","$11,000,000","7.08%","","","$11,000,000","$22,000,000","$22,000,000"
"Larry Fitzgerald","WR","ARI                  ARI","35","2019","2019","1","$11,000,000","$11,000,000","5.84%","","$11,000,000","$11,000,000","$11,766,473","$11,766,473"
"Calvin Ridley","WR","ATL                  ATL","23","2018","2023","4","$10,900,711","$2,725,178","1.54%","$6,007,790","$8,454,251","$8,454,251","$7,525,408","$9,162,563"
"DeVante Parker","WR","MIA                  MIA","21","2015","2019","4","$10,876,543","$2,719,136","1.90%","$6,170,213","$10,876,543","$10,876,543","$7,534,602","$8,958,378"
"Jacoby Jones","WR","HOU                  HOU","26","2011","2013","3","$10,500,000","$3,500,000","2.91%","$1,500,000","","$1,500,000","$6,500,000","$10,500,000"
"Antonio Brown","WR","NE                  NE","30","2019","2019","1","$10,500,000","$10,500,000","5.58%","$9,000,000","$10,000,000","$10,000,000","$30,562,500","$30,562,500"
"Stevie Johnson","WR","SD                  SD","28","2015","2017","3","$10,500,000","$3,500,000","2.44%","$3,000,000","$3,870,000","$3,870,000","$7,039,377","$10,539,377"
"Steve Smith","WR","BAL                  BAL","34","2014","2016","3","$10,500,000","$3,500,000","2.63%","$3,500,000","$3,500,000","$3,500,000","$7,500,000","$10,500,000"
"Odell Beckham, Jr.","WR","NYG                  NYG","21","2014","2018","4","$10,406,198","$2,601,550","1.96%","$5,888,144","$10,406,198","$10,406,198","$7,204,374","$8,570,392"
"Mike Thomas","WR","DET                  DET","24","2012","2015","4","$10,210,000","$2,552,500","2.12%","","","$1,000,000","$50,000","$100,000"
"Will Fuller","WR","HOU                  HOU","21","2016","2020","4","$10,164,313","$2,541,078","1.64%","$5,592,228","$9,409,270","$9,409,270","$6,954,242","$8,328,270"
"N'Keal Harry","WR","NE                  NE","21","2019","2022","4","$10,098,346","$2,524,587","1.34%","$5,364,252","$8,405,237","$8,405,237","$6,966,166","$8,379,198"
"Josh Doctson","WR","WAS                  WAS","23","2016","2019","4","$10,049,642","$2,512,411","1.62%","$5,508,831","$10,049,642","$10,049,642","$6,753,921","$8,117,525"
"James Jones","WR","OAK                  OAK","29","2014","2016","3","$10,000,000","$3,333,333","2.51%","","","$3,650,000","$7,233,333","$10,333,333"
"DeVante Parker","WR","MIA                  MIA","25","2019","2020","2","$10,000,000","$5,000,000","2.66%","","$4,500,000","$4,500,000","$9,843,750","$9,843,750"
"Devin Funchess","WR","IND                  IND","24","2019","2019","1","$10,000,000","$10,000,000","5.31%","","$7,000,000","$7,000,000","$10,000,000","$10,000,000"
"Russell Shepard","WR","CAR                  CAR","26","2017","2019","3","$10,000,000","$3,333,333","2.00%","$2,100,000","$2,100,000","$2,100,000","$6,550,000","$9,950,000"
"Michael Floyd","WR","ARI                  ARI","22","2012","2016","4","$9,971,500","$2,492,875","2.07%","$5,692,000","$9,971,500","$9,971,500","$6,925,250","$8,221,750"
"Laquon Treadwell","WR","MIN                  MIN","20","2016","2019","4","$9,934,979","$2,483,745","1.60%","$1,806,360","$9,484,979","$9,484,979","$6,777,029","$8,130,209"
"Brandon Gibson","WR","MIA                  MIA","25","2013","2015","3","$9,780,000","$3,260,000","2.64%","$3,000,000","","$3,750,000","$6,520,000","$9,780,000"
"Ted Ginn Jr.","WR","ARI                  ARI","28","2014","2016","3","$9,750,000","$3,250,000","2.44%","$2,250,000","$3,250,000","$3,250,000","$7,000,000","$10,250,000"
"James Jones","WR","GB                  GB","26","2011","2013","3","$9,700,000","$3,233,333","2.69%","$1,500,000","","$2,250,000","$6,350,000","$9,600,000"
"Donte Moncrief","WR","JAX                  JAX","24","2018","2018","1","$9,600,000","$9,600,000","5.42%","$4,000,000","$9,600,000","$9,600,000","$9,600,000","$9,600,000"
"Wes Welker","WR","NE                  NE","30","2012","2012","1","$9,515,000","$9,515,000","7.89%","","","","$9,515,000","$9,515,000"
"Dwayne Bowe","WR","KC                  KC","27","2012","2012","1","$9,515,000","$9,515,000","7.89%","","","","$9,515,000","$9,515,000"
"Alshon Jeffery","WR","PHI                  PHI","26","2017","2017","1","$9,500,000","$9,500,000","5.69%","$7,750,000","$8,750,000","$8,750,000","$9,750,000","$9,750,000"
"Cameron Meredith","WR","NO                  NO","25","2018","2019","2","$9,500,000","$4,750,000","2.68%","$3,500,000","$5,350,000","$5,350,000","$6,850,000","$6,850,000"
"DeSean Jackson","WR","PHI                  PHI","25","2012","2012","1","$9,400,000","$9,400,000","7.79%","","","","",""
"Nelson Agholor","WR","PHI                  PHI","21","2015","2019","4","$9,377,374","$2,344,344","1.64%","$5,079,908","$8,520,507","$8,520,507","$6,444,080","$7,731,569"
"Greg Camarillo","WR","MIN                  MIN","28","2011","2011","1","$9,250,000","$9,250,000","7.68%","$25,000","","","",""
"Kenny Britt","WR","STL                  STL","26","2015","2016","2","$9,150,000","$4,575,000","3.19%","","$3,550,000","$3,550,000","$9,176,890","$9,176,890"
"Davone Bess","WR","MIA                  MIA","24","2010","2013","4","$9,030,000","$2,257,500","","$3,000,000","","$3,000,000","$4,533,000","$6,816,000"
"Devin Hester","WR","ATL                  ATL","31","2014","2016","3","$9,000,000","$3,000,000","2.26%","$2,500,000","$3,500,000","$3,500,000","$6,376,605","$9,376,605"
"Brandon LaFell","WR","NE                  NE","27","2014","2016","3","$9,000,000","$3,000,000","2.26%","$3,000,000","","$3,000,000","$6,500,000","$9,175,000"
"Donte Moncrief","WR","PIT                  PIT","25","2019","2020","2","$9,000,000","$4,500,000","2.39%","$3,500,000","$3,500,000","$3,500,000","$4,705,880","$4,705,880"
"Brandon LaFell","WR","CIN                  CIN","30","2017","2018","2","$9,000,000","$4,500,000","2.69%","","$3,300,000","$3,300,000","$9,000,000","$9,000,000"
"Donald Driver","WR","GB                  GB","34","2010","2012","2","$9,000,000","$4,500,000","","","","","$10,959,375","$15,959,375"
"Davone Bess","WR","CLE                  CLE","27","2013","2016","3","$8,817,999","$2,939,333","2.38%","","","$5,700,334","$2,683,334","$2,683,334"
"Michael Jenkins","WR","MIN                  MIN","28","2011","2013","3","$8,750,000","$2,916,667","2.42%","$2,000,000","","","$3,825,000","$4,650,000"
"Breshad Perriman","WR","BAL                  BAL","21","2015","2018","4","$8,705,317","$2,176,329","1.52%","$4,591,139","$7,083,227","$7,083,227","$5,808,658","$7,035,050"
"Donnie Avery","WR","KC                  KC","28","2013","2015","3","$8,550,000","$2,850,000","2.31%","$1,500,000","$3,250,000","$3,250,000","$5,150,000","$8,700,000"
"Travis Benjamin","WR","LAC                  LAC","29","2019","2019","2","$8,500,000","$4,250,000","2.26%","$3,000,000","$3,000,000","$3,000,000","$4,000,000","$4,000,000"
"Jeremy Kerley","WR","SF                  SF","28","2017","2019","3","$8,400,000","$2,800,000","1.68%","$1,700,000","$2,800,000","$3,500,000","$5,450,000","$8,400,000"
"Brandin Cooks","WR","NO                  NO","20","2014","2018","4","$8,383,452","$2,095,863","1.58%","$4,417,056","$7,601,853","$7,601,853","$5,697,854","$6,937,036"
"Kendall Wright","WR","TEN                  TEN","22","2012","2016","4","$8,218,452","$2,054,613","1.70%","$4,417,056","$7,591,754","$7,591,754","$5,570,622","$6,707,754"
"Phillip Dorsett","WR","IND                  IND","21","2015","2018","4","$8,135,414","$2,033,854","1.42%","$4,176,665","$6,591,040","$6,591,040","$5,416,457","$6,591,040"
"Danny Amendola","WR","NE                  NE","30","2016","2017","2","$8,100,000","$4,050,000","2.61%","$100,000","$1,350,000","$1,350,000","$7,930,100","$7,930,100"
"Jerricho Cotchery","WR","CAR                  CAR","31","2014","2018","5","$8,015,000","$1,603,000","1.21%","$2,250,000","","$2,250,000","$5,000,000","$5,000,000"
"Derrick Mason","WR","BAL                  BAL","25","2010","2011","2","$8,000,000","$4,000,000","","","","","$3,500,000","$3,500,000"
"Greg Jennings","WR","MIA                  MIA","31","2015","2016","2","$8,000,000","$4,000,000","2.79%","$3,000,000","$3,000,000","$3,000,000","$8,000,000","$8,000,000"
"Rishard Matthews","WR","TEN                  TEN","28","2018","2019","1","$7,750,000","$7,750,000","4.37%","","","","$13,625,000","$13,625,000"
"Deion Branch","WR","NE                  NE","30","2010","2011","2","$7,670,000","$3,835,000","","","","","$7,770,000","$7,770,000"
"DeAndre Hopkins","WR","HOU                  HOU","20","2013","2017","4","$7,626,702","$1,906,676","1.54%","$3,926,692","$6,181,697","$6,181,697","$5,083,360","$6,254,004"
"Jonathan Baldwin","WR","KC                  KC","21","2011","2014","4","$7,551,602","$1,887,901","1.57%","$3,992,072","","$6,146,837","$5,085,327","$6,146,837"
"Jarius Wright","WR","CAR                  CAR","28","2018","2020","3","$7,500,000","$2,500,000","1.41%","$2,000,000","$2,000,000","$2,000,000","$4,968,488","$7,968,488"
"Mario Manningham","WR","SF                  SF","25","2012","2013","2","$7,375,000","$3,687,500","3.06%","$2,000,000","","$3,200,000","$5,350,000","$5,350,000"
"Deebo Samuel","WR","SF                  SF","22","2019","2022","4","$7,247,476","$1,811,869","0.96%","$3,618,076","$4,731,791","$4,731,791","$4,957,956","$6,152,716"
"Lavelle Hawkins","WR","TEN                  TEN","25","2012","2014","3","$7,200,000","$2,400,000","1.99%","$2,000,000","","$2,000,000","$2,800,000","$2,800,000"
"Randy Moss","WR","NE                  NE","32","2010","2010","1","$7,105,882","$7,105,882","","","","","$1,605,882","$1,605,882"
"Antwaan Randle El","WR","PIT                  PIT","30","2010","2012","3","$7,000,000","$2,333,333","","$900,000","","$900,000","$2,500,000","$2,500,000"
"Allen Hurns","WR","MIA                  MIA","27","2019","2022","2","$7,000,000","$3,500,000","1.86%","$1,300,000","$2,020,000","$2,020,000","$4,000,000","$5,925,000"
"Willie Snead","WR","BAL                  BAL","25","2018","2019","2","$7,000,000","$3,500,000","1.98%","$2,000,000","$3,000,000","$3,000,000","$9,200,000","$9,200,000"
"Tavon Austin","WR","LAR                  LAR","27","2018","2018","1","$7,000,000","$7,000,000","3.95%","","$5,000,000","$5,000,000","$1,875,000","$1,875,000"
"Marcus Easley","WR","BUF                  BUF","27","2015","2018","4","$7,000,000","$1,750,000","1.22%","$1,700,000","$2,200,000","$2,200,000","$3,821,647","$5,271,647"
"A.J.  Jenkins","WR","SF                  SF","22","2012","2015","4","$6,947,533","$1,736,883","1.44%","$3,492,752","","$5,610,143","$4,588,549","$5,610,143"
"Ben Obomanu","WR","SEA                  SEA","27","2011","2013","3","$6,900,000","$2,300,000","1.91%","$500,000","","$500,000","$4,600,000","$4,600,000"
"Courtland Sutton","WR","DEN                  DEN","22","2018","2021","4","$6,841,920","$1,710,480","0.97%","$3,055,942","$3,846,938","$3,846,938","$4,455,798","$5,566,096"
"Zay Jones","WR","BUF                  BUF","21","2017","2020","4","$6,779,831","$1,694,958","1.01%","$3,070,786","$3,843,960","$3,843,960","$4,308,960","$5,054,615"
"Kassim Osgood","WR","JAX                  JAX","29","2010","2012","3","$6,675,000","$2,225,000","","$2,200,000","","$2,200,000","$4,700,000","$7,000,000"
"Jacoby Jones","WR","BAL                  BAL","27","2012","2013","2","$6,500,000","$3,250,000","2.69%","$1,800,000","","$1,800,000","$6,500,000","$6,500,000"
"Curtis Samuel","WR","CAR                  CAR","20","2017","2020","4","$6,453,683","$1,613,421","0.97%","$2,833,588","$4,056,937","$4,056,937","$4,015,640","$5,188,395"
"Dante Pettis","WR","SF                  SF","22","2018","2021","4","$6,400,558","$1,600,140","0.90%","$2,734,951","$3,505,885","$3,505,885","$3,985,885","$4,548,050"
"Cecil Shorts","WR","HOU                  HOU","27","2015","2016","2","$6,000,000","$3,000,000","2.09%","$1,000,000","$2,500,000","$2,500,000","$4,871,875","$4,871,875"
"Percy Harvin","WR","BUF                  BUF","26","2015","2015","1","$6,000,000","$6,000,000","4.19%","$3,000,000","$5,900,000","$5,900,000","$15,000,000","$24,000,000"
"Brian Hartline","WR","CLE                  CLE","28","2015","2016","2","$6,000,000","$3,000,000","2.09%","$1,500,000","$3,000,000","$3,000,000","$6,000,000","$6,000,000"
"Terrelle Pryor","WR","WAS                  WAS","27","2017","2017","1","$6,000,000","$6,000,000","3.59%","$3,000,000","$6,000,000","$6,000,000","$6,000,000","$6,000,000"
"Marquise Goodwin","WR","SF                  SF","26","2017","2018","2","$6,000,000","$3,000,000","1.80%","$2,500,000","$4,450,000","$4,450,000","$6,000,000","$6,000,000"
"Willie Snead","WR","BAL                  BAL","26","2019","2020","1","$6,000,000","$6,000,000","3.19%","$3,500,000","$6,000,000","$6,000,000","$10,078,395","$10,078,395"
"Sterling Shepard","WR","NYG                  NYG","22","2016","2019","4","$5,944,571","$1,486,143","0.96%","$2,523,324","$3,243,532","$3,243,532","$3,693,532","$4,683,948"
"Christian Kirk","WR","ARI                  ARI","21","2018","2021","4","$5,894,867","$1,473,717","0.83%","$2,367,176","$3,595,124","$3,595,124","$3,726,204","$5,044,464"
"Devin Smith","WR","NYJ                  NYJ","22","2015","2018","4","$5,872,419","$1,468,105","1.02%","$2,530,850","$3,232,779","$3,232,779","$3,717,334","$4,686,191"
"Braylon Edwards","WR","NYJ                  NYJ","26","2010","2010","1","$5,835,000","$5,835,000","","$1,000,000","","$1,000,000","$5,835,000","$5,835,000"
"A.J. Brown","WR","TEN                  TEN","21","2019","2022","4","$5,652,368","$1,413,092","0.75%","$2,130,812","$2,882,738","$2,882,738","$3,377,738","$4,386,590"
"Dorial Green-Beckham","WR","TEN                  TEN","21","2015","2018","4","$5,603,597","$1,400,899","0.98%","$2,335,344","$3,025,053","$3,025,053","$3,548,697","$4,493,115"
"Devin Funchess","WR","CAR                  CAR","20","2015","2018","4","$5,520,887","$1,380,222","0.96%","$2,275,190","$2,961,140","$2,961,140","$3,396,140","$4,333,040"
"Jaron Brown","WR","SEA                  SEA","27","2018","2019","2","$5,500,000","$2,750,000","1.55%","$1,950,000","$2,750,000","$2,750,000","$5,500,000","$5,500,000"
"Jacoby Jones","WR","SD                  SD","30","2015","2016","2","$5,500,000","$2,750,000","1.92%","$1,600,000","","$1,600,000","$3,476,470","$3,476,470"
"Justin Hunter","WR","TEN                  TEN","21","2013","2016","4","$5,424,148","$1,356,037","1.10%","$2,324,836","$3,436,388","$3,436,388","$3,381,388","$4,317,540"
"Matthew Slater","WR","NE                  NE","26","2012","2014","3","$5,400,000","$1,800,000","1.49%","$2,000,000","","$2,000,000","$4,400,000","$8,000,000"
"Brian Quick","WR","STL                  STL","22","2012","2015","4","$5,386,599","$1,346,650","1.12%","$2,357,528","","$3,822,373","$3,382,373","$4,262,063"
"Anthony Miller","WR","CHI                  CHI","23","2018","2021","4","$5,353,700","$1,338,425","0.76%","$1,973,600","$2,696,950","$2,696,950","$3,319,318","$4,519,546"
"Josh Gordon","WR","CLE                  CLE","20","2012","2017","4","$5,341,648","$1,335,412","1.11%","$2,324,836","$3,727,638","$3,727,638","$2,179,149","$2,520,538"
"Jeremy Maclin","WR","PHI                  PHI","25","2014","2014","1","$5,250,000","$5,250,000","3.95%","$3,250,000","","$3,500,000","$5,468,750","$5,468,750"
"Matthew Slater","WR","NE                  NE","32","2018","2019","2","$5,200,000","$2,600,000","1.47%","$1,000,000","$1,000,000","$1,000,000","$5,025,000","$5,025,000"
"Marqise Lee","WR","JAX                  JAX","22","2014","2017","4","$5,174,022","$1,293,506","0.97%","$2,082,924","$3,158,107","$3,158,107","$3,158,107","$4,048,473"
"Andre Holmes","WR","BUF                  BUF","28","2017","2019","3","$5,150,000","$1,716,667","1.03%","$1,650,000","$2,450,000","$2,450,000","$2,735,294","$4,185,294"
"Michael Thomas","WR","NO                  NO","22","2016","2019","4","$5,118,971","$1,279,743","0.82%","$1,922,888","$2,605,569","$2,605,569","$3,194,038","$4,109,399"
"Malcom Floyd","WR","SD                  SD","29","2011","2012","2","$5,000,000","$2,500,000","2.08%","","","","$5,000,000","$5,000,000"
"Randall Cobb","WR","DAL                  DAL","28","2019","2019","1","$5,000,000","$5,000,000","2.66%","$2,000,000","$2,000,000","$2,000,000","$4,975,066","$4,975,066"
"Josh Bellamy","WR","NYJ                  NYJ","29","2019","2020","2","$5,000,000","$2,500,000","1.33%","","$930,000","$930,000","$5,000,000","$5,000,000"
"Ryan Grant","WR","IND                  IND","27","2018","2018","1","$5,000,000","$5,000,000","2.82%","","$5,000,000","$5,000,000","$5,000,000","$5,000,000"
"John Brown","WR","BAL                  BAL","27","2018","2018","1","$5,000,000","$5,000,000","2.82%","$4,000,000","$4,000,000","$4,000,000","$5,000,000","$5,000,000"
"Mecole Hardman","WR","KC                  KC","20","2019","2022","4","$4,995,052","$1,248,763","0.66%","$1,652,764","$2,374,812","$2,374,812","$3,119,878","$4,068,974"
"Jordan Matthews","WR","PHI                  PHI","21","2014","2017","4","$4,949,269","$1,237,317","0.93%","$1,919,468","$2,984,435","$2,984,435","$3,124,909","$3,994,843"
"J.J. Arcega-Whiteside","WR","PHI                  PHI","22","2019","2022","4","$4,942,729","$1,235,682","0.66%","$1,620,888","$2,334,382","$2,334,382","$2,835,944","$3,781,056"
"Robert Woods","WR","BUF                  BUF","20","2013","2016","4","$4,866,769","$1,216,692","0.98%","$1,919,472","$2,495,685","$2,495,685","$2,950,689","$3,798,123"
"Parris Campbell","WR","IND                  IND","21","2019","2022","4","$4,775,936","$1,193,984","0.63%","$1,493,408","$2,205,496","$2,205,496","$2,728,654","$3,657,830"
"Paul Richardson","WR","SEA                  SEA","21","2014","2017","4","$4,712,835","$1,178,209","0.89%","$1,747,516","$2,381,736","$2,381,736","$2,802,580","$3,651,020"
"Stephen Hill","WR","NYJ                  NYJ","20","2012","2015","4","$4,712,345","$1,178,086","0.98%","$1,867,164","","$2,811,361","$2,861,361","$3,679,755"
"Alex Erickson","WR","CIN                  CIN","25","2018","2020","2","$4,680,000","$2,340,000","1.32%","$500,000","","","$3,659,308","$5,641,114"
"Louis Murphy","WR","TB                  TB","27","2015","2017","3","$4,662,500","$1,554,167","1.08%","$262,500","","$262,500","$2,694,048","$4,694,048"
"Arrelious Benn","WR","TB                  TB","21","2010","2013","4","$4,640,000","$1,160,000","","$2,100,000","$2,850,000","$2,850,000","$3,575,000","$4,065,000"
"Andy Isabella","WR","ARI                  ARI","22","2019","2022","4","$4,629,876","$1,157,469","0.62%","$1,387,176","$2,092,626","$2,092,626","$2,795,102","$3,711,002"
"Andre Roberts","WR","BUF                  BUF","30","2019","2020","2","$4,600,000","$2,300,000","1.22%","$1,000,000","$3,000,000","$3,000,000","$4,422,287","$4,422,287"
"Chris Conley","WR","JAX                  JAX","26","2019","2020","2","$4,595,000","$2,297,500","1.22%","$1,000,000","$1,000,000","$1,000,000","$5,878,310","$5,878,310"
"D.K. Metcalf","WR","SEA                  SEA","21","2019","2022","4","$4,586,050","$1,146,513","0.61%","$1,355,308","$1,759,308","$1,759,308","$2,553,765","$3,465,679"
"Titus Young","WR","DET                  DET","21","2011","2014","4","$4,561,321","$1,140,330","0.95%","$1,817,324","$2,657,324","$2,657,324","$3,380,657","$3,615,323"
"Alshon Jeffery","WR","CHI                  CHI","21","2012","2015","4","$4,547,830","$1,136,958","0.94%","$1,747,516","","$2,344,235","$2,734,235","$3,638,103"
"James Washington","WR","PIT                  PIT","21","2018","2021","4","$4,501,345","$1,125,336","0.64%","$1,353,706","$1,903,706","$1,903,706","$2,518,313","$3,407,526"
"Danny Amendola","WR","DET                  DET","33","2019","2019","1","$4,500,000","$4,500,000","2.39%","","$4,250,000","$4,250,000","$4,484,375","$4,484,375"
"Terrelle Pryor","WR","NYJ                  NYJ","28","2018","2018","1","$4,500,000","$4,500,000","2.54%","$1,000,000","$2,000,000","$2,000,000","$4,281,250","$4,281,250"
"DJ Chark","WR","JAX                  JAX","21","2018","2021","4","$4,447,229","$1,111,807","0.63%","$1,314,349","$1,779,732","$1,779,732","$2,476,496","$3,607,259"
"Diontae Johnson","WR","PIT                  PIT","22","2019","2022","4","$4,280,962","$1,070,241","0.57%","$1,133,428","$1,133,428","$1,133,428","$2,318,017","$3,202,195"
"Jalen Hurd","WR","SF                  SF","22","2019","2022","4","$4,279,678","$1,069,920","0.57%","$1,132,492","$1,132,492","$1,132,492","$2,227,553","$3,111,615"
"Tyler Boyd","WR","CIN                  CIN","21","2016","2019","4","$4,258,969","$1,064,742","0.69%","$1,297,432","$1,941,021","$1,941,021","$2,391,021","$3,228,200"
"Eric Weems","WR","CHI                  CHI","26","2012","2014","3","$4,240,000","$1,413,333","1.17%","$1,500,000","","$1,500,000","$3,140,000","$3,970,000"
"Ted Ginn Jr.","WR","CAR                  CAR","29","2015","2016","2","$4,200,000","$2,100,000","1.47%","$1,700,000","$1,700,000","$1,700,000","$4,625,000","$4,625,000"
"JuJu Smith-Schuster","WR","PIT                  PIT","20","2017","2020","4","$4,195,779","$1,048,945","0.63%","$1,191,475","$1,847,192","$1,847,192","$2,284,840","$3,131,274"
"Sam Hurd","WR","CHI                  CHI","25","2011","2013","3","$4,150,000","$1,383,333","1.15%","$1,350,000","","$1,350,000","",""
"Hakeem Nicks","WR","IND                  IND","25","2014","2014","1","$4,000,000","$4,000,000","3.01%","$2,000,000","$2,000,000","$2,000,000","$3,975,000","$3,975,000"
"Breshad Perriman","WR","TB                  TB","25","2019","2019","1","$4,000,000","$4,000,000","2.13%","","$4,000,000","$4,000,000","$4,000,000","$4,000,000"
"Mike Wallace","WR","PHI                  PHI","31","2018","2018","1","$4,000,000","$4,000,000","2.26%","$1,000,000","$1,000,000","$1,000,000","$3,000,000","$3,000,000"
"Eric Decker","WR","TEN                  TEN","29","2017","2017","1","$4,000,000","$4,000,000","2.40%","$2,500,000","$2,500,000","$2,500,000","$4,525,000","$4,525,000"
"Aldrick Robinson","WR","SF                  SF","28","2017","2018","2","$4,000,000","$2,000,000","1.20%","$300,000","$500,000","$500,000","$4,000,000","$4,000,000"
"Early Doucet","WR","ARI                  ARI","26","2012","2013","2","$4,000,000","$2,000,000","1.66%","$500,000","","$500,000","$4,000,000","$4,000,000"
"Terrell Owens","WR","CIN                  CIN","36","2010","2010","1","$4,000,000","$4,000,000","","$500,000","","$500,000","$3,166,666","$3,166,666"
"Davante Adams","WR","GB                  GB","21","2014","2017","4","$3,933,402","$983,351","0.74%","$1,180,656","$1,779,447","$1,779,447","$2,480,927","$3,258,509"
"Arnaz Battle","WR","PIT                  PIT","29","2010","2012","3","$3,900,000","$1,300,000","","$975,000","","","$2,710,000","$2,710,000"
"Terry McLaurin","WR","WAS                  WAS","23","2019","2022","4","$3,847,671","$961,918","0.51%","$1,003,220","$1,003,220","$1,003,220","$2,179,671","$3,029,671"
"Cooper Kupp","WR","LAR                  LAR","23","2017","2020","4","$3,831,760","$957,940","0.57%","$954,760","$954,760","$954,760","$2,059,760","$2,870,760"
"Derrick Mason","WR","NYJ                  NYJ","26","2011","2012","2","$3,810,000","$1,905,000","1.58%","","","","$642,353","$642,353"
"Darrius Heyward-Bey","WR","PIT                  PIT","28","2016","2018","3","$3,800,000","$1,266,667","0.82%","$400,000","$400,000","$400,000","$2,600,000","$3,800,000"
"Eli Rogers","WR","PIT                  PIT","26","2019","2020","2","$3,750,000","$1,875,000","1.00%","$500,000","$500,000","$500,000","$3,750,000","$3,750,000"
"Andre Johnson","WR","TEN                  TEN","34","2016","2017","2","$3,735,000","$1,867,500","1.20%","","$985,000","$985,000","$3,735,000","$3,735,000"
"Donald Jones","WR","NE                  NE","25","2013","2013","3","$3,710,000","$1,236,667","1.00%","","","","$2,605,000","$4,160,000"
"Cody Latimer","WR","DEN                  DEN","21","2014","2017","4","$3,708,650","$927,163","0.70%","$1,017,200","$2,025,775","$2,025,775","$2,025,775","$2,782,925"
"Taywan Taylor","WR","TEN                  TEN","21","2017","2020","4","$3,681,012","$920,253","0.55%","$916,012","$916,012","$916,012","$2,011,012","$2,799,432"
"Ryan Broyles","WR","DET                  DET","23","2012","2015","4","$3,678,500","$919,625","0.76%","$1,115,272","","$1,422,477","$2,062,477","$2,791,546"
"Miles Boykin","WR","BAL                  BAL","22","2019","2022","4","$3,574,928","$893,732","0.47%","$856,928","$856,928","$856,928","$2,482,440","$3,332,440"
"Michael Gallup","WR","DAL                  DAL","21","2018","2021","4","$3,523,980","$880,995","0.50%","$889,980","$889,980","$889,980","$2,243,690","$3,380,171"
"Allen Robinson","WR","JAX                  JAX","20","2014","2017","4","$3,510,870","$877,718","0.66%","$873,360","$1,173,360","$1,173,360","$2,048,166","$2,787,336"
"Chansi Stuckey","WR","ARI                  ARI","27","2011","2012","2","$3,500,000","$1,750,000","1.45%","$700,000","","$700,000","$1,800,000","$1,800,000"
"Eddie Royal","WR","SD                  SD","27","2014","2014","1","$3,500,000","$3,500,000","2.63%","","$3,500,000","$3,500,000","$3,500,000","$3,500,000"
"Brandon LaFell","WR","CAR                  CAR","23","2010","2013","4","$3,478,400","$869,600","","$818,400","","$818,400","$1,543,400","$2,083,400"
"Jarvis Landry","WR","MIA                  MIA","21","2014","2017","4","$3,474,911","$868,728","0.65%","$847,208","$1,067,208","$1,067,208","$2,046,737","$2,782,638"
"Aaron Dobson","WR","NE                  NE","21","2013","2016","4","$3,428,370","$857,093","0.69%","$873,360","$1,173,360","$1,173,360","$1,839,195","$2,555,865"
"Tre'quan Smith","WR","NO                  NO","21","2018","2021","4","$3,420,524","$855,131","0.48%","$817,024","$817,024","$817,024","$1,913,524","$2,663,524"
"Golden Tate","WR","SEA                  SEA","21","2010","2013","4","$3,411,500","$852,875","","$1,000,000","$1,471,500","$1,471,500","$1,770,000","$2,310,000"
"Torrey Smith","WR","BAL                  BAL","21","2011","2014","4","$3,389,232","$847,308","0.70%","$964,896","$1,727,508","$1,727,508","$1,868,896","$2,552,008"
"ArDarius Stewart","WR","NYJ                  NYJ","23","2017","2020","4","$3,376,574","$844,144","0.51%","$846,324","$846,324","$846,324","$1,809,227","$2,497,977"
"Greg Little","WR","CLE                  CLE","21","2011","2014","4","$3,327,500","$831,875","0.69%","$920,000","$1,630,000","$1,630,000","$1,821,250","$2,498,750"
"Carlos Henderson","WR","DEN                  DEN","22","2017","2020","4","$3,325,984","$831,496","0.50%","$817,984","$817,984","$817,984","$1,724,337","$2,405,337"
"Hakeem Butler","WR","ARI                  ARI","22","2019","2022","4","$3,324,499","$831,125","0.44%","$804,504","$804,504","$804,504","$1,792,504","$2,642,504"
"Tyler Lockett","WR","SEA                  SEA","22","2015","2018","4","$3,318,751","$829,688","0.58%","$786,751","$786,751","$786,751","$1,997,057","$2,692,057"
"Eric Decker","WR","DEN                  DEN","22","2010","2013","4","$3,315,150","$828,788","","$732,150","","$732,150","$1,457,150","$1,947,150"
"Rueben Randle","WR","NYG                  NYG","20","2012","2015","4","$3,291,930","$822,983","0.68%","$834,132","","$1,007,132","$1,763,765","$2,453,031"
"Chris Godwin","WR","TB                  TB","20","2017","2020","4","$3,284,164","$821,041","0.49%","$792,164","$792,164","$792,164","$1,838,664","$2,515,664"
"Jaelen Strong","WR","HOU                  HOU","20","2015","2018","4","$3,281,346","$820,337","0.57%","$771,980","$771,980","$771,980","$1,832,002","$2,436,413"
"Michael Crabtree","WR","ARI                  ARI","31","2019","2019","1","$3,250,000","$3,250,000","1.73%","$500,000","$500,000","$500,000","$3,250,000","$3,250,000"
"Gary Jennings","WR","SEA                  SEA","21","2019","2022","4","$3,230,932","$807,733","0.43%","$710,932","$710,932","$710,932","$866,647","$1,716,647"
"Randall Cobb","WR","GB                  GB","20","2011","2014","4","$3,209,421","$802,355","0.67%","$834,124","$1,000,500","$1,000,500","$1,730,007","$2,396,773"
"Riley Ridley","WR","CHI                  CHI","22","2019","2022","4","$3,202,596","$800,649","0.43%","$682,596","$682,596","$682,596","$1,917,300","$2,767,300"
"Michael Crabtree","WR","OAK                  OAK","27","2015","2015","1","$3,200,000","$3,200,000","2.23%","$1,300,000","$1,300,000","$1,300,000","$3,200,000","$3,200,000"
"Kenny Golladay","WR","DET                  DET","23","2017","2020","4","$3,196,324","$799,081","0.48%","$718,824","$718,824","$718,824","$1,769,824","$2,445,824"
"Keke Coutee","WR","HOU                  HOU","20","2018","2021","4","$3,189,026","$797,257","0.45%","$729,026","$729,026","$729,026","$1,779,026","$2,691,136"
"Antonio Callaway","WR","CLE                  CLE","20","2018","2021","4","$3,177,853","$794,463","0.45%","$717,853","$717,853","$717,853","$1,591,508","$2,251,508"
"Chad Williams","WR","ARI                  ARI","22","2017","2020","4","$3,176,288","$794,072","0.48%","$706,288","$706,288","$706,288","$1,752,788","$2,424,288"
"Amara Darboh","WR","SEA                  SEA","22","2017","2020","4","$3,175,288","$793,822","0.48%","$706,288","$706,288","$706,288","$1,749,288","$2,417,288"
"Malcom Floyd","WR","SD                  SD","28","2010","2010","1","$3,168,000","$3,168,000","","","","","$3,168,000","$3,168,000"
"Jacoby Ford","WR","OAK                  OAK","22","2010","2013","4","$3,148,845","$787,211","","$515,485","$515,845","$515,845","$1,240,845","$1,730,845"
"Daesean Hamilton","WR","DEN                  DEN","22","2018","2022","4","$3,142,638","$785,660","0.44%","$682,638","$682,638","$682,638","$1,896,882","$2,869,185"
"Chris Conley","WR","KC                  KC","22","2015","2018","4","$3,123,684","$780,921","0.55%","$712,434","$712,434","$712,434","$1,707,434","$2,367,434"
"Braxton Miller","WR","HOU                  HOU","23","2016","2019","4","$3,114,103","$778,526","0.50%","$709,103","$709,103","$709,103","$1,716,603","$2,366,603"
"Leonte Carroo","WR","MIA                  MIA","21","2016","2019","4","$3,100,388","$775,097","0.50%","$700,388","$700,388","$700,388","$1,710,388","$2,360,388"
"Chester Rogers","WR","IND                  IND","24","2019","2019","1","$3,095,000","$3,095,000","1.64%","","","","$3,095,000","$3,095,000"
"Robbie Chosen","WR","NYJ                  NYJ","25","2019","2019","1","$3,095,000","$3,095,000","1.64%","","","","$3,095,000","$3,095,000"
"Dede Westbrook","WR","JAX                  JAX","23","2017","2020","4","$3,076,156","$769,039","0.46%","$676,156","$676,156","$676,156","$1,614,098","$2,259,098"
"Josh Reynolds","WR","LAR                  LAR","21","2017","2020","4","$3,048,021","$762,005","0.46%","$648,021","$648,021","$648,021","$1,668,021","$2,313,021"
"Jaleel Scott","WR","BAL                  BAL","22","2018","2021","4","$3,040,381","$760,095","0.43%","$580,381","$580,381","$580,381","$1,444,403","$2,119,403"
"Mack Hollins","WR","PHI                  PHI","23","2017","2020","4","$3,035,668","$758,917","0.45%","$635,668","$635,668","$635,668","$1,478,668","$1,630,432"
"Plaxico Burress","WR","NYJ                  NYJ","33","2011","2011","1","$3,017,000","$3,017,000","2.51%","","","","$3,017,000","$3,017,000"
"Lance Moore","WR","PIT                  PIT","30","2014","2015","2","$3,000,000","$1,500,000","1.13%","$645,000","","$645,000","$3,000,000","$3,000,000"
"Keshawn Martin","WR","NE                  NE","25","2016","2017","2","$3,000,000","$1,500,000","0.97%","$600,000","$600,000","$600,000","$2,315,229","$3,640,229"
"Jerricho Cotchery","WR","PIT                  PIT","29","2012","2013","2","$3,000,000","$1,500,000","1.24%","$1,000,000","","$1,000,000","$3,000,000","$3,000,000"
"Josh Malone","WR","CIN                  CIN","20","2017","2020","4","$2,993,528","$748,382","0.45%","$593,528","$593,528","$593,528","$1,613,528","$2,258,528"
"Ryan Switzer","WR","DAL                  DAL","22","2017","2020","4","$2,965,987","$741,497","0.44%","$565,987","$565,987","$565,987","$1,585,987","$2,230,987"
"DeVier Posey","WR","HOU                  HOU","21","2012","2015","4","$2,962,092","$740,523","0.61%","$684,092","","$684,092","$1,584,092","$2,214,092"
"Ty Montgomery","WR","GB                  GB","21","2015","2018","4","$2,948,795","$737,199","0.51%","$606,545","$606,545","$606,545","$1,632,589","$2,269,589"
"Chris Moore","WR","BAL                  BAL","22","2016","2019","4","$2,936,360","$734,090","0.47%","$596,360","$596,360","$596,360","$1,586,360","$2,216,360"
"Malcolm Mitchell","WR","NE                  NE","22","2016","2019","4","$2,917,992","$729,498","0.47%","$577,992","$577,992","$577,992","$1,539,691","$2,169,691"
"Quincy Enunwa","WR","NYJ                  NYJ","25","2018","2018","1","$2,914,000","$2,914,000","1.64%","","","","$2,914,000","$2,914,000"
"Tyrell Williams","WR","LAC                  LAC","25","2018","2018","1","$2,914,000","$2,914,000","1.64%","","","","$2,914,000","$2,914,000"
"Adam Humphries","WR","TB                  TB","24","2018","2018","1","$2,914,000","$2,914,000","1.64%","","","","$2,914,000","$2,914,000"
"J'Mon Moore","WR","GB                  GB","22","2018","2021","4","$2,912,359","$728,090","0.41%","$452,359","$452,359","$452,359","$1,502,359","$2,162,359"
"Sammie Coates","WR","PIT                  PIT","21","2015","2018","4","$2,911,515","$727,879","0.51%","$631,515","$631,515","$631,515","$1,606,081","$2,221,081"
"Ricardo Louis","WR","CLE                  CLE","21","2016","2019","4","$2,907,850","$726,963","0.47%","$567,850","$567,850","$567,850","$1,557,850","$2,187,850"
"Demaryius Thomas","WR","NE                  NE","31","2019","2019","1","$2,906,000","$2,906,000","1.54%","","","","$2,528,390","$2,528,390"
"Demaryius Thomas","WR","NE                  NE","31","2019","2019","1","$2,906,000","$2,906,000","1.54%","$150,000","$150,000","$150,000","$2,906,000","$2,906,000"
"T.J. Graham","WR","BUF                  BUF","22","2012","2015","4","$2,901,252","$725,313","0.60%","$671,252","","$671,252","$1,571,252","$2,151,252"
"Terrance Williams","WR","DAL                  DAL","23","2013","2016","4","$2,896,972","$724,243","0.59%","$619,472","$619,472","$619,472","$1,554,472","$2,343,683"
"Pharoh Cooper","WR","LAR                  LAR","20","2016","2019","4","$2,894,666","$723,667","0.47%","$554,666","$554,666","$554,666","$1,544,666","$1,618,784"
"Victor Cruz","WR","NYG                  NYG","26","2013","2013","1","$2,879,000","$2,879,000","2.33%","","","","$2,879,000","$2,879,000"
"Demarcus Robinson","WR","KC                  KC","21","2016","2019","4","$2,857,172","$714,293","0.46%","$517,172","$517,172","$517,172","$1,516,172","$2,155,172"
"Marquise Goodwin","WR","BUF                  BUF","22","2013","2016","4","$2,853,876","$713,469","0.58%","$598,876","$598,876","$598,876","$1,528,876","$1,990,523"
"Marlon Moore","WR","CLE                  CLE","27","2015","2017","3","$2,850,000","$950,000","0.66%","$200,000","$200,000","$200,000","$1,830,000","$2,850,000"
"Hunter Renfrow","WR","OAK                  OAK","23","2019","2022","4","$2,835,948","$708,987","0.38%","$315,948","$315,948","$315,948","$1,834,260","$2,684,260"
"Jamison Crowder","WR","WAS                  WAS","21","2015","2018","4","$2,825,624","$706,406","0.49%","$545,624","$545,624","$545,624","$1,875,595","$2,490,595"
"Josh Huff","WR","PHI                  PHI","22","2014","2017","4","$2,820,944","$705,236","0.53%","$555,944","$555,944","$555,944","$1,665,331","$2,280,331"
"Justin Hardy","WR","ATL                  ATL","23","2015","2018","4","$2,820,821","$705,205","0.49%","$540,821","$540,821","$540,821","$1,597,836","$2,212,836"
"Chad Hansen","WR","NYJ                  NYJ","21","2017","2020","4","$2,819,648","$704,912","0.42%","$419,648","$419,648","$419,648","$1,439,648","$2,084,648"
"Jehu Chesson","WR","KC                  KC","23","2017","2020","4","$2,819,648","$704,912","0.42%","$419,648","$419,648","$419,648","$1,448,648","$2,103,148"
"Keenan Allen","WR","SD                  SD","20","2013","2016","4","$2,813,800","$703,450","0.57%","$613,800","","$613,800","$1,714,666","$2,293,590"
"Markus Wheaton","WR","PIT                  PIT","21","2013","2016","4","$2,811,376","$702,844","0.57%","$591,376","$591,376","$591,376","$1,511,376","$2,270,271"
"Donte Moncrief","WR","IND                  IND","20","2014","2017","4","$2,808,520","$702,130","0.53%","$543,520","$543,520","$543,520","$1,488,520","$2,103,520"
"Geronimo Allison","WR","GB                  GB","24","2019","2019","1","$2,800,000","$2,800,000","1.49%","$750,000","$750,000","$750,000","$2,800,000","$2,800,000"
"John Brown","WR","ARI                  ARI","23","2014","2017","4","$2,798,900","$699,725","0.53%","$542,900","$542,900","$542,900","$1,675,306","$2,287,306"
"Vince Mayle","WR","CLE                  CLE","23","2015","2017","4","$2,763,152","$690,788","0.48%","$483,152","$483,152","$483,152","$949,034","$1,489,034"
"Justin Watson","WR","TB                  TB","22","2018","2021","4","$2,761,739","$690,435","0.39%","$301,739","$301,739","$301,739","$1,351,739","$2,101,739"
"Darius Slayton","WR","NYG                  NYG","21","2019","2022","4","$2,753,988","$688,497","0.37%","$233,988","$233,988","$233,988","$1,403,988","$2,253,988"
"Anquan Boldin","WR","BUF                  BUF","36","2017","2017","1","$2,750,000","$2,750,000","1.65%","","","","$4,000,000","$4,000,000"
"Anquan Boldin","WR","DET                  DET","35","2016","2016","1","$2,750,000","$2,750,000","1.77%","$750,000","$750,000","$750,000","$3,250,000","$3,250,000"
"Terrelle Pryor","WR","OAK                  OAK","21","2011","2014","4","$2,746,068","$686,517","0.57%","$586,068","","$586,086","$1,315,791","$1,910,791"
"Dontrelle Inman","WR","LAC                  LAC","27","2017","2017","1","$2,746,000","$2,746,000","1.64%","","","","$1,615,290","$1,615,290"
"Taylor Gabriel","WR","ATL                  ATL","25","2017","2017","1","$2,746,000","$2,746,000","1.64%","","","","$2,746,000","$2,746,000"
"Mike Wallace","WR","PIT                  PIT","25","2012","2012","1","$2,742,000","$2,742,000","2.27%","","","","$2,742,000","$2,742,000"
"Daurice Fountain","WR","IND                  IND","22","2018","2021","4","$2,737,197","$684,299","0.39%","$277,197","$277,197","$277,197","$1,327,197","$1,987,197"
"Stedman Bailey","WR","STL                  STL","22","2013","2017","4","$2,736,102","$684,026","0.55%","$527,400","$527,400","$527,400","$1,260,363","$1,797,679"
"Austin Pettis","WR","STL                  STL","22","2011","2014","4","$2,729,416","$682,354","0.57%","$614,416","$614,416","$614,416","$1,443,268","$2,023,268"
"Keesean Johnson","WR","ARI                  ARI","22","2019","2022","4","$2,729,312","$682,328","0.36%","$209,312","$209,312","$209,312","$1,647,044","$2,497,044"
"Jordan Lasley","WR","BAL                  BAL","21","2018","2021","4","$2,728,679","$682,170","0.38%","$268,679","$268,679","$268,679","$1,318,679","$1,978,679"
"Leonard Hankerson","WR","WAS                  WAS","21","2011","2014","4","$2,721,376","$680,344","0.57%","$606,376","$606,376","$606,376","$1,471,376","$2,051,376"
"Mohamed Sanu","WR","CIN                  CIN","22","2012","2015","4","$2,713,252","$678,313","0.56%","$563,252","","$563,252","$1,443,252","$2,033,252"
"Jalen Saunders","WR","NYJ                  NYJ","21","2014","2017","4","$2,701,448","$675,362","0.51%","$481,448","","$481,448","$1,411,448","$2,011,448"
"Andre Caldwell","WR","DEN                  DEN","28","2014","2015","2","$2,700,000","$1,350,000","1.02%","$400,000","","$400,000","$2,700,000","$2,700,000"
"Brad Smith","WR","PHI                  PHI","29","2013","2014","2","$2,700,000","$1,350,000","1.09%","","","","$1,719,118","$1,719,118"
"Travis Fulgham","WR","DET                  DET","23","2019","2022","4","$2,698,152","$674,538","0.36%","$178,152","$178,152","$178,152","$1,258,152","$1,933,152"
"Bruce Ellington","WR","SF                  SF","22","2014","2017","4","$2,694,428","$673,607","0.51%","$474,428","$474,428","$474,428","$1,464,262","$2,064,262"
"Juwann Winfree","WR","DEN                  DEN","22","2019","2022","4","$2,691,250","$672,813","0.36%","$171,252","$171,252","$171,252","$1,320,568","$2,170,568"
"Jerrel Jernigan","WR","NYG                  NYG","21","2011","2014","4","$2,690,252","$672,563","0.56%","$575,252","$575,252","$575,252","$1,440,252","$2,020,252"
"Marquez Valdes-Scantling","WR","GB                  GB","23","2018","2021","4","$2,677,553","$669,388","0.38%","$217,553","$217,553","$217,553","$1,267,553","$2,454,272"
"Terrance Copper","WR","KC                  KC","28","2011","2013","3","$2,675,000","$891,667","0.74%","$150,000","","$150,000","",""
"Cecil Shorts","WR","JAX                  JAX","23","2011","2014","4","$2,672,146","$668,037","0.55%","$443,380","$443,380","$443,380","$1,314,841","$1,932,763"
"Shaquelle Evans","WR","NYJ                  NYJ","22","2014","2017","4","$2,670,900","$667,725","0.50%","$450,900","","$450,900","$1,188,900","$1,788,900"
"Andre Roberts","WR","ARI                  ARI","21","2010","2013","4","$2,668,200","$667,050","","$724,200","$724,200","$724,200","$1,498,200","$2,038,200"
"Marcus Green","WR","ATL                  ATL","22","2019","2022","4","$2,667,712","$666,928","0.35%","$147,852","$147,852","$147,852","$1,227,852","$1,902,852"
"De'Anthony Thomas","WR","KC                  KC","20","2014","2017","4","$2,665,108","$666,277","0.50%","$420,108","$420,108","$420,108","$1,358,108","$1,966,608"
"Martavis Bryant","WR","PIT                  PIT","22","2014","2018","4","$2,659,220","$664,805","0.50%","$439,220","$439,220","$439,220","$1,247,424","$1,247,424"
"Jamal Agnew","WR","DET                  DET","21","2017","2020","4","$2,658,364","$664,591","0.40%","$258,364","$258,364","$258,364","$1,184,658","$1,829,658"
"Shelton Gibson","WR","PHI                  PHI","21","2017","2020","4","$2,657,237","$664,309","0.40%","$257,237","$257,237","$257,237","$1,277,237","$1,922,237"
"Damion Ratley","WR","CLE                  CLE","22","2018","2021","4","$2,653,866","$663,467","0.37%","$193,866","$193,866","$193,866","$1,365,056","$2,115,056"
"Scotty Miller","WR","TB                  TB","21","2019","2022","4","$2,647,840","$661,960","0.35%","$127,840","$127,840","$127,840","$1,297,840","$2,147,840"
"Kelvin Harmon","WR","WAS                  WAS","22","2019","2022","4","$2,647,840","$661,960","0.35%","$127,840","$127,840","$127,840","$1,047,840","$1,827,840"
"Rodney Adams","WR","MIN                  MIN","22","2017","2020","4","$2,646,504","$661,626","0.40%","$246,504","$246,504","$246,504","$1,266,504","$1,911,504"
"Taylor Price","WR","NE                  NE","22","2010","2013","4","$2,644,580","$661,145","","$704,600","$704,600","$704,600","$1,474,600","$2,014,600"
"T.Y. Hilton","WR","IND                  IND","22","2012","2015","4","$2,642,400","$660,600","0.55%","$527,400","","$527,400","$1,402,400","$1,977,400"
"Ace  Sanders","WR","JAX                  JAX","21","2013","2016","4","$2,641,448","$660,362","0.53%","$481,448","","$481,448","$1,264,977","$1,849,977"
"Kevin Norwood","WR","SEA                  SEA","24","2014","2017","4","$2,640,108","$660,027","0.50%","$420,108","$420,108","$420,108","$1,355,504","$1,955,504"
"Josh Boyce","WR","NE                  NE","21","2013","2016","4","$2,637,000","$659,250","0.53%","$477,000","","$477,000","$1,377,000","$1,962,000"
"Isaiah McKenzie","WR","DEN                  DEN","21","2017","2020","4","$2,635,844","$658,961","0.39%","$235,844","$235,844","$235,844","$1,255,844","$1,900,844"
"Vincent Brown","WR","SD                  SD","22","2011","2014","4","$2,626,068","$656,517","0.55%","$586,068","$586,068","$586,068","$1,426,068","$1,981,068"
"DeAndre Smelter","WR","SF                  SF","23","2015","2018","4","$2,625,692","$656,423","0.46%","$345,692","$345,692","$345,692","$1,072,397","$1,687,397"
"Deon Cain","WR","IND                  IND","21","2018","2021","4","$2,625,633","$656,408","0.37%","$165,633","$165,633","$165,633","$1,008,633","$1,668,633"
"DeAngelo Yancey","WR","GB                  GB","22","2017","2020","4","$2,623,900","$655,975","0.39%","$223,900","$223,900","$223,900","$1,243,900","$1,888,900"
"Ray-Ray McCloud","WR","BUF                  BUF","21","2018","2021","4","$2,619,824","$654,956","0.37%","$159,824","$159,824","$159,824","$1,209,824","$1,869,824"
"Dylan Cantrell","WR","LAC                  LAC","23","2018","2021","4","$2,616,844","$654,211","0.37%","$156,844","$156,844","$156,844","$1,206,844","$1,866,844"
"Russell Gage","WR","ATL                  ATL","21","2018","2021","4","$2,616,194","$654,049","0.37%","$156,194","$156,194","$156,194","$1,444,997","$2,613,592"
"Tajae Sharpe","WR","TEN                  TEN","21","2016","2019","4","$2,614,884","$653,721","0.42%","$274,884","$274,884","$274,884","$1,087,884","$1,717,884"
"Damian Williams","WR","TEN                  TEN","21","2010","2013","4","$2,613,250","$653,313","","$823,250","$823,250","$823,250","$1,593,250","$2,133,250"
"John Ursua","WR","SEA                  SEA","24","2019","2022","4","$2,602,360","$650,590","0.35%","$82,360","$82,360","$82,360","$1,252,360","$2,102,360"
"Trent Taylor","WR","SF                  SF","22","2017","2020","4","$2,601,937","$650,484","0.39%","$201,937","$201,937","$201,937","$1,221,937","$1,866,937"
"Terry Godwin","WR","CAR                  CAR","22","2019","2022","4","$2,601,501","$650,375","0.35%","$81,500","$81,500","$81,500","$1,161,500","$1,836,500"
"Dillon Mitchell","WR","MIN                  MIN","21","2019","2022","4","$2,600,012","$650,003","0.35%","$80,012","$80,012","$80,012","$1,160,012","$1,835,012"
"Kevin Ogletree","WR","TB                  TB","25","2013","2014","2","$2,600,000","$1,300,000","1.05%","","","","",""
"Kamar Aiken","WR","IND                  IND","27","2017","2017","1","$2,600,000","$2,600,000","1.56%","$1,000,000","$1,500,000","$1,500,000","$2,562,500","$2,562,500"
"Eric Weems","WR","TEN                  TEN","31","2017","2018","2","$2,600,000","$1,300,000","0.78%","","$275,000","$275,000","$2,600,000","$2,600,000"
"Phillip Dorsett","WR","NE                  NE","25","2019","2019","1","$2,600,000","$2,600,000","1.38%","$500,000","$500,000","$500,000","$2,537,500","$2,537,500"
"Brice Butler","WR","ARI                  ARI","27","2018","2019","2","$2,600,000","$1,300,000","0.73%","$300,000","$300,000","$300,000","$2,600,000","$2,600,000"
"Chris Givens","WR","STL                  STL","22","2012","2015","4","$2,597,028","$649,257","0.54%","$497,028","","$497,028","$1,367,028","$1,937,028"
"Olabisi Johnson","WR","MIN                  MIN","21","2019","2022","4","$2,594,288","$648,572","0.34%","$74,288","$74,288","$74,288","$1,430,841","$2,280,841"
"Tyreek Hill","WR","KC                  KC","21","2016","2019","4","$2,586,220","$646,555","0.42%","$70,000","$100,000","$100,000","$1,118,760","$1,806,256"
"Jordan Payton","WR","CLE                  CLE","22","2016","2019","4","$2,584,002","$646,001","0.42%","$244,002","$244,002","$244,002","$1,113,766","$1,743,766"
"Braxton Berrios","WR","NE                  NE","22","2018","2021","4","$2,578,408","$644,602","0.36%","$118,408","$118,408","$118,408","$976,408","$1,726,408"
"Cedrick Wilson","WR","DAL                  DAL","22","2018","2021","4","$2,578,408","$644,602","0.36%","$118,408","$118,408","$118,408","$976,408","$1,561,408"
"Equanimeous St. Brown","WR","GB                  GB","21","2018","2021","4","$2,578,408","$644,602","0.36%","$118,408","$118,408","$118,408","$1,021,408","$1,771,080"
"Travis Benjamin","WR","CLE                  CLE","22","2012","2015","4","$2,577,000","$644,250","0.53%","$477,000","","$477,000","$1,347,000","$1,917,000"
"Chris Harper","WR","SEA                  SEA","","2013","2016","4","$2,572,560","$643,140","0.52%","$41,256","$41,256","$41,256","$941,256","$1,526,256"
"Joe Adams","WR","CAR                  CAR","22","2012","2015","4","$2,567,552","$641,888","0.53%","$467,552","","$467,552","$1,337,552","$1,907,552"
"Trevor Davis","WR","GB                  GB","22","2016","2019","4","$2,567,176","$641,794","0.41%","$227,176","$227,176","$227,176","$1,217,176","$1,847,176"
"Armanti Edwards","WR","CAR                  CAR","21","2010","2013","4","$2,558,840","$639,710","","$713,840","$713,840","$713,840","$1,483,840","$2,023,840"
"Javon Wims","WR","CHI                  CHI","23","2018","2021","4","$2,555,912","$638,978","0.36%","$95,912","$95,912","$95,912","$1,346,808","$2,204,676"
"Devon Wylie","WR","KC                  KC","23","2012","2015","4","$2,555,400","$638,850","0.53%","$455,400","","$455,400","$1,345,400","$1,935,400"
"Marcell Ateman","WR","OAK                  OAK","23","2018","2021","4","$2,553,035","$638,259","0.36%","$93,035","$93,035","$93,035","$1,143,035","$1,803,035"
"Kamar Aiken","WR","BAL                  BAL","26","2016","2016","1","$2,553,000","$2,553,000","1.64%","","","","$2,553,000","$2,553,000"
"Quinton Patton","WR","SF                  SF","22","2013","2016","4","$2,551,500","$637,875","0.52%","$391,500","$391,500","$391,500","$1,291,500","$2,009,860"
"Jordan Shipley","WR","CIN                  CIN","24","2010","2013","4","$2,546,746","$636,687","","$756,746","","","$1,481,746","$1,481,746"
"Clyde Gates","WR","MIA                  MIA","24","2011","2014","4","$2,539,000","$634,750","0.53%","$453,130","","$453,130","$1,293,130","$1,848,130"
"Robert Davis","WR","WAS                  WAS","21","2017","2020","4","$2,538,221","$634,555","0.38%","$138,221","$138,221","$138,221","$1,158,221","$1,803,221"
"Richie James","WR","SF                  SF","22","2018","2021","4","$2,536,571","$634,143","0.36%","$76,571","$76,571","$76,571","$1,126,571","$1,805,987"
"Trey Quinn","WR","WAS                  WAS","22","2018","2021","4","$2,529,070","$632,268","0.36%","$69,070","$69,070","$69,070","$1,022,703","$1,772,703"
"Austin Proehl","WR","BUF                  BUF","22","2018","2021","4","$2,529,070","$632,268","0.36%","$69,070","$69,070","$69,070","$1,119,070","$1,779,070"
"Auden Tate","WR","CIN                  CIN","20","2018","2021","4","$2,529,070","$632,268","0.36%","$69,070","$69,070","$69,070","$1,119,070","$1,779,070"
"Rashard Higgins","WR","CLE                  CLE","21","2016","2019","4","$2,524,385","$631,096","0.41%","$184,385","$184,385","$184,385","$1,174,385","$1,804,385"
"Rashad Greene","WR","JAX                  JAX","22","2015","2018","4","$2,523,814","$630,954","0.44%","$243,814","$243,814","$243,814","$1,148,755","$1,763,755"
"Jarius Wright","WR","MIN                  MIN","22","2012","2015","4","$2,520,108","$630,027","0.52%","$420,108","","$420,108","$1,290,108","$1,860,108"
"Keshawn Martin","WR","HOU                  HOU","21","2012","2015","4","$2,512,560","$628,140","0.52%","$412,560","","$412,560","$1,282,560","$1,852,560"
"Brandon Marshall","WR","DEN                  DEN","25","2010","2010","1","$2,512,000","$2,512,000","","","","","$2,512,000","$2,512,000"
"Stefon Diggs","WR","MIN                  MIN","21","2015","2018","4","$2,507,713","$626,928","0.44%","$227,713","$227,713","$227,713","$1,664,038","$2,279,038"
"Nick Toon","WR","NO                  NO","23","2012","2015","4","$2,507,612","$626,903","0.52%","$407,612","","$407,612","$1,082,612","$1,652,612"
"Kris Durham","WR","SEA                  SEA","22","2011","2014","4","$2,504,260","$626,065","0.52%","$464,260","$464,260","$464,260","$839,260","$839,260"
"Brandon LaFell","WR","CIN                  CIN","29","2016","2016","1","$2,500,000","$2,500,000","1.61%","$1,000,000","$1,000,000","$1,000,000","$3,000,000","$3,000,000"
"Allen Hurns","WR","MIA                  MIA","27","2019","2019","1","$2,500,000","$2,500,000","1.33%","$250,000","$500,000","$500,000","$2,500,000","$2,500,000"
"Cody Latimer","WR","NYG                  NYG","25","2018","2018","1","$2,500,000","$2,500,000","1.41%","$1,500,000","$2,470,000","$2,470,000","$2,500,000","$2,500,000"
"Emmanuel Sanders","WR","PIT                  PIT","25","2013","2013","1","$2,500,000","$2,500,000","2.02%","","","","$2,500,000","$2,500,000"
"Darrius Heyward-Bey","WR","IND                  IND","25","2013","2013","1","$2,500,000","$2,500,000","2.02%","$1,500,000","","$1,500,000","$2,500,000","$2,500,000"
"Steve Smith","WR","STL                  STL","26","2012","2012","1","$2,500,000","$2,500,000","2.07%","","","","$1,843,750","$1,843,750"
"Randy Moss","WR","SF                  SF","34","2012","2012","1","$2,500,000","$2,500,000","2.07%","","","","$2,500,000","$2,500,000"
"Steve Smith","WR","PHI                  PHI","25","2011","2011","1","$2,500,000","$2,500,000","2.08%","$500,000","","$2,000,000","$2,281,250","$2,281,250"
"Roy Williams","WR","CHI                  CHI","29","2011","2011","1","$2,500,000","$2,500,000","2.08%","","","","$2,000,000","$2,000,000"
"Stacy Coley","WR","MIN                  MIN","22","2017","2020","4","$2,496,680","$624,170","0.37%","$96,680","$96,680","$96,680","$1,051,385","$1,696,385"
"Edmond Gates","WR","MIA                  MIA","24","2011","2014","4","$2,493,148","$623,287","0.52%","$453,148","$453,148","$453,148","$1,293,148","$1,848,148"
"Greg Salas","WR","STL                  STL","22","2011","2014","4","$2,491,154","$622,789","0.52%","$451,154","$451,154","$451,154","$1,291,154","$1,291,154"
"J.J. Nelson","WR","ARI                  ARI","22","2015","2018","4","$2,489,800","$622,450","0.43%","$209,800","$209,800","$209,800","$1,220,920","$1,835,920"
"David Moore","WR","SEA                  SEA","21","2017","2020","4","$2,487,365","$621,841","0.37%","$87,365","$87,365","$87,365","$1,107,365","$1,752,365"
"Keenan Reynolds","WR","BAL                  BAL","21","2016","2019","4","$2,485,947","$621,487","0.40%","$145,947","$145,947","$145,947","$1,135,947","$1,765,947"
"Kenny Bell","WR","TB                  TB","22","2015","2018","4","$2,484,836","$621,209","0.43%","$204,836","$204,836","$204,836","$972,836","$1,587,836"
"Jakeem Grant","WR","MIA                  MIA","23","2016","2019","4","$2,480,381","$620,095","0.40%","$140,381","$140,381","$140,381","$1,130,381","$1,760,381"
"Isaiah Ford","WR","MIA                  MIA","20","2017","2020","4","$2,478,301","$619,575","0.37%","$78,301","$78,301","$78,301","$906,301","$1,551,301"
"Kolby Listenbee","WR","BUF                  BUF","21","2016","2019","4","$2,472,932","$618,233","0.40%","$132,932","$132,932","$132,932","$1,006,631","$1,636,631"
"Noah Brown","WR","DAL                  DAL","20","2017","2020","4","$2,471,938","$617,985","0.37%","$71,938","$71,938","$71,938","$998,232","$1,643,232"
"Cody Core","WR","CIN                  CIN","21","2016","2019","4","$2,467,932","$616,983","0.40%","$127,932","$127,932","$127,932","$1,117,932","$1,747,932"
"Malachi Dupre","WR","GB                  GB","21","2017","2020","4","$2,466,636","$616,659","0.37%","$66,636","$66,636","$66,636","$1,086,636","$1,731,636"
"Mike Thomas","WR","LAR                  LAR","21","2016","2019","4","$2,456,070","$614,018","0.40%","$116,070","$116,070","$116,070","$979,011","$1,609,011"
"Tandon Doss","WR","BAL                  BAL","21","2011","2014","4","$2,452,560","$613,140","0.51%","$412,560","$412,560","$412,560","$1,252,560","$1,807,560"
"Keith Mumphery","WR","HOU                  HOU","22","2015","2018","4","$2,446,254","$611,564","0.43%","$166,254","$166,254","$166,254","$1,273,596","$1,888,596"
"Aaron Burbridge","WR","SF                  SF","22","2016","2019","4","$2,440,356","$610,089","0.39%","$100,356","$100,356","$100,356","$913,356","$1,543,356"
"Ryan Grant","WR","WAS                  WAS","23","2014","2017","4","$2,433,612","$608,403","0.46%","$213,612","$213,612","$213,612","$1,272,223","$1,971,758"
"Devin Lucien","WR","NE                  NE","22","2016","2019","4","$2,425,412","$606,353","0.39%","$85,412","$85,412","$85,412","$1,075,412","$1,705,412"
"Eric Weems","WR","TEN                  TEN","31","2017","2018","2","$2,425,000","$1,212,500","0.73%","$75,000","$1,075,000","$1,075,000","$2,425,000","$2,425,000"
"Devin Street","WR","DAL                  DAL","22","2014","2017","4","$2,421,972","$605,493","0.46%","$201,972","$201,972","$201,972","$1,131,972","$1,731,972"
"Demarcus Ayers","WR","PIT                  PIT","21","2016","2019","4","$2,419,652","$604,913","0.39%","$79,652","$79,652","$79,652","$1,069,652","$1,699,652"
"Daniel Braverman","WR","CHI                  CHI","22","2016","2019","4","$2,419,397","$604,849","0.39%","$79,397","$79,397","$79,397","$1,069,397","$1,699,397"
"Devin Fuller","WR","ATL                  ATL","21","2016","2019","4","$2,413,785","$603,446","0.39%","$73,785","$73,785","$73,785","$754,785","$1,147,785"
"Kaelin Clay","WR","TB                  TB","22","2015","2018","4","$2,410,477","$602,619","0.42%","$130,477","$130,477","$130,477","$1,090,477","$1,705,477"
"Charone Peake","WR","NYJ                  NYJ","23","2016","2019","4","$2,408,382","$602,096","0.39%","$68,382","$68,382","$68,382","$912,618","$1,542,618"
"Geremy Davis","WR","NYG                  NYG","22","2015","2018","4","$2,407,082","$601,771","0.42%","$127,082","$127,082","$127,082","$1,131,085","$1,746,085"
"Evan Spencer","WR","WAS                  WAS","21","2015","2018","4","$2,406,576","$601,644","0.42%","$126,576","$126,576","$126,576","$1,086,576","$1,701,576"
"Kenny Lawler","WR","SEA                  SEA","21","2016","2019","4","$2,404,897","$601,224","0.39%","$64,897","$64,897","$64,897","$1,054,897","$1,684,897"
"Greg Childs","WR","MIN                  MIN","21","2012","2015","4","$2,400,584","$600,146","0.50%","$300,584","","$300,584","$1,095,584","$1,665,584"
"Kenny Britt","WR","NE                  NE","28","2017","2018","2","$2,400,000","$1,200,000","0.72%","","","","$1,627,573","$1,627,573"
"Steve Breaston","WR","ARI                  ARI","26","2010","2010","1","$2,396,000","$2,396,000","","","","","$2,396,000","$2,396,000"
"Bud Sasser","WR","STL                  STL","","2015","2018","4","$2,393,737","$598,434","0.42%","$113,737","$113,737","$113,737","$1,073,737","$1,688,737"
"Da'Ron Brown","WR","KC                  KC","23","2015","2018","4","$2,375,056","$593,764","0.41%","$68,056","$68,056","$68,056","$1,036,056","$1,659,556"
"Jared Abbrederis","WR","GB                  GB","23","2014","2017","4","$2,364,560","$591,140","0.44%","$144,560","","$144,560","$882,560","$1,482,560"
"Andre Debose","WR","OAK                  OAK","24","2015","2018","4","$2,357,013","$589,253","0.41%","$77,013","$77,013","$77,013","$845,013","$1,460,013"
"Rod Streater","WR","OAK                  OAK","26","2015","2015","1","$2,356,000","$2,356,000","1.64%","","","","$2,356,598","$2,356,598"
"Jermaine Kearse","WR","SEA                  SEA","24","2015","2015","1","$2,356,000","$2,356,000","1.64%","","","","$2,408,295","$2,408,295"
"Kenny Stills","WR","NO                  NO","20","2013","2016","4","$2,354,452","$588,613","0.48%","$194,452","$194,452","$194,452","$1,094,452","$1,679,452"
"Dezmin Lewis","WR","BUF                  BUF","22","2015","2018","4","$2,346,529","$586,632","0.41%","$66,529","$66,529","$66,529","$1,026,529","$1,641,529"
"Mardy Gilyard","WR","STL                  STL","23","2010","2013","4","$2,342,255","$585,564","","$552,255","$552,255","$552,255","$872,255","$872,255"
"Mario Alford","WR","CIN                  CIN","22","2015","2018","4","$2,339,104","$584,776","0.41%","$59,104","$59,104","$59,104","$842,104","$1,457,104"
"Tre McBride","WR","TEN                  TEN","22","2015","2018","4","$2,335,433","$583,858","0.41%","$55,433","$55,433","$55,433","$1,015,433","$1,630,433"
"Robert Herron","WR","TB                  TB","21","2014","2017","4","$2,332,000","$583,000","0.44%","$112,000","","$112,000","$865,000","$1,465,000"
"Tavarres King","WR","DEN                  DEN","22","2013","2016","4","$2,331,480","$582,870","0.47%","$171,480","","$171,480","$900,000","$1,485,000"
"Mike Williams","WR","TB                  TB","22","2010","2013","4","$2,328,250","$582,063","","$538,248","$538,248","$538,248","$1,308,248","$1,848,248"
"TJ Jones","WR","DET                  DET","21","2014","2017","4","$2,326,200","$581,550","0.44%","$106,200","$106,200","$106,200","$994,906","$1,594,906"
"Matt Hazel","WR","MIA                  MIA","21","2014","2017","4","$2,325,800","$581,450","0.44%","$105,800","","$105,800","$1,035,800","$1,635,800"
"Walter Powell","WR","ARI                  ARI","22","2014","2017","4","$2,323,788","$580,947","0.44%","$103,788","","$103,788","$930,000","$1,530,000"
"Marcus Easley","WR","BUF                  BUF","22","2010","2013","4","$2,309,500","$577,375","","$519,500","$519,500","$519,500","$1,244,500","$1,734,500"
"Miles Austin","WR","PHI                  PHI","30","2015","2015","1","$2,300,000","$2,300,000","1.61%","$500,000","$1,000,000","$1,000,000","$2,225,000","$2,225,000"
"Jabar Gaffney","WR","NE                  NE","31","2012","2013","2","$2,300,000","$1,150,000","0.95%","$250,000","$250,000","$250,000","$925,000","$925,000"
"Quincy Enunwa","WR","NYJ                  NYJ","21","2014","2017","4","$2,298,680","$574,670","0.43%","$78,680","","$78,680","$1,008,680","$1,608,680"
"Danny Coale","WR","DAL                  DAL","23","2012","2015","4","$2,290,052","$572,513","0.47%","$190,052","","$190,052","",""
"Michael Campanaro","WR","BAL                  BAL","22","2014","2017","4","$2,287,500","$571,875","0.43%","$67,500","$67,500","$67,500","$862,147","$1,462,147"
"Corey Fuller","WR","DET                  DET","22","2013","2016","4","$2,283,100","$570,775","0.46%","$123,100","","$123,100","$405,000","$405,000"
"Eric Weems","WR","ATL                  ATL","29","2015","2016","2","$2,280,000","$1,140,000","0.80%","$425,000","$425,000","$425,000","$2,314,090","$2,314,090"
"Mark Clayton","WR","STL                  STL","27","2010","2010","1","$2,277,000","$2,277,000","","","","","$2,277,000","$2,277,000"
"Ryan Swope","WR","ARI                  ARI","","2013","2016","4","$2,275,788","$568,947","0.46%","$115,788","","$115,788","",""
"Jeff Janis","WR","GB                  GB","22","2014","2017","4","$2,271,392","$567,848","0.43%","$51,392","$51,392","$51,392","$1,102,973","$1,702,973"
"James Wright","WR","CIN                  CIN","22","2014","2017","4","$2,269,824","$567,456","0.43%","$49,824","$49,824","$49,824","$803,352","$1,403,352"
"Tevin Reese","WR","SD                  SD","22","2014","2017","4","$2,269,432","$567,358","0.43%","$49,432","","$49,432","$979,432","$1,579,432"
"Jeremy Gallon","WR","NE                  NE","23","2014","2017","4","$2,267,592","$566,898","0.43%","$47,592","","$47,592","$977,592","$1,577,592"
"Justin Brown","WR","PIT                  PIT","21","2013","2016","4","$2,264,072","$566,018","0.46%","$104,072","","$104,072","",""
"Marvin Jones","WR","CIN                  CIN","21","2012","2015","4","$2,262,800","$565,700","0.47%","$162,800","","$162,800","$1,032,800","$1,602,800"
"Alan Bonner","WR","HOU                  HOU","22","2013","2016","4","$2,257,000","$564,250","0.46%","$97,000","","$97,000","$688,000","$1,273,000"
"Kealoha Pilares","WR","CAR                  CAR","22","2011","2014","4","$2,255,512","$563,878","0.47%","$215,512","$215,512","$215,512","$1,055,512","$1,610,512"
"Cobi Hamilton","WR","CIN                  CIN","22","2013","2016","4","$2,254,052","$563,513","0.46%","$94,052","","$94,052","$405,000","$405,000"
"Juron Criner","WR","OAK                  OAK","22","2012","2015","4","$2,244,560","$561,140","0.47%","$144,560","","$144,560","$1,014,560","$1,584,560"
"Denarius Moore","WR","OAK                  OAK","22","2011","2014","4","$2,230,052","$557,513","0.46%","$190,052","$190,052","$190,052","$1,030,052","$1,585,052"
"Brice Butler","WR","OAK                  OAK","22","2013","2016","4","$2,227,500","$556,875","0.45%","$67,500","$67,500","$67,500","$967,500","$1,518,088"
"Jeremy Kerley","WR","NYJ                  NYJ","22","2011","2014","4","$2,224,250","$556,063","0.46%","$184,250","$184,250","$184,250","$1,024,250","$1,579,250"
"Charles Johnson","WR","GB                  GB","23","2013","2015","4","$2,221,820","$555,455","0.45%","$61,820","","$61,820","$466,820","$466,820"
"Kevin Dorsey","WR","GB                  GB","22","2013","2016","4","$2,216,848","$554,212","0.45%","$56,848","","$56,848","$764,848","$1,349,848"
"Marquess Wilson","WR","CHI                  CHI","20","2013","2016","4","$2,207,148","$551,787","0.45%","$47,148","$47,148","$47,148","$1,042,089","$1,745,733"
"B.J. Daniels","WR","SF                  SF","23","2013","2016","4","$2,206,512","$551,628","0.45%","$46,512","","$46,512","",""
"B.J Cunningham","WR","MIA                  MIA","22","2012","2015","4","$2,206,200","$551,550","0.46%","$106,200","","$106,200","",""
"Aaron Mellette","WR","BAL                  BAL","23","2013","2016","4","$2,205,896","$551,474","0.45%","$45,896","","$45,896","$934,422","$1,519,422"
"Marvin McNutt","WR","PHI                  PHI","22","2012","2014","4","$2,198,892","$549,723","0.46%","$98,892","$98,892","$98,892","$728,823","$1,298,823"
"Tommy Streeter","WR","BAL                  BAL","22","2012","2015","4","$2,194,052","$548,513","0.45%","$94,502","$94,502","$94,502","$484,502","$484,502"
"Doug Baldwin","WR","SEA                  SEA","25","2014","2014","1","$2,187,000","$2,187,000","1.64%","","","","$2,187,000","$2,187,000"
"Dwayne Harris","WR","DAL                  DAL","23","2011","2014","4","$2,180,060","$545,015","0.45%","$110,600","$110,600","$110,600","$850,000","$1,415,000"
"LaVon Brazill","WR","IND                  IND","22","2012","2015","4","$2,178,680","$544,670","0.45%","$78,680","$78,680","$78,680","$835,739","$1,405,739"
"Keshawn Martin","WR","SF                  SF","25","2016","2017","2","$2,175,000","$1,087,500","0.70%","","","","$2,175,000","$2,175,000"
"Ryan Whalen","WR","CIN                  CIN","21","2011","2014","4","$2,165,114","$541,279","0.45%","$125,114","$125,114","$125,114","$965,114","$1,520,114"
"Rishard Matthews","WR","MIA                  MIA","22","2012","2015","4","$2,153,612","$538,403","0.45%","$53,612","$53,612","$53,612","$923,612","$1,493,612"
"Toney Clemons","WR","PIT                  PIT","23","2012","2015","4","$2,149,824","$537,456","0.45%","$49,824","$49,824","$49,824","",""
"Jeremy Ebert","WR","NE                  NE","22","2012","2015","4","$2,148,200","$537,050","0.45%","$48,200","$48,200","$48,200","",""
"Junior Hemingway","WR","KC                  KC","23","2012","2015","4","$2,147,000","$536,750","0.45%","$47,000","$47,000","$47,000","",""
"Aldrick Robinson","WR","WAS                  WAS","22","2011","2013","4","$2,146,200","$536,550","0.45%","$106,200","$106,200","$106,200","$765,000","$1,245,000"
"Jordan White","WR","NYJ                  NYJ","23","2012","2015","4","$2,145,896","$536,474","0.44%","$45,896","$45,896","$45,896","",""
"Ronald Johnson","WR","SF                  SF","22","2011","2014","4","$2,144,220","$536,055","0.45%","$104,220","$104,220","$104,220","",""
"Scotty McKnight","WR","NYJ                  NYJ","22","2011","2014","4","$2,109,000","$527,250","0.44%","$49,000","$49,000","$49,000","",""
"Tiquan Underwood","WR","CAR                  CAR","26","2014","2015","2","$2,100,000","$1,050,000","0.79%","$300,000","","$300,000","$2,100,000","$2,100,000"
"Jerome Simpson","WR","MIN                  MIN","26","2013","2013","1","$2,100,000","$2,100,000","1.70%","$500,000","","$500,000","$1,600,000","$1,600,000"
"Demarco Sampson","WR","ARI                  ARI","25","2011","2014","4","$2,085,900","$521,475","0.43%","$45,900","$45,900","$45,900","$885,900","$1,440,900"
"Stephen Burton","WR","MIN                  MIN","21","2011","2014","4","$2,085,900","$521,475","0.43%","$35,900","$35,900","$35,900","$728,994","$1,283,994"
"Brandon Stokley","WR","SEA                  SEA","33","2010","2010","1","$2,070,000","$2,070,000","","","","","$704,117","$704,117"
"Brandon Lloyd","WR","DEN                  DEN","28","2010","2011","2","$2,050,000","$1,025,000","","$500,000","$500,000","$500,000","$2,157,647","$2,157,647"
"Terrence McCrae","WR","PIT                  PIT","22","2011","2013","3","$2,046,000","$682,000","0.57%","$6,000","","","",""
"Armand Robinson","WR","PIT                  PIT","23","2011","2013","3","$2,042,000","$680,667","0.57%","$2,000","$2,000","$2,000","",""
"Adam Mims","WR","PIT                  PIT","22","2011","2013","3","$2,042,000","$680,667","0.57%","$2,000","$2,000","$2,000","",""
"Eric Greenwood","WR","PIT                  PIT","22","2011","2013","3","$2,042,000","$680,667","0.57%","$2,000","","","",""
"Rodney Smith","WR","DAL                  DAL","24","2015","2017","3","$2,035,000","$678,333","0.47%","","","","$634,411","$1,324,411"
"Josh Gordon","WR","NE                  NE","27","2019","2019","1","$2,025,000","$2,025,000","1.08%","","","","$833,823","$833,823"
"Rashard Higgins","WR","CLE                  CLE","24","2019","2019","1","$2,025,000","$2,025,000","1.08%","","","","$2,045,727","$2,045,727"
"Cameron Meredith","WR","NE                  NE","26","2019","2020","2","$2,020,000","$1,010,000","0.54%","","","","$1,924,000","$1,924,000"
"Victor Cruz","WR","CHI                  CHI","30","2017","2017","1","$2,000,000","$2,000,000","1.20%","$500,000","$1,500,000","$1,500,000","$2,468,750","$2,468,750"
"Kendall Wright","WR","CHI                  CHI","27","2017","2017","1","$2,000,000","$2,000,000","1.20%","$250,000","$1,000,000","$1,000,000","$2,000,000","$2,000,000"
"Andre Holmes","WR","OAK                  OAK","27","2016","2016","1","$2,000,000","$2,000,000","1.29%","$500,000","$750,000","$750,000","$2,000,000","$2,000,000"
"Miles Austin","WR","CLE                  CLE","29","2014","2014","1","$2,000,000","$2,000,000","1.50%","$300,000","","$300,000","$2,000,000","$2,000,000"
"Jerome Simpson","WR","MIN                  MIN","25","2012","2012","1","$2,000,000","$2,000,000","1.66%","","","","$1,858,823","$1,858,823"
"Seth Roberts","WR","BAL                  BAL","27","2019","2019","1","$2,000,000","$2,000,000","1.06%","$300,000","$1,000,000","$1,000,000","$2,056,236","$2,056,236"
"Marc Mariani","WR","TEN                  TEN","22","2010","2013","4","$1,999,400","$499,850","","$59,400","$59,400","$59,400","$829,400","$1,369,400"
"David Gettis","WR","CAR                  CAR","22","2010","2013","4","$1,984,048","$496,012","","$94,048","$94,048","$94,048","$819,048","$1,309,048"
"Danario Alexander","WR","STL                  STL","21","2010","2013","4","$1,975,553","$493,888","","$35,553","","$35,553","$805,553","$1,345,553"
"Danny Amendola","WR","STL                  STL","26","2012","2012","1","$1,972,000","$1,972,000","1.64%","","","","$1,972,000","$1,972,000"
"Jaron Brown","WR","ARI                  ARI","25","2016","2017","1","$1,910,000","$1,910,000","1.23%","$635,000","$635,000","$635,000","$3,170,882","$3,170,882"
"Martavis Bryant","WR","OAK                  OAK","26","2018","2018","1","$1,907,000","$1,907,000","1.08%","","","","$1,458,295","$1,458,295"
"TJ Jones","WR","DET                  DET","25","2018","2018","1","$1,907,000","$1,907,000","1.08%","","","","$1,907,000","$1,907,000"
"Willie Snead","WR","NO                  NO","25","2018","2018","1","$1,907,000","$1,907,000","1.08%","","","","$1,907,000","$1,907,000"
"Cameron Meredith","WR","CHI                  CHI","25","2018","2018","1","$1,907,000","$1,907,000","1.08%","","","","$1,907,000","$1,907,000"
"Josh Bellamy","WR","CHI                  CHI","28","2018","2018","1","$1,907,000","$1,907,000","1.08%","","","","$1,907,000","$1,907,000"
"Carlton Mitchell","WR","CLE                  CLE","21","2010","2013","4","$1,903,000","$475,750","","$113,450","$113,450","$113,450","$838,450","$838,450"
"Eric Decker","WR","NE                  NE","30","2018","2018","1","$1,900,000","$1,900,000","1.07%","","","","$1,900,000","$1,900,000"
"Dezmon Briscoe","WR","TB                  TB","20","2010","2013","4","$1,892,500","$473,125","","$102,500","$102,500","$102,500","$499,117","$1,039,117"
"Kyle Williams","WR","SF                  SF","21","2010","2013","4","$1,869,350","$467,338","","$79,350","$79,350","$79,350","$804,350","$1,294,350"
"Bryan Walters","WR","JAX                  JAX","29","2017","2018","2","$1,865,000","$932,500","0.56%","","$100,000","$100,000","$1,865,000","$1,865,000"
"David Reed","WR","BAL                  BAL","25","2013","2014","2","$1,860,000","$930,000","0.75%","$500,000","","$500,000","",""
"Terrence Austin","WR","WAS                  WAS","21","2010","2013","4","$1,850,257","$462,564","","$60,257","$60,257","$60,257","$60,257","$60,257"
"Eric Weems","WR","ATL                  ATL","25","2011","2011","1","$1,835,000","$1,835,000","1.52%","","","","$1,835,000","$1,835,000"
"Emmanuel Sanders","WR","PIT                  PIT","22","2010","2012","3","$1,801,000","$600,333","","$586,069","$767,000","$586,069","$1,311,069","$1,801,069"
"Jordan Matthews","WR","SF                  SF","26","2019","2019","1","$1,800,000","$1,800,000","0.96%","$300,000","$300,000","$300,000","$1,706,250","$1,706,250"
"Deonte Thompson","WR","DAL                  DAL","28","2018","2018","1","$1,800,000","$1,800,000","1.02%","$1,000,000","$1,000,000","$1,000,000","$1,800,000","$1,800,000"
"Andre Roberts","WR","ATL                  ATL","28","2017","2017","1","$1,800,000","$1,800,000","1.08%","$500,000","$750,000","$750,000","$1,800,000","$1,800,000"
"Matthew Slater","WR","NE                  NE","30","2016","2017","1","$1,800,000","$1,800,000","1.16%","$1,500,000","","","$3,047,027","$3,047,027"
"Walter Powell","WR","BUF                  BUF","23","2015","2017","3","$1,800,000","$600,000","0.42%","","","","$660,000","$1,187,644"
"Andre Caldwell","WR","DEN                  DEN","26","2012","2013","2","$1,800,000","$900,000","0.75%","$200,000","","$200,000","$1,800,000","$1,800,000"
"Albert Wilson","WR","KC                  KC","24","2017","2017","1","$1,797,000","$1,797,000","1.08%","","","","$1,797,000","$1,797,000"
"Lavelle Hawkins","WR","NE                  NE","26","2013","2014","2","$1,790,000","$895,000","0.72%","$150,000","","$150,000","",""
"David Sills","WR","BUF                  BUF","23","2019","2021","3","$1,790,000","$596,667","0.32%","$35,000","$35,000","$35,000","$1,115,000","$1,790,000"
"Keelan Doss","WR","OAK                  OAK","22","2019","2021","3","$1,777,500","$592,500","0.31%","$22,500","$52,500","$52,500","$1,102,500","$1,777,500"
"Kerry Meier","WR","ATL                  ATL","23","2010","2013","4","$1,777,004","$444,251","","$157,004","$157,004","$157,004","$757,004","$1,247,004"
"Marcus Simms","WR","JAX                  JAX","21","2019","2021","3","$1,775,000","$591,667","0.31%","$20,000","$20,000","$20,000","$983,000","$1,658,000"
"Damion Jeanpiere","WR","CAR                  CAR","22","2019","2021","3","$1,775,000","$591,667","0.31%","$20,000","$20,000","$20,000","$1,100,000","$1,775,000"
"Damion Willis","WR","CIN                  CIN","21","2019","2021","3","$1,770,000","$590,000","0.31%","$15,000","$15,000","$15,000","$1,095,000","$1,770,000"
"Ashton Dulin","WR","IND                  IND","21","2019","2021","3","$1,770,000","$590,000","0.31%","$15,000","$15,000","$15,000","$1,095,000","$1,770,000"
"Alex Wesley","WR","NYG                  NYG","23","2019","2021","3","$1,770,000","$590,000","0.31%","$15,000","$15,000","$15,000","$978,000","$1,653,000"
"Malik Henry","WR","SF                  SF","21","2019","2021","3","$1,770,000","$590,000","0.31%","$15,000","$90,000","$90,000","$1,095,000","$1,770,000"
"Penny Hart","WR","IND                  IND","22","2019","2021","3","$1,770,000","$590,000","0.31%","$15,000","$15,000","$15,000","$978,000","$1,653,000"
"Steven Sims Jr.","WR","WAS                  WAS","21","2019","2021","3","$1,770,000","$590,000","0.31%","$15,000","$15,000","$15,000","$1,126,176","$1,976,176"
"Nick Easley","WR","BUF                  BUF","21","2019","2021","3","$1,768,000","$589,333","0.31%","$13,000","$13,000","$13,000","$1,093,000","$1,768,000"
"Emanuel Hall","WR","CHI                  CHI","21","2019","2021","3","$1,767,000","$589,000","0.31%","$12,000","$42,000","$42,000","$1,080,000","$1,755,000"
"Arrelious Benn","WR","JAX                  JAX","28","2017","2017","2","$1,765,000","$882,500","0.53%","$100,000","$180,000","$180,000","$1,765,000","$1,765,000"
"Ryan Davis","WR","NE                  NE","21","2019","2021","3","$1,765,000","$588,333","0.31%","$10,000","$70,000","$70,000","$1,090,000","$1,765,000"
"Deonte Harty","WR","NO                  NO","21","2019","2021","3","$1,765,000","$588,333","0.31%","$10,000","$25,000","$25,000","$1,135,884","$1,985,884"
"Jon’Vea Johnson","WR","DAL                  DAL","23","2019","2021","3","$1,765,000","$588,333","0.31%","$10,000","$100,000","$100,000","$998,000","$1,848,000"
"Trinity Benson","WR","DEN                  DEN","21","2019","2021","3","$1,765,000","$588,333","0.31%","$10,000","$10,000","$10,000","$1,090,000","$1,765,000"
"Davion Davis","WR","MIN                  MIN","22","2019","2021","3","$1,765,000","$588,333","0.31%","$10,000","$10,000","$10,000","$1,090,000","$1,765,000"
"Terry Wright","WR","SEA                  SEA","21","2019","2021","3","$1,765,000","$588,333","0.31%","$10,000","$10,000","$10,000","$1,090,000","$1,765,000"
"Antoine Wesley","WR","BAL                  BAL","21","2019","2021","3","$1,765,000","$588,333","0.31%","$10,000","$26,000","$26,000","$1,090,000","$1,765,000"
"Jalen Guyton","WR","DAL                  DAL","21","2019","2021","3","$1,765,000","$588,333","0.31%","$10,000","$100,000","$100,000","$1,090,000","$1,765,000"
"Stanley Morgan","WR","CIN                  CIN","22","2019","2021","3","$1,765,000","$588,333","0.31%","$10,000","$10,000","$10,000","$1,090,000","$1,765,000"
"Todd Rahming","WR","WAS                  WAS","21","2019","2021","3","$1,765,000","$588,333","0.31%","$10,000","$10,000","$10,000","$1,090,000","$1,765,000"
"Johnnie Dixon","WR","HOU                  HOU","24","2019","2021","3","$1,765,000","$588,333","0.31%","$10,000","$50,000","$50,000","$1,090,000","$1,765,000"
"Preston Williams","WR","MIA                  MIA","21","2019","2021","3","$1,765,000","$588,333","0.31%","$10,000","$10,000","$10,000","$1,214,083","$2,064,083"
"Jakobi Meyers","WR","NE                  NE","22","2019","2021","3","$1,765,000","$588,333","0.31%","$10,000","$60,000","$60,000","$1,568,794","$2,418,794"
"Jazz Ferguson","WR","SEA                  SEA","21","2019","2021","3","$1,763,000","$587,667","0.31%","$8,000","$8,000","$8,000","$1,088,000","$1,763,000"
"Cody Thompson","WR","KC                  KC","22","2019","2021","3","$1,762,500","$587,500","0.31%","$7,500","$57,500","$57,500","$1,087,500","$1,762,500"
"Felton Davis","WR","KC                  KC","21","2019","2021","3","$1,760,000","$586,667","0.31%","$5,000","$5,000","$5,000","$993,000","$1,773,000"
"Shawn Poindexter","WR","SF                  SF","23","2019","2021","3","$1,760,000","$586,667","0.31%","$5,000","$25,000","$25,000","$993,000","$1,843,000"
"Kelvin McKnight","WR","DEN                  DEN","21","2019","2021","3","$1,760,000","$586,667","0.31%","$5,000","$5,000","$5,000","$1,085,000","$1,760,000"
"Reggie White Jr","WR","NYG                  NYG","22","2019","2021","3","$1,760,000","$586,667","0.31%","$5,000","$5,000","$5,000","$1,085,000","$1,760,000"
"Alex Bachman","WR","LAR                  LAR","22","2019","2021","3","$1,760,000","$586,667","0.31%","$5,000","$5,000","$5,000","$968,000","$1,643,000"
"C.J. Worton","WR","ATL                  ATL","22","2019","2021","3","$1,760,000","$586,667","0.31%","$5,000","$5,000","$5,000","$1,085,000","$1,760,000"
"Tyre Brady","WR","JAX                  JAX","23","2019","2021","3","$1,760,000","$586,667","0.31%","$5,000","$20,000","$20,000","$1,085,000","$1,760,000"
"Michael Walker","WR","JAX                  JAX","22","2019","2021","3","$1,760,000","$586,667","0.31%","$5,000","$40,000","$40,000","$1,085,000","$1,760,000"
"A.J. Richardson","WR","ARI                  ARI","23","2019","2021","3","$1,760,000","$586,667","0.31%","$5,000","$5,000","$5,000","$1,085,000","$1,760,000"
"Olamide Zaccheaus","WR","ATL                  ATL","21","2019","2021","3","$1,760,000","$586,667","0.31%","$5,000","$5,000","$5,000","$1,429,275","$2,279,275"
"Tyron Johnson","WR","HOU                  HOU","22","2019","2021","3","$1,760,000","$586,667","0.31%","$5,000","$35,000","$35,000","$1,085,000","$1,760,000"
"Lance Moore","WR","NO                  NO","26","2010","2010","1","$1,759,000","$1,759,000","","","","","$1,759,000","$1,759,000"
"Brad Smith","WR","NYJ                  NYJ","26","2010","2010","1","$1,759,000","$1,759,000","","$750,000","","$750,000","$1,759,000","$1,759,000"
"Sam Hurd","WR","DAL                  DAL","24","2010","2010","1","$1,759,000","$1,759,000","","","","","",""
"DJ Montgomery","WR","CLE                  CLE","22","2019","2021","3","$1,758,000","$586,000","0.31%","$3,000","$3,000","$3,000","$991,000","$1,841,000"
"Romell Guerrier","WR","DEN                  DEN","23","2019","2021","3","$1,758,000","$586,000","0.31%","$3,000","$3,000","$3,000","$1,083,000","$1,758,000"
"Dredrick Snelson","WR","JAX                  JAX","","2019","2021","3","$1,758,000","$586,000","0.31%","$3,000","$3,000","$3,000","$966,000","$1,641,000"
"Gunner Olszewski","WR","NE                  NE","22","2019","2021","3","$1,757,500","$585,833","0.31%","$2,500","$2,500","$2,500","$1,246,489","$2,096,489"
"Kahlil Lewis","WR","ATL                  ATL","","2019","2021","3","$1,757,500","$585,833","0.31%","$2,500","$2,500","$2,500","$1,082,500","$1,757,500"
"Anthony Ratliff-Williams","WR","TEN                  TEN","21","2019","2021","3","$1,757,500","$585,833","0.31%","$2,500","$2,500","$2,500","$585,000","$1,260,000"
"Raphael Leonard","WR","JAX                  JAX","21","2019","2021","3","$1,757,500","$585,833","0.31%","$2,500","$2,500","$2,500","$1,082,500","$1,757,500"
"Johnathan Lloyd","WR","LAR                  LAR","23","2019","2021","3","$1,757,000","$585,667","0.31%","$2,000","$2,000","$2,000","$1,082,000","$1,757,000"
"Dorian Baker","WR","CLE                  CLE","22","2019","2021","3","$1,756,500","$585,500","0.31%","$1,500","$1,500","$1,500","$1,081,500","$1,756,500"
"Shawn Bane Jr.","WR","ATL                  ATL","","2019","2021","3","$1,756,500","$585,500","0.31%","$1,500","$1,500","$1,500","$1,081,500","$1,756,500"
"Emmanuel Butler","WR","NO                  NO","22","2019","2021","3","$1,756,500","$585,500","0.31%","$1,500","$1,500","$1,500","$1,081,500","$1,756,500"
"Sean Modster","WR","BAL                  BAL","23","2019","2021","3","$1,755,500","$585,167","0.31%","$500","$500","$500","$1,080,500","$1,755,500"
"B.J Cunningham","WR","PHI                  PHI","24","2014","2016","3","$1,755,000","$585,000","0.44%","","","","$1,080,000","$1,755,000"
"Joe Walker","WR","CHI                  CHI","22","2019","2021","3","$1,755,000","$585,000","0.31%","","","","$1,080,000","$1,755,000"
"Nyqwan Murray","WR","SEA                  SEA","21","2019","2021","3","$1,755,000","$585,000","0.31%","","","","$1,080,000","$1,755,000"
"Jamarius Way","WR","DEN                  DEN","","2019","2021","3","$1,755,000","$585,000","0.31%","","","","$1,080,000","$1,755,000"
"Kalani Vakameilalo","WR","JAX                  JAX","22","2019","2021","3","$1,755,000","$585,000","0.31%","","","","$1,080,000","$1,755,000"
"Fred Trevillion","WR","LAC                  LAC","","2019","2021","3","$1,755,000","$585,000","0.31%","","","","$963,000","$1,638,000"
"Floyd Allen","WR","HOU                  HOU","22","2019","2021","3","$1,755,000","$585,000","0.31%","","","","$1,080,000","$1,755,000"
"Justin Sumpter","WR","LAR                  LAR","","2019","2021","3","$1,755,000","$585,000","0.31%","","","","$1,080,000","$1,755,000"
"Jalen Greene","WR","LAR                  LAR","22","2019","2021","3","$1,755,000","$585,000","0.31%","","","","$1,080,000","$1,755,000"
"Joe Horn Jr.","WR","BAL                  BAL","24","2019","2021","3","$1,755,000","$585,000","0.31%","","","","$1,080,000","$1,755,000"
"Joe Parker","WR","TEN                  TEN","","2019","2021","3","$1,755,000","$585,000","0.31%","","","","$1,080,000","$1,755,000"
"Micah Wright","WR","NO                  NO","","2019","2021","3","$1,755,000","$585,000","0.31%","","","","$1,080,000","$1,755,000"
"Spencer Schnell","WR","TB                  TB","24","2019","2021","3","$1,755,000","$585,000","0.31%","","","","$1,080,000","$1,755,000"
"Ventell Bryant","WR","CIN                  CIN","22","2019","2021","3","$1,755,000","$585,000","0.31%","","","","$1,080,000","$1,755,000"
"Tom Kennedy","WR","DET                  DET","22","2019","2021","3","$1,755,000","$585,000","0.31%","","","","$1,080,000","$1,755,000"
"Charles Holland","WR","CIN                  CIN","","2019","2021","3","$1,755,000","$585,000","0.31%","","","","$1,080,000","$1,755,000"
"Trenton Irwin","WR","MIA                  MIA","23","2019","2021","3","$1,755,000","$585,000","0.31%","","","","$1,080,000","$1,755,000"
"Brian Burt","WR","OAK                  OAK","","2019","2021","3","$1,755,000","$585,000","0.31%","","","","$1,080,000","$1,755,000"
"Xavier Ubosi","WR","NE                  NE","","2019","2021","3","$1,755,000","$585,000","0.31%","","","","$1,080,000","$1,755,000"
"Darrius Shepherd","WR","GB                  GB","23","2019","2021","3","$1,755,000","$585,000","0.31%","","","","$1,080,000","$1,755,000"
"Ishmael Hyman","WR","CLE                  CLE","23","2019","2021","3","$1,755,000","$585,000","0.31%","","","","$1,080,000","$1,755,000"
"Andre Lindsey","WR","KC                  KC","","2019","2021","3","$1,755,000","$585,000","0.31%","","","","$1,080,000","$1,755,000"
"Jamire Jordan","WR","KC                  KC","","2019","2021","3","$1,755,000","$585,000","0.31%","","","","$1,080,000","$1,755,000"
"Jamal Custis","WR","KC                  KC","23","2019","2021","3","$1,755,000","$585,000","0.31%","","","","$1,080,000","$1,755,000"
"Thomas Ives","WR","CHI                  CHI","22","2019","2021","3","$1,755,000","$585,000","0.31%","","","","$1,080,000","$1,755,000"
"Isaac Zico","WR","TEN                  TEN","22","2019","2021","3","$1,755,000","$585,000","0.31%","","","","$1,080,000","$1,755,000"
"Deandre Thompkins","WR","PHI                  PHI","23","2019","2021","3","$1,755,000","$585,000","0.31%","","","","$1,080,000","$1,755,000"
"Jon Duhart","WR","DET                  DET","22","2019","2021","3","$1,755,000","$585,000","0.31%","","","","$1,080,000","$1,755,000"
"Alexander Hollins","WR","MIN                  MIN","22","2019","2021","3","$1,755,000","$585,000","0.31%","","","","$1,080,000","$1,755,000"
"Nsimba Webster","WR","LAR                  LAR","22","2019","2021","3","$1,755,000","$585,000","0.31%","","","","$1,080,000","$1,755,000"
"Jeff Smith","WR","NYJ                  NYJ","21","2019","2021","3","$1,755,000","$585,000","0.31%","","","","$1,080,000","$1,755,000"
"DaMarkus Lodge","WR","TB                  TB","21","2019","2021","3","$1,755,000","$585,000","0.31%","","","","$1,080,000","$1,755,000"
"Cortrelle Simpson","WR","TB                  TB","22","2019","2021","3","$1,755,000","$585,000","0.31%","","","","$964,000","$1,639,000"
"Anthony Johnson","WR","TB                  TB","23","2019","2021","3","$1,755,000","$585,000","0.31%","","","","$1,080,000","$1,755,000"
"Papi White","WR","JAX                  JAX","22","2019","2021","3","$1,755,000","$585,000","0.31%","","","","$1,080,000","$1,755,000"
"Michael Colubiale","WR","JAX                  JAX","","2019","2021","3","$1,755,000","$585,000","0.31%","","","","$963,000","$1,638,000"
"Matt Eaton","WR","GB                  GB","23","2019","2021","3","$1,755,000","$585,000","0.31%","","","","$1,080,000","$1,755,000"
"Greg Dortch","WR","NYJ                  NYJ","20","2019","2021","3","$1,755,000","$585,000","0.31%","","","","$1,080,000","$1,755,000"
"Jaylen Smith","WR","BAL                  BAL","21","2019","2021","3","$1,755,000","$585,000","0.31%","","","","$1,080,000","$1,755,000"
"Lil’jordan Humphrey","WR","NO                  NO","20","2019","2021","3","$1,755,000","$585,000","0.31%","","","","$1,080,000","$1,755,000"
"Malik Taylor","WR","TB                  TB","23","2019","2021","3","$1,755,000","$585,000","0.31%","","","","$1,080,000","$1,755,000"
"Stephen Louis","WR","HOU                  HOU","","2019","2021","3","$1,755,000","$585,000","0.31%","","","","$1,080,000","$1,755,000"
"Trevion Thompson","WR","LAC                  LAC","23","2019","2021","3","$1,755,000","$585,000","0.31%","","","","$963,000","$1,638,000"
"Jason Moore","WR","LAC                  LAC","23","2019","2021","3","$1,755,000","$585,000","0.31%","","","","$1,080,000","$1,755,000"
"Damon Sheehy-Guiseppi","WR","CLE                  CLE","23","2019","2021","3","$1,755,000","$585,000","0.31%","","","","$1,080,000","$1,755,000"
"Tavon Austin","WR","DAL                  DAL","28","2019","2019","1","$1,750,000","$1,750,000","0.93%","","$500,000","$500,000","$1,707,603","$1,707,603"
"Brandon LaFell","WR","OAK                  OAK","31","2018","2018","1","$1,750,000","$1,750,000","0.99%","$835,000","$835,000","$835,000","$2,312,500","$2,312,500"
"Brian Quick","WR","LAR                  LAR","26","2016","2016","1","$1,750,000","$1,750,000","1.13%","","$1,500,000","$1,500,000","$1,750,000","$1,750,000"
"Percy Harvin","WR","BUF                  BUF","27","2016","2016","1","$1,740,000","$1,740,000","1.12%","","","","$870,882","$870,882"
"Jerome Simpson","WR","SF                  SF","28","2015","2016","2","$1,730,000","$865,000","0.60%","","","","$1,482,259","$1,482,259"
"Keith Kirkwood","WR","NO                  NO","23","2018","2020","3","$1,727,000","$575,667","0.32%","$17,000","$42,000","$42,000","$1,067,000","$1,727,000"
"Byron Pringle","WR","KC                  KC","24","2018","2020","3","$1,725,000","$575,000","0.32%","$15,000","$15,000","$15,000","$873,000","$1,458,000"
"Korey Robertson","WR","MIN                  MIN","22","2018","2020","3","$1,725,000","$575,000","0.32%","$15,000","$50,000","$50,000","$1,065,000","$1,725,000"
"Brandon Powell","WR","DET                  DET","21","2018","2020","3","$1,722,000","$574,000","0.32%","$12,000","$44,000","$44,000","$1,062,000","$1,722,000"
"Robert Foster","WR","BUF                  BUF","23","2018","2020","3","$1,722,000","$574,000","0.32%","$12,000","$12,000","$12,000","$1,062,000","$1,722,000"
"Jeff Badet","WR","MIN                  MIN","23","2018","2020","3","$1,722,000","$574,000","0.32%","$12,000","$22,000","$22,000","$1,062,000","$1,722,000"
"Vyncint Smith","WR","HOU                  HOU","21","2018","2020","3","$1,720,000","$573,333","0.32%","$10,000","$35,000","$35,000","$1,060,000","$1,720,000"
"Jimmy Williams","WR","DEN                  DEN","22","2018","2020","3","$1,720,000","$573,333","0.32%","$10,000","$10,000","$10,000","$1,060,000","$1,720,000"
"Steve Ishmael","WR","IND                  IND","22","2018","2020","3","$1,720,000","$573,333","0.32%","$10,000","$10,000","$10,000","$1,060,000","$1,720,000"
"Trent Sherfield","WR","ARI                  ARI","21","2018","2020","3","$1,720,000","$573,333","0.32%","$10,000","$10,000","$10,000","$1,231,324","$2,150,271"
"Cameron Batson","WR","TEN                  TEN","22","2018","2020","3","$1,718,000","$572,667","0.32%","$8,000","$8,000","$8,000","$1,058,000","$1,718,000"
"John Diarse","WR","DEN                  DEN","23","2018","2020","3","$1,718,000","$572,667","0.32%","$8,000","$8,000","$8,000","$1,058,000","$1,718,000"
"Allen Lazard","WR","JAX                  JAX","22","2018","2020","3","$1,717,500","$572,500","0.32%","$7,500","$40,000","$40,000","$1,057,500","$1,717,500"
"Jester Weah","WR","HOU                  HOU","22","2018","2020","3","$1,716,000","$572,000","0.32%","$6,000","$6,000","$6,000","$1,056,000","$1,716,000"
"Darren Andrews","WR","NE                  NE","25","2018","2020","3","$1,715,000","$571,667","0.32%","$5,000","$5,000","$5,000","$863,000","$1,523,000"
"Deontay Burnett","WR","TEN                  TEN","20","2018","2020","3","$1,715,000","$571,667","0.32%","$5,000","$20,000","$20,000","$1,055,000","$1,715,000"
"Jaelon Acklin","WR","BAL                  BAL","22","2018","2020","3","$1,715,000","$571,667","0.32%","$5,000","$5,000","$5,000","$938,000","$1,598,000"
"Rico Gafford","WR","TEN                  TEN","21","2018","2020","3","$1,713,500","$571,167","0.32%","$3,500","$3,500","$3,500","$1,053,500","$1,713,500"
"Devin Ross","WR","TEN                  TEN","22","2018","2020","3","$1,713,000","$571,000","0.32%","$3,000","$3,000","$3,000","$936,000","$1,596,000"
"J.J. Jones","WR","LAC                  LAC","25","2018","2020","3","$1,712,500","$570,833","0.32%","$2,500","$2,500","$2,500","$1,052,500","$1,712,500"
"Jordan Veasy","WR","TEN                  TEN","22","2018","2020","3","$1,712,500","$570,833","0.32%","$2,500","$5,000","$5,000","$1,052,500","$1,712,500"
"Derrick Willies","WR","CLE                  CLE","23","2018","2020","3","$1,712,500","$570,833","0.32%","$2,500","$2,500","$2,500","$969,899","$1,629,899"
"Dorren Miller","WR","JAX                  JAX","23","2018","2020","3","$1,711,000","$570,333","0.32%","$1,000","$1,000","$1,000","$1,051,000","$1,711,000"
"Sergio Bailey","WR","TB                  TB","23","2018","2020","3","$1,711,000","$570,333","0.32%","$1,000","$1,000","$1,000","$859,000","$1,519,000"
"Josh Cooper","WR","CLE                  CLE","23","2013","2015","3","$1,710,000","$570,000","0.46%","","","","$559,412","$1,129,412"
"Michael Preston","WR","TEN                  TEN","23","2013","2015","3","$1,710,000","$570,000","0.46%","$2,000","","$2,000","$870,000","$1,440,000"
"Brandon Zylstra","WR","MIN                  MIN","24","2018","2020","3","$1,710,000","$570,000","0.32%","","","","$1,050,000","$1,999,328"
"River Cracraft","WR","DEN                  DEN","23","2018","2020","3","$1,710,000","$570,000","0.32%","","","","$1,050,000","$1,710,000"
"J.J. Jones","WR","NYJ                  NYJ","25","2018","2020","3","$1,710,000","$570,000","0.32%","","","","$598,235","$1,258,235"
"Blake Jackson","WR","CLE                  CLE","23","2018","2020","3","$1,710,000","$570,000","0.32%","","","","$406,235","$991,235"
"Steven Mitchell","WR","HOU                  HOU","23","2018","2020","3","$1,710,000","$570,000","0.32%","","","","$523,235","$1,108,235"
"Chris Lacy","WR","DET                  DET","21","2018","2020","3","$1,710,000","$570,000","0.32%","","","","$551,470","$1,136,470"
"Auden Tate","WR","CIN                  CIN","20","2018","2021","3","$1,710,000","$570,000","0.32%","","","","$1,015,502","$1,790,843"
"Da'Mari Scott","WR","BUF                  BUF","22","2018","2020","3","$1,710,000","$570,000","0.32%","","","","$682,940","$1,342,940"
"Julian Williams","WR","ATL                  ATL","","2018","2020","3","$1,710,000","$570,000","0.32%","","","","$1,050,000","$1,710,000"
"Allenzae Staggers","WR","WAS                  WAS","","2018","2020","3","$1,710,000","$570,000","0.32%","","","","$1,050,000","$1,710,000"
"Jared Murphy","WR","CIN                  CIN","23","2018","2020","3","$1,710,000","$570,000","0.32%","","","","$1,050,000","$1,710,000"
"Bryce Bobo","WR","DEN                  DEN","22","2018","2020","3","$1,710,000","$570,000","0.32%","","","","$1,050,000","$1,710,000"
"Malik Turner","WR","SEA                  SEA","21","2018","2020","3","$1,710,000","$570,000","0.32%","","","","$1,050,000","$1,710,000"
"Blake Jackson","WR","CLE                  CLE","23","2018","2020","3","$1,710,000","$570,000","0.32%","","","","$1,050,000","$1,710,000"
"Matt Fleming","WR","CHI                  CHI","","2018","2020","3","$1,710,000","$570,000","0.32%","","","","$1,050,000","$1,710,000"
"Mark Chapman","WR","DEN                  DEN","23","2018","2020","3","$1,710,000","$570,000","0.32%","","","","$1,050,000","$1,710,000"
"Khadarel Hodge","WR","LAR                  LAR","22","2018","2020","3","$1,710,000","$570,000","0.32%","","","","$1,050,000","$1,710,000"
"Adonis Jennings","WR","GB                  GB","22","2018","2020","3","$1,710,000","$570,000","0.32%","","","","$1,050,000","$1,710,000"
"Damoun Patterson","WR","PIT                  PIT","23","2018","2020","3","$1,710,000","$570,000","0.32%","","","","$933,000","$1,593,000"
"Josh Smith","WR","NO                  NO","","2018","2020","3","$1,710,000","$570,000","0.32%","","","","$933,000","$1,593,000"
"Chris Lacy","WR","NE                  NE","21","2018","2020","3","$1,710,000","$570,000","0.32%","","","","$1,050,000","$1,710,000"
"Eldridge Massington","WR","NO                  NO","22","2018","2020","3","$1,710,000","$570,000","0.32%","","","","$933,000","$1,593,000"
"Davon Grayson","WR","KC                  KC","22","2018","2020","3","$1,710,000","$570,000","0.32%","","","","$1,050,000","$1,710,000"
"Darvin Kidsy","WR","WAS                  WAS","22","2018","2020","3","$1,710,000","$570,000","0.32%","","","","$1,050,000","$1,710,000"
"Deontez Alexander","WR","DET                  DET","21","2018","2020","3","$1,710,000","$570,000","0.32%","","","","$933,000","$1,593,000"
"C.J. Duncan","WR","ARI                  ARI","22","2018","2020","3","$1,710,000","$570,000","0.32%","","","","$1,050,000","$1,710,000"
"Tim Wilson","WR","PHI                  PHI","23","2018","2020","3","$1,710,000","$570,000","0.32%","","","","$1,050,000","$1,710,000"
"Shaq Roland","WR","CHI                  CHI","","2018","2020","3","$1,710,000","$570,000","0.32%","","","","$1,050,000","$1,710,000"
"Jawill Davis","WR","NYG                  NYG","22","2018","2020","3","$1,710,000","$570,000","0.32%","","","","$1,050,000","$1,710,000"
"Anthony Mahoungou","WR","PHI                  PHI","23","2018","2020","3","$1,710,000","$570,000","0.32%","","","","$1,050,000","$1,710,000"
"Jordan Smallwood","WR","KC                  KC","22","2018","2020","3","$1,710,000","$570,000","0.32%","","","","$1,050,000","$1,710,000"
"Janarion Grant","WR","BAL                  BAL","24","2018","2020","3","$1,710,000","$570,000","0.32%","","","","$1,050,000","$1,710,000"
"Chad Beebe","WR","MIN                  MIN","23","2018","2020","3","$1,710,000","$570,000","0.32%","","","","$678,349","$1,617,665"
"Kyle Lewis","WR","DET                  DET","22","2018","2020","3","$1,710,000","$570,000","0.32%","","","","$1,050,000","$1,710,000"
"Teo Redding","WR","DET                  DET","23","2018","2020","3","$1,710,000","$570,000","0.32%","","","","$1,050,000","$1,710,000"
"Virnel Moon","WR","CIN                  CIN","","2018","2020","3","$1,710,000","$570,000","0.32%","","","","$1,050,000","$1,710,000"
"Devonte Boyd","WR","CIN                  CIN","23","2018","2020","3","$1,710,000","$570,000","0.32%","","","","$1,050,000","$1,710,000"
"Elijah Marks","WR","KC                  KC","","2018","2020","3","$1,710,000","$570,000","0.32%","","","","$1,050,000","$1,710,000"
"Taj Williams","WR","SEA                  SEA","24","2018","2020","3","$1,710,000","$570,000","0.32%","","","","$1,050,000","$1,710,000"
"Ka'Raun White","WR","SEA                  SEA","24","2018","2020","3","$1,710,000","$570,000","0.32%","","","","$1,050,000","$1,710,000"
"Caleb Scott","WR","SEA                  SEA","21","2018","2020","3","$1,710,000","$570,000","0.32%","","","","$1,050,000","$1,710,000"
"Saeed Blacknall","WR","OAK                  OAK","21","2018","2020","3","$1,710,000","$570,000","0.32%","","","","$1,050,000","$1,710,000"
"Da'Mari Scott","WR","CLE                  CLE","22","2018","2020","3","$1,710,000","$570,000","0.32%","","","","$1,050,000","$1,710,000"
"Evan Berry","WR","CLE                  CLE","22","2018","2020","3","$1,710,000","$570,000","0.32%","","","","$1,050,000","$1,710,000"
"Cam Sims","WR","WAS                  WAS","21","2018","2020","3","$1,710,000","$570,000","0.32%","","","","$864,882","$1,449,882"
"De'Mornay Pierson-El","WR","WAS                  WAS","22","2018","2020","3","$1,710,000","$570,000","0.32%","","","","$1,050,000","$1,710,000"
"Mikah Holder","WR","WAS                  WAS","","2018","2020","3","$1,710,000","$570,000","0.32%","","","","$1,050,000","$1,710,000"
"Shay Fields","WR","WAS                  WAS","21","2018","2020","3","$1,710,000","$570,000","0.32%","","","","$1,050,000","$1,710,000"
"Simmie Cobbs Jr.","WR","WAS                  WAS","22","2018","2020","3","$1,710,000","$570,000","0.32%","","","","$1,050,000","$1,710,000"
"Steven Mitchell","WR","LAR                  LAR","23","2018","2020","3","$1,710,000","$570,000","0.32%","","","","$1,050,000","$1,710,000"
"Ricky Jeune","WR","LAR                  LAR","24","2018","2020","3","$1,710,000","$570,000","0.32%","","","","$1,050,000","$1,710,000"
"LaQuvionte Gonzalez","WR","LAR                  LAR","","2018","2020","3","$1,710,000","$570,000","0.32%","","","","$1,050,000","$1,710,000"
"Garrett Johnson","WR","CHI                  CHI","22","2018","2020","3","$1,710,000","$570,000","0.32%","","","","$1,050,000","$1,710,000"
"Andre Levrone","WR","BAL                  BAL","22","2018","2020","3","$1,710,000","$570,000","0.32%","","","","$1,050,000","$1,710,000"
"Cam Phillips","WR","BUF                  BUF","22","2018","2020","3","$1,710,000","$570,000","0.32%","","","","$1,050,000","$1,710,000"
"Steven Dunbar","WR","SF                  SF","22","2018","2020","3","$1,710,000","$570,000","0.32%","","","","$1,050,000","$1,710,000"
"Marchie Murdock","WR","DAL                  DAL","22","2018","2020","3","$1,710,000","$570,000","0.32%","","","","$933,000","$1,593,000"
"Malik Earl","WR","DAL                  DAL","","2018","2020","3","$1,710,000","$570,000","0.32%","","","","$1,050,000","$1,710,000"
"Jonah Trinnaman","WR","ARI                  ARI","21","2018","2020","3","$1,710,000","$570,000","0.32%","","","","$1,050,000","$1,710,000"
"Jalen Tolliver","WR","ARI                  ARI","22","2018","2020","3","$1,710,000","$570,000","0.32%","","","","$1,050,000","$1,710,000"
"Erv Phillips","WR","TB                  TB","22","2018","2020","3","$1,710,000","$570,000","0.32%","","","","$1,050,000","$1,710,000"
"Jake Wieneke","WR","MIN                  MIN","23","2018","2020","3","$1,710,000","$570,000","0.32%","","","","$1,050,000","$1,710,000"
"Armanti Foreman","WR","MIN                  MIN","","2018","2020","3","$1,710,000","$570,000","0.32%","","","","$1,050,000","$1,710,000"
"Quadree Henderson","WR","PIT                  PIT","21","2018","2020","3","$1,710,000","$570,000","0.32%","","","","$1,050,000","$1,710,000"
"Kent Shelby","WR","LAC                  LAC","","2018","2020","3","$1,710,000","$570,000","0.32%","","","","$1,050,000","$1,710,000"
"Devin Gray","WR","ATL                  ATL","22","2018","2020","3","$1,710,000","$570,000","0.32%","","","","$1,050,000","$1,710,000"
"Detrich Clark","WR","ATL                  ATL","","2018","2020","3","$1,710,000","$570,000","0.32%","","","","$1,050,000","$1,710,000"
"Dontez Byrd","WR","ATL                  ATL","22","2018","2020","3","$1,710,000","$570,000","0.32%","","","","$1,050,000","$1,710,000"
"Christian Blake","WR","ATL                  ATL","21","2018","2020","3","$1,710,000","$570,000","0.32%","","","","$1,050,000","$1,710,000"
"Corey Willis","WR","ARI                  ARI","22","2018","2020","3","$1,710,000","$570,000","0.32%","","","","$1,050,000","$1,710,000"
"Danny Amendola","WR","NE                  NE","31","2017","2017","1","$1,700,000","$1,700,000","1.02%","$100,000","$1,350,000","$1,350,000","$1,681,250","$1,681,250"
"Mohamed Massaquoi","WR","JAX                  JAX","26","2013","2014","2","$1,700,000","$850,000","0.69%","$65,000","","$65,000","$1,650,000","$1,650,000"
"Domenik Hixon","WR","NYG                  NYG","25","2010","2010","1","$1,684,000","$1,684,000","","","","","$1,684,000","$1,684,000"
"Carlton Agudosi","WR","ARI                  ARI","22","2017","2019","3","$1,678,000","$559,333","0.33%","$13,000","$13,000","$13,000","$1,033,000","$1,678,000"
"Travis Rudolph","WR","NYG                  NYG","21","2017","2019","3","$1,675,000","$558,333","0.33%","$10,000","$20,000","$20,000","$1,030,000","$1,675,000"
"Cody Hollister","WR","NE                  NE","23","2017","2019","3","$1,675,000","$558,333","0.33%","$10,000","$20,000","$20,000","$1,030,000","$1,675,000"
"Fred Ross","WR","CAR                  CAR","21","2017","2019","3","$1,675,000","$558,333","0.33%","$10,000","$10,000","$10,000","$721,000","$1,366,000"
"Charles Johnson","WR","CAR                  CAR","27","2017","2017","1","$1,675,000","$1,675,000","1.00%","$325,000","$325,000","$325,000","$1,675,000","$1,675,000"
"Victor Bolden","WR","SF                  SF","21","2017","2019","3","$1,673,000","$557,667","0.33%","$8,000","$43,000","$43,000","$876,137","$1,521,137"
"Jhajuan Seales","WR","CHI                  CHI","23","2017","2019","3","$1,672,500","$557,500","0.33%","$7,500","$15,000","$15,000","$1,027,500","$1,672,500"
"Austin Carr","WR","NE                  NE","23","2017","2019","3","$1,672,500","$557,500","0.33%","$7,500","$30,000","$30,000","$1,020,000","$1,581,353"
"Tim White","WR","BAL                  BAL","22","2017","2019","3","$1,671,000","$557,000","0.33%","$6,000","$6,000","$6,000","$909,000","$1,554,000"
"Kenbrell Thompkins","WR","NYJ                  NYJ","27","2016","2016","1","$1,671,000","$1,671,000","1.08%","","","","$1,671,000","$1,671,000"
"Russell Shepard","WR","TB                  TB","25","2016","2016","1","$1,671,000","$1,671,000","1.08%","","","","$1,671,000","$1,671,000"
"Chris Hogan","WR","BUF                  BUF","28","2016","2016","1","$1,671,000","$1,671,000","1.08%","","","","$1,671,000","$1,671,000"
"Terrelle Pryor","WR","CLE                  CLE","26","2016","2016","1","$1,671,000","$1,671,000","1.08%","","","","$1,671,000","$1,671,000"
"Jaron Brown","WR","ARI                  ARI","25","2016","2016","1","$1,671,000","$1,671,000","1.08%","","","","$1,671,000","$1,671,000"
"Michael Clark","WR","GB                  GB","21","2017","2019","3","$1,670,000","$556,667","0.33%","$5,000","$5,000","$5,000","$1,025,000","$1,670,000"
"Kendrick Bourne","WR","SF                  SF","21","2017","2019","3","$1,670,000","$556,667","0.33%","$5,000","$25,000","$25,000","$1,025,000","$1,670,000"
"K.D. Cannon","WR","SF                  SF","21","2017","2019","3","$1,670,000","$556,667","0.33%","$5,000","$45,000","$45,000","$1,020,000","$1,665,000"
"Greg Ward","WR","PHI                  PHI","21","2017","2019","3","$1,670,000","$556,667","0.33%","$5,000","$20,000","$20,000","$1,025,000","$1,670,000"
"R.J. Shelton","WR","MIN                  MIN","22","2017","2019","3","$1,670,000","$556,667","0.33%","$5,000","$5,000","$5,000","$908,000","$1,553,000"
"Bug Howard","WR","IND                  IND","22","2017","2019","3","$1,670,000","$556,667","0.33%","$5,000","$5,000","$5,000","$1,025,000","$1,670,000"
"Aaron Peck","WR","GB                  GB","22","2017","2019","3","$1,670,000","$556,667","0.33%","$5,000","$5,000","$5,000","$1,025,000","$1,670,000"
"Anthony Nash","WR","DEN                  DEN","23","2017","2019","3","$1,670,000","$556,667","0.33%","$5,000","$5,000","$5,000","$1,025,000","$1,670,000"
"Brisly Estime","WR","NYJ                  NYJ","24","2017","2019","3","$1,670,000","$556,667","0.33%","$5,000","$15,000","$15,000","$833,000","$1,478,000"
"Keelan Cole","WR","JAX                  JAX","23","2017","2019","3","$1,669,000","$556,333","0.33%","$4,000","$4,000","$4,000","$1,325,144","$1,970,144"
"Riley McCarron","WR","HOU                  HOU","23","2017","2019","3","$1,669,000","$556,333","0.33%","$4,000","$6,000","$6,000","$1,024,000","$1,669,000"
"Kevonn Mabon","WR","TEN                  TEN","23","2017","2019","3","$1,668,500","$556,167","0.33%","$3,500","$3,500","$3,500","$1,023,500","$1,668,500"
"Jojo Natson","WR","IND                  IND","22","2017","2019","3","$1,668,000","$556,000","0.33%","$3,000","$3,000","$3,000","$1,023,000","$1,668,000"
"Montay Crockett","WR","GB                  GB","23","2017","2019","3","$1,667,500","$555,833","0.33%","$2,500","$2,500","$2,500","$1,022,500","$1,667,500"
"Deante' Gray","WR","HOU                  HOU","22","2017","2019","3","$1,667,000","$555,667","0.33%","$2,000","$2,000","$2,000","$830,000","$1,400,000"
"Giovanni Pascascio","WR","TEN                  TEN","22","2017","2019","3","$1,666,500","$555,500","0.33%","$1,500","$1,500","$1,500","$1,021,500","$1,666,500"
"Greg Salas","WR","PHI                  PHI","23","2012","2014","3","$1,665,000","$555,000","0.46%","","","","$465,000","$465,000"
"Weslye Saunders","WR","IND                  IND","22","2012","2014","3","$1,665,000","$555,000","0.46%","","","","$758,823","$1,403,823"
"Malachi Dupre","WR","BUF                  BUF","21","2017","2019","3","$1,665,000","$555,000","0.33%","","","","$507,353","$1,077,353"
"Brandon Reilly","WR","BUF                  BUF","23","2017","2019","3","$1,665,000","$555,000","0.33%","","","","$664,412","$1,309,412"
"Robert Davis","WR","WAS                  WAS","21","2017","2019","3","$1,665,000","$555,000","0.33%","","","","$487,412","$1,023,883"
"Bobo Wilson","WR","TB                  TB","21","2017","2019","3","$1,665,000","$555,000","0.33%","","","","$300,000","$945,000"
"Jace Billingsley","WR","DET                  DET","23","2017","2019","3","$1,665,000","$555,000","0.33%","","","","$582,353","$1,227,353"
"Justice Liggins","WR","IND                  IND","22","2017","2019","3","$1,665,000","$555,000","0.33%","","","","$1,020,000","$1,665,000"
"Daniel Williams","WR","NYJ                  NYJ","","2017","2019","3","$1,665,000","$555,000","0.33%","","","","$1,020,000","$1,665,000"
"Keevan Lucas","WR","PHI                  PHI","21","2017","2019","3","$1,665,000","$555,000","0.33%","","","","$1,020,000","$1,665,000"
"Rashard Davis","WR","PHI                  PHI","21","2017","2019","3","$1,665,000","$555,000","0.33%","","","","$1,020,000","$1,665,000"
"Germone Hopper","WR","HOU                  HOU","23","2017","2019","3","$1,665,000","$555,000","0.33%","","","","$1,020,000","$1,665,000"
"Brian Riley","WR","IND                  IND","","2017","2019","3","$1,665,000","$555,000","0.33%","","","","$1,020,000","$1,665,000"
"De'Quan Hampton","WR","NO                  NO","22","2017","2019","3","$1,665,000","$555,000","0.33%","","","","$1,020,000","$1,665,000"
"Marvin Bracy","WR","IND                  IND","23","2017","2019","3","$1,665,000","$555,000","0.33%","","","","$1,020,000","$1,665,000"
"Alton Howard","WR","CHI                  CHI","23","2017","2019","3","$1,665,000","$555,000","0.33%","","","","$1,020,000","$1,665,000"
"Jordan Westerkamp","WR","MIA                  MIA","22","2017","2019","3","$1,665,000","$555,000","0.33%","","","","$1,020,000","$1,665,000"
"Justin Thomas","WR","LAR                  LAR","22","2017","2019","3","$1,665,000","$555,000","0.33%","","","","$1,020,000","$1,665,000"
"C.J. Germany","WR","LAR                  LAR","","2017","2019","3","$1,665,000","$555,000","0.33%","","","","$1,020,000","$1,665,000"
"Chris Thompson","WR","HOU                  HOU","22","2017","2019","3","$1,665,000","$555,000","0.33%","","","","$937,942","$1,582,942"
"Shakeir Ryan","WR","LAR                  LAR","21","2017","2019","3","$1,665,000","$555,000","0.33%","","","","$1,020,000","$1,665,000"
"Reggie Davis","WR","ATL                  ATL","21","2017","2019","3","$1,665,000","$555,000","0.33%","","","","$1,020,000","$1,665,000"
"Speedy Noil","WR","SEA                  SEA","21","2017","2019","3","$1,665,000","$555,000","0.33%","","","","$1,020,000","$1,665,000"
"Aaron Bailey","WR","BAL                  BAL","22","2017","2019","3","$1,665,000","$555,000","0.33%","","","","$1,020,000","$1,665,000"
"Al-Damion Riles","WR","IND                  IND","23","2017","2019","3","$1,665,000","$555,000","0.33%","","","","$1,020,000","$1,665,000"
"Larry Clark","WR","ARI                  ARI","23","2017","2019","3","$1,665,000","$555,000","0.33%","","","","$1,020,000","$1,665,000"
"Kevin Snead","WR","NYG                  NYG","25","2017","2019","3","$1,665,000","$555,000","0.33%","","","","$903,000","$1,548,000"
"Dontez Ford","WR","DET                  DET","22","2017","2019","3","$1,665,000","$555,000","0.33%","","","","$1,020,000","$1,665,000"
"Levonte Whitfield","WR","CIN                  CIN","23","2017","2019","3","$1,665,000","$555,000","0.33%","","","","$1,020,000","$1,665,000"
"Rob Wheelwright","WR","NYG                  NYG","22","2017","2019","3","$1,665,000","$555,000","0.33%","","","","$1,020,000","$1,665,000"
"Jamari Staples","WR","KC                  KC","22","2017","2019","3","$1,665,000","$555,000","0.33%","","","","$1,020,000","$1,665,000"
"B.J. Johnson","WR","SF                  SF","21","2017","2019","3","$1,665,000","$555,000","0.33%","","","","$903,000","$1,548,000"
"Monty Madaris","WR","CIN                  CIN","23","2017","2019","3","$1,665,000","$555,000","0.33%","","","","$1,020,000","$1,665,000"
"Jerome Lane","WR","IND                  IND","20","2017","2019","3","$1,665,000","$555,000","0.33%","","","","$1,020,000","$1,665,000"
"Taquan Mizzell","WR","BAL                  BAL","23","2017","2019","3","$1,665,000","$555,000","0.33%","","","","$1,020,000","$1,665,000"
"C.J. Board","WR","BAL                  BAL","23","2017","2019","3","$1,665,000","$555,000","0.33%","","","","$1,020,000","$1,665,000"
"Thomas Sperbeck","WR","TB                  TB","22","2017","2019","3","$1,665,000","$555,000","0.33%","","","","$1,020,000","$1,665,000"
"Josh Magee","WR","ATL                  ATL","25","2017","2019","3","$1,665,000","$555,000","0.33%","","","","$903,000","$1,548,000"
"Reginald Davis III","WR","ATL                  ATL","23","2017","2019","3","$1,665,000","$555,000","0.33%","","","","$1,020,000","$1,665,000"
"Levern Jacobs","WR","WAS                  WAS","23","2017","2019","3","$1,665,000","$555,000","0.33%","","","","$903,000","$1,548,000"
"Zach Pascal","WR","WAS                  WAS","22","2017","2019","3","$1,665,000","$555,000","0.33%","","","","$1,020,000","$1,665,000"
"Bra'Lon Cherry","WR","ATL                  ATL","","2017","2019","3","$1,665,000","$555,000","0.33%","","","","$1,020,000","$1,665,000"
"Bobo Wilson","WR","TB                  TB","21","2017","2019","3","$1,665,000","$555,000","0.33%","","","","$1,020,000","$1,665,000"
"Ishmael Zamora","WR","OAK                  OAK","21","2017","2019","3","$1,665,000","$555,000","0.33%","","","","$1,020,000","$1,665,000"
"Isaac Whitney","WR","OAK                  OAK","22","2017","2019","3","$1,665,000","$555,000","0.33%","","","","$1,020,000","$1,665,000"
"Ahmad Thomas","WR","OAK                  OAK","22","2017","2019","3","$1,665,000","$555,000","0.33%","","","","$1,020,000","$1,665,000"
"Gabe Marks","WR","NYJ                  NYJ","22","2017","2019","3","$1,665,000","$555,000","0.33%","","","","$1,020,000","$1,665,000"
"Jalen Williams","WR","NYG                  NYG","","2017","2019","3","$1,665,000","$555,000","0.33%","","","","$1,020,000","$1,665,000"
"Keeon Johnson","WR","NYG                  NYG","22","2017","2019","3","$1,665,000","$555,000","0.33%","","","","$828,000","$1,473,000"
"Ahmad Fulwood","WR","NO                  NO","","2017","2019","3","$1,665,000","$555,000","0.33%","","","","$1,020,000","$1,665,000"
"Francis Owusu","WR","MIA                  MIA","22","2017","2019","3","$1,665,000","$555,000","0.33%","","","","$1,020,000","$1,665,000"
"Damore'ea Stringfellow","WR","MIA                  MIA","22","2017","2019","3","$1,665,000","$555,000","0.33%","","","","$1,020,000","$1,665,000"
"Artavis Scott","WR","LAC                  LAC","22","2017","2019","3","$1,665,000","$555,000","0.33%","","","","$1,020,000","$1,665,000"
"Andre Patton","WR","LAC                  LAC","22","2017","2019","3","$1,665,000","$555,000","0.33%","","","","$1,020,000","$1,665,000"
"Marcus Kemp","WR","KC                  KC","21","2017","2018","3","$1,665,000","$555,000","0.33%","","","","$480,000","$480,000"
"Gehrig Dieter","WR","KC                  KC","23","2017","2019","3","$1,665,000","$555,000","0.33%","","","","$1,020,000","$1,665,000"
"Tony Stevens","WR","KC                  KC","21","2017","2019","3","$1,665,000","$555,000","0.33%","","","","$1,020,000","$1,665,000"
"Anas Hasic","WR","KC                  KC","","2017","2019","3","$1,665,000","$555,000","0.33%","","","","$1,020,000","$1,665,000"
"Alonzo Moore","WR","KC                  KC","24","2017","2019","3","$1,665,000","$555,000","0.33%","","","","$1,020,000","$1,665,000"
"Amba Etta-Tawo","WR","JAX                  JAX","23","2017","2019","3","$1,665,000","$555,000","0.33%","","","","$1,020,000","$1,665,000"
"Kenneth Walker","WR","JAX                  JAX","22","2017","2019","3","$1,665,000","$555,000","0.33%","","","","$1,020,000","$1,665,000"
"Trey Griffey","WR","IND                  IND","22","2017","2019","3","$1,665,000","$555,000","0.33%","","","","$1,020,000","$1,665,000"
"Shaq Hill","WR","HOU                  HOU","23","2017","2019","3","$1,665,000","$555,000","0.33%","$5,000","$5,000","$5,000","$1,025,000","$1,670,000"
"Brian Brown","WR","DAL                  DAL","22","2017","2019","3","$1,665,000","$555,000","0.33%","","","","$1,020,000","$1,665,000"
"Karel Hamilton","WR","CIN                  CIN","21","2017","2019","3","$1,665,000","$555,000","0.33%","","","","$1,020,000","$1,665,000"
"Tanner Gentry","WR","CHI                  CHI","22","2017","2019","3","$1,665,000","$555,000","0.33%","","","","$1,020,000","$1,665,000"
"Austin Duke","WR","CAR                  CAR","23","2017","2019","3","$1,665,000","$555,000","0.33%","","","","$1,020,000","$1,665,000"
"Brandon Reilly","WR","BUF                  BUF","23","2017","2019","3","$1,665,000","$555,000","0.33%","","","","$520,500","$1,165,500"
"Daikel Shorts","WR","BUF                  BUF","22","2017","2019","3","$1,665,000","$555,000","0.33%","","","","$1,020,000","$1,665,000"
"Quincy Adeboyejo","WR","BAL                  BAL","21","2017","2019","3","$1,665,000","$555,000","0.33%","","","","$1,020,000","$1,665,000"
"Tim Patrick","WR","BAL                  BAL","23","2017","2019","3","$1,665,000","$555,000","0.33%","","","","$1,020,000","$1,665,000"
"Noel Thomas","WR","DET                  DET","22","2017","2019","3","$1,665,000","$555,000","0.33%","","","","$1,020,000","$1,665,000"
"James Quick","WR","WAS                  WAS","22","2017","2019","3","$1,665,000","$555,000","0.33%","","","","$1,020,000","$1,665,000"
"Darreus Rogers","WR","SEA                  SEA","23","2017","2019","3","$1,665,000","$555,000","0.33%","","","","$1,020,000","$1,665,000"
"Keon Hatcher","WR","OAK                  OAK","22","2017","2019","3","$1,665,000","$555,000","0.33%","","","","$1,020,000","$1,665,000"
"Travin Dural","WR","NO                  NO","23","2017","2019","3","$1,665,000","$555,000","0.33%","","","","$1,020,000","$1,665,000"
"Drew Morgan","WR","MIA                  MIA","22","2017","2019","3","$1,665,000","$555,000","0.33%","","","","$1,020,000","$1,665,000"
"Malcolm Lewis","WR","MIA                  MIA","23","2017","2019","3","$1,665,000","$555,000","0.33%","","","","$1,020,000","$1,665,000"
"Krishawn Hogan","WR","ARI                  ARI","21","2017","2019","3","$1,665,000","$555,000","0.33%","","","","$1,020,000","$1,665,000"
"Michael Rector","WR","DET                  DET","23","2017","2019","3","$1,665,000","$555,000","0.33%","","","","$1,020,000","$1,665,000"
"Travis Wilson","WR","LAR                  LAR","32","2017","2019","3","$1,665,000","$555,000","0.33%","","","","$1,020,000","$1,665,000"
"Andy Jones","WR","DET                  DET","22","2017","2019","3","$1,665,000","$555,000","0.33%","","","","$547,235","$1,192,235"
"Mose Frazier","WR","CAR                  CAR","23","2017","2019","3","$1,665,000","$555,000","0.33%","","","","$167,646","$737,646"
"Stefan Logan","WR","DET                  DET","29","2011","2012","2","$1,640,000","$820,000","0.68%","$500,000","","","",""
"Roger Lewis","WR","NYG                  NYG","22","2016","2018","3","$1,638,500","$546,167","0.35%","$18,500","$18,500","$18,500","$1,008,500","$1,638,500"
"Andy Jones","WR","DAL                  DAL","21","2016","2018","3","$1,635,000","$545,000","0.35%","$15,000","$15,000","$15,000","$1,005,000","$1,635,000"
"Jalin Marshall","WR","NYJ                  NYJ","20","2016","2018","3","$1,632,500","$544,167","0.35%","$8,000","$12,500","$12,500","$870,942","$1,500,942"
"Rashawn Scott","WR","MIA                  MIA","23","2016","2018","3","$1,630,000","$543,333","0.35%","$10,000","$20,000","$20,000","$1,000,000","$1,630,000"
"Robbie Chosen","WR","NYJ                  NYJ","22","2016","2018","3","$1,630,000","$543,333","0.35%","$10,000","$10,000","$10,000","$1,242,000","$1,872,000"
"Paul McRoberts","WR","LAR                  LAR","23","2016","2018","3","$1,630,000","$543,333","0.35%","$10,000","$10,000","$10,000","$1,000,000","$1,630,000"
"Cayleb Jones","WR","PHI                  PHI","22","2016","2018","3","$1,630,000","$543,333","0.35%","$10,000","$20,000","$20,000","$1,000,000","$1,630,000"
"Keyarris Garrett","WR","CAR                  CAR","23","2016","2018","3","$1,629,000","$543,000","0.35%","$9,000","$9,000","$9,000","$999,000","$1,629,000"
"Canaan Severin","WR","PIT                  PIT","22","2016","2018","3","$1,628,000","$542,667","0.35%","$8,000","$8,000","$8,000","$923,000","$1,478,000"
"Tommylee Lewis","WR","NO                  NO","23","2016","2018","3","$1,625,000","$541,667","0.35%","$5,000","$5,000","$5,000","$1,053,178","$1,683,178"
"Wendell Williams","WR","HOU                  HOU","25","2016","2018","3","$1,625,000","$541,667","0.35%","$5,000","$5,000","$5,000","$995,000","$1,625,000"
"Johnny Holton","WR","OAK                  OAK","24","2016","2018","3","$1,625,000","$541,667","0.35%","$5,000","$5,000","$5,000","$995,000","$1,625,000"
"Davonte' Allen","WR","BUF                  BUF","","2016","2018","3","$1,624,000","$541,333","0.35%","$4,000","$4,000","$4,000","$990,000","$1,620,000"
"Hunter Sharp","WR","PHI                  PHI","21","2016","2018","3","$1,623,500","$541,167","0.35%","$3,500","$27,250","$27,250","$993,500","$1,623,500"
"Maurice Harris","WR","WAS                  WAS","23","2016","2018","3","$1,623,500","$541,167","0.35%","$3,500","$3,500","$3,500","$993,500","$1,623,500"
"Paul Turner","WR","PHI                  PHI","22","2016","2018","3","$1,623,000","$541,000","0.35%","$3,000","$6,000","$6,000","$993,000","$1,623,000"
"Derek Keaton","WR","CHI                  CHI","","2016","2018","3","$1,623,000","$541,000","0.35%","$3,000","$3,000","$3,000","$993,000","$1,623,000"
"Quinshad Davis","WR","DET                  DET","","2016","2018","3","$1,623,000","$541,000","0.35%","$3,000","$3,000","$3,000","$993,000","$1,623,000"
"Marcus Johnson","WR","PHI                  PHI","21","2016","2018","3","$1,622,500","$540,833","0.35%","$2,500","$10,000","$10,000","$992,500","$1,622,500"
"Jamaal Jones","WR","SD                  SD","22","2016","2018","3","$1,622,500","$540,833","0.35%","$2,500","$2,500","$2,500","$990,000","$1,620,000"
"Gary Chambers","WR","BUF                  BUF","","2016","2018","3","$1,622,500","$540,833","0.35%","$2,500","$2,500","$2,500","$990,000","$1,620,000"
"Reginald Diggs","WR","WAS                  WAS","22","2016","2018","3","$1,622,000","$540,667","0.35%","$2,000","$2,000","$2,000","$800,000","$1,355,000"
"Devonte Robinson","WR","GB                  GB","","2016","2018","3","$1,622,000","$540,667","0.35%","$2,000","$2,000","$2,000","$992,000","$1,622,000"
"Kalif Raymond","WR","DEN                  DEN","21","2016","2018","3","$1,622,000","$540,667","0.35%","$2,000","$2,000","$2,000","$992,000","$1,622,000"
"Daje Johnson","WR","ATL                  ATL","","2016","2018","3","$1,622,000","$540,667","0.35%","$2,000","$2,000","$2,000","$990,000","$1,620,000"
"Chris King","WR","ARI                  ARI","22","2016","2018","3","$1,622,000","$540,667","0.35%","$2,000","$2,000","$2,000","$990,000","$1,620,000"
"Richard Mullaney","WR","HOU                  HOU","22","2016","2018","3","$1,621,500","$540,500","0.35%","$1,500","$1,500","$1,500","$990,000","$1,620,000"
"Jenson Stoshak","WR","CAR                  CAR","","2016","2018","3","$1,621,000","$540,333","0.35%","$1,000","$1,000","$1,000","$990,000","$1,620,000"
"Tevin Jones","WR","HOU                  HOU","23","2016","2018","3","$1,621,000","$540,333","0.35%","$1,000","$1,000","$1,000","$991,000","$1,621,000"
"Dezmin Lewis","WR","BUF                  BUF","23","2016","2018","3","$1,620,000","$540,000","0.35%","","","","$694,411","$1,324,411"
"Dobson Collins","WR","BAL                  BAL","","2016","2018","3","$1,620,000","$540,000","0.35%","","","","$990,000","$1,620,000"
"T.J. Thorpe","WR","WAS                  WAS","","2016","2018","3","$1,620,000","$540,000","0.35%","","","","$990,000","$1,620,000"
"Kendal Thompson","WR","WAS                  WAS","23","2016","2018","3","$1,620,000","$540,000","0.35%","","","","$990,000","$1,620,000"
"Harvey Binford","WR","GB                  GB","24","2016","2018","3","$1,620,000","$540,000","0.35%","","","","$990,000","$1,620,000"
"David Watford","WR","PHI                  PHI","22","2016","2018","3","$1,620,000","$540,000","0.35%","","","","$990,000","$1,620,000"
"Rahsaun Simonise","WR","CIN                  CIN","","2016","2018","3","$1,620,000","$540,000","0.35%","","","","$990,000","$1,620,000"
"Xavier Rush","WR","PHI                  PHI","23","2016","2018","3","$1,620,000","$540,000","0.35%","","","","$990,000","$1,620,000"
"Marquis Bundy","WR","ARI                  ARI","21","2016","2018","3","$1,620,000","$540,000","0.35%","","","","$990,000","$1,620,000"
"David Glidden","WR","ATL                  ATL","23","2016","2018","3","$1,620,000","$540,000","0.35%","","","","$990,000","$1,620,000"
"Kieran Duncan","WR","CHI                  CHI","","2016","2018","3","$1,620,000","$540,000","0.35%","","","","$990,000","$1,620,000"
"Ben Roberts","WR","TEN                  TEN","","2016","2018","3","$1,620,000","$540,000","0.35%","","","","$990,000","$1,620,000"
"Joe Hansley","WR","OAK                  OAK","","2016","2018","3","$1,620,000","$540,000","0.35%","","","","$990,000","$1,620,000"
"Jake Lampman","WR","NO                  NO","22","2016","2018","3","$1,620,000","$540,000","0.35%","","","","$990,000","$1,620,000"
"Miles Shuler","WR","CAR                  CAR","22","2016","2018","3","$1,620,000","$540,000","0.35%","","","","$990,000","$1,620,000"
"Jaydon Mickens","WR","OAK                  OAK","21","2016","2018","3","$1,620,000","$540,000","0.35%","","","","$990,000","$1,620,000"
"Duke Williams","WR","LAR                  LAR","22","2016","2018","3","$1,620,000","$540,000","0.35%","","","","$990,000","$1,620,000"
"Chris Hubert","WR","ARI                  ARI","22","2016","2018","3","$1,620,000","$540,000","0.35%","","","","$990,000","$1,620,000"
"Darrin Peterson","WR","CHI                  CHI","","2016","2018","3","$1,620,000","$540,000","0.35%","","","","$990,000","$1,620,000"
"Marcus Tucker","WR","PIT                  PIT","23","2016","2018","3","$1,620,000","$540,000","0.35%","","","","$990,000","$1,620,000"
"Rashon Ceaser","WR","TEN                  TEN","","2016","2018","3","$1,620,000","$540,000","0.35%","","","","$990,000","$1,620,000"
"Darius Johnson","WR","DET                  DET","","2016","2018","3","$1,620,000","$540,000","0.35%","","","","$990,000","$1,620,000"
"Valdez Showers","WR","WAS                  WAS","22","2016","2018","3","$1,620,000","$540,000","0.35%","","","","$990,000","$1,620,000"
"Bralon Addison","WR","DEN                  DEN","22","2016","2018","3","$1,620,000","$540,000","0.35%","","","","$990,000","$1,620,000"
"Bobo Beathard","WR","ARI                  ARI","","2016","2018","3","$1,620,000","$540,000","0.35%","","","","$990,000","$1,620,000"
"Dez Stewart","WR","TB                  TB","22","2016","2018","3","$1,620,000","$540,000","0.35%","","","","$990,000","$1,620,000"
"Anthony Kelly","WR","NYJ                  NYJ","","2016","2018","3","$1,620,000","$540,000","0.35%","","","","$990,000","$1,620,000"
"Tanner McEvoy","WR","SEA                  SEA","22","2016","2018","3","$1,620,000","$540,000","0.35%","","","","$990,000","$1,620,000"
"Bryce Treggs","WR","SF                  SF","21","2016","2018","3","$1,620,000","$540,000","0.35%","","","","$990,000","$1,620,000"
"Devon Cajuste","WR","SF                  SF","22","2016","2018","3","$1,620,000","$540,000","0.35%","","","","$990,000","$1,620,000"
"Dominique Williams","WR","SD                  SD","25","2016","2018","3","$1,620,000","$540,000","0.35%","","","","$990,000","$1,620,000"
"Darius Powe","WR","NYG                  NYG","21","2016","2018","3","$1,620,000","$540,000","0.35%","","","","$990,000","$1,620,000"
"K.J. Maye","WR","NYG                  NYG","21","2016","2018","3","$1,620,000","$540,000","0.35%","","","","$990,000","$1,620,000"
"Jordan Williams","WR","NO                  NO","21","2016","2018","3","$1,620,000","$540,000","0.35%","","","","$990,000","$1,620,000"
"Nelson Spruce","WR","LAR                  LAR","23","2016","2018","3","$1,620,000","$540,000","0.35%","","$70,000","$70,000","$813,000","$1,443,000"
"Mitch Mathews","WR","KC                  KC","24","2016","2018","3","$1,620,000","$540,000","0.35%","","","","$990,000","$1,620,000"
"Jamal Robinson","WR","JAX                  JAX","22","2016","2018","3","$1,620,000","$540,000","0.35%","","","","$990,000","$1,620,000"
"Jay Lee","WR","DET                  DET","","2016","2018","3","$1,620,000","$540,000","0.35%","","","","$990,000","$1,620,000"
"Jace Billingsley","WR","DET                  DET","22","2016","2018","3","$1,620,000","$540,000","0.35%","","","","$990,000","$1,620,000"
"Durron Neal","WR","DEN                  DEN","","2016","2018","3","$1,620,000","$540,000","0.35%","","","","$990,000","$1,620,000"
"Mose Frazier","WR","DEN                  DEN","22","2016","2018","3","$1,620,000","$540,000","0.35%","","","","$990,000","$1,620,000"
"Antwane Grant","WR","CIN                  CIN","","2016","2018","3","$1,620,000","$540,000","0.35%","","","","$990,000","$1,620,000"
"Alex Erickson","WR","CIN                  CIN","23","2016","2018","3","$1,620,000","$540,000","0.35%","$6,000","$6,000","$6,000","$990,000","$1,620,000"
"Ed Eagan","WR","CLE                  CLE","22","2016","2018","3","$1,620,000","$540,000","0.35%","","","","$990,000","$1,620,000"
"David Richards","WR","CLE                  CLE","","2016","2018","3","$1,620,000","$540,000","0.35%","","","","$990,000","$1,620,000"
"Amir Carlisle","WR","ARI                  ARI","23","2016","2018","3","$1,620,000","$540,000","0.35%","","","","$990,000","$1,620,000"
"Marquez North","WR","LAR                  LAR","20","2016","2018","3","$1,620,000","$540,000","0.35%","","","","$798,000","$1,428,000"
"Alonzo Russell","WR","CIN                  CIN","23","2016","2018","3","$1,620,000","$540,000","0.35%","","","","$990,000","$1,620,000"
"K.J. Brent","WR","OAK                  OAK","22","2016","2018","3","$1,620,000","$540,000","0.35%","","","","$990,000","$1,620,000"
"Herb Waters","WR","GB                  GB","23","2016","2018","3","$1,620,000","$540,000","0.35%","","","","$990,000","$1,620,000"
"Jared Dangerfield","WR","NO                  NO","","2016","2018","3","$1,620,000","$540,000","0.35%","","","","$990,000","$1,620,000"
"Deandre Reaves","WR","SD                  SD","","2016","2018","3","$1,620,000","$540,000","0.35%","","","","$990,000","$1,620,000"
"Max McCaffrey","WR","OAK                  OAK","21","2016","2018","3","$1,620,000","$540,000","0.35%","","","","$990,000","$1,620,000"
"Chris Brown","WR","DAL                  DAL","22","2016","2018","3","$1,620,000","$540,000","0.35%","","","","$798,000","$1,353,000"
"Quenton Bundrage","WR","HOU                  HOU","","2016","2018","3","$1,620,000","$540,000","0.35%","","","","$990,000","$1,620,000"
"Jamel Johnson","WR","GB                  GB","24","2016","2018","3","$1,620,000","$540,000","0.35%","","","","$990,000","$1,620,000"
"Tyler Slavin","WR","SEA                  SEA","23","2016","2016","3","$1,620,000","$540,000","0.35%","","","","$333,000","$333,000"
"Brittan Golden","WR","ARI                  ARI","24","2013","2016","3","$1,605,000","$535,000","0.43%","","","","$463,235","$1,058,056"
"Dwayne Harris","WR","OAK                  OAK","31","2019","2019","1","$1,600,000","$1,600,000","0.85%","$275,000","$275,000","$275,000","$1,440,000","$1,440,000"
"Marcus Easley","WR","BUF                  BUF","24","2012","2014","3","$1,600,000","$533,333","0.44%","","","","$870,000","$1,600,000"
"Brice Butler","WR","MIA                  MIA","27","2018","2019","2","$1,595,000","$797,500","0.45%","","","","$1,130,294","$1,130,294"
"Brice Butler","WR","DAL                  DAL","27","2018","2019","2","$1,595,000","$797,500","0.45%","","","","$1,502,059","$1,502,059"
"George Farmer","WR","DAL                  DAL","21","2015","2017","3","$1,590,000","$530,000","0.37%","$15,000","$55,000","$55,000","$975,000","$1,590,000"
"Preston Parker","WR","TB                  TB","24","2012","2013","2","$1,590,000","$795,000","0.66%","$50,000","","$50,000","$540,000","$540,000"
"Issac Blakeney","WR","SF                  SF","22","2015","2017","3","$1,585,000","$528,333","0.37%","$10,000","$10,000","$10,000","$970,000","$1,585,000"
"Lucky Whitehead","WR","DAL                  DAL","22","2015","2017","3","$1,585,000","$528,333","0.37%","$10,000","$10,000","$10,000","$970,000","$1,585,000"
"DaVaris Daniels","WR","MIN                  MIN","22","2015","2017","3","$1,585,000","$528,333","0.37%","$10,000","$10,000","$10,000","$960,000","$1,575,000"
"Donatella Luckett","WR","KC                  KC","23","2015","2017","3","$1,585,000","$528,333","0.37%","$10,000","$10,000","$10,000","$970,000","$1,585,000"
"Vernon Johnson","WR","DET                  DET","22","2015","2017","3","$1,585,000","$528,333","0.37%","$10,000","$10,000","$10,000","$970,000","$1,585,000"
"Jaxon Shipley","WR","ARI                  ARI","22","2015","2017","3","$1,584,000","$528,000","0.37%","$9,000","$9,000","$9,000","$969,000","$1,584,000"
"Rannell Hall","WR","TB                  TB","22","2015","2017","3","$1,584,000","$528,000","0.37%","$9,000","$9,000","$9,000","$969,000","$1,584,000"
"Jordan Leslie","WR","MIN                  MIN","23","2015","2017","3","$1,583,000","$527,667","0.37%","$8,000","$8,000","$8,000","$968,000","$1,583,000"
"Gavin Lutman","WR","MIN                  MIN","23","2015","2017","3","$1,582,500","$527,500","0.37%","$7,500","$7,500","$7,500","$850,500","$1,465,500"
"Antwan Goodley","WR","DAL                  DAL","23","2015","2017","3","$1,582,500","$527,500","0.37%","$7,500","$7,500","$7,500","$967,500","$1,582,500"
"Deandre Carter","WR","BAL                  BAL","21","2015","2017","3","$1,582,500","$527,500","0.37%","$7,500","$7,500","$7,500","$967,500","$1,582,500"
"Titus Davis","WR","SD                  SD","21","2015","2017","3","$1,582,500","$527,500","0.37%","$7,500","$7,500","$7,500","$967,500","$1,582,500"
"Josh Harper","WR","OAK                  OAK","23","2015","2017","3","$1,582,500","$527,500","0.37%","$7,500","$7,500","$7,500","$967,500","$1,582,500"
"Jordan Taylor","WR","DEN                  DEN","22","2015","2017","3","$1,582,500","$527,500","0.37%","$7,500","$7,500","$7,500","$967,500","$1,582,500"
"DeAndrew White","WR","SF                  SF","23","2015","2017","3","$1,582,000","$527,333","0.37%","$7,000","$7,000","$7,000","$985,856","$1,600,856"
"Devante Davis","WR","PHI                  PHI","","2015","2017","3","$1,582,000","$527,333","0.37%","$7,000","$7,000","$7,000","$967,000","$1,582,000"
"Christion Jones","WR","MIA                  MIA","22","2015","2017","3","$1,581,500","$527,167","0.37%","$6,500","$6,500","$6,500","$966,500","$1,581,500"
"Bradley Marquez","WR","STL                  STL","22","2015","2017","3","$1,581,500","$527,167","0.37%","$6,500","$6,500","$6,500","$1,152,817","$1,767,817"
"Cameron Meredith","WR","CHI                  CHI","22","2015","2017","3","$1,581,000","$527,000","0.37%","$6,000","$6,000","$6,000","$1,008,470","$1,623,470"
"John Harris","WR","PHI                  PHI","","2015","2017","3","$1,581,000","$527,000","0.37%","$6,000","$6,000","$6,000","$966,000","$1,581,000"
"Andre Davis","WR","BUF                  BUF","21","2015","2017","3","$1,581,000","$527,000","0.37%","$6,000","$6,000","$6,000","$966,000","$1,581,000"
"Dres Anderson","WR","SF                  SF","22","2015","2017","3","$1,581,000","$527,000","0.37%","$6,000","$6,000","$6,000","$774,000","$1,389,000"
"R.J. Harris","WR","NO                  NO","22","2015","2017","3","$1,580,400","$526,800","0.37%","$5,400","$5,400","$5,400","$965,400","$1,580,400"
"Damiere Byrd","WR","CAR                  CAR","21","2015","2017","3","$1,580,000","$526,667","0.37%","$5,000","$5,000","$5,000","$965,000","$1,580,000"
"Jimmie Hunt","WR","GB                  GB","24","2015","2017","3","$1,580,000","$526,667","0.37%","$5,000","$5,000","$5,000","$848,000","$1,463,000"
"Eli Rogers","WR","PIT                  PIT","22","2015","2017","3","$1,580,000","$526,667","0.37%","$5,000","$5,000","$5,000","$773,000","$1,313,000"
"Nick Harwell","WR","DAL                  DAL","23","2015","2017","3","$1,580,000","$526,667","0.37%","$5,000","$5,000","$5,000","$965,000","$1,580,000"
"Jake Kumerow","WR","CIN                  CIN","22","2015","2017","3","$1,580,000","$526,667","0.37%","$5,000","$5,000","$5,000","$965,000","$1,580,000"
"Levi Norwood","WR","CHI                  CHI","22","2015","2017","3","$1,580,000","$526,667","0.37%","$5,000","$5,000","$5,000","$965,000","$1,580,000"
"Kenny Cook","WR","KC                  KC","22","2015","2017","3","$1,580,000","$526,667","0.37%","$5,000","$5,000","$5,000","$965,000","$1,580,000"
"Quan Bray","WR","IND                  IND","21","2015","2017","3","$1,580,000","$526,667","0.37%","$5,000","$5,000","$5,000","$965,000","$1,580,000"
"Adrian Coxson","WR","GB                  GB","22","2015","2017","3","$1,580,000","$526,667","0.37%","$5,000","$5,000","$5,000","$848,000","$1,463,000"
"Ricky Collins","WR","GB                  GB","","2015","2017","3","$1,580,000","$526,667","0.37%","$5,000","$5,000","$5,000","$965,000","$1,580,000"
"Josh Crockett","WR","GB                  GB","19","2015","2017","3","$1,580,000","$526,667","0.37%","$5,000","$5,000","$5,000","$965,000","$1,580,000"
"Tyler Murphy","WR","PIT                  PIT","22","2015","2017","3","$1,579,500","$526,500","0.37%","$4,500","$4,500","$4,500","$964,500","$1,579,500"
"Javess Blue","WR","GB                  GB","22","2015","2017","3","$1,579,000","$526,333","0.37%","$4,000","$4,000","$4,000","$847,000","$1,462,000"
"Marquez Clark","WR","ATL                  ATL","23","2015","2017","3","$1,578,500","$526,167","0.37%","$3,500","$3,500","$3,500","$963,500","$1,578,500"
"Tyrell Williams","WR","SD                  SD","22","2015","2017","3","$1,578,500","$526,167","0.37%","$3,500","$3,500","$3,500","$963,500","$1,578,500"
"Andrew Turzilli","WR","TEN                  TEN","23","2015","2017","3","$1,578,000","$526,000","0.37%","$3,000","$3,000","$3,000","$963,000","$1,578,000"
"Larry Pinkard","WR","GB                  GB","22","2015","2017","3","$1,578,000","$526,000","0.37%","$3,000","$3,000","$3,000","$846,000","$1,461,000"
"Chandler Worthy","WR","HOU                  HOU","21","2015","2017","3","$1,578,000","$526,000","0.37%","$3,000","$3,000","$3,000","$963,000","$1,578,000"
"Nigel King","WR","MIA                  MIA","22","2015","2017","3","$1,578,000","$526,000","0.37%","$3,000","$3,000","$3,000","$963,000","$1,578,000"
"Deon Long","WR","TEN                  TEN","23","2015","2017","3","$1,578,000","$526,000","0.37%","$3,000","$3,000","$3,000","$963,000","$1,578,000"
"Darius Davis","WR","SF                  SF","","2015","2017","3","$1,578,000","$526,000","0.37%","$3,000","$3,000","$3,000","$960,000","$1,575,000"
"Tony Jones","WR","WAS                  WAS","22","2015","2017","3","$1,577,500","$525,833","0.37%","$2,500","$2,500","$2,500","$845,500","$1,460,500"
"Cam Worthy","WR","BAL                  BAL","22","2015","2017","3","$1,577,500","$525,833","0.37%","$2,500","$2,500","$2,500","$845,500","$1,460,500"
"DiAndre Campbell","WR","SF                  SF","","2015","2017","3","$1,577,500","$525,833","0.37%","$2,500","$2,500","$2,500","$962,500","$1,577,500"
"Matt Miller","WR","DEN                  DEN","","2015","2017","3","$1,577,500","$525,833","0.37%","$2,500","$2,500","$2,500","$962,500","$1,577,500"
"Deontay Greenberry","WR","DAL                  DAL","20","2015","2017","3","$1,577,000","$525,667","0.37%","$2,000","$2,000","$2,000","$962,000","$1,577,000"
"Shane Wynn","WR","ATL                  ATL","22","2015","2017","3","$1,577,000","$525,667","0.37%","$2,000","$2,000","$2,000","$960,000","$1,575,000"
"Ezell Ruffin","WR","IND                  IND","22","2015","2017","3","$1,577,000","$525,667","0.37%","$2,000","$2,000","$2,000","$962,000","$1,577,000"
"Demetrious Wilson","WR","SD                  SD","","2015","2017","3","$1,576,500","$525,500","0.37%","$1,500","$1,500","$1,500","$961,500","$1,576,500"
"Damarr Aultman","WR","MIA                  MIA","22","2015","2017","3","$1,576,500","$525,500","0.37%","$1,500","$1,500","$1,500","$961,500","$1,576,500"
"Isiah Ferguson","WR","STL                  STL","23","2015","2017","3","$1,576,000","$525,333","0.37%","$1,000","$1,000","$1,000","$769,000","$1,384,000"
"Reggie Bell","WR","WAS                  WAS","22","2015","2017","3","$1,576,000","$525,333","0.37%","$1,000","$1,000","$1,000","$961,000","$1,576,000"
"Joshua Stangby","WR","ATL                  ATL","","2015","2017","3","$1,576,000","$525,333","0.37%","$1,000","$1,000","$1,000","$961,000","$1,576,000"
"Josh Reese","WR","TB                  TB","","2015","2017","3","$1,576,000","$525,333","0.37%","$1,000","$1,000","$1,000","$960,000","$1,575,000"
"Tyler Rutenbeck","WR","WAS                  WAS","23","2015","2017","3","$1,576,000","$525,333","0.37%","$1,000","$1,000","$1,000","$960,000","$1,575,000"
"Tyler Slavin","WR","STL                  STL","22","2015","2017","3","$1,576,000","$525,333","0.37%","$1,000","$1,000","$1,000","$961,000","$1,576,000"
"Damond Powell","WR","ARI                  ARI","22","2015","2017","3","$1,575,500","$525,167","0.37%","$500","$500","$500","$843,500","$1,458,500"
"Trent Steelman","WR","BAL                  BAL","","2015","2017","3","$1,575,000","$525,000","0.37%","","","","$960,000","$1,575,000"
"Dezmin Lewis","WR","BUF                  BUF","22","2015","2017","3","$1,575,000","$525,000","0.37%","","","","$501,176","$1,041,176"
"Jonathan Krause","WR","PHI                  PHI","22","2015","2017","3","$1,575,000","$525,000","0.37%","","","","$690,847","$1,305,847"
"Tyrell Williams","WR","SD                  SD","22","2015","2017","3","$1,575,000","$525,000","0.37%","","","","$737,813","$1,352,813"
"Vince Mayle","WR","DAL                  DAL","23","2015","2017","3","$1,575,000","$525,000","0.37%","","","","$475,588","$1,015,588"
"Jared Abbrederis","WR","GB                  GB","24","2015","2017","3","$1,575,000","$525,000","0.37%","","","","$809,443","$1,424,443"
"James Butler","WR","GB                  GB","22","2015","2017","3","$1,575,000","$525,000","0.37%","","","","$960,000","$1,575,000"
"Michael Bennett","WR","CIN                  CIN","","2015","2017","3","$1,575,000","$525,000","0.37%","","","","$960,000","$1,575,000"
"Jeret Smith","WR","KC                  KC","","2015","2017","3","$1,575,000","$525,000","0.37%","","","","$960,000","$1,575,000"
"Tebucky Jones","WR","TEN                  TEN","22","2015","2017","3","$1,575,000","$525,000","0.37%","","","","$960,000","$1,575,000"
"Adam Drake","WR","KC                  KC","","2015","2017","3","$1,575,000","$525,000","0.37%","","","","$960,000","$1,575,000"
"Kenzel Doe","WR","PIT                  PIT","","2015","2017","3","$1,575,000","$525,000","0.37%","","","","$960,000","$1,575,000"
"Arthur Williams","WR","NYJ                  NYJ","23","2015","2017","3","$1,575,000","$525,000","0.37%","","","","$960,000","$1,575,000"
"Michael Johnson","WR","PHI                  PHI","23","2015","2017","3","$1,575,000","$525,000","0.37%","","","","$960,000","$1,575,000"
"Ed Williams","WR","GB                  GB","","2015","2017","3","$1,575,000","$525,000","0.37%","","","","$960,000","$1,575,000"
"Jarrod West","WR","NYJ                  NYJ","","2015","2017","3","$1,575,000","$525,000","0.37%","","","","$960,000","$1,575,000"
"Derrick Johnson","WR","NYG                  NYG","23","2015","2017","3","$1,575,000","$525,000","0.37%","","","","$960,000","$1,575,000"
"Avius Capers","WR","CAR                  CAR","","2015","2017","3","$1,575,000","$525,000","0.37%","","","","$960,000","$1,575,000"
"Kai De La Cruz","WR","MIA                  MIA","","2015","2017","3","$1,575,000","$525,000","0.37%","","","","$960,000","$1,575,000"
"Deshon Foxx","WR","SEA                  SEA","22","2015","2017","3","$1,575,000","$525,000","0.37%","","","","$960,000","$1,575,000"
"A.J. Cruz","WR","CHI                  CHI","","2015","2017","3","$1,575,000","$525,000","0.37%","","","","$843,000","$1,458,000"
"Ify Umodu","WR","CHI                  CHI","22","2015","2017","3","$1,575,000","$525,000","0.37%","","","","$960,000","$1,575,000"
"Mario Hull","WR","SF                  SF","22","2015","2017","3","$1,575,000","$525,000","0.37%","","","","$960,000","$1,575,000"
"Jonathon Rumph","WR","NYJ                  NYJ","23","2015","2017","3","$1,575,000","$525,000","0.37%","","","","$960,000","$1,575,000"
"Kyle Prater","WR","NO                  NO","22","2015","2017","3","$1,575,000","$525,000","0.37%","","","","$960,000","$1,575,000"
"David Porter","WR","DEN                  DEN","","2015","2017","3","$1,575,000","$525,000","0.37%","","","","$960,000","$1,575,000"
"Daniel Rodriguez","WR","STL                  STL","26","2015","2017","3","$1,575,000","$525,000","0.37%","","","","$960,000","$1,575,000"
"Isaac Fruechte","WR","MIN                  MIN","23","2015","2017","3","$1,575,000","$525,000","0.37%","","","","$960,000","$1,575,000"
"Paul Browning","WR","CAR                  CAR","22","2015","2017","3","$1,575,000","$525,000","0.37%","","","","$960,000","$1,575,000"
"Jarred Haggins","WR","DET                  DET","22","2015","2017","3","$1,575,000","$525,000","0.37%","","","","$960,000","$1,575,000"
"Austin Willis","WR","OAK                  OAK","22","2015","2017","3","$1,575,000","$525,000","0.37%","","","","$960,000","$1,575,000"
"Kasey Closs","WR","JAX                  JAX","22","2015","2017","3","$1,575,000","$525,000","0.37%","","","","$960,000","$1,575,000"
"Milton Williams","WR","OAK                  OAK","20","2015","2017","3","$1,575,000","$525,000","0.37%","","","","$960,000","$1,575,000"
"Trevor Harman","WR","ARI                  ARI","23","2015","2017","3","$1,575,000","$525,000","0.37%","","","","$960,000","$1,575,000"
"Adam Humphries","WR","TB                  TB","21","2015","2017","3","$1,575,000","$525,000","0.37%","","","","$960,000","$1,575,000"
"Malcome Kennedy","WR","NO                  NO","","2015","2017","3","$1,575,000","$525,000","0.37%","","","","$885,000","$1,500,000"
"Rasheed Bailey","WR","PHI                  PHI","21","2015","2017","3","$1,575,000","$525,000","0.37%","","","","$960,000","$1,575,000"
"Douglas McNeil","WR","SEA                  SEA","28","2015","2017","3","$1,575,000","$525,000","0.37%","","","","$960,000","$1,575,000"
"Duron Carter","WR","IND                  IND","23","2015","2017","3","$1,575,000","$525,000","0.37%","","$25,000","$25,000","$960,000","$1,575,000"
"Braylon Bell","WR","WAS                  WAS","28","2015","2017","3","$1,575,000","$525,000","0.37%","","","","$960,000","$1,575,000"
"Corbin Louks","WR","KC                  KC","25","2015","2017","3","$1,575,000","$525,000","0.37%","","","","$960,000","$1,575,000"
"Will Murphy","WR","PHI                  PHI","24","2015","2017","3","$1,575,000","$525,000","0.37%","","","","$960,000","$1,575,000"
"Quron Pratt","WR","PHI                  PHI","23","2015","2017","3","$1,575,000","$525,000","0.37%","","","","$960,000","$1,575,000"
"Quincy Enunwa","WR","NYJ                  NYJ","22","2015","2017","3","$1,575,000","$525,000","0.37%","","","","$654,064","$1,506,064"
"Austin Franklin","WR","STL                  STL","21","2014","2016","3","$1,547,500","$515,833","0.39%","$17,500","","$17,500","$947,500","$1,547,500"
"Allen Hurns","WR","JAX                  JAX","22","2014","2016","3","$1,545,000","$515,000","0.39%","$5,000","","$20,000","$1,174,575","$1,774,575"
"Corey Brown","WR","CAR                  CAR","22","2014","2016","3","$1,545,000","$515,000","0.39%","$15,000","$15,000","$15,000","$1,153,371","$1,753,371"
"Andre Holmes","WR","OAK                  OAK","26","2015","2015","1","$1,542,000","$1,542,000","1.08%","","","","$1,598,100","$1,598,100"
"Albert Wilson","WR","KC                  KC","21","2014","2016","3","$1,540,000","$513,333","0.39%","$10,000","$10,000","$10,000","$940,000","$1,540,000"
"Solomon Patton","WR","TB                  TB","23","2014","2016","3","$1,539,000","$513,000","0.39%","$9,000","","$9,000","$939,000","$1,539,000"
"Darryl Surgent","WR","KC                  KC","21","2014","2016","3","$1,538,500","$512,833","0.39%","$8,500","$8,500","$8,500","$930,000","$1,530,000"
"Kain Colter","WR","MIN                  MIN","21","2014","2016","3","$1,538,000","$512,667","0.39%","$8,000","$8,000","$8,000","$938,000","$1,538,000"
"Cody Hoffman","WR","WAS                  WAS","22","2014","2016","3","$1,537,500","$512,500","0.39%","$7,500","","$7,500","$937,500","$1,537,500"
"Josh Stewart","WR","TEN                  TEN","21","2014","2016","3","$1,537,500","$512,500","0.39%","$7,500","$7,500","$7,500","$745,500","$1,345,500"
"Bennie Fowler","WR","DEN                  DEN","22","2014","2016","3","$1,537,000","$512,333","0.39%","$7,000","$7,000","$7,000","$930,000","$1,530,000"
"L'Damian Washington","WR","DAL                  DAL","22","2014","2016","3","$1,537,000","$512,333","0.39%","$7,000","","$7,000","$930,000","$1,530,000"
"Eric Thomas","WR","IND                  IND","22","2014","2016","3","$1,536,000","$512,000","0.38%","$6,000","$6,000","$6,000","$930,000","$1,530,000"
"Eric Ward","WR","TEN                  TEN","23","2014","2016","3","$1,535,000","$511,667","0.38%","$5,000","$5,000","$5,000","$813,000","$1,413,000"
"Aaron Burks","WR","TB                  TB","","2014","2016","3","$1,535,000","$511,667","0.38%","$5,000","$5,000","$5,000","",""
"Damian Copeland","WR","JAX                  JAX","23","2014","2016","3","$1,535,000","$511,667","0.38%","$5,000","$5,000","$5,000","$626,000","$1,076,000"
"Tony Washington","WR","IND                  IND","23","2014","2016","3","$1,535,000","$511,667","0.38%","$5,000","$5,000","$5,000","$930,000","$1,530,000"
"Willie Snead","WR","CLE                  CLE","21","2014","2016","3","$1,535,000","$511,667","0.38%","$5,000","","","$930,000","$1,530,000"
"Jace Davis","WR","BAL                  BAL","22","2014","2016","3","$1,534,000","$511,333","0.38%","$4,000","","$4,000","$934,000","$1,534,000"
"Alex Neutz","WR","CIN                  CIN","","2014","2016","3","$1,534,000","$511,333","0.38%","$4,000","$4,000","$4,000","$930,000","$1,530,000"
"Kevin Smith","WR","ARI                  ARI","22","2014","2016","3","$1,534,000","$511,333","0.38%","$4,000","$4,000","$4,000","$930,000","$1,530,000"
"Jeremy Butler","WR","BAL                  BAL","22","2014","2016","3","$1,534,000","$511,333","0.38%","$4,000","","$4,000","$817,000","$1,417,000"
"Chris Boyd","WR","DAL                  DAL","22","2014","2016","3","$1,533,500","$511,167","0.38%","$3,500","","","",""
"Greg Hardin","WR","DEN                  DEN","23","2014","2016","3","$1,533,000","$511,000","0.38%","$3,000","$3,000","$3,000","$933,000","$1,533,000"
"Andrew Peacock","WR","DET                  DET","22","2014","2016","3","$1,532,500","$510,833","0.38%","$2,500","","$2,500","$932,500","$1,532,500"
"Tramaine Thompson","WR","ATL                  ATL","23","2014","2016","3","$1,532,000","$510,667","0.38%","$2,000","","$2,000","$930,000","$1,530,000"
"Julian Jones","WR","ATL                  ATL","24","2014","2016","3","$1,532,000","$510,667","0.38%","$2,000","","$2,000","$930,000","$1,530,000"
"Rantavious Wooten","WR","MIA                  MIA","","2014","2016","3","$1,532,000","$510,667","0.38%","$2,000","$2,000","$2,000","$932,000","$1,532,000"
"Freddie Martino","WR","ATL                  ATL","22","2014","2016","3","$1,532,000","$510,667","0.38%","$2,000","","$2,000","$806,470","$1,406,470"
"Geraldo Boldewijn","WR","ATL                  ATL","22","2014","2016","3","$1,532,000","$510,667","0.38%","$2,000","","$2,000","$930,000","$1,530,000"
"Erik Lora","WR","MIN                  MIN","22","2014","2016","3","$1,531,500","$510,500","0.38%","$1,500","$1,500","$1,500","$931,500","$1,531,500"
"Bernard Reedy","WR","ATL                  ATL","22","2014","2016","3","$1,531,500","$510,500","0.38%","$1,500","","$1,500","$930,000","$1,530,000"
"Corey Washington","WR","ARI                  ARI","22","2014","2016","3","$1,531,500","$510,500","0.38%","$1,500","","$1,500","$930,000","$1,530,000"
"Jemaine Sherman","WR","STL                  STL","","2014","2016","3","$1,531,000","$510,333","0.38%","$1,000","$1,000","$1,000","$930,000","$1,530,000"
"Donte Foster","WR","MIN                  MIN","23","2014","2016","3","$1,531,000","$510,333","0.38%","$1,000","$1,000","$1,000","$931,000","$1,531,000"
"Kelsey Pope","WR","ARI                  ARI","","2014","2016","3","$1,530,500","$510,167","0.38%","$500","","$500","$930,000","$1,530,000"
"Brelan Chancellor","WR","SD                  SD","21","2014","2016","3","$1,530,000","$510,000","0.38%","","","","$930,000","$1,530,000"
"Steve Hull","WR","NO                  NO","23","2014","2016","3","$1,530,000","$510,000","0.38%","","","","$813,000","$1,413,000"
"Tim Smith","WR","CLE                  CLE","22","2014","2016","3","$1,530,000","$510,000","0.38%","","","","$930,000","$1,530,000"
"Morrell Presley","WR","SEA                  SEA","22","2014","2016","3","$1,530,000","$510,000","0.38%","","","","$930,000","$1,530,000"
"Tyler McDonald","WR","NE                  NE","22","2014","2016","3","$1,530,000","$510,000","0.38%","","","","",""
"Gerald Ford","WR","MIA                  MIA","23","2014","2016","3","$1,530,000","$510,000","0.38%","","","","$930,000","$1,530,000"
"Kevin Smith","WR","SEA                  SEA","22","2014","2016","3","$1,530,000","$510,000","0.38%","","","","$930,000","$1,530,000"
"Jeremy Johnson","WR","NE                  NE","","2014","2016","3","$1,530,000","$510,000","0.38%","","","","$930,000","$1,530,000"
"Diontae Spencer","WR","STL                  STL","21","2014","2016","3","$1,530,000","$510,000","0.38%","","","","$930,000","$1,530,000"
"Reese Wiggins","WR","NE                  NE","22","2014","2016","3","$1,530,000","$510,000","0.38%","","","","$930,000","$1,530,000"
"Wilson Van Hooser","WR","NE                  NE","23","2014","2016","3","$1,530,000","$510,000","0.38%","","","","$930,000","$1,530,000"
"Kevin Ozier","WR","ARI                  ARI","23","2014","2016","3","$1,530,000","$510,000","0.38%","","","","$930,000","$1,530,000"
"Quinton Payton","WR","TB                  TB","23","2014","2016","3","$1,530,000","$510,000","0.38%","","","","$930,000","$1,530,000"
"Caleb Holley","WR","BUF                  BUF","23","2014","2016","3","$1,530,000","$510,000","0.38%","","","","$930,000","$1,530,000"
"Julian Horton","WR","TEN                  TEN","22","2014","2016","3","$1,530,000","$510,000","0.38%","","","","$930,000","$1,530,000"
"Kofi Hughes","WR","WAS                  WAS","21","2014","2016","3","$1,530,000","$510,000","0.38%","","","","$930,000","$1,530,000"
"Lee Doss","WR","WAS                  WAS","22","2014","2016","3","$1,530,000","$510,000","0.38%","","","","$930,000","$1,530,000"
"Rashad Lawrence","WR","WAS                  WAS","21","2014","2016","3","$1,530,000","$510,000","0.38%","","","","$930,000","$1,530,000"
"Derel Walker","WR","TEN                  TEN","22","2014","2016","3","$1,530,000","$510,000","0.38%","","","","$930,000","$1,530,000"
"Jaz Reynolds","WR","TEN                  TEN","22","2014","2016","3","$1,530,000","$510,000","0.38%","","","","$930,000","$1,530,000"
"Tony Hurd Jr.","WR","TB                  TB","","2014","2016","3","$1,530,000","$510,000","0.38%","","","","$930,000","$1,530,000"
"Avery Cunningham","WR","STL                  STL","22","2014","2016","3","$1,530,000","$510,000","0.38%","","","","$930,000","$1,530,000"
"Micah Hatfield","WR","SD                  SD","24","2014","2016","3","$1,530,000","$510,000","0.38%","","","","$930,000","$1,530,000"
"Torrence Allen","WR","SD                  SD","22","2014","2016","3","$1,530,000","$510,000","0.38%","","","","$930,000","$1,530,000"
"Quron Pratt","WR","PHI                  PHI","22","2014","2016","3","$1,530,000","$510,000","0.38%","","","","$930,000","$1,530,000"
"D.J. Coles","WR","OAK                  OAK","","2014","2016","3","$1,530,000","$510,000","0.38%","","","","$930,000","$1,530,000"
"Mike Davis","WR","OAK                  OAK","21","2014","2016","3","$1,530,000","$510,000","0.38%","","","","$930,000","$1,530,000"
"Seantavius Jones","WR","NO                  NO","21","2014","2016","3","$1,530,000","$510,000","0.38%","","","","$480,000","$1,080,000"
"Brandon Coleman","WR","NO                  NO","21","2014","2017","3","$1,530,000","$510,000","0.38%","","","","$613,783","$1,271,890"
"Greg Moore","WR","IND                  IND","23","2014","2016","3","$1,530,000","$510,000","0.38%","","","","$930,000","$1,530,000"
"Isaiah Burse","WR","DEN                  DEN","22","2014","2016","3","$1,530,000","$510,000","0.38%","","","","$930,000","$1,530,000"
"Taylor Gabriel","WR","CLE                  CLE","22","2014","2016","3","$1,530,000","$510,000","0.38%","","","","$930,000","$1,530,000"
"Kenny Shaw","WR","CLE                  CLE","","2014","2016","3","$1,530,000","$510,000","0.38%","","","","$930,000","$1,530,000"
"Chandler Jones","WR","CLE                  CLE","22","2014","2016","3","$1,530,000","$510,000","0.38%","","","","$930,000","$1,530,000"
"Javontee Herndon","WR","SD                  SD","22","2014","2016","3","$1,530,000","$510,000","0.38%","","","","$930,000","$1,530,000"
"Nathan Slaughter","WR","JAX                  JAX","21","2014","2016","3","$1,530,000","$510,000","0.38%","","","","$813,000","$1,413,000"
"Kadron Boone","WR","PHI                  PHI","22","2014","2016","3","$1,530,000","$510,000","0.38%","","","","$930,000","$1,530,000"
"Weston Dressler","WR","KC                  KC","28","2014","2016","3","$1,530,000","$510,000","0.38%","","","","$930,000","$1,530,000"
"Charles Johnson","WR","MIN                  MIN","23","2013","2016","3","$1,530,000","$510,000","0.41%","","","","$442,059","$952,059"
"Rico Richardson","WR","TEN                  TEN","22","2014","2016","3","$1,515,000","$505,000","0.38%","","","","$305,293","$830,293"
"Chris Williams","WR","CHI                  CHI","25","2013","2015","3","$1,510,000","$503,333","0.41%","","","","$543,824","$1,053,824"
"Tandon Doss","WR","JAX                  JAX","24","2014","2015","2","$1,505,000","$752,500","0.57%","$65,000","","$65,000","$1,570,000","$1,570,000"
"Jaron Brown","WR","SEA                  SEA","28","2019","2019","1","$1,500,000","$1,500,000","0.80%","$500,000","$500,000","$500,000","$1,500,000","$1,500,000"
"Dontrelle Inman","WR","NE                  NE","29","2019","2019","1","$1,500,000","$1,500,000","0.80%","$200,000","$300,000","$300,000","$1,368,750","$1,368,750"
"Russell Shepard","WR","NYG                  NYG","28","2019","2019","1","$1,500,000","$1,500,000","0.80%","","$700,000","$700,000","$1,093,750","$1,093,750"
"Cody Latimer","WR","NYG                  NYG","26","2019","2019","1","$1,500,000","$1,500,000","0.80%","$400,000","$400,000","$400,000","$1,490,000","$1,490,000"
"Kevin White","WR","ARI                  ARI","25","2019","2019","1","$1,500,000","$1,500,000","0.80%","$400,000","$400,000","$400,000","$1,478,125","$1,478,125"
"Charles Johnson","WR","NYJ                  NYJ","28","2018","2018","1","$1,500,000","$1,500,000","0.85%","$250,000","$250,000","$250,000","$1,500,000","$1,500,000"
"Marcus Davis","WR","NYG                  NYG","23","2013","2015","3","$1,500,000","$500,000","0.40%","$15,000","","$15,000","",""
"Torry Holt","WR","NE                  NE","33","2010","2010","1","$1,500,000","$1,500,000","","$50,000","","$50,000","",""
"Rodney Smith","WR","MIN                  MIN","22","2013","2015","3","$1,497,000","$499,000","0.40%","$7,000","","$7,000","$640,588","$1,225,588"
"Lee Evans","WR","JAX                  JAX","30","2012","2012","1","$1,496,875","$1,496,875","1.24%","$250,000","","","",""
"Dan Buckner","WR","ARI                  ARI","22","2013","2015","3","$1,496,000","$498,667","0.40%","$11,000","","$11,000","$900,000","$1,485,000"
"Omarius Hines","WR","BAL                  BAL","23","2013","2015","3","$1,495,500","$498,500","0.40%","$5,500","","$5,500","",""
"Nick Williams","WR","WAS                  WAS","22","2013","2015","3","$1,495,000","$498,333","0.40%","$10,000","","$10,000","$900,000","$1,485,000"
"Da'Rick Rogers","WR","BUF                  BUF","21","2013","2015","3","$1,495,000","$498,333","0.40%","$10,000","","$10,000","",""
"Mark Dell","WR","DEN                  DEN","21","2011","2013","3","$1,495,000","$498,333","0.41%","$10,000","","","",""
"Jaron Brown","WR","ARI                  ARI","22","2013","2015","3","$1,494,000","$498,000","0.40%","$9,000","","$9,000","$909,000","$1,624,860"
"T.J. Moe","WR","NE                  NE","22","2013","2015","3","$1,493,000","$497,667","0.40%","$8,000","","$30,500","",""
"Jasper Collins","WR","MIA                  MIA","21","2013","2015","3","$1,492,500","$497,500","0.40%","$7,500","","$7,500","",""
"Chad Bumphis","WR","MIA                  MIA","23","2013","2015","3","$1,492,500","$497,500","0.40%","$7,500","","$7,500","",""
"Russell Shepard","WR","PHI                  PHI","22","2013","2015","3","$1,492,500","$497,500","0.40%","$7,500","","$7,500","$886,235","$1,570,002"
"Erik Highsmith","WR","MIN                  MIN","22","2013","2015","3","$1,492,500","$497,500","0.40%","$2,500","","$2,500","",""
"Travis Harvey","WR","TEN                  TEN","22","2013","2015","3","$1,492,000","$497,333","0.40%","$2,000","","$2,000","",""
"Ryan Spadola","WR","NYJ                  NYJ","21","2013","2015","3","$1,492,000","$497,333","0.40%","$7,000","","$7,000","",""
"Zach Rogers","WR","NYJ                  NYJ","22","2013","2015","3","$1,492,000","$497,333","0.40%","$7,000","","$7,000","",""
"Lanear Sampson","WR","IND                  IND","22","2013","2015","3","$1,492,000","$497,333","0.40%","$7,500","","$7,500","",""
"Nathan Edwards","WR","MIN                  MIN","","2013","2015","3","$1,492,000","$497,333","0.40%","$7,000","","$7,000","",""
"Uzoma Nwachukwu","WR","HOU                  HOU","22","2013","2015","3","$1,491,000","$497,000","0.40%","$6,000","","$6,000","",""
"Josh Lenz","WR","CHI                  CHI","22","2013","2015","3","$1,491,000","$497,000","0.40%","$6,000","","$6,000","",""
"Chip Reeves","WR","WAS                  WAS","23","2013","2015","3","$1,490,000","$496,667","0.40%","$5,000","","$5,000","",""
"Quincy McDuffie","WR","DEN                  DEN","22","2013","2015","3","$1,490,000","$496,667","0.40%","$5,000","","$5,000","",""
"Roy Roundtree","WR","CIN                  CIN","23","2013","2015","3","$1,490,000","$496,667","0.40%","$5,000","","$5,000","",""
"Tyrone Goard","WR","CIN                  CIN","23","2013","2015","3","$1,490,000","$496,667","0.40%","$5,000","","$5,000","",""
"Marlon Brown","WR","BAL                  BAL","21","2013","2015","3","$1,490,000","$496,667","0.40%","$5,000","","$5,000","$1,016,487","$1,587,545"
"Myles White","WR","GB                  GB","22","2013","2015","3","$1,489,500","$496,500","0.40%","$4,500","","$4,500","$900,000","$1,485,000"
"Conner Vernon","WR","OAK                  OAK","22","2013","2015","3","$1,489,000","$496,333","0.40%","$4,000","","$4,000","",""
"Jerry Johnson","WR","TB                  TB","","2013","2015","3","$1,489,000","$496,333","0.40%","$4,000","","$4,000","",""
"Reggie Dunn","WR","PIT                  PIT","23","2013","2015","3","$1,489,000","$496,333","0.40%","$4,000","","$4,000","",""
"Javone Lawson","WR","ARI                  ARI","22","2013","2015","3","$1,488,000","$496,000","0.40%","$3,000","","$3,000","$828,000","$1,413,000"
"K.J. Stroud","WR","NYJ                  NYJ","23","2013","2015","3","$1,488,000","$496,000","0.40%","$3,000","","$3,000","",""
"Cody Wilson","WR","DET                  DET","21","2013","2015","3","$1,488,000","$496,000","0.40%","$3,000","","$3,000","",""
"Alec Lemon","WR","HOU                  HOU","21","2013","2015","3","$1,488,000","$496,000","0.40%","$3,000","","$3,000","$711,000","$1,221,000"
"Mark Harrison","WR","NE                  NE","22","2013","2015","3","$1,488,000","$496,000","0.40%","$3,000","","$3,000","$828,000","$1,413,000"
"Sam McGuffie","WR","OAK                  OAK","23","2013","2015","3","$1,488,000","$496,000","0.40%","$3,000","","$3,000","",""
"Rico Richardson","WR","KC                  KC","21","2013","2015","3","$1,487,500","$495,833","0.40%","$2,500","","$2,500","",""
"Brandon Kaufman","WR","BUF                  BUF","22","2013","2015","3","$1,487,500","$495,833","0.40%","$2,500","","$2,500","",""
"J.D. Woods","WR","PIT                  PIT","22","2013","2015","3","$1,487,500","$495,833","0.40%","$2,500","","$2,500","",""
"Lamaar Thomas","WR","DEN                  DEN","22","2013","2015","3","$1,487,500","$495,833","0.40%","$2,500","","$2,500","",""
"Kenbrell Thompkins","WR","NE                  NE","24","2013","2015","3","$1,487,500","$495,833","0.40%","$2,500","","$5,000","$756,911","$1,341,911"
"Michael Rios","WR","ARI                  ARI","","2013","2015","3","$1,487,000","$495,667","0.40%","$2,000","","$2,000","",""
"Taylor Stockemer","WR","MIA                  MIA","","2013","2015","3","$1,487,000","$495,667","0.40%","$2,000","","$2,000","",""
"Tobais Palmer","WR","JAX                  JAX","22","2013","2015","3","$1,487,000","$495,667","0.40%","$2,000","","$2,000","",""
"Jamal Miles","WR","JAX                  JAX","21","2013","2015","3","$1,487,000","$495,667","0.40%","$2,000","","$2,000","",""
"Frankie Hammond","WR","KC                  KC","22","2013","2015","3","$1,487,000","$495,667","0.40%","$2,000","","$2,000","",""
"C.J. Akins","WR","STL                  STL","21","2013","2015","3","$1,487,000","$495,667","0.40%","$2,000","","$2,000","",""
"Kemonte' Bateman","WR","DEN                  DEN","22","2013","2015","3","$1,486,500","$495,500","0.40%","$1,500","","$1,500","",""
"Marcus Rucker","WR","CHI                  CHI","22","2013","2015","3","$1,486,500","$495,500","0.40%","$1,500","","$1,500","",""
"Greg Jenkins","WR","OAK                  OAK","23","2013","2015","3","$1,486,000","$495,333","0.40%","$1,000","","$1,000","",""
"Andy Cruse","WR","HOU                  HOU","22","2013","2015","3","$1,486,000","$495,333","0.40%","$1,000","","$1,000","",""
"Rashad Ross","WR","TEN                  TEN","22","2013","2015","3","$1,486,000","$495,333","0.40%","$1,000","","$1,000","",""
"Brent Leonard","WR","NO                  NO","","2013","2015","3","$1,486,000","$495,333","0.40%","$1,000","","$1,000","",""
"Kevin Norrell","WR","BUF                  BUF","","2013","2015","3","$1,486,000","$495,333","0.40%","$1,000","","$1,000","",""
"Martel Moore","WR","ATL                  ATL","22","2013","2015","3","$1,486,000","$495,333","0.40%","$1,000","","$1,000","",""
"Darius Johnson","WR","ATL                  ATL","20","2013","2015","3","$1,486,000","$495,333","0.40%","$1,000","","$1,000","$263,058","$263,058"
"Chuck Jacobs","WR","SF                  SF","22","2013","2015","3","$1,486,000","$495,333","0.40%","$1,000","","$1,000","",""
"Michael Smith","WR","HOU                  HOU","22","2013","2015","3","$1,486,000","$495,333","0.40%","$1,000","","$1,000","",""
"Rashad Evans","WR","ATL                  ATL","22","2013","2015","3","$1,486,000","$495,333","0.40%","$1,000","","$1,000","",""
"Luke Tasker","WR","SD                  SD","21","2013","2015","3","$1,486,000","$495,333","0.40%","$1,000","","$1,000","",""
"Troy Stoudermire","WR","CIN                  CIN","22","2013","2015","3","$1,485,500","$495,167","0.40%","$500","","$500","",""
"Julian Talley","WR","NYG                  NYG","23","2013","2015","3","$1,485,000","$495,000","0.40%","","","","$418,235","$928,235"
"Saalim Hakim","WR","NYJ                  NYJ","22","2013","2015","3","$1,485,000","$495,000","0.40%","","","","$566,471","$1,151,471"
"Cordell Roberson","WR","BUF                  BUF","22","2013","2015","3","$1,485,000","$495,000","0.40%","","","","$443,823","$953,823"
"Terrell Sinkfield","WR","BUF                  BUF","22","2013","2015","3","$1,485,000","$495,000","0.40%","","","","",""
"Michael Campbell","WR","NYJ                  NYJ","23","2013","2015","3","$1,485,000","$495,000","0.40%","","","","",""
"Andrell Smith","WR","MIA                  MIA","22","2013","2015","3","$1,485,000","$495,000","0.40%","","","","",""
"Bobby Sewal","WR","TB                  TB","","2013","2015","3","$1,485,000","$495,000","0.40%","","","","",""
"Marcus Sales","WR","ATL                  ATL","23","2013","2015","3","$1,485,000","$495,000","0.40%","","","","",""
"Robby Toma","WR","ARI                  ARI","21","2013","2015","3","$1,485,000","$495,000","0.40%","","","","",""
"Terrell Sinkfield","WR","MIA                  MIA","22","2013","2015","3","$1,485,000","$495,000","0.40%","$2,500","","$2,500","",""
"Arceto Clark","WR","SEA                  SEA","23","2013","2015","3","$1,485,000","$495,000","0.40%","","","","",""
"Marcus Rivers","WR","BAL                  BAL","23","2013","2015","3","$1,485,000","$495,000","0.40%","","","","",""
"Courtney Gardner","WR","MIA                  MIA","","2013","2015","3","$1,485,000","$495,000","0.40%","","","","",""
"Justin Veltung","WR","SEA                  SEA","21","2013","2015","3","$1,485,000","$495,000","0.40%","","","","",""
"Charles Hawkins","WR","ARI                  ARI","22","2013","2015","3","$1,485,000","$495,000","0.40%","","","","",""
"Scott Pillar","WR","STL                  STL","","2013","2015","3","$1,485,000","$495,000","0.40%","","","","",""
"Andrew Helmick","WR","STL                  STL","22","2013","2015","3","$1,485,000","$495,000","0.40%","","","","",""
"Emory Blake","WR","STL                  STL","21","2013","2015","3","$1,485,000","$495,000","0.40%","","","","$405,000","$405,000"
"R.J. Webb","WR","CAR                  CAR","25","2013","2015","3","$1,485,000","$495,000","0.40%","","","","$708,000","$1,293,000"
"Rashaad Carter","WR","BAL                  BAL","23","2013","2015","3","$1,485,000","$495,000","0.40%","","","","",""
"Adam Thielen","WR","MIN                  MIN","22","2013","2015","3","$1,485,000","$495,000","0.40%","","","","",""
"Tyler Shaw","WR","ARI                  ARI","22","2013","2015","3","$1,485,000","$495,000","0.40%","","","","",""
"Skye Dawson","WR","TB                  TB","22","2013","2015","3","$1,485,000","$495,000","0.40%","","","","$733,235","$1,318,235"
"Nicholas Edwards","WR","ARI                  ARI","23","2013","2015","3","$1,485,000","$495,000","0.40%","","","","",""
"Michael Avila","WR","CAR                  CAR","24","2013","2015","3","$1,485,000","$495,000","0.40%","","","","",""
"Robert Gill","WR","ARI                  ARI","28","2013","2015","3","$1,485,000","$495,000","0.40%","","","","",""
"Sederrick Cunningham","WR","GB                  GB","23","2013","2015","3","$1,485,000","$495,000","0.40%","","","","$708,000","$1,293,000"
"James Shaw","WR","CAR                  CAR","23","2013","2015","3","$1,485,000","$495,000","0.40%","","","","",""
"Jeremy Kelley","WR","IND                  IND","24","2013","2015","3","$1,485,000","$495,000","0.40%","","","","",""
"Bryan Walters","WR","SEA                  SEA","25","2013","2015","3","$1,485,000","$495,000","0.40%","","","","",""
"B.J Cunningham","WR","PHI                  PHI","23","2013","2015","3","$1,485,000","$495,000","0.40%","","","","",""
"Brian Tyms","WR","CLE                  CLE","23","2013","2015","3","$1,485,000","$495,000","0.40%","","","","$405,000","$405,000"
"Phil Bates","WR","SEA                  SEA","23","2013","2015","3","$1,485,000","$495,000","0.40%","","","","",""
"Rico Wallace","WR","CAR                  CAR","21","2012","2014","3","$1,477,500","$492,500","0.41%","$7,500","","$7,500","",""
"Ramses Barden","WR","BUF                  BUF","27","2014","2015","2","$1,475,000","$737,500","0.55%","","","","$1,475,000","$1,475,000"
"Max Komar","WR","CHI                  CHI","23","2011","2013","3","$1,470,000","$490,000","0.41%","","","","",""
"Damaris Johnson","WR","PHI                  PHI","22","2012","2014","3","$1,455,000","$485,000","0.40%","$15,000","","$15,000","$885,000","$1,455,000"
"Chris Hogan","WR","CAR                  CAR","31","2019","2019","1","$1,450,000","$1,450,000","0.77%","$300,000","$300,000","$300,000","$1,319,429","$1,319,429"
"Rod Streater","WR","OAK                  OAK","23","2012","2014","3","$1,450,000","$483,333","0.40%","$10,000","","$10,000","$880,000","$1,450,000"
"David Douglas","WR","NYG                  NYG","22","2012","2014","3","$1,450,000","$483,333","0.40%","$10,000","","$10,000","",""
"Nathan Palmer","WR","SF                  SF","22","2012","2014","3","$1,450,000","$483,333","0.40%","$10,000","","$10,000","$390,000","$390,000"
"Saalim Hakim","WR","DAL                  DAL","21","2012","2014","3","$1,450,000","$483,333","0.40%","$10,000","","$10,000","$390,000","$390,000"
"Brian Tyms","WR","SF                  SF","22","2012","2014","3","$1,448,000","$482,667","0.40%","$8,000","","$8,000","",""
"Jeff Fuller","WR","MIA                  MIA","21","2012","2014","3","$1,447,500","$482,500","0.40%","$7,500","","$7,500","",""
"Jared Green","WR","CAR                  CAR","22","2012","2014","3","$1,447,500","$482,500","0.40%","$7,500","","$7,500","$390,000","$390,000"
"Brenton Bersin","WR","CAR                  CAR","21","2012","2014","3","$1,447,500","$482,500","0.40%","$7,500","","$7,500","$480,000","$480,000"
"Marcus Thigpen","WR","MIA                  MIA","25","2012","2015","3","$1,447,500","$482,500","0.40%","$7,500","","$7,500","$877,500","$1,447,500"
"Laron Byrd","WR","ARI                  ARI","22","2012","2014","3","$1,446,500","$482,167","0.40%","$6,500","","$6,500","$699,500","$1,269,500"
"Patrick Edwards","WR","DET                  DET","23","2012","2014","3","$1,446,000","$482,000","0.40%","$20,000","","$20,000","",""
"Bryan Walters","WR","JAX                  JAX","27","2015","2016","2","$1,445,000","$722,500","0.50%","","","","$1,445,000","$1,445,000"
"Derek Moye","WR","MIA                  MIA","23","2012","2014","3","$1,445,000","$481,667","0.40%","$5,000","","$5,000","",""
"Darius Hanks","WR","WAS                  WAS","22","2012","2014","3","$1,445,000","$481,667","0.40%","$5,000","","$5,000","",""
"Marquis Maze","WR","PIT                  PIT","22","2012","2014","3","$1,445,000","$481,667","0.40%","$5,000","$5,000","$5,000","",""
"Dale Moss","WR","GB                  GB","23","2012","2014","3","$1,445,000","$481,667","0.40%","$5,000","","$5,000","",""
"Deonte Thompson","WR","BAL                  BAL","22","2012","2015","3","$1,444,000","$481,333","0.40%","$4,000","","$4,000","$874,000","$1,444,000"
"Darius Reynolds","WR","GB                  GB","22","2012","2014","3","$1,444,000","$481,333","0.40%","$4,000","","","",""
"Gerell Robinson","WR","DEN                  DEN","22","2012","2014","3","$1,443,500","$481,167","0.40%","$3,500","","$3,500","$393,500","$393,500"
"Dorian Graham","WR","BAL                  BAL","22","2012","2014","3","$1,443,000","$481,000","0.40%","$3,000","","$3,000","",""
"Chris Owusu","WR","SF                  SF","21","2012","2014","3","$1,443,000","$481,000","0.40%","$3,000","","$3,000","",""
"Kamar Jorden","WR","MIN                  MIN","22","2012","2014","3","$1,442,500","$480,833","0.40%","$2,500","","$2,500","$32,118","$32,118"
"Devin Goda","WR","BAL                  BAL","22","2012","2014","3","$1,442,500","$480,833","0.40%","$2,500","","$2,500","",""
"Chris Givens","WR","NO                  NO","22","2012","2014","3","$1,442,500","$480,833","0.40%","$2,500","","$2,500","$695,500","$1,115,500"
"Matt Roark","WR","NE                  NE","22","2012","2014","3","$1,442,500","$480,833","0.40%","$2,500","","","",""
"Connor Dixon","WR","PIT                  PIT","24","2012","2014","3","$1,442,500","$480,833","0.40%","$2,500","","","",""
"Michael Calvin","WR","ATL                  ATL","22","2012","2014","3","$1,442,000","$480,667","0.40%","$2,000","","$2,000","",""
"Marcus Jackson","WR","ATL                  ATL","22","2012","2014","3","$1,442,000","$480,667","0.40%","$2,000","","$2,000","",""
"James Rodgers","WR","ATL                  ATL","23","2012","2014","3","$1,442,000","$480,667","0.40%","$2,000","","$2,000","",""
"Marcus Rivers","WR","GB                  GB","22","2012","2014","3","$1,442,000","$480,667","0.40%","$2,000","","$2,000","",""
"Jared Karstetter","WR","DET                  DET","22","2012","2014","3","$1,441,500","$480,500","0.40%","$1,500","","$1,500","",""
"Cole Beasley","WR","DAL                  DAL","22","2012","2014","3","$1,441,500","$480,500","0.40%","$1,500","","$1,500","$871,500","$1,441,500"
"Eric Page","WR","DEN                  DEN","20","2012","2014","3","$1,441,085","$480,362","0.40%","$1,085","","$1,085","",""
"Troy Burrell","WR","DET                  DET","22","2012","2014","3","$1,441,000","$480,333","0.40%","$1,000","","$1,000","",""
"Kevin Elliott","WR","BUF                  BUF","23","2012","2014","3","$1,440,000","$480,000","0.40%","","","","$693,000","$1,263,000"
"David Douglas","WR","TB                  TB","22","2012","2014","3","$1,440,000","$480,000","0.40%","","","","",""
"Kashif Moore","WR","IND                  IND","23","2012","2014","3","$1,440,000","$480,000","0.40%","","","","",""
"Wallace Miles","WR","DET                  DET","22","2012","2014","3","$1,440,000","$480,000","0.40%","","","","",""
"Brittan Golden","WR","CHI                  CHI","23","2012","2014","3","$1,440,000","$480,000","0.40%","","","","$870,000","$1,440,000"
"Joseph Anderson","WR","CHI                  CHI","23","2012","2014","3","$1,440,000","$480,000","0.40%","","","","",""
"Lamont Bryant","WR","CAR                  CAR","23","2012","2014","3","$1,440,000","$480,000","0.40%","","","","",""
"Mike Brown","WR","JAX                  JAX","22","2012","2014","3","$1,440,000","$480,000","0.40%","","","","",""
"Lance Lewis","WR","WAS                  WAS","23","2012","2014","3","$1,440,000","$480,000","0.40%","","","","$390,000","$390,000"
"Sam Kirkland","WR","WAS                  WAS","","2012","2014","3","$1,440,000","$480,000","0.40%","","","","",""
"D.J. Woods","WR","TEN                  TEN","22","2012","2014","3","$1,440,000","$480,000","0.40%","","","","",""
"LaQuinton Evans","WR","TEN                  TEN","21","2012","2014","3","$1,440,000","$480,000","0.40%","","","","",""
"Chase Deadder","WR","TEN                  TEN","23","2012","2014","3","$1,440,000","$480,000","0.40%","","","","",""
"Devin Aguilar","WR","TEN                  TEN","23","2012","2014","3","$1,440,000","$480,000","0.40%","","","","",""
"Armahd Lewis","WR","TB                  TB","","2012","2014","3","$1,440,000","$480,000","0.40%","","","","",""
"Landon Cox","WR","TB                  TB","22","2012","2014","3","$1,440,000","$480,000","0.40%","","","","",""
"Nicholas Johnson","WR","STL                  STL","22","2012","2014","3","$1,440,000","$480,000","0.40%","","","","",""
"De'Andre Presley","WR","MIA                  MIA","21","2012","2014","3","$1,440,000","$480,000","0.40%","","","","$137,506","$137,506"
"Phillip Payne","WR","SD                  SD","21","2012","2014","3","$1,440,000","$480,000","0.40%","","","","",""
"Taylor Embree","WR","SD                  SD","23","2012","2014","3","$1,440,000","$480,000","0.40%","","","","",""
"Jason Barnes","WR","SD                  SD","22","2012","2014","3","$1,440,000","$480,000","0.40%","","","","",""
"McKay Jacobson","WR","PHI                  PHI","24","2012","2014","3","$1,440,000","$480,000","0.40%","","","","",""
"Elvis Akpla","WR","PHI                  PHI","22","2012","2014","3","$1,440,000","$480,000","0.40%","","","","",""
"Tray Session","WR","OAK                  OAK","24","2012","2014","3","$1,440,000","$480,000","0.40%","","","","",""
"Dre Muhammad","WR","OAK                  OAK","23","2012","2014","3","$1,440,000","$480,000","0.40%","","","","",""
"Thomas Mayo","WR","OAK                  OAK","21","2012","2014","3","$1,440,000","$480,000","0.40%","","","","",""
"Royce Pollard","WR","NYJ                  NYJ","22","2012","2014","3","$1,440,000","$480,000","0.40%","","","","",""
"Joe Collins","WR","NYJ                  NYJ","23","2012","2014","3","$1,440,000","$480,000","0.40%","","","","",""
"Brandon Collins","WR","NYG                  NYG","22","2012","2014","3","$1,440,000","$480,000","0.40%","","","","",""
"Brandon Kinnie","WR","KC                  KC","23","2012","2014","3","$1,440,000","$480,000","0.40%","$2,500","","","",""
"Kevin Elliott","WR","JAX                  JAX","23","2012","2014","3","$1,440,000","$480,000","0.40%","","","","$341,250","$341,250"
"Jabin Sambrano","WR","IND                  IND","21","2012","2014","3","$1,440,000","$480,000","0.40%","","","","",""
"Lavasier Tuinei","WR","SEA                  SEA","21","2012","2014","3","$1,440,000","$480,000","0.40%","","","","",""
"Jermaine Kearse","WR","SEA                  SEA","21","2012","2014","3","$1,440,000","$480,000","0.40%","","","","$870,000","$1,440,000"
"Jerrell Jackson","WR","HOU                  HOU","21","2012","2014","3","$1,440,000","$480,000","0.40%","","","","",""
"Mario Louis","WR","HOU                  HOU","23","2012","2014","3","$1,440,000","$480,000","0.40%","","","","",""
"Dwight Jones","WR","HOU                  HOU","22","2012","2014","3","$1,440,000","$480,000","0.40%","","","","",""
"David Little","WR","DAL                  DAL","23","2012","2014","3","$1,440,000","$480,000","0.40%","","","","",""
"Tim Benford","WR","DAL                  DAL","22","2012","2014","3","$1,440,000","$480,000","0.40%","","","","",""
"Bert Reed","WR","CLE                  CLE","23","2012","2014","3","$1,440,000","$480,000","0.40%","","","","",""
"Jermaine Saffold","WR","CLE                  CLE","22","2012","2014","3","$1,440,000","$480,000","0.40%","","","","",""
"Justin Hilton","WR","CIN                  CIN","23","2012","2014","3","$1,440,000","$480,000","0.40%","","","","",""
"Chris Summers","WR","CHI                  CHI","22","2012","2014","3","$1,440,000","$480,000","0.40%","","","","",""
"Terriun Crump","WR","CHI                  CHI","22","2012","2014","3","$1,440,000","$480,000","0.40%","","","","",""
"Michael Avila","WR","CAR                  CAR","23","2012","2014","3","$1,440,000","$480,000","0.40%","","","","",""
"Kenny Stafford","WR","ATL                  ATL","21","2012","2014","3","$1,440,000","$480,000","0.40%","","","","",""
"Tre Gray","WR","ARI                  ARI","22","2012","2014","3","$1,440,000","$480,000","0.40%","","","","",""
"Jarrett Boykin","WR","GB                  GB","22","2012","2014","3","$1,440,000","$480,000","0.40%","","","","$870,000","$1,538,660"
"Greg Ellingson","WR","TB                  TB","23","2012","2014","3","$1,440,000","$480,000","0.40%","","","","",""
"Jamel Hamler","WR","PHI                  PHI","23","2012","2014","3","$1,440,000","$480,000","0.40%","","","","",""
"Jeremy Ross","WR","GB                  GB","23","2012","2013","3","$1,440,000","$480,000","0.40%","","","","$700,588","$700,588"
"Ed Gant","WR","TB                  TB","26","2012","2014","3","$1,440,000","$480,000","0.40%","","","","",""
"Tim Toone","WR","ATL                  ATL","26","2012","2014","3","$1,440,000","$480,000","0.40%","","","","",""
"Drew Davis","WR","ATL                  ATL","22","2012","2014","3","$1,440,000","$480,000","0.40%","","","","$870,000","$1,356,353"
"Jimmy Young","WR","PIT                  PIT","24","2012","2014","3","$1,440,000","$480,000","0.40%","","","","",""
"Juamorris Stewart","WR","PIT                  PIT","25","2012","2014","3","$1,440,000","$480,000","0.40%","","","","",""
"David Gilreath","WR","PIT                  PIT","23","2012","2014","3","$1,440,000","$480,000","0.40%","","","","",""
"Tyler Beiler","WR","PIT                  PIT","23","2012","2014","3","$1,440,000","$480,000","0.40%","","","","",""
"Paul Hubbard","WR","BUF                  BUF","24","2010","2012","3","$1,440,000","$480,000","","","","","$69,705","$634,705"
"Jaelen Strong","WR","JAX                  JAX","22","2017","2018","2","$1,435,000","$717,500","0.43%","","","","$892,352","$892,352"
"Andrew Hawkins","WR","CIN                  CIN","27","2014","2014","1","$1,431,000","$1,431,000","1.08%","","","","",""
"Damaris Johnson","WR","TEN                  TEN","25","2015","2016","2","$1,420,000","$710,000","0.50%","","","","$876,470","$876,470"
"Bryan Walters","WR","JAX                  JAX","27","2015","2016","2","$1,420,000","$710,000","0.50%","","","","$1,367,352","$1,367,352"
"Doug Baldwin","WR","SEA                  SEA","22","2011","2013","3","$1,412,500","$470,833","0.39%","$17,500","","$17,500","$857,500","$1,412,500"
"Chris Hogan","WR","SF                  SF","23","2011","2013","3","$1,412,500","$470,833","0.39%","$17,500","$17,500","$17,500","",""
"Michael Floyd","WR","MIN                  MIN","27","2017","2017","1","$1,410,000","$1,410,000","0.84%","","","","$1,058,933","$1,058,933"
"Dane Sanzenbacher","WR","CIN                  CIN","22","2011","2013","3","$1,405,000","$468,333","0.39%","","","$10,000","$840,000","$1,395,000"
"Armon Binns","WR","JAX                  JAX","21","2011","2013","3","$1,405,000","$468,333","0.39%","$10,000","$10,000","$10,000","$360,992","$663,992"
"Dane Sanzenbacher","WR","CHI                  CHI","22","2011","2013","3","$1,405,000","$468,333","0.39%","$2,500","","$10,000","",""
"Jeff Maehl","WR","HOU                  HOU","21","2011","2013","3","$1,404,500","$468,167","0.39%","$9,500","$9,500","$9,500","$840,000","$1,395,000"
"Sean Jeffcoat","WR","ARI                  ARI","21","2011","2013","3","$1,401,000","$467,000","0.39%","$6,000","","$345,150","",""
"Hakeem Nicks","WR","TEN                  TEN","26","2015","2015","1","$1,400,000","$1,400,000","0.98%","$100,000","$100,000","$100,000","$1,400,000","$1,400,000"
"Santonio Holmes","WR","NYJ                  NYJ","25","2010","2010","1","$1,400,000","$1,400,000","","","","","$1,251,764","$1,251,764"
"Sidney Rice","WR","SEA                  SEA","27","2014","2014","1","$1,400,000","$1,400,000","1.05%","$150,000","","$150,000","$1,275,000","$1,275,000"
"Kenny Britt","WR","STL                  STL","25","2014","2014","1","$1,400,000","$1,400,000","1.05%","$50,000","","$550,000","$1,375,000","$1,375,000"
"Ricardo Lockette","WR","SEA                  SEA","24","2011","2013","3","$1,399,500","$466,500","0.39%","$4,500","$4,500","$4,500","$379,500","$379,500"
"Joseph Morgan","WR","NO                  NO","22","2011","2013","3","$1,399,000","$466,333","0.39%","$5,000","$5,000","$5,000","$844,000","$1,399,000"
"Weslye Saunders","WR","PIT                  PIT","21","2011","2013","3","$1,399,000","$466,333","0.39%","$4,000","","$4,000","$844,000","$844,000"
"Marcus Harris","WR","DET                  DET","21","2011","2013","3","$1,398,000","$466,000","0.39%","$3,000","$3,000","$3,000","",""
"James Kirkendoll","WR","TEN                  TEN","21","2011","2013","3","$1,398,000","$466,000","0.39%","$3,000","","","",""
"Chris Matthews","WR","CLE                  CLE","21","2011","2013","3","$1,397,000","$465,667","0.39%","$2,000","$2,000","$2,000","",""
"Phillip Livas","WR","MIA                  MIA","21","2011","2013","3","$1,396,000","$465,333","0.39%","$1,000","","$1,000","",""
"Shaky Smithson","WR","GB                  GB","23","2011","2013","3","$1,396,000","$465,333","0.39%","$1,000","","","",""
"Jeremy Ross","WR","NE                  NE","22","2011","2013","3","$1,396,000","$465,333","0.39%","$1,000","$10,000","$10,000","",""
"Rodney Bradley","WR","BAL                  BAL","22","2011","2013","3","$1,396,000","$465,333","0.39%","$1,000","","$1,000","",""
"LaQuan Williams","WR","BAL                  BAL","22","2011","2013","3","$1,395,500","$465,167","0.39%","$500","","$500","",""
"Andre Holmes","WR","MIN                  MIN","22","2011","2013","3","$1,395,000","$465,000","0.39%","","","","$694,688","$694,688"
"Darvin Adams","WR","CAR                  CAR","20","2011","2013","3","$1,395,000","$465,000","0.39%","","","","",""
"Dontavia Bogan","WR","SF                  SF","22","2011","2013","3","$1,395,000","$465,000","0.39%","","","","",""
"Kamar Aiken","WR","BUF                  BUF","21","2011","2013","3","$1,395,000","$465,000","0.39%","","","","$840,000","$1,395,000"
"Greg Little","WR","CIN                  CIN","24","2014","2015","2","$1,390,000","$695,000","0.52%","","","","$1,162,353","$1,162,353"
"Dezmon Briscoe","WR","DAL                  DAL","24","2014","2015","2","$1,390,000","$695,000","0.52%","","","","$1,390,000","$1,390,000"
"Jordan Norwood","WR","DEN                  DEN","27","2014","2015","2","$1,390,000","$695,000","0.52%","","","","$1,118,000","$1,118,000"
"Chad Williams","WR","IND                  IND","24","2019","2020","2","$1,380,000","$690,000","0.37%","","","","$976,764","$976,764"
"Marvin Hall","WR","DET                  DET","25","2019","2020","2","$1,380,000","$690,000","0.37%","","","","$735,469","$735,469"
"Stacy Coley","WR","NYJ                  NYJ","24","2019","2020","2","$1,380,000","$690,000","0.37%","","","","$1,380,000","$1,380,000"
"Devin Smith","WR","DAL                  DAL","26","2019","2020","2","$1,380,000","$690,000","0.37%","","","","$1,524,081","$1,524,081"
"Johnny Holton","WR","PIT                  PIT","27","2019","2020","2","$1,380,000","$690,000","0.37%","","","","$1,470,000","$1,470,000"
"ArDarius Stewart","WR","WAS                  WAS","25","2019","2020","2","$1,380,000","$690,000","0.37%","","","","$1,380,000","$1,380,000"
"Carlos Henderson","WR","WAS                  WAS","24","2019","2020","2","$1,380,000","$690,000","0.37%","","","","$1,230,000","$1,230,000"
"Kalif Raymond","WR","TEN                  TEN","24","2019","2020","2","$1,380,000","$690,000","0.37%","","","","$1,166,469","$1,166,469"
"Roger Lewis","WR","TEN                  TEN","25","2019","2020","2","$1,380,000","$690,000","0.37%","","","","$1,380,000","$1,380,000"
"Ted Ginn Jr.","WR","SF                  SF","26","2012","2012","1","$1,375,000","$1,375,000","1.14%","","","","$1,375,000","$1,375,000"
"Bryce Treggs","WR","PHI                  PHI","23","2018","2019","2","$1,370,000","$685,000","0.39%","$20,000","$20,000","$20,000","$1,370,000","$1,370,000"
"Junior Hemingway","WR","KC                  KC","23","2012","2014","3","$1,365,000","$455,000","0.38%","","","","$795,000","$1,290,000"
"Nick Miller","WR","PHI                  PHI","25","2013","2014","2","$1,360,000","$680,000","0.55%","","","","",""
"Jermaine Kearse","WR","DET                  DET","28","2019","2019","1","$1,350,000","$1,350,000","0.72%","$350,000","$350,000","$350,000","$1,350,000","$1,350,000"
"Darius Jennings","WR","TEN                  TEN","25","2018","2019","2","$1,350,000","$675,000","0.38%","","","","$1,350,000","$1,350,000"
"Seantavius Jones","WR","IND                  IND","25","2018","2019","2","$1,350,000","$675,000","0.38%","","","","$1,350,000","$1,350,000"
"James Wright","WR","IND                  IND","26","2018","2019","2","$1,350,000","$675,000","0.38%","","","","$1,038,000","$1,038,000"
"David Reed","WR","BAL                  BAL","22","2010","2012","3","$1,348,900","$449,633","","$133,900","$133,900","$133,900","$877,429","$1,417,429"
"Terrence Austin","WR","WAS                  WAS","21","2010","2012","3","$1,331,000","$443,667","","","","","$562,941","$1,102,941"
"Brian Robiskie","WR","DET                  DET","24","2012","2013","2","$1,330,000","$665,000","0.55%","","","","$1,022,500","$1,022,500"
"Tiquan Underwood","WR","TB                  TB","24","2012","2013","2","$1,330,000","$665,000","0.55%","","","","$1,039,412","$1,039,412"
"Deion Branch","WR","NE                  NE","32","2012","2012","1","$1,325,000","$1,325,000","1.10%","$250,000","","","$1,325,000","$1,325,000"
"Lestar Jean","WR","HOU                  HOU","22","2011","2013","3","$1,325,000","$441,667","0.37%","$5,000","","$5,000","$770,000","$1,325,000"
"Emmanuel Sanders","WR","PIT                  PIT","25","2013","2013","1","$1,323,000","$1,323,000","1.07%","","","","",""
"Danario Alexander","WR","SD                  SD","24","2013","2013","1","$1,323,000","$1,323,000","1.07%","","","","$1,323,000","$1,323,000"
"Bradley Marquez","WR","DET                  DET","24","2017","2018","2","$1,320,000","$660,000","0.40%","","","","$918,382","$918,382"
"Freddie Martino","WR","TB                  TB","25","2017","2018","2","$1,320,000","$660,000","0.40%","","","","$958,235","$958,235"
"Myles White","WR","NYJ                  NYJ","26","2017","2018","2","$1,320,000","$660,000","0.40%","","","","$1,320,000","$1,320,000"
"Josh Malone","WR","NYJ                  NYJ","22","2019","2020","2","$1,320,000","$660,000","0.35%","","","","$737,646","$737,646"
"Shelton Gibson","WR","PHI                  PHI","23","2019","2020","2","$1,320,000","$660,000","0.35%","","","","$750,000","$750,000"
"Da'Mari Scott","WR","NYG                  NYG","23","2019","2020","2","$1,320,000","$660,000","0.35%","","","","$317,647","$1,167,647"
"Deontay Burnett","WR","PHI                  PHI","21","2019","2021","2","$1,320,000","$660,000","0.35%","","","","$708,529","$1,558,529"
"Raymond Webber","WR","TB                  TB","21","2011","2013","3","$1,320,000","$440,000","0.37%","","","","$765,000","$765,000"
"Derrick Jones","WR","OAK                  OAK","24","2011","2013","3","$1,320,000","$440,000","0.37%","","","","",""
"Emmanuel Arceneaux","WR","MIN                  MIN","23","2011","2013","3","$1,320,000","$440,000","0.37%","","","","",""
"Jordan Shipley","WR","JAX                  JAX","27","2013","2014","2","$1,315,000","$657,500","0.53%","$65,000","","$65,000","",""
"Jaydon Mickens","WR","TB                  TB","24","2019","2020","2","$1,305,000","$652,500","0.35%","","","","$787,941","$787,941"
"Josh Huff","WR","TB                  TB","24","2016","2017","2","$1,305,000","$652,500","0.42%","","","","$846,176","$846,176"
"Griff Whalen","WR","IND                  IND","21","2012","2014","3","$1,291,500","$430,500","0.36%","$1,500","","$1,500","$679,500","$1,174,500"
"Donavon Kemp","WR","DAL                  DAL","23","2012","2014","3","$1,291,500","$430,500","0.36%","$1,500","","$1,500","$391,500","$391,500"
"Brittan Golden","WR","ARI                  ARI","27","2016","2017","2","$1,290,000","$645,000","0.42%","","","","$1,148,823","$1,148,823"
"B.J. Daniels","WR","NYG                  NYG","26","2016","2017","2","$1,290,000","$645,000","0.42%","","","","$1,290,000","$1,290,000"
"Marlon Brown","WR","DEN                  DEN","24","2016","2017","2","$1,290,000","$645,000","0.42%","","","","$901,764","$901,764"
"Corey Fuller","WR","NO                  NO","25","2016","2017","2","$1,290,000","$645,000","0.42%","","","","$760,588","$760,588"
"Laron Byrd","WR","WAS                  WAS","26","2016","2017","2","$1,290,000","$645,000","0.42%","","","","$1,290,000","$1,290,000"
"Tavarres King","WR","NYG                  NYG","25","2016","2017","2","$1,290,000","$645,000","0.42%","","","","$1,087,058","$1,087,058"
"Nick Williams","WR","ATL                  ATL","24","2015","2017","2","$1,290,000","$645,000","0.45%","","","","$730,133","$1,420,133"
"Saalim Hakim","WR","NO                  NO","21","2012","2014","3","$1,290,000","$430,000","0.36%","","","","$390,000","$390,000"
"Michael Willie","WR","SD                  SD","21","2012","2014","3","$1,290,000","$430,000","0.36%","","","","",""
"Antonio Brown","WR","PIT                  PIT","21","2010","2012","3","$1,288,075","$429,358","","$73,075","","$73,075","$843,075","$1,383,075"
"Jerry Rice Jr.","WR","WAS                  WAS","22","2014","2016","3","$1,263,000","$421,000","0.32%","","","","$738,000","$1,263,000"
"Matt Willis","WR","DEN                  DEN","27","2012","2012","1","$1,260,000","$1,260,000","1.04%","","","","",""
"Carlton Mitchell","WR","ATL                  ATL","26","2015","2016","2","$1,260,000","$630,000","0.44%","","","","$1,260,000","$1,260,000"
"Da'Rick Rogers","WR","KC                  KC","23","2015","2016","2","$1,260,000","$630,000","0.44%","","","","$1,260,000","$1,260,000"
"Arrelious Benn","WR","JAX                  JAX","26","2015","2016","2","$1,260,000","$630,000","0.44%","","","","$1,063,000","$1,063,000"
"Juron Criner","WR","NYG                  NYG","25","2015","2016","2","$1,260,000","$630,000","0.44%","","","","$1,260,000","$1,260,000"
"Dez Bryant","WR","NO                  NO","29","2018","2018","1","$1,250,000","$1,250,000","0.71%","","","","$588,235","$588,235"
"Russell Shepard","WR","NYG                  NYG","27","2018","2018","1","$1,250,000","$1,250,000","0.71%","$250,000","$250,000","$250,000","$1,250,000","$1,250,000"
"Jeff Janis","WR","CLE                  CLE","26","2018","2018","1","$1,250,000","$1,250,000","0.71%","","","","$1,250,000","$1,250,000"
"Bruce Ellington","WR","HOU                  HOU","26","2018","2018","1","$1,250,000","$1,250,000","0.71%","$200,000","$200,000","$200,000","$1,150,000","$1,150,000"
"Vincent Brown","WR","OAK                  OAK","25","2014","2014","1","$1,250,000","$1,250,000","0.94%","$25,000","$25,000","$25,000","$988,339","$988,339"
"Joseph Anderson","WR","PHI                  PHI","25","2014","2015","2","$1,250,000","$625,000","0.47%","$20,000","","$20,000","",""
"Lucky Whitehead","WR","NYJ                  NYJ","24","2017","2018","2","$1,245,000","$622,500","0.37%","","","","$666,176","$666,176"
"D'Andre Goodwin","WR","DEN                  DEN","23","2011","2013","3","$1,245,000","$415,000","0.34%","","","","",""
"Kevin Cone","WR","ATL                  ATL","22","2011","2013","3","$1,245,000","$415,000","0.34%","","","","$765,000","$1,245,000"
"Joe Hastings","WR","SF                  SF","23","2011","2013","3","$1,245,000","$415,000","0.34%","","","","",""
"Tim White","WR","NYJ                  NYJ","24","2019","2020","2","$1,240,000","$620,000","0.33%","$10,000","$10,000","$10,000","$1,240,000","$1,240,000"
"Robert Davis","WR","PHI                  PHI","23","2019","2020","2","$1,230,000","$615,000","0.33%","","","","$550,588","$550,588"
"Marc Mariani","WR","CHI                  CHI","26","2014","2015","2","$1,230,000","$615,000","0.46%","","","","$1,102,309","$1,102,309"
"Chris Owusu","WR","NYJ                  NYJ","23","2014","2015","2","$1,230,000","$615,000","0.46%","","","","$1,272,476","$1,272,476"
"T.J. Graham","WR","NYJ                  NYJ","24","2014","2015","2","$1,230,000","$615,000","0.46%","","","","$1,095,882","$1,095,882"
"Preston Parker","WR","NYG                  NYG","26","2014","2015","2","$1,230,000","$615,000","0.46%","","","","$1,230,000","$1,230,000"
"Ahmad Thomas","WR","ATL                  ATL","24","2019","2020","2","$1,230,000","$615,000","0.33%","","","","$856,785","$856,785"
"Brandon Powell","WR","ATL                  ATL","22","2019","2020","2","$1,230,000","$615,000","0.33%","","","","$1,191,329","$1,191,329"
"Amara Darboh","WR","PIT                  PIT","24","2019","2020","2","$1,230,000","$615,000","0.33%","","","","$817,058","$817,058"
"Marcell Ateman","WR","OAK                  OAK","24","2019","2020","2","$1,230,000","$615,000","0.33%","","","","$1,152,352","$1,152,352"
"Vyncint Smith","WR","NYJ                  NYJ","22","2019","2020","2","$1,230,000","$615,000","0.33%","","","","$1,131,177","$1,131,177"
"Max McCaffrey","WR","SF                  SF","24","2019","2020","2","$1,230,000","$615,000","0.33%","","","","$1,230,000","$1,230,000"
"Brandon Reilly","WR","DET                  DET","25","2019","2020","2","$1,230,000","$615,000","0.33%","","","","$1,230,000","$1,230,000"
"Lance Lenoir","WR","DAL                  DAL","23","2019","2020","2","$1,230,000","$615,000","0.33%","","","","$1,068,000","$1,068,000"
"Tanner Gentry","WR","CHI                  CHI","24","2019","2020","2","$1,230,000","$615,000","0.33%","","","","$1,230,000","$1,230,000"
"Carlton Agudosi","WR","PHI                  PHI","24","2019","2020","2","$1,230,000","$615,000","0.33%","","","","$1,230,000","$1,230,000"
"Isaac Whitney","WR","HOU                  HOU","24","2019","2020","2","$1,230,000","$615,000","0.33%","","","","$1,068,000","$1,068,000"
"K.J. Brent","WR","TB                  TB","25","2019","2020","2","$1,230,000","$615,000","0.33%","","","","$1,053,000","$1,053,000"
"Chad Hansen","WR","NO                  NO","23","2019","2020","2","$1,230,000","$615,000","0.33%","","","","$1,230,000","$1,230,000"
"Cam Phillips","WR","BUF                  BUF","23","2019","2020","2","$1,230,000","$615,000","0.33%","","","","$1,230,000","$1,230,000"
"Blair White","WR","IND                  IND","22","2010","2012","3","$1,227,000","$409,000","","$12,000","","","$770,000","$1,310,000"
"Donald Jones","WR","BUF                  BUF","22","2010","2012","3","$1,225,000","$408,333","","$10,000","$10,000","$10,000","$735,000","$1,275,000"
"Marlon Moore","WR","MIA                  MIA","22","2010","2012","3","$1,220,000","$406,667","","$5,000","","$5,000","$598,000","$1,138,000"
"Chris Matthews","WR","BAL                  BAL","26","2016","2017","2","$1,215,000","$607,500","0.39%","","","","$1,215,000","$1,215,000"
"Victor Cruz","WR","NYG                  NYG","23","2010","2012","3","$1,215,000","$405,000","","","","","$725,000","$1,215,000"
"Duke Calhoun","WR","NYG                  NYG","22","2010","2012","3","$1,215,000","$405,000","","$20,000","","","",""
"Roberto Wallace","WR","MIA                  MIA","23","2010","2012","3","$1,215,000","$405,000","","","","","",""
"Derrick Townsel","WR","HOU                  HOU","21","2010","2012","3","$1,215,000","$405,000","","","","","",""
"Brandon Banks","WR","WAS                  WAS","22","2010","2012","3","$1,215,000","$405,000","","","","","$770,000","$1,310,000"
"Taj Smith","WR","IND                  IND","26","2010","2012","3","$1,215,000","$405,000","","","","","",""
"David Nelson","WR","BUF                  BUF","23","2010","2012","3","$1,215,000","$405,000","","$12,000","","$12,000","$737,000","$1,227,000"
"Anthony Armstrong","WR","WAS                  WAS","26","2010","2012","3","$1,215,000","$405,000","","","","","",""
"Yamon Figurs","WR","TEN                  TEN","28","2011","2012","2","$1,205,000","$602,500","0.50%","","","","",""
"Dane Sanzenbacher","WR","CIN                  CIN","25","2014","2014","1","$1,200,000","$1,200,000","0.90%","$200,000","","$200,000","$1,200,000","$1,200,000"
"Greg Salas","WR","NYJ                  NYJ","24","2013","2014","2","$1,200,000","$600,000","0.49%","","","","$1,004,118","$1,004,118"
"David Nelson","WR","NYJ                  NYJ","26","2013","2014","2","$1,200,000","$600,000","0.49%","","","","$1,069,412","$1,069,412"
"Victor Bolden","WR","BUF                  BUF","22","2018","2019","2","$1,200,000","$600,000","0.34%","","","","$710,294","$710,294"
"Andy Jones","WR","DET                  DET","23","2018","2019","2","$1,200,000","$600,000","0.34%","","","","$636,529","$636,529"
"Taquan Mizzell","WR","CHI                  CHI","24","2018","2019","2","$1,200,000","$600,000","0.34%","","","","$938,823","$938,823"
"Jehu Chesson","WR","WAS                  WAS","24","2018","2019","2","$1,200,000","$600,000","0.34%","","","","$1,004,117","$1,004,117"
"Isaiah McKenzie","WR","DEN                  DEN","22","2018","2019","2","$1,200,000","$600,000","0.34%","","","","$1,092,639","$1,092,639"
"Tevaun Smith","WR","JAX                  JAX","24","2018","2019","2","$1,200,000","$600,000","0.34%","","","","$948,000","$948,000"
"Daniel Braverman","WR","KC                  KC","24","2018","2019","2","$1,200,000","$600,000","0.34%","","","","$1,200,000","$1,200,000"
"Jake Lampman","WR","TB                  TB","24","2018","2019","2","$1,200,000","$600,000","0.34%","","","","$1,023,000","$1,023,000"
"Michael Campanaro","WR","BAL                  BAL","25","2017","2017","1","$1,200,000","$1,200,000","0.72%","$250,000","$250,000","$250,000","$1,153,125","$1,153,125"
"Andre Holmes","WR","NE                  NE","24","2013","2014","2","$1,200,000","$600,000","0.49%","","","","$1,069,412","$1,069,412"
"Roberto Wallace","WR","TEN                  TEN","26","2013","2014","2","$1,200,000","$600,000","0.49%","","","","",""
"Stephen Williams","WR","SEA                  SEA","26","2013","2014","2","$1,200,000","$600,000","0.49%","","","","$1,036,764","$1,036,764"
"Terrence Austin","WR","DET                  DET","24","2013","2014","2","$1,200,000","$600,000","0.49%","","","","",""
"Dominique Curry","WR","DET                  DET","24","2013","2014","2","$1,200,000","$600,000","0.49%","","","","",""
"Carlton Mitchell","WR","DAL                  DAL","24","2013","2014","2","$1,200,000","$600,000","0.49%","","","","",""
"Early Doucet","WR","ARI                  ARI","25","2011","2011","1","$1,200,000","$1,200,000","1.00%","","","","$1,200,000","$1,200,000"
"Sinorice Moss","WR","NYG                  NYG","26","2010","2010","1","$1,176,000","$1,176,000","","","","","$661,500","$661,500"
"Demetrius Williams","WR","BAL                  BAL","26","2010","2010","1","$1,176,000","$1,176,000","","","","","$1,176,000","$1,176,000"
"Maurice Stovall","WR","TB                  TB","24","2010","2010","1","$1,176,000","$1,176,000","","","","","$1,176,000","$1,176,000"
"Derek Hagan","WR","NYG                  NYG","25","2010","2010","1","$1,176,000","$1,176,000","","","","","",""
"Courtney Roby","WR","NO                  NO","26","2010","2010","1","$1,176,000","$1,176,000","","","","","$1,176,000","$1,176,000"
"Kalif Raymond","WR","NYG                  NYG","22","2017","2018","2","$1,170,000","$585,000","0.35%","","","","$852,352","$852,352"
"Maurice Harris","WR","WAS                  WAS","24","2017","2018","2","$1,170,000","$585,000","0.35%","","","","$870,176","$870,176"
"Rashard Higgins","WR","CLE                  CLE","22","2017","2018","2","$1,170,000","$585,000","0.35%","","","","$1,138,224","$1,138,224"
"Josh Boyce","WR","CLE                  CLE","25","2017","2018","2","$1,170,000","$585,000","0.35%","","","","$1,170,000","$1,170,000"
"Jonathan Krause","WR","TEN                  TEN","24","2017","2018","2","$1,170,000","$585,000","0.35%","","","","$1,170,000","$1,170,000"
"Cobi Hamilton","WR","HOU                  HOU","26","2017","2018","2","$1,170,000","$585,000","0.35%","","","","$820,590","$820,590"
"Tevaun Smith","WR","IND                  IND","23","2017","2018","2","$1,170,000","$585,000","0.35%","","","","$1,170,000","$1,170,000"
"Darius Jennings","WR","TEN                  TEN","24","2017","2018","2","$1,170,000","$585,000","0.35%","","","","$1,106,475","$1,106,475"
"Matt Hazel","WR","CLE                  CLE","24","2017","2018","2","$1,170,000","$585,000","0.35%","","","","$725,294","$725,294"
"Wendell Williams","WR","HOU                  HOU","25","2016","2018","2","$1,170,000","$585,000","0.38%","","","","$442,410","$1,072,410"
"DeAndrew White","WR","HOU                  HOU","33","2017","2018","2","$1,170,000","$585,000","0.35%","","","","$739,412","$739,412"
"Anthony Armstrong","WR","DAL                  DAL","28","2012","2013","2","$1,170,000","$585,000","0.49%","","","","$540,000","$540,000"
"Domenik Hixon","WR","CAR                  CAR","28","2013","2013","1","$1,162,500","$1,162,500","0.94%","$250,000","","$250,000","$1,162,500","$1,162,500"
"Jeff Badet","WR","MIN                  MIN","24","2019","2020","2","$1,155,000","$577,500","0.31%","$75,000","$75,000","$75,000","$1,155,000","$1,155,000"
"Chandler Worthy","WR","NYJ                  NYJ","22","2016","2017","2","$1,150,000","$575,000","0.37%","$10,000","$10,000","$10,000","$1,150,000","$1,150,000"
"Jeff Smith","WR","NYJ                  NYJ","21","2019","2020","2","$1,150,000","$575,000","0.31%","","","","$660,291","$660,291"
"Tom Nelson","WR","PHI                  PHI","24","2011","2012","2","$1,140,000","$570,000","0.47%","","","","",""
"Quan Cosby","WR","IND                  IND","28","2011","2012","2","$1,140,000","$570,000","0.47%","","","","",""
"Mario Alford","WR","CLE                  CLE","23","2016","2017","2","$1,140,000","$570,000","0.37%","","","","$707,646","$707,646"
"Chris Harper","WR","SF                  SF","22","2016","2017","2","$1,140,000","$570,000","0.37%","","","","$862,056","$862,056"
"Seth Roberts","WR","OAK                  OAK","24","2016","2017","2","$1,140,000","$570,000","0.37%","","","","$1,140,000","$1,140,000"
"Eric Rogers","WR","SF                  SF","24","2016","2017","2","$1,140,000","$570,000","0.37%","$125,000","$225,000","$225,000","$948,000","$948,000"
"Ryan Spadola","WR","DET                  DET","24","2016","2017","2","$1,140,000","$570,000","0.37%","","","","$888,000","$888,000"
"Corey Washington","WR","ATL                  ATL","24","2016","2017","2","$1,140,000","$570,000","0.37%","","","","$1,140,000","$1,140,000"
"Derel Walker","WR","TB                  TB","25","2017","2018","2","$1,120,000","$560,000","0.34%","$100,000","$100,000","$100,000","$1,120,000","$1,120,000"
"Frankie Hammond","WR","KC                  KC","24","2015","2016","2","$1,110,000","$555,000","0.39%","","","","$780,000","$780,000"
"Lance Lewis","WR","SF                  SF","26","2015","2016","2","$1,110,000","$555,000","0.39%","","","","$1,110,000","$1,110,000"
"Armon Binns","WR","KC                  KC","25","2015","2016","2","$1,110,000","$555,000","0.39%","","","","$1,110,000","$1,110,000"
"Ben Obomanu","WR","SEA                  SEA","26","2010","2010","1","$1,101,000","$1,101,000","","","","","$1,101,000","$1,101,000"
"Phil Bates","WR","DAL                  DAL","25","2015","2016","2","$1,100,000","$550,000","0.38%","","","","$1,110,000","$1,110,000"
"Skye Dawson","WR","DET                  DET","24","2015","2016","2","$1,100,000","$550,000","0.38%","","","","$1,110,000","$1,110,000"
"Ryan Spadola","WR","ARI                  ARI","23","2015","2016","2","$1,100,000","$550,000","0.38%","","","","$1,110,000","$1,110,000"
"Devon Wylie","WR","OAK                  OAK","26","2015","2016","2","$1,100,000","$550,000","0.38%","","","","$1,110,000","$1,110,000"
"Freddie Martino","WR","ATL                  ATL","23","2015","2016","2","$1,100,000","$550,000","0.38%","","","","$1,110,000","$1,110,000"
"Julian Talley","WR","NYG                  NYG","25","2015","2016","2","$1,100,000","$550,000","0.38%","","","","$1,110,000","$1,110,000"
"B.J. Daniels","WR","HOU                  HOU","24","2014","2016","2","$1,100,000","$550,000","0.41%","","","","$555,000","$1,155,000"
"Brice Butler","WR","DAL                  DAL","26","2017","2017","1","$1,100,000","$1,100,000","0.66%","","$300,000","$300,000","$1,100,000","$1,100,000"
"Devin Hester","WR","BAL                  BAL","33","2016","2016","1","$1,100,000","$1,100,000","0.71%","$100,000","$100,000","$100,000","$1,100,000","$1,100,000"
"Ted Ginn Jr.","WR","CAR                  CAR","27","2013","2013","1","$1,100,000","$1,100,000","0.89%","$300,000","","$300,000","$1,100,000","$1,100,000"
"Chad Hall","WR","SF                  SF","25","2012","2013","2","$1,095,000","$547,500","0.45%","","","","$540,000","$540,000"
"Lance Lewis","WR","DAL                  DAL","25","2014","2015","2","$1,091,882","$545,941","0.41%","$11,882","","$11,882","$1,080,000","$1,080,000"
"Roydell Williams","WR","WAS                  WAS","28","2010","2011","2","$1,085,000","$542,500","","","","","$545,000","$545,000"
"David Sills","WR","NYG                  NYG","23","2019","2021","2","$1,080,000","$540,000","0.29%","","","","$458,235","$898,235"
"Spencer Schnell","WR","TB                  TB","24","2019","2020","2","$1,080,000","$540,000","0.29%","","","","$668,235","$668,235"
"John Franklin","WR","TB                  TB","24","2019","2021","2","$1,080,000","$540,000","0.29%","","","","$429,118","$844,118"
"Trenton Irwin","WR","CIN                  CIN","23","2019","2020","2","$1,080,000","$540,000","0.29%","","","","$643,024","$643,024"
"Travis Fulgham","WR","DET                  DET","23","2019","2020","2","$1,080,000","$540,000","0.29%","","","","$762,352","$762,352"
"Ishmael Hyman","WR","TB                  TB","23","2019","2020","2","$1,080,000","$540,000","0.29%","","","","$672,352","$672,352"
"Alexander Hollins","WR","MIN                  MIN","22","2019","2020","2","$1,080,000","$540,000","0.29%","","","","$791,470","$791,470"
"Jalen Guyton","WR","LAC                  LAC","21","2019","2021","2","$1,080,000","$540,000","0.29%","","","","$1,340,360","$2,190,360"
"Rico Gafford","WR","OAK                  OAK","22","2019","2020","2","$1,080,000","$540,000","0.29%","","","","$820,588","$820,588"
"Chris Lacy","WR","DET                  DET","22","2019","2020","2","$1,080,000","$540,000","0.29%","","","","$820,588","$820,588"
"Nsimba Webster","WR","LAR                  LAR","22","2019","2021","2","$1,080,000","$540,000","0.29%","","","","$1,018,348","$1,868,348"
"Deon Cain","WR","PIT                  PIT","22","2019","2020","2","$1,080,000","$540,000","0.29%","","","","$651,177","$651,177"
"Damion Willis","WR","CIN                  CIN","21","2019","2020","2","$1,080,000","$540,000","0.29%","","","","$863,045","$863,045"
"Michael Walker","WR","JAX                  JAX","22","2019","2021","2","$1,080,000","$540,000","0.29%","","","","$687,059","$1,537,059"
"Krishawn Hogan","WR","NO                  NO","23","2019","2020","2","$1,080,000","$540,000","0.29%","","","","$966,176","$966,176"
"Steven Mitchell","WR","HOU                  HOU","24","2019","2021","2","$1,080,000","$540,000","0.29%","","","","$820,588","$1,670,588"
"Jason Moore","WR","LAC                  LAC","23","2019","2020","2","$1,080,000","$540,000","0.29%","","","","$1,024,411","$1,024,411"
"Cam Sims","WR","WAS                  WAS","22","2019","2020","2","$1,080,000","$540,000","0.29%","","","","$770,293","$770,293"
"Stanley Morgan","WR","CIN                  CIN","22","2019","2020","2","$1,080,000","$540,000","0.29%","","","","$1,189,681","$1,189,681"
"Ventell Bryant","WR","DAL                  DAL","22","2019","2020","2","$1,080,000","$540,000","0.29%","","","","$915,407","$915,407"
"Ashton Dulin","WR","IND                  IND","21","2019","2021","2","$1,080,000","$540,000","0.29%","","","","$1,233,952","$2,083,952"
"Lil’jordan Humphrey","WR","NO                  NO","20","2019","2020","2","$1,080,000","$540,000","0.29%","","","","$704,118","$704,118"
"Cedrick Wilson","WR","DAL                  DAL","23","2019","2020","2","$1,080,000","$540,000","0.29%","","","","$1,308,890","$1,308,890"
"Byron Pringle","WR","KC                  KC","25","2019","2020","2","$1,080,000","$540,000","0.29%","","","","$1,274,016","$1,274,016"
"Papi White","WR","TEN                  TEN","22","2019","2020","2","$1,080,000","$540,000","0.29%","","","","$1,080,000","$1,080,000"
"Xavier Ubosi","WR","TB                  TB","","2019","2020","2","$1,080,000","$540,000","0.29%","","","","$1,080,000","$1,080,000"
"Greg Ward","WR","PHI                  PHI","23","2019","2020","2","$1,080,000","$540,000","0.29%","","","","$849,705","$849,705"
"Reece Horn","WR","MIA                  MIA","25","2019","2020","2","$1,080,000","$540,000","0.29%","","","","$1,080,000","$1,080,000"
"Reggie Davis","WR","DAL                  DAL","23","2019","2020","2","$1,080,000","$540,000","0.29%","","","","$1,080,000","$1,080,000"
"Austin Proehl","WR","LAR                  LAR","23","2019","2020","2","$1,080,000","$540,000","0.29%","","","","$1,080,000","$1,080,000"
"Jordan Williams-Lambert","WR","CHI                  CHI","24","2019","2020","2","$1,080,000","$540,000","0.29%","","","","$1,080,000","$1,080,000"
"Dorren Miller","WR","PHI                  PHI","24","2019","2020","2","$1,080,000","$540,000","0.29%","","","","$1,080,000","$1,080,000"
"Andre Patton","WR","LAC                  LAC","24","2019","2020","2","$1,080,000","$540,000","0.29%","","","","$1,082,647","$1,082,647"
"Jordan Veasy","WR","IND                  IND","23","2019","2020","2","$1,080,000","$540,000","0.29%","","","","$1,080,000","$1,080,000"
"Steve Ishmael","WR","IND                  IND","23","2019","2020","2","$1,080,000","$540,000","0.29%","","","","$988,000","$988,000"
"Krishawn Hogan","WR","IND                  IND","23","2019","2020","2","$1,080,000","$540,000","0.29%","","","","$1,080,000","$1,080,000"
"Marken Michel","WR","PHI                  PHI","25","2019","2020","2","$1,080,000","$540,000","0.29%","","","","$1,080,000","$1,080,000"
"Cyril Grayson","WR","TB                  TB","25","2019","2020","2","$1,080,000","$540,000","0.29%","","","","$524,706","$524,706"
"Jester Weah","WR","WAS                  WAS","23","2019","2020","2","$1,080,000","$540,000","0.29%","","","","$639,118","$639,118"
"Duke Williams","WR","BUF                  BUF","25","2019","2021","2","$1,080,000","$540,000","0.29%","","","","$1,148,824","$1,998,824"
"Devin Ross","WR","PHI                  PHI","23","2019","2020","2","$1,080,000","$540,000","0.29%","","","","$1,080,000","$1,080,000"
"DeAngelo Yancey","WR","NYJ                  NYJ","24","2019","2020","2","$1,080,000","$540,000","0.29%","","","","$1,080,000","$1,080,000"
"C.J. Board","WR","JAX                  JAX","25","2019","2020","2","$1,080,000","$540,000","0.29%","","","","$762,354","$762,354"
"Deontez Alexander","WR","DET                  DET","22","2019","2020","2","$1,080,000","$540,000","0.29%","","","","$1,080,000","$1,080,000"
"Fred Brown","WR","DEN                  DEN","25","2019","2020","2","$1,080,000","$540,000","0.29%","","","","$1,193,050","$1,193,050"
"Levonte Whitfield","WR","CIN                  CIN","25","2019","2020","2","$1,080,000","$540,000","0.29%","","","","$1,080,000","$1,080,000"
"Devin Gray","WR","ATL                  ATL","23","2019","2020","2","$1,080,000","$540,000","0.29%","","","","$1,080,000","$1,080,000"
"Christian Blake","WR","ATL                  ATL","22","2019","2020","2","$1,080,000","$540,000","0.29%","","","","$1,554,965","$1,554,965"
"Daniel Williams","WR","CLE                  CLE","","2019","2020","2","$1,080,000","$540,000","0.29%","","","","$1,080,000","$1,080,000"
"Jordan Smallwood","WR","SF                  SF","23","2019","2020","2","$1,080,000","$540,000","0.29%","","","","$1,080,000","$1,080,000"
"Rashard Davis","WR","TEN                  TEN","23","2019","2021","2","$1,080,000","$540,000","0.29%","","","","$639,118","$1,419,118"
"Alonzo Russell","WR","NYG                  NYG","25","2018","2020","2","$1,080,000","$540,000","0.30%","","","","$523,235","$1,108,235"
"Tevin Jones","WR","PIT                  PIT","26","2019","2020","2","$1,080,000","$540,000","0.29%","","","","$788,823","$788,823"
"Tavarres King","WR","JAX                  JAX","23","2014","2015","2","$1,080,000","$540,000","0.41%","","","","$643,235","$643,235"
"Lance Lewis","WR","SF                  SF","25","2014","2015","2","$1,080,000","$540,000","0.41%","","","","$1,080,000","$1,080,000"
"Joe Adams","WR","HOU                  HOU","24","2014","2015","2","$1,080,000","$540,000","0.41%","","","","$1,080,000","$1,080,000"
"Jeremy Ebert","WR","ATL                  ATL","24","2014","2015","2","$1,080,000","$540,000","0.41%","","","","$1,080,000","$1,080,000"
"Laron Byrd","WR","DAL                  DAL","24","2014","2015","2","$1,080,000","$540,000","0.41%","","","","$1,080,000","$1,080,000"
"Devon Wylie","WR","SF                  SF","25","2014","2015","2","$1,080,000","$540,000","0.41%","","","","$1,080,000","$1,080,000"
"Demarco Sampson","WR","SF                  SF","28","2014","2015","2","$1,080,000","$540,000","0.41%","","","","$1,080,000","$1,080,000"
"Ryan Spadola","WR","MIA                  MIA","22","2014","2015","2","$1,080,000","$540,000","0.41%","","","","$1,080,000","$1,080,000"
"Patrick Edwards","WR","DET                  DET","25","2014","2015","2","$1,080,000","$540,000","0.41%","","","","$1,080,000","$1,080,000"
"Jamar Newsome","WR","DAL                  DAL","26","2014","2015","2","$1,080,000","$540,000","0.41%","","","","$1,080,000","$1,080,000"
"Tori Gurley","WR","CLE                  CLE","26","2014","2015","2","$1,080,000","$540,000","0.41%","","","","$1,080,000","$1,080,000"
"Nate Washington","WR","NE                  NE","32","2016","2016","1","$1,065,000","$1,065,000","0.69%","$60,000","$60,000","$60,000","$1,065,000","$1,065,000"
"Julius Pruitt","WR","MIA                  MIA","24","2010","2012","3","$1,065,000","$355,000","","","","","",""
"Shay Hodge","WR","CIN                  CIN","22","2010","2012","3","$1,065,000","$355,000","","","","","",""
"Greg Ward","WR","PHI                  PHI","22","2018","2019","2","$1,057,500","$528,750","0.30%","$7,500","$7,500","$7,500","$1,057,500","$1,057,500"
"Ricardo Lockette","WR","SF                  SF","26","2013","2014","2","$1,050,000","$525,000","0.42%","","","","$824,117","$824,117"
"Kris Adams","WR","NYG                  NYG","25","2013","2014","2","$1,050,000","$525,000","0.42%","","","","$621,000","$621,000"
"Jeff Maehl","WR","HOU                  HOU","23","2013","2014","2","$1,050,000","$525,000","0.42%","","","","$1,050,000","$1,050,000"
"Chris Owusu","WR","TB                  TB","21","2012","2014","2","$1,050,000","$525,000","0.44%","","","","$757,058","$1,327,058"
"Demarco Sampson","WR","PHI                  PHI","27","2013","2014","2","$1,050,000","$525,000","0.42%","","","","",""
"Chastin West","WR","DET                  DET","25","2013","2014","2","$1,050,000","$525,000","0.42%","","","","",""
"Lance Long","WR","DET                  DET","26","2013","2014","2","$1,050,000","$525,000","0.42%","","","","",""
"Lance Moore","WR","DET                  DET","31","2015","2015","1","$1,050,000","$1,050,000","0.73%","$80,000","$80,000","$80,000","$1,050,000","$1,050,000"
"Jason Avant","WR","CAR                  CAR","30","2014","2014","1","$1,050,000","$1,050,000","0.79%","$150,000","","$150,000","$1,050,000","$1,050,000"
"Devon Wylie","WR","TEN                  TEN","24","2013","2014","2","$1,050,000","$525,000","0.42%","","","","",""
"Bryan Walters","WR","SEA                  SEA","25","2013","2014","2","$1,050,000","$525,000","0.42%","","","","$626,471","$626,471"
"Brandon Stokley","WR","BAL                  BAL","36","2013","2013","1","$1,050,000","$1,050,000","0.85%","","","","$1,005,000","$1,005,000"
"Julius Pruitt","WR","MIA                  MIA","27","2013","2014","2","$1,050,000","$525,000","0.42%","","","","",""
"Travin Dural","WR","NO                  NO","24","2018","2019","2","$1,050,000","$525,000","0.30%","","","","$858,000","$858,000"
"Reggie Davis","WR","ATL                  ATL","22","2018","2019","2","$1,050,000","$525,000","0.30%","","","","$1,050,000","$1,050,000"
"Zach Pascal","WR","IND                  IND","23","2018","2020","2","$1,050,000","$525,000","0.30%","","","","$1,050,000","$2,330,606"
"Gehrig Dieter","WR","KC                  KC","24","2018","2019","2","$1,050,000","$525,000","0.30%","","","","$404,117","$404,117"
"Fred Brown","WR","LAR                  LAR","24","2018","2019","2","$1,050,000","$525,000","0.30%","","","","$1,050,000","$1,050,000"
"Francis Owusu","WR","MIA                  MIA","23","2018","2019","2","$1,050,000","$525,000","0.30%","","","","$1,050,000","$1,050,000"
"Ahmad Thomas","WR","IND                  IND","23","2018","2019","2","$1,050,000","$525,000","0.30%","","","","$477,705","$477,705"
"Colby Pearson","WR","ATL                  ATL","22","2018","2019","2","$1,050,000","$525,000","0.30%","","","","$1,050,000","$1,050,000"
"Justice Liggins","WR","LAC                  LAC","23","2018","2019","2","$1,050,000","$525,000","0.30%","","","","$1,050,000","$1,050,000"
"Malcolm Lewis","WR","MIA                  MIA","24","2018","2019","2","$1,050,000","$525,000","0.30%","","","","$1,050,000","$1,050,000"
"Drew Morgan","WR","MIA                  MIA","23","2018","2019","2","$1,050,000","$525,000","0.30%","","","","$1,050,000","$1,050,000"
"Keon Hatcher","WR","OAK                  OAK","23","2018","2019","2","$1,050,000","$525,000","0.30%","","","","$739,410","$739,410"
"MeKale McKay","WR","DAL                  DAL","24","2018","2019","2","$1,050,000","$525,000","0.30%","","","","$1,050,000","$1,050,000"
"Brian Brown","WR","DAL                  DAL","23","2018","2019","2","$1,050,000","$525,000","0.30%","","","","$1,050,000","$1,050,000"
"K.D. Cannon","WR","DAL                  DAL","22","2018","2019","2","$1,050,000","$525,000","0.30%","","","","$1,050,000","$1,050,000"
"Devin Lucien","WR","TB                  TB","24","2018","2019","2","$1,050,000","$525,000","0.30%","","","","$1,050,000","$1,050,000"
"Kolby Listenbee","WR","IND                  IND","23","2018","2019","2","$1,050,000","$525,000","0.30%","","","","$933,000","$933,000"
"Dres Anderson","WR","DAL                  DAL","25","2018","2019","2","$1,050,000","$525,000","0.30%","","","","$1,050,000","$1,050,000"
"Dontez Ford","WR","DET                  DET","23","2018","2019","2","$1,050,000","$525,000","0.30%","","","","$1,050,000","$1,050,000"
"Bug Howard","WR","CAR                  CAR","23","2018","2019","2","$1,050,000","$525,000","0.30%","","","","$1,050,000","$1,050,000"
"C.J. Board","WR","CLE                  CLE","24","2018","2019","2","$1,050,000","$525,000","0.30%","","","","$933,000","$933,000"
"Levonte Whitfield","WR","CIN                  CIN","24","2018","2019","2","$1,050,000","$525,000","0.30%","","","","$1,050,000","$1,050,000"
"Cecil Shorts","WR","TB                  TB","28","2016","2016","1","$1,050,000","$1,050,000","0.68%","","","","$971,875","$971,875"
"Hunter Sharp","WR","CIN                  CIN","23","2018","2020","2","$1,050,000","$525,000","0.30%","","","","$602,647","$1,262,647"
"Malachi Dupre","WR","ARI                  ARI","22","2018","2019","2","$1,050,000","$525,000","0.30%","","","","$523,235","$523,235"
"Steven Dunbar","WR","SF                  SF","22","2018","2019","2","$1,050,000","$525,000","0.30%","","","","$523,235","$523,235"
"Darvin Kidsy","WR","WAS                  WAS","22","2018","2020","2","$1,050,000","$525,000","0.30%","","","","$172,942","$847,942"
"Rico Gafford","WR","OAK                  OAK","21","2018","2019","2","$1,050,000","$525,000","0.30%","","","","$561,770","$561,770"
"Allen Lazard","WR","GB                  GB","22","2018","2019","2","$1,050,000","$525,000","0.30%","","","","$551,470","$551,470"
"Simmie Cobbs Jr.","WR","NO                  NO","22","2018","2019","2","$1,050,000","$525,000","0.30%","","","","$654,705","$654,705"
"Daurice Fountain","WR","IND                  IND","22","2018","2020","2","$1,050,000","$525,000","0.30%","","","","$505,940","$1,141,236"
"Dylan Cantrell","WR","LAC                  LAC","23","2018","2019","2","$1,050,000","$525,000","0.30%","","","","$505,940","$505,940"
"Isaiah Ford","WR","MIA                  MIA","21","2018","2019","2","$1,050,000","$525,000","0.30%","","","","$711,175","$711,175"
"Jalen Tolliver","WR","ARI                  ARI","22","2018","2019","2","$1,050,000","$525,000","0.30%","","","","$682,940","$682,940"
"Keith Kirkwood","WR","NO                  NO","23","2018","2019","2","$1,050,000","$525,000","0.30%","","","","$639,702","$639,702"
"Robert Foster","WR","BUF                  BUF","23","2018","2019","2","$1,050,000","$525,000","0.30%","","","","$957,563","$957,563"
"River Cracraft","WR","DEN                  DEN","23","2018","2019","2","$1,050,000","$525,000","0.30%","","","","$843,883","$843,883"
"Malik Turner","WR","SEA                  SEA","21","2018","2019","2","$1,050,000","$525,000","0.30%","","","","$570,000","$570,000"
"Quadree Henderson","WR","NYG                  NYG","21","2018","2019","2","$1,050,000","$525,000","0.30%","","","","$761,470","$761,470"
"Cameron Batson","WR","TEN                  TEN","22","2018","2019","2","$1,050,000","$525,000","0.30%","","","","$731,820","$731,820"
"Jawill Davis","WR","NYG                  NYG","22","2018","2019","2","$1,050,000","$525,000","0.30%","","","","$958,412","$958,412"
"Ricky Jeune","WR","DAL                  DAL","24","2018","2019","2","$1,050,000","$525,000","0.30%","","","","$1,050,000","$1,050,000"
"Montay Crockett","WR","JAX                  JAX","24","2018","2019","2","$1,050,000","$525,000","0.30%","","","","$1,050,000","$1,050,000"
"Taj Williams","WR","ATL                  ATL","24","2018","2019","2","$1,050,000","$525,000","0.30%","","","","$1,050,000","$1,050,000"
"Rashard Davis","WR","PHI                  PHI","22","2018","2019","2","$1,050,000","$525,000","0.30%","","","","$1,050,000","$1,050,000"
"Devon Cajuste","WR","CLE                  CLE","24","2018","2019","2","$1,050,000","$525,000","0.30%","","","","$1,050,000","$1,050,000"
"Cayleb Jones","WR","MIN                  MIN","24","2018","2019","2","$1,050,000","$525,000","0.30%","","","","$937,059","$937,059"
"Lamar Atkins","WR","JAX                  JAX","23","2018","2019","2","$1,050,000","$525,000","0.30%","","","","$1,050,000","$1,050,000"
"DeAndre Smelter","WR","IND                  IND","26","2018","2019","2","$1,050,000","$525,000","0.30%","","","","$1,050,000","$1,050,000"
"Dominique Williams","WR","PHI                  PHI","26","2017","2018","2","$1,030,000","$515,000","0.31%","$10,000","$10,000","$10,000","$838,000","$838,000"
"Rueben Randle","WR","PHI                  PHI","24","2016","2016","1","$1,025,000","$1,025,000","0.66%","","$500,000","$500,000","$1,025,000","$1,025,000"
"Brandon Tate","WR","CIN                  CIN","26","2014","2014","1","$1,024,000","$1,024,000","0.77%","$100,000","","$100,000","$924,000","$924,000"
"Brandon Tate","WR","CIN                  CIN","28","2016","2016","1","$1,024,000","$1,024,000","0.66%","$100,000","$100,000","$100,000","$1,024,000","$1,024,000"
"Montay Crockett","WR","JAX                  JAX","23","2017","2018","2","$1,020,000","$510,000","0.31%","","","","$507,353","$507,353"
"Max McCaffrey","WR","SF                  SF","22","2017","2018","2","$1,020,000","$510,000","0.31%","","","","$114,706","$114,706"
"Isaac Whitney","WR","OAK                  OAK","22","2017","2018","2","$1,020,000","$510,000","0.31%","","","","$691,765","$691,765"
"David Moore","WR","SEA                  SEA","21","2017","2018","2","$1,020,000","$510,000","0.31%","","","","$719,118","$719,118"
"Jojo Natson","WR","NYJ                  NYJ","22","2017","2018","2","$1,020,000","$510,000","0.31%","","","","$773,824","$773,824"
"Travis Rudolph","WR","NYG                  NYG","21","2017","2018","2","$1,020,000","$510,000","0.31%","","","","$883,235","$883,235"
"Krishawn Hogan","WR","IND                  IND","21","2017","2018","2","$1,020,000","$510,000","0.31%","","","","$663,346","$663,346"
"Lance Lenoir","WR","DAL                  DAL","21","2017","2019","2","$1,020,000","$510,000","0.31%","","","","$55,588","$625,588"
"Larry Pinkard","WR","JAX                  JAX","24","2017","2018","2","$1,020,000","$510,000","0.31%","","","","$746,471","$746,471"
"Harvey Binford","WR","IND                  IND","25","2017","2018","2","$1,020,000","$510,000","0.31%","","","","$1,020,000","$1,020,000"
"Deandre Carter","WR","SF                  SF","23","2017","2018","2","$1,020,000","$510,000","0.31%","","","","$1,020,000","$1,020,000"
"Uzoma Nwachukwu","WR","DAL                  DAL","26","2017","2018","2","$1,020,000","$510,000","0.31%","","","","$1,020,000","$1,020,000"
"Quincy McDuffie","WR","DAL                  DAL","26","2017","2018","2","$1,020,000","$510,000","0.31%","","","","$1,020,000","$1,020,000"
"Alonzo Russell","WR","CIN                  CIN","24","2017","2018","2","$1,020,000","$510,000","0.31%","","","","$1,020,000","$1,020,000"
"Jordan Leslie","WR","CLE                  CLE","25","2017","2018","2","$1,020,000","$510,000","0.31%","","","","$875,823","$875,823"
"David Watford","WR","PHI                  PHI","23","2017","2018","2","$1,020,000","$510,000","0.31%","","","","$1,020,000","$1,020,000"
"Marcus Johnson","WR","PHI                  PHI","22","2017","2018","2","$1,020,000","$510,000","0.31%","","","","$905,470","$905,470"
"K.J. Maye","WR","TEN                  TEN","22","2017","2018","2","$1,020,000","$510,000","0.31%","","","","$1,020,000","$1,020,000"
"Tevin Jones","WR","KC                  KC","24","2017","2018","2","$1,020,000","$510,000","0.31%","","","","$1,020,000","$1,020,000"
"Deshon Foxx","WR","NYJ                  NYJ","24","2017","2018","2","$1,020,000","$510,000","0.31%","","","","$1,020,000","$1,020,000"
"Darius Powe","WR","NYG                  NYG","22","2017","2018","2","$1,020,000","$510,000","0.31%","","","","$903,000","$903,000"
"Jamal Robinson","WR","JAX                  JAX","23","2017","2018","2","$1,020,000","$510,000","0.31%","","","","$1,020,000","$1,020,000"
"Jaydon Mickens","WR","JAX                  JAX","22","2017","2018","2","$1,020,000","$510,000","0.31%","","","","$741,353","$741,353"
"K.J. Brent","WR","IND                  IND","23","2017","2018","2","$1,020,000","$510,000","0.31%","","","","$514,765","$514,765"
"Anthony Dable","WR","ATL                  ATL","28","2017","2018","2","$1,020,000","$510,000","0.31%","","","","$1,020,000","$1,020,000"
"Rasheed Bailey","WR","CLE                  CLE","23","2017","2018","2","$1,020,000","$510,000","0.31%","","","","$1,020,000","$1,020,000"
"Marvin Hall","WR","ATL                  ATL","23","2017","2018","2","$1,020,000","$510,000","0.31%","","","","$883,236","$883,236"
"Marcus Leak","WR","HOU                  HOU","24","2017","2018","2","$1,020,000","$510,000","0.31%","","","","$1,020,000","$1,020,000"
"Isaiah Williams","WR","WAS                  WAS","29","2017","2018","2","$1,020,000","$510,000","0.31%","","","","$1,020,000","$1,020,000"
"Kendal Thompson","WR","WAS                  WAS","24","2017","2018","2","$1,020,000","$510,000","0.31%","","","","$1,020,000","$1,020,000"
"Hunter Sharp","WR","NYG                  NYG","22","2017","2018","2","$1,020,000","$510,000","0.31%","","","","$637,059","$637,059"
"Jace Billingsley","WR","DET                  DET","22","2016","2018","2","$1,020,000","$510,000","0.33%","","","","$491,470","$1,046,470"
"Jake Kumerow","WR","CIN                  CIN","23","2016","2018","2","$1,020,000","$510,000","0.33%","","","","$491,470","$1,046,470"
"Bryan Walters","WR","MIN                  MIN","24","2012","2013","2","$1,020,000","$510,000","0.42%","","","","",""
"Charly Martin","WR","SEA                  SEA","27","2012","2013","2","$1,020,000","$510,000","0.42%","","","","",""
"Mardy Gilyard","WR","PHI                  PHI","25","2012","2013","2","$1,020,000","$510,000","0.42%","","","","",""
"Nate Burleson","WR","CLE                  CLE","32","2014","2014","1","$1,020,000","$1,020,000","0.77%","$65,000","","$350,000","$1,020,000","$1,020,000"
"Santana Moss","WR","WAS                  WAS","34","2014","2014","1","$1,020,000","$1,020,000","0.77%","$65,000","","$65,000","$1,020,000","$1,020,000"
"Brandon Marshall","WR","NO                  NO","33","2018","2018","1","$1,015,000","$1,015,000","0.57%","","","","$417,941","$417,941"
"Brandon Tate","WR","NO                  NO","30","2018","2018","1","$1,015,000","$1,015,000","0.57%","","","","$835,882","$835,882"
"Brandon Tate","WR","BUF                  BUF","29","2017","2017","1","$1,010,000","$1,010,000","0.60%","$50,000","$50,000","$50,000","$980,000","$980,000"
"Kevin Walter","WR","TEN                  TEN","31","2013","2013","1","$1,005,000","$1,005,000","0.81%","$65,000","","$165,000","$1,005,000","$1,005,000"
"Plaxico Burress","WR","PIT                  PIT","35","2013","2013","1","$1,005,000","$1,005,000","0.81%","$65,000","","$65,000","$1,005,000","$1,005,000"
"Brandon Lloyd","WR","SF                  SF","32","2014","2014","1","$1,005,000","$1,005,000","0.76%","","","","$1,005,000","$1,005,000"
"Dwayne Harris","WR","OAK                  OAK","30","2018","2018","1","$1,005,000","$1,005,000","0.57%","$45,000","$45,000","$45,000","$1,005,000","$1,005,000"
"Andre Roberts","WR","NYJ                  NYJ","29","2018","2018","1","$1,005,000","$1,005,000","0.57%","$90,000","$90,000","$90,000","$1,005,000","$1,005,000"
"Nate Washington","WR","TEN                  TEN","31","2015","2015","1","$1,000,000","$1,000,000","0.70%","","","","$1,167,372","$1,167,372"
"Leonard Hankerson","WR","ATL                  ATL","25","2015","2015","1","$1,000,000","$1,000,000","0.70%","$225,000","$225,000","$225,000","$43,823","$43,823"
"Damaris Johnson","WR","HOU                  HOU","25","2015","2015","1","$1,000,000","$1,000,000","0.70%","","$100,000","$100,000","$1,000,000","$1,000,000"
"Jerome Simpson","WR","MIN                  MIN","27","2014","2014","1","$1,000,000","$1,000,000","0.75%","","","","$841,176","$841,176"
"Ryan Grant","WR","OAK                  OAK","28","2019","2019","1","$1,000,000","$1,000,000","0.53%","$100,000","$100,000","$100,000","$1,250,000","$1,250,000"
"Maurice Harris","WR","NE                  NE","26","2019","2019","1","$1,000,000","$1,000,000","0.53%","$90,000","$90,000","$90,000","$690,500","$690,500"
"Brandon Coleman","WR","NO                  NO","25","2018","2018","1","$1,000,000","$1,000,000","0.56%","$100,000","$100,000","$100,000","$1,000,000","$1,000,000"
"Bennie Fowler","WR","CHI                  CHI","26","2018","2018","1","$1,000,000","$1,000,000","0.56%","$200,000","$200,000","$200,000","$1,000,000","$1,000,000"
"Jordan Matthews","WR","NE                  NE","25","2018","2018","1","$1,000,000","$1,000,000","0.56%","$80,000","$170,000","$170,000","$1,000,000","$1,000,000"
"Kendall Wright","WR","MIN                  MIN","28","2018","2018","1","$1,000,000","$1,000,000","0.56%","$100,000","$400,000","$400,000","$1,000,000","$1,000,000"
"Mark Clayton","WR","STL                  STL","28","2011","2011","1","$1,000,000","$1,000,000","0.83%","","","","$539,378","$539,378"
"Braylon Edwards","WR","SF                  SF","27","2011","2011","1","$1,000,000","$1,000,000","0.83%","","","$1,000,000","$2,100,000","$2,100,000"
"Mike Sims-Walker","WR","STL                  STL","26","2011","2011","1","$1,000,000","$1,000,000","0.83%","","","","$1,375,000","$1,375,000"
"Terrell Sinkfield","WR","NYJ                  NYJ","27","2018","2019","2","$990,000","$495,000","0.28%","","","","$1,050,000","$1,050,000"
"Damiere Byrd","WR","CAR                  CAR","22","2016","2017","2","$990,000","$495,000","0.32%","","","","$483,175","$483,175"
"Kasen Williams","WR","SEA                  SEA","23","2016","2017","2","$990,000","$495,000","0.32%","","","","$491,470","$491,470"
"Paul McRoberts","WR","LAR                  LAR","23","2016","2018","2","$990,000","$495,000","0.32%","","","","$517,940","$1,072,940"
"DeAndre Smelter","WR","SF                  SF","24","2016","2017","2","$990,000","$495,000","0.32%","","","","$517,940","$517,940"
"Bralon Addison","WR","CHI                  CHI","22","2016","2017","2","$990,000","$495,000","0.32%","","","","$517,940","$517,940"
"Demarcus Ayers","WR","PIT                  PIT","21","2016","2017","2","$990,000","$495,000","0.32%","","","","$619,410","$619,410"
"Kalif Raymond","WR","DEN                  DEN","21","2016","2018","2","$990,000","$495,000","0.32%","","","","$672,350","$1,302,350"
"Rashawn Scott","WR","MIA                  MIA","23","2016","2019","2","$990,000","$495,000","0.32%","","","","$164,115","$557,115"
"Daniel Braverman","WR","CHI                  CHI","22","2016","2017","2","$990,000","$495,000","0.32%","","","","$672,350","$672,350"
"Marquis Bundy","WR","ARI                  ARI","21","2016","2017","2","$990,000","$495,000","0.32%","","","","$698,820","$698,820"
"Paul Turner","WR","PHI                  PHI","22","2016","2017","2","$990,000","$495,000","0.32%","","","","$698,820","$698,820"
"Vince Mayle","WR","DAL                  DAL","24","2016","2017","2","$990,000","$495,000","0.32%","","","","$725,290","$725,290"
"Chris Hubert","WR","ARI                  ARI","22","2016","2017","2","$990,000","$495,000","0.32%","","","","$804,700","$804,700"
"Jake Lampman","WR","NO                  NO","22","2016","2017","2","$990,000","$495,000","0.32%","","","","$857,640","$857,640"
"Geronimo Allison","WR","GB                  GB","21","2016","2017","2","$990,000","$495,000","0.32%","","","","$772,935","$772,935"
"Dennis Parks","WR","CLE                  CLE","21","2016","2016","2","$990,000","$495,000","0.32%","","","","$333,000","$333,000"
"Kain Colter","WR","LAR                  LAR","23","2016","2017","2","$990,000","$495,000","0.32%","","","","$990,000","$990,000"
"Bernard Reedy","WR","TB                  TB","24","2016","2017","2","$990,000","$495,000","0.32%","","","","$517,940","$517,940"
"Titus Davis","WR","NYJ                  NYJ","22","2016","2017","2","$990,000","$495,000","0.32%","","","","$990,000","$990,000"
"Austin Willis","WR","DET                  DET","23","2016","2017","2","$990,000","$495,000","0.32%","","","","$990,000","$990,000"
"Josh Lenz","WR","HOU                  HOU","25","2016","2017","2","$990,000","$495,000","0.32%","","","","$990,000","$990,000"
"Michael Bennett","WR","CIN                  CIN","","2016","2017","2","$990,000","$495,000","0.32%","","","","$990,000","$990,000"
"Isaac Fruechte","WR","MIN                  MIN","24","2016","2017","2","$990,000","$495,000","0.32%","","","","$491,470","$491,470"
"Shane Wynn","WR","JAX                  JAX","23","2016","2017","2","$990,000","$495,000","0.32%","","","","$495,350","$495,350"
"Donte Foster","WR","TEN                  TEN","25","2016","2017","2","$990,000","$495,000","0.32%","","","","$990,000","$990,000"
"Rasheed Bailey","WR","JAX                  JAX","22","2016","2017","2","$990,000","$495,000","0.32%","","","","$990,000","$990,000"
"Shaquelle Evans","WR","JAX                  JAX","24","2016","2017","2","$990,000","$495,000","0.32%","","","","$990,000","$990,000"
"Rashad Lawrence","WR","JAX                  JAX","23","2016","2017","2","$990,000","$495,000","0.32%","","","","$990,000","$990,000"
"DiAndre Campbell","WR","SF                  SF","","2016","2017","2","$990,000","$495,000","0.32%","","","","$990,000","$990,000"
"Nick Harwell","WR","TEN                  TEN","24","2016","2017","2","$990,000","$495,000","0.32%","","","","$990,000","$990,000"
"Jordan Leslie","WR","ATL                  ATL","24","2016","2017","2","$990,000","$495,000","0.32%","","","","$990,000","$990,000"
"Deon Long","WR","PHI                  PHI","24","2016","2017","2","$990,000","$495,000","0.32%","","","","$990,000","$990,000"
"Jarred Fayson","WR","NO                  NO","25","2013","2014","2","$990,000","$495,000","0.40%","","","","",""
"Terrell Owens","WR","SEA                  SEA","38","2012","2012","1","$990,000","$990,000","0.82%","$65,000","","","",""
"Jeremy Horne","WR","KC                  KC","24","2011","2012","2","$990,000","$495,000","0.41%","","","","",""
"Terrell Sinkfield","WR","MIN                  MIN","25","2016","2017","2","$990,000","$495,000","0.32%","","","","$450,000","$450,000"
"Andrew Hawkins","WR","NE                  NE","30","2017","2017","1","$980,000","$980,000","0.59%","$80,000","$80,000","$80,000","$980,000","$980,000"
"Wes Welker","WR","STL                  STL","33","2015","2015","1","$970,000","$970,000","0.68%","","","","$473,039","$473,039"
"Joshua Cribbs","WR","IND                  IND","31","2015","2015","1","$970,000","$970,000","0.68%","","","","$970,000","$970,000"
"Brandon Tate","WR","CIN                  CIN","25","2013","2013","1","$966,000","$966,000","0.78%","","","","$966,000","$966,000"
"Jeremy Kerley","WR","BUF                  BUF","29","2018","2018","1","$960,000","$960,000","0.54%","","","","$960,000","$960,000"
"Evan Spencer","WR","TB                  TB","21","2015","2016","2","$960,000","$480,000","0.34%","","","","$504,912","$504,912"
"Rannell Hall","WR","CLE                  CLE","22","2015","2018","2","$960,000","$480,000","0.34%","","","","$424,764","$964,764"
"Josh Crockett","WR","GB                  GB","19","2015","2016","2","$960,000","$480,000","0.34%","","","","$486,209","$486,209"
"Andrew Turzilli","WR","TEN                  TEN","23","2015","2016","2","$960,000","$480,000","0.34%","","","","$593,733","$593,733"
"Tre McBride","WR","TEN                  TEN","22","2015","2017","2","$960,000","$480,000","0.34%","","","","$507,110","$1,122,110"
"Adam Humphries","WR","TB                  TB","21","2015","2016","2","$960,000","$480,000","0.34%","","","","$930,336","$930,336"
"Quan Bray","WR","IND                  IND","21","2015","2017","2","$960,000","$480,000","0.34%","","","","$666,344","$1,281,344"
"David Porter","WR","DAL                  DAL","","2015","2016","2","$960,000","$480,000","0.34%","","","","$960,000","$960,000"
"Kasen Williams","WR","SEA                  SEA","22","2015","2016","2","$960,000","$480,000","0.34%","","","","$512,659","$512,659"
"Tyler Rutenbeck","WR","IND                  IND","23","2015","2016","2","$960,000","$480,000","0.34%","","","","$960,000","$960,000"
"Ben Edwards","WR","NYG                  NYG","22","2015","2016","2","$960,000","$480,000","0.34%","","","","$394,401","$394,401"
"Donteea Dye","WR","TB                  TB","21","2015","2017","2","$960,000","$480,000","0.34%","","","","$601,270","$1,216,270"
"Nathan Slaughter","WR","ARI                  ARI","22","2015","2016","2","$960,000","$480,000","0.34%","","","","$960,000","$960,000"
"Kevin Smith","WR","SEA                  SEA","23","2015","2016","2","$960,000","$480,000","0.34%","","","","$602,592","$602,592"
"John Chiles","WR","CHI                  CHI","26","2015","2016","2","$960,000","$480,000","0.34%","","","","$768,000","$768,000"
"Josh Lenz","WR","CLE                  CLE","24","2015","2016","2","$960,000","$480,000","0.34%","","","","$960,000","$960,000"
"Ryan Lankford","WR","IND                  IND","23","2015","2016","2","$960,000","$480,000","0.34%","","","","$960,000","$960,000"
"Kadron Boone","WR","IND                  IND","23","2015","2016","2","$960,000","$480,000","0.34%","","","","$960,000","$960,000"
"Reggie Dunn","WR","DAL                  DAL","25","2015","2016","2","$960,000","$480,000","0.34%","","","","$960,000","$960,000"
"Chris Boyd","WR","DAL                  DAL","23","2015","2016","2","$960,000","$480,000","0.34%","","","","$843,000","$843,000"
"Andrew Peacock","WR","DET                  DET","23","2015","2016","2","$960,000","$480,000","0.34%","","","","$960,000","$960,000"
"Eric Ward","WR","CIN                  CIN","24","2015","2016","2","$960,000","$480,000","0.34%","","","","$960,000","$960,000"
"Tevin Reese","WR","CIN                  CIN","23","2015","2016","2","$960,000","$480,000","0.34%","","","","$960,000","$960,000"
"Onterio McCalebb","WR","CIN                  CIN","25","2015","2016","2","$960,000","$480,000","0.34%","","","","$843,000","$843,000"
"Chandler Jones","WR","TB                  TB","23","2015","2016","2","$960,000","$480,000","0.34%","","","","$960,000","$960,000"
"Emory Blake","WR","STL                  STL","23","2015","2016","2","$960,000","$480,000","0.34%","","","","$960,000","$960,000"
"Fred Williams","WR","KC                  KC","26","2015","2016","2","$960,000","$480,000","0.34%","","","","$960,000","$960,000"
"Kain Colter","WR","MIN                  MIN","22","2015","2016","2","$960,000","$480,000","0.34%","","","","$960,000","$960,000"
"Donte Foster","WR","MIN                  MIN","24","2015","2016","2","$960,000","$480,000","0.34%","","","","$960,000","$960,000"
"Caleb Holley","WR","BUF                  BUF","24","2015","2016","2","$960,000","$480,000","0.34%","","","","$843,000","$843,000"
"Tobais Palmer","WR","BUF                  BUF","24","2015","2016","2","$960,000","$480,000","0.34%","","","","$960,000","$960,000"
"Rashad Lawrence","WR","JAX                  JAX","22","2015","2016","2","$960,000","$480,000","0.34%","","","","$652,941","$652,941"
"Bernard Reedy","WR","ATL                  ATL","23","2015","2016","2","$960,000","$480,000","0.34%","","","","$960,000","$960,000"
"Jace Davis","WR","HOU                  HOU","23","2015","2016","2","$960,000","$480,000","0.34%","","","","$960,000","$960,000"
"Travis Labhart","WR","HOU                  HOU","23","2015","2016","2","$960,000","$480,000","0.34%","","","","$960,000","$960,000"
"Uzoma Nwachukwu","WR","HOU                  HOU","24","2015","2016","2","$960,000","$480,000","0.34%","","","","$960,000","$960,000"
"Tony Washington","WR","JAX                  JAX","24","2015","2017","2","$960,000","$480,000","0.34%","","","","$445,587","$985,587"
"Willie Snead","WR","NO                  NO","22","2015","2016","2","$960,000","$480,000","0.34%","","","","$1,400,568","$1,400,568"
"Torrence Allen","WR","SD                  SD","23","2015","2016","2","$960,000","$480,000","0.34%","","","","$768,000","$768,000"
"Javontee Herndon","WR","SD                  SD","23","2015","2017","2","$960,000","$480,000","0.34%","","","","$693,426","$1,233,426"
"Rashad Ross","WR","WAS                  WAS","24","2015","2016","2","$960,000","$480,000","0.34%","","","","$1,021,051","$1,021,051"
"Cobi Hamilton","WR","CIN                  CIN","24","2015","2016","2","$960,000","$480,000","0.34%","","","","$960,000","$960,000"
"Joey Galloway","WR","WAS                  WAS","38","2010","2010","1","$955,000","$955,000","","","","","$603,529","$603,529"
"Kassim Osgood","WR","SF                  SF","33","2014","2014","1","$955,000","$955,000","0.72%","","","","$674,117","$674,117"
"James Jones","WR","NYG                  NYG","30","2015","2015","1","$950,000","$950,000","0.66%","$30,000","$30,000","$30,000","$1,000,000","$1,000,000"
"Jason Avant","WR","KC                  KC","31","2015","2015","1","$950,000","$950,000","0.66%","$50,000","$50,000","$50,000","$950,000","$950,000"
"Kamar Aiken","WR","NE                  NE","22","2012","2013","2","$945,000","$472,500","0.39%","","","","$945,000","$945,000"
"Naaman Roosevelt","WR","BUF                  BUF","23","2011","2012","2","$945,000","$472,500","0.39%","","","","",""
"Dontrelle Inman","WR","SD                  SD","24","2014","2015","2","$945,000","$472,500","0.36%","$15,000","","$15,000","$1,146,928","$1,146,928"
"Chris Matthews","WR","SEA                  SEA","24","2014","2015","2","$940,000","$470,000","0.35%","$10,000","","$10,000","$930,000","$930,000"
"Kassim Osgood","WR","SF                  SF","32","2013","2013","1","$940,000","$940,000","0.76%","","","","$522,353","$522,353"
"Rishard Matthews","WR","NO                  NO","29","2019","2019","1","$930,000","$930,000","0.49%","","","","$930,000","$930,000"
"Terrelle Pryor","WR","JAX                  JAX","29","2019","2019","1","$930,000","$930,000","0.49%","","","","$930,000","$930,000"
"Deonte Thompson","WR","NYJ                  NYJ","29","2019","2019","1","$930,000","$930,000","0.49%","","","","$930,000","$930,000"
"Michael Floyd","WR","BAL                  BAL","29","2019","2019","1","$930,000","$930,000","0.49%","","","","$930,000","$930,000"
"Brian Quick","WR","WAS                  WAS","29","2019","2019","1","$930,000","$930,000","0.49%","","","","$930,000","$930,000"
"Rico Richardson","WR","HOU                  HOU","22","2014","2015","2","$930,000","$465,000","0.35%","","","","$930,000","$930,000"
"Dominique Croom","WR","ATL                  ATL","22","2014","2015","2","$930,000","$465,000","0.35%","","","","$930,000","$930,000"
"Conner Vernon","WR","CLE                  CLE","23","2014","2015","2","$930,000","$465,000","0.35%","","","","$930,000","$930,000"
"Frankie Hammond","WR","KC                  KC","23","2014","2015","2","$930,000","$465,000","0.35%","","","","$930,000","$930,000"
"Uzoma Nwachukwu","WR","HOU                  HOU","23","2014","2015","2","$930,000","$465,000","0.35%","","","","$930,000","$930,000"
"Onterio McCalebb","WR","CIN                  CIN","24","2014","2015","2","$930,000","$465,000","0.35%","","","","$930,000","$930,000"
"Brandon Kaufman","WR","BUF                  BUF","23","2014","2015","2","$930,000","$465,000","0.35%","","","","$930,000","$930,000"
"Josh Boyce","WR","NE                  NE","22","2014","2015","2","$930,000","$465,000","0.35%","","","","$534,705","$534,705"
"Jalen Saunders","WR","NO                  NO","21","2014","2015","2","$930,000","$465,000","0.35%","","","","$658,235","$658,235"
"Kevin Dorsey","WR","GB                  GB","23","2014","2015","2","$930,000","$465,000","0.35%","","","","$930,000","$930,000"
"Gerell Robinson","WR","CLE                  CLE","24","2014","2015","2","$930,000","$465,000","0.35%","","","","$930,000","$930,000"
"Solomon Patton","WR","TB                  TB","23","2014","2015","2","$930,000","$465,000","0.35%","","","","$930,000","$930,000"
"Jabin Sambrano","WR","ATL                  ATL","23","2014","2015","2","$930,000","$465,000","0.35%","","","","$930,000","$930,000"
"Reggie Dunn","WR","ATL                  ATL","24","2014","2015","2","$930,000","$465,000","0.35%","","","","$930,000","$930,000"
"Cody Wilson","WR","DET                  DET","22","2014","2015","2","$930,000","$465,000","0.35%","","","","$930,000","$930,000"
"Domenik Hixon","WR","CHI                  CHI","29","2014","2014","1","$930,000","$930,000","0.70%","","","","$923,750","$923,750"
"Raymond Webber","WR","GB                  GB","24","2014","2015","2","$930,000","$465,000","0.35%","","","","$930,000","$930,000"
"Arceto Clark","WR","SEA                  SEA","24","2014","2015","2","$930,000","$465,000","0.35%","","","","$930,000","$930,000"
"Phil Bates","WR","SEA                  SEA","24","2014","2015","2","$930,000","$465,000","0.35%","","","","$534,705","$534,705"
"Chuck Jacobs","WR","SF                  SF","23","2014","2015","2","$930,000","$465,000","0.35%","","","","$738,000","$738,000"
"Greg Orton","WR","NE                  NE","27","2014","2014","2","$930,000","$465,000","0.35%","","","","$303,000","$303,000"
"Sam McGuffie","WR","NE                  NE","24","2014","2015","2","$930,000","$465,000","0.35%","","","","",""
"Reggie Dunn","WR","NE                  NE","24","2014","2015","2","$930,000","$465,000","0.35%","","","","$930,000","$930,000"
"Tobais Palmer","WR","SD                  SD","23","2014","2015","2","$930,000","$465,000","0.35%","","","","$930,000","$930,000"
"Andy Tanner","WR","NO                  NO","25","2014","2015","2","$930,000","$465,000","0.35%","","","","$738,000","$738,000"
"Charles Hawkins","WR","NO                  NO","23","2014","2015","2","$930,000","$465,000","0.35%","","","","$930,000","$930,000"
"Chris Summers","WR","BUF                  BUF","24","2014","2015","2","$930,000","$465,000","0.35%","","","","$930,000","$930,000"
"Tommy Streeter","WR","JAX                  JAX","24","2014","2015","2","$930,000","$465,000","0.35%","","","","$930,000","$930,000"
"Rashad Ross","WR","CHI                  CHI","23","2014","2015","2","$930,000","$465,000","0.35%","","","","$831,176","$831,176"
"Fred Williams","WR","KC                  KC","25","2014","2015","2","$930,000","$465,000","0.35%","","","","$930,000","$930,000"
"Josh Lenz","WR","IND                  IND","23","2014","2015","2","$930,000","$465,000","0.35%","","","","$420,000","$930,000"
"Will Murphy","WR","PHI                  PHI","23","2014","2015","2","$930,000","$465,000","0.35%","","","","$930,000","$930,000"
"Isaiah Williams","WR","TEN                  TEN","26","2014","2015","2","$930,000","$465,000","0.35%","","","","$930,000","$930,000"
"Lamont Bryant","WR","TEN                  TEN","25","2014","2015","2","$930,000","$465,000","0.35%","","","","$930,000","$930,000"
"Kamar Jorden","WR","MIN                  MIN","24","2014","2015","2","$930,000","$465,000","0.35%","","","","$930,000","$930,000"
"Tim Benford","WR","DAL                  DAL","24","2014","2015","2","$930,000","$465,000","0.35%","","","","$930,000","$930,000"
"Chad Bumphis","WR","JAX                  JAX","24","2014","2015","2","$930,000","$465,000","0.35%","","","","$930,000","$930,000"
"Terrence Toliver","WR","CHI                  CHI","25","2014","2015","2","$930,000","$465,000","0.35%","","","","$930,000","$930,000"
"Emory Blake","WR","STL                  STL","22","2014","2015","2","$930,000","$465,000","0.35%","","","","$930,000","$930,000"
"Dwight Jones","WR","NYJ                  NYJ","24","2014","2015","2","$930,000","$465,000","0.35%","","","","$930,000","$930,000"
"Carlin Isles","WR","DET                  DET","24","2014","2015","2","$930,000","$465,000","0.35%","","","","$930,000","$930,000"
"Corey Fuller","WR","DET                  DET","23","2014","2015","2","$930,000","$465,000","0.35%","","","","$1,081,967","$1,081,967"
"Cody Wilson","WR","DET                  DET","22","2014","2015","2","$930,000","$465,000","0.35%","","","","$930,000","$930,000"
"Dan Buckner","WR","ARI                  ARI","23","2014","2015","2","$930,000","$465,000","0.35%","","","","$930,000","$930,000"
"Jabin Sambrano","WR","JAX                  JAX","23","2014","2015","2","$930,000","$465,000","0.35%","","","","$930,000","$930,000"
"Adam Thielen","WR","MIN                  MIN","23","2014","2015","2","$930,000","$465,000","0.35%","","","","$1,102,306","$1,102,306"
"Alex Gillett","WR","GB                  GB","22","2014","2015","2","$930,000","$465,000","0.35%","","","","$930,000","$930,000"
"Marcus Harris","WR","NYG                  NYG","24","2014","2015","2","$930,000","$465,000","0.35%","","","","$621,000","$621,000"
"Plaxico Burress","WR","PIT                  PIT","34","2012","2012","1","$925,000","$925,000","0.77%","","","","$925,000","$925,000"
"Jabar Gaffney","WR","MIA                  MIA","31","2012","2012","1","$925,000","$925,000","0.77%","","","","$707,353","$707,353"
"Chad Johnson","WR","MIA                  MIA","33","2012","2012","1","$925,000","$925,000","0.77%","","","","",""
"Brandon Stokley","WR","DEN                  DEN","35","2012","2012","1","$925,000","$925,000","0.77%","","","","$925,000","$925,000"
"Tommylee Lewis","WR","DET                  DET","26","2019","2019","1","$920,000","$920,000","0.49%","$50,000","$50,000","$50,000","$870,000","$870,000"
"Rishard Matthews","WR","NYJ                  NYJ","28","2018","2018","1","$915,000","$915,000","0.52%","","","","$538,235","$538,235"
"T.J. Houshmandzadeh","WR","OAK                  OAK","33","2011","2011","1","$910,000","$910,000","0.76%","","","","$535,924","$535,924"
"Courtney Roby","WR","NO                  NO","29","2013","2013","1","$905,000","$905,000","0.73%","$65,000","","$65,000","",""
"Louis Murphy","WR","SF                  SF","29","2017","2017","1","$900,000","$900,000","0.54%","","","","$423,528","$423,528"
"Griff Whalen","WR","IND                  IND","22","2013","2014","2","$900,000","$450,000","0.36%","","","","$566,470","$1,151,470"
"Da'Rick Rogers","WR","IND                  IND","21","2013","2014","2","$900,000","$450,000","0.36%","","","","$661,764","$661,764"
"Lamaar Thomas","WR","JAX                  JAX","22","2013","2014","2","$900,000","$450,000","0.36%","","","","$467,647","$467,647"
"Justin Hilton","WR","TEN                  TEN","24","2013","2014","2","$900,000","$450,000","0.36%","","","","",""
"Jeremy Ebert","WR","JAX                  JAX","23","2013","2014","2","$900,000","$450,000","0.36%","","","","$624,176","$624,176"
"Greg Jenkins","WR","OAK                  OAK","23","2013","2014","2","$900,000","$450,000","0.36%","","","","$900,000","$900,000"
"Dan Depalma","WR","SD                  SD","23","2013","2014","2","$900,000","$450,000","0.36%","","","","",""
"Kashif Moore","WR","PIT                  PIT","24","2013","2014","2","$900,000","$450,000","0.36%","","","","",""
"Lavasier Tuinei","WR","CIN                  CIN","22","2013","2014","2","$900,000","$450,000","0.36%","","","","",""
"Jeremy Ebert","WR","NE                  NE","23","2013","2014","2","$900,000","$450,000","0.36%","","","","",""
"Marcus Jackson","WR","ATL                  ATL","23","2013","2014","2","$900,000","$450,000","0.36%","","","","",""
"James Rodgers","WR","ATL                  ATL","24","2013","2014","2","$900,000","$450,000","0.36%","","","","",""
"Michael Calvin","WR","TEN                  TEN","23","2013","2014","2","$900,000","$450,000","0.36%","","","","",""
"Kevin Hardy","WR","NYG                  NYG","22","2013","2014","2","$900,000","$450,000","0.36%","","","","",""
"Brandon Collins","WR","NYG                  NYG","23","2013","2014","2","$900,000","$450,000","0.36%","","","","",""
"Jabin Sambrano","WR","IND                  IND","22","2013","2014","2","$900,000","$450,000","0.36%","","","","",""
"Chris Summers","WR","MIN                  MIN","23","2013","2014","2","$900,000","$450,000","0.36%","","","","$900,000","$900,000"
"Gerell Robinson","WR","DEN                  DEN","23","2013","2014","2","$900,000","$450,000","0.36%","","","","",""
"Jared Green","WR","DAL                  DAL","23","2013","2014","2","$900,000","$450,000","0.36%","","","","",""
"Justin Hilton","WR","CIN                  CIN","24","2013","2014","2","$900,000","$450,000","0.36%","","","","",""
"Terrence Toliver","WR","CHI                  CHI","24","2013","2014","2","$900,000","$450,000","0.36%","","","","",""
"Diondre Borel","WR","TEN                  TEN","24","2013","2014","2","$900,000","$450,000","0.36%","","","","",""
"Raymond Radway","WR","STL                  STL","25","2013","2014","2","$900,000","$450,000","0.36%","","","","",""
"Nicholas Johnson","WR","STL                  STL","23","2013","2014","2","$900,000","$450,000","0.36%","","","","",""
"Patrick Edwards","WR","DET                  DET","24","2013","2014","2","$900,000","$450,000","0.36%","$26,668","","$26,668","",""
"Troy Burrell","WR","DET                  DET","23","2013","2014","2","$900,000","$450,000","0.36%","$1,334","","$1,334","",""
"Dale Moss","WR","CAR                  CAR","24","2013","2014","2","$900,000","$450,000","0.36%","","","","",""
"Tim Benford","WR","DAL                  DAL","23","2013","2014","2","$900,000","$450,000","0.36%","","","","",""
"Danny Coale","WR","DAL                  DAL","24","2013","2014","2","$900,000","$450,000","0.36%","","","","",""
"Derek Moye","WR","PIT                  PIT","24","2013","2014","2","$900,000","$450,000","0.36%","","","","$900,000","$900,000"
"Bert Reed","WR","PIT                  PIT","24","2013","2014","2","$900,000","$450,000","0.36%","","","","",""
"Andy Tanner","WR","NO                  NO","24","2013","2014","2","$900,000","$450,000","0.36%","","","","",""
"Lamont Bryant","WR","CAR                  CAR","24","2013","2014","2","$900,000","$450,000","0.36%","","","","",""
"Nelson Rosario","WR","CAR                  CAR","23","2013","2014","2","$900,000","$450,000","0.36%","","","","",""
"Brandon Carswell","WR","OAK                  OAK","22","2012","2014","2","$900,000","$450,000","0.37%","","","","$678,000","$1,098,000"
"Donte Stallworth","WR","BAL                  BAL","29","2010","2010","1","$900,000","$900,000","","","","","$900,000","$900,000"
"Dontrelle Inman","WR","LAC                  LAC","29","2019","2019","1","$895,000","$895,000","0.48%","","","","$827,500","$827,500"
"Ty Montgomery","WR","NYJ                  NYJ","25","2019","2019","1","$895,000","$895,000","0.48%","$90,000","$90,000","$90,000","$895,000","$895,000"
"Justin Hardy","WR","ATL                  ATL","27","2019","2019","1","$895,000","$895,000","0.48%","$90,000","$90,000","$90,000","$978,523","$978,523"
"Geremy Davis","WR","LAC                  LAC","26","2019","2019","1","$895,000","$895,000","0.48%","$25,000","$25,000","$25,000","$872,500","$872,500"
"Bennie Fowler","WR","NYG                  NYG","27","2019","2019","1","$895,000","$895,000","0.48%","$65,000","$65,000","$65,000","$895,000","$895,000"
"Bruce Ellington","WR","NE                  NE","27","2019","2019","1","$895,000","$895,000","0.48%","$25,000","$25,000","$25,000","$895,000","$895,000"
"Kassim Osgood","WR","DET                  DET","31","2012","2012","1","$890,000","$890,000","0.74%","$65,000","","$65,000","$890,000","$890,000"
"Braylon Edwards","WR","SEA                  SEA","28","2012","2012","1","$890,000","$890,000","0.74%","","","","$890,000","$890,000"
"Keshawn Martin","WR","DET                  DET","26","2017","2017","1","$885,000","$885,000","0.53%","","","","$855,000","$855,000"
"James Jones","WR","GB                  GB","31","2016","2016","1","$885,000","$885,000","0.57%","","","","$885,000","$885,000"
"Hakeem Nicks","WR","NO                  NO","27","2016","2016","1","$885,000","$885,000","0.57%","","","","$885,000","$885,000"
"Andre Caldwell","WR","DET                  DET","30","2016","2016","1","$885,000","$885,000","0.57%","","","","$885,000","$885,000"
"Markus Wheaton","WR","PHI                  PHI","26","2018","2018","1","$880,000","$880,000","0.50%","$90,000","$90,000","$90,000","$880,000","$880,000"
"Tavarres King","WR","MIN                  MIN","27","2018","2018","1","$880,000","$880,000","0.50%","$90,000","$90,000","$90,000","$880,000","$880,000"
"De'Anthony Thomas","WR","KC                  KC","24","2018","2018","1","$880,000","$880,000","0.50%","$90,000","$90,000","$90,000","$880,000","$880,000"
"Brian Quick","WR","WAS                  WAS","28","2018","2018","1","$880,000","$880,000","0.50%","$90,000","$90,000","$90,000","$880,000","$880,000"
"Jordan Norwood","WR","DEN                  DEN","29","2016","2016","1","$880,000","$880,000","0.57%","$50,000","$50,000","$50,000","$880,000","$880,000"
"Donte Stallworth","WR","NE                  NE","31","2012","2012","1","$875,000","$875,000","0.73%","$25,000","","","$875,000","$875,000"
"Dominique Zeigler","WR","SF                  SF","25","2010","2011","2","$875,000","$437,500","","","","","",""
"James Jones","WR","GB                  GB","30","2015","2015","1","$870,000","$870,000","0.61%","","","","$1,121,736","$1,121,736"
"Josh Morgan","WR","NO                  NO","29","2015","2015","1","$870,000","$870,000","0.61%","","","","$870,000","$870,000"
"Justin Hunter","WR","PIT                  PIT","26","2018","2018","1","$870,000","$870,000","0.49%","$30,000","$30,000","$30,000","$870,000","$870,000"
"David Gilreath","WR","PIT                  PIT","23","2012","2013","2","$870,000","$435,000","0.36%","","","","",""
"Chris Hogan","WR","BUF                  BUF","24","2012","2013","2","$870,000","$435,000","0.36%","","","","$795,000","$795,000"
"Joseph Anderson","WR","CHI                  CHI","23","2012","2013","2","$870,000","$435,000","0.36%","","","","",""
"Toney Clemons","WR","JAX                  JAX","23","2012","2013","2","$870,000","$435,000","0.36%","","","","$73,125","$73,125"
"Michael Campbell","WR","STL                  STL","22","2012","2013","2","$870,000","$435,000","0.36%","","","","",""
"Tiger Jones","WR","PHI                  PHI","29","2012","2013","2","$870,000","$435,000","0.36%","","","","",""
"Josh Bellamy","WR","KC                  KC","22","2012","2015","2","$870,000","$435,000","0.36%","$8,000","","","","$581,746"
"James Kirkendoll","WR","TEN                  TEN","22","2012","2013","2","$870,000","$435,000","0.36%","","","","",""
"Marcus Harris","WR","TEN                  TEN","22","2012","2013","2","$870,000","$435,000","0.36%","","","","",""
"Jamar Newsome","WR","KC                  KC","24","2012","2013","2","$870,000","$435,000","0.36%","","","","$390,000","$390,000"
"Joshua Cribbs","WR","OAK                  OAK","29","2013","2013","1","$865,000","$865,000","0.70%","","","$225,000","$865,000","$865,000"
"Jerricho Cotchery","WR","PIT                  PIT","28","2011","2011","1","$860,000","$860,000","0.71%","$50,000","","$50,000","$860,000","$860,000"
"Donte Stallworth","WR","WAS                  WAS","30","2011","2011","1","$860,000","$860,000","0.71%","$50,000","","","$860,000","$860,000"
"Brian Quick","WR","WAS                  WAS","27","2017","2017","1","$855,000","$855,000","0.51%","$80,000","$80,000","$80,000","$855,000","$855,000"
"Deonte Thompson","WR","CHI                  CHI","27","2017","2017","1","$855,000","$855,000","0.51%","$80,000","$80,000","$80,000","$855,000","$855,000"
"Justin Hunter","WR","PIT                  PIT","25","2017","2017","1","$855,000","$855,000","0.51%","$30,000","$30,000","$30,000","$905,000","$905,000"
"David Patten","WR","NE                  NE","35","2010","2010","1","$855,000","$855,000","","","","","$855,000","$855,000"
"Jason Avant","WR","KC                  KC","30","2014","2014","1","$855,000","$855,000","0.64%","","","","$251,471","$251,471"
"Joshua Cribbs","WR","IND                  IND","30","2014","2014","1","$855,000","$855,000","0.64%","","","","$301,764","$301,764"
"Robert Meachem","WR","NO                  NO","29","2014","2014","1","$855,000","$855,000","0.64%","","","","$855,000","$855,000"
"Santonio Holmes","WR","CHI                  CHI","29","2014","2014","1","$855,000","$855,000","0.64%","","","","$916,819","$916,819"
"Courtney Roby","WR","ATL                  ATL","30","2014","2014","1","$855,000","$855,000","0.64%","","","","$855,000","$855,000"
"Derek Hagan","WR","TEN                  TEN","29","2014","2014","1","$855,000","$855,000","0.64%","","","","$855,000","$855,000"
"Michael Jenkins","WR","NE                  NE","30","2013","2013","1","$855,000","$855,000","0.69%","","","","",""
"Domenik Hixon","WR","NYG                  NYG","26","2011","2011","1","$850,000","$850,000","0.71%","","","","$850,000","$850,000"
"Jeremy Kerley","WR","DET                  DET","27","2016","2016","1","$850,000","$850,000","0.55%","$50,000","$50,000","$50,000","$760,000","$760,000"
"Bryan Walters","WR","SD                  SD","23","2011","2012","2","$840,000","$420,000","0.35%","","","","$840,000","$840,000"
"Joshua Cribbs","WR","NYJ                  NYJ","29","2013","2013","1","$840,000","$840,000","0.68%","","","","$441,882","$441,882"
"Troy Williamson","WR","JAX                  JAX","26","2010","2010","1","$840,000","$840,000","","$100,000","","$100,000","$840,000","$840,000"
"Braylon Edwards","WR","NYJ                  NYJ","29","2013","2013","1","$840,000","$840,000","0.68%","","","","",""
"Derek Hagan","WR","TB                  TB","28","2013","2013","1","$840,000","$840,000","0.68%","","","","",""
"Devery Henderson","WR","WAS                  WAS","30","2013","2013","1","$840,000","$840,000","0.68%","","","","",""
"Donte Stallworth","WR","WAS                  WAS","32","2013","2013","1","$840,000","$840,000","0.68%","","","","",""
"Leonard Hankerson","WR","BUF                  BUF","26","2016","2016","1","$840,000","$840,000","0.54%","","","","$840,000","$840,000"
"Deonte Thompson","WR","CHI                  CHI","26","2016","2016","1","$840,000","$840,000","0.54%","$80,000","$80,000","$80,000","$840,000","$840,000"
"Chris Givens","WR","PHI                  PHI","26","2016","2016","1","$840,000","$840,000","0.54%","$80,000","$180,000","$180,000","$840,000","$840,000"
"Marc Mariani","WR","CHI                  CHI","28","2016","2016","1","$840,000","$840,000","0.54%","$80,000","$80,000","$80,000","$840,000","$840,000"
"Chastin West","WR","JAX                  JAX","23","2011","2012","2","$840,000","$420,000","0.35%","","","","$795,882","$795,882"
"Wallace Wright","WR","CAR                  CAR","26","2011","2011","1","$840,000","$840,000","0.70%","","","","",""
"Arrelious Benn","WR","PHI                  PHI","24","2013","2013","1","$830,000","$830,000","0.67%","$200,000","","$200,000","$1,830,000","$1,830,000"
"Quinton Patton","WR","NYJ                  NYJ","26","2017","2017","1","$825,000","$825,000","0.49%","$25,000","$25,000","$25,000","$825,000","$825,000"
"Seyi Ajirotutu","WR","PHI                  PHI","27","2015","2015","1","$825,000","$825,000","0.58%","$80,000","$380,000","$380,000","$895,067","$895,067"
"Denarius Moore","WR","CIN                  CIN","26","2015","2015","1","$825,000","$825,000","0.58%","$25,000","$25,000","$25,000","$825,000","$825,000"
"Brandon Tate","WR","CIN                  CIN","27","2015","2015","1","$825,000","$825,000","0.58%","$50,000","$50,000","$50,000","$825,000","$825,000"
"Darrius Heyward-Bey","WR","PIT                  PIT","27","2015","2015","1","$825,000","$825,000","0.58%","$80,000","$80,000","$80,000","$964,583","$964,583"
"Kevin Ogletree","WR","NYG                  NYG","27","2015","2015","1","$825,000","$825,000","0.58%","$25,000","$25,000","$25,000","$770,000","$770,000"
"Donte Stallworth","WR","NE                  NE","31","2012","2012","1","$825,000","$825,000","0.68%","","","","",""
"Rashied Davis","WR","CHI                  CHI","32","2012","2012","1","$825,000","$825,000","0.68%","","","","",""
"Bryant Johnson","WR","HOU                  HOU","30","2012","2012","1","$825,000","$825,000","0.68%","","","","",""
"Geremy Davis","WR","LAC                  LAC","25","2018","2018","1","$820,000","$820,000","0.46%","$15,000","$15,000","$15,000","$813,750","$813,750"
"Jeremy Ross","WR","NYJ                  NYJ","27","2016","2016","1","$810,000","$810,000","0.52%","$50,000","$50,000","$50,000","$810,000","$810,000"
"Rod Streater","WR","KC                  KC","27","2016","2016","1","$810,000","$810,000","0.52%","$10,000","$110,000","$110,000","$760,000","$760,000"
"Michael Clayton","WR","NYG                  NYG","28","2011","2011","1","$810,000","$810,000","0.67%","","","","",""
"Michael Clayton","WR","NYG                  NYG","27","2010","2010","1","$810,000","$810,000","","","","","$810,000","$810,000"
"Charles Johnson","WR","PHI                  PHI","29","2019","2019","1","$810,000","$810,000","0.43%","$25,000","$25,000","$25,000","$538,000","$538,000"
"Dontrelle Inman","WR","IND                  IND","29","2019","2019","1","$805,000","$805,000","0.43%","","","","$142,058","$142,058"
"Jordan Matthews","WR","PHI                  PHI","26","2019","2019","1","$805,000","$805,000","0.43%","","","","$331,470","$331,470"
"De'Anthony Thomas","WR","BAL                  BAL","25","2019","2019","1","$805,000","$805,000","0.43%","","","","$417,967","$417,967"
"Ryan Grant","WR","GB                  GB","28","2019","2019","1","$805,000","$805,000","0.43%","","","","$520,882","$520,882"
"Bennie Fowler","WR","NYG                  NYG","27","2019","2019","1","$805,000","$805,000","0.43%","","","","$520,882","$520,882"
"Jordan Matthews","WR","SF                  SF","26","2019","2019","1","$805,000","$805,000","0.43%","","","","$142,058","$142,058"
"De'Anthony Thomas","WR","KC                  KC","25","2019","2019","1","$805,000","$805,000","0.43%","","","","$757,648","$757,648"
"TJ Jones","WR","NYG                  NYG","26","2019","2019","1","$805,000","$805,000","0.43%","","","","$757,648","$757,648"
"Nick Williams","WR","SF                  SF","28","2019","2019","1","$805,000","$805,000","0.43%","","","","$805,000","$805,000"
"Aldrick Robinson","WR","CAR                  CAR","30","2019","2019","1","$805,000","$805,000","0.43%","","","","$805,000","$805,000"
"Sammie Coates","WR","KC                  KC","25","2019","2019","1","$805,000","$805,000","0.43%","","","","$805,000","$805,000"
"Devin Aromashodu","WR","MIN                  MIN","27","2012","2012","1","$800,000","$800,000","0.66%","$50,000","$50,000","$50,000","$800,000","$800,000"
"Logan Payne","WR","NYJ                  NYJ","25","2011","2012","2","$798,120","$399,060","0.33%","","","","$375,000","$375,000"
"Darrius Heyward-Bey","WR","PIT                  PIT","26","2014","2014","1","$795,000","$795,000","0.60%","$65,000","","$65,000","$795,000","$795,000"
"Louis Murphy","WR","TB                  TB","26","2014","2014","1","$795,000","$795,000","0.60%","","","","$795,000","$795,000"
"Mario Manningham","WR","NYG                  NYG","27","2014","2014","1","$795,000","$795,000","0.60%","$25,000","","$25,000","$463,000","$463,000"
"Seyi Ajirotutu","WR","SD                  SD","26","2014","2014","1","$795,000","$795,000","0.60%","$65,000","","$65,000","$795,000","$795,000"
"Kevin Ogletree","WR","DET                  DET","26","2014","2014","1","$795,000","$795,000","0.60%","$65,000","","$100,000","$795,000","$795,000"
"Keelan Doss","WR","OAK                  OAK","22","2019","2019","1","$795,000","$795,000","0.42%","$300,000","$795,000","$795,000","$795,000","$795,000"
"Jerrell Jackson","WR","JAX                  JAX","21","2012","2013","2","$795,000","$397,500","0.33%","","","","",""
"Kerry Taylor","WR","ARI                  ARI","22","2012","2014","2","$795,000","$397,500","0.33%","","","","$213,529","$708,529"
"Mike Brown","WR","JAX                  JAX","22","2012","2013","2","$795,000","$397,500","0.33%","","","","$795,000","$795,000"
"Marquess Wilson","WR","PHI                  PHI","25","2018","2018","1","$790,000","$790,000","0.45%","","","","$790,000","$790,000"
"Rod Streater","WR","CLE                  CLE","29","2018","2018","1","$790,000","$790,000","0.45%","","","","$790,000","$790,000"
"Deonte Thompson","WR","BUF                  BUF","28","2018","2018","1","$790,000","$790,000","0.45%","","","","$325,294","$325,294"
"Bruce Ellington","WR","DET                  DET","26","2018","2018","1","$790,000","$790,000","0.45%","","","","$371,765","$371,765"
"Terrelle Pryor","WR","BUF                  BUF","28","2018","2018","1","$790,000","$790,000","0.45%","","","","$418,235","$418,235"
"Dontrelle Inman","WR","IND                  IND","28","2018","2018","1","$790,000","$790,000","0.45%","","","","$511,176","$511,176"
"Nick Williams","WR","LAR                  LAR","27","2018","2018","1","$790,000","$790,000","0.45%","","","","$511,176","$511,176"
"Kendall Wright","WR","ARI                  ARI","28","2018","2018","1","$790,000","$790,000","0.45%","","","","$371,764","$371,764"
"Jordan Matthews","WR","PHI                  PHI","25","2018","2018","1","$790,000","$790,000","0.45%","","","","$697,058","$697,058"
"Aldrick Robinson","WR","MIN                  MIN","29","2018","2018","1","$790,000","$790,000","0.45%","","","","$697,058","$697,058"
"Brian Quick","WR","WAS                  WAS","28","2018","2018","1","$790,000","$790,000","0.45%","","","","$743,529","$743,529"
"Michael Floyd","WR","WAS                  WAS","28","2018","2018","1","$790,000","$790,000","0.45%","","","","$697,065","$697,065"
"Kamar Aiken","WR","PHI                  PHI","28","2018","2018","1","$790,000","$790,000","0.45%","","","","$743,529","$743,529"
"Greg Little","WR","ARI                  ARI","28","2018","2018","1","$790,000","$790,000","0.45%","","","","$790,000","$790,000"
"Nick Williams","WR","TEN                  TEN","27","2018","2018","1","$790,000","$790,000","0.45%","","","","$697,065","$697,065"
"Josh Gordon","WR","CLE                  CLE","26","2018","2018","1","$790,000","$790,000","0.45%","","","","$604,117","$604,117"
"Griff Whalen","WR","OAK                  OAK","27","2018","2018","1","$790,000","$790,000","0.45%","","","","$790,000","$790,000"
"Deon Butler","WR","SD                  SD","26","2013","2013","1","$780,000","$780,000","0.63%","$65,000","","$65,000","",""
"Steve Smith","WR","TB                  TB","27","2013","2013","1","$780,000","$780,000","0.63%","$65,000","","$65,000","",""
"Louis Murphy","WR","NYG                  NYG","25","2013","2013","1","$780,000","$780,000","0.63%","$65,000","","$65,000","$780,000","$780,000"
"Micheal Spurlock","WR","DET                  DET","29","2013","2013","1","$780,000","$780,000","0.63%","$65,000","","$65,000","",""
"Ramses Barden","WR","NYG                  NYG","26","2013","2013","1","$780,000","$780,000","0.63%","$65,000","","$65,000","",""
"Deonte Thompson","WR","BUF                  BUF","27","2017","2017","1","$775,000","$775,000","0.46%","","","","$501,471","$501,471"
"Jeremy Kerley","WR","NYJ                  NYJ","28","2017","2017","1","$775,000","$775,000","0.46%","","","","$592,647","$592,647"
"T.J. Graham","WR","CAR                  CAR","27","2017","2017","1","$775,000","$775,000","0.46%","","","","$775,000","$775,000"
"Griff Whalen","WR","BAL                  BAL","26","2017","2017","1","$775,000","$775,000","0.46%","","","","$501,468","$501,468"
"Marquess Wilson","WR","NYJ                  NYJ","24","2017","2017","1","$775,000","$775,000","0.46%","","","","$775,000","$775,000"
"Rod Streater","WR","BUF                  BUF","28","2017","2017","1","$775,000","$775,000","0.46%","","","","$775,000","$775,000"
"Josh Bellamy","WR","CHI                  CHI","27","2017","2017","1","$775,000","$775,000","0.46%","","","","$775,000","$775,000"
"Jeremy Ross","WR","ARI                  ARI","28","2017","2017","1","$775,000","$775,000","0.46%","","","","$775,000","$775,000"
"Rueben Randle","WR","CHI                  CHI","25","2017","2017","1","$775,000","$775,000","0.46%","","","","$775,000","$775,000"
"Julian Edelman","WR","NE                  NE","26","2013","2013","1","$765,000","$765,000","0.62%","","","","$765,000","$765,000"
"Chaz Schilens","WR","NYJ                  NYJ","26","2012","2012","1","$765,000","$765,000","0.63%","$65,000","","$500,000","$765,000","$765,000"
"Derek Hagan","WR","BUF                  BUF","27","2012","2012","1","$765,000","$765,000","0.63%","$50,000","","","",""
"Damian Williams","WR","MIA                  MIA","25","2014","2014","1","$760,000","$760,000","0.57%","$30,000","","$30,000","$760,000","$760,000"
"Bryan Walters","WR","JAX                  JAX","28","2016","2016","1","$760,000","$760,000","0.49%","","","","$625,882","$625,882"
"Brandon Tate","WR","BUF                  BUF","28","2016","2016","1","$760,000","$760,000","0.49%","","","","$760,000","$760,000"
"Marc Mariani","WR","TEN                  TEN","28","2016","2016","1","$760,000","$760,000","0.49%","","","","$760,000","$760,000"
"Arrelious Benn","WR","JAX                  JAX","27","2016","2016","1","$760,000","$760,000","0.49%","","","","$760,000","$760,000"
"Kyle Williams","WR","NYJ                  NYJ","27","2016","2016","1","$760,000","$760,000","0.49%","","","","$760,000","$760,000"
"Andre Roberts","WR","DET                  DET","27","2016","2016","1","$760,000","$760,000","0.49%","","","","$760,000","$760,000"
"Vincent Brown","WR","NO                  NO","27","2016","2016","1","$760,000","$760,000","0.49%","","","","$760,000","$760,000"
"Mike Williams","WR","KC                  KC","28","2016","2016","1","$760,000","$760,000","0.49%","","","","$760,000","$760,000"
"Josh Bellamy","WR","CHI                  CHI","26","2016","2016","1","$760,000","$760,000","0.49%","","","","$760,000","$760,000"
"Greg Little","WR","BUF                  BUF","26","2016","2016","1","$760,000","$760,000","0.49%","","","","$760,000","$760,000"
"T.J. Houshmandzadeh","WR","BAL                  BAL","32","2010","2010","1","$755,000","$755,000","","","","","$755,000","$755,000"
"Brian Finneran","WR","ATL                  ATL","33","2010","2010","1","$755,000","$755,000","","","","","$755,000","$755,000"
"Hakeem Nicks","WR","NYG                  NYG","26","2015","2015","1","$745,000","$745,000","0.52%","","","","$337,845","$337,845"
"David Nelson","WR","PIT                  PIT","28","2015","2015","1","$745,000","$745,000","0.52%","","","","$745,000","$745,000"
"Kris Durham","WR","OAK                  OAK","26","2015","2015","1","$745,000","$745,000","0.52%","","","","$745,000","$745,000"
"Greg Salas","WR","BUF                  BUF","26","2015","2015","1","$745,000","$745,000","0.52%","","","","$87,647","$87,647"
"Austin Pettis","WR","SD                  SD","26","2015","2015","1","$745,000","$745,000","0.52%","","","","$745,000","$745,000"
"Kyle Williams","WR","DEN                  DEN","26","2015","2015","1","$745,000","$745,000","0.52%","","","","$348,000","$348,000"
"Damian Williams","WR","STL                  STL","26","2015","2015","1","$745,000","$745,000","0.52%","","","","$745,000","$745,000"
"Kyle Williams","WR","KC                  KC","25","2014","2014","1","$740,000","$740,000","0.56%","","","","$740,000","$740,000"
"Jacoby Ford","WR","NYJ                  NYJ","26","2014","2014","1","$740,000","$740,000","0.56%","$65,000","","$65,000","$740,000","$740,000"
"Stephen Williams","WR","ARI                  ARI","23","2010","2011","2","$737,000","$368,500","","$12,000","","$12,000","$782,000","$782,000"
"Maurice Stovall","WR","DET                  DET","25","2011","2011","1","$735,000","$735,000","0.61%","$50,000","$50,000","$50,000","$735,000","$735,000"
"Seyi Ajirotutu","WR","SD                  SD","22","2010","2011","2","$732,500","$366,250","","$7,500","$7,500","$7,500","$732,500","$732,500"
"Richard Goodman","WR","SD                  SD","22","2010","2011","2","$732,500","$366,250","","$7,500","","","",""
"Damian Williams","WR","STL                  STL","25","2014","2014","1","$730,000","$730,000","0.55%","","","","$386,470","$386,470"
"Kevin Ogletree","WR","NYG                  NYG","26","2014","2014","1","$730,000","$730,000","0.55%","","","","$472,352","$472,352"
"Damian Williams","WR","MIA                  MIA","25","2014","2014","1","$730,000","$730,000","0.55%","","","","$515,294","$515,294"
"Louis Murphy","WR","TB                  TB","26","2014","2014","1","$730,000","$730,000","0.55%","","","","$601,176","$601,176"
"Eric Weems","WR","ATL                  ATL","28","2014","2014","1","$730,000","$730,000","0.55%","","","","$730,000","$730,000"
"Ramses Barden","WR","JAX                  JAX","27","2014","2014","1","$730,000","$730,000","0.55%","","","","$730,000","$730,000"
"Marlon Moore","WR","CLE                  CLE","26","2014","2014","1","$730,000","$730,000","0.55%","","","","$687,059","$687,059"
"Micheal Spurlock","WR","CHI                  CHI","30","2014","2014","1","$730,000","$730,000","0.55%","","","","$730,000","$730,000"
"Armanti Edwards","WR","CHI                  CHI","25","2014","2014","1","$730,000","$730,000","0.55%","","","","$730,000","$730,000"
"Lavelle Hawkins","WR","TB                  TB","27","2014","2014","1","$730,000","$730,000","0.55%","","","","$730,000","$730,000"
"Earl Bennett","WR","CLE                  CLE","26","2014","2014","1","$730,000","$730,000","0.55%","","","","$730,000","$730,000"
"Brian Robiskie","WR","TEN                  TEN","26","2014","2014","1","$730,000","$730,000","0.55%","","","","$730,000","$730,000"
"Josh Morgan","WR","CHI                  CHI","28","2014","2014","1","$730,000","$730,000","0.55%","","","","$825,328","$825,328"
"David Reed","WR","SF                  SF","26","2014","2014","1","$730,000","$730,000","0.55%","","","","$730,000","$730,000"
"Mike Thomas","WR","HOU                  HOU","26","2014","2014","1","$730,000","$730,000","0.55%","","","","$730,000","$730,000"
"Max Komar","WR","ARI                  ARI","22","2010","2011","2","$728,000","$364,000","","$3,000","","","",""
"Bryan Walters","WR","SD                  SD","22","2010","2011","2","$725,500","$362,750","","$500","$500","$500","$725,500","$725,500"
"Jordan Taylor","WR","MIN                  MIN","26","2019","2019","1","$725,000","$725,000","0.39%","","","","$720,000","$720,000"
"Manuel Johnson","WR","DAL                  DAL","23","2010","2011","2","$725,000","$362,500","","","","","",""
"Dominique Curry","WR","STL                  STL","21","2010","2011","2","$725,000","$362,500","","","","","$675,000","$675,000"
"Preston Parker","WR","TB                  TB","22","2010","2011","2","$725,000","$362,500","","","","","$725,000","$725,000"
"Britt Davis","WR","DEN                  DEN","23","2010","2011","2","$725,000","$362,500","","","","","",""
"Jordan Norwood","WR","CLE                  CLE","23","2010","2011","2","$725,000","$362,500","","","","","$544,117","$544,117"
"Darius Jennings","WR","TEN                  TEN","26","2019","2019","1","$720,000","$720,000","0.38%","","","","$42,352","$42,352"
"Pharoh Cooper","WR","ARI                  ARI","23","2019","2019","1","$720,000","$720,000","0.38%","","","","$664,626","$664,626"
"Laquon Treadwell","WR","MIN                  MIN","23","2019","2019","1","$720,000","$720,000","0.38%","","","","$592,941","$592,941"
"Josh Doctson","WR","MIN                  MIN","26","2019","2019","1","$720,000","$720,000","0.38%","","","","$576,000","$576,000"
"Tanner McEvoy","WR","TEN                  TEN","25","2019","2019","1","$720,000","$720,000","0.38%","","","","$720,000","$720,000"
"Damiere Byrd","WR","ARI                  ARI","25","2019","2019","1","$720,000","$720,000","0.38%","","","","$857,983","$857,983"
"Corey Coleman","WR","NYG                  NYG","24","2019","2019","1","$720,000","$720,000","0.38%","","","","$720,000","$720,000"
"Jaelen Strong","WR","CLE                  CLE","24","2019","2019","1","$720,000","$720,000","0.38%","","","","$720,000","$720,000"
"Tre McBride","WR","JAX                  JAX","26","2019","2019","1","$720,000","$720,000","0.38%","","","","$720,000","$720,000"
"Kaelin Clay","WR","BUF                  BUF","25","2018","2018","1","$720,000","$720,000","0.41%","$90,000","$90,000","$90,000","$434,824","$434,824"
"Anthony Gonzalez","WR","NE                  NE","27","2012","2012","1","$716,000","$716,000","0.59%","","","","$716,000","$716,000"
"Micheal Spurlock","WR","DAL                  DAL","29","2013","2013","1","$715,000","$715,000","0.58%","","","","$32,647","$32,647"
"Kevin Ogletree","WR","DET                  DET","25","2013","2013","1","$715,000","$715,000","0.58%","","","","$546,765","$546,765"
"Austin Collie","WR","NE                  NE","27","2013","2013","1","$715,000","$715,000","0.58%","","","","",""
"Lavelle Hawkins","WR","SD                  SD","26","2013","2013","1","$715,000","$715,000","0.58%","","","","$546,765","$546,765"
"Robert Meachem","WR","NO                  NO","28","2013","2013","1","$715,000","$715,000","0.58%","","","","$715,000","$715,000"
"Mohamed Massaquoi","WR","NYJ                  NYJ","26","2013","2013","1","$715,000","$715,000","0.58%","","","","$715,000","$715,000"
"Steve Breaston","WR","NO                  NO","29","2013","2013","1","$715,000","$715,000","0.58%","","","","",""
"Lavelle Hawkins","WR","SF                  SF","26","2013","2013","1","$715,000","$715,000","0.58%","","","","",""
"Austin Collie","WR","SF                  SF","27","2013","2013","1","$715,000","$715,000","0.58%","","","","",""
"Early Doucet","WR","SEA                  SEA","27","2013","2013","1","$715,000","$715,000","0.58%","","","","",""
"Devin Aromashodu","WR","CHI                  CHI","28","2013","2013","1","$715,000","$715,000","0.58%","","","","",""
"Matt Willis","WR","DET                  DET","28","2013","2013","1","$715,000","$715,000","0.58%","","","","",""
"Ben Obomanu","WR","NYJ                  NYJ","29","2013","2013","1","$715,000","$715,000","0.58%","","","","",""
"Brian Robiskie","WR","ATL                  ATL","25","2013","2013","1","$715,000","$715,000","0.58%","","","","",""
"Eron Riley","WR","NYJ                  NYJ","23","2011","2012","2","$707,647","$353,824","0.29%","","","","",""
"Quan Bray","WR","BUF                  BUF","24","2018","2018","1","$705,500","$705,500","0.40%","$500","$500","$500","$705,500","$705,500"
"Freddie Martino","WR","TB                  TB","26","2018","2018","1","$705,000","$705,000","0.40%","","","","$497,647","$497,647"
"Rashad Greene","WR","JAX                  JAX","25","2018","2018","1","$705,000","$705,000","0.40%","","","","$456,176","$456,176"
"Breshad Perriman","WR","CLE                  CLE","24","2018","2018","1","$705,000","$705,000","0.40%","","","","$497,647","$497,647"
"Bennie Fowler","WR","NYG                  NYG","26","2018","2018","1","$705,000","$705,000","0.40%","","","","$456,176","$456,176"
"Quan Bray","WR","HOU                  HOU","24","2018","2018","1","$705,000","$705,000","0.40%","","","","$705,000","$705,000"
"Corey Brown","WR","DEN                  DEN","26","2018","2018","1","$705,000","$705,000","0.40%","","","","$705,000","$705,000"
"Josh Huff","WR","NO                  NO","26","2018","2018","1","$705,000","$705,000","0.40%","","","","$622,059","$622,059"
"DeVier Posey","WR","BAL                  BAL","27","2018","2018","1","$705,000","$705,000","0.40%","","","","$705,000","$705,000"
"Tre McBride","WR","NYJ                  NYJ","25","2018","2018","1","$705,000","$705,000","0.40%","","","","$705,000","$705,000"
"Jarrett Boykin","WR","CAR                  CAR","25","2015","2015","1","$700,000","$700,000","0.49%","$20,000","$20,000","$20,000","$700,000","$700,000"
"Micheal Spurlock","WR","JAX                  JAX","28","2012","2012","1","$700,000","$700,000","0.58%","","","","$700,000","$700,000"
"Jason Hill","WR","NYJ                  NYJ","26","2012","2012","1","$700,000","$700,000","0.58%","","","","",""
"Derek Hagan","WR","OAK                  OAK","27","2012","2012","1","$700,000","$700,000","0.58%","","","","",""
"Greg Camarillo","WR","NO                  NO","29","2012","2012","1","$700,000","$700,000","0.58%","","","","",""
"Demetrius Williams","WR","JAX                  JAX","28","2012","2012","1","$700,000","$700,000","0.58%","","","","",""
"Wallace Wright","WR","TB                  TB","27","2012","2012","1","$700,000","$700,000","0.58%","","","","",""
"Courtney Roby","WR","NO                  NO","28","2012","2012","1","$700,000","$700,000","0.58%","","","","$700,000","$700,000"
"Roscoe Parrish","WR","SD                  SD","29","2012","2012","1","$700,000","$700,000","0.58%","","","","$700,000","$700,000"
"David Clowney","WR","BUF                  BUF","26","2012","2012","1","$700,000","$700,000","0.58%","","","","$700,000","$700,000"
"Ruvell Martin","WR","BUF                  BUF","29","2012","2012","1","$700,000","$700,000","0.58%","","","","$700,000","$700,000"
"Jason Hill","WR","DEN                  DEN","26","2012","2012","1","$700,000","$700,000","0.58%","","","","",""
"Legedu Naanee","WR","MIA                  MIA","28","2012","2012","1","$700,000","$700,000","0.58%","","","","",""
"Terrance Copper","WR","KC                  KC","27","2010","2010","1","$700,000","$700,000","","","","","",""
"Micheal Spurlock","WR","SD                  SD","28","2012","2012","1","$700,000","$700,000","0.58%","","","","",""
"Kenbrell Thompkins","WR","NYJ                  NYJ","28","2017","2017","1","$690,000","$690,000","0.41%","","","","$690,000","$690,000"
"Devin Street","WR","NYJ                  NYJ","25","2017","2017","1","$690,000","$690,000","0.41%","","","","$690,000","$690,000"
"Corey Brown","WR","BUF                  BUF","25","2017","2017","1","$690,000","$690,000","0.41%","","","","$527,644","$527,644"
"TJ Jones","WR","DET                  DET","24","2017","2017","1","$690,000","$690,000","0.41%","","","","$690,000","$690,000"
"Brenton Bersin","WR","CAR                  CAR","26","2017","2017","1","$690,000","$690,000","0.41%","","","","$365,292","$365,292"
"Legedu Naanee","WR","CAR                  CAR","27","2011","2011","1","$685,000","$685,000","0.57%","","","","$685,000","$685,000"
"Ruvell Martin","WR","BUF                  BUF","28","2011","2011","1","$685,000","$685,000","0.57%","","","","$685,000","$685,000"
"Derek Hagan","WR","BUF                  BUF","26","2011","2011","1","$685,000","$685,000","0.57%","","","","$241,764","$241,764"
"David Anderson","WR","HOU                  HOU","27","2011","2011","1","$685,000","$685,000","0.57%","","","","$322,352","$322,352"
"Devin Aromashodu","WR","MIN                  MIN","26","2011","2011","1","$685,000","$685,000","0.57%","","","","$685,000","$685,000"
"Laurent Robinson","WR","SD                  SD","25","2011","2011","1","$685,000","$685,000","0.57%","$50,000","","","$735,000","$735,000"
"Rashied Davis","WR","DET                  DET","31","2011","2011","1","$685,000","$685,000","0.57%","","","","",""
"Vincent Jackson","WR","SD                  SD","26","2010","2010","1","$682,000","$682,000","","","","","$561,647","$561,647"
"Griff Whalen","WR","NE                  NE","25","2016","2016","1","$675,000","$675,000","0.43%","","","","$158,823","$158,823"
"Jeremy Ross","WR","ARI                  ARI","27","2016","2016","1","$675,000","$675,000","0.43%","","","","$119,117","$119,117"
"Aaron Dobson","WR","DET                  DET","24","2016","2016","1","$675,000","$675,000","0.43%","","","","$555,882","$555,882"
"T.J. Graham","WR","PHI                  PHI","26","2016","2016","1","$675,000","$675,000","0.43%","","","","$675,000","$675,000"
"Griff Whalen","WR","SD                  SD","25","2016","2016","1","$675,000","$675,000","0.43%","","","","$595,590","$595,590"
"Aldrick Robinson","WR","ATL                  ATL","27","2016","2016","1","$675,000","$675,000","0.43%","","","","$675,000","$675,000"
"Jarrett Boykin","WR","BUF                  BUF","26","2016","2016","1","$675,000","$675,000","0.43%","","","","$675,000","$675,000"
"DeVier Posey","WR","DEN                  DEN","25","2016","2016","1","$675,000","$675,000","0.43%","","","","$675,000","$675,000"
"Greg Lewis","WR","MIN                  MIN","29","2010","2010","1","$670,000","$670,000","","","","","",""
"Donnie Avery","WR","IND                  IND","27","2012","2012","1","$665,000","$665,000","0.55%","$50,000","","$50,000","$665,000","$665,000"
"Deonte Thompson","WR","CHI                  CHI","25","2015","2015","1","$660,000","$660,000","0.46%","","","","$326,363","$326,363"
"Marcus Thigpen","WR","BUF                  BUF","28","2015","2015","1","$660,000","$660,000","0.46%","","","","$232,941","$232,941"
"T.J. Graham","WR","NO                  NO","25","2015","2015","1","$660,000","$660,000","0.46%","","","","$349,411","$349,411"
"Denarius Moore","WR","BUF                  BUF","26","2015","2015","1","$660,000","$660,000","0.46%","","","","$504,705","$504,705"
"Ryan Whalen","WR","MIN                  MIN","25","2015","2015","1","$660,000","$660,000","0.46%","","","","$660,000","$660,000"
"Tom Nelson","WR","BAL                  BAL","28","2015","2015","1","$660,000","$660,000","0.46%","","","","$660,000","$660,000"
"A.J.  Jenkins","WR","DAL                  DAL","25","2015","2015","1","$660,000","$660,000","0.46%","","","","$660,000","$660,000"
"Jeff Maehl","WR","PHI                  PHI","25","2015","2015","1","$660,000","$660,000","0.46%","","","","$660,000","$660,000"
"Terrelle Pryor","WR","CLE                  CLE","25","2015","2015","1","$660,000","$660,000","0.46%","","","","$194,117","$194,117"
"Vincent Brown","WR","SD                  SD","26","2015","2015","1","$660,000","$660,000","0.46%","","","","$155,294","$155,294"
"Ricardo Lockette","WR","SEA                  SEA","28","2015","2015","1","$660,000","$660,000","0.46%","","","","$702,812","$702,812"
"Jeremy Ross","WR","OAK                  OAK","26","2015","2015","1","$660,000","$660,000","0.46%","","","","$244,086","$244,086"
"Aldrick Robinson","WR","BAL                  BAL","26","2015","2015","1","$660,000","$660,000","0.46%","","","","$660,000","$660,000"
"Clyde Gates","WR","DAL                  DAL","28","2015","2015","1","$660,000","$660,000","0.46%","","","","$660,000","$660,000"
"Jacoby Ford","WR","TEN                  TEN","27","2015","2015","1","$660,000","$660,000","0.46%","","","","$660,000","$660,000"
"Terrelle Pryor","WR","KC                  KC","25","2015","2015","1","$660,000","$660,000","0.46%","","","","$660,000","$660,000"
"Rashad Ross","WR","CAR                  CAR","28","2019","2019","1","$655,000","$655,000","0.35%","$10,000","$10,000","$10,000","$655,000","$655,000"
"DeAndrew White","WR","CAR                  CAR","33","2019","2019","1","$645,000","$645,000","0.34%","","","","$379,410","$379,410"
"Weslye Saunders","WR","IND                  IND","24","2014","2014","1","$645,000","$645,000","0.48%","","","","$265,558","$265,558"
"Chad Hall","WR","JAX                  JAX","27","2014","2014","1","$645,000","$645,000","0.48%","","","","$645,000","$645,000"
"Tom Nelson","WR","CAR                  CAR","27","2014","2014","1","$645,000","$645,000","0.48%","","","","$645,000","$645,000"
"Arrelious Benn","WR","PHI                  PHI","25","2014","2014","1","$645,000","$645,000","0.48%","","","","$645,000","$645,000"
"Stephen Williams","WR","MIA                  MIA","27","2014","2014","1","$645,000","$645,000","0.48%","","","","$645,000","$645,000"
"Kris Durham","WR","DET                  DET","25","2014","2014","1","$645,000","$645,000","0.48%","","","","$645,000","$645,000"
"Roger Lewis","WR","IND                  IND","25","2019","2019","1","$645,000","$645,000","0.34%","","","","$645,000","$645,000"
"Ricardo Louis","WR","MIA                  MIA","24","2019","2019","1","$645,000","$645,000","0.34%","","","","$408,000","$408,000"
"Jojo Natson","WR","LAR                  LAR","24","2019","2019","1","$645,000","$645,000","0.34%","","","","$645,000","$645,000"
"David Moore","WR","SEA                  SEA","23","2019","2019","1","$645,000","$645,000","0.34%","","","","$645,000","$645,000"
"Marcus Johnson","WR","IND                  IND","24","2019","2019","1","$645,000","$645,000","0.34%","","","","$303,528","$303,528"
"Braxton Miller","WR","CLE                  CLE","26","2019","2019","1","$645,000","$645,000","0.34%","","","","$645,000","$645,000"
"Vince Mayle","WR","LAC                  LAC","27","2019","2019","1","$645,000","$645,000","0.34%","","","","$408,000","$408,000"
"Brittan Golden","WR","NYG                  NYG","30","2019","2019","1","$645,000","$645,000","0.34%","","","","$408,000","$408,000"
"Kevin Ogletree","WR","DAL                  DAL","24","2012","2012","1","$640,000","$640,000","0.53%","","","","$640,000","$640,000"
"Jerheme Urban","WR","KC                  KC","30","2011","2011","1","$640,000","$640,000","0.53%","","","","",""
"Brandon Jones","WR","BAL                  BAL","28","2011","2011","1","$640,000","$640,000","0.53%","","","","",""
"Demetrius Williams","WR","CLE                  CLE","27","2011","2011","1","$640,000","$640,000","0.53%","","","","",""
"Jerheme Urban","WR","KC                  KC","29","2010","2010","1","$640,000","$640,000","","","","","",""
"Lestar Jean","WR","MIN                  MIN","25","2014","2014","1","$635,000","$635,000","0.48%","$10,000","","$10,000","$635,000","$635,000"
"Ernest Wilford","WR","JAX                  JAX","30","2010","2010","1","$630,000","$630,000","","","","","$111,176","$111,176"
"Rashad Ross","WR","ARI                  ARI","27","2018","2018","1","$630,000","$630,000","0.36%","","","","$630,000","$630,000"
"Jalin Marshall","WR","NYJ                  NYJ","22","2018","2018","1","$630,000","$630,000","0.36%","","","","$630,000","$630,000"
"Johnny Holton","WR","OAK                  OAK","26","2018","2018","1","$630,000","$630,000","0.36%","","","","$222,352","$222,352"
"Leonte Carroo","WR","MIA                  MIA","23","2018","2018","1","$630,000","$630,000","0.36%","","","","$370,588","$370,588"
"Corey Coleman","WR","NYG                  NYG","23","2018","2018","1","$630,000","$630,000","0.36%","","","","$370,588","$370,588"
"Tanner McEvoy","WR","NO                  NO","24","2018","2018","1","$630,000","$630,000","0.36%","","","","$630,000","$630,000"
"Cobi Hamilton","WR","IND                  IND","27","2018","2018","1","$630,000","$630,000","0.36%","","","","$630,000","$630,000"
"Matt Hazel","WR","IND                  IND","25","2018","2018","1","$630,000","$630,000","0.36%","","","","$630,000","$630,000"
"Eli Rogers","WR","PIT                  PIT","25","2018","2018","1","$630,000","$630,000","0.36%","","","","$411,706","$411,706"
"Vince Mayle","WR","BAL                  BAL","26","2018","2018","1","$630,000","$630,000","0.36%","","","","$630,000","$630,000"
"Geronimo Allison","WR","GB                  GB","23","2018","2018","1","$630,000","$630,000","0.36%","","","","$630,000","$630,000"
"Jordan Taylor","WR","DEN                  DEN","25","2018","2018","1","$630,000","$630,000","0.36%","","","","$630,000","$630,000"
"Damiere Byrd","WR","CAR                  CAR","24","2018","2018","1","$630,000","$630,000","0.36%","","","","$630,000","$630,000"
"Brett Swain","WR","SEA                  SEA","27","2013","2013","1","$630,000","$630,000","0.51%","","","","",""
"Anthony Armstrong","WR","DAL                  DAL","29","2013","2013","1","$630,000","$630,000","0.51%","","","","",""
"Jordan Norwood","WR","CLE                  CLE","26","2013","2013","1","$630,000","$630,000","0.51%","","","","",""
"Marlon Moore","WR","SF                  SF","25","2013","2013","1","$630,000","$630,000","0.51%","","","","$296,470","$296,470"
"Richard Goodman","WR","SD                  SD","25","2013","2013","1","$630,000","$630,000","0.51%","","","","",""
"Tom Nelson","WR","CHI                  CHI","26","2013","2013","1","$630,000","$630,000","0.51%","","","","",""
"Matt Jones","WR","CIN                  CIN","26","2010","2010","1","$630,000","$630,000","","","","","",""
"Ruvell Martin","WR","SEA                  SEA","27","2010","2010","1","$630,000","$630,000","","","","","$630,000","$630,000"
"Armanti Edwards","WR","CAR                  CAR","24","2013","2013","1","$630,000","$630,000","0.51%","","","","",""
"Seyi Ajirotutu","WR","SD                  SD","25","2013","2013","1","$630,000","$630,000","0.51%","","","","$630,000","$630,000"
"Jeremy Butler","WR","BUF                  BUF","25","2017","2017","1","$625,000","$625,000","0.37%","","","","$388,000","$388,000"
"Deon Butler","WR","SEA                  SEA","25","2012","2012","1","$615,000","$615,000","0.51%","","","","$615,000","$615,000"
"Quan Cosby","WR","JAX                  JAX","29","2012","2012","1","$615,000","$615,000","0.51%","","","","",""
"Brett Swain","WR","SF                  SF","26","2012","2012","1","$615,000","$615,000","0.51%","","","","",""
"Jaymar Johnson","WR","ARI                  ARI","27","2012","2012","1","$615,000","$615,000","0.51%","","","","",""
"Domenik Hixon","WR","NYG                  NYG","27","2012","2012","1","$615,000","$615,000","0.51%","","","","$615,000","$615,000"
"Geremy Davis","WR","LAC                  LAC","24","2017","2017","1","$615,000","$615,000","0.37%","","","","$361,764","$361,764"
"Tre McBride","WR","CHI                  CHI","24","2017","2017","1","$615,000","$615,000","0.37%","","","","$470,294","$470,294"
"Bruce Ellington","WR","HOU                  HOU","25","2017","2017","1","$615,000","$615,000","0.37%","","","","$615,000","$615,000"
"Chris Harper","WR","NYJ                  NYJ","23","2017","2017","1","$615,000","$615,000","0.37%","","","","$615,000","$615,000"
"Isaiah Burse","WR","LAC                  LAC","25","2017","2017","1","$615,000","$615,000","0.37%","","","","$615,000","$615,000"
"Bennie Fowler","WR","DEN                  DEN","25","2017","2017","1","$615,000","$615,000","0.37%","","","","$615,000","$615,000"
"Willie Snead","WR","NO                  NO","24","2017","2017","1","$615,000","$615,000","0.37%","","","","$506,470","$506,470"
"Adam Humphries","WR","TB                  TB","23","2017","2017","1","$615,000","$615,000","0.37%","","","","$615,000","$615,000"
"B.J. Daniels","WR","ATL                  ATL","27","2017","2017","1","$615,000","$615,000","0.37%","","","","$615,000","$615,000"
"Frankie Hammond","WR","NYJ                  NYJ","26","2017","2017","1","$615,000","$615,000","0.37%","","","","$615,000","$615,000"
"Rashad Ross","WR","BUF                  BUF","26","2017","2017","1","$615,000","$615,000","0.37%","","","","$615,000","$615,000"
"Rodney Smith","WR","SEA                  SEA","26","2017","2017","1","$615,000","$615,000","0.37%","","","","$615,000","$615,000"
"Seantavius Jones","WR","KC                  KC","24","2017","2017","1","$615,000","$615,000","0.37%","","","","$615,000","$615,000"
"Kevin Norwood","WR","NYG                  NYG","27","2017","2017","1","$615,000","$615,000","0.37%","","","","$378,000","$378,000"
"Jared Abbrederis","WR","DET                  DET","26","2017","2017","1","$615,000","$615,000","0.37%","","","","$615,000","$615,000"
"Aaron Dobson","WR","ARI                  ARI","25","2017","2017","1","$615,000","$615,000","0.37%","","","","$615,000","$615,000"
"Marc Mariani","WR","TEN                  TEN","26","2014","2014","1","$610,000","$610,000","0.46%","","","","$610,000","$610,000"
"Michael Campanaro","WR","BAL                  BAL","24","2016","2016","1","$600,000","$600,000","0.39%","","","","$105,882","$105,882"
"TJ Jones","WR","DET                  DET","23","2016","2016","1","$600,000","$600,000","0.39%","","","","$176,470","$176,470"
"Isaiah Burse","WR","SD                  SD","24","2016","2016","1","$600,000","$600,000","0.39%","","","","$317,647","$317,647"
"B.J. Daniels","WR","CHI                  CHI","26","2016","2016","1","$600,000","$600,000","0.39%","","","","$600,000","$600,000"
"Laron Byrd","WR","CAR                  CAR","26","2016","2016","1","$600,000","$600,000","0.39%","","","","$363,000","$363,000"
"Brenton Bersin","WR","CAR                  CAR","25","2016","2016","1","$600,000","$600,000","0.39%","","","","$458,822","$458,822"
"Dontrelle Inman","WR","SD                  SD","26","2016","2016","1","$600,000","$600,000","0.39%","","","","$600,000","$600,000"
"Stephen Hill","WR","CAR                  CAR","24","2016","2016","1","$600,000","$600,000","0.39%","","","","$600,000","$600,000"
"Adam Thielen","WR","MIN                  MIN","25","2016","2016","1","$600,000","$600,000","0.39%","","","","$939,639","$939,639"
"Myles White","WR","NYG                  NYG","25","2016","2016","1","$600,000","$600,000","0.39%","","","","$600,000","$600,000"
"Seantavius Jones","WR","KC                  KC","23","2016","2016","1","$600,000","$600,000","0.39%","","","","$600,000","$600,000"
"Joseph Anderson","WR","NYJ                  NYJ","27","2016","2016","1","$600,000","$600,000","0.39%","","","","$600,000","$600,000"
"Nick Toon","WR","STL                  STL","26","2015","2016","1","$600,000","$600,000","0.42%","","","","$637,094","$637,094"
"Marcus Smith","WR","BAL                  BAL","25","2011","2011","1","$600,000","$600,000","0.50%","","","","$600,000","$600,000"
"Joseph Morgan","WR","NO                  NO","26","2015","2015","1","$600,000","$600,000","0.42%","$15,000","$15,000","$15,000","$600,000","$600,000"
"Brenton Bersin","WR","CAR                  CAR","24","2015","2015","1","$600,000","$600,000","0.42%","","","","$600,000","$600,000"
"Stephen Hill","WR","CAR                  CAR","23","2015","2015","1","$594,500","$594,500","0.41%","$9,500","$9,500","$9,500","$559,529","$559,529"
"Saalim Hakim","WR","KC                  KC","24","2015","2015","1","$585,000","$585,000","0.41%","","","","$275,294","$275,294"
"Joseph Morgan","WR","BAL                  BAL","26","2015","2015","1","$585,000","$585,000","0.41%","","","","$309,705","$309,705"
"Kenbrell Thompkins","WR","NYJ                  NYJ","26","2015","2015","1","$585,000","$585,000","0.41%","","","","$473,573","$473,573"
"Laron Byrd","WR","MIA                  MIA","25","2015","2015","1","$585,000","$585,000","0.41%","","","","$585,000","$585,000"
"Kamar Aiken","WR","BAL                  BAL","25","2015","2015","1","$585,000","$585,000","0.41%","","","","$784,880","$784,880"
"Junior Hemingway","WR","KC                  KC","26","2015","2015","1","$585,000","$585,000","0.41%","","","","$585,000","$585,000"
"Chris Hogan","WR","BUF                  BUF","27","2015","2015","1","$585,000","$585,000","0.41%","","","","$789,819","$789,819"
"Michael Preston","WR","MIA                  MIA","25","2015","2015","1","$585,000","$585,000","0.41%","","","","$585,000","$585,000"
"Mike Brown","WR","CAR                  CAR","25","2015","2015","1","$585,000","$585,000","0.41%","","","","$585,000","$585,000"
"Kevin Cone","WR","CLE                  CLE","26","2015","2015","1","$585,000","$585,000","0.41%","","","","$585,000","$585,000"
"David Nelson","WR","CLE                  CLE","26","2013","2013","1","$580,000","$580,000","0.47%","$25,000","","$25,000","$580,000","$580,000"
"Isaiah Ford","WR","MIA                  MIA","22","2019","2019","1","$570,000","$570,000","0.30%","","","","$167,647","$167,647"
"Jordan Lasley","WR","DET                  DET","22","2019","2019","1","$570,000","$570,000","0.30%","","","","$570,000","$570,000"
"Quadree Henderson","WR","JAX                  JAX","22","2019","2019","1","$570,000","$570,000","0.30%","","","","$570,000","$570,000"
"Chris Thompson","WR","SF                  SF","24","2019","2019","1","$570,000","$570,000","0.30%","","","","$570,000","$570,000"
"Quincy Adeboyejo","WR","NYJ                  NYJ","23","2019","2019","1","$570,000","$570,000","0.30%","","","","$570,000","$570,000"
"Montay Crockett","WR","OAK                  OAK","25","2019","2019","1","$570,000","$570,000","0.30%","","","","$570,000","$570,000"
"Jalen Tolliver","WR","KC                  KC","23","2019","2019","1","$570,000","$570,000","0.30%","","","","$570,000","$570,000"
"Marcus Kemp","WR","KC                  KC","23","2019","2019","1","$570,000","$570,000","0.30%","","","","$570,000","$570,000"
"Khadarel Hodge","WR","LAR                  LAR","23","2019","2019","1","$570,000","$570,000","0.30%","","","","$570,000","$570,000"
"Deandre Carter","WR","HOU                  HOU","25","2019","2019","1","$570,000","$570,000","0.30%","","","","$570,000","$570,000"
"Jake Kumerow","WR","GB                  GB","26","2019","2019","1","$570,000","$570,000","0.30%","","","","$570,000","$570,000"
"Tim Patrick","WR","DEN                  DEN","25","2019","2019","1","$570,000","$570,000","0.30%","","","","$570,000","$570,000"
"Aaron Burbridge","WR","DEN                  DEN","25","2019","2019","1","$570,000","$570,000","0.30%","","","","$570,000","$570,000"
"Keenan Reynolds","WR","SEA                  SEA","24","2019","2019","1","$570,000","$570,000","0.30%","","","","$570,000","$570,000"
"Bryan Walters","WR","SEA                  SEA","26","2014","2014","1","$570,000","$570,000","0.43%","","","","$570,000","$570,000"
"Naaman Roosevelt","WR","BUF                  BUF","26","2014","2014","1","$570,000","$570,000","0.43%","","","","$570,000","$570,000"
"David Gettis","WR","TB                  TB","26","2014","2014","1","$570,000","$570,000","0.43%","","","","$570,000","$570,000"
"Josh Cooper","WR","MIN                  MIN","24","2014","2014","1","$570,000","$570,000","0.43%","","","","$570,000","$570,000"
"Naaman Roosevelt","WR","DET                  DET","26","2014","2014","1","$570,000","$570,000","0.43%","","","","$570,000","$570,000"
"LaQuan Williams","WR","BAL                  BAL","25","2014","2014","1","$570,000","$570,000","0.43%","","","","$570,000","$570,000"
"Kevin Cone","WR","MIA                  MIA","25","2014","2014","1","$570,000","$570,000","0.43%","","","","$570,000","$570,000"
"Taylor Price","WR","SEA                  SEA","26","2014","2014","1","$570,000","$570,000","0.43%","","","","$570,000","$570,000"
"Jeremy Ross","WR","DET                  DET","25","2014","2014","1","$570,000","$570,000","0.43%","","","","$767,654","$767,654"
"Aldrick Robinson","WR","WAS                  WAS","25","2014","2014","1","$570,000","$570,000","0.43%","","","","$570,000","$570,000"
"David Gettis","WR","WAS                  WAS","26","2014","2014","1","$570,000","$570,000","0.43%","","","","$570,000","$570,000"
"Jaymar Johnson","WR","ARI                  ARI","26","2011","2011","1","$555,000","$555,000","0.46%","","","","$163,235","$163,235"
"Jarett Dillard","WR","ARI                  ARI","27","2013","2013","1","$555,000","$555,000","0.45%","","","","",""
"Kris Durham","WR","DET                  DET","24","2013","2013","1","$555,000","$555,000","0.45%","","","","$555,000","$555,000"
"Andrew Hawkins","WR","CIN                  CIN","26","2013","2013","1","$555,000","$555,000","0.45%","","","","$555,000","$555,000"
"Mardy Gilyard","WR","KC                  KC","26","2013","2013","1","$555,000","$555,000","0.45%","","","","",""
"Preston Parker","WR","NO                  NO","25","2013","2013","1","$555,000","$555,000","0.45%","","","","$555,000","$555,000"
"Paul Turner","WR","NE                  NE","24","2018","2018","1","$555,000","$555,000","0.31%","","","","$555,000","$555,000"
"Carlton Agudosi","WR","ARI                  ARI","23","2018","2018","1","$555,000","$555,000","0.31%","","","","$555,000","$555,000"
"Demarcus Ayers","WR","CHI                  CHI","23","2018","2018","1","$555,000","$555,000","0.31%","","","","$555,000","$555,000"
"Daniel Williams","WR","WAS                  WAS","","2018","2018","1","$555,000","$555,000","0.31%","","","","$555,000","$555,000"
"Kasen Williams","WR","IND                  IND","25","2018","2018","1","$555,000","$555,000","0.31%","","","","$555,000","$555,000"
"Tanner Gentry","WR","CHI                  CHI","23","2018","2018","1","$555,000","$555,000","0.31%","","","","$555,000","$555,000"
"Chad Hall","WR","KC                  KC","26","2013","2013","1","$555,000","$555,000","0.45%","","","","$555,000","$555,000"
"Tandon Doss","WR","BAL                  BAL","23","2013","2013","1","$555,000","$555,000","0.45%","","","","$522,353","$522,353"
"Dominique Curry","WR","CAR                  CAR","24","2013","2013","1","$555,000","$555,000","0.45%","","","","",""
"Naaman Roosevelt","WR","CLE                  CLE","25","2013","2013","1","$555,000","$555,000","0.45%","","","","",""
"Jeremy Horne","WR","NYG                  NYG","26","2013","2013","1","$555,000","$555,000","0.45%","","","","",""
"Carlton Mitchell","WR","TB                  TB","24","2013","2013","1","$555,000","$555,000","0.45%","","","","",""
"Donteea Dye","WR","TB                  TB","24","2018","2018","1","$555,000","$555,000","0.31%","","","","$555,000","$555,000"
"Josh Crockett","WR","KC                  KC","22","2018","2018","1","$555,000","$555,000","0.31%","","","","$555,000","$555,000"
"Dominique Williams","WR","DET                  DET","27","2018","2018","1","$555,000","$555,000","0.31%","","","","$555,000","$555,000"
"Jojo Natson","WR","LAR                  LAR","23","2018","2018","1","$555,000","$555,000","0.31%","","","","$522,352","$522,352"
"Bernard Reedy","WR","TB                  TB","26","2018","2018","1","$555,000","$555,000","0.31%","","","","$555,000","$555,000"
"Nelson Spruce","WR","LAC                  LAC","25","2018","2018","1","$555,000","$555,000","0.31%","","","","$555,000","$555,000"
"Shane Wynn","WR","JAX                  JAX","25","2018","2018","1","$555,000","$555,000","0.31%","","","","$555,000","$555,000"
"Michael Clark","WR","GB                  GB","22","2018","2018","1","$555,000","$555,000","0.31%","","","","$555,000","$555,000"
"Mike Williams","WR","SEA                  SEA","25","2010","2010","1","$545,000","$545,000","","","","","",""
"Felton Huggins","WR","BUF                  BUF","26","2010","2010","1","$545,000","$545,000","","","","","$320,000","$320,000"
"David Clowney","WR","NYJ                  NYJ","24","2010","2010","1","$545,000","$545,000","","","","","",""
"Darius Powe","WR","NYG                  NYG","22","2017","2018","1","$540,000","$540,000","0.32%","","","","$607,058","$607,058"
"Bryce Treggs","WR","CLE                  CLE","22","2017","2017","1","$540,000","$540,000","0.32%","","","","$412,941","$412,941"
"Marquis Bundy","WR","NYG                  NYG","22","2017","2018","1","$540,000","$540,000","0.32%","","","","$586,765","$586,765"
"Corey Washington","WR","DAL                  DAL","25","2017","2017","1","$540,000","$540,000","0.32%","","","","$363,000","$363,000"
"Javontee Herndon","WR","DAL                  DAL","25","2017","2017","1","$540,000","$540,000","0.32%","","","","$540,000","$540,000"
"Tony Washington","WR","NE                  NE","26","2017","2017","1","$540,000","$540,000","0.32%","","","","$540,000","$540,000"
"Josh Crockett","WR","OAK                  OAK","21","2017","2017","1","$540,000","$540,000","0.32%","","","","$540,000","$540,000"
"Titus Davis","WR","CHI                  CHI","23","2017","2017","1","$540,000","$540,000","0.32%","","","","$540,000","$540,000"
"Kaelin Clay","WR","CAR                  CAR","24","2017","2017","1","$540,000","$540,000","0.32%","","","","$317,650","$317,650"
"Corey Washington","WR","BUF                  BUF","25","2017","2017","1","$540,000","$540,000","0.32%","","","","$540,000","$540,000"
"Jordan Taylor","WR","DEN                  DEN","24","2017","2017","1","$540,000","$540,000","0.32%","","","","$540,000","$540,000"
"Shaquelle Evans","WR","DAL                  DAL","25","2017","2017","1","$540,000","$540,000","0.32%","","","","$412,941","$412,941"
"Andrew Turzilli","WR","NYG                  NYG","25","2017","2017","1","$540,000","$540,000","0.32%","","","","$363,000","$363,000"
"Chris Hubert","WR","ARI                  ARI","23","2017","2017","1","$540,000","$540,000","0.32%","","","","$540,000","$540,000"
"Seyi Ajirotutu","WR","SD                  SD","24","2012","2012","1","$540,000","$540,000","0.45%","","","","$540,000","$540,000"
"Danario Alexander","WR","SD                  SD","23","2012","2012","1","$540,000","$540,000","0.45%","","","","$303,750","$303,750"
"Jesse Holley","WR","NE                  NE","27","2012","2012","1","$540,000","$540,000","0.45%","","","","",""
"Jarett Dillard","WR","DET                  DET","26","2012","2012","1","$540,000","$540,000","0.45%","","","","",""
"Seyi Ajirotutu","WR","CAR                  CAR","24","2012","2012","1","$540,000","$540,000","0.45%","","","","$540,000","$540,000"
"Juaquin Iglesias","WR","HOU                  HOU","24","2012","2012","1","$540,000","$540,000","0.45%","","","","",""
"Dominique Curry","WR","DET                  DET","23","2012","2012","1","$540,000","$540,000","0.45%","","","","",""
"Richard Goodman","WR","SD                  SD","24","2012","2012","1","$540,000","$540,000","0.45%","","","","$270,000","$270,000"
"Derrick Williams","WR","PIT                  PIT","25","2012","2012","1","$540,000","$540,000","0.45%","","","","",""
"Chad Hall","WR","PHI                  PHI","25","2012","2012","1","$540,000","$540,000","0.45%","","","","",""
"Stephen Williams","WR","ARI                  ARI","25","2012","2012","1","$540,000","$540,000","0.45%","","","","$540,000","$540,000"
"Adrian Arrington","WR","NO                  NO","26","2012","2012","1","$540,000","$540,000","0.45%","","","","",""
"Danny Amendola","WR","STL                  STL","25","2011","2011","1","$525,000","$525,000","0.44%","","","","$525,000","$525,000"
"Geremy Davis","WR","SD                  SD","23","2016","2016","1","$525,000","$525,000","0.34%","","","","$247,058","$247,058"
"Jeremy Butler","WR","SD                  SD","24","2016","2016","1","$525,000","$525,000","0.34%","","","","$277,941","$277,941"
"Jarrod West","WR","TEN                  TEN","","2016","2016","1","$525,000","$525,000","0.34%","","","","$525,000","$525,000"
"Uzoma Nwachukwu","WR","SEA                  SEA","25","2016","2016","1","$525,000","$525,000","0.34%","","","","$525,000","$525,000"
"Kadron Boone","WR","NYG                  NYG","24","2016","2016","1","$525,000","$525,000","0.34%","","","","$525,000","$525,000"
"Kaelin Clay","WR","BAL                  BAL","23","2016","2016","1","$525,000","$525,000","0.34%","","","","$525,000","$525,000"
"Bennie Fowler","WR","DEN                  DEN","24","2016","2016","1","$525,000","$525,000","0.34%","","","","$525,000","$525,000"
"Josh Boyce","WR","CLE                  CLE","24","2016","2016","1","$525,000","$525,000","0.34%","","","","$525,000","$525,000"
"Matt Hazel","WR","MIA                  MIA","23","2016","2016","1","$525,000","$525,000","0.34%","","","","$525,000","$525,000"
"Tyler Murphy","WR","MIA                  MIA","23","2016","2016","1","$525,000","$525,000","0.34%","","","","$525,000","$525,000"
"Robert Herron","WR","OAK                  OAK","23","2016","2016","1","$525,000","$525,000","0.34%","","","","$525,000","$525,000"
"Freddie Martino","WR","TB                  TB","24","2016","2016","1","$525,000","$525,000","0.34%","","","","$339,705","$339,705"
"Nathan Palmer","WR","OAK                  OAK","26","2016","2016","1","$525,000","$525,000","0.34%","","","","$525,000","$525,000"
"Chris Matthews","WR","BAL                  BAL","25","2015","2015","1","$510,000","$510,000","0.36%","","","","$120,000","$120,000"
"Jeremy Butler","WR","BAL                  BAL","23","2015","2015","1","$510,000","$510,000","0.36%","","","","$417,069","$417,069"
"Seantavius Jones","WR","NO                  NO","22","2015","2015","1","$510,000","$510,000","0.36%","","","","$510,000","$510,000"
"Greg Jenkins","WR","JAX                  JAX","25","2015","2015","1","$510,000","$510,000","0.36%","","","","$333,000","$333,000"
"Tommy Streeter","WR","MIA                  MIA","25","2015","2015","1","$510,000","$510,000","0.36%","","","","$333,000","$333,000"
"Lance Lewis","WR","NO                  NO","26","2015","2015","1","$510,000","$510,000","0.36%","","","","$510,000","$510,000"
"Justin Brown","WR","BUF                  BUF","23","2015","2015","1","$510,000","$510,000","0.36%","","","","$333,000","$333,000"
"Kerry Taylor","WR","DEN                  DEN","25","2015","2015","1","$510,000","$510,000","0.36%","","","","$510,000","$510,000"
"Myles White","WR","NYG                  NYG","24","2015","2015","1","$510,000","$510,000","0.36%","","","","$438,481","$438,481"
"Nathan Palmer","WR","DEN                  DEN","25","2015","2015","1","$510,000","$510,000","0.36%","","","","$510,000","$510,000"
"Isaiah Burse","WR","DEN                  DEN","23","2015","2015","1","$510,000","$510,000","0.36%","","","","$510,000","$510,000"
"Patrick Turner","WR","NYJ                  NYJ","24","2012","2012","1","$506,471","$506,471","0.42%","","","","",""
"De'Andre Presley","WR","CAR                  CAR","23","2014","2015","1","$503,500","$503,500","0.38%","$8,500","$8,500","$8,500","$1,080,000","$1,080,000"
"Diontae Spencer","WR","PIT                  PIT","26","2019","2019","1","$501,000","$501,000","0.27%","$6,000","$6,000","$6,000","$495,000","$495,000"
"Brandon Jones","WR","SEA                  SEA","27","2010","2010","1","$500,000","$500,000","","","","","$500,000","$500,000"
"Greg Dortch","WR","CAR                  CAR","20","2019","2019","1","$495,000","$495,000","0.26%","","","","$116,470","$116,470"
"Davion Davis","WR","MIN                  MIN","22","2019","2019","1","$495,000","$495,000","0.26%","","","","$291,176","$291,176"
"Tom Kennedy","WR","DET                  DET","22","2019","2019","1","$495,000","$495,000","0.26%","","","","$407,647","$407,647"
"Kahlil Lewis","WR","SEA                  SEA","","2019","2019","1","$495,000","$495,000","0.26%","","","","$495,000","$495,000"
"Nyqwan Murray","WR","SEA                  SEA","21","2019","2019","1","$495,000","$495,000","0.26%","","","","$495,000","$495,000"
"Todd Rahming","WR","MIA                  MIA","21","2019","2019","1","$495,000","$495,000","0.26%","","","","$495,000","$495,000"
"DeAngelo Yancey","WR","TEN                  TEN","24","2019","2019","1","$495,000","$495,000","0.26%","","","","$495,000","$495,000"
"Terrell Sinkfield","WR","NYG                  NYG","28","2019","2019","1","$495,000","$495,000","0.26%","","","","$495,000","$495,000"
"Isaac Zico","WR","ARI                  ARI","22","2019","2019","1","$495,000","$495,000","0.26%","","","","$495,000","$495,000"
"Matt Eaton","WR","TB                  TB","23","2019","2019","1","$495,000","$495,000","0.26%","","","","$495,000","$495,000"
"Malachi Dupre","WR","LAC                  LAC","23","2019","2019","1","$495,000","$495,000","0.26%","","","","$495,000","$495,000"
"Amba Etta-Tawo","WR","NYG                  NYG","25","2019","2019","1","$495,000","$495,000","0.26%","","","","$378,000","$378,000"
"Daniel Williams","WR","SEA                  SEA","","2019","2019","1","$495,000","$495,000","0.26%","","","","$495,000","$495,000"
"Malik Taylor","WR","GB                  GB","23","2019","2019","1","$495,000","$495,000","0.26%","","","","$495,000","$495,000"
"Steven Dunbar","WR","DEN                  DEN","23","2019","2019","1","$495,000","$495,000","0.26%","","","","$495,000","$495,000"
"Bug Howard","WR","DEN                  DEN","24","2019","2019","1","$495,000","$495,000","0.26%","","","","$378,000","$378,000"
"Cyril Grayson","WR","NO                  NO","25","2019","2019","1","$495,000","$495,000","0.26%","","","","$495,000","$495,000"
"Jordan Smallwood","WR","LAC                  LAC","23","2019","2019","1","$495,000","$495,000","0.26%","","","","$495,000","$495,000"
"De'Mornay Pierson-El","WR","OAK                  OAK","23","2019","2019","1","$495,000","$495,000","0.26%","","","","$495,000","$495,000"
"Davon Grayson","WR","KC                  KC","23","2019","2019","1","$495,000","$495,000","0.26%","","","","$378,000","$378,000"
"Artavis Scott","WR","LAC                  LAC","24","2019","2019","1","$495,000","$495,000","0.26%","","","","$495,000","$495,000"
"Damoun Patterson","WR","NE                  NE","24","2019","2019","1","$495,000","$495,000","0.26%","","","","$495,000","$495,000"
"Josh Crockett","WR","KC                  KC","23","2019","2019","1","$495,000","$495,000","0.26%","","","","$495,000","$495,000"
"Justice Liggins","WR","LAC                  LAC","24","2019","2019","1","$495,000","$495,000","0.26%","","","","$495,000","$495,000"
"Bryant Mitchell","WR","TB                  TB","26","2019","2019","1","$495,000","$495,000","0.26%","","","","$378,000","$378,000"
"Caleb Scott","WR","SEA                  SEA","22","2019","2019","1","$495,000","$495,000","0.26%","","","","$495,000","$495,000"
"Ka'Raun White","WR","PIT                  PIT","25","2019","2019","1","$495,000","$495,000","0.26%","","","","$495,000","$495,000"
"Herb Waters","WR","PIT                  PIT","26","2019","2019","1","$495,000","$495,000","0.26%","","","","$378,000","$378,000"
"Trey Griffey","WR","PIT                  PIT","24","2019","2019","1","$495,000","$495,000","0.26%","","","","$495,000","$495,000"
"Teo Redding","WR","GB                  GB","24","2019","2019","1","$495,000","$495,000","0.26%","","","","$495,000","$495,000"
"Andre Levrone","WR","CAR                  CAR","23","2019","2019","1","$495,000","$495,000","0.26%","","","","$495,000","$495,000"
"Saeed Blacknall","WR","OAK                  OAK","22","2019","2019","1","$495,000","$495,000","0.26%","","","","$378,000","$378,000"
"Kerry Taylor","WR","JAX                  JAX","24","2014","2014","1","$495,000","$495,000","0.37%","","","","$436,764","$436,764"
"Brian Tyms","WR","NE                  NE","24","2014","2014","1","$495,000","$495,000","0.37%","","","","$378,529","$378,529"
"Tori Gurley","WR","BUF                  BUF","26","2014","2014","1","$495,000","$495,000","0.37%","","","","$495,000","$495,000"
"David Gilreath","WR","SEA                  SEA","25","2014","2014","1","$495,000","$495,000","0.37%","","","","$318,000","$318,000"
"Joseph Morgan","WR","NO                  NO","25","2014","2014","1","$495,000","$495,000","0.37%","","","","$495,000","$495,000"
"Mike Brown","WR","JAX                  JAX","24","2014","2014","1","$495,000","$495,000","0.37%","","","","$495,000","$495,000"
"Armon Binns","WR","MIA                  MIA","24","2014","2014","1","$495,000","$495,000","0.37%","","","","$495,000","$495,000"
"Justin Veltung","WR","STL                  STL","22","2014","2014","1","$495,000","$495,000","0.37%","","","","$495,000","$495,000"
"Chris Hogan","WR","BUF                  BUF","26","2014","2014","1","$495,000","$495,000","0.37%","","","","$495,000","$495,000"
"Nathan Palmer","WR","DEN                  DEN","24","2014","2014","1","$495,000","$495,000","0.37%","","","","$495,000","$495,000"
"Toney Clemons","WR","CAR                  CAR","25","2014","2014","1","$495,000","$495,000","0.37%","","","","$495,000","$495,000"
"Darius Johnson","WR","ATL                  ATL","21","2014","2014","1","$495,000","$495,000","0.37%","","","","$495,000","$495,000"
"Kamar Aiken","WR","BAL                  BAL","24","2014","2014","1","$495,000","$495,000","0.37%","","","","$627,802","$627,802"
"Michael Campbell","WR","NYJ                  NYJ","24","2014","2014","1","$495,000","$495,000","0.37%","","","","$495,000","$495,000"
"Tim Toone","WR","NO                  NO","27","2013","2013","1","$480,000","$480,000","0.39%","","","","",""
"Demarco Sampson","WR","BUF                  BUF","27","2013","2013","1","$480,000","$480,000","0.39%","","","","",""
"Jordan White","WR","NYJ                  NYJ","24","2013","2013","1","$480,000","$480,000","0.39%","","","","",""
"Emmanuel Arceneaux","WR","NYJ                  NYJ","25","2013","2013","1","$480,000","$480,000","0.39%","","","","",""
"Nate Hughes","WR","DET                  DET","25","2011","2011","1","$480,000","$480,000","0.40%","","","","",""
"James Holt","WR","SD                  SD","24","2011","2011","1","$480,000","$480,000","0.40%","","","","",""
"Nick Miller","WR","OAK                  OAK","23","2011","2011","1","$480,000","$480,000","0.40%","","","","",""
"Kevin Ogletree","WR","DAL                  DAL","23","2011","2011","1","$480,000","$480,000","0.40%","","","","$480,000","$480,000"
"Charly Martin","WR","CAR                  CAR","26","2011","2011","1","$480,000","$480,000","0.40%","","","","",""
"Matt Willis","WR","DEN                  DEN","26","2011","2011","1","$480,000","$480,000","0.40%","","","","",""
"Felton Huggins","WR","BUF                  BUF","27","2011","2011","1","$480,000","$480,000","0.40%","","","","",""
"Justin Thomas","WR","PIT                  PIT","23","2018","2018","1","$480,000","$480,000","0.27%","","","","$480,000","$480,000"
"Jamaal Jones","WR","CAR                  CAR","24","2018","2018","1","$480,000","$480,000","0.27%","","","","$363,000","$363,000"
"Austin Duke","WR","CAR                  CAR","24","2018","2018","1","$480,000","$480,000","0.27%","","","","$480,000","$480,000"
"Rasheed Bailey","WR","CAR                  CAR","24","2018","2018","1","$480,000","$480,000","0.27%","","","","$480,000","$480,000"
"Jake Kumerow","WR","GB                  GB","25","2018","2018","1","$480,000","$480,000","0.27%","","","","$397,399","$397,399"
"DeAngelo Yancey","WR","GB                  GB","23","2018","2018","1","$480,000","$480,000","0.27%","","","","$480,000","$480,000"
"Andre Patton","WR","LAC                  LAC","23","2018","2018","1","$480,000","$480,000","0.27%","","","","$480,000","$480,000"
"Artavis Scott","WR","LAC                  LAC","23","2018","2018","1","$480,000","$480,000","0.27%","","","","$363,000","$363,000"
"Cyril Grayson","WR","SEA                  SEA","24","2018","2018","1","$480,000","$480,000","0.27%","","","","$480,000","$480,000"
"Damore'ea Stringfellow","WR","SEA                  SEA","23","2018","2018","1","$480,000","$480,000","0.27%","","","","$480,000","$480,000"
"Deandre Carter","WR","PHI                  PHI","24","2018","2018","1","$480,000","$480,000","0.27%","","","","$225,880","$225,880"
"Canaan Severin","WR","NYG                  NYG","24","2018","2018","1","$480,000","$480,000","0.27%","","","","$480,000","$480,000"
"Amba Etta-Tawo","WR","NYG                  NYG","24","2018","2018","1","$480,000","$480,000","0.27%","","","","$480,000","$480,000"
"Tim Patrick","WR","DEN                  DEN","24","2018","2018","1","$480,000","$480,000","0.27%","","","","$717,111","$717,111"
"Jordan Leslie","WR","DEN                  DEN","26","2018","2018","1","$480,000","$480,000","0.27%","","","","$480,000","$480,000"
"Saeed Blacknall","WR","OAK                  OAK","21","2018","2018","1","$480,000","$480,000","0.27%","","","","$197,645","$197,645"
"Steve Ishmael","WR","IND                  IND","22","2018","2018","1","$480,000","$480,000","0.27%","","","","$282,350","$282,350"
"Marcell Ateman","WR","OAK                  OAK","23","2018","2019","1","$480,000","$480,000","0.27%","","","","$718,227","$718,227"
"Deontay Burnett","WR","NYJ                  NYJ","20","2018","2018","1","$480,000","$480,000","0.27%","","","","$310,585","$310,585"
"Cam Phillips","WR","BUF                  BUF","22","2018","2018","1","$480,000","$480,000","0.27%","","","","$310,585","$310,585"
"Tim White","WR","BAL                  BAL","23","2018","2018","1","$480,000","$480,000","0.27%","","","","$423,529","$423,529"
"Khadarel Hodge","WR","LAR                  LAR","22","2018","2018","1","$480,000","$480,000","0.27%","","","","$423,529","$423,529"
"K.J. Maye","WR","NE                  NE","23","2018","2018","1","$480,000","$480,000","0.27%","","","","$480,000","$480,000"
"Darius Prince","WR","PHI                  PHI","27","2018","2018","1","$480,000","$480,000","0.27%","","","","$480,000","$480,000"
"Austin Wolf","WR","ARI                  ARI","23","2018","2018","1","$480,000","$480,000","0.27%","","","","$480,000","$480,000"
"Darren Carrington","WR","DAL                  DAL","23","2018","2018","1","$480,000","$480,000","0.27%","","","","$480,000","$480,000"
"Brian Brown","WR","DET                  DET","23","2018","2018","1","$480,000","$480,000","0.27%","","","","$480,000","$480,000"
"Marcus Peterson","WR","LAC                  LAC","","2018","2018","1","$480,000","$480,000","0.27%","","","","$480,000","$480,000"
"Kendal Thompson","WR","LAR                  LAR","25","2018","2018","1","$480,000","$480,000","0.27%","","","","$363,000","$363,000"
"Marvin Bracy","WR","SEA                  SEA","24","2018","2018","1","$480,000","$480,000","0.27%","","","","$480,000","$480,000"
"Malachi Jones","WR","CHI                  CHI","23","2018","2018","1","$480,000","$480,000","0.27%","","","","$480,000","$480,000"
"Kyle Lewis","WR","GB                  GB","22","2018","2018","1","$480,000","$480,000","0.27%","","","","$480,000","$480,000"
"Aaron Lacombe","WR","LAR                  LAR","","2018","2018","1","$480,000","$480,000","0.27%","","","","$363,000","$363,000"
"Devin Lucien","WR","NE                  NE","24","2018","2018","1","$480,000","$480,000","0.27%","","","","$480,000","$480,000"
"DeAndre Smelter","WR","JAX                  JAX","26","2018","2018","1","$480,000","$480,000","0.27%","","","","$480,000","$480,000"
"Jonah Trinnaman","WR","NYJ                  NYJ","21","2018","2018","1","$480,000","$480,000","0.27%","","","","$363,000","$363,000"
"Thomas Sperbeck","WR","TB                  TB","23","2018","2018","1","$480,000","$480,000","0.27%","","","","$480,000","$480,000"
"Keenan Reynolds","WR","SEA                  SEA","23","2018","2018","1","$480,000","$480,000","0.27%","","","","$169,410","$169,410"
"Herb Waters","WR","GB                  GB","25","2018","2018","1","$480,000","$480,000","0.27%","","","","$480,000","$480,000"
"Quincy Adeboyejo","WR","BAL                  BAL","22","2018","2018","1","$480,000","$480,000","0.27%","","","","$480,000","$480,000"
"Riley McCarron","WR","NE                  NE","24","2018","2018","1","$480,000","$480,000","0.27%","","","","$480,000","$480,000"
"Cody Hollister","WR","NE                  NE","24","2018","2018","1","$480,000","$480,000","0.27%","","","","$363,000","$363,000"
"Trey Griffey","WR","PIT                  PIT","23","2018","2018","1","$480,000","$480,000","0.27%","","","","$480,000","$480,000"
"Kenny Bell","WR","DEN                  DEN","25","2018","2018","1","$480,000","$480,000","0.27%","","","","$363,000","$363,000"
"Marcus Tucker","WR","PIT                  PIT","25","2018","2018","1","$480,000","$480,000","0.27%","","","","$363,000","$363,000"
"Johnathan Holland","WR","OAK                  OAK","24","2010","2010","1","$470,000","$470,000","","","","","$414,706","$414,706"
"Kenneth Moore","WR","IND                  IND","","2010","2010","1","$470,000","$470,000","","","","","",""
"Quincy Adeboyejo","WR","BAL                  BAL","21","2017","2017","1","$465,000","$465,000","0.28%","","","","$27,353","$27,353"
"Bernard Reedy","WR","NE                  NE","25","2017","2017","1","$465,000","$465,000","0.28%","","","","$136,765","$136,765"
"Michael Clark","WR","GB                  GB","21","2017","2017","1","$465,000","$465,000","0.28%","","","","$136,765","$136,765"
"Carlton Agudosi","WR","ARI                  ARI","22","2017","2017","1","$465,000","$465,000","0.28%","","","","$164,118","$164,118"
"Tanner Gentry","WR","CHI                  CHI","22","2017","2017","1","$465,000","$465,000","0.28%","","","","$328,235","$328,235"
"Zach Pascal","WR","TEN                  TEN","22","2017","2017","1","$465,000","$465,000","0.28%","","","","$410,294","$410,294"
"Karel Hamilton","WR","DAL                  DAL","21","2017","2017","1","$465,000","$465,000","0.28%","","","","$465,000","$465,000"
"C.J. Germany","WR","NYG                  NYG","","2017","2017","1","$465,000","$465,000","0.28%","","","","$465,000","$465,000"
"Ed Eagan","WR","NYG                  NYG","23","2017","2017","1","$465,000","$465,000","0.28%","","","","$328,236","$328,236"
"Trey Griffey","WR","MIA                  MIA","22","2017","2017","1","$465,000","$465,000","0.28%","","","","$465,000","$465,000"
"Jamari Staples","WR","WAS                  WAS","22","2017","2017","1","$465,000","$465,000","0.28%","","","","$465,000","$465,000"
"Xavier Rush","WR","NO                  NO","24","2017","2017","1","$465,000","$465,000","0.28%","","","","$465,000","$465,000"
"Valdez Showers","WR","IND                  IND","23","2017","2017","1","$465,000","$465,000","0.28%","","","","$465,000","$465,000"
"K.D. Cannon","WR","LAR                  LAR","21","2017","2017","1","$465,000","$465,000","0.28%","","","","$465,000","$465,000"
"Shaq Hill","WR","TB                  TB","23","2017","2017","1","$465,000","$465,000","0.28%","","","","$465,000","$465,000"
"Rob Wheelwright","WR","KC                  KC","22","2017","2017","1","$465,000","$465,000","0.28%","","","","$465,000","$465,000"
"K.J. Maye","WR","NE                  NE","22","2017","2017","1","$465,000","$465,000","0.28%","","","","$465,000","$465,000"
"Fred Brown","WR","IND                  IND","23","2017","2017","1","$465,000","$465,000","0.28%","","","","$465,000","$465,000"
"Cameron Posey","WR","LAC                  LAC","23","2017","2017","1","$465,000","$465,000","0.28%","","","","$465,000","$465,000"
"Colby Pearson","WR","GB                  GB","21","2017","2017","1","$465,000","$465,000","0.28%","","","","$465,000","$465,000"
"Jerome Lane","WR","NYG                  NYG","20","2017","2017","1","$465,000","$465,000","0.28%","","","","$465,000","$465,000"
"DeAndrew White","WR","NE                  NE","25","2017","2017","1","$465,000","$465,000","0.28%","","","","$465,000","$465,000"
"Canaan Severin","WR","NYG                  NYG","23","2017","2017","1","$465,000","$465,000","0.28%","","","","$465,000","$465,000"
"Mitchell Paige","WR","LAC                  LAC","23","2017","2017","1","$465,000","$465,000","0.28%","","","","$465,000","$465,000"
"Terrell Sinkfield","WR","MIN                  MIN","26","2017","2017","1","$465,000","$465,000","0.28%","","","","$465,000","$465,000"
"Cyril Grayson","WR","SEA                  SEA","23","2017","2017","1","$465,000","$465,000","0.28%","","","","$465,000","$465,000"
"Mitch Mathews","WR","MIA                  MIA","25","2017","2017","1","$465,000","$465,000","0.28%","","","","$465,000","$465,000"
"Devin Lucien","WR","NE                  NE","23","2017","2017","1","$465,000","$465,000","0.28%","","","","$348,000","$348,000"
"Dres Anderson","WR","HOU                  HOU","24","2017","2017","1","$465,000","$465,000","0.28%","","","","$465,000","$465,000"
"Dez Stewart","WR","DET                  DET","23","2017","2017","1","$465,000","$465,000","0.28%","","","","$465,000","$465,000"
"Marcus Tucker","WR","PIT                  PIT","24","2017","2017","1","$465,000","$465,000","0.28%","","","","$465,000","$465,000"
"Antwan Goodley","WR","KC                  KC","25","2017","2017","1","$465,000","$465,000","0.28%","","","","$465,000","$465,000"
"Jamaal Jones","WR","LAC                  LAC","23","2017","2017","1","$465,000","$465,000","0.28%","","","","$465,000","$465,000"
"Jamel Johnson","WR","SEA                  SEA","25","2017","2017","1","$465,000","$465,000","0.28%","","","","$465,000","$465,000"
"Rashad Lawrence","WR","MIA                  MIA","24","2017","2017","1","$465,000","$465,000","0.28%","","","","$465,000","$465,000"
"Da'Ron Brown","WR","LAC                  LAC","25","2017","2017","1","$465,000","$465,000","0.28%","","","","$465,000","$465,000"
"Kenny Lawler","WR","SEA                  SEA","22","2017","2017","1","$465,000","$465,000","0.28%","","","","$465,000","$465,000"
"George Farmer","WR","SEA                  SEA","23","2017","2017","1","$465,000","$465,000","0.28%","","","","$465,000","$465,000"
"MeKale McKay","WR","TEN                  TEN","23","2017","2017","1","$465,000","$465,000","0.28%","","","","$348,000","$348,000"
"Herb Waters","WR","GB                  GB","24","2017","2017","1","$465,000","$465,000","0.28%","","","","$348,000","$348,000"
"Cayleb Jones","WR","MIN                  MIN","23","2017","2017","1","$465,000","$465,000","0.28%","","","","$465,000","$465,000"
"Jordan Williams","WR","NO                  NO","22","2017","2017","1","$465,000","$465,000","0.28%","","","","$465,000","$465,000"
"Keyarris Garrett","WR","CAR                  CAR","24","2017","2017","1","$465,000","$465,000","0.28%","","","","$465,000","$465,000"
"Kenny Bell","WR","BAL                  BAL","24","2017","2017","1","$465,000","$465,000","0.28%","","","","$348,000","$348,000"
"Keenan Reynolds","WR","BAL                  BAL","21","2016","2017","1","$465,000","$465,000","0.30%","","","","$491,470","$491,470"
"Richard Mullaney","WR","CLE                  CLE","23","2017","2017","1","$465,000","$465,000","0.28%","","","","$465,000","$465,000"
"Jaxon Shipley","WR","ARI                  ARI","23","2016","2016","1","$465,000","$465,000","0.30%","$15,000","$15,000","$15,000","$465,000","$465,000"
"Kris Durham","WR","DET                  DET","23","2012","2012","1","$465,000","$465,000","0.39%","","","","$465,000","$465,000"
"Jordan Shipley","WR","JAX                  JAX","26","2012","2012","1","$465,000","$465,000","0.39%","","","","",""
"Logan Payne","WR","BAL                  BAL","26","2012","2012","1","$465,000","$465,000","0.39%","","","","$465,000","$465,000"
"Lance Long","WR","DET                  DET","25","2012","2012","1","$465,000","$465,000","0.39%","","","","",""
"Chris Manno","WR","CAR                  CAR","26","2012","2012","1","$465,000","$465,000","0.39%","","","","",""
"Duke Calhoun","WR","OAK                  OAK","24","2012","2012","1","$465,000","$465,000","0.39%","","","","",""
"Kris Adams","WR","IND                  IND","24","2012","2012","1","$465,000","$465,000","0.39%","","","","$465,000","$465,000"
"Andy Tanner","WR","NO                  NO","23","2012","2012","1","$465,000","$465,000","0.39%","","","","$465,000","$465,000"
"Nate Hughes","WR","DET                  DET","26","2012","2012","1","$465,000","$465,000","0.39%","","","","",""
"Zeke Markshausen","WR","KC                  KC","24","2012","2012","1","$465,000","$465,000","0.39%","","","","",""
"Tyler Grisham","WR","DEN                  DEN","24","2012","2012","1","$465,000","$465,000","0.39%","","","","",""
"John Matthews","WR","SF                  SF","25","2012","2012","1","$465,000","$465,000","0.39%","$2,480","","","",""
"Isaiah Williams","WR","ARI                  ARI","24","2012","2012","1","$465,000","$465,000","0.39%","","","","",""
"Britt Davis","WR","NE                  NE","25","2012","2012","1","$465,000","$465,000","0.39%","","","","",""
"Quinten Lawrence","WR","MIA                  MIA","27","2012","2012","1","$465,000","$465,000","0.39%","","","","",""
"Jordan Norwood","WR","CLE                  CLE","25","2012","2012","1","$465,000","$465,000","0.39%","","","","$465,000","$465,000"
"Andrew Hawkins","WR","CIN                  CIN","25","2012","2012","1","$465,000","$465,000","0.39%","","","","$465,000","$465,000"
"Dexter Jackson","WR","NYJ                  NYJ","25","2012","2012","1","$465,000","$465,000","0.39%","","","","",""
"Damiere Byrd","WR","CAR                  CAR","22","2016","2016","1","$458,000","$458,000","0.29%","$8,000","$8,000","$8,000","$458,000","$458,000"
"Seyi Ajirotutu","WR","SD                  SD","23","2011","2011","1","$450,000","$450,000","0.37%","","","","$450,000","$450,000"
"Maurice Harris","WR","WAS                  WAS","23","2016","2018","1","$450,000","$450,000","0.29%","","","","$831,170","$1,461,170"
"Quinshad Davis","WR","DET                  DET","","2016","2016","1","$450,000","$450,000","0.29%","","","","$450,000","$450,000"
"Isaiah Williams","WR","WAS                  WAS","28","2016","2016","1","$450,000","$450,000","0.29%","","","","$450,000","$450,000"
"Alex Chisum","WR","DET                  DET","","2016","2016","1","$450,000","$450,000","0.29%","","","","$450,000","$450,000"
"Montario Hunter","WR","SEA                  SEA","","2016","2016","1","$450,000","$450,000","0.29%","","","","$450,000","$450,000"
"Austin Hill","WR","LAR                  LAR","","2016","2016","1","$450,000","$450,000","0.29%","","","","$450,000","$450,000"
"Franky Okafor","WR","ARI                  ARI","","2016","2016","1","$450,000","$450,000","0.29%","","","","$450,000","$450,000"
"Anthony Dable","WR","NYG                  NYG","27","2016","2016","1","$450,000","$450,000","0.29%","","","","$450,000","$450,000"
"Dez Stewart","WR","WAS                  WAS","22","2016","2016","1","$450,000","$450,000","0.29%","","","","$450,000","$450,000"
"Troy Stoudermire","WR","MIN                  MIN","25","2016","2016","1","$450,000","$450,000","0.29%","","","","$450,000","$450,000"
"Damian Copeland","WR","DET                  DET","25","2016","2016","1","$450,000","$450,000","0.29%","","","","$450,000","$450,000"
"Marken Michel","WR","MIN                  MIN","22","2016","2016","1","$450,000","$450,000","0.29%","","","","$450,000","$450,000"
"Kyle Prater","WR","NO                  NO","23","2016","2016","1","$450,000","$450,000","0.29%","","","","$333,000","$333,000"
"Marvin Hall","WR","OAK                  OAK","22","2016","2016","1","$450,000","$450,000","0.29%","","","","$450,000","$450,000"
"Rico Richardson","WR","SD                  SD","24","2016","2016","1","$450,000","$450,000","0.29%","","","","$333,000","$333,000"
"Shakim Phillips","WR","PIT                  PIT","23","2016","2016","1","$450,000","$450,000","0.29%","","","","$333,000","$333,000"
"Levi Norwood","WR","PIT                  PIT","23","2016","2016","1","$450,000","$450,000","0.29%","","","","$450,000","$450,000"
"Reece Horn","WR","TEN                  TEN","22","2016","2016","1","$450,000","$450,000","0.29%","","","","$450,000","$450,000"
"Jarvis Turner","WR","WAS                  WAS","22","2016","2016","1","$450,000","$450,000","0.29%","","","","$450,000","$450,000"
"Darius Jennings","WR","CLE                  CLE","23","2016","2016","1","$450,000","$450,000","0.29%","","","","$450,000","$450,000"
"Avius Capers","WR","CAR                  CAR","","2016","2016","1","$450,000","$450,000","0.29%","","","","$450,000","$450,000"
"Fred Williams","WR","KC                  KC","27","2016","2016","1","$450,000","$450,000","0.29%","","","","$450,000","$450,000"
"Da'Ron Brown","WR","KC                  KC","24","2016","2016","1","$450,000","$450,000","0.29%","","","","$450,000","$450,000"
"Christion Jones","WR","MIA                  MIA","23","2016","2016","1","$450,000","$450,000","0.29%","","","","$450,000","$450,000"
"A.J. Cruz","WR","MIA                  MIA","","2016","2016","1","$450,000","$450,000","0.29%","","","","$450,000","$450,000"
"Douglas McNeil","WR","SEA                  SEA","29","2016","2016","1","$450,000","$450,000","0.29%","","","","$450,000","$450,000"
"Antwan Goodley","WR","SEA                  SEA","24","2016","2016","1","$450,000","$450,000","0.29%","","","","$450,000","$450,000"
"Deshon Foxx","WR","SEA                  SEA","23","2016","2016","1","$450,000","$450,000","0.29%","","","","$333,000","$333,000"
"Jeff Fuller","WR","SEA                  SEA","25","2016","2016","1","$450,000","$450,000","0.29%","","","","$450,000","$450,000"
"Jordan Taylor","WR","DEN                  DEN","23","2016","2016","1","$450,000","$450,000","0.29%","","","","$450,000","$450,000"
"Ed Williams","WR","GB                  GB","","2016","2016","1","$450,000","$450,000","0.29%","","","","$450,000","$450,000"
"Kashif Moore","WR","KC                  KC","27","2016","2016","1","$450,000","$450,000","0.29%","","","","$450,000","$450,000"
"Tobais Palmer","WR","CAR                  CAR","25","2016","2016","1","$450,000","$450,000","0.29%","","","","$333,000","$333,000"
"Issac Blakeney","WR","PIT                  PIT","23","2016","2016","1","$450,000","$450,000","0.29%","","","","$450,000","$450,000"
"Deandre Carter","WR","NE                  NE","22","2016","2016","1","$450,000","$450,000","0.29%","","","","$450,000","$450,000"
"Damarr Aultman","WR","MIA                  MIA","23","2016","2016","1","$450,000","$450,000","0.29%","","","","$450,000","$450,000"
"R.J. Harris","WR","NO                  NO","23","2016","2016","1","$450,000","$450,000","0.29%","","","","$450,000","$450,000"
"Cobi Hamilton","WR","PIT                  PIT","25","2016","2016","1","$450,000","$450,000","0.29%","","","","$238,230","$238,230"
"Jace Davis","WR","DEN                  DEN","24","2016","2016","1","$450,000","$450,000","0.29%","","","","$450,000","$450,000"
"Kenny Cook","WR","KC                  KC","23","2016","2016","1","$450,000","$450,000","0.29%","","","","$333,000","$333,000"
"Chuck Jacobs","WR","BAL                  BAL","25","2016","2016","1","$450,000","$450,000","0.29%","","","","$450,000","$450,000"
"Reggie Bell","WR","NO                  NO","23","2016","2016","1","$450,000","$450,000","0.29%","","","","$450,000","$450,000"
"Torrence Allen","WR","SD                  SD","24","2016","2016","1","$450,000","$450,000","0.29%","","","","$450,000","$450,000"
"Kaelin Clay","WR","BAL                  BAL","22","2015","2015","1","$435,000","$435,000","0.30%","","","","$179,117","$179,117"
"Tyler Murphy","WR","PIT                  PIT","22","2015","2015","1","$435,000","$435,000","0.30%","","","","$281,470","$281,470"
"Chandler Worthy","WR","HOU                  HOU","21","2015","2015","1","$435,000","$435,000","0.30%","","","","$409,411","$409,411"
"Deontay Greenberry","WR","SEA                  SEA","20","2015","2015","1","$435,000","$435,000","0.30%","","","","$435,000","$435,000"
"Deshon Foxx","WR","SEA                  SEA","22","2015","2015","1","$435,000","$435,000","0.30%","","","","$435,000","$435,000"
"Austin Willis","WR","BUF                  BUF","22","2015","2015","1","$435,000","$435,000","0.30%","","","","$318,000","$318,000"
"Jarrod West","WR","PIT                  PIT","","2015","2015","1","$435,000","$435,000","0.30%","","","","$435,000","$435,000"
"Nigel King","WR","SF                  SF","22","2015","2015","1","$435,000","$435,000","0.30%","","","","$435,000","$435,000"
"Josh Reese","WR","PHI                  PHI","","2015","2015","1","$435,000","$435,000","0.30%","","","","$435,000","$435,000"
"Corbin Louks","WR","DEN                  DEN","25","2015","2015","1","$435,000","$435,000","0.30%","","","","$435,000","$435,000"
"Desmond Lawrence","WR","CIN                  CIN","","2015","2015","1","$435,000","$435,000","0.30%","","","","$435,000","$435,000"
"Austin Hill","WR","NYJ                  NYJ","","2015","2015","1","$435,000","$435,000","0.30%","","","","$435,000","$435,000"
"Darius Jennings","WR","CLE                  CLE","22","2015","2015","1","$435,000","$435,000","0.30%","","","","$51,176","$51,176"
"Erik Lora","WR","JAX                  JAX","23","2015","2015","1","$435,000","$435,000","0.30%","","","","$435,000","$435,000"
"Tyler McDonald","WR","MIA                  MIA","23","2015","2015","1","$435,000","$435,000","0.30%","","","","$435,000","$435,000"
"Brelan Chancellor","WR","PIT                  PIT","22","2015","2015","1","$435,000","$435,000","0.30%","","","","$435,000","$435,000"
"Bennie Fowler","WR","DEN                  DEN","23","2015","2015","1","$435,000","$435,000","0.30%","","","","$609,473","$609,473"
"Jeremy Kelley","WR","CHI                  CHI","26","2015","2015","1","$435,000","$435,000","0.30%","","","","$435,000","$435,000"
"L'Damian Washington","WR","KC                  KC","23","2015","2015","1","$435,000","$435,000","0.30%","","","","$435,000","$435,000"
"Travis Harvey","WR","ARI                  ARI","24","2015","2015","1","$435,000","$435,000","0.30%","","","","$318,000","$318,000"
"Jeremy Gallon","WR","OAK                  OAK","24","2015","2015","1","$435,000","$435,000","0.30%","","","","$435,000","$435,000"
"Seth Roberts","WR","OAK                  OAK","23","2015","2015","1","$435,000","$435,000","0.30%","","","","$619,345","$619,345"
"Matt Hazel","WR","MIA                  MIA","22","2015","2015","1","$435,000","$435,000","0.30%","","","","$484,411","$484,411"
"Darius Jennings","WR","CLE                  CLE","22","2015","2015","1","$435,000","$435,000","0.30%","","","","$127,941","$127,941"
"Brenton Bersin","WR","CAR                  CAR","23","2014","2014","1","$429,500","$429,500","0.32%","$9,500","","$9,500","$429,500","$429,500"
"Richard Goodman","WR","SD                  SD","23","2011","2011","1","$427,500","$427,500","0.36%","$10,000","","","",""
"Kofi Hughes","WR","CHI                  CHI","21","2014","2014","1","$420,000","$420,000","0.32%","","","","$420,000","$420,000"
"Travis Harvey","WR","NYG                  NYG","23","2014","2014","1","$420,000","$420,000","0.32%","","","","$420,000","$420,000"
"Greg Herd","WR","CHI                  CHI","22","2014","2014","1","$420,000","$420,000","0.32%","","","","$420,000","$420,000"
"Tobais Palmer","WR","NO                  NO","23","2014","2014","1","$420,000","$420,000","0.32%","","","","$420,000","$420,000"
"James Shaw","WR","PIT                  PIT","24","2014","2014","1","$420,000","$420,000","0.32%","","","","$420,000","$420,000"
"Raymond Webber","WR","MIA                  MIA","24","2014","2014","1","$420,000","$420,000","0.32%","","","","$420,000","$420,000"
"Dale Moss","WR","CHI                  CHI","25","2014","2014","1","$420,000","$420,000","0.32%","","","","$420,000","$420,000"
"Tyrone Walker","WR","MIN                  MIN","23","2014","2014","1","$420,000","$420,000","0.32%","","","","$420,000","$420,000"
"Michael Willie","WR","BAL                  BAL","23","2014","2014","1","$420,000","$420,000","0.32%","","","","$420,000","$420,000"
"Mark Harrison","WR","KC                  KC","23","2014","2014","1","$420,000","$420,000","0.32%","","","","$420,000","$420,000"
"Rahsaan Vaughn","WR","OAK                  OAK","23","2014","2014","1","$420,000","$420,000","0.32%","","","","$420,000","$420,000"
"Terrence Miller","WR","NE                  NE","21","2014","2014","1","$420,000","$420,000","0.32%","","","","$303,000","$303,000"
"T.J. Moe","WR","STL                  STL","23","2014","2014","1","$420,000","$420,000","0.32%","","","","$420,000","$420,000"
"Michael Rios","WR","MIA                  MIA","","2014","2014","1","$420,000","$420,000","0.32%","","","","$420,000","$420,000"
"Gerell Robinson","WR","DEN                  DEN","24","2014","2014","1","$420,000","$420,000","0.32%","","","","$420,000","$420,000"
"Danny Coale","WR","PIT                  PIT","25","2014","2014","1","$420,000","$420,000","0.32%","","","","$420,000","$420,000"
"Greg Wilson","WR","DEN                  DEN","23","2014","2014","1","$420,000","$420,000","0.32%","","","","$420,000","$420,000"
"Jasper Collins","WR","PIT                  PIT","22","2014","2014","1","$420,000","$420,000","0.32%","","","","$420,000","$420,000"
"Jerrell Jackson","WR","KC                  KC","23","2014","2014","1","$420,000","$420,000","0.32%","","","","$420,000","$420,000"
"Gerrard Sheppard","WR","BAL                  BAL","23","2014","2014","1","$420,000","$420,000","0.32%","","","","$420,000","$420,000"
"Justin Brown","WR","PIT                  PIT","22","2014","2014","1","$420,000","$420,000","0.32%","","","","$420,000","$420,000"
"Kashif Moore","WR","PIT                  PIT","25","2014","2014","1","$420,000","$420,000","0.32%","","","","$420,000","$420,000"
"Willie Carter","WR","CHI                  CHI","23","2014","2014","1","$420,000","$420,000","0.32%","","","","$420,000","$420,000"
"Jared Green","WR","OAK                  OAK","24","2014","2014","1","$420,000","$420,000","0.32%","","","","$420,000","$420,000"
"Andy Cruse","WR","HOU                  HOU","23","2014","2014","1","$420,000","$420,000","0.32%","","","","$420,000","$420,000"
"Lanear Sampson","WR","PIT                  PIT","23","2014","2014","1","$420,000","$420,000","0.32%","","","","$420,000","$420,000"
"Rod Windsor","WR","CLE                  CLE","26","2012","2012","1","$415,000","$415,000","0.34%","","","","",""
"Justin Veltung","WR","STL                  STL","21","2013","2013","1","$405,000","$405,000","0.33%","","","","$71,470","$71,470"
"Omarius Hines","WR","GB                  GB","23","2013","2013","1","$405,000","$405,000","0.33%","","","","",""
"Jerrell Jackson","WR","CHI                  CHI","22","2013","2013","1","$405,000","$405,000","0.33%","","","","",""
"Terriun Crump","WR","TB                  TB","23","2013","2013","1","$405,000","$405,000","0.33%","","","","",""
"Will Murphy","WR","PHI                  PHI","22","2013","2013","1","$405,000","$405,000","0.33%","","","","",""
"Demetrius Fields","WR","STL                  STL","22","2013","2013","1","$405,000","$405,000","0.33%","","","","",""
"Chris Denton","WR","TB                  TB","21","2013","2013","1","$405,000","$405,000","0.33%","","","","",""
"Keenan Davis","WR","MIA                  MIA","21","2013","2013","1","$405,000","$405,000","0.33%","","","","",""
"Cole McKenzie","WR","JAX                  JAX","","2013","2013","1","$405,000","$405,000","0.33%","","","","",""
"Gerrard Sheppard","WR","BAL                  BAL","22","2013","2013","1","$405,000","$405,000","0.33%","","","","",""
"Eric Page","WR","TB                  TB","21","2013","2013","1","$405,000","$405,000","0.33%","","","","$405,000","$405,000"
"Joe Hastings","WR","MIA                  MIA","25","2013","2013","1","$405,000","$405,000","0.33%","","","","",""
"Tyler Shoemaker","WR","KC                  KC","24","2013","2013","1","$405,000","$405,000","0.33%","","","","",""
"Vidal Hazelton","WR","NYJ                  NYJ","24","2013","2013","1","$405,000","$405,000","0.33%","","","","$288,000","$288,000"
"Greg Orton","WR","DEN                  DEN","26","2013","2013","1","$405,000","$405,000","0.33%","","","","",""
"Isaiah Williams","WR","OAK                  OAK","25","2013","2013","1","$405,000","$405,000","0.33%","","","","",""
"Joe Collins","WR","NYJ                  NYJ","24","2013","2013","1","$405,000","$405,000","0.33%","","","","",""
"Tray Session","WR","OAK                  OAK","25","2013","2013","1","$405,000","$405,000","0.33%","","","","",""
"Tori Gurley","WR","CLE                  CLE","25","2013","2013","1","$405,000","$405,000","0.33%","","","","",""
"Royce Pollard","WR","NYJ                  NYJ","23","2013","2013","1","$405,000","$405,000","0.33%","","","","",""
"Titus Ryan","WR","NYJ                  NYJ","28","2013","2013","1","$405,000","$405,000","0.33%","","","","",""
"Verran Tucker","WR","KC                  KC","22","2011","2011","1","$405,000","$405,000","0.34%","","","","",""
"John Matthews","WR","JAX                  JAX","24","2011","2011","1","$405,000","$405,000","0.34%","","","","",""
"Isaiah Williams","WR","ARI                  ARI","23","2011","2011","1","$405,000","$405,000","0.34%","","","","",""
"Juaquin Iglesias","WR","MIN                  MIN","23","2011","2011","1","$405,000","$405,000","0.34%","","","","",""
"Lance Long","WR","SF                  SF","24","2011","2011","1","$405,000","$405,000","0.34%","","","","",""
"Kelley Washington","WR","SD                  SD","30","2010","2010","1","$400,000","$400,000","","","","","$400,000","$400,000"
"James Holt","WR","SD                  SD","23","2010","2010","1","$395,000","$395,000","","","","","",""
"Jordan White","WR","NYJ                  NYJ","23","2012","2012","1","$390,000","$390,000","0.32%","","","","",""
"Brandyn Harvey","WR","STL                  STL","24","2012","2012","1","$390,000","$390,000","0.32%","","","","",""
"Charles Gilbert","WR","STL                  STL","24","2012","2012","1","$390,000","$390,000","0.32%","","","","",""
"Paul Cox","WR","PIT                  PIT","22","2012","2012","1","$390,000","$390,000","0.32%","","","","",""
"Brian Hernandez","WR","PHI                  PHI","27","2012","2012","1","$390,000","$390,000","0.32%","","","","",""
"Kevin Hardy","WR","NO                  NO","21","2012","2012","1","$390,000","$390,000","0.32%","","","","",""
"Curenski Gilleylen","WR","GB                  GB","22","2012","2012","1","$390,000","$390,000","0.32%","","","","",""
"Raymond Webber","WR","NYJ                  NYJ","22","2012","2012","1","$390,000","$390,000","0.32%","","","","",""
"Hubert Anyiam","WR","CAR                  CAR","22","2012","2012","1","$390,000","$390,000","0.32%","","","","",""
"Nelson Rosario","WR","CAR                  CAR","22","2012","2012","1","$390,000","$390,000","0.32%","","","","",""
"Wes Kemp","WR","NYJ                  NYJ","22","2012","2012","1","$390,000","$390,000","0.32%","","","","",""
"Owen Spencer","WR","CLE                  CLE","24","2012","2012","1","$390,000","$390,000","0.32%","","","","",""
"Kerry Taylor","WR","MIN                  MIN","22","2012","2012","1","$390,000","$390,000","0.32%","","","","",""
"Eddie Mcgee","WR","OAK                  OAK","23","2012","2012","1","$390,000","$390,000","0.32%","","","","",""
"Tori Gurley","WR","GB                  GB","24","2012","2012","1","$390,000","$390,000","0.32%","","","","",""
"Diondre Borel","WR","GB                  GB","23","2012","2012","1","$390,000","$390,000","0.32%","","","","",""
"Terrence Toliver","WR","DET                  DET","23","2012","2012","1","$390,000","$390,000","0.32%","","","","",""
"DaMarcus Ganaway","WR","NYJ                  NYJ","24","2012","2012","1","$390,000","$390,000","0.32%","","","","",""
"Dan Depalma","WR","NYG                  NYG","22","2012","2012","1","$390,000","$390,000","0.32%","","","","",""
"Jarred Fayson","WR","IND                  IND","24","2012","2012","1","$390,000","$390,000","0.32%","","","","",""
"Wes Lyons","WR","PIT                  PIT","24","2012","2012","1","$390,000","$390,000","0.32%","","","","",""
"Greg Orton","WR","DEN                  DEN","25","2012","2012","1","$390,000","$390,000","0.32%","","","","",""
"Vidal Hazelton","WR","CIN                  CIN","23","2012","2012","1","$390,000","$390,000","0.32%","","","","",""
"Patrick Williams","WR","BAL                  BAL","22","2012","2012","1","$390,000","$390,000","0.32%","","","","",""
"Rodney Bradley","WR","BAL                  BAL","23","2012","2012","1","$390,000","$390,000","0.32%","","","","$390,000","$390,000"
"Jesse Holley","WR","DAL                  DAL","26","2011","2011","1","$385,000","$385,000","0.32%","","","","",""
"Courtney Smith","WR","NYJ                  NYJ","23","2011","2011","1","$377,333","$377,333","0.31%","$2,333","","","",""
"Brett Swain","WR","SF                  SF","25","2011","2011","1","$370,584","$370,584","0.31%","","","","$370,584","$370,584"
"Johnathan Haggerty","WR","CLE                  CLE","22","2011","2011","1","$330,000","$330,000","0.27%","","","","",""
"Chandler Williams","WR","KC                  KC","25","2011","2011","1","$330,000","$330,000","0.27%","","","","",""
"Verran Tucker","WR","KC                  KC","21","2010","2010","1","$325,000","$325,000","","","","","",""
"Onrea Jones","WR","ARI                  ARI","26","2010","2010","1","$320,000","$320,000","","","","","$140,000","$140,000"
"John Matthews","WR","SF                  SF","24","2011","2011","1","$96,900","$96,900","0.08%","","","","",""
"Lance Lewis","WR","WAS                  WAS","24","2013","2014","2","$90,000","$45,000","0.04%","","","","",""
"Thomas Mayo","WR","NYJ                  NYJ","22","2013","2013","1","","","","","","","",""
"Buster Davis","WR","BUF                  BUF","25","2011","2011","1","","","","","","","",""
"Lance Moore","WR","ATL                  ATL","32","2016","2016","1","","","","","","","",""
"Kain Colter","WR","BUF                  BUF","23","2016","2016","1","","","","","","","$450,000","$450,000"
"Anthony Armstrong","WR","CLE                  CLE","30","2014","2014","1","","","","","","","",""
"Eric Page","WR","TB                  TB","22","2014","2014","1","","","","","","","",""
"Chaz Schilens","WR","DET                  DET","27","2013","2013","1","","","","","","","",""

