"Player","Pos","Team                     Signed With","Age                     At Signing","Start                     Year","End                     Year","Yrs","Value","Average                     Salary","Average %                     % of Cap At Sign","Signing Bonus","Guarantee                     at Sign","Practical                     Guarantee","2-Year                     Cash Total","3-Year                     Cash Total"
"Ja'Marr Chase","WR","CIN                  CIN","25","2025","2029","4","$161,000,000","$40,250,000","14.42%","","$73,900,000","$112,000,000","$74,493,334","$104,493,334"
"Davante Adams","WR","LV                  LV","29","2022","2026","5","$140,000,000","$28,000,000","13.45%","$19,250,000","$22,750,000","$65,670,000","$50,250,000","$61,840,000"
"Justin Jefferson","WR","MIN                  MIN","25","2024","2028","4","$140,000,000","$35,000,000","13.70%","$36,938,000","$88,743,000","$110,000,000","$70,243,000","$95,993,000"
"CeeDee Lamb","WR","DAL                  DAL","25","2024","2029","4","$136,000,000","$34,000,000","13.31%","$38,000,000","$67,000,000","$100,000,000","$66,831,089","$92,831,089"
"D.K. Metcalf","WR","PIT                  PIT","27","2025","2029","4","$132,000,000","$33,000,000","11.82%","$30,000,000","$60,000,000","$60,000,000","$60,002,520","$86,502,520"
"Garrett Wilson","WR","NYJ                  NYJ","24","2025","2030","4","$130,000,000","$32,500,000","11.64%","$13,750,000","$40,732,638","$90,000,000","$38,333,639","$62,833,639"
"Amon-Ra St. Brown","WR","DET                  DET","24","2024","2028","4","$120,010,000","$30,002,500","11.75%","$16,500,000","$34,666,000","$77,000,000","$35,276,000","$63,386,000"
"Tyreek Hill","WR","MIA                  MIA","27","2022","2026","4","$120,000,000","$30,000,000","14.41%","$25,500,000","$52,535,000","$72,200,000","$53,235,000","$73,000,000"
"Brandon Aiyuk","WR","SF                  SF","26","2024","2028","4","$120,000,000","$30,000,000","11.75%","$23,000,000","$45,000,000","$76,000,000","$47,896,300","$74,896,300"
"Tee Higgins","WR","CIN                  CIN","26","2025","2028","4","$115,000,000","$28,750,000","10.30%","","$30,000,000","$40,900,000","$58,664,706","$84,964,706"
"Alec Pierce","WR","IND                  IND","25","2026","2029","4","$114,000,000","$28,500,000","9.46%","$26,000,000","$60,000,000","$84,000,000","$60,000,000","$87,000,000"
"D.J. Moore","WR","CHI                  CHI","27","2024","2029","4","$110,000,000","$27,500,000","10.77%","$20,000,000","$43,650,000","$81,525,000","$44,281,460","$68,781,460"
"A.J. Brown","WR","PHI                  PHI","24","2022","2026","4","$100,000,000","$25,000,000","12.01%","$23,474,470","$39,999,000","$57,220,000","$36,220,470","$56,980,470"
"Amari Cooper","WR","DAL                  DAL","25","2020","2024","5","$100,000,000","$20,000,000","10.09%","$10,000,000","$40,000,000","$60,000,000","$40,038,777","$60,038,777"
"Terry McLaurin","WR","WAS                  WAS","29","2025","2028","3","$97,000,000","$32,333,333","11.58%","$30,000,000","$44,650,000","$44,650,000","$49,307,245","$74,807,245"
"Stefon Diggs","WR","BUF                  BUF","28","2022","2025","4","$96,000,000","$24,000,000","11.53%","$21,500,000","$47,985,000","$70,000,000","$48,980,000","$71,500,000"
"A.J. Brown","WR","PHI                  PHI","26","2024","2029","3","$96,000,000","$32,000,000","12.53%","$19,875,000","$51,000,000","$84,000,000","$51,000,000","$80,000,000"
"Courtland Sutton","WR","DEN                  DEN","29","2025","2029","4","$92,000,000","$23,000,000","8.24%","$18,500,000","$40,000,000","$41,000,000","$40,008,190","$60,008,190"
"Calvin Ridley","WR","TEN                  TEN","29","2024","2027","4","$92,000,000","$23,000,000","9.01%","$20,000,000","$46,980,000","$50,000,000","$47,707,560","$60,707,560"
"Tyreek Hill","WR","MIA                  MIA","30","2024","2026","3","$90,000,000","$30,000,000","11.75%","$7,000,000","$54,000,000","$59,000,000","$52,723,529","$88,723,529"
"Jaylen Waddle","WR","MIA                  MIA","25","2024","2028","3","$84,750,000","$28,250,000","11.06%","$18,873,000","$35,978,000","$76,000,000","$35,982,725","$53,223,725"
"Keenan Allen","WR","LAC                  LAC","27","2020","2024","4","$80,100,000","$20,025,000","10.10%","$13,500,000","$26,500,000","$43,000,000","$32,297,527","$48,797,527"
"Cooper Kupp","WR","LAR                  LAR","28","2022","2026","3","$80,100,000","$26,700,000","12.82%","$20,000,000","$35,000,000","$75,000,000","$50,000,000","$70,000,000"
"Jameson Williams","WR","DET                  DET","24","2025","2029","3","$80,000,000","$26,666,667","9.55%","$15,000,000","$30,058,000","$66,580,000","$30,586,399","$46,586,399"
"DeVonta Smith","WR","PHI                  PHI","25","2024","2028","3","$75,000,000","$25,000,000","9.79%","$20,351,000","$33,997,554","$51,000,000","$34,000,074","$48,000,074"
"Nico Collins","WR","HOU                  HOU","25","2024","2027","3","$72,750,000","$24,250,000","9.49%","$17,000,000","$32,116,000","$52,116,000","$33,367,475","$54,242,480"
"D.K. Metcalf","WR","SEA                  SEA","24","2022","2025","3","$72,000,000","$24,000,000","11.53%","$30,000,000","$31,000,000","$58,200,000","$45,220,000","$58,220,000"
"Christian Kirk","WR","JAX                  JAX","25","2022","2025","4","$72,000,000","$18,000,000","8.65%","$20,000,000","$37,000,000","$37,000,000","$40,352,932","$56,588,226"
"Kenny Golladay","WR","NYG                  NYG","27","2021","2024","4","$72,000,000","$18,000,000","9.86%","$17,000,000","$28,000,000","$40,000,000","$35,955,870","$53,955,870"
"Deebo Samuel","WR","SF                  SF","25","2022","2025","3","$71,550,000","$23,850,000","11.46%","$24,035,000","$41,000,000","$58,100,000","$36,328,521","$58,050,521"
"Wan'dale Robinson","WR","TEN                  TEN","25","2026","2029","4","$70,000,000","$17,500,000","5.81%","$12,000,000","$38,000,000","$38,000,000","$38,000,000","$53,000,000"
"Michael Pittman Jr.","WR","IND                  IND","26","2024","2026","3","$70,000,000","$23,333,333","9.14%","$15,000,000","$41,000,000","$46,000,000","$46,008,820","$70,008,820"
"Tyler Lockett","WR","SEA                  SEA","28","2021","2025","4","$69,000,000","$17,250,000","9.45%","$19,000,000","$37,000,000","$37,000,000","$37,000,000","$46,700,000"
"Terry McLaurin","WR","WAS                  WAS","26","2022","2025","3","$68,364,000","$22,788,000","10.95%","$28,000,000","$34,654,000","$53,154,000","$34,904,000","$53,404,000"
"Romeo Doubs","WR","NE                  NE","25","2026","2029","4","$68,000,000","$17,000,000","5.64%","$15,000,000","$35,000,000","$39,000,000","$35,000,000","$51,000,000"
"Chris Godwin","WR","TB                  TB","29","2025","2027","3","$66,000,000","$22,000,000","7.88%","","$44,000,000","$44,000,000","$44,006,300","$66,006,300"
"Robert Woods","WR","LAR                  LAR","27","2020","2025","4","$65,000,000","$16,250,000","8.20%","","$18,500,000","$32,000,000","$20,567,266","$30,567,265"
"Stefon Diggs","WR","NE                  NE","31","2025","2027","3","$63,500,000","$21,166,667","7.58%","$12,000,000","$16,600,000","$22,600,000","$42,301,260","$64,801,260"
"D.J. Moore","WR","CAR                  CAR","24","2022","2025","3","$61,884,000","$20,628,000","9.91%","$19,500,000","$41,610,000","$41,610,000","$40,900,000","$56,950,000"
"Courtland Sutton","WR","DEN                  DEN","25","2021","2025","4","$60,800,000","$15,200,000","8.33%","$6,000,000","$18,000,000","$34,900,000","$20,183,000","$34,653,576"
"Jakobi Meyers","WR","JAX                  JAX","29","2025","2028","3","$60,000,000","$20,000,000","7.16%","$7,000,000","$30,000,000","$40,000,000","$27,430,000","$45,385,000"
"Chris Godwin","WR","TB                  TB","25","2022","2024","3","$60,000,000","$20,000,000","9.61%","$18,750,000","$40,000,000","$40,000,000","$40,000,000","$60,000,000"
"Mike Williams","WR","LAC                  LAC","27","2022","2024","3","$60,000,000","$20,000,000","9.61%","$21,000,000","$40,000,000","$40,000,000","$40,000,000","$60,000,000"
"Michael Gallup","WR","DAL                  DAL","26","2022","2026","5","$57,500,000","$11,500,000","5.52%","$10,000,000","$23,000,000","$27,000,000","$24,173,522","$24,173,522"
"DeAndre Hopkins","WR","ARI                  ARI","27","2020","2024","2","$54,500,000","$27,250,000","13.75%","$27,500,000","$42,750,000","$60,050,000","$40,978,881","$54,878,881"
"Khalil Shakir","WR","BUF                  BUF","25","2025","2029","4","$53,058,000","$13,264,500","4.75%","$7,000,000","$18,100,000","$29,952,000","$20,780,506","$31,480,506"
"Jerry Jeudy","WR","CLE                  CLE","24","2024","2027","3","$52,500,000","$17,500,000","6.85%","$6,013,000","$41,000,000","$41,000,000","$35,241,844","$48,728,844"
"Rashid Shaheed","WR","SEA                  SEA","27","2026","2028","3","$51,000,000","$17,000,000","5.64%","$20,000,000","$23,000,000","$34,735,000","$35,500,000","$51,000,000"
"Cooper Kupp","WR","LAR                  LAR","26","2020","2023","3","$47,250,000","$15,750,000","7.95%","$6,000,000","$20,633,000","$35,100,000","$20,777,571","$35,652,571"
"Travis Hunter","WR","JAX                  JAX","22","2025","2028","4","$46,649,126","$11,662,282","4.18%","$30,566,636","$46,649,126","$46,649,126","$34,371,556","$39,452,386"
"Allen Robinson","WR","LAR                  LAR","28","2022","2024","3","$46,500,000","$15,500,000","7.44%","$14,000,000","$30,750,000","$30,750,000","$20,500,000","$30,500,000"
"Cooper Kupp","WR","SEA                  SEA","31","2025","2027","3","$45,000,000","$15,000,000","5.37%","$12,000,000","$17,500,000","$17,500,000","$30,978,820","$44,978,820"
"Davante Adams","WR","LAR                  LAR","32","2025","2026","2","$44,000,000","$22,000,000","7.88%","$12,000,000","$26,000,000","$26,000,000","$44,006,930","$44,006,930"
"Mike Evans","WR","SF                  SF","32","2026","2028","3","$42,400,000","$14,133,333","4.69%","$12,000,000","$14,300,000","$16,300,000","$28,850,000","$42,500,000"
"Mike Evans","WR","TB                  TB","30","2024","2025","2","$41,000,000","$20,500,000","8.03%","","$29,000,000","$35,000,000","$44,666,668","$44,666,668"
"Brandin Cooks","WR","HOU                  HOU","28","2022","2024","2","$39,764,000","$19,882,000","9.55%","$16,000,000","$36,000,000","$36,000,000","$30,352,932","$38,352,932"
"Darnell Mooney","WR","ATL                  ATL","26","2024","2026","3","$39,000,000","$13,000,000","5.09%","$15,000,000","$26,000,000","$26,000,000","$27,111,276","$39,091,276"
"Gabriel Davis","WR","JAX                  JAX","24","2024","2026","3","$39,000,000","$13,000,000","5.09%","$11,000,000","$24,000,000","$24,000,000","$24,794,117","$37,794,117"
"Corey Davis","WR","NYJ                  NYJ","25","2021","2023","3","$37,500,000","$12,500,000","6.85%","$2,000,000","$27,000,000","$27,000,000","$27,000,000","$37,500,000"
"Rashod Bateman","WR","BAL                  BAL","25","2025","2029","3","$36,750,000","$12,250,000","4.39%","$8,000,000","$16,500,000","$20,000,000","$16,382,353","$24,632,353"
"Diontae Johnson","WR","PIT                  PIT","25","2022","2024","2","$36,710,000","$18,355,000","8.82%","$17,500,000","$19,000,000","$27,000,000","$29,501,180","$29,626,180"
"Darius Slayton","WR","NYG                  NYG","28","2025","2027","3","$36,000,000","$12,000,000","4.30%","$9,000,000","$22,000,005","$22,000,005","$25,911,775","$35,911,765"
"Marvin Harrison Jr.","WR","ARI                  ARI","21","2024","2028","4","$35,374,742","$8,843,686","3.46%","$22,547,084","$35,374,742","$35,374,742","$25,891,613","$29,902,499"
"Jalen Nailor","WR","LV                  LV","27","2026","2028","3","$35,030,000","$11,676,667","3.88%","$6,000,000","$18,000,000","$23,000,000","$24,020,000","$35,030,000"
"Michael Pittman Jr.","WR","PIT                  PIT","28","2026","2029","2","$35,000,000","$17,500,000","5.81%","$22,700,000","$24,000,000","$24,000,000","$42,500,000","$59,000,000"
"Curtis Samuel","WR","WAS                  WAS","24","2021","2023","3","$34,500,000","$11,500,000","6.30%","$12,000,000","$21,500,000","$23,000,000","$23,600,000","$34,176,464"
"Tim Patrick","WR","DEN                  DEN","27","2021","2024","3","$34,000,000","$11,333,333","6.21%","$3,000,000","$11,500,000","$18,500,000","$14,883,998","$22,883,998"
"Jakobi Meyers","WR","LV                  LV","26","2023","2025","3","$33,000,000","$11,000,000","4.89%","$5,500,000","$10,500,000","$21,000,000","$21,955,868","$27,324,986"
"Hunter Renfrow","WR","LV                  LV","26","2022","2024","2","$32,329,000","$16,164,500","7.76%","$9,180,000","$14,500,000","$21,000,000","$22,062,000","$33,944,000"
"Ja'Marr Chase","WR","CIN                  CIN","20","2021","2025","4","$30,819,641","$7,704,910","4.22%","$19,774,284","$30,819,641","$30,819,641","$22,495,177","$25,956,963"
"Marquez Valdes-Scantling","WR","KC                  KC","27","2022","2024","3","$30,000,000","$10,000,000","4.80%","$6,000,000","$8,560,000","$15,000,000","$17,980,000","$29,980,000"
"Russell Gage","WR","TB                  TB","25","2022","2024","3","$30,000,000","$10,000,000","4.80%","","$15,000,000","$20,000,000","$17,000,000","$27,000,000"
"Robbie Chosen","WR","CAR                  CAR","28","2022","2023","2","$29,500,000","$14,750,000","7.08%","$11,510,000","$20,500,000","$20,500,000","$13,190,000","$25,190,000"
"Malik Nabers","WR","NYG                  NYG","20","2024","2028","4","$29,207,750","$7,301,938","2.86%","$18,062,000","$29,207,750","$29,207,750","$20,987,815","$24,438,065"
"Josh Palmer","WR","BUF                  BUF","25","2025","2027","3","$29,000,000","$9,666,667","3.46%","$8,000,000","$15,000,000","$18,000,000","$20,900,000","$28,900,000"
"Tet McMillan","WR","CAR                  CAR","22","2025","2028","4","$27,930,390","$6,982,598","2.50%","$16,953,012","$27,930,390","$27,930,390","$19,906,117","$23,285,243"
"George Pickens","WR","DAL                  DAL","24","2026","2026","1","$27,298,000","$27,298,000","9.06%","","","","$27,298,000","$27,298,000"
"Jaylen Waddle","WR","MIA                  MIA","22","2021","2025","4","$27,085,993","$6,771,498","3.71%","$17,058,904","$27,085,993","$27,085,993","$19,610,086","$22,732,450"
"Randall Cobb","WR","HOU                  HOU","29","2020","2022","3","$27,000,000","$9,000,000","4.54%","$6,000,000","$18,000,000","$18,000,000","$15,538,079","$18,449,833"
"Tee Higgins","WR","CIN                  CIN","26","2025","2025","1","$26,179,200","$26,179,200","9.38%","","","","$26,179,200","$26,179,200"
"DeAndre Hopkins","WR","TEN                  TEN","31","2023","2024","2","$26,000,000","$13,000,000","5.78%","$9,815,000","$10,980,000","$10,980,000","$17,343,889","$17,343,889"
"JuJu Smith-Schuster","WR","NE                  NE","26","2023","2025","3","$25,500,000","$8,500,000","3.78%","$7,900,000","$16,000,000","$16,000,000","$17,647,053","$25,147,053"
"Adam Thielen","WR","CAR                  CAR","32","2023","2025","3","$25,000,000","$8,333,333","3.71%","$8,335,000","$14,000,000","$14,000,000","$18,092,697","$24,842,697"
"Zay Jones","WR","JAX                  JAX","26","2022","2024","3","$24,000,000","$8,000,000","3.84%","$5,500,000","$14,000,000","$14,000,000","$16,485,275","$24,485,275"
"Emmanuel Sanders","WR","NO                  NO","32","2020","2021","2","$24,000,000","$12,000,000","6.05%","$6,000,000","$10,000,000","$10,000,000","$16,600,000","$24,600,000"
"Curtis Samuel","WR","BUF                  BUF","27","2024","2026","3","$24,000,000","$8,000,000","3.13%","$6,900,000","$14,020,000","$15,020,000","$15,768,441","$23,768,441"
"Rome Odunze","WR","CHI                  CHI","21","2024","2028","4","$22,724,500","$5,681,125","2.22%","$13,346,908","$22,724,500","$22,724,500","$16,236,379","$19,097,243"
"Stefon Diggs","WR","HOU                  HOU","30","2024","2024","1","$22,520,000","$22,520,000","8.82%","$20,805,000","$22,015,000","$22,015,000","$29,765,000","$29,765,000"
"Cedrick Wilson","WR","MIA                  MIA","26","2022","2023","3","$22,050,000","$7,350,000","3.53%","$3,000,000","$12,750,000","$12,750,000","$12,750,000","$12,750,000"
"Nelson Agholor","WR","NE                  NE","27","2021","2022","2","$22,000,000","$11,000,000","6.03%","$10,000,000","$16,000,000","$16,000,000","$21,823,513","$21,823,513"
"Michael Pittman Jr.","WR","IND                  IND","26","2024","2024","1","$21,816,000","$21,816,000","8.54%","","","","$21,816,000","$21,816,000"
"Tee Higgins","WR","CIN                  CIN","25","2024","2024","1","$21,816,000","$21,816,000","8.54%","","$21,816,000","$21,816,000","$21,851,152","$21,851,152"
"Drake London","WR","ATL                  ATL","20","2022","2026","4","$21,534,468","$5,383,617","2.59%","$12,841,432","$21,534,469","$21,534,469","$15,386,780","$18,274,940"
"Garrett Wilson","WR","NYJ                  NYJ","21","2022","2026","4","$20,554,006","$5,138,502","2.47%","$12,128,368","$20,554,006","$20,554,006","$14,472,641","$17,046,187"
"Davante Adams","WR","GB                  GB","29","2022","2022","1","$20,145,000","$20,145,000","9.68%","","","","$20,145,000","$20,145,000"
"DeVonta Smith","WR","PHI                  PHI","22","2021","2025","4","$20,141,390","$5,035,348","2.76%","$12,008,284","$20,141,390","$20,141,390","$14,243,802","$16,734,838"
"Robbie Chosen","WR","CAR                  CAR","26","2020","2021","2","$20,000,000","$10,000,000","5.05%","$8,000,000","$12,000,000","$12,000,000","$20,057,874","$20,057,874"
"Kendrick Bourne","WR","NE                  NE","28","2024","2026","3","$19,500,000","$6,500,000","2.55%","$4,200,000","$5,500,000","$5,500,000","$13,000,000","$19,500,000"
"Chris Olave","WR","NO                  NO","21","2022","2026","4","$19,271,874","$4,817,969","2.31%","$11,195,908","$19,271,874","$19,271,874","$13,481,902","$15,938,891"
"Chris Godwin","WR","TB                  TB","25","2022","2022","1","$19,179,600","$19,179,600","9.21%","","","","$19,179,600","$19,179,600"
"Emeka Egbuka","WR","TB                  TB","22","2025","2029","4","$18,172,730","$4,543,183","1.63%","$9,856,532","$18,172,730","$18,172,730","$12,367,395","$14,859,461"
"A.J. Green","WR","CIN                  CIN","31","2020","2020","1","$18,171,000","$18,171,000","9.17%","","$18,171,000","$18,171,000","$18,196,490","$18,196,490"
"Allen Robinson","WR","CHI                  CHI","27","2021","2021","1","$17,880,000","$17,880,000","9.80%","","$17,880,000","$17,880,000","$17,980,000","$17,980,000"
"Matthew Golden","WR","GB                  GB","21","2025","2029","4","$17,575,338","$4,393,835","1.57%","$9,422,064","$17,575,338","$17,575,338","$11,904,002","$14,341,760"
"Deebo Samuel","WR","WAS                  WAS","29","2025","2025","1","$17,545,529","$17,545,529","6.28%","$15,430,529","$15,430,529","$15,430,529","$18,225,529","$18,225,529"
"Jameson Williams","WR","DET                  DET","20","2022","2026","4","$17,461,790","$4,365,448","2.10%","$9,879,484","$17,461,790","$17,461,790","$11,827,931","$14,120,366"
"Henry Ruggs","WR","LV                  LV","20","2020","2024","4","$16,671,626","$4,167,907","2.10%","$9,684,820","$16,671,626","$16,671,626","$11,779,247","$13,904,849"
"Chris Godwin","WR","TB                  TB","24","2021","2021","1","$15,983,000","$15,983,000","8.76%","","$15,983,000","$15,983,000","$15,983,000","$15,983,000"
"Robert Woods","WR","HOU                  HOU","30","2023","2024","2","$15,250,000","$7,625,000","3.39%","$6,500,000","$10,000,000","$10,000,000","$15,176,458","$15,176,458"
"Jerry Jeudy","WR","DEN                  DEN","20","2020","2024","4","$15,192,974","$3,798,244","1.92%","$8,609,436","$15,192,974","$15,192,974","$10,646,192","$12,637,371"
"Jahan Dotson","WR","WAS                  WAS","21","2022","2026","4","$15,048,358","$3,762,090","1.81%","$8,124,260","$15,048,358","$15,048,358","$10,218,276","$11,791,358"
"Jahan Dotson","WR","ATL                  ATL","25","2026","2027","2","$15,000,000","$7,500,000","2.49%","$6,000,000","$10,000,000","$10,000,000","$15,000,000","$15,000,000"
"Kendrick Bourne","WR","NE                  NE","25","2021","2023","3","$15,000,000","$5,000,000","2.74%","$4,250,000","$5,250,000","$7,250,000","$11,705,872","$16,808,808"
"Odell Beckham, Jr.","WR","BAL                  BAL","30","2023","2023","1","$15,000,000","$15,000,000","6.67%","$13,835,000","$13,835,000","$13,835,000","$17,210,000","$17,210,000"
"Brian Thomas Jr.","WR","JAX                  JAX","21","2024","2028","4","$14,659,978","$3,664,995","1.44%","$7,481,800","$14,659,978","$14,659,978","$9,748,243","$11,875,969"
"Jaxon Smith-Njigba","WR","SEA                  SEA","21","2023","2027","4","$14,417,307","$3,604,327","1.60%","$7,485,316","$14,417,307","$14,417,307","$9,640,648","$11,708,557"
"Treylon Burks","WR","TEN                  TEN","21","2022","2025","4","$14,369,592","$3,592,398","1.73%","$7,630,612","$14,369,592","$14,369,592","$9,693,775","$11,705,101"
"Jamal Agnew","WR","JAX                  JAX","25","2021","2023","3","$14,250,000","$4,750,000","2.60%","$3,500,000","$4,000,000","$4,000,000","$9,341,175","$13,985,292"
"Quentin Johnston","WR","LAC                  LAC","21","2023","2027","4","$14,188,778","$3,547,195","1.58%","$7,319,112","$14,188,778","$14,188,778","$9,464,056","$11,512,452"
"Zay Flowers","WR","BAL                  BAL","22","2023","2027","4","$14,036,434","$3,509,109","1.56%","$7,208,316","$14,036,434","$14,036,434","$9,641,895","$11,669,826"
"CeeDee Lamb","WR","DAL                  DAL","20","2020","2024","4","$14,010,012","$3,502,503","1.77%","$7,749,100","$14,010,012","$14,010,012","$9,733,346","$11,616,983"
"Xavier Worthy","WR","KC                  KC","20","2024","2028","4","$13,790,264","$3,447,566","1.35%","$6,849,284","$13,790,264","$13,790,264","$9,073,359","$11,122,019"
"Jordan Addison","WR","MIN                  MIN","21","2023","2027","4","$13,731,739","$3,432,935","1.53%","$6,986,720","$13,731,739","$13,731,739","$9,110,890","$10,850,085"
"Kadarius Toney","WR","NYG                  NYG","21","2021","2025","4","$13,719,508","$3,429,877","1.88%","$7,337,824","$13,719,508","$13,719,508","$8,782,254","$10,689,482"
"Kavontae Turpin","WR","DAL                  DAL","28","2025","2027","3","$13,500,000","$4,500,000","1.61%","$3,600,000","$5,000,000","$5,000,000","$8,950,311","$13,450,311"
"Jalen Reagor","WR","PHI                  PHI","20","2020","2023","4","$13,270,676","$3,317,669","1.67%","$7,211,400","$13,270,676","$13,270,676","$8,985,201","$10,801,626"
"Justin Jefferson","WR","MIN                  MIN","20","2020","2024","4","$13,122,805","$3,280,701","1.66%","$7,103,856","$13,122,805","$13,122,805","$9,095,717","$10,898,699"
"Brandin Cooks","WR","NO                  NO","31","2025","2026","2","$13,000,000","$6,500,000","2.33%","$4,800,000","$7,750,000","$7,750,000","$13,006,623","$13,006,623"
"Rashod Bateman","WR","BAL                  BAL","24","2024","2026","2","$12,871,898","$6,435,949","2.52%","$3,445,000","$4,500,000","$4,500,000","$8,732,133","$15,482,133"
"Rashod Bateman","WR","BAL                  BAL","21","2021","2025","4","$12,599,412","$3,149,853","1.73%","$6,523,208","$12,599,412","$12,599,412","$8,415,909","$10,221,310"
"Ricky Pearsall","WR","SF                  SF","23","2024","2028","4","$12,538,398","$3,134,600","1.23%","$5,938,836","$12,538,398","$12,538,398","$8,107,583","$10,042,437"
"Brandon Aiyuk","WR","SF                  SF","21","2020","2024","4","$12,531,342","$3,132,836","1.58%","$6,673,704","$12,531,342","$12,531,342","$8,463,310","$10,212,523"
"Marvin Jones","WR","JAX                  JAX","30","2021","2022","2","$12,500,000","$6,250,000","3.42%","$5,425,000","$9,000,000","$9,000,000","$13,479,408","$13,479,408"
"Xavier Legette","WR","CAR                  CAR","23","2024","2028","4","$12,357,176","$3,089,294","1.21%","$5,807,036","$12,357,176","$12,357,176","$8,279,483","$10,197,863"
"Braxton Berrios","WR","NYJ                  NYJ","26","2022","2023","2","$12,000,000","$6,000,000","2.88%","$5,465,000","$7,000,000","$7,000,000","$12,000,000","$12,000,000"
"Darius Slayton","WR","NYG                  NYG","26","2023","2024","2","$12,000,000","$6,000,000","2.67%","$3,500,000","$4,900,000","$4,900,000","$12,400,000","$12,400,000"
"Jauan Jennings","WR","SF                  SF","26","2024","2025","2","$11,890,000","$5,945,000","2.33%","$6,210,000","$8,435,000","$8,435,000","$21,571,300","$21,571,300"
"Jayden Higgins","WR","HOU                  HOU","22","2025","2028","4","$11,700,824","$2,925,206","1.05%","$5,149,688","$11,700,824","$11,700,824","$7,365,086","$9,268,798"
"Larry Fitzgerald","WR","ARI                  ARI","36","2020","2020","1","$11,500,000","$11,500,000","5.80%","","$11,000,000","$11,000,000","$11,725,629","$11,725,629"
"Christian Watson","WR","GB                  GB","26","2025","2026","1","$11,000,000","$11,000,000","3.94%","$6,067,078","$6,067,078","$6,067,078","$12,973,961","$12,973,961"
"Tyquan Thornton","WR","KC                  KC","25","2026","2027","2","$11,000,000","$5,500,000","1.83%","$4,000,000","$7,400,000","$7,400,000","$11,000,000","$11,000,000"
"Luther Burden III","WR","CHI                  CHI","21","2025","2028","4","$10,964,030","$2,741,008","0.98%","$4,613,840","$10,964,030","$10,964,030","$6,796,069","$8,632,799"
"DeVante Parker","WR","NE                  NE","30","2023","2025","2","$10,800,000","$5,400,000","2.40%","","$9,100,000","$14,000,000","$11,820,000","$16,820,000"
"Will Fuller","WR","MIA                  MIA","26","2021","2021","1","$10,625,011","$10,625,011","5.82%","$9,635,011","$10,000,000","$10,000,000","$9,945,000","$9,945,000"
"Kalif Raymond","WR","DET                  DET","29","2023","2025","2","$10,500,000","$5,250,000","2.34%","$3,000,000","$8,150,000","$8,150,000","$8,426,470","$12,366,470"
"Keon Coleman","WR","BUF                  BUF","20","2024","2027","4","$10,074,258","$2,518,565","0.99%","$4,146,732","$9,640,505","$9,640,505","$6,480,762","$8,191,604"
"Kendrick Bourne","WR","ARI                  ARI","30","2026","2027","2","$10,000,000","$5,000,000","1.66%","$4,500,000","$6,500,000","$7,500,000","$10,000,000","$10,000,000"
"DJ Chark","WR","DET                  DET","25","2022","2022","1","$10,000,000","$10,000,000","4.80%","$8,965,000","$10,000,000","$10,000,000","$10,000,000","$10,000,000"
"Michael Thomas","WR","NO                  NO","30","2023","2024","1","$10,000,000","$10,000,000","4.45%","$5,000,000","$10,000,000","$10,000,000","$8,460,000","$8,460,000"
"Jakeem Grant","WR","CLE                  CLE","29","2022","2023","3","$10,000,000","$3,333,333","1.60%","$2,000,000","$3,035,000","$3,035,000","$4,502,500","$4,502,500"
"Dyami Brown","WR","JAX                  JAX","25","2025","2025","1","$10,000,000","$10,000,000","3.58%","$5,000,000","$9,500,000","$9,500,000","$9,970,588","$9,970,588"
"TuTu Atwell","WR","LAR                  LAR","25","2025","2025","1","$10,000,000","$10,000,000","3.58%","$5,000,000","$10,000,000","$10,000,000","$10,009,450","$10,009,450"
"Mike Williams","WR","NYJ                  NYJ","29","2024","2024","1","$10,000,000","$10,000,000","3.92%","$3,300,000","$8,300,000","$8,300,000","$627,500","$627,500"
"Ladd McConkey","WR","LAC                  LAC","22","2024","2027","4","$9,995,186","$2,498,797","0.98%","$4,089,224","$9,185,943","$9,185,943","$6,142,371","$7,846,025"
"Ja'Lynn Polk","WR","NE                  NE","22","2024","2027","4","$9,694,744","$2,423,686","0.95%","$3,870,724","$8,214,275","$8,214,275","$5,764,098","$7,440,438"
"Deonte Harty","WR","BUF                  BUF","25","2023","2024","2","$9,500,000","$4,750,000","2.11%","$2,750,000","$4,750,000","$5,250,000","$9,970,000","$9,970,000"
"Christian Watson","WR","GB                  GB","22","2022","2025","4","$9,241,033","$2,310,258","1.11%","$3,900,752","$7,425,893","$7,425,893","$5,730,799","$7,275,893"
"Sammy Watkins","WR","KC                  KC","26","2020","2020","1","$9,000,000","$9,000,000","4.54%","$1,000,000","$8,000,000","$8,000,000","$8,893,617","$8,893,617"
"Josh Reynolds","WR","DEN                  DEN","29","2024","2025","2","$9,000,000","$4,500,000","1.76%","$2,000,000","$4,245,000","$4,245,000","$5,258,610","$5,258,610"
"Elijah Moore","WR","NYJ                  NYJ","20","2021","2024","4","$8,940,426","$2,235,107","1.22%","$3,862,128","$5,928,511","$5,928,511","$5,588,511","$7,061,277"
"Jonathan Mingo","WR","CAR                  CAR","22","2023","2026","4","$8,856,595","$2,214,149","0.98%","$3,441,160","$6,898,887","$6,898,887","$4,767,446","$6,332,671"
"Tee Higgins","WR","CIN                  CIN","20","2020","2023","4","$8,686,785","$2,171,696","1.10%","$3,877,664","$5,882,518","$5,882,518","$5,714,787","$7,114,495"
"Michael Pittman Jr.","WR","IND                  IND","22","2020","2023","4","$8,612,850","$2,153,213","1.09%","$3,823,892","$5,825,385","$5,825,385","$5,613,196","$7,006,182"
"Adam Thielen","WR","CAR                  CAR","34","2025","2025","1","$8,500,000","$8,500,000","3.04%","$2,000,000","$3,500,000","$3,500,000","$1,127,450","$1,127,450"
"Devin Duvernay","WR","JAX                  JAX","26","2024","2025","2","$8,500,000","$4,250,000","1.66%","$3,250,000","$5,700,000","$5,700,000","$8,382,352","$8,382,352"
"Mack Hollins","WR","NE                  NE","31","2025","2026","2","$8,400,000","$4,200,000","1.50%","$1,500,000","$3,500,000","$3,500,000","$9,409,765","$9,409,765"
"Wan'dale Robinson","WR","NYG                  NYG","20","2022","2025","4","$8,185,166","$2,046,292","0.98%","$3,132,848","$5,791,409","$5,791,409","$4,914,901","$6,364,007"
"John Metchie","WR","HOU                  HOU","21","2022","2025","4","$8,070,172","$2,017,543","0.97%","$3,049,216","$4,921,042","$4,921,042","$4,716,044","$6,154,696"
"Demarcus Robinson","WR","SF                  SF","30","2025","2026","2","$8,000,000","$4,000,000","1.43%","$2,270,000","$6,000,000","$6,000,000","$7,765,830","$7,765,830"
"JuJu Smith-Schuster","WR","PIT                  PIT","24","2021","2021","1","$8,000,000","$8,000,000","4.38%","$7,000,000","$7,000,000","$7,000,000","$8,000,000","$8,000,000"
"Tre Harris","WR","LAC                  LAC","23","2025","2028","4","$7,817,694","$1,954,424","0.70%","$2,325,596","$5,578,246","$5,578,246","$4,365,453","$5,916,153"
"Laviska Shenault","WR","JAX                  JAX","21","2020","2023","4","$7,696,069","$1,924,017","0.97%","$3,157,140","$4,116,961","$4,116,961","$4,883,939","$6,193,582"
"Jack Bech","WR","LV                  LV","22","2025","2028","4","$7,558,817","$1,889,704","0.68%","$2,137,320","$5,077,203","$5,077,203","$4,164,124","$5,691,290"
"Adonai Mitchell","WR","IND                  IND","21","2024","2027","4","$7,386,086","$1,846,522","0.72%","$2,191,700","$4,817,431","$4,817,431","$3,552,065","$5,018,527"
"Ashton Dulin","WR","IND                  IND","25","2023","2024","2","$7,200,000","$3,600,000","1.60%","$2,000,000","$3,500,000","$3,500,000","$7,020,000","$7,020,000"
"Jayden Reed","WR","GB                  GB","23","2023","2026","4","$7,180,778","$1,795,195","0.80%","$2,222,384","$4,048,783","$4,048,783","$4,048,783","$5,460,401"
"K.J. Hamler","WR","DEN                  DEN","20","2020","2023","4","$7,137,130","$1,784,283","0.90%","$2,750,640","$3,685,055","$3,685,055","$4,449,808","$5,708,638"
"Tyquan Thornton","WR","NE                  NE","21","2022","2025","4","$7,053,857","$1,763,464","0.85%","$2,310,080","$3,335,710","$3,335,710","$4,040,710","$5,386,970"
"Marquise Brown","WR","KC                  KC","27","2025","2025","1","$7,000,000","$7,000,000","2.51%","$3,000,000","$6,500,000","$6,500,000","$8,485,294","$8,485,294"
"Marquise Brown","WR","KC                  KC","26","2024","2024","1","$7,000,000","$7,000,000","2.74%","$3,000,000","$6,500,000","$6,500,000","$6,779,411","$6,779,411"
"Rondale Moore","WR","ARI                  ARI","20","2021","2024","4","$6,924,241","$1,731,060","0.95%","$2,395,812","$3,370,550","$3,370,550","$4,030,550","$5,637,628"
"George Pickens","WR","PIT                  PIT","20","2022","2025","4","$6,752,179","$1,688,045","0.81%","$2,090,676","$3,102,593","$3,102,593","$3,807,593","$5,126,427"
"Kyle Williams","WR","NE                  NE","22","2025","2028","4","$6,703,572","$1,675,893","0.60%","$1,515,324","$1,515,324","$1,515,324","$3,505,184","$4,954,600"
"Isaac TeSlaa","WR","DET                  DET","23","2025","2028","4","$6,664,452","$1,666,113","0.60%","$1,486,872","$1,486,872","$1,486,872","$3,472,539","$4,918,399"
"Chase Claypool","WR","PIT                  PIT","21","2020","2023","4","$6,616,625","$1,654,156","0.83%","$2,372,092","$3,282,848","$3,282,848","$3,892,848","$4,565,909"
"Alec Pierce","WR","IND                  IND","21","2022","2025","4","$6,601,342","$1,650,336","0.79%","$1,980,976","$2,986,037","$2,986,037","$3,691,037","$4,996,159"
"Pat Bryant","WR","DEN                  DEN","22","2025","2028","4","$6,581,080","$1,645,270","0.59%","$1,426,240","$1,426,240","$1,426,240","$3,410,210","$4,848,490"
"Breshad Perriman","WR","NYJ                  NYJ","26","2020","2020","1","$6,500,000","$6,500,000","3.28%","$3,000,000","$6,000,000","$6,000,000","$6,437,500","$6,437,500"
"Ashton Dulin","WR","IND                  IND","27","2025","2026","2","$6,500,000","$3,250,000","1.16%","$1,340,000","$2,940,000","$2,940,000","$6,358,820","$6,358,820"
"Rashee Rice","WR","KC                  KC","23","2023","2026","4","$6,495,208","$1,623,802","0.72%","$1,723,788","$3,519,025","$3,519,025","$3,519,025","$4,445,866"
"Jaylin Noel","WR","HOU                  HOU","22","2025","2028","4","$6,466,856","$1,616,714","0.58%","$1,343,168","$1,343,168","$1,343,168","$3,320,658","$4,748,554"
"Skyy Moore","WR","KC                  KC","21","2022","2025","4","$6,450,498","$1,612,625","0.77%","$1,871,272","$2,869,476","$2,869,476","$3,574,476","$4,865,886"
"Savion Williams","WR","GB                  GB","23","2025","2028","4","$6,292,454","$1,573,114","0.56%","$1,216,328","$1,216,328","$1,216,328","$3,165,969","$4,578,011"
"Tai Felton","WR","MIN                  MIN","22","2025","2028","4","$6,161,184","$1,540,296","0.55%","$1,120,860","$1,120,860","$1,120,860","$3,084,295","$4,484,403"
"Malachi Corley","WR","NYJ                  NYJ","22","2024","2027","4","$6,073,456","$1,518,364","0.59%","$1,237,060","$1,237,060","$1,237,060","$3,103,126","$4,450,258"
"Marvin Mims","WR","DEN                  DEN","21","2023","2026","4","$6,068,635","$1,517,159","0.67%","$1,413,552","$3,189,399","$3,189,399","$3,189,399","$4,499,598"
"Trent Sherfield","WR","DEN                  DEN","29","2025","2026","2","$6,000,000","$3,000,000","1.07%","$1,500,000","$1,500,000","$1,500,000","$6,007,245","$6,007,245"
"Josh Reynolds","WR","DET                  DET","26","2022","2023","2","$6,000,000","$3,000,000","1.44%","$1,500,000","$2,700,000","$2,700,000","$6,000,000","$6,000,000"
"A.J. Green","WR","ARI                  ARI","32","2021","2021","1","$6,000,000","$6,000,000","3.29%","$3,750,000","$6,000,000","$6,000,000","$7,250,000","$7,250,000"
"Emmanuel Sanders","WR","BUF                  BUF","33","2021","2021","1","$6,000,000","$6,000,000","3.29%","$2,750,000","$5,900,000","$5,900,000","$5,941,176","$5,941,176"
"Julio Jones","WR","TB                  TB","32","2022","2022","1","$6,000,000","$6,000,000","2.88%","$1,085,000","$6,000,000","$6,000,000","$5,485,294","$5,485,294"
"Tre'quan Smith","WR","NO                  NO","25","2022","2023","2","$6,000,000","$3,000,000","1.44%","$2,000,000","$2,000,000","$2,000,000","$6,000,000","$6,000,000"
"Nick Westbrook","WR","MIA                  MIA","27","2025","2026","2","$5,990,000","$2,995,000","1.07%","$2,000,000","$3,200,000","$3,200,000","$5,998,820","$5,998,820"
"D'Wayne Eskridge","WR","SEA                  SEA","23","2021","2024","4","$5,953,504","$1,488,376","0.82%","$1,689,820","$2,620,434","$2,620,434","$3,280,434","$4,081,252"
"TuTu Atwell","WR","LAR                  LAR","21","2021","2024","4","$5,908,699","$1,477,175","0.81%","$1,657,236","$2,585,813","$2,585,813","$3,245,813","$4,442,967"
"Jermaine Burton","WR","CIN                  CIN","22","2024","2027","4","$5,820,896","$1,455,224","0.57%","$1,053,380","$1,053,380","$1,053,380","$3,053,347","$4,377,519"
"Cedrick Wilson","WR","NO                  NO","28","2024","2025","2","$5,750,000","$2,875,000","1.13%","$1,500,000","$2,850,000","$2,850,000","$4,020,000","$4,020,000"
"Roman Wilson","WR","PIT                  PIT","22","2024","2027","4","$5,745,168","$1,436,292","0.56%","$998,304","$998,304","$998,304","$2,858,268","$4,175,556"
"Terrace Marshall","WR","CAR                  CAR","20","2021","2024","4","$5,729,488","$1,432,372","0.78%","$1,526,900","$2,447,331","$2,447,331","$3,107,331","$4,288,193"
"Tank Dell","WR","HOU                  HOU","23","2023","2026","4","$5,689,104","$1,422,276","0.63%","$1,137,528","$1,137,528","$1,137,528","$2,812,791","$4,088,803"
"Jalen McMillan","WR","TB                  TB","22","2024","2027","4","$5,663,024","$1,415,756","0.55%","$938,564","$938,564","$938,564","$2,788,179","$4,097,999"
"Jalin Hyatt","WR","NYG                  NYG","21","2023","2026","4","$5,625,313","$1,406,328","0.63%","$1,091,136","$1,091,136","$1,091,136","$2,846,832","$4,118,304"
"Cedric Tillman","WR","CLE                  CLE","23","2023","2026","4","$5,614,512","$1,403,628","0.62%","$1,080,336","$1,080,336","$1,080,336","$3,144,583","$4,413,130"
"Van Jefferson","WR","LAR                  LAR","23","2020","2023","4","$5,611,134","$1,402,784","0.71%","$1,640,824","$2,505,876","$2,505,876","$3,255,880","$4,375,983"
"Luke McCaffrey","WR","WAS                  WAS","23","2024","2027","4","$5,596,312","$1,399,078","0.55%","$890,044","$890,044","$890,044","$2,744,502","$4,048,258"
"Josh Downs","WR","IND                  IND","21","2023","2026","4","$5,520,459","$1,380,115","0.61%","$1,014,880","$1,014,880","$1,014,880","$2,765,810","$4,026,490"
"Keelan Cole","WR","NYJ                  NYJ","27","2021","2021","1","$5,500,000","$5,500,000","3.01%","$3,000,000","$5,000,000","$5,000,000","$5,470,588","$5,470,588"
"Khadarel Hodge","WR","ATL                  ATL","30","2025","2026","2","$5,500,000","$2,750,000","0.98%","$1,250,000","$2,505,000","$2,505,000","$5,432,245","$5,432,245"
"Denzel Mims","WR","NYJ                  NYJ","22","2020","2023","4","$5,433,700","$1,358,425","0.69%","$1,511,784","$2,368,770","$2,368,770","$2,917,005","$4,020,978"
"Velus Jones","WR","CHI                  CHI","24","2022","2025","4","$5,405,928","$1,351,482","0.65%","$1,111,584","$1,111,584","$1,111,584","$2,767,308","$3,963,756"
"Chimere Dike","WR","TEN                  TEN","22","2025","2028","4","$5,400,952","$1,350,238","0.48%","$1,100,952","$1,100,952","$1,100,952","$3,050,460","$4,170,460"
"Michael Wilson","WR","ARI                  ARI","23","2023","2026","4","$5,339,461","$1,334,865","0.59%","$883,244","$883,244","$883,244","$3,654,164","$4,898,390"
"Tre Tucker","WR","LV                  LV","22","2023","2026","4","$5,304,084","$1,326,021","0.59%","$857,516","$857,516","$857,516","$2,598,611","$3,840,880"
"Matthew Slater","WR","NE                  NE","34","2020","2021","2","$5,300,000","$2,650,000","1.34%","","$1,600,000","$2,350,000","$5,659,203","$5,659,203"
"Dont'e Thornton Jr.","WR","LV                  LV","22","2025","2028","4","$5,250,900","$1,312,725","0.47%","$1,050,900","$1,050,900","$1,050,900","$2,899,442","$4,019,442"
"Arian Smith","WR","NYJ                  NYJ","23","2025","2028","4","$5,241,652","$1,310,413","0.47%","$1,041,652","$1,041,652","$1,041,652","$2,890,516","$4,010,516"
"Rashid Shaheed","WR","NO                  NO","25","2024","2025","1","$5,200,000","$5,200,000","2.04%","$1,000,000","$1,000,000","$1,000,000","$4,085,000","$4,085,000"
"Jalen Tolbert","WR","DAL                  DAL","22","2022","2025","4","$5,135,719","$1,283,930","0.62%","$915,068","$915,068","$915,068","$2,558,510","$3,730,394"
"Jaylin Lane","WR","WAS                  WAS","23","2025","2028","4","$5,113,852","$1,278,463","0.46%","$913,852","$913,852","$913,852","$2,723,668","$3,843,668"
"David Bell","WR","CLE                  CLE","21","2022","2025","4","$5,094,904","$1,273,726","0.61%","$849,020","$849,020","$849,020","$2,487,334","$3,650,962"
"Jalen Royals","WR","KC                  KC","22","2025","2028","4","$5,067,200","$1,266,800","0.45%","$867,200","$867,200","$867,200","$2,715,742","$3,835,742"
"Danny Gray","WR","SF                  SF","22","2022","2025","4","$5,044,908","$1,261,227","0.61%","$849,024","$849,024","$849,024","$2,488,338","$3,651,966"
"Josh Palmer","WR","LAC                  LAC","21","2021","2024","4","$5,032,438","$1,258,110","0.69%","$1,019,676","$1,019,676","$1,019,676","$2,568,470","$3,686,057"
"DJ Chark","WR","CAR                  CAR","26","2023","2023","1","$5,000,000","$5,000,000","2.22%","$3,920,000","$5,000,000","$5,000,000","$5,000,000","$5,000,000"
"Marquise Brown","WR","PHI                  PHI","28","2026","2026","1","$5,000,000","$5,000,000","1.66%","$3,700,000","$5,000,000","$5,000,000","$5,000,000","$5,000,000"
"DeAndre Hopkins","WR","BAL                  BAL","32","2025","2025","1","$5,000,000","$5,000,000","1.79%","$3,745,000","$5,000,000","$5,000,000","$5,000,000","$5,000,000"
"Justin Watson","WR","HOU                  HOU","29","2025","2026","2","$5,000,000","$2,500,000","0.90%","$500,000","$3,000,000","$3,000,000","$4,800,103","$4,800,103"
"Ray-Ray McCloud","WR","ATL                  ATL","27","2024","2025","2","$5,000,000","$2,500,000","0.98%","$1,000,000","$2,125,000","$2,125,000","$6,723,580","$6,723,580"
"Kalif Raymond","WR","DET                  DET","27","2022","2023","2","$5,000,000","$2,500,000","1.20%","$1,250,000","$2,850,000","$2,850,000","$5,500,000","$5,500,000"
"Sammy Watkins","WR","BAL                  BAL","27","2021","2021","1","$5,000,000","$5,000,000","2.74%","$5,000,000","$5,000,000","$5,000,000","$5,000,000","$5,000,000"
"Danny Amendola","WR","DET                  DET","34","2020","2020","1","$5,000,000","$5,000,000","2.52%","$3,000,000","$4,500,000","$4,500,000","$5,025,662","$5,025,662"
"Dyami Brown","WR","WAS                  WAS","21","2021","2024","4","$4,944,000","$1,236,000","0.68%","$955,636","$955,636","$955,636","$2,500,363","$3,609,817"
"Amari Rodgers","WR","GB                  GB","21","2021","2024","4","$4,899,895","$1,224,974","0.67%","$923,560","$923,560","$923,560","$1,975,880","$3,081,326"
"Troy Franklin","WR","DEN                  DEN","21","2024","2027","4","$4,874,836","$1,218,709","0.48%","$854,836","$854,836","$854,836","$2,633,341","$3,708,341"
"Nico Collins","WR","HOU                  HOU","21","2021","2024","4","$4,871,516","$1,217,879","0.67%","$902,920","$902,920","$902,920","$2,403,520","$3,506,385"
"Elic Ayomanor","WR","TEN                  TEN","21","2025","2028","4","$4,865,816","$1,216,454","0.44%","$665,816","$665,816","$665,816","$2,514,841","$3,634,841"
"Jordan Watkins","WR","SF                  SF","23","2025","2028","4","$4,865,816","$1,216,454","0.44%","$665,816","$665,816","$665,816","$2,513,875","$3,633,875"
"Anthony Schwartz","WR","CLE                  CLE","20","2021","2024","4","$4,863,022","$1,215,756","0.67%","$896,744","$896,744","$896,744","$2,437,790","$3,539,883"
"Javon Baker","WR","NE                  NE","22","2024","2027","4","$4,836,596","$1,209,149","0.47%","$816,956","$816,956","$816,956","$2,571,596","$3,646,596"
"Devontez Walker","WR","BAL                  BAL","22","2024","2027","4","$4,817,852","$1,204,463","0.47%","$797,852","$797,852","$797,852","$2,744,165","$3,819,165"
"David Moore","WR","CAR                  CAR","25","2021","2022","2","$4,750,000","$2,375,000","1.30%","$1,250,000","$1,250,000","$1,250,000","$4,750,000","$4,750,000"
"Parris Campbell","WR","NYG                  NYG","25","2023","2023","1","$4,700,000","$4,700,000","2.09%","$1,500,000","$2,900,000","$2,900,000","$4,500,000","$4,500,000"
"Bryan Edwards","WR","LV                  LV","21","2020","2023","4","$4,692,455","$1,173,114","0.59%","$972,696","$972,696","$972,696","$2,537,305","$3,573,891"
"KeAndre Lambert-Smith","WR","LAC                  LAC","22","2025","2028","4","$4,608,004","$1,152,001","0.41%","$408,004","$408,004","$408,004","$2,257,512","$3,377,512"
"Devin Duvernay","WR","BAL                  BAL","22","2020","2023","4","$4,575,810","$1,143,953","0.58%","$887,864","$887,864","$887,864","$2,526,687","$3,532,687"
"Tory Horton","WR","SEA                  SEA","22","2025","2028","4","$4,565,040","$1,141,260","0.41%","$365,040","$365,040","$365,040","$2,078,279","$3,198,279"
"Derius Davis","WR","LAC                  LAC","22","2023","2026","4","$4,551,932","$1,137,983","0.51%","$711,932","$711,932","$711,932","$2,376,932","$3,415,437"
"Jacob Cowing","WR","SF                  SF","23","2024","2027","4","$4,548,708","$1,137,177","0.45%","$528,708","$528,708","$528,708","$1,847,528","$2,922,528"
"Charlie Jones","WR","CIN                  CIN","24","2023","2026","4","$4,518,776","$1,129,694","0.50%","$678,776","$678,776","$678,776","$2,289,591","$3,328,096"
"Tyler Scott","WR","CHI                  CHI","21","2023","2026","4","$4,503,452","$1,125,863","0.50%","$663,452","$663,452","$663,452","$2,377,134","$3,407,134"
"Olamide Zaccheaus","WR","ATL                  ATL","28","2026","2027","2","$4,500,000","$2,250,000","0.75%","$1,000,000","$2,300,000","$2,300,000","$4,500,000","$4,500,000"
"DeSean Jackson","WR","LAR                  LAR","34","2021","2021","1","$4,500,000","$4,500,000","2.47%","","$2,750,000","$2,750,000","$3,264,706","$3,264,706"
"Zach Pascal","WR","ARI                  ARI","28","2023","2024","2","$4,500,000","$2,250,000","1.00%","$1,500,000","$1,500,000","$1,500,000","$4,806,098","$4,806,098"
"Ben Skowronek","WR","PIT                  PIT","27","2025","2026","2","$4,475,000","$2,237,500","0.80%","$1,080,000","$1,080,000","$1,080,000","$4,508,820","$4,508,820"
"LaJohntay Wester","WR","BAL                  BAL","23","2025","2028","4","$4,414,868","$1,103,717","0.40%","$214,868","$214,868","$214,868","$2,065,020","$3,185,020"
"Isaiah McKenzie","WR","BUF                  BUF","26","2022","2023","2","$4,400,000","$2,200,000","1.06%","$600,000","$1,250,000","$1,250,000","$4,777,941","$4,777,941"
"Jimmy Horn Jr.","WR","CAR                  CAR","22","2025","2028","4","$4,395,440","$1,098,860","0.39%","$195,440","$195,440","$195,440","$2,043,982","$3,163,982"
"Erik Ezukanma","WR","MIA                  MIA","21","2022","2025","4","$4,384,992","$1,096,248","0.53%","$724,992","$724,992","$724,992","$2,299,992","$3,284,992"
"Tommy Mellott","WR","LV                  LV","24","2025","2028","4","$4,374,280","$1,093,570","0.39%","$174,280","$174,280","$174,280","$2,019,280","$3,139,280"
"Anthony Gould","WR","IND                  IND","23","2024","2027","4","$4,372,664","$1,093,166","0.43%","$352,664","$352,664","$352,664","$2,067,034","$3,142,034"
"Ainias Smith","WR","PHI                  PHI","22","2024","2027","4","$4,354,296","$1,088,574","0.43%","$334,296","$334,296","$334,296","$1,971,411","$3,046,411"
"Jamari Thrash","WR","CLE                  CLE","23","2024","2027","4","$4,345,408","$1,086,352","0.43%","$325,408","$325,408","$325,408","$2,208,598","$3,283,598"
"Romeo Doubs","WR","GB                  GB","21","2022","2025","4","$4,343,916","$1,085,979","0.52%","$683,916","$683,916","$683,916","$2,258,916","$3,243,916"
"Tez Johnson","WR","TB                  TB","22","2025","2028","4","$4,323,940","$1,080,985","0.39%","$123,940","$123,940","$123,940","$1,973,770","$3,093,770"
"Ricky White III","WR","SEA                  SEA","23","2025","2028","4","$4,312,700","$1,078,175","0.39%","$112,700","$112,700","$112,700","$1,962,047","$3,082,047"
"Kaden Prather","WR","BUF                  BUF","22","2025","2028","4","$4,310,368","$1,077,592","0.39%","$110,368","$110,368","$110,368","$1,609,232","$2,729,232"
"Konata Mumpfield","WR","LAR                  LAR","22","2025","2028","4","$4,308,536","$1,077,134","0.39%","$108,536","$108,536","$108,536","$1,957,400","$3,077,400"
"Dominic Lovett","WR","DET                  DET","22","2025","2028","4","$4,306,772","$1,076,693","0.39%","$106,772","$106,772","$106,772","$1,954,509","$3,074,509"
"Junior Bergen","WR","SF                  SF","","2025","2028","4","$4,301,672","$1,075,418","0.39%","$101,672","$101,672","$101,672","$1,946,672","$3,066,672"
"Dez Fitzpatrick","WR","TEN                  TEN","23","2021","2024","4","$4,279,804","$1,069,951","0.59%","$799,804","$799,804","$799,804","$2,284,804","$3,224,804"
"Bub Means","WR","NO                  NO","23","2024","2027","4","$4,274,276","$1,068,569","0.42%","$254,276","$254,276","$254,276","$1,564,276","$2,639,276"
"Amon-Ra St. Brown","WR","DET                  DET","21","2021","2024","4","$4,265,252","$1,066,313","0.58%","$785,252","$785,252","$785,252","$2,270,252","$3,210,252"
"Jha'Quan Jackson","WR","TEN                  TEN","23","2024","2027","4","$4,223,668","$1,055,917","0.41%","$203,668","$203,668","$203,668","$1,958,668","$3,033,668"
"Malik Washington","WR","MIA                  MIA","23","2024","2027","4","$4,219,560","$1,054,890","0.41%","$199,560","$199,560","$199,560","$1,963,380","$3,038,380"
"Johnny Wilson","WR","PHI                  PHI","23","2024","2027","4","$4,217,008","$1,054,252","0.41%","$197,008","$197,008","$197,008","$1,515,828","$2,520,828"
"Casey Washington","WR","ATL                  ATL","23","2024","2027","4","$4,213,596","$1,053,399","0.41%","$193,596","$193,596","$193,596","$2,016,647","$3,091,647"
"Tejhaun Palmer","WR","ARI                  ARI","23","2024","2027","4","$4,205,228","$1,051,307","0.41%","$185,228","$185,228","$185,228","$1,940,228","$3,015,228"
"Gunner Olszewski","WR","PIT                  PIT","25","2022","2023","2","$4,200,000","$2,100,000","1.01%","$1,235,000","$1,235,000","$1,235,000","$3,600,000","$3,600,000"
"Jaelon Darden","WR","TB                  TB","21","2021","2024","4","$4,177,904","$1,044,476","0.57%","$697,904","$697,904","$697,904","$1,587,069","$2,527,069"
"Tylan Wallace","WR","BAL                  BAL","21","2021","2024","4","$4,165,364","$1,041,341","0.57%","$685,364","$685,364","$685,364","$2,170,364","$3,110,364"
"Calvin Austin","WR","PIT                  PIT","22","2022","2025","4","$4,164,340","$1,041,085","0.50%","$504,340","$504,340","$504,340","$1,684,340","$2,669,340"
"Ryan Flournoy","WR","DAL                  DAL","24","2024","2027","4","$4,158,388","$1,039,597","0.41%","$138,388","$138,388","$138,388","$1,893,388","$2,968,388"
"Jordan Whittington","WR","LAR                  LAR","23","2024","2027","4","$4,158,388","$1,039,597","0.41%","$138,388","$138,388","$138,388","$1,903,468","$2,978,468"
"Dontayvion Wicks","WR","GB                  GB","21","2023","2026","4","$4,142,548","$1,035,637","0.46%","$302,548","$302,548","$302,548","$1,967,548","$3,006,368"
"Brenden Rice","WR","LAC                  LAC","22","2024","2027","4","$4,134,592","$1,033,648","0.40%","$114,592","$114,592","$114,592","$1,869,592","$2,944,592"
"Byron Pringle","WR","CHI                  CHI","28","2022","2022","1","$4,125,000","$4,125,000","1.98%","$3,900,000","","$3,900,000","$4,080,883","$4,080,883"
"Devaughn Vele","WR","DEN                  DEN","26","2024","2027","4","$4,124,480","$1,031,120","0.40%","$104,480","$104,480","$104,480","$1,785,308","$2,860,308"
"Tahj Washington","WR","MIA                  MIA","22","2024","2027","4","$4,104,436","$1,026,109","0.40%","$84,436","$84,436","$84,436","$1,409,216","$2,484,216"
"Cornelius Johnson","WR","LAC                  LAC","23","2024","2027","4","$4,100,736","$1,025,184","0.40%","$80,736","$80,736","$80,736","$1,835,736","$2,910,736"
"Puka Nacua","WR","LAR                  LAR","22","2023","2026","4","$4,084,977","$1,021,244","0.45%","$244,976","$244,976","$244,976","$1,909,976","$2,949,426"
"Parker Washington","WR","JAX                  JAX","21","2023","2026","4","$4,032,264","$1,008,066","0.45%","$192,264","$192,264","$192,264","$1,757,264","$2,797,029"
"Kayshon Boutte","WR","NE                  NE","20","2023","2026","4","$4,027,272","$1,006,818","0.45%","$187,272","$187,272","$187,272","$1,852,272","$2,892,035"
"Trey Palmer","WR","TB                  TB","22","2023","2026","4","$4,019,292","$1,004,823","0.45%","$179,292","$179,292","$179,292","$1,844,292","$2,874,292"
"A.T. Perry","WR","NO                  NO","23","2023","2026","4","$4,016,364","$1,004,091","0.45%","$176,364","$176,364","$176,364","$1,841,364","$2,871,364"
"Elijah Higgins","WR","MIA                  MIA","22","2023","2026","4","$4,015,884","$1,003,971","0.45%","$175,884","$175,884","$175,884","$2,367,400","$3,406,220"
"Khalil Shakir","WR","BUF                  BUF","21","2022","2025","4","$4,007,148","$1,001,787","0.48%","$347,148","$347,148","$347,148","$1,922,148","$3,378,849"
"Xavier Hutchinson","WR","HOU                  HOU","22","2023","2026","4","$4,003,704","$1,000,926","0.45%","$163,704","$163,704","$163,704","$1,828,704","$2,867,524"
"Tyrell Williams","WR","DET                  DET","28","2021","2021","1","$4,000,000","$4,000,000","2.19%","$2,000,000","$4,000,000","$4,000,000","$4,000,000","$4,000,000"
"Cody Core","WR","NYG                  NYG","25","2020","2021","2","$4,000,000","$2,000,000","1.01%","","$1,000,000","$1,000,000","$4,000,000","$4,000,000"
"Tyler Lockett","WR","TEN                  TEN","32","2025","2025","1","$4,000,000","$4,000,000","1.43%","$630,000","$3,490,000","$3,490,000","$4,001,260","$4,001,260"
"Marquez Valdes-Scantling","WR","SEA                  SEA","30","2025","2025","1","$4,000,000","$4,000,000","1.43%","$1,500,000","$3,000,000","$3,000,000","$4,000,000","$4,000,000"
"K.J. Osborn","WR","NE                  NE","26","2024","2024","1","$4,000,000","$4,000,000","1.57%","$2,000,000","$3,180,000","$3,180,000","$422,224","$422,224"
"Noah Brown","WR","HOU                  HOU","28","2024","2024","1","$4,000,000","$4,000,000","1.57%","$1,000,000","$3,000,000","$3,000,000","$4,000,000","$4,000,000"
"Demarcus Robinson","WR","LAR                  LAR","29","2024","2024","1","$4,000,000","$4,000,000","1.57%","$1,500,000","$1,500,000","$1,500,000","$5,000,000","$5,000,000"
"Mecole Hardman","WR","NYJ                  NYJ","25","2023","2023","1","$4,000,000","$4,000,000","1.78%","$2,500,000","$3,580,000","$3,580,000","$868,230","$868,230"
"Ray-Ray McCloud","WR","SF                  SF","25","2022","2023","2","$4,000,000","$2,000,000","0.96%","$1,750,000","$2,785,000","$2,785,000","$3,960,292","$3,960,292"
"Andrei Iosivas","WR","CIN                  CIN","23","2023","2026","4","$3,999,384","$999,846","0.44%","$159,384","$159,384","$159,384","$2,678,478","$3,716,983"
"Gabriel Davis","WR","BUF                  BUF","20","2020","2023","4","$3,994,380","$998,595","0.50%","$699,380","$699,380","$699,380","$2,137,690","$3,032,690"
"Deonte Harty","WR","NO                  NO","24","2022","2022","1","$3,986,000","$3,986,000","1.91%","","","","$3,985,997","$3,985,997"
"Jakobi Meyers","WR","NE                  NE","25","2022","2022","1","$3,986,000","$3,986,000","1.91%","","","","$3,986,000","$3,986,000"
"Jacob Harris","WR","LAR                  LAR","23","2021","2024","4","$3,979,344","$994,836","0.55%","$499,344","$499,344","$499,344","$1,861,844","$2,801,844"
"Montrell Washington","WR","DEN                  DEN","22","2022","2025","4","$3,974,184","$993,546","0.48%","$314,184","$314,184","$314,184","$1,889,184","$2,874,184"
"Demario Douglas","WR","NE                  NE","22","2023","2026","4","$3,973,332","$993,333","0.44%","$133,332","$133,332","$133,332","$1,798,332","$2,838,412"
"Kyle Philips","WR","TEN                  TEN","22","2022","2025","4","$3,973,324","$993,331","0.48%","$313,324","$313,324","$313,324","$1,632,493","$2,152,493"
"Antoine Green","WR","DET                  DET","23","2023","2026","4","$3,956,760","$989,190","0.44%","$116,760","$116,760","$116,760","$1,081,760","$2,111,760"
"Colton Dowell","WR","TEN                  TEN","24","2023","2026","4","$3,942,696","$985,674","0.44%","$102,696","$102,696","$102,696","$1,347,696","$2,377,696"
"Jalen Brooks","WR","DAL                  DAL","23","2023","2026","4","$3,922,360","$980,590","0.44%","$82,360","$82,360","$82,360","$1,747,360","$2,777,360"
"Ronnie Bell","WR","SF                  SF","23","2023","2026","4","$3,917,776","$979,444","0.44%","$77,776","$77,776","$77,776","$1,742,776","$2,772,776"
"Grant DuBose","WR","GB                  GB","21","2023","2026","4","$3,917,776","$979,444","0.44%","$77,776","$77,776","$77,776","$1,742,776","$2,772,776"
"Jalen Nailor","WR","MIN                  MIN","22","2022","2025","4","$3,840,660","$960,165","0.46%","$180,660","$180,660","$180,660","$1,623,993","$2,608,993"
"Mike Woods","WR","CLE                  CLE","21","2022","2025","4","$3,828,288","$957,072","0.46%","$168,288","$168,288","$168,288","$1,189,954","$2,174,954"
"Ihmir Smith-Marsette","WR","MIN                  MIN","21","2021","2024","4","$3,798,960","$949,740","0.52%","$318,960","$318,960","$318,960","$1,803,960","$2,743,960"
"Antonio Gandy-Golden","WR","WAS                  WAS","21","2020","2023","4","$3,789,400","$947,350","0.48%","$494,400","$494,400","$494,400","$1,773,220","$2,668,220"
"Bo Melton","WR","SEA                  SEA","22","2022","2025","4","$3,764,780","$941,195","0.45%","$104,780","$104,780","$104,780","$1,679,780","$2,664,780"
"Dareke Young","WR","SEA                  SEA","22","2022","2025","4","$3,761,100","$940,275","0.45%","$101,100","$101,100","$101,100","$1,478,600","$2,463,600"
"JuJu Smith-Schuster","WR","KC                  KC","25","2022","2022","1","$3,760,000","$3,760,000","1.81%","$1,455,000","$2,490,000","$2,490,000","$9,200,000","$9,200,000"
"John Brown","WR","LV                  LV","30","2021","2021","1","$3,750,000","$3,750,000","2.05%","$1,750,000","$3,240,000","$3,240,000","$3,526,875","$3,526,875"
"Seth Roberts","WR","CAR                  CAR","28","2020","2020","1","$3,750,000","$3,750,000","1.89%","$600,000","$600,000","$600,000","$3,750,000","$3,750,000"
"Nelson Agholor","WR","BAL                  BAL","30","2024","2024","1","$3,750,000","$3,750,000","1.47%","$2,540,000","$3,750,000","$3,750,000","$3,987,871","$3,987,871"
"Samori Toure","WR","GB                  GB","23","2022","2025","4","$3,737,008","$934,252","0.45%","$77,008","$77,008","$77,008","$1,630,057","$2,615,057"
"Cornell Powell","WR","KC                  KC","23","2021","2024","4","$3,720,152","$930,038","0.51%","$240,152","$240,152","$240,152","$1,725,152","$2,665,152"
"Simi Fehoko","WR","DAL                  DAL","23","2021","2024","4","$3,720,152","$930,038","0.51%","$240,152","$240,152","$240,152","$1,457,928","$2,397,928"
"Frank Darby","WR","ATL                  ATL","23","2021","2024","4","$3,684,500","$921,125","0.50%","$204,500","$204,500","$204,500","$1,689,500","$2,629,500"
"Marquez Stevenson","WR","BUF                  BUF","22","2021","2024","4","$3,652,544","$913,136","0.50%","$172,544","$172,544","$172,544","$1,042,544","$1,982,544"
"Shi Smith","WR","CAR                  CAR","22","2021","2024","4","$3,652,420","$913,105","0.50%","$172,420","$172,420","$172,420","$1,657,420","$2,597,420"
"Racey McMath","WR","TEN                  TEN","21","2021","2024","4","$3,651,360","$912,840","0.50%","$171,360","$171,360","$171,360","$945,804","$1,885,804"
"Jalen Camp","WR","JAX                  JAX","22","2021","2024","4","$3,644,292","$911,073","0.50%","$164,292","$164,292","$164,292","$1,649,292","$2,589,292"
"Demetric Felton","WR","CLE                  CLE","22","2021","2024","4","$3,641,140","$910,285","0.50%","$161,140","$161,140","$161,140","$1,646,140","$2,586,140"
"Joe Reed","WR","LAC                  LAC","21","2020","2023","4","$3,635,308","$908,827","0.46%","$340,308","$340,308","$340,308","$1,817,384","$2,712,384"
"Dazz Newsome","WR","CHI                  CHI","21","2021","2024","4","$3,610,708","$902,677","0.49%","$130,708","$130,708","$130,708","$1,615,708","$2,555,708"
"Seth Williams","WR","DEN                  DEN","20","2021","2024","4","$3,610,708","$902,677","0.49%","$130,708","$130,708","$130,708","$1,615,708","$2,555,708"
"Tyler Johnson","WR","TB                  TB","21","2020","2023","4","$3,609,420","$902,355","0.46%","$314,420","$314,420","$314,420","$1,704,420","$2,599,420"
"Collin Johnson","WR","JAX                  JAX","22","2020","2023","4","$3,602,152","$900,538","0.45%","$307,152","$307,152","$307,152","$1,871,325","$2,766,325"
"Ty Montgomery","WR","NE                  NE","28","2022","2023","2","$3,600,000","$1,800,000","0.86%","$300,000","$300,000","$300,000","$3,280,000","$3,280,000"
"Quintez Cephus","WR","DET                  DET","21","2020","2023","4","$3,599,288","$899,822","0.45%","$304,288","$304,288","$304,288","$1,689,248","$2,584,248"
"John Hightower","WR","PHI                  PHI","23","2020","2023","4","$3,595,052","$898,763","0.45%","$300,052","$300,052","$300,052","$1,690,052","$2,585,052"
"Mike Strachan","WR","IND                  IND","23","2021","2024","4","$3,594,832","$898,708","0.49%","$114,832","$114,832","$114,832","$1,599,832","$2,539,832"
"Isaiah Coulter","WR","HOU                  HOU","21","2020","2023","4","$3,587,952","$896,988","0.45%","$292,952","$292,952","$292,952","$1,599,849","$2,494,849"
"Tre Nixon","WR","NE                  NE","22","2021","2024","4","$3,578,678","$894,670","0.49%","$98,678","$98,678","$98,678","$1,583,678","$2,523,678"
"Darnell Mooney","WR","CHI                  CHI","22","2020","2023","4","$3,577,052","$894,263","0.45%","$282,052","$282,052","$282,052","$1,721,756","$2,616,756"
"Ben Skowronek","WR","LAR                  LAR","23","2021","2024","4","$3,564,524","$891,131","0.49%","$84,524","$84,524","$84,524","$1,569,524","$2,509,524"
"K.J. Osborn","WR","MIN                  MIN","22","2020","2023","4","$3,562,772","$890,693","0.45%","$267,772","$267,772","$267,772","$1,715,754","$2,610,754"
"Kawaan Baker","WR","NO                  NO","22","2021","2024","4","$3,560,072","$890,018","0.49%","$80,072","$80,072","$80,072","$1,565,072","$2,505,072"
"Dax Milne","WR","WAS                  WAS","21","2021","2024","4","$3,557,268","$889,317","0.49%","$77,268","$77,268","$77,268","$1,562,268","$2,502,268"
"Jake Bobo","WR","SEA                  SEA","27","2026","2026","1","$3,520,000","$3,520,000","1.17%","","","","$3,520,000","$3,520,000"
"Braxton Berrios","WR","MIA                  MIA","27","2023","2023","1","$3,500,000","$3,500,000","1.56%","$1,500,000","$3,000,000","$3,000,000","$3,470,592","$3,470,592"
"A.J. Green","WR","ARI                  ARI","33","2022","2022","1","$3,500,000","$3,500,000","1.68%","$1,880,000","$3,000,000","$3,000,000","$4,635,576","$5,845,576"
"Kalif Raymond","WR","CHI                  CHI","31","2026","2026","1","$3,500,000","$3,500,000","1.16%","$1,000,000","$3,000,000","$3,000,000","$3,500,000","$3,500,000"
"Donovan Peoples-Jones","WR","CLE                  CLE","20","2020","2023","4","$3,481,608","$870,402","0.44%","$186,608","$186,608","$186,608","$1,793,666","$3,406,308"
"Quez Watkins","WR","PHI                  PHI","21","2020","2023","4","$3,464,664","$866,166","0.44%","$169,664","$169,664","$169,664","$1,510,250","$2,405,250"
"James Proche","WR","BAL                  BAL","23","2020","2023","4","$3,463,099","$865,775","0.44%","$168,099","$168,099","$168,099","$1,599,674","$2,494,674"
"Isaiah Hodgins","WR","BUF                  BUF","21","2020","2023","4","$3,453,888","$863,472","0.44%","$158,888","$158,888","$158,888","$1,391,829","$2,286,829"
"Freddie Swain","WR","SEA                  SEA","21","2020","2023","4","$3,424,412","$856,103","0.43%","$129,412","$129,412","$129,412","$1,519,412","$2,414,412"
"Dezmon Patmon","WR","IND                  IND","21","2020","2023","4","$3,424,412","$856,103","0.43%","$129,412","$129,412","$129,412","$1,369,477","$2,264,477"
"Jauan Jennings","WR","SF                  SF","22","2020","2023","4","$3,406,024","$851,506","0.43%","$111,024","$111,024","$111,024","$1,501,024","$2,396,024"
"Justin Watson","WR","KC                  KC","28","2023","2024","2","$3,400,000","$1,700,000","0.76%","$150,000","$1,380,000","$1,380,000","$4,400,000","$4,400,000"
"K.J. Hill","WR","LAC                  LAC","22","2020","2023","4","$3,399,828","$849,957","0.43%","$104,828","$104,828","$104,828","$1,618,479","$2,513,479"
"Zach Pascal","WR","IND                  IND","26","2021","2021","1","$3,384,000","$3,384,000","1.85%","","","","$3,384,000","$3,384,000"
"Tim Patrick","WR","DEN                  DEN","27","2021","2021","1","$3,384,000","$3,384,000","1.85%","","","","$3,384,000","$3,384,000"
"Tyrie Cleveland","WR","DEN                  DEN","22","2020","2023","4","$3,370,492","$842,623","0.43%","$75,492","$75,492","$75,492","$1,559,996","$2,454,996"
"Stephen Sullivan","WR","SEA                  SEA","23","2020","2023","4","$3,370,492","$842,623","0.43%","$75,492","$75,492","$75,492","$1,465,492","$2,360,492"
"Greg Dortch","WR","ARI                  ARI","26","2025","2025","1","$3,263,000","$3,263,000","1.17%","","","","$3,271,820","$3,271,820"
"Kendrick Bourne","WR","SF                  SF","24","2020","2020","1","$3,259,000","$3,259,000","1.64%","","","","$3,259,000","$3,259,000"
"Keelan Cole","WR","JAX                  JAX","26","2020","2020","1","$3,259,000","$3,259,000","1.64%","","","","$3,400,181","$3,400,181"
"Noah Brown","WR","WAS                  WAS","29","2025","2025","1","$3,250,000","$3,250,000","1.16%","$1,215,000","$2,470,000","$2,470,000","$2,730,000","$2,730,000"
"Nelson Agholor","WR","BAL                  BAL","29","2023","2023","1","$3,250,000","$3,250,000","1.45%","$2,085,000","$3,250,000","$3,250,000","$3,250,000","$3,250,000"
"Dohnte Meyers","WR","CIN                  CIN","25","2026","2028","3","$3,110,000","$1,036,667","0.34%","$10,000","$10,000","$10,000","$1,945,000","$3,110,000"
"Damien Alford","WR","NO                  NO","","2026","2028","3","$3,110,000","$1,036,667","0.34%","$10,000","$10,000","$10,000","$1,945,000","$3,110,000"
"Antonio Brown","WR","TB                  TB","32","2021","2021","1","$3,100,000","$3,100,000","1.70%","$2,000,000","$3,100,000","$3,100,000","$3,287,254","$3,287,254"
"Keenan Allen","WR","LAC                  LAC","33","2025","2025","1","$3,020,000","$3,020,000","1.08%","$1,000,000","$2,255,000","$2,255,000","$6,270,000","$6,270,000"
"Isaiah Bond","WR","CLE                  CLE","21","2025","2027","3","$3,018,000","$1,006,000","0.36%","$53,000","$3,018,000","$3,018,000","$1,898,000","$3,018,000"
"Beaux Collins","WR","NYG                  NYG","22","2025","2027","3","$3,001,000","$1,000,333","0.36%","$36,000","$270,000","$270,000","$1,760,347","$2,880,347"
"Randall Cobb","WR","NYJ                  NYJ","32","2023","2023","1","$3,000,000","$3,000,000","1.33%","$250,000","$250,000","$250,000","$2,823,521","$2,823,521"
"Marvin Jones","WR","DET                  DET","33","2023","2023","1","$3,000,000","$3,000,000","1.33%","$1,600,000","$3,000,000","$3,000,000","$3,000,000","$3,000,000"
"Jarvis Landry","WR","NO                  NO","29","2022","2022","1","$3,000,000","$3,000,000","1.44%","$1,880,000","$3,000,000","$3,000,000","$3,000,000","$3,000,000"
"Christian Kirk","WR","SF                  SF","29","2026","2026","1","$3,000,000","$3,000,000","1.00%","$1,170,000","$2,780,000","$2,780,000","$3,000,000","$3,000,000"
"Darnell Mooney","WR","NYG                  NYG","28","2026","2026","1","$3,000,000","$3,000,000","1.00%","$1,785,000","$3,000,000","$3,000,000","$3,000,000","$3,000,000"
"Albert Wilson","WR","MIA                  MIA","27","2020","2021","1","$3,000,000","$3,000,000","1.51%","","$1,000,000","$1,000,000","$4,075,000","$4,075,000"
"Mike Williams","WR","LAC                  LAC","30","2025","2025","1","$3,000,000","$3,000,000","1.07%","$1,500,000","$3,000,000","$3,000,000","$3,000,000","$3,000,000"
"Odell Beckham, Jr.","WR","MIA                  MIA","31","2024","2024","1","$3,000,000","$3,000,000","1.17%","$1,790,000","$3,000,000","$3,000,000","$3,000,000","$3,000,000"
"DJ Chark","WR","LAC                  LAC","27","2024","2024","1","$3,000,000","$3,000,000","1.17%","$565,000","$2,065,000","$2,065,000","$2,450,000","$2,450,000"
"Da'Quan Felton","WR","NYG                  NYG","24","2025","2027","3","$2,995,000","$998,333","0.36%","$30,000","$264,000","$264,000","$1,409,347","$2,529,347"
"Roc Taylor","WR","PIT                  PIT","22","2025","2027","3","$2,995,000","$998,333","0.36%","$30,000","$30,000","$30,000","$1,875,000","$2,995,000"
"Bryson Green","WR","ARI                  ARI","22","2025","2027","3","$2,995,000","$998,333","0.36%","$30,000","$264,000","$264,000","$1,879,186","$2,999,186"
"Efton Chism III","WR","NE                  NE","23","2025","2027","3","$2,990,000","$996,667","0.36%","$25,000","$259,000","$259,000","$1,875,152","$2,995,152"
"Antwane Wells Jr.","WR","NYG                  NYG","24","2025","2027","3","$2,990,000","$996,667","0.36%","$25,000","$259,000","$259,000","$1,874,527","$2,994,527"
"Isaiah Neyor","WR","SF                  SF","23","2025","2027","3","$2,990,000","$996,667","0.36%","$25,000","$259,000","$259,000","$1,870,000","$2,990,000"
"Xavier Restrepo","WR","TEN                  TEN","23","2025","2027","3","$2,985,000","$995,000","0.36%","$20,000","$254,000","$254,000","$1,865,000","$2,985,000"
"Andrew Armstrong","WR","MIA                  MIA","24","2025","2027","3","$2,985,000","$995,000","0.36%","$20,000","$254,000","$254,000","$1,869,669","$2,989,669"
"Jackson Meeks","WR","DET                  DET","22","2025","2027","3","$2,985,000","$995,000","0.36%","$20,000","$220,000","$220,000","$1,865,000","$2,985,000"
"Kobe Hudson","WR","CAR                  CAR","23","2025","2027","3","$2,985,000","$995,000","0.36%","$20,000","$254,000","$254,000","$1,868,542","$2,988,542"
"Jahdae Walker","WR","CHI                  CHI","22","2025","2027","3","$2,985,000","$995,000","0.36%","$20,000","$170,000","$170,000","$1,868,864","$2,988,864"
"John Richardson","WR","CHI                  CHI","23","2025","2027","3","$2,985,000","$995,000","0.36%","$20,000","$170,000","$170,000","$1,865,000","$2,985,000"
"Jakobie Keeney-James","WR","DET                  DET","24","2025","2027","3","$2,985,000","$995,000","0.36%","$20,000","$254,000","$254,000","$1,865,000","$2,985,000"
"Justin Barron","WR","DAL                  DAL","23","2025","2027","3","$2,985,000","$995,000","0.36%","$20,000","$234,000","$234,000","$1,865,000","$2,985,000"
"Nick Nash","WR","ATL                  ATL","24","2025","2027","3","$2,985,000","$995,000","0.36%","$20,000","$150,000","$150,000","$1,869,347","$2,989,347"
"Jordan Moore","WR","CIN                  CIN","23","2025","2027","3","$2,985,000","$995,000","0.36%","$20,000","$20,000","$20,000","$1,865,000","$2,985,000"
"Kelly Akharaiyi","WR","BUF                  BUF","25","2025","2027","3","$2,985,000","$995,000","0.36%","$20,000","$20,000","$20,000","$1,865,000","$2,985,000"
"Eli Pancol","WR","JAX                  JAX","24","2025","2027","3","$2,981,000","$993,667","0.36%","$16,000","$250,000","$250,000","$1,516,474","$2,636,474"
"Chandler Brayboy","WR","JAX                  JAX","23","2025","2027","3","$2,980,000","$993,333","0.36%","$15,000","$115,000","$115,000","$1,865,474","$2,985,474"
"Theo Wease Jr.","WR","MIA                  MIA","23","2025","2027","3","$2,980,000","$993,333","0.36%","$15,000","$249,000","$249,000","$1,860,000","$2,980,000"
"Daniel Jackson","WR","HOU                  HOU","23","2025","2027","3","$2,980,000","$993,333","0.36%","$15,000","$165,000","$165,000","$1,860,000","$2,980,000"
"Rashod Owens","WR","CIN                  CIN","23","2025","2027","3","$2,980,000","$993,333","0.36%","$15,000","$15,000","$15,000","$1,860,000","$2,980,000"
"Tyrone Broden","WR","SEA                  SEA","24","2025","2027","3","$2,980,000","$993,333","0.36%","$15,000","$95,000","$95,000","$1,864,347","$2,984,347"
"Darius Cooper","WR","PHI                  PHI","23","2025","2027","3","$2,980,000","$993,333","0.36%","$15,000","$90,000","$90,000","$1,785,124","$2,905,124"
"Stephen Gosnell","WR","BUF                  BUF","23","2025","2027","3","$2,980,000","$993,333","0.36%","$15,000","$40,000","$40,000","$1,863,864","$2,983,864"
"Hal Presley","WR","BUF                  BUF","23","2025","2027","3","$2,980,000","$993,333","0.36%","$15,000","$15,000","$15,000","$1,860,000","$2,980,000"
"Silas Bolden","WR","MIN                  MIN","23","2025","2027","3","$2,980,000","$993,333","0.36%","$15,000","$205,000","$205,000","$1,860,000","$2,980,000"
"Blayne Taylor","WR","IND                  IND","23","2025","2027","3","$2,977,500","$992,500","0.36%","$12,500","$62,500","$62,500","$1,861,042","$2,981,042"
"Jacoby Jones","WR","WAS                  WAS","23","2025","2027","3","$2,975,000","$991,667","0.36%","$10,000","$50,000","$50,000","$1,855,000","$2,975,000"
"Ja’Corey Brooks","WR","WAS                  WAS","23","2025","2027","3","$2,975,000","$991,667","0.36%","$10,000","$244,000","$244,000","$1,855,000","$2,975,000"
"Mac Dalena","WR","KC                  KC","23","2025","2027","3","$2,975,000","$991,667","0.36%","$10,000","$210,000","$210,000","$1,855,000","$2,975,000"
"Julian Fleming","WR","GB                  GB","24","2025","2027","3","$2,975,000","$991,667","0.36%","$10,000","$40,000","$40,000","$1,855,000","$2,975,000"
"Chris Tyree","WR","NO                  NO","23","2025","2027","3","$2,975,000","$991,667","0.36%","$10,000","$30,000","$30,000","$1,505,000","$2,625,000"
"Moochie Dixon","WR","NO                  NO","23","2025","2027","3","$2,975,000","$991,667","0.36%","$10,000","$60,000","$60,000","$1,855,000","$2,975,000"
"Ke’Shawn Williams","WR","PIT                  PIT","23","2025","2027","3","$2,975,000","$991,667","0.36%","$10,000","$10,000","$10,000","$1,855,000","$2,975,000"
"Quentin Skinner","WR","NYJ                  NYJ","23","2025","2027","3","$2,975,000","$991,667","0.36%","$10,000","$185,000","$185,000","$1,855,000","$2,975,000"
"Dontae Fleming","WR","MIN                  MIN","23","2025","2027","3","$2,975,000","$991,667","0.36%","$10,000","$135,000","$135,000","$1,855,000","$2,975,000"
"AJ Henning","WR","MIA                  MIA","23","2025","2027","3","$2,975,000","$991,667","0.36%","$10,000","$135,000","$135,000","$1,859,669","$2,979,669"
"Gage Larvadain","WR","CLE                  CLE","22","2025","2027","3","$2,975,000","$991,667","0.36%","$10,000","$55,000","$55,000","$1,859,025","$2,979,025"
"Ja'Seem Reed","WR","CLE                  CLE","22","2025","2027","3","$2,975,000","$991,667","0.36%","$10,000","$30,000","$30,000","$1,505,000","$2,625,000"
"Coleman Owen","WR","IND                  IND","24","2025","2027","3","$2,973,000","$991,000","0.35%","$8,000","$8,000","$8,000","$1,856,542","$2,976,542"
"Mario Williams","WR","LAR                  LAR","22","2025","2027","3","$2,973,000","$991,000","0.35%","$8,000","$8,000","$8,000","$1,503,000","$2,623,000"
"Garrett Greene","WR","TB                  TB","23","2025","2027","3","$2,972,500","$990,833","0.35%","$7,500","$7,500","$7,500","$1,852,500","$2,972,500"
"Jacolby George","WR","CAR                  CAR","22","2025","2027","3","$2,972,500","$990,833","0.35%","$7,500","$257,500","$257,500","$1,856,042","$2,976,042"
"Jamaal Pritchett","WR","NYJ                  NYJ","21","2025","2027","3","$2,972,500","$990,833","0.35%","$7,500","$107,500","$107,500","$1,852,500","$2,972,500"
"Josh Kelly","WR","DAL                  DAL","23","2025","2027","3","$2,972,500","$990,833","0.35%","$7,500","$67,500","$67,500","$1,852,500","$2,972,500"
"Jahmal Banks","WR","BAL                  BAL","23","2025","2027","3","$2,972,000","$990,667","0.35%","$7,000","$7,000","$7,000","$1,857,152","$2,977,152"
"Quincy Skinner Jr.","WR","ATL                  ATL","22","2025","2027","3","$2,971,000","$990,333","0.35%","$6,000","$181,000","$181,000","$1,851,000","$2,971,000"
"Darius Lassiter","WR","JAX                  JAX","24","2025","2027","3","$2,970,000","$990,000","0.35%","$5,000","$5,000","$5,000","$1,850,000","$2,970,000"
"Cam Camper","WR","JAX                  JAX","23","2025","2027","3","$2,970,000","$990,000","0.35%","$5,000","$45,000","$45,000","$1,855,474","$2,975,474"
"Joaquin Davis","WR","DEN                  DEN","22","2025","2027","3","$2,970,000","$990,000","0.35%","$5,000","$15,000","$15,000","$1,850,000","$2,970,000"
"Demeer Blankumsee","WR","NE                  NE","23","2025","2027","3","$2,970,000","$990,000","0.35%","$5,000","$20,000","$20,000","$1,850,000","$2,970,000"
"Xavier Guillory","WR","BAL                  BAL","23","2025","2027","3","$2,970,000","$990,000","0.35%","$5,000","$5,000","$5,000","$1,855,152","$2,975,152"
"Taylor Morin","WR","PHI                  PHI","24","2025","2027","3","$2,970,000","$990,000","0.35%","$5,000","$12,500","$12,500","$1,852,898","$2,972,898"
"Tru Edwards","WR","LAR                  LAR","23","2025","2027","3","$2,970,000","$990,000","0.35%","$5,000","$5,000","$5,000","$1,850,000","$2,970,000"
"Jordan Bly","WR","NYG                  NYG","22","2025","2027","3","$2,970,000","$990,000","0.35%","$5,000","$5,000","$5,000","$1,850,000","$2,970,000"
"Monaray Baldwin","WR","MIA                  MIA","22","2025","2027","3","$2,970,000","$990,000","0.35%","$5,000","$15,000","$15,000","$1,850,000","$2,970,000"
"Luke Grimm","WR","LAC                  LAC","23","2025","2027","3","$2,970,000","$990,000","0.35%","$5,000","$5,000","$5,000","$1,854,508","$2,974,508"
"Landon Parker","WR","IND                  IND","25","2025","2027","3","$2,970,000","$990,000","0.35%","$5,000","$5,000","$5,000","$1,853,542","$2,973,542"
"Courtney Jackson","WR","DEN                  DEN","24","2025","2027","3","$2,970,000","$990,000","0.35%","$5,000","$50,000","$50,000","$1,854,830","$2,974,830"
"Brennan Presley","WR","LAR                  LAR","23","2025","2027","3","$2,969,000","$989,667","0.35%","$4,000","$4,000","$4,000","$1,849,000","$2,969,000"
"Traeshon Holden","WR","DAL                  DAL","23","2025","2027","3","$2,968,000","$989,333","0.35%","$3,000","$3,000","$3,000","$1,848,000","$2,968,000"
"Justin Lockhart","WR","KC                  KC","24","2025","2027","3","$2,968,000","$989,333","0.35%","$3,000","$18,000","$18,000","$1,848,000","$2,968,000"
"Jamoi Mayes","WR","CIN                  CIN","22","2025","2027","3","$2,968,000","$989,333","0.35%","$3,000","$3,000","$3,000","$1,848,000","$2,968,000"
"Dorian Singer","WR","JAX                  JAX","22","2025","2027","3","$2,967,500","$989,167","0.35%","$2,500","$2,500","$2,500","$1,852,974","$2,972,974"
"Dalevon Campbell","WR","LAC                  LAC","23","2025","2027","3","$2,967,000","$989,000","0.35%","$2,000","$2,000","$2,000","$1,572,779","$2,692,779"
"Tyler Kahmann","WR","IND                  IND","24","2025","2027","3","$2,967,000","$989,000","0.35%","$2,000","$2,000","$2,000","$1,847,000","$2,967,000"
"Jeremiah Webb","WR","NE                  NE","23","2025","2027","3","$2,967,000","$989,000","0.35%","$2,000","$2,000","$2,000","$1,847,000","$2,967,000"
"Justin Barron","WR","DAL                  DAL","24","2025","2027","3","$2,965,000","$988,333","0.35%","","","","$931,667","$2,051,667"
"Quentin Skinner","WR","NYJ                  NYJ","24","2025","2027","3","$2,965,000","$988,333","0.35%","","","","$978,334","$2,098,334"
"Myles Price","WR","MIN                  MIN","23","2025","2027","3","$2,965,000","$988,333","0.35%","","","","$1,848,703","$2,968,703"
"Phil Lutz","WR","NE                  NE","","2025","2027","3","$2,965,000","$988,333","0.35%","","","","$1,845,000","$2,965,000"
"Roderick Daniels","WR","NO                  NO","","2025","2027","3","$2,965,000","$988,333","0.35%","","","","$1,845,000","$2,965,000"
"Jaden Smith","WR","TB                  TB","","2025","2027","3","$2,965,000","$988,333","0.35%","","","","$1,375,000","$2,495,000"
"Will Sheppard","WR","GB                  GB","","2025","2027","3","$2,965,000","$988,333","0.35%","","","","$1,845,000","$2,965,000"
"Ife Adeyi","WR","PHI                  PHI","","2025","2027","3","$2,965,000","$988,333","0.35%","","","","$1,845,000","$2,965,000"
"Sam Brown","WR","GB                  GB","","2025","2027","3","$2,965,000","$988,333","0.35%","","","","$1,495,000","$2,615,000"
"Montana Lemonious-Craig","WR","PIT                  PIT","22","2025","2027","3","$2,965,000","$988,333","0.35%","","","","$1,495,000","$2,615,000"
"Nate McCollum","WR","SEA                  SEA","23","2025","2027","3","$2,965,000","$988,333","0.35%","","","","$1,845,000","$2,965,000"
"T.J. Sheffield","WR","TEN                  TEN","24","2025","2027","3","$2,965,000","$988,333","0.35%","","","","$1,845,000","$2,965,000"
"Key'Shawn Smith","WR","LV                  LV","23","2025","2027","3","$2,965,000","$988,333","0.35%","","","","$1,845,000","$2,965,000"
"Ketron Jackson","WR","LV                  LV","22","2025","2027","3","$2,965,000","$988,333","0.35%","","","","$1,845,000","$2,965,000"
"Kyrese Rowan","WR","DEN                  DEN","24","2025","2027","3","$2,965,000","$988,333","0.35%","","","","$1,845,000","$2,965,000"
"Cade McDonald","WR","CLE                  CLE","","2025","2027","3","$2,965,000","$988,333","0.35%","","","","$1,499,025","$2,619,025"
"Kisean Johnson","WR","CLE                  CLE","23","2025","2027","3","$2,965,000","$988,333","0.35%","","","","$1,845,000","$2,965,000"
"Luke Floriea","WR","CLE                  CLE","23","2025","2027","3","$2,965,000","$988,333","0.35%","","","","$1,495,000","$2,615,000"
"J.J. Jones","WR","JAX                  JAX","21","2025","2027","3","$2,965,000","$988,333","0.35%","$5,000","$5,000","$5,000","$1,850,000","$2,970,000"
"Jerjuan Newton","WR","DEN                  DEN","23","2025","2027","3","$2,965,000","$988,333","0.35%","","$10,000","$10,000","$1,845,000","$2,965,000"
"Zakhari Franklin","WR","LV                  LV","24","2025","2027","3","$2,965,000","$988,333","0.35%","$5,000","$25,000","$25,000","$1,850,000","$2,970,000"
"Dalen Cambre","WR","NYG                  NYG","24","2025","2027","3","$2,965,000","$988,333","0.35%","","","","$1,845,000","$2,965,000"
"Dymere Miller","WR","NYJ                  NYJ","23","2025","2027","3","$2,965,000","$988,333","0.35%","","$75,000","$75,000","$1,845,000","$2,965,000"
"Moose Muhammad III","WR","CAR                  CAR","24","2025","2027","3","$2,965,000","$988,333","0.35%","","","","$1,495,000","$2,615,000"
"Jimmy Holiday","WR","KC                  KC","23","2025","2027","3","$2,965,000","$988,333","0.35%","","","","$1,845,000","$2,965,000"
"Giles Jackson","WR","PHI                  PHI","23","2025","2027","3","$2,965,000","$988,333","0.35%","","","","$1,845,000","$2,965,000"
"Robert Lewis","WR","MIN                  MIN","23","2025","2027","3","$2,965,000","$988,333","0.35%","","$20,000","$20,000","$1,845,000","$2,965,000"
"Elijhah Badger","WR","KC                  KC","23","2025","2027","3","$2,965,000","$988,333","0.35%","","$25,000","$25,000","$1,845,000","$2,965,000"
"John Jiles","WR","NYG                  NYG","23","2024","2026","3","$2,860,000","$953,333","0.37%","$30,000","$100,000","$100,000","$1,785,000","$2,860,000"
"Xavier Weaver","WR","ARI                  ARI","23","2024","2026","3","$2,860,000","$953,333","0.37%","$30,000","$255,000","$255,000","$1,848,329","$2,923,329"
"Jalen Coker","WR","CAR                  CAR","22","2024","2026","3","$2,855,000","$951,667","0.37%","$25,000","$250,000","$250,000","$1,780,000","$2,855,000"
"Dayton Wade","WR","BAL                  BAL","23","2024","2026","3","$2,855,000","$951,667","0.37%","$25,000","$30,000","$30,000","$1,780,000","$2,855,000"
"David White Jr","WR","JAX                  JAX","23","2024","2026","3","$2,855,000","$951,667","0.37%","$25,000","$250,000","$250,000","$1,335,000","$2,410,000"
"Ahmarean Brown","WR","CLE                  CLE","23","2024","2026","3","$2,850,000","$950,000","0.37%","$20,000","$170,000","$170,000","$1,775,000","$2,850,000"
"Jadon Janke","WR","HOU                  HOU","24","2024","2026","3","$2,850,000","$950,000","0.37%","$20,000","$110,000","$110,000","$1,775,000","$2,850,000"
"Louis Rees-Zammit","WR","KC                  KC","23","2024","2026","3","$2,850,000","$950,000","0.37%","$20,000","$250,000","$250,000","$1,775,000","$2,850,000"
"Isaiah Williams","WR","DET                  DET","23","2024","2026","3","$2,845,000","$948,333","0.37%","$15,000","$240,000","$240,000","$1,354,547","$2,429,547"
"Jalon Calhoun","WR","DET                  DET","23","2024","2026","3","$2,845,000","$948,333","0.37%","$15,000","$50,000","$50,000","$1,770,000","$2,845,000"
"Cole Burgess","WR","CIN                  CIN","24","2024","2026","3","$2,845,000","$948,333","0.37%","$15,000","$15,000","$15,000","$1,770,000","$2,845,000"
"Isaiah Wooden","WR","ATL                  ATL","24","2024","2026","3","$2,845,000","$948,333","0.37%","$15,000","$15,000","$15,000","$1,770,000","$2,845,000"
"JaQuae Jackson","WR","ATL                  ATL","24","2024","2026","3","$2,845,000","$948,333","0.37%","$15,000","$15,000","$15,000","$1,770,000","$2,845,000"
"Joshua Cephus","WR","JAX                  JAX","23","2024","2026","3","$2,845,000","$948,333","0.37%","$15,000","$55,000","$55,000","$1,770,000","$2,845,000"
"Leon Johnson","WR","LAC                  LAC","22","2024","2026","3","$2,845,000","$948,333","0.37%","$15,000","$40,000","$40,000","$1,770,000","$2,845,000"
"Marcus Rosemy-Jacksaint","WR","WAS                  WAS","22","2024","2026","3","$2,845,000","$948,333","0.37%","$15,000","$195,000","$195,000","$1,770,000","$2,845,000"
"Kameron Johnson","WR","TB                  TB","22","2024","2026","3","$2,840,000","$946,667","0.37%","$10,000","$10,000","$10,000","$1,611,323","$2,686,323"
"Terique Owens","WR","SF                  SF","24","2024","2026","3","$2,840,000","$946,667","0.37%","$10,000","$10,000","$10,000","$1,440,000","$2,515,000"
"Mason Tipton","WR","NO                  NO","23","2024","2026","3","$2,840,000","$946,667","0.37%","$10,000","$110,000","$110,000","$1,750,352","$2,825,352"
"Kyle Sheets","WR","NO                  NO","23","2024","2026","3","$2,840,000","$946,667","0.37%","$10,000","$30,000","$30,000","$1,765,000","$2,840,000"
"Jermaine Jackson","WR","NO                  NO","23","2024","2026","3","$2,840,000","$946,667","0.37%","$10,000","$160,000","$160,000","$1,440,000","$2,515,000"
"Jaxon Janke","WR","HOU                  HOU","24","2024","2026","3","$2,840,000","$946,667","0.37%","$10,000","$100,000","$100,000","$1,765,000","$2,840,000"
"Lawrence Keys","WR","BUF                  BUF","24","2024","2026","3","$2,840,000","$946,667","0.37%","$10,000","$10,000","$10,000","$1,765,000","$2,840,000"
"Xavier Johnson","WR","BUF                  BUF","24","2024","2026","3","$2,840,000","$946,667","0.37%","$10,000","$10,000","$10,000","$1,765,000","$2,840,000"
"Cam Johnson","WR","DAL                  DAL","25","2024","2026","3","$2,840,000","$946,667","0.37%","$10,000","$10,000","$10,000","$1,765,000","$2,840,000"
"Lideatrick Griffin","WR","LV                  LV","23","2024","2026","3","$2,840,000","$946,667","0.37%","$10,000","$125,000","$125,000","$1,765,000","$2,840,000"
"Jeff Foreman","WR","LV                  LV","24","2024","2026","3","$2,840,000","$946,667","0.37%","$10,000","$55,000","$55,000","$1,320,000","$2,395,000"
"Jeshaun Jones","WR","MIN                  MIN","24","2024","2026","3","$2,840,000","$946,667","0.37%","$10,000","$235,000","$235,000","$1,765,000","$2,840,000"
"Sam Pinckney","WR","CAR                  CAR","24","2024","2026","3","$2,838,000","$946,000","0.37%","$8,000","$23,000","$23,000","$1,763,000","$2,838,000"
"Drake Stoops","WR","LAR                  LAR","24","2024","2026","3","$2,838,000","$946,000","0.37%","$8,000","$8,000","$8,000","$1,763,000","$2,838,000"
"Tanner Knue","WR","TB                  TB","24","2024","2026","3","$2,835,000","$945,000","0.37%","$5,000","$5,000","$5,000","$1,760,000","$2,835,000"
"Latreal Jones","WR","TB                  TB","25","2024","2026","3","$2,835,000","$945,000","0.37%","$5,000","$5,000","$5,000","$1,760,000","$2,835,000"
"Lincoln Victor","WR","DEN                  DEN","","2024","2026","3","$2,835,000","$945,000","0.37%","$5,000","$25,000","$25,000","$1,760,000","$2,835,000"
"Marcus Riley","WR","NYJ                  NYJ","","2024","2026","3","$2,835,000","$945,000","0.37%","$5,000","$15,000","$15,000","$1,315,000","$2,390,000"
"Tyler Harrell","WR","NYJ                  NYJ","23","2024","2026","3","$2,835,000","$945,000","0.37%","$5,000","$25,000","$25,000","$1,760,000","$2,835,000"
"Isaiah Washington","WR","BAL                  BAL","22","2024","2026","3","$2,835,000","$945,000","0.37%","$5,000","$5,000","$5,000","$1,435,000","$2,510,000"
"Jelani Baker","WR","BAL                  BAL","","2024","2026","3","$2,835,000","$945,000","0.37%","$5,000","$5,000","$5,000","$1,760,000","$2,835,000"
"Brevin Easton","WR","JAX                  JAX","23","2024","2026","3","$2,835,000","$945,000","0.37%","$5,000","$30,000","$30,000","$1,760,000","$2,835,000"
"Devron Harper","WR","MIN                  MIN","23","2024","2026","3","$2,835,000","$945,000","0.37%","$5,000","$15,000","$15,000","$1,760,000","$2,835,000"
"Jaylen Johnson","WR","LAC                  LAC","23","2024","2026","3","$2,834,000","$944,667","0.37%","$4,000","$4,000","$4,000","$1,759,000","$2,834,000"
"Tre Mosley","WR","CIN                  CIN","22","2024","2026","3","$2,833,000","$944,333","0.37%","$3,000","$3,000","$3,000","$1,758,000","$2,833,000"
"Corey Crooms","WR","DAL                  DAL","23","2024","2026","3","$2,833,000","$944,333","0.37%","$3,000","$3,000","$3,000","$1,433,000","$2,508,000"
"Tayvion Robinson","WR","BAL                  BAL","23","2024","2026","3","$2,833,000","$944,333","0.37%","$3,000","$3,000","$3,000","$1,758,000","$2,833,000"
"Sam Wiglusz","WR","LAR                  LAR","24","2024","2026","3","$2,833,000","$944,333","0.37%","$3,000","$3,000","$3,000","$1,758,000","$2,833,000"
"Jaelen Gill","WR","LAC                  LAC","24","2024","2026","3","$2,833,000","$944,333","0.37%","$3,000","$3,000","$3,000","$1,758,000","$2,833,000"
"Xavier White","WR","IND                  IND","24","2024","2026","3","$2,832,500","$944,167","0.37%","$2,500","$2,500","$2,500","$1,757,500","$2,832,500"
"Peter LeBlanc","WR","CHI                  CHI","23","2024","2026","3","$2,832,500","$944,167","0.37%","$2,500","$2,500","$2,500","$1,757,500","$2,832,500"
"Ramel Keyton","WR","LV                  LV","23","2024","2026","3","$2,832,500","$944,167","0.37%","$2,500","$20,000","$20,000","$1,757,500","$2,832,500"
"Je'Quan Burton","WR","MIA                  MIA","24","2024","2026","3","$2,832,000","$944,000","0.37%","$2,000","$2,000","$2,000","$1,757,000","$2,832,000"
"De’Angelo Hardy","WR","BAL                  BAL","","2024","2026","3","$2,832,000","$944,000","0.37%","$2,000","$2,000","$2,000","$1,757,000","$2,832,000"
"JJ Laap","WR","LAR                  LAR","23","2024","2026","3","$2,832,000","$944,000","0.37%","$2,000","$2,000","$2,000","$1,757,000","$2,832,000"
"Ayir Asante","WR","NYG                  NYG","23","2024","2026","3","$2,831,000","$943,667","0.37%","$1,000","$4,000","$4,000","$1,756,000","$2,831,000"
"Joseph Scates","WR","JAX                  JAX","24","2024","2026","3","$2,831,000","$943,667","0.37%","$1,000","$1,000","$1,000","$1,756,000","$2,831,000"
"Wayne Ruby","WR","JAX                  JAX","23","2024","2026","3","$2,831,000","$943,667","0.37%","$1,000","$1,000","$1,000","$1,756,000","$2,831,000"
"Rory Starkey","WR","GB                  GB","","2024","2026","3","$2,830,000","$943,333","0.37%","","","","$1,430,000","$2,505,000"
"David Wallis","WR","NE                  NE","","2024","2026","3","$2,830,000","$943,333","0.37%","","","","$1,755,000","$2,830,000"
"Odieu Hiliare","WR","ATL                  ATL","","2024","2026","3","$2,830,000","$943,333","0.37%","","","","$1,755,000","$2,830,000"
"Qadir Ismail","WR","BAL                  BAL","","2024","2026","3","$2,830,000","$943,333","0.37%","","","","$1,755,000","$2,830,000"
"Hamze El-Zayat","WR","NYJ                  NYJ","24","2024","2026","3","$2,830,000","$943,333","0.37%","","","","$1,430,000","$2,505,000"
"John Jackson","WR","CHI                  CHI","24","2024","2026","3","$2,830,000","$943,333","0.37%","","","","$1,755,000","$2,830,000"
"Sam Schnee","WR","TEN                  TEN","24","2024","2026","3","$2,830,000","$943,333","0.37%","","","","$1,755,000","$2,830,000"
"Bryce Oliver","WR","TEN                  TEN","23","2024","2026","3","$2,830,000","$943,333","0.37%","","","","$1,755,000","$2,830,000"
"Jaaron Hayek","WR","KC                  KC","22","2024","2026","3","$2,830,000","$943,333","0.37%","","","","$1,430,000","$2,505,000"
"Reggie Brown","WR","KC                  KC","","2024","2026","3","$2,830,000","$943,333","0.37%","","","","$1,755,000","$2,830,000"
"Phillip Brooks","WR","KC                  KC","24","2024","2026","3","$2,830,000","$943,333","0.37%","","","","$1,755,000","$2,830,000"
"Ty James","WR","MIN                  MIN","23","2024","2026","3","$2,830,000","$943,333","0.37%","","","","$1,755,000","$2,830,000"
"Jahan Dotson","WR","PHI                  PHI","25","2025","2025","1","$2,757,048","$2,757,048","0.99%","","","","$2,765,868","$2,765,868"
"Josh Reynolds","WR","NYJ                  NYJ","30","2025","2025","1","$2,750,000","$2,750,000","0.98%","$1,250,000","$2,750,000","$2,750,000","$2,758,190","$2,758,190"
"Joseph Ngata","WR","PHI                  PHI","22","2023","2025","3","$2,725,000","$908,333","0.40%","$30,000","$230,000","$230,000","$1,695,000","$2,725,000"
"Jason Brownlee","WR","NYJ                  NYJ","24","2023","2025","3","$2,725,000","$908,333","0.40%","$30,000","$246,000","$246,000","$1,695,000","$2,725,000"
"Rakim Jarrett","WR","TB                  TB","22","2023","2025","3","$2,720,000","$906,667","0.40%","$25,000","$225,000","$225,000","$1,260,000","$2,298,505"
"Bryce Ford-Wheaton","WR","NYG                  NYG","23","2023","2025","3","$2,715,000","$905,000","0.40%","$20,000","$236,000","$236,000","$1,265,000","$2,295,000"
"Keilahn Harris","WR","ATL                  ATL","22","2023","2025","3","$2,715,000","$905,000","0.40%","$20,000","$80,000","$80,000","$1,685,000","$2,715,000"
"Justin Marshall","WR","ATL                  ATL","","2023","2025","3","$2,712,500","$904,167","0.40%","$17,500","$47,500","$47,500","$1,682,500","$2,712,500"
"Jalen Wayne","WR","BUF                  BUF","23","2023","2025","3","$2,710,000","$903,333","0.40%","$15,000","$15,000","$15,000","$1,680,000","$2,710,000"
"Braydon Johnson","WR","BUF                  BUF","","2023","2025","3","$2,710,000","$903,333","0.40%","$15,000","$15,000","$15,000","$1,680,000","$2,710,000"
"Chase Cota","WR","DET                  DET","23","2023","2025","3","$2,710,000","$903,333","0.40%","$15,000","$80,000","$80,000","$1,680,000","$2,710,000"
"Nikko Remigio","WR","KC                  KC","23","2023","2025","3","$2,710,000","$903,333","0.40%","$15,000","$65,000","$65,000","$1,260,000","$2,290,000"
"Zavier Scott","WR","IND                  IND","23","2023","2025","3","$2,710,000","$903,333","0.40%","$15,000","$45,000","$45,000","$1,680,000","$2,710,000"
"Xavier Gipson","WR","NYJ                  NYJ","22","2023","2025","3","$2,710,000","$903,333","0.40%","$15,000","$165,000","$165,000","$1,680,000","$2,538,333"
"Mitchell Tinsley","WR","WAS                  WAS","23","2023","2025","3","$2,710,000","$903,333","0.40%","$15,000","$135,000","$135,000","$1,680,000","$2,710,000"
"Kazmeir Allen","WR","WAS                  WAS","23","2023","2025","3","$2,710,000","$903,333","0.40%","$15,000","$90,000","$90,000","$1,680,000","$2,710,000"
"Malik Knowles","WR","MIN                  MIN","22","2023","2025","3","$2,710,000","$903,333","0.40%","$15,000","$75,000","$75,000","$701,000","$1,731,000"
"Jadon Haselwood","WR","PHI                  PHI","22","2023","2025","3","$2,707,500","$902,500","0.40%","$12,500","$127,500","$127,500","$1,677,500","$2,707,500"
"Daniel Arias","WR","ARI                  ARI","24","2023","2025","3","$2,707,000","$902,333","0.40%","$12,000","$87,000","$87,000","$1,677,000","$2,707,000"
"David Durden","WR","DAL                  DAL","24","2023","2025","3","$2,705,000","$901,667","0.40%","$10,000","$150,000","$150,000","$930,000","$1,960,000"
"Jalen Moreno-Cropper","WR","DAL                  DAL","22","2023","2025","3","$2,705,000","$901,667","0.40%","$10,000","$150,000","$150,000","$1,675,000","$2,705,000"
"Ryan Miller","WR","TB                  TB","23","2023","2025","3","$2,705,000","$901,667","0.40%","$10,000","$10,000","$10,000","$1,675,000","$2,705,000"
"Matt Landers","WR","SEA                  SEA","23","2023","2025","3","$2,705,000","$901,667","0.40%","$10,000","$10,000","$10,000","$1,675,000","$2,705,000"
"John Hall","WR","SEA                  SEA","25","2023","2025","3","$2,705,000","$901,667","0.40%","$10,000","$10,000","$10,000","$1,675,000","$2,705,000"
"Jake Bobo","WR","SEA                  SEA","24","2023","2025","3","$2,705,000","$901,667","0.40%","$10,000","$10,000","$10,000","$1,675,000","$2,713,820"
"Tre’Shaun Harrison","WR","TEN                  TEN","22","2023","2025","3","$2,705,000","$901,667","0.40%","$10,000","$15,000","$15,000","$1,675,000","$2,705,000"
"Jacob Copeland","WR","TEN                  TEN","23","2023","2025","3","$2,705,000","$901,667","0.40%","$10,000","$50,000","$50,000","$1,675,000","$2,705,000"
"Jared Wayne","WR","HOU                  HOU","22","2023","2025","3","$2,705,000","$901,667","0.40%","$10,000","$210,000","$210,000","$1,675,000","$2,705,000"
"Jesse Matthews","WR","HOU                  HOU","23","2023","2025","3","$2,705,000","$901,667","0.40%","$10,000","$60,000","$60,000","$1,255,000","$2,285,000"
"Braxton Westfield","WR","IND                  IND","","2023","2025","3","$2,705,000","$901,667","0.40%","$10,000","$55,000","$55,000","$1,675,000","$2,705,000"
"T.J. Luther","WR","NYJ                  NYJ","22","2023","2025","3","$2,705,000","$901,667","0.40%","$10,000","$45,000","$45,000","$1,675,000","$2,705,000"
"Josh Vann","WR","CAR                  CAR","23","2023","2025","3","$2,705,000","$901,667","0.40%","$10,000","$40,000","$40,000","$1,675,000","$2,705,000"
"Xavier Malone","WR","ATL                  ATL","23","2023","2025","3","$2,705,000","$901,667","0.40%","$10,000","$10,000","$10,000","$1,675,000","$2,705,000"
"Elijah Cooks","WR","JAX                  JAX","24","2023","2025","3","$2,705,000","$901,667","0.40%","$10,000","$70,000","$70,000","$1,675,000","$2,705,000"
"Shaq Davis","WR","NO                  NO","23","2023","2025","3","$2,705,000","$901,667","0.40%","$10,000","$226,000","$226,000","$1,675,000","$2,705,000"
"Thayer Thomas","WR","MIN                  MIN","24","2023","2025","3","$2,705,000","$901,667","0.40%","$10,000","$110,000","$110,000","$1,675,000","$2,705,000"
"Thyrick Pitts","WR","CHI                  CHI","24","2023","2025","3","$2,704,500","$901,500","0.40%","$9,500","$9,500","$9,500","$1,665,000","$2,695,000"
"Duece Watts","WR","GB                  GB","24","2023","2025","3","$2,704,000","$901,333","0.40%","$9,000","$9,000","$9,000","$1,674,000","$2,704,000"
"Malik Heath","WR","GB                  GB","23","2023","2025","3","$2,704,000","$901,333","0.40%","$9,000","$9,000","$9,000","$1,674,000","$1,902,888"
"Tyrell Shavers","WR","BUF                  BUF","23","2023","2025","3","$2,703,500","$901,167","0.40%","$8,500","$8,500","$8,500","$1,673,500","$2,703,500"
"Aron Cruickshank","WR","CHI                  CHI","22","2023","2025","3","$2,703,000","$901,000","0.40%","$8,000","$8,000","$8,000","$1,673,000","$2,703,000"
"Shae Wyatt","WR","SF                  SF","","2023","2025","3","$2,703,000","$901,000","0.40%","$8,000","$43,000","$43,000","$1,673,000","$2,703,000"
"Shedrick Jackson","WR","CIN                  CIN","23","2023","2025","3","$2,702,500","$900,833","0.40%","$7,500","$7,500","$7,500","$1,672,500","$2,702,500"
"Jaray Jenkins","WR","JAX                  JAX","23","2023","2025","3","$2,702,500","$900,833","0.40%","$7,500","$82,500","$82,500","$1,372,500","$2,402,500"
"Terrell Bynum","WR","LAC                  LAC","24","2023","2025","3","$2,702,500","$900,833","0.40%","$7,500","$7,500","$7,500","$1,672,500","$2,702,500"
"Jordan Byrd","WR","PIT                  PIT","23","2023","2025","3","$2,702,500","$900,833","0.40%","$7,500","$7,500","$7,500","$1,672,500","$2,702,500"
"Bryan Thompson","WR","BUF                  BUF","24","2023","2025","3","$2,701,500","$900,500","0.40%","$6,500","$6,500","$6,500","$1,671,500","$2,701,500"
"Cephus Johnson","WR","MIN                  MIN","23","2023","2025","3","$2,701,000","$900,333","0.40%","$6,000","$26,000","$26,000","$1,671,000","$2,701,000"
"Kade Warner","WR","TB                  TB","24","2023","2025","3","$2,700,000","$900,000","0.40%","$5,000","$5,000","$5,000","$1,670,000","$2,700,000"
"Keytaon Thompson","WR","DET                  DET","","2023","2025","3","$2,700,000","$900,000","0.40%","$5,000","$5,000","$5,000","$1,670,000","$2,700,000"
"Daewood Davis","WR","MIA                  MIA","24","2023","2025","3","$2,700,000","$900,000","0.40%","$5,000","$5,000","$5,000","$1,670,000","$2,700,000"
"Chris Coleman","WR","MIA                  MIA","24","2023","2025","3","$2,700,000","$900,000","0.40%","$5,000","$17,000","$17,000","$1,670,000","$2,700,000"
"Sean Ryan","WR","BAL                  BAL","24","2023","2025","3","$2,700,000","$900,000","0.40%","$5,000","$5,000","$5,000","$1,670,000","$2,700,000"
"Johnny King","WR","IND                  IND","23","2023","2025","3","$2,700,000","$900,000","0.40%","$5,000","$5,000","$5,000","$1,670,000","$2,700,000"
"Xavier Smith","WR","LAR                  LAR","25","2023","2025","3","$2,700,000","$900,000","0.40%","$5,000","$5,000","$5,000","$1,670,000","$2,700,000"
"Pokey Wilson","WR","LAC                  LAC","23","2023","2025","3","$2,700,000","$900,000","0.40%","$5,000","$5,000","$5,000","$1,670,000","$2,700,000"
"Jose Barbon","WR","DAL                  DAL","23","2023","2025","3","$2,698,000","$899,333","0.40%","$3,000","$3,000","$3,000","$1,668,000","$2,698,000"
"Dontay Demus Jr.","WR","BAL                  BAL","22","2023","2025","3","$2,697,500","$899,167","0.40%","$2,500","$2,500","$2,500","$1,667,500","$2,697,500"
"Jalen Sample","WR","WAS                  WAS","24","2023","2025","3","$2,697,500","$899,167","0.40%","$2,500","$2,500","$2,500","$1,667,500","$2,697,500"
"Zion Bowens","WR","WAS                  WAS","23","2023","2025","3","$2,697,500","$899,167","0.40%","$2,500","$2,500","$2,500","$1,667,500","$2,697,500"
"Taye Barber","WR","TB                  TB","23","2023","2025","3","$2,697,000","$899,000","0.40%","$2,000","$2,000","$2,000","$1,667,000","$2,697,000"
"Taylor Grimes","WR","DEN                  DEN","23","2023","2025","3","$2,697,000","$899,000","0.40%","$2,000","$2,000","$2,000","$1,667,000","$2,697,000"
"Tyjon Lindsey","WR","SEA                  SEA","24","2023","2025","3","$2,696,000","$898,667","0.40%","$1,000","$1,000","$1,000","$1,666,000","$2,696,000"
"C.J. Johnson","WR","SEA                  SEA","","2023","2025","3","$2,696,000","$898,667","0.40%","$1,000","$1,000","$1,000","$1,666,000","$2,696,000"
"Isaiah Winstead","WR","SF                  SF","23","2023","2025","3","$2,696,000","$898,667","0.40%","$1,000","$1,000","$1,000","$1,666,000","$2,696,000"
"Malik Flowers","WR","NO                  NO","","2023","2025","3","$2,696,000","$898,667","0.40%","$1,000","$1,000","$1,000","$1,666,000","$2,696,000"
"Oliver Martin","WR","JAX                  JAX","24","2023","2025","3","$2,696,000","$898,667","0.40%","$1,000","$2,000","$2,000","$1,666,000","$2,696,000"
"Avery Davis","WR","DET                  DET","","2023","2025","3","$2,695,000","$898,333","0.40%","","","","$1,665,000","$2,695,000"
"Ed Lee","WR","NE                  NE","24","2023","2025","3","$2,695,000","$898,333","0.40%","","","","$1,665,000","$2,695,000"
"Nick Williams","WR","DEN                  DEN","","2023","2025","3","$2,695,000","$898,333","0.40%","","","","$1,665,000","$2,695,000"
"Garett Maag","WR","MIN                  MIN","23","2023","2025","3","$2,695,000","$898,333","0.40%","","","","$1,665,000","$2,695,000"
"Jerome Kapp","WR","NYJ                  NYJ","","2023","2025","3","$2,695,000","$898,333","0.40%","","","","$1,665,000","$2,695,000"
"Dontavian Jackson","WR","MIN                  MIN","25","2023","2025","3","$2,695,000","$898,333","0.40%","","","","$1,665,000","$2,695,000"
"Jadakis Bonds","WR","GB                  GB","23","2023","2025","3","$2,695,000","$898,333","0.40%","","","","$1,665,000","$2,695,000"
"Brian Cobbs","WR","ARI                  ARI","23","2023","2025","3","$2,695,000","$898,333","0.40%","","","","$1,665,000","$2,695,000"
"Kearis Jackson","WR","TEN                  TEN","23","2023","2025","3","$2,695,000","$898,333","0.40%","","","","$1,278,334","$2,308,334"
"Gavin Holmes","WR","TEN                  TEN","24","2023","2025","3","$2,695,000","$898,333","0.40%","","","","$1,665,000","$2,695,000"
"Dylan Drummond","WR","DET                  DET","23","2023","2025","3","$2,695,000","$898,333","0.40%","","","","$1,665,000","$2,695,000"
"Mac Hippenhammer","WR","CIN                  CIN","24","2023","2025","3","$2,695,000","$898,333","0.40%","","","","$1,665,000","$2,695,000"
"Malachi Carter","WR","CIN                  CIN","23","2023","2025","3","$2,695,000","$898,333","0.40%","","","","$1,665,000","$2,695,000"
"Dallas Daniels","WR","DEN                  DEN","","2023","2025","3","$2,695,000","$898,333","0.40%","","","","$1,665,000","$2,695,000"
"Kody Case","WR","IND                  IND","24","2023","2025","3","$2,695,000","$898,333","0.40%","","","","$1,665,000","$2,695,000"
"Tyler Adams","WR","IND                  IND","","2023","2025","3","$2,695,000","$898,333","0.40%","","","","$1,665,000","$2,695,000"
"Tyrone Scott","WR","KC                  KC","","2023","2025","3","$2,695,000","$898,333","0.40%","","","","$1,665,000","$2,695,000"
"Cody Chrest","WR","IND                  IND","","2023","2025","3","$2,695,000","$898,333","0.40%","","","","$1,665,000","$2,695,000"
"Braxton Burmeister","WR","LAR                  LAR","24","2023","2025","3","$2,695,000","$898,333","0.40%","","","","$1,665,000","$2,695,000"
"Sam James","WR","LAR                  LAR","","2023","2025","3","$2,695,000","$898,333","0.40%","","","","$1,665,000","$2,695,000"
"Tyler Hudson","WR","LAR                  LAR","22","2023","2025","3","$2,695,000","$898,333","0.40%","","","","$1,665,000","$2,695,000"
"Bryce Tremayne","WR","WAS                  WAS","23","2023","2025","3","$2,695,000","$898,333","0.40%","$20,000","$100,000","$100,000","$1,665,000","$2,695,000"
"Sy Barnett","WR","NO                  NO","","2023","2025","3","$2,695,000","$898,333","0.40%","","","","$1,665,000","$2,695,000"
"Matthew Slater","WR","NE                  NE","37","2023","2023","1","$2,667,500","$2,667,500","1.19%","$152,500","$2,667,500","$2,667,500","$2,667,500","$2,667,500"
"Matthew Slater","WR","NE                  NE","36","2022","2022","1","$2,622,500","$2,622,500","1.26%","$152,500","$2,622,500","$2,622,500","$2,622,500","$2,622,500"
"Mack Hollins","WR","BUF                  BUF","30","2024","2024","1","$2,600,000","$2,600,000","1.02%","$500,000","$1,100,000","$1,100,000","$3,084,947","$3,084,947"
"Noah Brown","WR","HOU                  HOU","27","2023","2023","1","$2,600,000","$2,600,000","1.16%","$750,000","$2,250,000","$2,250,000","$2,455,880","$2,455,880"
"Johnny Johnson","WR","HOU                  HOU","22","2022","2024","3","$2,590,000","$863,333","0.41%","$30,000","$105,000","$105,000","$1,605,000","$2,590,000"
"Cam Sims","WR","WAS                  WAS","25","2022","2022","1","$2,590,000","$2,590,000","1.24%","$1,250,000","$2,000,000","$2,000,000","$2,590,000","$2,590,000"
"Isaiah Weston","WR","CLE                  CLE","24","2022","2024","3","$2,585,000","$861,667","0.41%","$25,000","$75,000","$75,000","$1,205,000","$2,120,000"
"Kevin Austin","WR","JAX                  JAX","21","2022","2024","3","$2,585,000","$861,667","0.41%","$25,000","$230,000","$230,000","$1,600,000","$2,585,000"
"JaVonta Payton","WR","ARI                  ARI","23","2022","2024","3","$2,580,000","$860,000","0.41%","$20,000","$50,000","$50,000","$1,595,000","$2,580,000"
"Jontre Kirklin","WR","ARI                  ARI","23","2022","2024","3","$2,580,000","$860,000","0.41%","$20,000","$20,000","$20,000","$1,595,000","$2,580,000"
"Jaivon Heiligh","WR","CIN                  CIN","22","2022","2024","3","$2,577,500","$859,167","0.41%","$17,500","$17,500","$17,500","$1,592,500","$2,577,500"
"Ra'Shaun Henry","WR","CAR                  CAR","23","2022","2024","3","$2,577,500","$859,167","0.41%","$17,500","$117,500","$117,500","$1,592,500","$2,577,500"
"Stanley Berryhill","WR","ATL                  ATL","23","2022","2024","3","$2,577,000","$859,000","0.41%","$17,000","$60,000","$60,000","$1,592,000","$2,577,000"
"Deven Thompkins","WR","TB                  TB","22","2022","2024","3","$2,576,000","$858,667","0.41%","$16,000","$16,000","$16,000","$1,591,000","$2,576,000"
"Kwamie Lassiter","WR","CIN                  CIN","23","2022","2024","3","$2,575,000","$858,333","0.41%","$15,000","$15,000","$15,000","$1,590,000","$2,575,000"
"Keshunn Abram","WR","NYJ                  NYJ","","2022","2024","3","$2,575,000","$858,333","0.41%","$15,000","$85,000","$85,000","$1,590,000","$2,575,000"
"Braylon Sanders","WR","MIA                  MIA","22","2022","2024","3","$2,575,000","$858,333","0.41%","$15,000","$140,000","$140,000","$1,590,000","$2,575,000"
"Josh Johnson","WR","DET                  DET","","2022","2024","3","$2,575,000","$858,333","0.41%","$15,000","$90,000","$90,000","$1,590,000","$2,575,000"
"Corey Sutton","WR","DET                  DET","","2022","2024","3","$2,575,000","$858,333","0.41%","$15,000","$50,000","$50,000","$1,590,000","$2,575,000"
"Kalil Pimpleton","WR","DET                  DET","23","2022","2024","3","$2,575,000","$858,333","0.41%","$15,000","$40,000","$40,000","$1,590,000","$2,575,000"
"Makai Polk","WR","BAL                  BAL","20","2022","2024","3","$2,575,000","$858,333","0.41%","$15,000","$20,000","$20,000","$1,590,000","$2,575,000"
"Trevon Bradford","WR","LAC                  LAC","24","2022","2024","3","$2,575,000","$858,333","0.41%","$15,000","$15,000","$15,000","$1,590,000","$2,575,000"
"Charleston Rambo","WR","CAR                  CAR","22","2022","2024","3","$2,575,000","$858,333","0.41%","$15,000","$115,000","$115,000","$1,590,000","$2,575,000"
"Rashid Shaheed","WR","NO                  NO","23","2022","2024","3","$2,575,000","$858,333","0.41%","$15,000","$222,000","$222,000","$1,590,000","$2,575,000"
"Kevin Shaa","WR","CHI                  CHI","24","2022","2024","3","$2,574,000","$858,000","0.41%","$14,000","$14,000","$14,000","$1,589,000","$2,574,000"
"Britain Covey","WR","PHI                  PHI","24","2022","2024","3","$2,572,500","$857,500","0.41%","$12,500","$137,500","$137,500","$1,587,500","$2,572,500"
"Michael Young Jr.","WR","IND                  IND","","2022","2024","3","$2,572,500","$857,500","0.41%","$12,500","$12,500","$12,500","$1,587,500","$2,572,500"
"Jalen Virgil","WR","DEN                  DEN","23","2022","2024","3","$2,572,500","$857,500","0.41%","$12,500","$30,000","$30,000","$1,192,500","$2,107,500"
"Reggie Roberson","WR","TEN                  TEN","24","2022","2024","3","$2,572,000","$857,333","0.41%","$12,000","$12,000","$12,000","$1,587,000","$2,572,000"
"Justin Hall","WR","LV                  LV","22","2022","2024","3","$2,572,000","$857,333","0.41%","$12,000","$54,000","$54,000","$1,587,000","$2,572,000"
"Jerrion Ealy","WR","KC                  KC","21","2022","2024","3","$2,570,000","$856,667","0.41%","$10,000","$10,000","$10,000","$1,585,000","$2,570,000"
"Travel Harris","WR","CLE                  CLE","","2022","2024","3","$2,570,000","$856,667","0.41%","$10,000","$10,000","$10,000","$1,585,000","$2,570,000"
"Dontario Drummond","WR","DAL                  DAL","24","2022","2024","3","$2,570,000","$856,667","0.41%","$10,000","$110,000","$110,000","$1,585,000","$2,570,000"
"Jequez Ezzard","WR","WAS                  WAS","","2022","2024","3","$2,570,000","$856,667","0.41%","$10,000","$55,000","$55,000","$1,310,000","$2,295,000"
"Kaden Davis","WR","DEN                  DEN","23","2022","2024","3","$2,568,500","$856,167","0.41%","$8,500","$30,500","$30,500","$1,583,500","$2,568,500"
"Tay Martin","WR","SF                  SF","24","2022","2024","3","$2,568,500","$856,167","0.41%","$8,500","$53,500","$53,500","$1,583,500","$2,568,500"
"Lance McCutcheon","WR","LAR                  LAR","22","2022","2024","3","$2,568,000","$856,000","0.41%","$8,000","$8,000","$8,000","$1,575,000","$2,560,000"
"Samson Nacua","WR","IND                  IND","23","2022","2024","3","$2,567,000","$855,667","0.41%","$7,000","$7,000","$7,000","$1,582,000","$2,567,000"
"Slade Bolden","WR","BAL                  BAL","22","2022","2024","3","$2,567,000","$855,667","0.41%","$7,000","$7,000","$7,000","$1,307,000","$2,292,000"
"Kaylon Geiger","WR","TB                  TB","24","2022","2024","3","$2,566,000","$855,333","0.41%","$6,000","$6,000","$6,000","$1,581,000","$2,566,000"
"Neil Pau'u","WR","BUF                  BUF","26","2022","2024","3","$2,565,000","$855,000","0.41%","$5,000","$5,000","$5,000","$1,580,000","$2,565,000"
"Shemar Bridges","WR","BAL                  BAL","24","2022","2024","3","$2,565,000","$855,000","0.41%","$5,000","$5,000","$5,000","$1,305,000","$2,290,000"
"Irvin Charles","WR","NYJ                  NYJ","24","2022","2024","3","$2,565,000","$855,000","0.41%","$5,000","$5,000","$5,000","$1,580,000","$2,565,000"
"Jaquarii Roberson","WR","DAL                  DAL","23","2022","2024","3","$2,565,000","$855,000","0.41%","$5,000","$80,000","$80,000","$1,580,000","$2,565,000"
"Tanner Conner","WR","MIA                  MIA","23","2022","2024","3","$2,565,000","$855,000","0.41%","$5,000","$5,000","$5,000","$1,580,000","$2,565,000"
"Tre Turner","WR","LV                  LV","","2022","2024","3","$2,565,000","$855,000","0.41%","$5,000","$40,000","$40,000","$1,580,000","$2,565,000"
"Brandon Johnson","WR","DEN                  DEN","23","2022","2024","3","$2,565,000","$855,000","0.41%","$5,000","$10,000","$10,000","$1,305,000","$2,290,000"
"Mike Harley, Jr.","WR","CLE                  CLE","24","2022","2024","3","$2,565,000","$855,000","0.41%","$5,000","$60,000","$60,000","$1,580,000","$2,565,000"
"Dennis Houston","WR","DAL                  DAL","22","2022","2024","3","$2,565,000","$855,000","0.41%","$5,000","$65,000","$65,000","$1,580,000","$2,565,000"
"Ty Fryfogle","WR","DAL                  DAL","22","2022","2024","3","$2,565,000","$855,000","0.41%","$5,000","$80,000","$80,000","$1,305,000","$2,290,000"
"Kyric McGowan","WR","WAS                  WAS","22","2022","2024","3","$2,565,000","$855,000","0.41%","$5,000","$5,000","$5,000","$1,580,000","$2,565,000"
"Danny Davis","WR","GB                  GB","23","2022","2024","3","$2,565,000","$855,000","0.41%","$5,000","$5,000","$5,000","$1,305,000","$2,290,000"
"Tyshaun James","WR","ATL                  ATL","22","2022","2024","3","$2,565,000","$855,000","0.41%","$5,000","$35,000","$35,000","$1,580,000","$2,565,000"
"Jared Bernhardt","WR","ATL                  ATL","24","2022","2024","3","$2,565,000","$855,000","0.41%","$5,000","$40,000","$40,000","$1,396,668","$2,381,668"
"Dai’Jean Dixon","WR","NO                  NO","","2022","2024","3","$2,565,000","$855,000","0.41%","$5,000","$5,000","$5,000","$1,580,000","$2,565,000"
"Drew Estrada","WR","HOU                  HOU","24","2022","2024","3","$2,563,500","$854,500","0.41%","$3,500","$13,500","$13,500","$1,578,500","$2,563,500"
"Kendric Pryor","WR","CIN                  CIN","23","2022","2024","3","$2,563,000","$854,333","0.41%","$3,000","$3,000","$3,000","$1,575,000","$2,560,000"
"Raleigh Webb","WR","BAL                  BAL","24","2022","2024","3","$2,562,500","$854,167","0.41%","$2,500","$2,500","$2,500","$1,577,500","$2,562,500"
"Thomas Hennigan","WR","MIN                  MIN","23","2022","2024","3","$2,562,500","$854,167","0.41%","$2,500","$2,500","$2,500","$1,182,500","$2,167,500"
"Trevon Clark","WR","BAL                  BAL","22","2022","2024","3","$2,562,500","$854,167","0.41%","$2,500","$2,500","$2,500","$1,577,500","$2,562,500"
"Derek Wright","WR","CAR                  CAR","23","2022","2024","3","$2,562,500","$854,167","0.41%","$2,500","$2,500","$2,500","$1,577,500","$2,562,500"
"Lujuan Winningham","WR","JAX                  JAX","22","2022","2024","3","$2,562,000","$854,000","0.41%","$2,000","$2,000","$2,000","$1,577,000","$2,562,000"
"Andrew Parchment","WR","CAR                  CAR","24","2022","2024","3","$2,562,000","$854,000","0.41%","$2,000","$2,000","$2,000","$1,302,000","$2,287,000"
"Ethan Ferrea","WR","IND                  IND","23","2022","2024","3","$2,561,400","$853,800","0.41%","$1,400","$1,400","$1,400","$1,576,400","$2,561,400"
"Jack Sorenson","WR","CIN                  CIN","24","2022","2024","3","$2,561,000","$853,667","0.41%","$1,000","$1,000","$1,000","$1,576,000","$2,561,000"
"Kekoa Crawford","WR","IND                  IND","23","2022","2024","3","$2,561,000","$853,667","0.41%","$1,000","$1,000","$1,000","$1,576,000","$2,561,000"
"Tim Jones","WR","JAX                  JAX","23","2022","2024","3","$2,560,000","$853,333","0.41%","","","","$1,575,000","$2,560,000"
"Brandon Johnson","WR","DEN                  DEN","24","2022","2024","3","$2,560,000","$853,333","0.41%","","","","$995,280","$1,980,280"
"Maurice Alexander","WR","DET                  DET","24","2022","2024","3","$2,560,000","$853,333","0.41%","","","","$1,575,000","$2,560,000"
"Daylen Baldwin","WR","CLE                  CLE","22","2022","2024","3","$2,560,000","$853,333","0.41%","","","","$1,575,000","$2,560,000"
"Kavontae Turpin","WR","DAL                  DAL","25","2022","2024","3","$2,560,000","$853,333","0.41%","","","","$1,575,000","$2,560,000"
"Jared Smart","WR","ARI                  ARI","","2022","2024","3","$2,560,000","$853,333","0.41%","","","","$1,575,000","$2,560,000"
"Keric Wheatfall","WR","PHI                  PHI","","2022","2024","3","$2,560,000","$853,333","0.41%","","","","$1,300,000","$2,285,000"
"Ryan McDaniel","WR","JAX                  JAX","","2022","2024","3","$2,560,000","$853,333","0.41%","","","","$1,575,000","$2,560,000"
"Willie Johnson","WR","JAX                  JAX","25","2022","2024","3","$2,560,000","$853,333","0.41%","","","","$1,180,000","$2,095,000"
"Tyler Snead","WR","PIT                  PIT","21","2022","2024","3","$2,560,000","$853,333","0.41%","","","","$1,575,000","$2,560,000"
"Kameron Brown","WR","TB                  TB","","2022","2024","3","$2,560,000","$853,333","0.41%","","","","$1,575,000","$2,560,000"
"Kevin Kassis","WR","SEA                  SEA","24","2022","2024","3","$2,560,000","$853,333","0.41%","","","","$1,575,000","$2,560,000"
"Brandon Lewis","WR","TEN                  TEN","","2022","2024","3","$2,560,000","$853,333","0.41%","","","","$1,575,000","$2,560,000"
"Demetris Robertson","WR","SEA                  SEA","","2022","2024","3","$2,560,000","$853,333","0.41%","","","","$1,575,000","$2,560,000"
"John Mitchell","WR","SEA                  SEA","","2022","2024","3","$2,560,000","$853,333","0.41%","","","","$1,575,000","$2,560,000"
"Jake Herslow","WR","SEA                  SEA","","2022","2024","3","$2,560,000","$853,333","0.41%","","","","$1,575,000","$2,560,000"
"Justyn Ross","WR","KC                  KC","22","2022","2024","3","$2,560,000","$853,333","0.41%","","","","$930,000","$1,845,000"
"Henry Litwin","WR","CHI                  CHI","","2022","2024","3","$2,560,000","$853,333","0.41%","","","","$1,575,000","$2,560,000"
"Landon Lenoir","WR","CHI                  CHI","","2022","2024","3","$2,560,000","$853,333","0.41%","","","","$1,575,000","$2,560,000"
"Cyrus Holder","WR","CHI                  CHI","","2022","2024","3","$2,560,000","$853,333","0.41%","","","","$1,575,000","$2,560,000"
"Jerreth Sterns","WR","TB                  TB","22","2022","2024","3","$2,560,000","$853,333","0.41%","","","","$1,575,000","$2,560,000"
"Devon Williams","WR","BAL                  BAL","21","2022","2024","3","$2,560,000","$853,333","0.41%","$30,000","$45,000","$45,000","$1,605,000","$2,590,000"
"Taysir Mack","WR","SF                  SF","","2022","2024","3","$2,560,000","$853,333","0.41%","","","","$1,575,000","$2,560,000"
"Stephon Robinson Jr.","WR","ARI                  ARI","","2022","2024","3","$2,560,000","$853,333","0.41%","","","","$1,575,000","$2,560,000"
"Changa Hodge","WR","ARI                  ARI","","2022","2024","3","$2,560,000","$853,333","0.41%","","","","$1,575,000","$2,560,000"
"Skyy Moore","WR","GB                  GB","25","2026","2026","1","$2,500,000","$2,500,000","0.83%","$1,000,000","$1,000,000","$1,000,000","$2,500,000","$2,500,000"
"Elijah Moore","WR","BUF                  BUF","25","2025","2025","1","$2,500,000","$2,500,000","0.90%","$750,000","$2,500,000","$2,500,000","$2,505,670","$2,505,670"
"Jamal Agnew","WR","ATL                  ATL","29","2025","2025","1","$2,500,000","$2,500,000","0.90%","$400,000","$400,000","$400,000","$207,778","$207,778"
"Tim Patrick","WR","DET                  DET","31","2025","2025","1","$2,500,000","$2,500,000","0.90%","$1,245,000","$2,500,000","$2,500,000","$1,255,000","$1,255,000"
"Mack Hollins","WR","ATL                  ATL","29","2023","2023","1","$2,500,000","$2,500,000","1.11%","$910,000","$910,000","$910,000","$2,563,355","$2,563,355"
"Breshad Perriman","WR","DET                  DET","27","2021","2021","1","$2,500,000","$2,500,000","1.37%","","$2,000,000","$2,000,000","$2,437,500","$2,437,500"
"Zay Jones","WR","LV                  LV","25","2021","2021","1","$2,500,000","$2,500,000","1.37%","$1,500,000","$2,500,000","$2,500,000","$2,500,000","$2,500,000"
"Devin Funchess","WR","GB                  GB","25","2020","2021","1","$2,500,000","$2,500,000","1.26%","$1,000,000","$1,000,000","$1,000,000","$2,367,647","$2,367,647"
"Austin Watkins","WR","SF                  SF","22","2021","2023","3","$2,450,000","$816,667","0.45%","$25,000","$105,000","$105,000","$1,265,000","$2,205,000"
"Tyler Vaughns","WR","IND                  IND","23","2021","2023","3","$2,447,000","$815,667","0.45%","$22,000","$22,000","$22,000","$1,507,000","$2,447,000"
"Connor Wedington","WR","SEA                  SEA","21","2021","2023","3","$2,445,000","$815,000","0.45%","$20,000","$20,000","$20,000","$1,505,000","$2,445,000"
"Dillon Stoner","WR","LV                  LV","22","2021","2023","3","$2,445,000","$815,000","0.45%","$20,000","$120,000","$120,000","$1,505,000","$2,445,000"
"Josh Imatorbhebhe","WR","JAX                  JAX","22","2021","2023","3","$2,445,000","$815,000","0.45%","$20,000","$70,000","$70,000","$1,260,000","$2,200,000"
"Cade Johnson","WR","SEA                  SEA","22","2021","2023","3","$2,445,000","$815,000","0.45%","$20,000","$20,000","$20,000","$1,505,000","$2,445,000"
"David Bell","WR","CLE                  CLE","23","2024","2025","2","$2,444,000","$1,222,000","0.48%","","","","$2,175,780","$2,175,780"
"Tarik Black","WR","IND                  IND","22","2021","2023","3","$2,440,000","$813,333","0.45%","$15,000","$15,000","$15,000","$1,500,000","$2,440,000"
"Tim Jones","WR","JAX                  JAX","22","2021","2023","3","$2,440,000","$813,333","0.45%","$15,000","$180,000","$180,000","$1,255,000","$2,195,000"
"Javon McKinley","WR","DET                  DET","22","2021","2023","3","$2,440,000","$813,333","0.45%","$15,000","$100,000","$100,000","$1,500,000","$2,440,000"
"Blake Proehl","WR","MIN                  MIN","21","2021","2023","3","$2,440,000","$813,333","0.45%","$15,000","$115,000","$115,000","$1,043,338","$1,983,338"
"Brandon Smith","WR","DAL                  DAL","22","2021","2023","3","$2,437,000","$812,333","0.45%","$12,000","$132,000","$132,000","$1,497,000","$2,437,000"
"Antonio Nunn","WR","ATL                  ATL","21","2021","2023","3","$2,435,000","$811,667","0.44%","$10,000","$30,000","$30,000","$1,495,000","$2,435,000"
"Warren Jackson","WR","DEN                  DEN","21","2021","2023","3","$2,435,000","$811,667","0.44%","$10,000","$60,000","$60,000","$1,495,000","$2,435,000"
"Sage Surratt","WR","DET                  DET","22","2021","2023","3","$2,435,000","$811,667","0.44%","$10,000","$100,000","$100,000","$1,495,000","$2,435,000"
"Jhamon Ausbon","WR","PHI                  PHI","21","2021","2023","3","$2,435,000","$811,667","0.44%","$10,000","$80,000","$80,000","$1,495,000","$2,435,000"
"Jonathan Adams Jr.","WR","DET                  DET","","2021","2023","3","$2,435,000","$811,667","0.44%","$10,000","$90,000","$90,000","$1,495,000","$2,435,000"
"Isaiah McKoy","WR","PIT                  PIT","","2021","2023","3","$2,434,000","$811,333","0.44%","$9,000","$9,000","$9,000","$1,494,000","$2,434,000"
"Olamide Zaccheaus","WR","ATL                  ATL","24","2022","2022","1","$2,433,000","$2,433,000","1.17%","","","","$2,433,000","$2,433,000"
"Ashton Dulin","WR","IND                  IND","24","2022","2022","1","$2,433,000","$2,433,000","1.17%","","","","$2,433,000","$2,433,000"
"Bailey Gaither","WR","GB                  GB","23","2021","2023","3","$2,432,000","$810,667","0.44%","$7,000","$7,000","$7,000","$1,492,000","$2,432,000"
"Myron Mitchell","WR","MIN                  MIN","22","2021","2023","3","$2,430,000","$810,000","0.44%","$5,000","$5,000","$5,000","$1,490,000","$2,430,000"
"Brennan Eagles","WR","DAL                  DAL","22","2021","2023","3","$2,430,000","$810,000","0.44%","$5,000","$55,000","$55,000","$1,490,000","$2,430,000"
"Branden Mack","WR","DEN                  DEN","22","2021","2023","3","$2,430,000","$810,000","0.44%","$5,000","$5,000","$5,000","$1,490,000","$2,430,000"
"Osirus Mitchell","WR","DAL                  DAL","23","2021","2023","3","$2,430,000","$810,000","0.44%","$5,000","$55,000","$55,000","$1,490,000","$2,430,000"
"Austin Trammell","WR","ATL                  ATL","22","2021","2023","3","$2,430,000","$810,000","0.44%","$5,000","$10,000","$10,000","$1,490,000","$2,430,000"
"T.J. Vasher","WR","DAL                  DAL","22","2021","2023","3","$2,430,000","$810,000","0.44%","$5,000","$55,000","$55,000","$1,125,000","$1,995,000"
"Tamorrion Terry","WR","SEA                  SEA","22","2021","2023","3","$2,430,000","$810,000","0.44%","$5,000","$5,000","$5,000","$1,490,000","$2,430,000"
"Khalil McClain","WR","CHI                  CHI","21","2021","2023","3","$2,428,000","$809,333","0.44%","$3,000","$3,000","$3,000","$1,488,000","$2,428,000"
"Jeremiah Haydel","WR","LAR                  LAR","21","2021","2023","3","$2,428,000","$809,333","0.44%","$3,000","$3,000","$3,000","$1,488,000","$2,428,000"
"Rico Bussey Jr.","WR","PIT                  PIT","22","2021","2023","3","$2,428,000","$809,333","0.44%","$3,000","$3,000","$3,000","$1,488,000","$2,428,000"
"Riley Lees","WR","CIN                  CIN","","2021","2023","3","$2,426,500","$808,833","0.44%","$1,500","$1,500","$1,500","$1,486,500","$2,426,500"
"Devontres Dukes","WR","DEN                  DEN","23","2021","2023","3","$2,426,000","$808,667","0.44%","$1,000","$1,000","$1,000","$1,241,000","$2,181,000"
"T.J. Simmons","WR","TB                  TB","","2021","2023","3","$2,426,000","$808,667","0.44%","$1,000","$1,000","$1,000","$1,486,000","$2,426,000"
"Landen Akers","WR","LAR                  LAR","23","2021","2023","3","$2,426,000","$808,667","0.44%","$1,000","$1,000","$1,000","$1,486,000","$2,426,000"
"Michael Bandy","WR","LAC                  LAC","23","2021","2023","3","$2,425,000","$808,333","0.44%","","","","$1,485,000","$2,425,000"
"Travis Toivonen","WR","SEA                  SEA","22","2021","2023","3","$2,425,000","$808,333","0.44%","","","","$1,485,000","$2,425,000"
"C.J. Saunders","WR","CAR                  CAR","24","2021","2023","3","$2,425,000","$808,333","0.44%","","","","$1,485,000","$2,425,000"
"Trevon Grimes","WR","PHI                  PHI","","2021","2023","3","$2,425,000","$808,333","0.44%","","","","$1,485,000","$2,425,000"
"Tre Walker","WR","BUF                  BUF","","2021","2023","3","$2,425,000","$808,333","0.44%","","","","$1,485,000","$2,425,000"
"D.J. Turner","WR","LV                  LV","23","2021","2023","3","$2,425,000","$808,333","0.44%","","","","$1,485,000","$2,425,000"
"Donte Sylencieux","WR","BAL                  BAL","25","2021","2023","3","$2,425,000","$808,333","0.44%","","","","$1,485,000","$2,425,000"
"Kai Locksley","WR","MIA                  MIA","24","2021","2023","3","$2,425,000","$808,333","0.44%","","","","$1,485,000","$2,425,000"
"Stephen Sullivan","WR","CAR                  CAR","24","2021","2023","3","$2,425,000","$808,333","0.44%","","","","$861,666","$1,679,444"
"Zay Jones","WR","ARI                  ARI","29","2025","2025","1","$2,400,000","$2,400,000","0.86%","$650,000","$1,300,000","$1,300,000","$2,220,000","$2,220,000"
"Tyler Boyd","WR","TEN                  TEN","29","2024","2024","1","$2,400,000","$2,400,000","0.94%","$450,000","$1,200,000","$1,200,000","$2,400,000","$2,400,000"
"Rashard Higgins","WR","CLE                  CLE","26","2021","2021","1","$2,377,500","$2,377,500","1.30%","$137,500","$2,377,500","$2,377,500","$2,377,500","$2,377,500"
"Treylon Burks","WR","WAS                  WAS","25","2026","2026","1","$2,350,000","$2,350,000","0.78%","$400,000","$400,000","$400,000","$2,350,000","$2,350,000"
"Britain Covey","WR","PHI                  PHI","28","2025","2026","2","$2,315,000","$1,157,500","0.41%","","","","$1,581,666","$1,581,666"
"Tyler Simmons","WR","HOU                  HOU","22","2020","2022","3","$2,310,000","$770,000","0.39%","$25,000","$75,000","$75,000","$1,415,000","$2,310,000"
"Chris Rowland","WR","ATL                  ATL","22","2020","2022","3","$2,305,000","$768,333","0.39%","$20,000","$80,000","$80,000","$1,410,000","$2,305,000"
"Johnathon Johnson","WR","WAS                  WAS","23","2020","2022","3","$2,301,500","$767,167","0.39%","$16,500","$16,500","$16,500","$1,406,500","$2,301,500"
"Jakeem Grant","WR","MIA                  MIA","28","2021","2021","1","$2,300,000","$2,300,000","1.26%","$250,000","$250,000","$250,000","$1,555,555","$1,555,555"
"Derrick Dillon","WR","NYG                  NYG","24","2020","2022","3","$2,300,000","$766,667","0.39%","$15,000","$40,000","$40,000","$1,405,000","$2,300,000"
"Chris Finke","WR","SF                  SF","23","2020","2022","3","$2,300,000","$766,667","0.39%","$15,000","$95,000","$95,000","$1,405,000","$2,300,000"
"Trishton Jackson","WR","LAR                  LAR","21","2020","2022","3","$2,298,000","$766,000","0.39%","$13,000","$13,000","$13,000","$1,403,000","$2,298,000"
"Austin Mack","WR","NYG                  NYG","22","2020","2022","3","$2,297,500","$765,833","0.39%","$12,500","$87,500","$87,500","$1,402,500","$2,297,500"
"Zimari Manning","WR","DEN                  DEN","","2020","2022","3","$2,297,500","$765,833","0.39%","$12,500","$12,500","$12,500","$1,402,500","$2,297,500"
"Demarcus Robinson","WR","KC                  KC","25","2020","2020","1","$2,297,500","$2,297,500","1.16%","$137,500","$2,297,500","$2,297,500","$2,478,826","$2,478,826"
"Matt Cole","WR","MIA                  MIA","23","2020","2022","3","$2,297,000","$765,667","0.39%","$12,000","$22,000","$22,000","$1,402,000","$2,297,000"
"Stanley Morgan","WR","CIN                  CIN","25","2022","2023","2","$2,295,000","$1,147,500","0.55%","$100,000","$100,000","$100,000","$2,245,000","$2,245,000"
"Stephen Guidry","WR","DAL                  DAL","22","2020","2023","3","$2,295,000","$765,000","0.39%","$10,000","$110,000","$110,000","$575,000","$1,400,000"
"Kristian Wilkerson","WR","TEN                  TEN","22","2020","2022","3","$2,295,000","$765,000","0.39%","$10,000","$35,000","$35,000","$1,400,000","$2,295,000"
"De'Michael Harris","WR","IND                  IND","21","2020","2022","3","$2,295,000","$765,000","0.39%","$10,000","$10,000","$10,000","$1,400,000","$2,295,000"
"Kirk Merritt","WR","MIA                  MIA","22","2020","2022","3","$2,295,000","$765,000","0.39%","$10,000","$20,000","$20,000","$1,400,000","$2,295,000"
"JoJo Ward","WR","ARI                  ARI","22","2020","2022","3","$2,295,000","$765,000","0.39%","$10,000","$10,000","$10,000","$1,400,000","$2,295,000"
"Dan Chisena","WR","MIN                  MIN","22","2020","2022","3","$2,295,000","$765,000","0.39%","$10,000","$60,000","$60,000","$1,535,132","$2,430,132"
"Isaiah Zuber","WR","NE                  NE","22","2020","2022","3","$2,295,000","$765,000","0.39%","$10,000","$100,000","$100,000","$1,400,000","$2,295,000"
"Kendall Hinton","WR","DEN                  DEN","22","2020","2022","3","$2,295,000","$765,000","0.39%","$10,000","","$10,000","$1,400,000","$2,295,000"
"Quartney Davis","WR","MIN                  MIN","21","2020","2022","3","$2,295,000","$765,000","0.39%","$10,000","$110,000","$110,000","$1,400,000","$2,295,000"
"Kalija Lipscomb","WR","KC                  KC","22","2020","2022","3","$2,295,000","$765,000","0.39%","$10,000","$110,000","$110,000","$1,400,000","$2,295,000"
"Binjimen Victor","WR","NYG                  NYG","22","2020","2022","3","$2,295,000","$765,000","0.39%","$10,000","$40,000","$40,000","$1,400,000","$2,295,000"
"Marquez Callaway","WR","NO                  NO","21","2020","2022","3","$2,295,000","$765,000","0.39%","$10,000","$95,000","$95,000","$1,362,941","$2,257,941"
"Dalton Schoen","WR","LAC                  LAC","23","2020","2022","3","$2,293,000","$764,333","0.39%","$8,000","$8,000","$8,000","$1,398,000","$2,293,000"
"TreVontae Hights","WR","CAR                  CAR","22","2020","2022","3","$2,293,000","$764,333","0.39%","$8,000","$8,000","$8,000","$1,398,000","$2,293,000"
"J'Marcus Bradley","WR","CLE                  CLE","23","2020","2022","3","$2,292,500","$764,167","0.39%","$7,500","$65,000","$65,000","$1,397,500","$2,292,500"
"Seth Dawkins","WR","SEA                  SEA","21","2020","2022","3","$2,292,500","$764,167","0.39%","$7,500","$7,500","$7,500","$1,390,000","$2,285,000"
"Cody White","WR","KC                  KC","21","2020","2022","3","$2,292,500","$764,167","0.39%","$7,500","$37,500","$37,500","$1,397,500","$2,292,500"
"Aaron Fuller","WR","SEA                  SEA","22","2020","2022","3","$2,292,500","$764,167","0.39%","$7,500","$7,500","$7,500","$1,397,500","$2,292,500"
"Manasseh Bailey","WR","PHI                  PHI","22","2020","2022","3","$2,292,500","$764,167","0.39%","$7,500","$32,500","$32,500","$1,397,500","$2,292,500"
"Will Hastings","WR","NE                  NE","23","2020","2022","3","$2,292,500","$764,167","0.39%","$7,500","$57,500","$57,500","$1,397,500","$2,292,500"
"Lawrence Cager","WR","NYJ                  NYJ","22","2020","2022","3","$2,292,500","$764,167","0.39%","$7,500","$57,500","$57,500","$1,397,500","$2,292,500"
"Nick Westbrook","WR","TEN                  TEN","22","2020","2022","3","$2,292,000","$764,000","0.39%","$7,000","$32,000","$32,000","$1,397,000","$2,292,000"
"Darrell Stewart","WR","GB                  GB","23","2020","2022","3","$2,292,000","$764,000","0.39%","$7,000","$7,000","$7,000","$1,397,000","$2,292,000"
"J.J. Koski","WR","LAR                  LAR","23","2020","2022","3","$2,292,000","$764,000","0.39%","$7,000","$7,000","$7,000","$1,397,000","$2,292,000"
"Reggie Begelton","WR","GB                  GB","26","2020","2022","3","$2,292,000","$764,000","0.39%","$7,000","$7,000","$7,000","$1,397,000","$2,292,000"
"Ahmad Wagner","WR","CHI                  CHI","23","2020","2022","3","$2,291,000","$763,667","0.39%","$6,000","$11,000","$11,000","$1,396,000","$2,291,000"
"Easop Winston","WR","LAR                  LAR","23","2020","2022","3","$2,291,000","$763,667","0.39%","$6,000","$6,000","$6,000","$1,396,000","$2,291,000"
"Kyle Williams","WR","TEN                  TEN","21","2020","2022","3","$2,290,500","$763,500","0.39%","$5,500","$18,000","$18,000","$1,395,500","$2,290,500"
"John Hurst","WR","TB                  TB","23","2020","2022","3","$2,290,000","$763,333","0.39%","$5,000","$5,000","$5,000","$1,320,879","$2,215,879"
"Tony Brown","WR","CLE                  CLE","24","2020","2022","3","$2,290,000","$763,333","0.39%","$5,000","$50,000","$50,000","$1,390,000","$2,285,000"
"Scotty Washington","WR","CIN                  CIN","22","2020","2022","3","$2,290,000","$763,333","0.39%","$5,000","$5,000","$5,000","$1,395,000","$2,290,000"
"Isaiah Wright","WR","WAS                  WAS","22","2020","2022","3","$2,290,000","$763,333","0.39%","$5,000","$15,000","$15,000","$1,395,000","$2,290,000"
"Brandon Polk","WR","LAR                  LAR","23","2020","2022","3","$2,290,000","$763,333","0.39%","$5,000","$5,000","$5,000","$1,395,000","$2,290,000"
"Kendrick Rogers","WR","DAL                  DAL","22","2020","2022","3","$2,290,000","$763,333","0.39%","$5,000","$5,000","$5,000","$1,395,000","$2,290,000"
"Sean Riley","WR","NE                  NE","22","2020","2022","3","$2,290,000","$763,333","0.39%","$5,000","$15,000","$15,000","$1,395,000","$2,290,000"
"Mason Kinsey","WR","TEN                  TEN","21","2020","2022","3","$2,290,000","$763,333","0.39%","$5,000","$5,000","$5,000","$1,395,000","$2,290,000"
"Aaron Parker","WR","DAL                  DAL","21","2020","2022","3","$2,290,000","$763,333","0.39%","$5,000","$55,000","$55,000","$1,395,000","$2,290,000"
"Earnest Edwards","WR","LAR                  LAR","21","2020","2022","3","$2,289,000","$763,000","0.38%","$4,000","$4,000","$4,000","$1,394,000","$2,289,000"
"Jermiah Braswell","WR","ARI                  ARI","22","2020","2022","3","$2,288,000","$762,667","0.38%","$3,000","$3,000","$3,000","$1,393,000","$2,288,000"
"Maurice Ffrench","WR","KC                  KC","21","2020","2022","3","$2,287,500","$762,500","0.38%","$2,500","$4,500","$4,500","$1,392,500","$2,287,500"
"Marvelle Ross","WR","JAX                  JAX","23","2020","2022","3","$2,287,500","$762,500","0.38%","$2,500","$7,500","$7,500","$1,392,500","$2,287,500"
"Jeff Thomas","WR","NE                  NE","22","2020","2022","3","$2,287,500","$762,500","0.38%","$2,500","$2,500","$2,500","$1,392,500","$2,287,500"
"Justice Shelton-Mosley","WR","KC                  KC","22","2020","2022","3","$2,287,500","$762,500","0.38%","$2,500","$2,500","$2,500","$1,392,500","$2,287,500"
"Andre Baccellia","WR","KC                  KC","22","2020","2022","3","$2,287,500","$762,500","0.38%","$2,500","$15,000","$15,000","$1,392,500","$2,287,500"
"George Campbell","WR","NYJ                  NYJ","23","2020","2022","3","$2,287,500","$762,500","0.38%","$2,500","$2,500","$2,500","$1,392,500","$2,287,500"
"Jaylon Moore","WR","BAL                  BAL","22","2020","2022","3","$2,287,000","$762,333","0.38%","$2,000","$2,000","$2,000","$1,392,000","$2,287,000"
"Rashad Medaris","WR","ARI                  ARI","23","2020","2022","3","$2,287,000","$762,333","0.38%","$2,000","$2,000","$2,000","$1,392,000","$2,287,000"
"Jeff Cotton","WR","LAC                  LAC","22","2020","2022","3","$2,287,000","$762,333","0.38%","$2,000","$2,000","$2,000","$1,392,000","$2,287,000"
"Shane Leatherbury","WR","ARI                  ARI","","2020","2022","3","$2,287,000","$762,333","0.38%","$2,000","$2,000","$2,000","$1,392,000","$2,287,000"
"Travis Jonsen","WR","TB                  TB","23","2020","2022","3","$2,286,000","$762,000","0.38%","$1,000","$1,000","$1,000","$1,391,000","$2,286,000"
"Michael Dereus","WR","BAL                  BAL","22","2020","2022","3","$2,286,000","$762,000","0.38%","$1,000","$1,000","$1,000","$1,391,000","$2,286,000"
"Devin Phelps","WR","ARI                  ARI","","2020","2022","3","$2,286,000","$762,000","0.38%","$1,000","$1,000","$1,000","$1,391,000","$2,286,000"
"Aleva Hifo","WR","KC                  KC","22","2020","2022","3","$2,286,000","$762,000","0.38%","$1,000","$1,000","$1,000","$1,391,000","$2,286,000"
"George Mariner","WR","LV                  LV","22","2020","2022","3","$2,286,000","$762,000","0.38%","$1,000","$1,000","$1,000","$1,391,000","$2,286,000"
"Khalil Tate","WR","PHI                  PHI","21","2020","2022","3","$2,285,000","$761,667","0.38%","","$10,000","$10,000","$1,390,000","$2,285,000"
"Rysen John","WR","NYG                  NYG","22","2020","2022","3","$2,285,000","$761,667","0.38%","","","","$1,180,000","$2,075,000"
"Josh Hammond","WR","JAX                  JAX","21","2020","2022","3","$2,285,000","$761,667","0.38%","","","","$1,390,000","$2,285,000"
"Juwan Green","WR","ATL                  ATL","21","2020","2022","3","$2,285,000","$761,667","0.38%","","","","$1,390,000","$2,285,000"
"Jalen McCleksey","WR","ATL                  ATL","22","2020","2022","3","$2,285,000","$761,667","0.38%","","","","$1,390,000","$2,285,000"
"Omar Bayless","WR","CAR                  CAR","23","2020","2022","3","$2,285,000","$761,667","0.38%","","$100,000","$100,000","$1,060,000","$1,955,000"
"Josh Pearson","WR","TB                  TB","22","2020","2022","3","$2,285,000","$761,667","0.38%","","","","$1,390,000","$2,285,000"
"Tyler Scott","WR","LAR                  LAR","24","2026","2027","2","$2,265,000","$1,132,500","0.38%","","","","$2,265,000","$2,265,000"
"John Ross","WR","NYG                  NYG","26","2021","2021","1","$2,250,000","$2,250,000","1.23%","$500,000","$1,000,000","$1,000,000","$1,838,233","$1,838,233"
"Marquez Valdes-Scantling","WR","BUF                  BUF","29","2024","2024","1","$2,250,000","$2,250,000","0.88%","$1,125,000","$2,250,000","$2,250,000","$2,250,000","$2,250,000"
"Zay Jones","WR","ARI                  ARI","29","2024","2024","1","$2,250,000","$2,250,000","0.88%","$500,000","$1,150,000","$1,150,000","$1,710,880","$1,710,880"
"Hunter Renfrow","WR","CAR                  CAR","29","2025","2025","1","$2,225,000","$2,225,000","0.80%","$830,000","$830,000","$830,000","$2,225,000","$2,225,000"
"Cedrick Wilson","WR","DAL                  DAL","25","2021","2021","1","$2,183,000","$2,183,000","1.20%","","","","$2,183,000","$2,183,000"
"Xavier Gipson","WR","NYG                  NYG","24","2025","2026","2","$2,175,000","$1,087,500","0.39%","","","","$1,202,222","$1,202,222"
"Jalen Brooks","WR","ARI                  ARI","25","2025","2026","2","$2,175,000","$1,087,500","0.39%","","","","$1,316,666","$1,316,666"
"Mason Kinsey","WR","TEN                  TEN","27","2025","2026","2","$2,175,000","$1,087,500","0.39%","","","","$2,175,000","$2,175,000"
"Andre Baccellia","WR","ARI                  ARI","28","2025","2026","2","$2,175,000","$1,087,500","0.39%","","","","$1,521,110","$1,521,110"
"Braxton Berrios","WR","MIA                  MIA","28","2024","2024","1","$2,150,000","$2,150,000","0.84%","$450,000","$1,200,000","$1,200,000","$2,150,000","$2,150,000"
"Greg Dortch","WR","ARI                  ARI","24","2023","2024","2","$2,135,000","$1,067,500","0.47%","","","","$2,994,124","$2,994,124"
"Antonio Callaway","WR","DAL                  DAL","26","2023","2024","2","$2,135,000","$1,067,500","0.47%","","","","$2,135,000","$2,135,000"
"Deven Thompkins","WR","ATL                  ATL","25","2025","2026","2","$2,135,000","$1,067,500","0.38%","","","","$1,520,555","$1,520,555"
"Byron Pringle","WR","KC                  KC","27","2021","2021","1","$2,133,000","$2,133,000","1.17%","","","","$2,133,000","$2,133,000"
"Cam Sims","WR","WAS                  WAS","24","2021","2021","1","$2,133,000","$2,133,000","1.17%","","","","$2,133,000","$2,133,000"
"Danny Gray","WR","PHI                  PHI","26","2026","2027","2","$2,125,000","$1,062,500","0.35%","","","","$2,125,000","$2,125,000"
"Jacob Harris","WR","PHI                  PHI","26","2024","2025","2","$2,110,000","$1,055,000","0.41%","$25,000","$25,000","$25,000","$1,645,000","$1,645,000"
"Ronnie Bell","WR","NO                  NO","24","2025","2026","2","$2,105,000","$1,052,500","0.38%","","","","$1,132,222","$1,132,222"
"Samori Toure","WR","CHI                  CHI","26","2025","2026","2","$2,105,000","$1,052,500","0.38%","","","","$1,132,222","$1,132,222"
"Tylan Wallace","WR","BAL                  BAL","25","2025","2025","1","$2,100,000","$2,100,000","0.75%","$930,000","$1,350,000","$1,350,000","$2,109,765","$2,109,765"
"Braylon Sanders","WR","MIA                  MIA","24","2024","2025","2","$2,085,000","$1,042,500","0.41%","","","","$1,525,000","$1,525,000"
"Tanner Conner","WR","MIA                  MIA","25","2024","2025","2","$2,085,000","$1,042,500","0.41%","","","","$2,093,820","$2,093,820"
"Racey McMath","WR","DAL                  DAL","24","2024","2025","2","$2,085,000","$1,042,500","0.41%","","","","$2,085,000","$2,085,000"
"Erik Ezukanma","WR","MIA                  MIA","24","2024","2025","2","$2,085,000","$1,042,500","0.41%","","","","$1,209,444","$1,209,444"
"Tyrell Shavers","WR","BUF                  BUF","25","2025","2026","2","$2,042,000","$1,021,000","0.37%","$7,000","$7,000","$7,000","$2,050,505","$2,050,505"
"Tyron Johnson","WR","DAL                  DAL","27","2023","2024","2","$2,035,000","$1,017,500","0.45%","","","","$2,035,000","$2,035,000"
"Kevin Austin","WR","NO                  NO","25","2025","2026","2","$2,035,000","$1,017,500","0.36%","","","","$1,235,000","$1,235,000"
"Ryan Flournoy","WR","DAL                  DAL","25","2025","2026","2","$2,035,000","$1,017,500","0.36%","","","","$1,981,666","$1,981,666"
"Isaiah Williams","WR","NYJ                  NYJ","24","2025","2026","2","$2,035,000","$1,017,500","0.36%","","","","$1,715,000","$1,715,000"
"Shedrick Jackson","WR","LV                  LV","25","2025","2026","2","$2,035,000","$1,017,500","0.36%","","","","$1,181,666","$1,181,666"
"Mike Woods","WR","CLE                  CLE","24","2024","2025","2","$2,015,000","$1,007,500","0.39%","","","","$1,079,650","$1,079,650"
"Brandon Powell","WR","MIN                  MIN","27","2024","2024","1","$2,000,000","$2,000,000","0.78%","$375,000","$625,000","$625,000","$1,977,941","$1,977,941"
"Jamison Crowder","WR","BUF                  BUF","28","2022","2022","1","$2,000,000","$2,000,000","0.96%","$750,000","$1,870,000","$1,870,000","$1,935,000","$1,935,000"
"Mack Hollins","WR","LV                  LV","28","2022","2022","1","$2,000,000","$2,000,000","0.96%","$700,000","$700,000","$700,000","$2,000,000","$2,000,000"
"Chris Conley","WR","HOU                  HOU","29","2022","2022","1","$2,000,000","$2,000,000","0.96%","$250,000","$750,000","$750,000","$2,000,000","$2,000,000"
"DeSean Jackson","WR","LV                  LV","34","2021","2021","1","$2,000,000","$2,000,000","1.10%","","","","$1,000,000","$1,000,000"
"Robert Woods","WR","PIT                  PIT","33","2025","2025","1","$2,000,000","$2,000,000","0.72%","$745,000","$745,000","$745,000","$2,000,000","$2,000,000"
"Rondale Moore","WR","MIN                  MIN","24","2025","2025","1","$2,000,000","$2,000,000","0.72%","$250,000","$250,000","$250,000","$865,000","$865,000"
"Chris Moore","WR","ARI                  ARI","30","2024","2024","1","$2,000,000","$2,000,000","0.78%","$500,000","$750,000","$750,000","$2,000,000","$2,000,000"
"Nick Westbrook","WR","TEN                  TEN","26","2024","2024","1","$2,000,000","$2,000,000","0.78%","$167,500","$750,000","$750,000","$2,000,000","$2,000,000"
"Mike Strachan","WR","CAR                  CAR","26","2023","2024","2","$1,995,000","$997,500","0.44%","","","","$1,368,332","$1,368,332"
"Jalen Camp","WR","HOU                  HOU","24","2023","2024","2","$1,995,000","$997,500","0.44%","","","","$1,995,000","$1,995,000"
"Garrett Greene","WR","TB                  TB","24","2026","2027","2","$1,970,000","$985,000","0.33%","$35,000","$35,000","$35,000","$1,970,000","$1,970,000"
"Austin Mack","WR","ATL                  ATL","26","2024","2025","2","$1,969,000","$984,500","0.39%","$24,000","$24,000","$24,000","$1,969,000","$1,969,000"
"Lance McCutcheon","WR","NYJ                  NYJ","24","2024","2025","2","$1,945,000","$972,500","0.38%","","","","$1,945,000","$1,945,000"
"Stephen Gosnell","WR","BUF                  BUF","24","2026","2027","2","$1,943,500","$971,750","0.32%","$8,500","$8,500","$8,500","$1,943,500","$1,943,500"
"Brennan Presley","WR","LAR                  LAR","23","2026","2027","2","$1,935,000","$967,500","0.32%","","","","$1,935,000","$1,935,000"
"Tru Edwards","WR","LAR                  LAR","24","2026","2027","2","$1,935,000","$967,500","0.32%","","","","$1,935,000","$1,935,000"
"Mario Williams","WR","LAR                  LAR","22","2026","2027","2","$1,935,000","$967,500","0.32%","","","","$1,935,000","$1,935,000"
"AJ Henning","WR","MIA                  MIA","24","2026","2027","2","$1,935,000","$967,500","0.32%","","","","$1,935,000","$1,935,000"
"Traeshon Holden","WR","DAL                  DAL","24","2026","2027","2","$1,935,000","$967,500","0.32%","","","","$1,935,000","$1,935,000"
"Xavier Restrepo","WR","TEN                  TEN","23","2026","2027","2","$1,935,000","$967,500","0.32%","","","","$1,935,000","$1,935,000"
"Hal Presley","WR","TEN                  TEN","23","2026","2027","2","$1,935,000","$967,500","0.32%","","","","$1,935,000","$1,935,000"
"Dennis Houston","WR","TB                  TB","26","2026","2027","2","$1,935,000","$967,500","0.32%","","","","$1,935,000","$1,935,000"
"Jamaal Pritchett","WR","NYJ                  NYJ","22","2026","2027","2","$1,935,000","$967,500","0.32%","","","","$1,935,000","$1,935,000"
"Victor Bolden","WR","ARI                  ARI","26","2022","2023","2","$1,905,000","$952,500","0.46%","","","","$1,905,000","$1,905,000"
"John Metchie","WR","CAR                  CAR","25","2026","2026","1","$1,900,000","$1,900,000","0.63%","$500,000","$1,000,000","$1,000,000","$1,900,000","$1,900,000"
"Nikko Remigio","WR","KC                  KC","25","2024","2025","2","$1,875,000","$937,500","0.37%","","","","$1,174,166","$1,174,166"
"Tim Jones","WR","MIN                  MIN","27","2025","2025","1","$1,870,000","$1,870,000","0.67%","$500,000","$500,000","$500,000","$1,870,000","$1,870,000"
"Makai Polk","WR","ATL                  ATL","23","2025","2026","2","$1,870,000","$935,000","0.33%","$25,000","$50,000","$50,000","$1,870,000","$1,870,000"
"Shaq Davis","WR","PHI                  PHI","23","2024","2025","2","$1,855,000","$927,500","0.36%","$75,000","$225,000","$225,000","$1,855,000","$1,855,000"
"Kaylon Geiger","WR","TB                  TB","25","2023","2024","2","$1,855,000","$927,500","0.41%","","","","$1,855,000","$1,855,000"
"Braylon Sanders","WR","MIA                  MIA","23","2023","2024","1","$1,855,000","$1,855,000","0.83%","","","","$1,855,000","$1,855,000"
"D.J. Turner","WR","LV                  LV","25","2023","2024","2","$1,855,000","$927,500","0.41%","","","","$1,371,664","$1,371,664"
"Devin Duvernay","WR","ARI                  ARI","28","2026","2026","1","$1,850,000","$1,850,000","0.61%","$300,000","$550,000","$550,000","$1,850,000","$1,850,000"
"Sammy Watkins","WR","GB                  GB","28","2022","2022","1","$1,850,000","$1,850,000","0.89%","$350,000","$350,000","$350,000","$264,310","$264,310"
"Jakobie Keeney-James","WR","GB                  GB","25","2025","2026","2","$1,845,000","$922,500","0.33%","","","","$931,667","$931,667"
"Theo Wease Jr.","WR","MIA                  MIA","24","2025","2026","2","$1,845,000","$922,500","0.33%","","","","$1,098,334","$1,098,334"
"Dalen Cambre","WR","NYG                  NYG","24","2025","2026","2","$1,845,000","$922,500","0.33%","","","","$1,191,667","$1,191,667"
"Ke’Shawn Williams","WR","PIT                  PIT","23","2025","2026","2","$1,845,000","$922,500","0.33%","","","","$1,145,001","$1,145,001"
"Gage Larvadain","WR","CLE                  CLE","22","2025","2026","2","$1,845,000","$922,500","0.33%","","","","$1,658,333","$1,658,333"
"Matt Landers","WR","TEN                  TEN","26","2025","2026","2","$1,845,000","$922,500","0.33%","","","","$1,495,000","$1,495,000"
"Drake Stoops","WR","LAR                  LAR","25","2025","2026","2","$1,845,000","$922,500","0.33%","","","","$1,751,672","$1,751,672"
"Dylan Drummond","WR","ATL                  ATL","24","2025","2026","2","$1,845,000","$922,500","0.33%","","","","$1,285,002","$1,285,002"
"Tejhaun Palmer","WR","ARI                  ARI","24","2025","2026","2","$1,845,000","$922,500","0.33%","","","","$1,051,667","$1,051,667"
"Austin Watkins","WR","PHI                  PHI","25","2024","2025","2","$1,805,000","$902,500","0.35%","$50,000","$150,000","$150,000","$1,805,000","$1,805,000"
"Dareke Young","WR","LV                  LV","26","2026","2026","1","$1,802,000","$1,802,000","0.60%","$485,000","$800,000","$800,000","$1,802,000","$1,802,000"
"Braxton Berrios","WR","HOU                  HOU","29","2025","2025","1","$1,800,000","$1,800,000","0.64%","$300,000","$300,000","$300,000","$1,655,879","$1,655,879"
"Trent Sherfield","WR","MIN                  MIN","28","2024","2024","1","$1,790,000","$1,790,000","0.70%","$400,000","$1,000,000","$1,000,000","$1,790,000","$1,790,000"
"Irvin Charles","WR","NYJ                  NYJ","26","2023","2024","2","$1,785,000","$892,500","0.40%","","","","$1,456,667","$1,456,667"
"John Hightower","WR","PHI                  PHI","25","2022","2023","2","$1,775,000","$887,500","0.43%","$10,000","$10,000","$10,000","$1,775,000","$1,775,000"
"Tanner Gentry","WR","BUF                  BUF","27","2022","2023","2","$1,775,000","$887,500","0.43%","$10,000","$10,000","$10,000","$1,775,000","$1,775,000"
"Trent Sherfield","WR","BUF                  BUF","27","2023","2023","1","$1,770,000","$1,770,000","0.79%","$300,000","$750,000","$750,000","$1,770,000","$1,770,000"
"J.J. Koski","WR","LAR                  LAR","25","2022","2023","2","$1,765,000","$882,500","0.42%","","","","$1,325,000","$1,325,000"
"Kirk Merritt","WR","NO                  NO","24","2022","2023","2","$1,765,000","$882,500","0.42%","","","","$1,077,499","$1,077,499"
"Rodney Adams","WR","NYJ                  NYJ","27","2022","2023","2","$1,765,000","$882,500","0.42%","","","","$870,000","$870,000"
"Lawrence Cager","WR","NYJ                  NYJ","24","2022","2023","2","$1,765,000","$882,500","0.42%","","","","$1,765,000","$1,765,000"
"Easop Winston","WR","NO                  NO","25","2022","2023","2","$1,765,000","$882,500","0.42%","","","","$1,765,000","$1,765,000"
"Trishton Jackson","WR","MIN                  MIN","23","2022","2023","2","$1,765,000","$882,500","0.42%","","","","$1,765,000","$1,765,000"
"Micah Simon","WR","CAR                  CAR","23","2021","2023","3","$1,765,000","$588,333","0.32%","","","","$1,485,000","$2,425,000"
"DJ Montgomery","WR","NYJ                  NYJ","24","2021","2023","2","$1,765,000","$882,500","0.48%","","","","$898,333","$1,838,333"
"Kendrick Bourne","WR","SF                  SF","30","2025","2025","1","$1,765,000","$1,765,000","0.63%","","$1,255,000","$1,255,000","$2,500,000","$2,500,000"
"Montrell Washington","WR","KC                  KC","24","2023","2024","2","$1,765,000","$882,500","0.39%","","","","$1,710,000","$1,710,000"
"Trenton Irwin","WR","CIN                  CIN","26","2022","2023","2","$1,765,000","$882,500","0.42%","","","","$1,260,831","$1,260,831"
"Bryan Thompson","WR","BUF                  BUF","24","2024","2025","2","$1,764,000","$882,000","0.35%","$9,000","$9,000","$9,000","$1,439,000","$1,439,000"
"Tyrell Shavers","WR","BUF                  BUF","24","2024","2025","2","$1,764,000","$882,000","0.35%","$9,000","$9,000","$9,000","$1,764,000","$1,764,000"
"Chris Blair","WR","ATL                  ATL","26","2024","2025","2","$1,755,000","$877,500","0.34%","","","","$1,152,410","$1,152,410"
"Bryce Oliver","WR","TEN                  TEN","24","2024","2025","2","$1,755,000","$877,500","0.34%","","","","$1,212,708","$1,212,708"
"Jalen Coker","WR","CAR                  CAR","22","2024","2025","2","$1,755,000","$877,500","0.34%","","","","$1,892,352","$1,892,352"
"Ryan Miller","WR","TB                  TB","23","2024","2026","2","$1,755,000","$877,500","0.34%","","","","$699,169","$1,774,169"
"Joseph Ngata","WR","PHI                  PHI","23","2024","2025","2","$1,755,000","$877,500","0.34%","","","","$1,430,000","$1,430,000"
"Mathew Sexton","WR","MIA                  MIA","26","2024","2025","2","$1,755,000","$877,500","0.34%","","","","$1,755,000","$1,755,000"
"Xavier Smith","WR","LAR                  LAR","26","2024","2025","2","$1,755,000","$877,500","0.34%","","","","$1,500,084","$1,500,084"
"Jalen Cropper","WR","DAL                  DAL","22","2024","2025","2","$1,755,000","$877,500","0.34%","","","","$1,755,000","$1,755,000"
"Tre’Shaun Harrison","WR","TEN                  TEN","23","2024","2025","2","$1,755,000","$877,500","0.34%","","","","$1,430,000","$1,430,000"
"Andre Roberts","WR","CAR                  CAR","33","2022","2022","1","$1,750,000","$1,750,000","0.84%","$200,000","$900,000","$900,000","$1,750,000","$1,750,000"
"Dyami Brown","WR","WAS                  WAS","26","2026","2026","1","$1,750,000","$1,750,000","0.58%","$250,000","$250,000","$250,000","$1,750,000","$1,750,000"
"Josh Reynolds","WR","TEN                  TEN","25","2021","2021","1","$1,750,000","$1,750,000","0.96%","$750,000","$1,750,000","$1,750,000","$499,995","$499,995"
"Simi Fehoko","WR","ARI                  ARI","27","2025","2025","1","$1,750,000","$1,750,000","0.63%","$250,000","$1,250,000","$1,250,000","$1,750,000","$1,750,000"
"Sterling Shepard","WR","TB                  TB","32","2025","2025","1","$1,750,000","$1,750,000","0.63%","","$500,000","$500,000","$2,257,875","$2,257,875"
"Michael Gallup","WR","LV                  LV","28","2024","2024","1","$1,750,000","$1,750,000","0.69%","$327,500","$827,500","$827,500","$1,750,000","$1,750,000"
"Marquise Goodwin","WR","CLE                  CLE","32","2023","2023","1","$1,700,000","$1,700,000","0.76%","$250,000","$400,000","$400,000","$1,625,000","$1,625,000"
"Derrick Willies","WR","CLE                  CLE","26","2021","2022","2","$1,675,000","$837,500","0.46%","","","","$1,675,000","$1,675,000"
"J'Marcus Bradley","WR","CLE                  CLE","24","2021","2022","2","$1,675,000","$837,500","0.46%","","","","$1,068,332","$1,068,332"
"Tanner Gentry","WR","BUF                  BUF","26","2021","2022","2","$1,675,000","$837,500","0.46%","","","","$1,675,000","$1,675,000"
"Chris Moore","WR","BAL                  BAL","26","2020","2020","1","$1,672,500","$1,672,500","0.84%","$137,500","$275,000","$275,000","$1,690,795","$1,690,795"
"Van Jefferson","WR","TEN                  TEN","28","2025","2025","1","$1,670,000","$1,670,000","0.60%","$500,000","$1,170,000","$1,170,000","$1,678,820","$1,678,820"
"Malik Turner","WR","GB                  GB","23","2020","2021","2","$1,670,000","$835,000","0.42%","","","","$1,642,018","$1,642,018"
"Andy Jones","WR","MIA                  MIA","25","2020","2021","2","$1,670,000","$835,000","0.42%","","","","$1,670,000","$1,670,000"
"Antonio Brown","WR","TB                  TB","31","2020","2020","1","$1,666,667","$1,666,667","0.84%","","","","$1,250,000","$1,250,000"
"Devon Allen","WR","PHI                  PHI","28","2023","2024","2","$1,665,000","$832,500","0.37%","","","","$1,665,000","$1,665,000"
"Dennis Houston","WR","DAL                  DAL","23","2023","2024","2","$1,665,000","$832,500","0.37%","","","","$1,665,000","$1,665,000"
"Dontario Drummond","WR","DAL                  DAL","25","2023","2024","2","$1,665,000","$832,500","0.37%","","","","$1,665,000","$1,665,000"
"Mason Kinsey","WR","TEN                  TEN","24","2023","2025","2","$1,665,000","$832,500","0.37%","","","","$420,833","$1,050,275"
"Josh Ali","WR","ATL                  ATL","23","2023","2024","2","$1,665,000","$832,500","0.37%","","","","$1,431,668","$1,431,668"
"Damiere Byrd","WR","NE                  NE","26","2020","2020","1","$1,600,000","$1,600,000","0.81%","$350,000","$600,000","$600,000","$1,810,321","$1,810,321"
"Irvin Charles","WR","NYJ                  NYJ","25","2022","2024","2","$1,575,000","$787,500","0.38%","","","","$789,167","$1,704,167"
"Deven Thompkins","WR","TB                  TB","23","2022","2023","2","$1,575,000","$787,500","0.38%","","","","$1,575,000","$1,575,000"
"Lawrence Cager","WR","NYG                  NYG","25","2022","2023","2","$1,575,000","$787,500","0.38%","","","","$796,391","$796,391"
"Rashid Shaheed","WR","NO                  NO","28","2022","2023","2","$1,575,000","$787,500","0.38%","","","","$911,527","$911,527"
"Austin Watkins","WR","TB                  TB","23","2022","2023","2","$1,575,000","$787,500","0.38%","","","","$1,575,000","$1,575,000"
"Warren Jackson","WR","LAR                  LAR","22","2022","2023","2","$1,575,000","$787,500","0.38%","","","","$1,300,000","$1,300,000"
"Landen Akers","WR","LAR                  LAR","24","2022","2023","2","$1,575,000","$787,500","0.38%","","","","$1,575,000","$1,575,000"
"Devonte Dedmon","WR","MIA                  MIA","","2022","2023","2","$1,575,000","$787,500","0.38%","","","","$1,575,000","$1,575,000"
"Isaiah Hodgins","WR","BUF                  BUF","23","2022","2022","2","$1,575,000","$787,500","0.38%","","","","$391,670","$391,670"
"Mason Kinsey","WR","TEN                  TEN","23","2022","2023","2","$1,575,000","$787,500","0.38%","","","","$1,575,000","$1,575,000"
"Jalen McCleskey","WR","NO                  NO","","2022","2023","2","$1,575,000","$787,500","0.38%","","","","$1,575,000","$1,575,000"
"Brandon Smith","WR","DAL                  DAL","23","2022","2023","2","$1,575,000","$787,500","0.38%","","","","$1,575,000","$1,575,000"
"Tarik Black","WR","NYJ                  NYJ","23","2022","2023","2","$1,575,000","$787,500","0.38%","","","","$1,575,000","$1,575,000"
"Kawaan Baker","WR","NO                  NO","23","2022","2023","2","$1,575,000","$787,500","0.38%","","","","$1,340,000","$1,340,000"
"Seth Williams","WR","DEN                  DEN","20","2021","2023","2","$1,575,000","$787,500","0.43%","","","","$778,332","$1,648,332"
"Julio Jones","WR","PHI                  PHI","34","2023","2023","1","$1,567,000","$1,567,000","0.70%","","","","$870,556","$870,556"
"Chris Conley","WR","SF                  SF","31","2024","2024","1","$1,550,000","$1,550,000","0.61%","$250,000","$460,000","$460,000","$1,550,000","$1,550,000"
"Tevin Jones","WR","DAL                  DAL","27","2020","2021","2","$1,530,000","$765,000","0.39%","$5,000","$5,000","$5,000","$1,530,000","$1,530,000"
"Travis Fulgham","WR","PHI                  PHI","24","2020","2021","2","$1,525,000","$762,500","0.38%","","","","$1,405,882","$1,405,882"
"Cameron Batson","WR","TEN                  TEN","24","2020","2021","2","$1,525,000","$762,500","0.38%","","","","$950,687","$950,687"
"Stanley Morgan","WR","CIN                  CIN","23","2020","2021","2","$1,525,000","$762,500","0.38%","","","","$1,094,087","$1,094,087"
"Diontae Spencer","WR","DEN                  DEN","27","2020","2021","2","$1,525,000","$762,500","0.38%","","","","$1,606,155","$1,606,155"
"Chris Thompson","WR","SF                  SF","25","2020","2021","2","$1,525,000","$762,500","0.38%","","","","$1,205,000","$1,205,000"
"Chad Hansen","WR","HOU                  HOU","24","2020","2021","2","$1,525,000","$762,500","0.38%","","","","$1,139,410","$1,139,410"
"River Cracraft","WR","PHI                  PHI","25","2020","2021","2","$1,525,000","$762,500","0.38%","","","","$1,335,000","$1,335,000"
"J'Mon Moore","WR","CLE                  CLE","24","2020","2021","2","$1,525,000","$762,500","0.38%","","","","$1,525,000","$1,525,000"
"Keon Hatcher","WR","NYJ                  NYJ","25","2020","2021","2","$1,525,000","$762,500","0.38%","","","","$1,525,000","$1,525,000"
"Greg Dortch","WR","LAR                  LAR","21","2020","2021","2","$1,525,000","$762,500","0.38%","","","","$1,525,000","$1,525,000"
"Rodney Adams","WR","IND                  IND","25","2020","2020","2","$1,525,000","$762,500","0.38%","","","","$675,000","$675,000"
"Calvin Austin","WR","NYG                  NYG","26","2026","2026","1","$1,500,000","$1,500,000","0.50%","$250,000","$450,000","$450,000","$1,500,000","$1,500,000"
"Deandre Carter","WR","LV                  LV","29","2023","2023","1","$1,500,000","$1,500,000","0.67%","$175,000","$1,255,000","$1,255,000","$1,500,000","$1,500,000"
"Steven Sims Jr.","WR","HOU                  HOU","25","2023","2023","1","$1,500,000","$1,500,000","0.67%","$200,000","$500,000","$500,000","$1,500,000","$1,500,000"
"Zach Pascal","WR","PHI                  PHI","27","2022","2022","1","$1,500,000","$1,500,000","0.72%","$465,000","$1,500,000","$1,500,000","$1,500,000","$1,500,000"
"Mecole Hardman","WR","GB                  GB","27","2025","2025","1","$1,500,000","$1,500,000","0.54%","$150,000","$150,000","$150,000","$1,500,000","$1,500,000"
"Olamide Zaccheaus","WR","CHI                  CHI","27","2025","2025","1","$1,500,000","$1,500,000","0.54%","$150,000","$750,000","$750,000","$1,620,000","$1,620,000"
"Derrick Dillon","WR","NYG                  NYG","25","2021","2022","2","$1,491,000","$745,500","0.41%","$6,000","$6,000","$6,000","$1,246,000","$1,246,000"
"Preston Williams","WR","MIA                  MIA","24","2022","2022","1","$1,490,000","$1,490,000","0.72%","$100,000","$275,000","$275,000","$1,490,000","$1,490,000"
"Rysen John","WR","NYG                  NYG","23","2021","2022","1","$1,490,000","$1,490,000","0.82%","$5,000","$5,000","$5,000","$1,125,000","$1,125,000"
"Laquon Treadwell","WR","IND                  IND","30","2026","2026","1","$1,487,500","$1,487,500","0.49%","$187,500","$437,500","$437,500","$1,487,500","$1,487,500"
"David Moore","WR","CAR                  CAR","31","2026","2026","1","$1,487,500","$1,487,500","0.49%","","","","$1,487,500","$1,487,500"
"Lil’jordan Humphrey","WR","DEN                  DEN","27","2026","2026","1","$1,487,500","$1,487,500","0.49%","$87,500","$87,500","$87,500","$1,487,500","$1,487,500"
"De'Mornay Pierson-El","WR","DEN                  DEN","25","2021","2022","2","$1,485,000","$742,500","0.41%","","","","$1,485,000","$1,485,000"
"Josh Pearson","WR","TB                  TB","23","2021","2022","2","$1,485,000","$742,500","0.41%","","","","$1,485,000","$1,485,000"
"Travis Jonsen","WR","TB                  TB","24","2021","2022","2","$1,485,000","$742,500","0.41%","","","","$1,485,000","$1,485,000"
"Mason Kinsey","WR","TEN                  TEN","22","2021","2022","2","$1,485,000","$742,500","0.41%","","","","$1,265,000","$1,265,000"
"J.J. Koski","WR","LAR                  LAR","24","2021","2022","2","$1,485,000","$742,500","0.41%","","","","$898,333","$898,333"
"Khalil Tate","WR","PHI                  PHI","22","2021","2022","2","$1,485,000","$742,500","0.41%","","","","$1,485,000","$1,485,000"
"Manasseh Bailey","WR","NYJ                  NYJ","23","2021","2022","2","$1,485,000","$742,500","0.41%","","","","$1,485,000","$1,485,000"
"Rashard Davis","WR","TEN                  TEN","25","2021","2022","2","$1,485,000","$742,500","0.41%","","","","$1,485,000","$1,485,000"
"Kirk Merritt","WR","MIA                  MIA","23","2021","2022","2","$1,485,000","$742,500","0.41%","","","","$898,334","$898,334"
"John Hurst","WR","LAC                  LAC","24","2021","2022","2","$1,485,000","$742,500","0.41%","","","","$1,485,000","$1,485,000"
"Josh Hammond","WR","JAX                  JAX","22","2021","2022","2","$1,485,000","$742,500","0.41%","","","","$741,666","$741,666"
"Trenton Irwin","WR","CIN                  CIN","28","2024","2024","1","$1,480,000","$1,480,000","0.58%","$250,000","$250,000","$250,000","$1,480,000","$1,480,000"
"Zach Pascal","WR","NYG                  NYG","30","2025","2025","1","$1,422,500","$1,422,500","0.51%","$90,000","$90,000","$90,000","$1,422,500","$1,422,500"
"Deandre Carter","WR","CLE                  CLE","31","2025","2025","1","$1,422,500","$1,422,500","0.51%","$167,500","$767,500","$767,500","$1,431,005","$1,431,005"
"David Moore","WR","CAR                  CAR","30","2025","2025","1","$1,422,500","$1,422,500","0.51%","$167,500","$563,500","$563,500","$1,430,060","$1,430,060"
"JuJu Smith-Schuster","WR","KC                  KC","28","2025","2025","1","$1,422,500","$1,422,500","0.51%","$167,500","$1,197,500","$1,197,500","$1,424,075","$1,424,075"
"Ray-Ray McCloud","WR","BUF                  BUF","23","2020","2021","2","$1,415,500","$707,750","0.36%","$5,500","$5,500","$5,500","$1,675,500","$1,675,500"
"Ihmir Smith-Marsette","WR","CAR                  CAR","24","2024","2024","1","$1,410,000","$1,410,000","0.55%","$100,000","$395,000","$395,000","$1,410,000","$1,410,000"
"Allen Robinson","WR","NYG                  NYG","30","2024","2024","1","$1,410,000","$1,410,000","0.55%","$25,000","$25,000","$25,000","$1,410,000","$1,410,000"
"Greg Dortch","WR","DET                  DET","27","2026","2026","1","$1,402,500","$1,402,500","0.47%","","$1,075,000","$1,075,000","$1,354,705","$1,354,705"
"Nick Westbrook","WR","IND                  IND","28","2026","2026","1","$1,402,500","$1,402,500","0.47%","$187,500","$437,500","$437,500","$1,402,500","$1,402,500"
"Jalen Tolbert","WR","MIA                  MIA","27","2026","2026","1","$1,402,500","$1,402,500","0.47%","$187,500","$1,262,500","$1,262,500","$1,402,500","$1,402,500"
"Van Jefferson","WR","WAS                  WAS","29","2026","2026","1","$1,402,500","$1,402,500","0.47%","$127,500","$527,500","$527,500","$1,402,500","$1,402,500"
"Gunner Olszewski","WR","NYG                  NYG","29","2026","2026","1","$1,402,500","$1,402,500","0.47%","$100,000","$300,000","$300,000","$1,402,500","$1,402,500"
"TuTu Atwell","WR","MIA                  MIA","26","2026","2026","1","$1,402,500","$1,402,500","0.47%","$187,500","$1,262,500","$1,262,500","$1,402,500","$1,402,500"
"Simi Fehoko","WR","ARI                  ARI","28","2026","2026","1","$1,402,500","$1,402,500","0.47%","$187,500","$1,262,500","$1,262,500","$1,402,500","$1,402,500"
"Reggie White Jr","WR","NYG                  NYG","23","2020","2021","2","$1,397,500","$698,750","0.35%","$7,500","$7,500","$7,500","$1,397,500","$1,397,500"
"Nick Easley","WR","BUF                  BUF","22","2020","2021","2","$1,396,500","$698,250","0.35%","$6,500","$6,500","$6,500","$1,396,500","$1,396,500"
"Alex Bachman","WR","NYG                  NYG","23","2020","2021","2","$1,393,500","$696,750","0.35%","$3,500","$3,500","$3,500","$1,393,500","$1,393,500"
"Bralon Addison","WR","MIN                  MIN","26","2020","2021","2","$1,392,500","$696,250","0.35%","$2,500","$2,500","$2,500","$1,392,500","$1,392,500"
"Tyron Johnson","WR","LAC                  LAC","23","2020","2021","2","$1,390,000","$695,000","0.35%","","","","$1,420,611","$1,420,611"
"Lawrence Cager","WR","NYJ                  NYJ","22","2020","2021","2","$1,390,000","$695,000","0.35%","","","","$914,116","$914,116"
"De'Michael Harris","WR","IND                  IND","21","2020","2021","2","$1,390,000","$695,000","0.35%","","","","$1,132,502","$1,132,502"
"Terry Godwin","WR","JAX                  JAX","23","2020","2021","2","$1,390,000","$695,000","0.35%","","","","$1,390,000","$1,390,000"
"Marken Michel","WR","CAR                  CAR","26","2020","2021","2","$1,390,000","$695,000","0.35%","","","","$1,174,702","$1,174,702"
"Trevion Thompson","WR","TEN                  TEN","24","2020","2021","2","$1,390,000","$695,000","0.35%","","","","$1,390,000","$1,390,000"
"Dillon Mitchell","WR","MIN                  MIN","22","2020","2021","2","$1,390,000","$695,000","0.35%","","","","$1,390,000","$1,390,000"
"Marcus Green","WR","PHI                  PHI","23","2020","2021","2","$1,390,000","$695,000","0.35%","","","","$1,390,000","$1,390,000"
"Emmanuel Butler","WR","NO                  NO","23","2020","2021","2","$1,390,000","$695,000","0.35%","","","","$1,390,000","$1,390,000"
"Jordan Veasy","WR","WAS                  WAS","24","2020","2021","2","$1,390,000","$695,000","0.35%","","","","$1,180,000","$1,180,000"
"Emanuel Hall","WR","WAS                  WAS","22","2020","2021","2","$1,390,000","$695,000","0.35%","","","","$1,060,000","$1,060,000"
"Kelvin McKnight","WR","DEN                  DEN","22","2020","2021","2","$1,390,000","$695,000","0.35%","","","","$1,390,000","$1,390,000"
"Bug Howard","WR","DEN                  DEN","25","2020","2021","2","$1,390,000","$695,000","0.35%","","","","$1,390,000","$1,390,000"
"Trinity Benson","WR","DEN                  DEN","22","2020","2021","2","$1,390,000","$695,000","0.35%","","","","$1,390,000","$1,390,000"
"Terry Wright","WR","MIA                  MIA","22","2020","2021","2","$1,390,000","$695,000","0.35%","","","","$1,390,000","$1,390,000"
"Todd Rahming","WR","MIA                  MIA","22","2020","2021","2","$1,390,000","$695,000","0.35%","","","","$1,390,000","$1,390,000"
"Sterling Shepard","WR","TB                  TB","31","2024","2024","1","$1,377,500","$1,377,500","0.54%","","","","$1,377,500","$1,377,500"
"Isaiah McKenzie","WR","NYG                  NYG","28","2024","2024","1","$1,377,500","$1,377,500","0.54%","$75,000","$75,000","$75,000","$1,377,500","$1,377,500"
"Devin Duvernay","WR","CHI                  CHI","27","2025","2025","1","$1,337,500","$1,337,500","0.48%","$167,500","$167,500","$167,500","$1,337,500","$1,337,500"
"Parris Campbell","WR","DAL                  DAL","27","2025","2025","1","$1,337,500","$1,337,500","0.48%","$167,500","$167,500","$167,500","$757,500","$757,500"
"Tyler Johnson","WR","NYJ                  NYJ","26","2025","2025","1","$1,337,500","$1,337,500","0.48%","$167,500","$367,500","$367,500","$1,337,500","$1,337,500"
"Scotty Miller","WR","PIT                  PIT","27","2025","2025","1","$1,337,500","$1,337,500","0.48%","","","","$1,346,320","$1,346,320"
"Ihmir Smith-Marsette","WR","NYG                  NYG","25","2025","2025","1","$1,337,500","$1,337,500","0.48%","$75,000","$75,000","$75,000","$1,337,500","$1,337,500"
"Jalen Reagor","WR","LAC                  LAC","26","2025","2025","1","$1,337,500","$1,337,500","0.48%","$60,000","$360,000","$360,000","$1,337,500","$1,337,500"
"Dante Pettis","WR","NO                  NO","29","2025","2025","1","$1,337,500","$1,337,500","0.48%","","","","$1,337,500","$1,337,500"
"Mecole Hardman","WR","BUF                  BUF","27","2026","2026","1","$1,325,000","$1,325,000","0.44%","","","","$1,325,000","$1,325,000"
"Steven Sims Jr.","WR","HOU                  HOU","26","2024","2024","1","$1,325,000","$1,325,000","0.52%","$75,000","$75,000","$75,000","$191,166","$191,166"
"Willie Snead","WR","SF                  SF","30","2023","2023","1","$1,317,500","$1,317,500","0.59%","$25,000","$275,000","$275,000","$1,317,500","$1,317,500"
"Chris Moore","WR","TEN                  TEN","29","2023","2023","1","$1,317,500","$1,317,500","0.59%","$152,500","$1,000,000","$1,000,000","$1,317,500","$1,317,500"
"Chris Conley","WR","SF                  SF","30","2023","2023","1","$1,317,500","$1,317,500","0.59%","","$400,000","$400,000","$1,317,500","$1,317,500"
"Robbie Chosen","WR","MIA                  MIA","29","2023","2023","1","$1,317,500","$1,317,500","0.59%","$152,500","$152,500","$152,500","$1,317,500","$1,317,500"
"Damiere Byrd","WR","CAR                  CAR","30","2023","2023","1","$1,317,500","$1,317,500","0.59%","$152,500","$152,500","$152,500","$1,317,500","$1,317,500"
"Jamison Crowder","WR","NYG                  NYG","29","2023","2023","1","$1,317,500","$1,317,500","0.59%","$27,500","$27,500","$27,500","$1,317,500","$1,317,500"
"Sterling Shepard","WR","NYG                  NYG","30","2023","2023","1","$1,317,500","$1,317,500","0.59%","","","","$1,299,550","$1,299,550"
"Jamison Crowder","WR","WAS                  WAS","30","2024","2024","1","$1,310,000","$1,310,000","0.51%","","","","$1,310,000","$1,310,000"
"Phillip Dorsett","WR","LV                  LV","33","2026","2026","1","$1,300,000","$1,300,000","0.43%","","","","$1,300,000","$1,300,000"
"DJ Chark","WR","ATL                  ATL","28","2025","2025","1","$1,300,000","$1,300,000","0.47%","$45,000","$45,000","$45,000","$1,300,000","$1,300,000"
"Donovan Peoples-Jones","WR","DET                  DET","25","2024","2024","1","$1,300,000","$1,300,000","0.51%","","$125,000","$125,000","$1,300,000","$1,300,000"
"Tim Patrick","WR","DEN                  DEN","30","2024","2024","1","$1,295,000","$1,295,000","0.51%","","","","$1,295,000","$1,295,000"
"Russell Gage","WR","BAL                  BAL","28","2024","2024","1","$1,292,500","$1,292,500","0.51%","$167,500","$167,500","$167,500","$1,292,500","$1,292,500"
"Jalen Guyton","WR","LV                  LV","26","2024","2024","1","$1,292,500","$1,292,500","0.51%","$31,500","$31,500","$31,500","$1,292,500","$1,292,500"
"Deonte Harty","WR","BAL                  BAL","26","2024","2024","1","$1,292,500","$1,292,500","0.51%","$167,500","$1,152,500","$1,152,500","$1,313,439","$1,313,439"
"Miles Boykin","WR","NYG                  NYG","27","2024","2024","1","$1,292,500","$1,292,500","0.51%","$117,500","$117,500","$117,500","$1,292,500","$1,292,500"
"Quez Watkins","WR","PIT                  PIT","25","2024","2024","1","$1,292,500","$1,292,500","0.51%","$167,500","$167,500","$167,500","$1,292,500","$1,292,500"
"Parris Campbell","WR","PHI                  PHI","26","2024","2024","1","$1,292,500","$1,292,500","0.51%","$167,500","$417,500","$417,500","$375,000","$375,000"
"Van Jefferson","WR","PIT                  PIT","27","2024","2024","1","$1,292,500","$1,292,500","0.51%","$167,500","$167,500","$167,500","$1,292,500","$1,292,500"
"Khadarel Hodge","WR","ATL                  ATL","29","2024","2024","1","$1,292,500","$1,292,500","0.51%","$167,500","$167,500","$167,500","$1,746,419","$1,746,419"
"Jalen Reagor","WR","NE                  NE","25","2024","2024","1","$1,292,500","$1,292,500","0.51%","$142,500","$442,500","$442,500","$1,292,500","$1,292,500"
"Gunner Olszewski","WR","NYG                  NYG","27","2024","2024","1","$1,292,500","$1,292,500","0.51%","$167,500","$467,500","$467,500","$1,292,500","$1,292,500"
"Keelan Cole","WR","LV                  LV","28","2022","2022","1","$1,278,500","$1,278,500","0.61%","$150,000","$150,000","$150,000","$977,500","$977,500"
"Olamide Zaccheaus","WR","WAS                  WAS","26","2024","2024","1","$1,275,000","$1,275,000","0.50%","$50,000","$350,000","$350,000","$1,275,000","$1,275,000"
"Marquise Goodwin","WR","SEA                  SEA","31","2022","2022","1","$1,272,500","$1,272,500","0.61%","$152,500","$152,500","$152,500","$1,272,500","$1,272,500"
"Breshad Perriman","WR","TB                  TB","28","2022","2022","1","$1,272,500","$1,272,500","0.61%","","$1,047,500","$1,047,500","$1,272,500","$1,272,500"
"D'Wayne Eskridge","WR","MIA                  MIA","27","2025","2025","1","$1,270,000","$1,270,000","0.45%","","","","$1,190,532","$1,190,532"
"Nick Westbrook","WR","TEN                  TEN","25","2023","2023","1","$1,260,000","$1,260,000","0.56%","$250,000","$400,000","$400,000","$1,260,000","$1,260,000"
"Dante Pettis","WR","NO                  NO","30","2025","2025","1","$1,255,000","$1,255,000","0.45%","","","","$348,610","$348,610"
"Brandin Cooks","WR","BUF                  BUF","32","2025","2025","1","$1,255,000","$1,255,000","0.45%","","","","$418,332","$418,332"
"Tyler Lockett","WR","LV                  LV","33","2025","2025","1","$1,255,000","$1,255,000","0.45%","","","","$697,222","$697,222"
"Marquez Valdes-Scantling","WR","PIT                  PIT","30","2025","2025","1","$1,255,000","$1,255,000","0.45%","","","","$278,888","$278,888"
"Robbie Chosen","WR","WAS                  WAS","32","2025","2025","1","$1,255,000","$1,255,000","0.45%","","","","$557,776","$557,776"
"Chris Moore","WR","WAS                  WAS","31","2025","2025","1","$1,255,000","$1,255,000","0.45%","","","","$209,166","$209,166"
"Laquon Treadwell","WR","IND                  IND","29","2025","2025","1","$1,255,000","$1,255,000","0.45%","","","","$627,498","$627,498"
"Jordan Matthews","WR","CAR                  CAR","32","2025","2025","1","$1,255,000","$1,255,000","0.45%","","","","$1,255,000","$1,255,000"
"Phillip Dorsett","WR","LV                  LV","32","2025","2025","1","$1,255,000","$1,255,000","0.45%","","","","$1,255,000","$1,255,000"
"Odell Beckham, Jr.","WR","LAR                  LAR","28","2021","2021","1","$1,250,000","$1,250,000","0.68%","$500,000","$1,250,000","$1,250,000","$4,250,000","$4,250,000"
"Michael Gallup","WR","WAS                  WAS","29","2025","2025","1","$1,250,000","$1,250,000","0.45%","$50,000","$200,000","$200,000","$1,250,000","$1,250,000"
"Lil’jordan Humphrey","WR","NYG                  NYG","26","2025","2025","1","$1,245,000","$1,245,000","0.45%","$25,000","$25,000","$25,000","$1,245,000","$1,245,000"
"Isaiah Hodgins","WR","NYG                  NYG","27","2026","2026","1","$1,240,000","$1,240,000","0.41%","","","","$1,240,000","$1,240,000"
"River Cracraft","WR","MIA                  MIA","29","2024","2024","1","$1,240,000","$1,240,000","0.49%","","","","$1,225,000","$1,225,000"
"Tom Kennedy","WR","DET                  DET","29","2026","2026","1","$1,235,000","$1,235,000","0.41%","$20,000","$20,000","$20,000","$1,235,000","$1,235,000"
"Olamide Zaccheaus","WR","PHI                  PHI","25","2023","2023","1","$1,232,500","$1,232,500","0.55%","$100,000","$650,000","$650,000","$1,232,500","$1,232,500"
"Dante Pettis","WR","CHI                  CHI","27","2023","2023","1","$1,232,500","$1,232,500","0.55%","$152,500","$152,500","$152,500","$652,500","$652,500"
"Jalen Guyton","WR","LAC                  LAC","25","2023","2023","1","$1,232,500","$1,232,500","0.55%","$76,000","$76,000","$76,000","$1,192,000","$1,192,000"
"Richie James","WR","KC                  KC","27","2023","2023","1","$1,232,500","$1,232,500","0.55%","$152,500","$552,500","$552,500","$1,232,500","$1,232,500"
"Scotty Miller","WR","ATL                  ATL","25","2023","2023","1","$1,232,500","$1,232,500","0.55%","$152,500","$152,500","$152,500","$1,499,466","$1,499,466"
"Brandon Powell","WR","MIN                  MIN","26","2023","2023","1","$1,232,500","$1,232,500","0.55%","$75,000","$275,000","$275,000","$1,232,500","$1,232,500"
"Isaiah McKenzie","WR","IND                  IND","27","2023","2023","1","$1,232,500","$1,232,500","0.55%","$152,500","$402,500","$402,500","$783,333","$783,333"
"Cam Sims","WR","LV                  LV","27","2023","2023","1","$1,232,500","$1,232,500","0.55%","$76,250","$301,250","$301,250","$1,232,500","$1,232,500"
"Keelan Cole","WR","LV                  LV","29","2023","2023","1","$1,232,500","$1,232,500","0.55%","$76,250","$76,250","$76,250","$1,232,500","$1,232,500"
"Trent Taylor","WR","CIN                  CIN","28","2023","2023","1","$1,232,500","$1,232,500","0.55%","$52,500","$52,500","$52,500","$1,232,500","$1,232,500"
"Hunter Renfrow","WR","CAR                  CAR","29","2025","2025","1","$1,220,000","$1,220,000","0.44%","$50,000","$50,000","$50,000","$1,344,745","$1,344,745"
"Phillip Dorsett","WR","LV                  LV","30","2023","2023","1","$1,217,500","$1,217,500","0.54%","","","","$1,217,500","$1,217,500"
"Terrace Marshall","WR","MIA                  MIA","25","2026","2026","1","$1,215,000","$1,215,000","0.40%","","","","$1,215,000","$1,215,000"
"Velus Jones","WR","SEA                  SEA","28","2026","2026","1","$1,215,000","$1,215,000","0.40%","","","","$1,215,000","$1,215,000"
"Malik Turner","WR","SF                  SF","29","2026","2026","1","$1,215,000","$1,215,000","0.40%","","","","$1,215,000","$1,215,000"
"Ihmir Smith-Marsette","WR","ARI                  ARI","26","2026","2026","1","$1,215,000","$1,215,000","0.40%","","","","$1,215,000","$1,215,000"
"Quez Watkins","WR","PHI                  PHI","27","2026","2026","1","$1,215,000","$1,215,000","0.40%","","","","$1,215,000","$1,215,000"
"Tim Jones","WR","JAX                  JAX","27","2026","2026","1","$1,215,000","$1,215,000","0.40%","","","","$1,215,000","$1,215,000"
"Dan Chisena","WR","CAR                  CAR","28","2026","2026","1","$1,215,000","$1,215,000","0.40%","","","","$1,215,000","$1,215,000"
"Tanner Conner","WR","NYG                  NYG","27","2026","2026","1","$1,215,000","$1,215,000","0.40%","","","","$1,215,000","$1,215,000"
"Parris Campbell","WR","DAL                  DAL","28","2026","2026","1","$1,215,000","$1,215,000","0.40%","","","","$1,215,000","$1,215,000"
"Marquise Goodwin","WR","CHI                  CHI","30","2021","2021","1","$1,212,500","$1,212,500","0.66%","$137,500","$350,000","$350,000","$1,212,500","$1,212,500"
"Laviska Shenault","WR","BUF                  BUF","26","2025","2025","1","$1,210,000","$1,210,000","0.43%","$15,000","$15,000","$15,000","$1,210,000","$1,210,000"
"Jordan Matthews","WR","CAR                  CAR","32","2024","2024","1","$1,210,000","$1,210,000","0.47%","","","","$672,220","$672,220"
"Sterling Shepard","WR","TB                  TB","31","2024","2024","1","$1,210,000","$1,210,000","0.47%","","","","$941,111","$941,111"
"Allen Robinson","WR","DET                  DET","31","2024","2024","1","$1,210,000","$1,210,000","0.47%","","","","$1,008,333","$1,008,333"
"Noah Brown","WR","WAS                  WAS","28","2024","2024","1","$1,210,000","$1,210,000","0.47%","","","","$1,210,000","$1,210,000"
"JuJu Smith-Schuster","WR","KC                  KC","27","2024","2024","1","$1,210,000","$1,210,000","0.47%","","","","$1,210,000","$1,210,000"
"Robbie Chosen","WR","SF                  SF","31","2024","2024","1","$1,210,000","$1,210,000","0.47%","","","","$1,210,000","$1,210,000"
"Laquon Treadwell","WR","IND                  IND","29","2024","2024","1","$1,210,000","$1,210,000","0.47%","","","","$1,210,000","$1,210,000"
"Willie Snead","WR","MIA                  MIA","31","2024","2024","1","$1,210,000","$1,210,000","0.47%","","","","$520,000","$520,000"
"Damiere Byrd","WR","BUF                  BUF","31","2024","2024","1","$1,210,000","$1,210,000","0.47%","","","","$1,210,000","$1,210,000"
"DeVante Parker","WR","PHI                  PHI","31","2024","2024","1","$1,210,000","$1,210,000","0.47%","","","","$1,210,000","$1,210,000"
"Phillip Dorsett","WR","DEN                  DEN","31","2024","2024","1","$1,210,000","$1,210,000","0.47%","","","","$1,210,000","$1,210,000"
"Pharoh Cooper","WR","CAR                  CAR","24","2020","2020","1","$1,210,000","$1,210,000","0.61%","$300,000","$300,000","$300,000","$1,321,818","$1,321,818"
"Khadarel Hodge","WR","ATL                  ATL","28","2023","2023","1","$1,200,000","$1,200,000","0.53%","","","","$1,680,750","$1,680,750"
"Jeff Smith","WR","NYG                  NYG","25","2023","2023","1","$1,200,000","$1,200,000","0.53%","","","","$1,200,000","$1,200,000"
"Deandre Carter","WR","CHI                  CHI","31","2024","2024","1","$1,200,000","$1,200,000","0.47%","$75,000","$450,000","$450,000","$1,431,771","$1,431,771"
"Terrace Marshall","WR","PHI                  PHI","24","2025","2025","1","$1,195,000","$1,195,000","0.43%","$25,000","$25,000","$25,000","$1,203,820","$1,203,820"
"K.J. Osborn","WR","WAS                  WAS","27","2025","2025","1","$1,195,000","$1,195,000","0.43%","","","","$1,195,000","$1,195,000"
"Adam Humphries","WR","WAS                  WAS","27","2021","2021","1","$1,190,000","$1,190,000","0.65%","$150,000","$150,000","$150,000","$1,190,000","$1,190,000"
"Damiere Byrd","WR","ATL                  ATL","28","2022","2022","1","$1,187,500","$1,187,500","0.57%","$152,500","$400,000","$400,000","$1,187,500","$1,187,500"
"Demarcus Robinson","WR","LV                  LV","27","2022","2022","1","$1,187,500","$1,187,500","0.57%","$102,500","$427,500","$427,500","$1,187,500","$1,187,500"
"Laquon Treadwell","WR","JAX                  JAX","26","2022","2022","1","$1,187,500","$1,187,500","0.57%","$75,000","$75,000","$75,000","$1,187,500","$1,187,500"
"Trent Sherfield","WR","MIA                  MIA","25","2022","2022","1","$1,187,500","$1,187,500","0.57%","$152,500","$502,500","$502,500","$2,222,500","$2,222,500"
"Brandon Zylstra","WR","CAR                  CAR","28","2022","2022","1","$1,187,500","$1,187,500","0.57%","$152,500","$1,047,500","$1,047,500","$1,187,500","$1,187,500"
"Rashard Higgins","WR","CAR                  CAR","27","2022","2022","1","$1,187,500","$1,187,500","0.57%","$152,500","$152,500","$152,500","$1,187,500","$1,187,500"
"Chris Moore","WR","HOU                  HOU","28","2022","2022","1","$1,187,500","$1,187,500","0.57%","$152,500","$1,047,500","$1,047,500","$1,187,500","$1,187,500"
"Jake Kumerow","WR","BUF                  BUF","29","2022","2022","1","$1,187,500","$1,187,500","0.57%","$76,250","$76,250","$76,250","$1,035,000","$1,035,000"
"Noah Brown","WR","DAL                  DAL","25","2022","2022","1","$1,187,500","$1,187,500","0.57%","$152,500","$152,500","$152,500","$1,187,500","$1,187,500"
"Ted Ginn Jr.","WR","CHI                  CHI","34","2020","2020","1","$1,187,500","$1,187,500","0.60%","$137,500","$887,500","$887,500","$1,187,500","$1,187,500"
"Gabriel Davis","WR","BUF                  BUF","26","2025","2025","1","$1,170,000","$1,170,000","0.42%","","","","$390,000","$390,000"
"Mecole Hardman","WR","BUF                  BUF","27","2025","2025","1","$1,170,000","$1,170,000","0.42%","","","","$294,444","$294,444"
"Lil’jordan Humphrey","WR","DEN                  DEN","27","2025","2025","1","$1,170,000","$1,170,000","0.42%","","","","$520,000","$520,000"
"Cedrick Wilson","WR","MIA                  MIA","29","2025","2025","1","$1,170,000","$1,170,000","0.42%","","","","$910,000","$910,000"
"Simi Fehoko","WR","ARI                  ARI","27","2025","2025","1","$1,170,000","$1,170,000","0.42%","","","","$847,222","$847,222"
"Tyler Johnson","WR","NYJ                  NYJ","27","2025","2025","1","$1,170,000","$1,170,000","0.42%","","","","$1,105,000","$1,105,000"
"Russell Gage","WR","SF                  SF","29","2025","2025","1","$1,170,000","$1,170,000","0.42%","","","","$1,170,000","$1,170,000"
"Devin Duvernay","WR","CHI                  CHI","27","2025","2025","1","$1,170,000","$1,170,000","0.42%","","","","$1,170,000","$1,170,000"
"Juwann Winfree","WR","HOU                  HOU","28","2025","2025","1","$1,170,000","$1,170,000","0.42%","","","","$1,170,000","$1,170,000"
"Malik Turner","WR","SF                  SF","29","2025","2025","1","$1,170,000","$1,170,000","0.42%","","","","$1,170,000","$1,170,000"
"Gunner Olszewski","WR","NYG                  NYG","28","2025","2025","1","$1,170,000","$1,170,000","0.42%","","","","$1,170,000","$1,170,000"
"Equanimeous St. Brown","WR","SF                  SF","28","2025","2025","1","$1,170,000","$1,170,000","0.42%","","","","$590,000","$590,000"
"Trenton Irwin","WR","JAX                  JAX","29","2025","2025","1","$1,170,000","$1,170,000","0.42%","","","","$1,170,000","$1,170,000"
"Donovan Peoples-Jones","WR","NO                  NO","26","2025","2025","1","$1,170,000","$1,170,000","0.42%","","","","$1,170,000","$1,170,000"
"Collin Johnson","WR","LV                  LV","27","2025","2025","1","$1,170,000","$1,170,000","0.42%","","","","$1,170,000","$1,170,000"
"Diontae Johnson","WR","CLE                  CLE","28","2025","2025","1","$1,170,000","$1,170,000","0.42%","","","","$1,170,000","$1,170,000"
"Miles Boykin","WR","CHI                  CHI","28","2025","2025","1","$1,170,000","$1,170,000","0.42%","","","","$1,170,000","$1,170,000"
"James Proche","WR","TEN                  TEN","28","2025","2025","1","$1,170,000","$1,170,000","0.42%","","","","$455,000","$455,000"
"Steven Sims Jr.","WR","SEA                  SEA","27","2025","2025","1","$1,170,000","$1,170,000","0.42%","","","","$598,820","$598,820"
"River Cracraft","WR","WAS                  WAS","30","2025","2025","1","$1,170,000","$1,170,000","0.42%","","","","$1,170,000","$1,170,000"
"Dan Chisena","WR","CAR                  CAR","28","2025","2025","1","$1,170,000","$1,170,000","0.42%","","","","$1,170,000","$1,170,000"
"Keith Kirkwood","WR","BAL                  BAL","30","2025","2025","1","$1,170,000","$1,170,000","0.42%","","","","$1,180,080","$1,180,080"
"Anthony Miller","WR","BAL                  BAL","30","2025","2025","1","$1,170,000","$1,170,000","0.42%","","","","$1,178,505","$1,178,505"
"Quez Watkins","WR","ARI                  ARI","26","2025","2025","1","$1,170,000","$1,170,000","0.42%","","","","$540,000","$540,000"
"Marquez Callaway","WR","LV                  LV","26","2025","2025","1","$1,170,000","$1,170,000","0.42%","","","","$1,170,000","$1,170,000"
"Russell Gage","WR","SF                  SF","28","2025","2025","1","$1,170,000","$1,170,000","0.42%","","","","$1,170,000","$1,170,000"
"Trent Taylor","WR","SF                  SF","30","2025","2025","1","$1,170,000","$1,170,000","0.42%","","","","$598,505","$598,505"
"Willie Snead","WR","SF                  SF","31","2023","2023","1","$1,165,000","$1,165,000","0.52%","","","","$194,166","$194,166"
"Chris Conley","WR","SF                  SF","31","2023","2023","1","$1,165,000","$1,165,000","0.52%","","","","$261,111","$261,111"
"Alex Erickson","WR","LAC                  LAC","31","2023","2023","1","$1,165,000","$1,165,000","0.52%","","","","$388,333","$388,333"
"Jordan Matthews","WR","CAR                  CAR","31","2023","2023","1","$1,165,000","$1,165,000","0.52%","","","","$540,000","$540,000"
"Robbie Chosen","WR","MIA                  MIA","30","2023","2023","1","$1,165,000","$1,165,000","0.52%","","","","$453,055","$453,055"
"Jamison Crowder","WR","WAS                  WAS","30","2023","2023","1","$1,165,000","$1,165,000","0.52%","","","","$1,100,277","$1,100,277"
"Equanimeous St. Brown","WR","CHI                  CHI","26","2023","2023","1","$1,165,000","$1,165,000","0.52%","$85,000","$85,000","$85,000","$1,165,000","$1,165,000"
"Adam Humphries","WR","HOU                  HOU","30","2023","2023","1","$1,165,000","$1,165,000","0.52%","","","","$1,165,000","$1,165,000"
"Cole Beasley","WR","NYG                  NYG","34","2023","2023","1","$1,165,000","$1,165,000","0.52%","","","","$1,165,000","$1,165,000"
"Demarcus Robinson","WR","LAR                  LAR","28","2023","2023","1","$1,165,000","$1,165,000","0.52%","","","","$1,165,000","$1,165,000"
"Laquon Treadwell","WR","BAL                  BAL","27","2023","2023","1","$1,165,000","$1,165,000","0.52%","","","","$129,444","$129,444"
"Breshad Perriman","WR","IND                  IND","29","2023","2023","1","$1,165,000","$1,165,000","0.52%","","","","$1,165,000","$1,165,000"
"Mike Thomas","WR","BAL                  BAL","28","2023","2023","1","$1,165,000","$1,165,000","0.52%","","","","$1,080,000","$1,080,000"
"Austin Trammell","WR","JAX                  JAX","27","2026","2026","1","$1,155,000","$1,155,000","0.38%","$10,000","$10,000","$10,000","$1,155,000","$1,155,000"
"Marcus Kemp","WR","WAS                  WAS","27","2023","2023","1","$1,155,000","$1,155,000","0.51%","$50,000","$50,000","$50,000","$1,155,000","$1,155,000"
"Velus Jones","WR","NO                  NO","27","2025","2025","1","$1,150,000","$1,150,000","0.41%","","","","$1,159,450","$1,159,450"
"Cody White","WR","SEA                  SEA","27","2026","2026","1","$1,145,000","$1,145,000","0.38%","","","","$1,145,000","$1,145,000"
"Jonathan Mingo","WR","DAL                  DAL","24","2026","2026","1","$1,145,000","$1,145,000","0.38%","","","","$1,145,000","$1,145,000"
"Lawrence Cager","WR","WAS                  WAS","28","2026","2026","1","$1,145,000","$1,145,000","0.38%","","","","$1,145,000","$1,145,000"
"Mohamed Sanu","WR","SF                  SF","31","2021","2021","1","$1,140,000","$1,140,000","0.62%","$25,000","$25,000","$25,000","$1,140,000","$1,140,000"
"Marquez Callaway","WR","DEN                  DEN","24","2023","2023","1","$1,135,000","$1,135,000","0.50%","$125,000","$302,500","$302,500","$1,135,000","$1,135,000"
"Deandre Carter","WR","LAC                  LAC","28","2022","2022","1","$1,135,000","$1,135,000","0.55%","$100,000","$100,000","$100,000","$1,135,000","$1,135,000"
"Mike Thomas","WR","CIN                  CIN","27","2022","2022","1","$1,135,000","$1,135,000","0.55%","$50,000","$50,000","$50,000","$1,135,000","$1,135,000"
"Chase Claypool","WR","BUF                  BUF","25","2024","2024","1","$1,135,000","$1,135,000","0.44%","$25,000","$25,000","$25,000","$1,225,000","$1,225,000"
"Trent Taylor","WR","CIN                  CIN","27","2022","2022","1","$1,135,000","$1,135,000","0.55%","$25,000","$25,000","$25,000","$1,135,000","$1,135,000"
"Andy Isabella","WR","BUF                  BUF","27","2024","2024","1","$1,133,000","$1,133,000","0.44%","$8,000","$8,000","$8,000","$1,133,000","$1,133,000"
"Tyler Johnson","WR","LAR                  LAR","25","2024","2024","1","$1,130,000","$1,130,000","0.44%","$75,000","$75,000","$75,000","$1,130,000","$1,130,000"
"Dede Westbrook","WR","MIN                  MIN","27","2021","2021","1","$1,127,500","$1,127,500","0.62%","$137,500","$137,500","$137,500","$1,127,500","$1,127,500"
"Damiere Byrd","WR","CHI                  CHI","27","2021","2021","1","$1,127,500","$1,127,500","0.62%","$137,500","$137,500","$387,500","$1,127,500","$1,127,500"
"Demarcus Robinson","WR","KC                  KC","26","2021","2021","1","$1,127,500","$1,127,500","0.62%","$137,500","$987,500","$987,500","$1,127,500","$1,127,500"
"Kalif Raymond","WR","DET                  DET","26","2021","2021","1","$1,127,500","$1,127,500","0.62%","$137,500","$250,000","$250,000","$1,127,500","$1,127,500"
"Mack Hollins","WR","MIA                  MIA","27","2021","2021","1","$1,127,500","$1,127,500","0.62%","$137,500","$337,500","$337,500","$1,127,500","$1,127,500"
"Isaiah McKenzie","WR","BUF                  BUF","25","2021","2021","1","$1,127,500","$1,127,500","0.62%","$137,500","$350,000","$350,000","$1,127,500","$1,127,500"
"Phillip Dorsett","WR","JAX                  JAX","27","2021","2021","1","$1,127,500","$1,127,500","0.62%","","","","$880,000","$880,000"
"Noah Brown","WR","DAL                  DAL","24","2021","2021","1","$1,127,500","$1,127,500","0.62%","$137,500","$137,500","$137,500","$1,127,500","$1,127,500"
"Marcus Johnson","WR","TEN                  TEN","26","2021","2021","1","$1,127,500","$1,127,500","0.62%","$137,500","$287,500","$287,500","$1,016,388","$1,016,388"
"Ty Montgomery","WR","NO                  NO","27","2021","2021","1","$1,127,500","$1,127,500","0.62%","$137,500","$137,500","$137,500","$1,127,500","$1,127,500"
"Lil’jordan Humphrey","WR","DEN                  DEN","25","2024","2024","1","$1,125,000","$1,125,000","0.44%","","","","$1,000,000","$1,000,000"
"Tre'quan Smith","WR","DET                  DET","28","2024","2024","1","$1,125,000","$1,125,000","0.44%","","","","$520,000","$520,000"
"Anthony Miller","WR","BAL                  BAL","29","2024","2024","1","$1,125,000","$1,125,000","0.44%","","","","$1,125,000","$1,125,000"
"Marquez Callaway","WR","NO                  NO","25","2024","2024","1","$1,125,000","$1,125,000","0.44%","","","","$1,125,000","$1,125,000"
"Martavis Bryant","WR","WAS                  WAS","32","2024","2024","1","$1,125,000","$1,125,000","0.44%","","","","$1,125,000","$1,125,000"
"N'Keal Harry","WR","MIN                  MIN","26","2024","2024","1","$1,125,000","$1,125,000","0.44%","","","","$1,125,000","$1,125,000"
"Cam Sims","WR","CAR                  CAR","28","2024","2024","1","$1,125,000","$1,125,000","0.44%","","","","$1,125,000","$1,125,000"
"Jalen Reagor","WR","LAC                  LAC","25","2024","2024","1","$1,125,000","$1,125,000","0.44%","","","","$562,500","$562,500"
"Marquez Valdes-Scantling","WR","NO                  NO","30","2024","2024","1","$1,125,000","$1,125,000","0.44%","","","","$687,500","$687,500"
"Tim Patrick","WR","DET                  DET","30","2024","2024","1","$1,125,000","$1,125,000","0.44%","","","","$937,500","$937,500"
"Jakeem Grant","WR","ATL                  ATL","31","2024","2024","1","$1,125,000","$1,125,000","0.44%","","","","$1,125,000","$1,125,000"
"Byron Pringle","WR","WAS                  WAS","30","2024","2024","1","$1,125,000","$1,125,000","0.44%","","","","$1,125,000","$1,125,000"
"James Washington","WR","ATL                  ATL","28","2024","2024","1","$1,125,000","$1,125,000","0.44%","","","","$1,125,000","$1,125,000"
"Malik Turner","WR","SF                  SF","28","2024","2024","1","$1,125,000","$1,125,000","0.44%","","","","$1,125,000","$1,125,000"
"Keith Kirkwood","WR","BAL                  BAL","29","2024","2024","1","$1,125,000","$1,125,000","0.44%","","","","$1,125,000","$1,125,000"
"Mecole Hardman","WR","KC                  KC","26","2024","2024","1","$1,125,000","$1,125,000","0.44%","","","","$1,125,000","$1,125,000"
"John Ross","WR","PHI                  PHI","29","2024","2024","1","$1,125,000","$1,125,000","0.44%","","","","$1,125,000","$1,125,000"
"Trent Taylor","WR","SF                  SF","29","2024","2024","1","$1,125,000","$1,125,000","0.44%","","","","$1,125,000","$1,125,000"
"Equanimeous St. Brown","WR","NO                  NO","27","2024","2024","1","$1,125,000","$1,125,000","0.44%","","","","$1,125,000","$1,125,000"
"David Moore","WR","CAR                  CAR","29","2024","2024","1","$1,125,000","$1,125,000","0.44%","","","","$1,617,813","$1,617,813"
"James Proche","WR","CLE                  CLE","27","2024","2024","1","$1,125,000","$1,125,000","0.44%","","","","$194,384","$194,384"
"Dante Pettis","WR","NO                  NO","28","2024","2024","1","$1,125,000","$1,125,000","0.44%","","","","$312,500","$312,500"
"Stanley Morgan","WR","NO                  NO","27","2024","2024","1","$1,125,000","$1,125,000","0.44%","","","","$1,125,000","$1,125,000"
"Josh Gordon","WR","KC                  KC","30","2022","2022","1","$1,120,000","$1,120,000","0.54%","","","","$1,120,000","$1,120,000"
"DeSean Jackson","WR","BAL                  BAL","36","2022","2022","1","$1,120,000","$1,120,000","0.54%","","","","$311,110","$311,110"
"Chris Conley","WR","TEN                  TEN","30","2022","2022","1","$1,120,000","$1,120,000","0.54%","","","","$311,110","$311,110"
"Willie Snead","WR","SF                  SF","29","2022","2022","1","$1,120,000","$1,120,000","0.54%","","","","$684,442","$684,442"
"Mohamed Sanu","WR","MIA                  MIA","32","2022","2022","1","$1,120,000","$1,120,000","0.54%","","","","$1,120,000","$1,120,000"
"Tavon Austin","WR","BUF                  BUF","31","2022","2022","1","$1,120,000","$1,120,000","0.54%","","","","$1,120,000","$1,120,000"
"Albert Wilson","WR","LV                  LV","29","2022","2022","1","$1,120,000","$1,120,000","0.54%","","","","$808,886","$808,886"
"Auden Tate","WR","ATL                  ATL","24","2022","2022","1","$1,120,000","$1,120,000","0.54%","","","","$1,100,000","$1,100,000"
"Malik Turner","WR","SF                  SF","25","2022","2022","1","$1,110,000","$1,110,000","0.53%","","$300,000","$300,000","$1,110,000","$1,110,000"
"K.J. Hamler","WR","BUF                  BUF","25","2025","2025","1","$1,108,000","$1,108,000","0.40%","$8,000","$8,000","$8,000","$1,116,505","$1,116,505"
"Alex Erickson","WR","WAS                  WAS","30","2023","2023","1","$1,105,000","$1,105,000","0.49%","$25,000","$25,000","$25,000","$1,105,000","$1,105,000"
"Corey Coleman","WR","NYG                  NYG","25","2020","2020","1","$1,100,000","$1,100,000","0.55%","$100,000","$100,000","$100,000","$1,100,000","$1,100,000"
"Treylon Burks","WR","WAS                  WAS","25","2025","2025","1","$1,100,000","$1,100,000","0.39%","","","","$550,000","$550,000"
"Velus Jones","WR","NO                  NO","28","2025","2025","1","$1,100,000","$1,100,000","0.39%","","","","$672,222","$672,222"
"Tim Jones","WR","MIN                  MIN","27","2025","2025","1","$1,100,000","$1,100,000","0.39%","","","","$1,038,888","$1,038,888"
"Jacob Harris","WR","TB                  TB","28","2025","2025","1","$1,100,000","$1,100,000","0.39%","","","","$1,100,000","$1,100,000"
"Malik Taylor","WR","DET                  DET","29","2025","2025","1","$1,100,000","$1,100,000","0.39%","","","","$1,100,000","$1,100,000"
"Britain Covey","WR","LAR                  LAR","28","2025","2025","1","$1,100,000","$1,100,000","0.39%","","$185,000","$185,000","$1,100,000","$1,100,000"
"Tyquan Thornton","WR","KC                  KC","24","2025","2025","1","$1,100,000","$1,100,000","0.39%","","","","$1,108,505","$1,108,505"
"Quintez Cephus","WR","HOU                  HOU","26","2025","2025","1","$1,100,000","$1,100,000","0.39%","","","","$1,100,000","$1,100,000"
"David Sills","WR","ATL                  ATL","29","2025","2025","1","$1,100,000","$1,100,000","0.39%","","","","$1,038,887","$1,038,887"
"Tom Kennedy","WR","DET                  DET","28","2025","2025","1","$1,100,000","$1,100,000","0.39%","","","","$366,666","$366,666"
"Mike Strachan","WR","WAS                  WAS","27","2025","2025","1","$1,100,000","$1,100,000","0.39%","","","","$1,100,000","$1,100,000"
"Trishton Jackson","WR","ARI                  ARI","26","2025","2025","1","$1,100,000","$1,100,000","0.39%","","","","$572,560","$572,560"
"Brandon Johnson","WR","PIT                  PIT","26","2025","2025","1","$1,100,000","$1,100,000","0.39%","","","","$573,820","$573,820"
"Lawrence Cager","WR","WAS                  WAS","27","2025","2025","1","$1,100,000","$1,100,000","0.39%","","","","$1,100,000","$1,100,000"
"Isaiah Hodgins","WR","NYG                  NYG","26","2025","2025","1","$1,100,000","$1,100,000","0.39%","","","","$488,888","$488,888"
"Kristian Wilkerson","WR","BUF                  BUF","27","2025","2025","1","$1,100,000","$1,100,000","0.39%","","","","$1,103,150","$1,103,150"
"Michael Bandy","WR","DEN                  DEN","28","2026","2026","1","$1,085,000","$1,085,000","0.36%","$10,000","$10,000","$10,000","$1,085,000","$1,085,000"
"Trent Taylor","WR","CHI                  CHI","29","2023","2023","1","$1,080,000","$1,080,000","0.48%","","","","$1,080,000","$1,080,000"
"Anthony Miller","WR","SF                  SF","28","2023","2023","1","$1,080,000","$1,080,000","0.48%","","","","$1,080,000","$1,080,000"
"N'Keal Harry","WR","MIN                  MIN","25","2023","2023","1","$1,080,000","$1,080,000","0.48%","","","","$780,000","$780,000"
"Byron Pringle","WR","WAS                  WAS","29","2023","2023","1","$1,080,000","$1,080,000","0.48%","","","","$1,080,000","$1,080,000"
"Isaiah Ford","WR","CHI                  CHI","27","2023","2023","1","$1,080,000","$1,080,000","0.48%","","","","$500,000","$500,000"
"Alex Erickson","WR","NYJ                  NYJ","30","2023","2023","1","$1,080,000","$1,080,000","0.48%","","","","$1,080,000","$1,080,000"
"Keke Coutee","WR","MIA                  MIA","26","2023","2023","1","$1,080,000","$1,080,000","0.48%","","","","$1,080,000","$1,080,000"
"James Washington","WR","IND                  IND","27","2023","2023","1","$1,080,000","$1,080,000","0.48%","","","","$1,080,000","$1,080,000"
"David Moore","WR","TB                  TB","28","2023","2023","1","$1,080,000","$1,080,000","0.48%","","","","$240,000","$240,000"
"Miles Boykin","WR","PIT                  PIT","26","2023","2023","1","$1,080,000","$1,080,000","0.48%","","","","$1,080,000","$1,080,000"
"River Cracraft","WR","MIA                  MIA","28","2023","2023","1","$1,080,000","$1,080,000","0.48%","","","","$768,889","$768,889"
"Lil’jordan Humphrey","WR","DEN                  DEN","24","2023","2023","1","$1,080,000","$1,080,000","0.48%","","","","$574,444","$574,444"
"Malik Turner","WR","IND                  IND","27","2023","2023","1","$1,080,000","$1,080,000","0.48%","","","","$500,000","$500,000"
"Jaydon Mickens","WR","NYG                  NYG","28","2023","2023","1","$1,080,000","$1,080,000","0.48%","","","","$1,080,000","$1,080,000"
"Andy Isabella","WR","BUF                  BUF","26","2023","2023","1","$1,080,000","$1,080,000","0.48%","","","","$1,080,000","$1,080,000"
"John Ross","WR","KC                  KC","28","2023","2023","1","$1,080,000","$1,080,000","0.48%","","","","$1,080,000","$1,080,000"
"Auden Tate","WR","ARI                  ARI","25","2023","2023","1","$1,080,000","$1,080,000","0.48%","","","","$1,080,000","$1,080,000"
"Andre Roberts","WR","LAC                  LAC","32","2021","2021","1","$1,075,000","$1,075,000","0.59%","","","","$716,666","$716,666"
"John Brown","WR","JAX                  JAX","30","2021","2021","1","$1,075,000","$1,075,000","0.59%","","","","$418,054","$418,054"
"Kenny Stills","WR","NO                  NO","28","2021","2021","1","$1,075,000","$1,075,000","0.59%","","","","$298,610","$298,610"
"Tavon Austin","WR","JAX                  JAX","30","2021","2021","1","$1,075,000","$1,075,000","0.59%","","","","$990,000","$990,000"
"Chris Hogan","WR","NO                  NO","33","2021","2021","1","$1,075,000","$1,075,000","0.59%","","","","$1,075,000","$1,075,000"
"Jason Brownlee","WR","KC                  KC","26","2026","2026","1","$1,075,000","$1,075,000","0.36%","","","","$1,075,000","$1,075,000"
"Mitchell Tinsley","WR","CIN                  CIN","26","2026","2026","1","$1,075,000","$1,075,000","0.36%","","","","$1,075,000","$1,075,000"
"Maurice Alexander","WR","CHI                  CHI","29","2026","2026","1","$1,075,000","$1,075,000","0.36%","","","","$1,075,000","$1,075,000"
"Colton Dowell","WR","SF                  SF","26","2026","2026","1","$1,075,000","$1,075,000","0.36%","","","","$1,075,000","$1,075,000"
"Chris Blair","WR","ATL                  ATL","27","2026","2026","1","$1,075,000","$1,075,000","0.36%","","","","$1,075,000","$1,075,000"
"Kendric Pryor","WR","CIN                  CIN","28","2026","2026","1","$1,075,000","$1,075,000","0.36%","","","","$1,075,000","$1,075,000"
"Xavier Smith","WR","LAR                  LAR","28","2026","2026","1","$1,075,000","$1,075,000","0.36%","","","","$1,075,000","$1,075,000"
"Jalen Coker","WR","CAR                  CAR","24","2026","2026","1","$1,075,000","$1,075,000","0.36%","","","","$1,075,000","$1,075,000"
"Jalen Virgil","WR","BUF                  BUF","27","2026","2026","1","$1,075,000","$1,075,000","0.36%","","","","$1,075,000","$1,075,000"
"Malachi Corley","WR","CLE                  CLE","23","2026","2026","1","$1,075,000","$1,075,000","0.36%","","","","$1,075,000","$1,075,000"
"Jamari Thrash","WR","CLE                  CLE","25","2026","2026","1","$1,075,000","$1,075,000","0.36%","","","","$1,075,000","$1,075,000"
"Bryce Oliver","WR","TEN                  TEN","25","2026","2026","1","$1,075,000","$1,075,000","0.36%","","","","$1,075,000","$1,075,000"
"A.T. Perry","WR","PIT                  PIT","26","2026","2026","1","$1,075,000","$1,075,000","0.36%","","","","$1,075,000","$1,075,000"
"Nikko Remigio","WR","KC                  KC","26","2026","2026","1","$1,075,000","$1,075,000","0.36%","","","","$1,075,000","$1,075,000"
"Khadarel Hodge","WR","ATL                  ATL","26","2022","2022","1","$1,070,000","$1,070,000","0.51%","$35,000","","$35,000","$1,070,000","$1,070,000"
"Daesean Hamilton","WR","HOU                  HOU","26","2022","2022","1","$1,065,000","$1,065,000","0.51%","$100,000","$350,000","$350,000","$1,065,000","$1,065,000"
"Richie James","WR","NYG                  NYG","26","2022","2022","1","$1,065,000","$1,065,000","0.51%","$100,000","$100,000","$100,000","$1,065,000","$1,065,000"
"Robert Foster","WR","MIA                  MIA","26","2021","2021","1","$1,057,500","$1,057,500","0.58%","$100,000","$100,000","$100,000","$1,057,500","$1,057,500"
"Kadarius Toney","WR","CLE                  CLE","25","2024","2024","1","$1,055,000","$1,055,000","0.41%","","","","$293,055","$293,055"
"Terrace Marshall","WR","LV                  LV","24","2024","2024","1","$1,055,000","$1,055,000","0.41%","","","","$351,666","$351,666"
"D'Wayne Eskridge","WR","MIA                  MIA","27","2024","2024","1","$1,055,000","$1,055,000","0.41%","","","","$644,722","$644,722"
"Ben Skowronek","WR","PIT                  PIT","27","2024","2024","1","$1,055,000","$1,055,000","0.41%","","","","$937,777","$937,777"
"Ihmir Smith-Marsette","WR","NYG                  NYG","25","2024","2024","1","$1,055,000","$1,055,000","0.41%","","","","$996,387","$996,387"
"Greg Ward","WR","IND                  IND","29","2024","2024","1","$1,055,000","$1,055,000","0.41%","","","","$1,055,000","$1,055,000"
"Keelan Doss","WR","LV                  LV","28","2024","2024","1","$1,055,000","$1,055,000","0.41%","","","","$1,055,000","$1,055,000"
"Quintez Cephus","WR","HOU                  HOU","26","2024","2024","1","$1,055,000","$1,055,000","0.41%","","","","$1,055,000","$1,055,000"
"Freddie Swain","WR","CHI                  CHI","25","2024","2024","1","$1,055,000","$1,055,000","0.41%","","","","$545,000","$545,000"
"Tyron Johnson","WR","DAL                  DAL","28","2024","2024","1","$1,055,000","$1,055,000","0.41%","","","","$1,055,000","$1,055,000"
"Lawrence Cager","WR","NYG                  NYG","26","2024","2024","1","$1,055,000","$1,055,000","0.41%","","","","$1,055,000","$1,055,000"
"Collin Johnson","WR","CHI                  CHI","26","2024","2024","1","$1,055,000","$1,055,000","0.41%","","","","$573,181","$573,181"
"Stephen Sullivan","WR","CAR                  CAR","27","2024","2024","1","$1,055,000","$1,055,000","0.41%","","","","$545,000","$545,000"
"Dan Chisena","WR","CAR                  CAR","26","2024","2024","1","$1,055,000","$1,055,000","0.41%","","","","$265,964","$265,964"
"Daurice Fountain","WR","DET                  DET","28","2024","2024","1","$1,055,000","$1,055,000","0.41%","","","","$1,055,000","$1,055,000"
"K.J. Hamler","WR","BUF                  BUF","24","2024","2024","1","$1,055,000","$1,055,000","0.41%","","","","$1,055,000","$1,055,000"
"Denzel Mims","WR","JAX                  JAX","26","2024","2024","1","$1,055,000","$1,055,000","0.41%","","","","$1,055,000","$1,055,000"
"Simi Fehoko","WR","LAC                  LAC","26","2024","2024","1","$1,055,000","$1,055,000","0.41%","","","","$1,055,000","$1,055,000"
"Malik Taylor","WR","NYJ                  NYJ","28","2024","2024","1","$1,055,000","$1,055,000","0.41%","","","","$545,000","$545,000"
"Tyrie Cleveland","WR","IND                  IND","26","2024","2024","1","$1,055,000","$1,055,000","0.41%","","","","$1,055,000","$1,055,000"
"David Sills","WR","DEN                  DEN","28","2024","2024","1","$1,055,000","$1,055,000","0.41%","","","","$1,055,000","$1,055,000"
"Nsimba Webster","WR","CHI                  CHI","27","2024","2024","1","$1,055,000","$1,055,000","0.41%","","","","$545,000","$545,000"
"Jeff Smith","WR","ARI                  ARI","26","2024","2024","1","$1,055,000","$1,055,000","0.41%","","","","$1,055,000","$1,055,000"
"Tavon Austin","WR","GB                  GB","29","2020","2020","1","$1,050,000","$1,050,000","0.53%","","","","$334,484","$334,484"
"Mohamed Sanu","WR","DET                  DET","30","2020","2020","1","$1,050,000","$1,050,000","0.53%","","","","$499,121","$499,121"
"Dez Bryant","WR","BAL                  BAL","31","2020","2020","1","$1,050,000","$1,050,000","0.53%","","","","$438,228","$438,228"
"Dwayne Harris","WR","CHI                  CHI","32","2020","2020","1","$1,050,000","$1,050,000","0.53%","","","","$575,891","$575,891"
"Mohamed Sanu","WR","SF                  SF","30","2020","2020","1","$1,050,000","$1,050,000","0.53%","$137,500","$137,500","$137,500","$1,125,735","$1,125,735"
"Tavon Austin","WR","SF                  SF","29","2020","2020","1","$1,050,000","$1,050,000","0.53%","","","","$1,050,000","$1,050,000"
"Travis Benjamin","WR","SF                  SF","30","2020","2021","1","$1,050,000","$1,050,000","0.53%","","","","$986,111","$986,111"
"Ty Montgomery","WR","NO                  NO","26","2020","2020","1","$1,047,500","$1,047,500","0.53%","$137,500","$137,500","$137,500","$1,047,500","$1,047,500"
"Marqise Lee","WR","NE                  NE","28","2020","2021","1","$1,047,500","$1,047,500","0.53%","$137,500","$300,000","$300,000","$1,277,500","$1,277,500"
"Geronimo Allison","WR","DET                  DET","25","2020","2021","1","$1,047,500","$1,047,500","0.53%","$137,500","$137,500","$137,500","$947,500","$947,500"
"Geremy Davis","WR","DET                  DET","27","2020","2020","1","$1,047,500","$1,047,500","0.53%","$35,000","$35,000","$35,000","$1,047,500","$1,047,500"
"Cody Latimer","WR","WAS                  WAS","27","2020","2020","1","$1,047,500","$1,047,500","0.53%","$137,500","$137,500","$137,500","$1,047,500","$1,047,500"
"Phillip Dorsett","WR","SEA                  SEA","26","2020","2020","1","$1,047,500","$1,047,500","0.53%","$137,500","$137,500","$137,500","$1,047,500","$1,047,500"
"Nelson Agholor","WR","LV                  LV","26","2020","2020","1","$1,047,500","$1,047,500","0.53%","$137,500","$887,500","$887,500","$1,449,757","$1,449,757"
"Josh Gordon","WR","SEA                  SEA","28","2020","2020","1","$1,042,500","$1,042,500","0.53%","","","","$120,495","$120,495"
"Pharoh Cooper","WR","ARI                  ARI","27","2022","2022","1","$1,035,000","$1,035,000","0.50%","","","","$115,000","$115,000"
"Laquon Treadwell","WR","SEA                  SEA","27","2022","2022","1","$1,035,000","$1,035,000","0.50%","","","","$172,500","$172,500"
"Marcus Johnson","WR","NYG                  NYG","28","2022","2022","1","$1,035,000","$1,035,000","0.50%","","","","$690,000","$690,000"
"Demarcus Robinson","WR","BAL                  BAL","27","2022","2022","1","$1,035,000","$1,035,000","0.50%","","$895,000","$895,000","$1,035,000","$1,035,000"
"Chester Rogers","WR","HOU                  HOU","27","2022","2022","1","$1,035,000","$1,035,000","0.50%","","","","$530,000","$530,000"
"Devin Funchess","WR","DET                  DET","27","2022","2022","1","$1,035,000","$1,035,000","0.50%","","","","$1,035,000","$1,035,000"
"Isaiah Ford","WR","IND                  IND","25","2022","2022","1","$1,035,000","$1,035,000","0.50%","","","","$1,035,000","$1,035,000"
"Chad Beebe","WR","HOU                  HOU","27","2022","2022","1","$1,035,000","$1,035,000","0.50%","","","","$1,035,000","$1,035,000"
"Marvin Hall","WR","JAX                  JAX","28","2022","2022","1","$1,035,000","$1,035,000","0.50%","","","","$1,035,000","$1,035,000"
"Geronimo Allison","WR","ATL                  ATL","27","2022","2022","1","$1,035,000","$1,035,000","0.50%","","","","$1,035,000","$1,035,000"
"Tajae Sharpe","WR","CHI                  CHI","27","2022","2022","1","$1,035,000","$1,035,000","0.50%","","","","$505,000","$505,000"
"Dante Pettis","WR","CHI                  CHI","26","2022","2022","1","$1,035,000","$1,035,000","0.50%","","","","$1,035,000","$1,035,000"
"Alex Erickson","WR","WAS                  WAS","29","2022","2022","1","$1,035,000","$1,035,000","0.50%","","","","$1,035,000","$1,035,000"
"David Moore","WR","CHI                  CHI","26","2022","2022","1","$1,035,000","$1,035,000","0.50%","","","","$530,000","$530,000"
"Marcus Johnson","WR","SF                  SF","27","2022","2022","1","$1,035,000","$1,035,000","0.50%","","$250,000","$250,000","$1,035,000","$1,035,000"
"Brandon Powell","WR","LAR                  LAR","25","2022","2022","1","$1,035,000","$1,035,000","0.50%","","","","$1,035,000","$1,035,000"
"Isaiah Hodgins","WR","NYG                  NYG","25","2024","2024","1","$1,035,000","$1,035,000","0.41%","$25,000","$325,000","$325,000","$1,035,000","$1,035,000"
"Justin Watson","WR","KC                  KC","26","2022","2022","1","$1,035,000","$1,035,000","0.50%","","","","$1,035,000","$1,035,000"
"Jordan Matthews","WR","SF                  SF","29","2022","2022","1","$1,035,000","$1,035,000","0.50%","","","","$530,000","$530,000"
"Anthony Miller","WR","PIT                  PIT","27","2022","2023","1","$1,035,000","$1,035,000","0.50%","","","","$1,610,000","$1,610,000"
"Kevin White","WR","NO                  NO","28","2022","2022","1","$1,035,000","$1,035,000","0.50%","","","","$575,000","$575,000"
"Cody Core","WR","MIA                  MIA","27","2022","2022","1","$1,035,000","$1,035,000","0.50%","","","","$1,035,000","$1,035,000"
"Jalen Virgil","WR","BUF                  BUF","26","2025","2025","1","$1,034,500","$1,034,500","0.37%","$4,500","$4,500","$4,500","$544,500","$544,500"
"Cody White","WR","SEA                  SEA","26","2025","2025","1","$1,030,000","$1,030,000","0.37%","","","","$515,000","$515,000"
"Irvin Charles","WR","NYJ                  NYJ","27","2025","2026","1","$1,030,000","$1,030,000","0.37%","","","","$2,184,765","$2,184,765"
"Bo Melton","WR","GB                  GB","25","2025","2025","1","$1,030,000","$1,030,000","0.37%","","","","$1,038,820","$1,038,820"
"Kyle Philips","WR","LV                  LV","25","2025","2025","1","$1,030,000","$1,030,000","0.37%","","","","$1,030,000","$1,030,000"
"Montrell Washington","WR","NYG                  NYG","25","2025","2025","1","$1,030,000","$1,030,000","0.37%","","","","$1,030,000","$1,030,000"
"Maurice Alexander","WR","CHI                  CHI","28","2025","2025","1","$1,030,000","$1,030,000","0.37%","","","","$1,030,000","$1,030,000"
"Alex Bachman","WR","LV                  LV","28","2025","2025","1","$1,030,000","$1,030,000","0.37%","","","","$801,108","$801,108"
"Dez Fitzpatrick","WR","LAC                  LAC","27","2025","2025","1","$1,030,000","$1,030,000","0.37%","","","","$540,000","$540,000"
"A.T. Perry","WR","DEN                  DEN","25","2025","2025","1","$1,030,000","$1,030,000","0.37%","","","","$1,030,000","$1,030,000"
"Demetric Felton","WR","WAS                  WAS","26","2025","2025","1","$1,030,000","$1,030,000","0.37%","","","","$1,030,000","$1,030,000"
"Kendric Pryor","WR","CIN                  CIN","27","2025","2025","1","$1,030,000","$1,030,000","0.37%","","","","$1,030,000","$1,030,000"
"Austin Trammell","WR","JAX                  JAX","26","2025","2025","1","$1,030,000","$1,030,000","0.37%","","","","$572,220","$572,220"
"DJ Montgomery","WR","IND                  IND","28","2025","2025","1","$1,030,000","$1,030,000","0.37%","","","","$548,820","$548,820"
"Dax Milne","WR","CAR                  CAR","25","2025","2025","1","$1,030,000","$1,030,000","0.37%","","","","$1,030,000","$1,030,000"
"C.J. Board","WR","NYG                  NYG","27","2021","2021","1","$1,020,000","$1,020,000","0.56%","$50,000","$50,000","$50,000","$531,111","$531,111"
"Marvin Hall","WR","NE                  NE","27","2021","2021","1","$1,015,000","$1,015,000","0.56%","$25,000","$25,000","$25,000","$1,015,000","$1,015,000"
"Mike Thomas","WR","CIN                  CIN","26","2021","2021","1","$1,015,000","$1,015,000","0.56%","","","","$1,015,000","$1,015,000"
"Collin Johnson","WR","CHI                  CHI","26","2023","2023","1","$1,010,000","$1,010,000","0.45%","","","","$56,111","$56,111"
"Keith Kirkwood","WR","NO                  NO","28","2023","2023","1","$1,010,000","$1,010,000","0.45%","","","","$448,888","$448,888"
"James Proche","WR","CLE                  CLE","27","2023","2023","1","$1,010,000","$1,010,000","0.45%","","","","$505,000","$505,000"
"Gunner Olszewski","WR","NYG                  NYG","26","2023","2023","1","$1,010,000","$1,010,000","0.45%","","","","$600,000","$600,000"
"Jalen Reagor","WR","NE                  NE","24","2023","2023","1","$1,010,000","$1,010,000","0.45%","","","","$617,222","$617,222"
"Freddie Swain","WR","PHI                  PHI","25","2023","2023","1","$1,010,000","$1,010,000","0.45%","","","","$1,010,000","$1,010,000"
"Jason Moore","WR","DET                  DET","28","2023","2023","1","$1,010,000","$1,010,000","0.45%","","","","$1,010,000","$1,010,000"
"Davion Davis","WR","ARI                  ARI","26","2023","2023","1","$1,010,000","$1,010,000","0.45%","","","","$1,010,000","$1,010,000"
"Tyler Johnson","WR","LAR                  LAR","24","2023","2023","1","$1,010,000","$1,010,000","0.45%","","","","$1,010,000","$1,010,000"
"J.J. Arcega-Whiteside","WR","ATL                  ATL","26","2023","2023","1","$1,010,000","$1,010,000","0.45%","","","","$1,010,000","$1,010,000"
"Juwann Winfree","WR","IND                  IND","26","2023","2024","1","$1,010,000","$1,010,000","0.45%","","","","$626,111","$626,111"
"Penny Hart","WR","ATL                  ATL","26","2023","2023","1","$1,010,000","$1,010,000","0.45%","","","","$525,000","$525,000"
"Bryan Edwards","WR","NO                  NO","24","2023","2023","1","$1,010,000","$1,010,000","0.45%","","","","$1,010,000","$1,010,000"
"Keith Kirkwood","WR","NO                  NO","28","2023","2023","1","$1,010,000","$1,010,000","0.45%","","","","$1,010,000","$1,010,000"
"Greg Ward","WR","PHI                  PHI","27","2023","2023","1","$1,010,000","$1,010,000","0.45%","","","","$1,010,000","$1,010,000"
"Tyrie Cleveland","WR","PHI                  PHI","25","2023","2023","1","$1,010,000","$1,010,000","0.45%","","","","$525,000","$525,000"
"Diontae Spencer","WR","NYJ                  NYJ","30","2023","2023","1","$1,010,000","$1,010,000","0.45%","","","","$525,000","$525,000"
"Tyler Johnson","WR","LAR                  LAR","24","2023","2023","1","$1,010,000","$1,010,000","0.45%","","","","$56,111","$56,111"
"Dezmon Patmon","WR","BUF                  BUF","24","2023","2023","1","$1,010,000","$1,010,000","0.45%","","","","$1,020,000","$1,020,000"
"Daurice Fountain","WR","CHI                  CHI","27","2023","2023","1","$1,010,000","$1,010,000","0.45%","","","","$1,010,000","$1,010,000"
"Vyncint Smith","WR","IND                  IND","26","2023","2023","1","$1,010,000","$1,010,000","0.45%","","","","$1,010,000","$1,010,000"
"Nsimba Webster","WR","CHI                  CHI","26","2023","2023","1","$1,010,000","$1,010,000","0.45%","","","","$1,010,000","$1,010,000"
"Javon Wims","WR","CAR                  CAR","28","2023","2023","1","$1,010,000","$1,010,000","0.45%","","","","$1,010,000","$1,010,000"
"Bryce Tremayne","WR","CAR                  CAR","26","2026","2026","1","$1,005,000","$1,005,000","0.33%","","","","$1,005,000","$1,005,000"
"Zavier Scott","WR","MIN                  MIN","26","2026","2026","1","$1,005,000","$1,005,000","0.33%","","","","$1,005,000","$1,005,000"
"Jared Wayne","WR","HOU                  HOU","25","2026","2026","1","$1,005,000","$1,005,000","0.33%","","","","$1,005,000","$1,005,000"
"Dalevon Campbell","WR","LAC                  LAC","24","2026","2026","1","$1,005,000","$1,005,000","0.33%","","","","$1,005,000","$1,005,000"
"Ainias Smith","WR","CAR                  CAR","24","2026","2026","1","$1,005,000","$1,005,000","0.33%","","","","$1,005,000","$1,005,000"
"Elijah Cooks","WR","NO                  NO","27","2026","2026","1","$1,005,000","$1,005,000","0.33%","","","","$1,005,000","$1,005,000"
"Brenden Rice","WR","LV                  LV","23","2026","2026","1","$1,005,000","$1,005,000","0.33%","","","","$1,005,000","$1,005,000"
"Malik Cunningham","WR","DET                  DET","27","2026","2026","1","$1,005,000","$1,005,000","0.33%","","","","$1,005,000","$1,005,000"
"Greg Ward","WR","PHI                  PHI","26","2022","2022","1","$1,000,000","$1,000,000","0.48%","","","","$540,000","$540,000"
"Khadarel Hodge","WR","CLE                  CLE","25","2021","2021","1","$1,000,000","$1,000,000","0.55%","$80,000","$80,000","$80,000","$1,000,000","$1,000,000"
"Vyncint Smith","WR","NYJ                  NYJ","24","2021","2021","1","$1,000,000","$1,000,000","0.55%","","$70,000","$70,000","$955,000","$955,000"
"Ray-Ray McCloud","WR","PIT                  PIT","24","2021","2021","1","$1,000,000","$1,000,000","0.55%","","","","$1,000,000","$1,000,000"
"Jojo Natson","WR","CLE                  CLE","25","2020","2020","1","$1,000,000","$1,000,000","0.50%","","","","$975,668","$975,668"
"C.J. Board","WR","NYG                  NYG","28","2022","2022","1","$990,000","$990,000","0.48%","","","","$990,000","$990,000"
"Marvin Hall","WR","ATL                  ATL","27","2021","2021","1","$990,000","$990,000","0.54%","","","","$165,000","$165,000"
"Breshad Perriman","WR","TB                  TB","27","2021","2021","1","$990,000","$990,000","0.54%","","","","$330,000","$330,000"
"Willie Snead","WR","CAR                  CAR","28","2021","2021","1","$990,000","$990,000","0.54%","","","","$220,000","$220,000"
"David Moore","WR","GB                  GB","25","2021","2021","1","$990,000","$990,000","0.54%","","","","$110,000","$110,000"
"Alex Erickson","WR","CAR                  CAR","28","2021","2021","1","$990,000","$990,000","0.54%","","","","$935,000","$935,000"
"Darius Jennings","WR","DET                  DET","28","2021","2021","1","$990,000","$990,000","0.54%","","","","$990,000","$990,000"
"Jordan Matthews","WR","SF                  SF","28","2021","2021","1","$990,000","$990,000","0.54%","","","","$605,000","$605,000"
"Tommylee Lewis","WR","MIA                  MIA","28","2021","2021","1","$990,000","$990,000","0.54%","","","","$165,000","$165,000"
"Justin Hardy","WR","ATL                  ATL","29","2021","2021","1","$990,000","$990,000","0.54%","","","","$990,000","$990,000"
"Laquon Treadwell","WR","JAX                  JAX","25","2021","2021","1","$990,000","$990,000","0.54%","","","","$605,000","$605,000"
"Pharoh Cooper","WR","NYG                  NYG","25","2021","2021","1","$990,000","$990,000","0.54%","","","","$110,000","$110,000"
"Bennie Fowler","WR","SF                  SF","29","2021","2021","1","$990,000","$990,000","0.54%","","","","$990,000","$990,000"
"Tajae Sharpe","WR","ATL                  ATL","26","2021","2021","1","$990,000","$990,000","0.54%","","","","$990,000","$990,000"
"Jojo Natson","WR","CLE                  CLE","26","2021","2021","1","$990,000","$990,000","0.54%","","","","$275,000","$275,000"
"Trevor Davis","WR","ATL                  ATL","27","2021","2021","1","$990,000","$990,000","0.54%","","","","$990,000","$990,000"
"Chester Rogers","WR","TEN                  TEN","26","2021","2021","1","$990,000","$990,000","0.54%","","","","$990,000","$990,000"
"Kevin White","WR","NO                  NO","27","2021","2021","1","$990,000","$990,000","0.54%","","","","$275,000","$275,000"
"Devin Smith","WR","JAX                  JAX","28","2021","2021","1","$990,000","$990,000","0.54%","","","","$990,000","$990,000"
"Deven Thompkins","WR","CAR                  CAR","24","2024","2024","1","$985,000","$985,000","0.39%","","","","$449,787","$449,787"
"Montrell Washington","WR","KC                  KC","24","2024","2024","1","$985,000","$985,000","0.39%","","","","$985,000","$985,000"
"Dez Fitzpatrick","WR","PIT                  PIT","26","2024","2024","1","$985,000","$985,000","0.39%","","","","$985,000","$985,000"
"Shi Smith","WR","KC                  KC","25","2024","2024","1","$985,000","$985,000","0.39%","","","","$985,000","$985,000"
"Anthony Schwartz","WR","MIA                  MIA","23","2024","2024","1","$985,000","$985,000","0.39%","","","","$520,000","$520,000"
"Jaelon Darden","WR","CLE                  CLE","25","2024","2024","1","$985,000","$985,000","0.39%","","","","$273,610","$273,610"
"Trishton Jackson","WR","MIN                  MIN","25","2024","2024","1","$985,000","$985,000","0.39%","","","","$985,000","$985,000"
"Davion Davis","WR","WAS                  WAS","27","2024","2024","1","$985,000","$985,000","0.39%","","","","$985,000","$985,000"
"Kristian Wilkerson","WR","LV                  LV","27","2024","2024","1","$985,000","$985,000","0.39%","","","","$985,000","$985,000"
"Jalen Camp","WR","CLE                  CLE","25","2024","2024","1","$985,000","$985,000","0.39%","","","","$985,000","$985,000"
"Andre Baccellia","WR","ARI                  ARI","27","2024","2024","1","$985,000","$985,000","0.39%","","","","$985,000","$985,000"
"Britain Covey","WR","PHI                  PHI","26","2024","2024","1","$985,000","$985,000","0.39%","","","","$1,360,828","$2,345,828"
"Velus Jones","WR","CAR                  CAR","27","2024","2024","1","$985,000","$985,000","0.39%","","","","$229,425","$229,425"
"Jalen Virgil","WR","BUF                  BUF","26","2024","2024","1","$985,000","$985,000","0.39%","","","","$492,500","$492,500"
"Dax Milne","WR","LV                  LV","25","2024","2024","1","$985,000","$985,000","0.39%","","","","$985,000","$985,000"
"Demetric Felton","WR","CHI                  CHI","26","2024","2024","1","$985,000","$985,000","0.39%","","","","$985,000","$985,000"
"Frank Darby","WR","SF                  SF","26","2024","2024","1","$985,000","$985,000","0.39%","","","","$520,000","$520,000"
"Austin Trammell","WR","JAX                  JAX","25","2024","2024","1","$985,000","$985,000","0.39%","","","","$985,000","$985,000"
"Cody Thompson","WR","TB                  TB","28","2024","2024","1","$985,000","$985,000","0.39%","","","","$985,000","$985,000"
"Deandre Carter","WR","WAS                  WAS","27","2021","2021","1","$970,000","$970,000","0.53%","$50,000","$200,000","$200,000","$970,000","$970,000"
"Jared Wayne","WR","HOU                  HOU","24","2025","2025","1","$970,000","$970,000","0.35%","$5,000","$5,000","$5,000","$970,000","$970,000"
"Preston Williams","WR","CAR                  CAR","25","2022","2023","1","$965,000","$965,000","0.46%","","","","$1,063,611","$1,063,611"
"C.J. Board","WR","TEN                  TEN","28","2022","2022","1","$965,000","$965,000","0.46%","","","","$428,888","$428,888"
"Marcus Kemp","WR","NYG                  NYG","26","2022","2022","1","$965,000","$965,000","0.46%","","","","$505,000","$505,000"
"John Hurst","WR","IND                  IND","25","2022","2022","1","$965,000","$965,000","0.46%","","","","$430,000","$430,000"
"Lil’jordan Humphrey","WR","NE                  NE","23","2022","2022","1","$965,000","$965,000","0.46%","","","","$911,387","$911,387"
"Cameron Batson","WR","ATL                  ATL","26","2022","2022","1","$965,000","$965,000","0.46%","","","","$965,000","$965,000"
"Christian Blake","WR","PIT                  PIT","25","2022","2022","1","$965,000","$965,000","0.46%","","","","$965,000","$965,000"
"Corey Coleman","WR","KC                  KC","27","2022","2022","1","$965,000","$965,000","0.46%","","","","$965,000","$965,000"
"Equanimeous St. Brown","WR","CHI                  CHI","25","2022","2022","2","$965,000","$482,500","0.23%","","","","$965,000","$965,000"
"Robert Foster","WR","NYG                  NYG","27","2022","2022","1","$965,000","$965,000","0.46%","","","","$505,000","$505,000"
"Jalen Guyton","WR","LAC                  LAC","24","2022","2022","1","$965,000","$965,000","0.46%","","","","$965,000","$965,000"
"Vyncint Smith","WR","TB                  TB","25","2022","2022","1","$965,000","$965,000","0.46%","","","","$965,000","$965,000"
"Josh Malone","WR","TEN                  TEN","25","2022","2022","1","$965,000","$965,000","0.46%","","","","$965,000","$965,000"
"River Cracraft","WR","MIA                  MIA","27","2022","2022","1","$965,000","$965,000","0.46%","","","","$804,165","$804,165"
"Daurice Fountain","WR","KC                  KC","26","2022","2022","1","$965,000","$965,000","0.46%","","","","$965,000","$965,000"
"Javon Wims","WR","CLE                  CLE","27","2022","2022","1","$965,000","$965,000","0.46%","","","","$965,000","$965,000"
"Robert Foster","WR","DAL                  DAL","27","2022","2022","1","$965,000","$965,000","0.46%","","","","$965,000","$965,000"
"Nsimba Webster","WR","CHI                  CHI","25","2022","2022","1","$965,000","$965,000","0.46%","","","","$965,000","$965,000"
"Keke Coutee","WR","IND                  IND","24","2022","2022","1","$965,000","$965,000","0.46%","","","","$696,943","$696,943"
"Isaiah McKenzie","WR","BUF                  BUF","24","2020","2020","1","$962,500","$962,500","0.49%","$137,500","$275,000","$275,000","$1,131,010","$1,131,010"
"Jamari Thrash","WR","CLE                  CLE","24","2025","2025","1","$960,000","$960,000","0.34%","","","","$160,000","$160,000"
"Malachi Corley","WR","CLE                  CLE","23","2025","2025","1","$960,000","$960,000","0.34%","","","","$746,666","$746,666"
"Cornell Powell","WR","HOU                  HOU","27","2025","2025","1","$960,000","$960,000","0.34%","","","","$960,000","$960,000"
"Braylon Sanders","WR","WAS                  WAS","26","2025","2025","1","$960,000","$960,000","0.34%","","","","$960,000","$960,000"
"Deon Cain","WR","BUF                  BUF","28","2025","2025","1","$960,000","$960,000","0.34%","","","","$960,000","$960,000"
"Danny Gray","WR","PHI                  PHI","25","2025","2025","1","$960,000","$960,000","0.34%","","","","$515,000","$515,000"
"Elijah Cooks","WR","PHI                  PHI","26","2025","2025","1","$960,000","$960,000","0.34%","","","","$967,560","$967,560"
"Justyn Ross","WR","KC                  KC","25","2025","2025","1","$960,000","$960,000","0.34%","","","","$960,000","$960,000"
"Jason Brownlee","WR","KC                  KC","26","2025","2025","1","$960,000","$960,000","0.34%","","","","$969,135","$969,135"
"Mitchell Tinsley","WR","CIN                  CIN","25","2025","2025","1","$960,000","$960,000","0.34%","","","","$968,505","$968,505"
"Dontavian Jackson","WR","MIN                  MIN","27","2025","2025","1","$960,000","$960,000","0.34%","","","","$960,000","$960,000"
"Michael Bandy","WR","DEN                  DEN","27","2025","2025","1","$960,000","$960,000","0.34%","","","","$479,997","$479,997"
"Lance McCutcheon","WR","PIT                  PIT","25","2025","2025","1","$960,000","$960,000","0.34%","","","","$960,000","$960,000"
"Easop Winston","WR","NYJ                  NYJ","28","2025","2025","1","$960,000","$960,000","0.34%","","","","$960,000","$960,000"
"Kelvin Harmon","WR","DAL                  DAL","28","2025","2025","1","$960,000","$960,000","0.34%","","","","$960,000","$960,000"
"Keesean Johnson","WR","BUF                  BUF","26","2023","2023","1","$946,500","$946,500","0.42%","","","","$946,500","$946,500"
"Dan Chisena","WR","ARI                  ARI","26","2023","2023","1","$940,000","$940,000","0.42%","","","","$313,332","$313,332"
"Simi Fehoko","WR","LAC                  LAC","25","2023","2023","1","$940,000","$940,000","0.42%","","","","$783,333","$783,333"
"Amari Rodgers","WR","IND                  IND","23","2023","2023","1","$940,000","$940,000","0.42%","","","","$731,108","$731,108"
"Trey Quinn","WR","DET                  DET","27","2023","2023","1","$940,000","$940,000","0.42%","","","","$500,000","$500,000"
"Darrius Shepherd","WR","LAC                  LAC","27","2023","2023","1","$940,000","$940,000","0.42%","","","","$500,000","$500,000"
"Marcell Ateman","WR","BUF                  BUF","28","2023","2023","1","$940,000","$940,000","0.42%","","","","$940,000","$940,000"
"Jacob Harris","WR","JAX                  JAX","26","2023","2023","1","$940,000","$940,000","0.42%","","","","$940,000","$940,000"
"Jauan Jennings","WR","SF                  SF","25","2023","2023","1","$940,000","$940,000","0.42%","","","","$940,000","$940,000"
"Ihmir Smith-Marsette","WR","KC                  KC","23","2023","2023","1","$940,000","$940,000","0.42%","","","","$940,000","$940,000"
"Dan Chisena","WR","PIT                  PIT","25","2023","2023","1","$940,000","$940,000","0.42%","","","","$940,000","$940,000"
"Keelan Doss","WR","LAC                  LAC","26","2023","2023","1","$940,000","$940,000","0.42%","","","","$104,444","$104,444"
"J'Marcus Bradley","WR","PIT                  PIT","26","2023","2023","1","$940,000","$940,000","0.42%","","","","$500,000","$500,000"
"Tom Kennedy","WR","DET                  DET","26","2023","2023","1","$940,000","$940,000","0.42%","","","","$500,000","$500,000"
"Victor Bolden","WR","DEN                  DEN","27","2023","2023","1","$940,000","$940,000","0.42%","","","","$940,000","$940,000"
"Darius Jennings","WR","LAC                  LAC","27","2020","2020","1","$935,000","$935,000","0.47%","","","","$935,000","$935,000"
"De'Anthony Thomas","WR","BAL                  BAL","26","2020","2021","1","$935,000","$935,000","0.47%","$25,000","$25,000","$25,000","$1,315,000","$1,315,000"
"Marcus Johnson","WR","IND                  IND","25","2020","2020","1","$925,000","$925,000","0.47%","","$100,000","$100,000","$630,882","$630,882"
"Vyncint Smith","WR","NYJ                  NYJ","24","2021","2021","1","$920,000","$920,000","0.50%","","","","$204,444","$204,444"
"Anthony Miller","WR","PIT                  PIT","26","2021","2021","1","$920,000","$920,000","0.50%","","","","$357,777","$357,777"
"Jaydon Mickens","WR","JAX                  JAX","26","2021","2021","1","$920,000","$920,000","0.50%","","","","$357,777","$357,777"
"Keke Coutee","WR","IND                  IND","23","2021","2021","1","$920,000","$920,000","0.50%","","","","$153,333","$153,333"
"Dante Pettis","WR","NYG                  NYG","25","2021","2021","1","$920,000","$920,000","0.50%","","","","$374,444","$374,444"
"Isaiah Ford","WR","MIA                  MIA","24","2021","2021","1","$920,000","$920,000","0.50%","","","","$613,332","$613,332"
"Jaydon Mickens","WR","TB                  TB","26","2021","2021","1","$920,000","$920,000","0.50%","","","","$868,888","$868,888"
"Andy Jones","WR","NYG                  NYG","26","2021","2021","1","$920,000","$920,000","0.50%","","","","$920,000","$920,000"
"Trent Taylor","WR","CIN                  CIN","26","2021","2021","1","$920,000","$920,000","0.50%","","","","$51,111","$51,111"
"Brandon Powell","WR","LAR                  LAR","24","2021","2021","1","$920,000","$920,000","0.50%","","","","$51,111","$51,111"
"Damion Ratley","WR","DET                  DET","25","2021","2021","1","$920,000","$920,000","0.50%","","","","$920,000","$920,000"
"Trent Sherfield","WR","SF                  SF","24","2021","2021","1","$920,000","$920,000","0.50%","","$200,000","$200,000","$920,000","$920,000"
"Chad Beebe","WR","MIN                  MIN","26","2021","2021","1","$920,000","$920,000","0.50%","","","","$920,000","$920,000"
"Brandon Zylstra","WR","CAR                  CAR","27","2021","2021","1","$920,000","$920,000","0.50%","","","","$920,000","$920,000"
"Jake Kumerow","WR","BUF                  BUF","28","2021","2021","1","$920,000","$920,000","0.50%","","","","$920,000","$920,000"
"Ryan Switzer","WR","CLE                  CLE","26","2021","2021","1","$920,000","$920,000","0.50%","","","","$490,000","$490,000"
"Chad Williams","WR","KC                  KC","26","2021","2021","1","$920,000","$920,000","0.50%","","","","$490,000","$490,000"
"Antonio Callaway","WR","KC                  KC","23","2021","2021","1","$920,000","$920,000","0.50%","","","","$490,000","$490,000"
"Josh Malone","WR","NYJ                  NYJ","24","2021","2021","1","$920,000","$920,000","0.50%","","","","$920,000","$920,000"
"Jaydon Mickens","WR","TB                  TB","25","2020","2020","1","$920,000","$920,000","0.46%","","","","$968,529","$968,529"
"Deon Cain","WR","BUF                  BUF","28","2024","2024","1","$915,000","$915,000","0.36%","","","","$915,000","$915,000"
"Kelvin Harmon","WR","DAL                  DAL","27","2024","2024","1","$915,000","$915,000","0.36%","","","","$915,000","$915,000"
"Deontay Burnett","WR","DAL                  DAL","26","2024","2024","1","$915,000","$915,000","0.36%","","","","$915,000","$915,000"
"Hakeem Butler","WR","CIN                  CIN","28","2024","2024","1","$915,000","$915,000","0.36%","","","","$915,000","$915,000"
"Cornell Powell","WR","KC                  KC","26","2024","2024","1","$915,000","$915,000","0.36%","","","","$915,000","$915,000"
"Maurice Alexander","WR","DET                  DET","27","2024","2024","1","$915,000","$915,000","0.36%","","","","$254,165","$254,165"
"Raleigh Webb","WR","TB                  TB","26","2024","2024","1","$915,000","$915,000","0.36%","","","","$915,000","$915,000"
"Alex Bachman","WR","LV                  LV","27","2024","2024","1","$915,000","$915,000","0.36%","","","","$609,996","$609,996"
"Cody White","WR","SEA                  SEA","25","2024","2024","1","$915,000","$915,000","0.36%","","","","$406,664","$406,664"
"Ethan Fernea","WR","IND                  IND","25","2024","2024","1","$915,000","$915,000","0.36%","","","","$495,000","$495,000"
"Kendric Pryor","WR","CIN                  CIN","26","2024","2024","1","$915,000","$915,000","0.36%","","","","$915,000","$915,000"
"Shedrick Jackson","WR","CIN                  CIN","24","2024","2024","1","$915,000","$915,000","0.36%","","","","$915,000","$915,000"
"Bo Melton","WR","GB                  GB","23","2022","2024","1","$915,000","$915,000","0.44%","","","","$956,667","$956,667"
"Donte Moncrief","WR","NE                  NE","26","2020","2020","1","$910,000","$910,000","0.46%","","","","$324,995","$324,995"
"Tommylee Lewis","WR","NO                  NO","27","2020","2020","1","$910,000","$910,000","0.46%","","","","$160,588","$160,588"
"Bennie Fowler","WR","NO                  NO","28","2020","2020","1","$910,000","$910,000","0.46%","","","","$467,647","$467,647"
"J.J. Nelson","WR","SF                  SF","27","2020","2020","1","$910,000","$910,000","0.46%","","","","$910,000","$910,000"
"Chester Rogers","WR","MIA                  MIA","25","2020","2020","1","$910,000","$910,000","0.46%","","","","$910,000","$910,000"
"Rashard Higgins","WR","CLE                  CLE","25","2020","2020","1","$910,000","$910,000","0.46%","","","","$1,235,027","$1,235,027"
"Laquon Treadwell","WR","ATL                  ATL","24","2020","2020","1","$910,000","$910,000","0.46%","","","","$319,903","$319,903"
"Freddie Swain","WR","DEN                  DEN","24","2022","2023","1","$895,000","$895,000","0.43%","","","","$723,888","$723,888"
"Tyron Johnson","WR","HOU                  HOU","26","2022","2022","1","$895,000","$895,000","0.43%","","","","$546,944","$546,944"
"Marcell Ateman","WR","ARI                  ARI","27","2022","2022","1","$895,000","$895,000","0.43%","","","","$895,000","$895,000"
"Darrius Shepherd","WR","DEN                  DEN","26","2022","2022","1","$895,000","$895,000","0.43%","","","","$895,000","$895,000"
"Keith Kirkwood","WR","NO                  NO","27","2022","2022","1","$895,000","$895,000","0.43%","","","","$49,722","$49,722"
"Trey Quinn","WR","DEN                  DEN","26","2022","2022","1","$895,000","$895,000","0.43%","","","","$895,000","$895,000"
"Nick Westbrook","WR","TEN                  TEN","24","2022","2022","1","$895,000","$895,000","0.43%","","","","$895,000","$895,000"
"J'Marcus Bradley","WR","CLE                  CLE","25","2022","2022","1","$895,000","$895,000","0.43%","","","","$895,000","$895,000"
"Davion Davis","WR","HOU                  HOU","25","2022","2022","1","$895,000","$895,000","0.43%","","","","$480,000","$480,000"
"Gehrig Dieter","WR","KC                  KC","28","2022","2022","1","$895,000","$895,000","0.43%","","","","$895,000","$895,000"
"Keesean Johnson","WR","ATL                  ATL","25","2022","2022","1","$895,000","$895,000","0.43%","","","","$895,000","$895,000"
"Rico Gafford","WR","GB                  GB","25","2022","2022","1","$895,000","$895,000","0.43%","","","","$895,000","$895,000"
"Cody Hollister","WR","TEN                  TEN","28","2022","2022","1","$895,000","$895,000","0.43%","","","","$779,722","$779,722"
"Steven Sims Jr.","WR","PIT                  PIT","24","2022","2022","1","$895,000","$895,000","0.43%","","","","$895,000","$895,000"
"Jason Moore","WR","LAC                  LAC","26","2022","2022","1","$895,000","$895,000","0.43%","","","","$745,830","$745,830"
"Antonio Gandy-Golden","WR","WAS                  WAS","23","2022","2022","1","$895,000","$895,000","0.43%","","","","$895,000","$895,000"
"Travis Fulgham","WR","DEN                  DEN","26","2022","2022","1","$895,000","$895,000","0.43%","","","","$895,000","$895,000"
"Dayton Wade","WR","BAL                  BAL","25","2026","2026","1","$885,000","$885,000","0.29%","","","","$885,000","$885,000"
"John Jiles","WR","NE                  NE","25","2026","2026","1","$885,000","$885,000","0.29%","","","","$885,000","$885,000"
"Jeremiah Webb","WR","NE                  NE","24","2026","2026","1","$885,000","$885,000","0.29%","","","","$885,000","$885,000"
"Tyrone Broden","WR","SEA                  SEA","24","2026","2026","1","$885,000","$885,000","0.29%","","","","$885,000","$885,000"
"Montorie Foster","WR","SEA                  SEA","24","2026","2026","1","$885,000","$885,000","0.29%","","","","$885,000","$885,000"
"Ricky White III","WR","SEA                  SEA","24","2026","2026","1","$885,000","$885,000","0.29%","","","","$885,000","$885,000"
"Courtney Jackson","WR","NYG                  NYG","24","2026","2026","1","$885,000","$885,000","0.29%","","","","$885,000","$885,000"
"Qadir Ismail","WR","CHI                  CHI","","2026","2026","1","$885,000","$885,000","0.29%","","","","$885,000","$885,000"
"Junior Bergen","WR","SF                  SF","","2026","2026","1","$885,000","$885,000","0.29%","","","","$885,000","$885,000"
"Josh Kelly","WR","HOU                  HOU","24","2026","2026","1","$885,000","$885,000","0.29%","","","","$885,000","$885,000"
"John Richardson","WR","CHI                  CHI","23","2026","2026","1","$885,000","$885,000","0.29%","","","","$885,000","$885,000"
"Brandon Smith","WR","PIT                  PIT","27","2026","2026","1","$885,000","$885,000","0.29%","","","","$885,000","$885,000"
"John Rhys Plumlee","WR","PIT                  PIT","25","2026","2026","1","$885,000","$885,000","0.29%","","","","$885,000","$885,000"
"Cole Burgess","WR","PIT                  PIT","25","2026","2026","1","$885,000","$885,000","0.29%","","","","$885,000","$885,000"
"JaQuae Jackson","WR","LAC                  LAC","25","2026","2026","1","$885,000","$885,000","0.29%","","","","$885,000","$885,000"
"Luke Grimm","WR","LAC                  LAC","24","2026","2026","1","$885,000","$885,000","0.29%","","","","$885,000","$885,000"
"Isaiah Neyor","WR","GB                  GB","24","2026","2026","1","$885,000","$885,000","0.29%","","","","$885,000","$885,000"
"Mac Dalena","WR","NYJ                  NYJ","24","2026","2026","1","$885,000","$885,000","0.29%","","","","$885,000","$885,000"
"Chandler Brayboy","WR","JAX                  JAX","24","2026","2026","1","$885,000","$885,000","0.29%","","","","$885,000","$885,000"
"Will Sheppard","WR","GB                  GB","","2026","2026","1","$885,000","$885,000","0.29%","","","","$885,000","$885,000"
"Ja'Seem Reed","WR","CAR                  CAR","22","2026","2026","1","$885,000","$885,000","0.29%","","","","$885,000","$885,000"
"Isaiah Wooden","WR","CLE                  CLE","25","2026","2026","1","$885,000","$885,000","0.29%","","","","$885,000","$885,000"
"Nick Nash","WR","WAS                  WAS","25","2026","2026","1","$885,000","$885,000","0.29%","","","","$885,000","$885,000"
"Andrew Armstrong","WR","KC                  KC","25","2026","2026","1","$885,000","$885,000","0.29%","","","","$885,000","$885,000"
"Jacoby Jones","WR","WAS                  WAS","24","2026","2026","1","$885,000","$885,000","0.29%","","","","$885,000","$885,000"
"Ja’Corey Brooks","WR","WAS                  WAS","24","2026","2026","1","$885,000","$885,000","0.29%","","","","$885,000","$885,000"
"Jeshaun Jones","WR","MIN                  MIN","26","2026","2026","1","$885,000","$885,000","0.29%","","","","$885,000","$885,000"
"Dontae Fleming","WR","MIN                  MIN","24","2026","2026","1","$885,000","$885,000","0.29%","","","","$885,000","$885,000"
"Joaquin Davis","WR","MIN                  MIN","23","2026","2026","1","$885,000","$885,000","0.29%","","","","$885,000","$885,000"
"Jimmy Holiday","WR","KC                  KC","24","2026","2026","1","$885,000","$885,000","0.29%","","","","$885,000","$885,000"
"Eli Pancol","WR","IND                  IND","25","2026","2026","1","$885,000","$885,000","0.29%","","","","$885,000","$885,000"
"Coleman Owen","WR","IND                  IND","24","2026","2026","1","$885,000","$885,000","0.29%","","","","$885,000","$885,000"
"Jackson Meeks","WR","DET                  DET","22","2026","2026","1","$885,000","$885,000","0.29%","","","","$885,000","$885,000"
"Luke Floriea","WR","CLE                  CLE","24","2026","2026","1","$885,000","$885,000","0.29%","","","","$885,000","$885,000"
"Jordan Moore","WR","CIN                  CIN","23","2026","2026","1","$885,000","$885,000","0.29%","","","","$885,000","$885,000"
"Xavier Johnson","WR","CIN                  CIN","26","2026","2026","1","$885,000","$885,000","0.29%","","","","$885,000","$885,000"
"Cornelius Johnson","WR","BAL                  BAL","25","2026","2026","1","$885,000","$885,000","0.29%","","","","$885,000","$885,000"
"Bryson Green","WR","ARI                  ARI","23","2026","2026","1","$885,000","$885,000","0.29%","","","","$885,000","$885,000"
"Austin Trammell","WR","LAR                  LAR","25","2023","2023","1","$870,000","$870,000","0.39%","","","","$676,666","$676,666"
"J.J. Koski","WR","DEN                  DEN","26","2023","2023","1","$870,000","$870,000","0.39%","","","","$870,000","$870,000"
"Michael Bandy","WR","DEN                  DEN","25","2023","2024","1","$870,000","$870,000","0.39%","","","","$1,011,666","$1,011,666"
"Deon Cain","WR","PHI                  PHI","26","2023","2023","1","$870,000","$870,000","0.39%","","","","$870,000","$870,000"
"Jalen Hurd","WR","NE                  NE","27","2023","2023","1","$870,000","$870,000","0.39%","","","","$870,000","$870,000"
"Hakeem Butler","WR","PIT                  PIT","27","2023","2023","1","$870,000","$870,000","0.39%","","","","$475,000","$475,000"
"Gary Jennings","WR","CAR                  CAR","26","2023","2023","1","$870,000","$870,000","0.39%","","","","$870,000","$870,000"
"Cody Thompson","WR","SEA                  SEA","27","2023","2023","1","$870,000","$870,000","0.39%","","","","$579,996","$579,996"
"Kristian Wilkerson","WR","LV                  LV","26","2023","2023","1","$870,000","$870,000","0.39%","","","","$870,000","$870,000"
"Isaiah Hodgins","WR","NYG                  NYG","24","2023","2023","1","$870,000","$870,000","0.39%","","","","$870,000","$870,000"
"Cornell Powell","WR","KC                  KC","25","2023","2023","1","$870,000","$870,000","0.39%","","","","$870,000","$870,000"
"Dazz Newsome","WR","SF                  SF","23","2023","2023","1","$870,000","$870,000","0.39%","","","","$870,000","$870,000"
"Joe Reed","WR","CHI                  CHI","25","2023","2023","1","$870,000","$870,000","0.39%","","","","$475,000","$475,000"
"Easop Winston","WR","SEA                  SEA","26","2023","2023","1","$870,000","$870,000","0.39%","","","","$870,000","$870,000"
"Cade Johnson","WR","SEA                  SEA","24","2023","2023","1","$870,000","$870,000","0.39%","","","","$870,000","$870,000"
"Dez Fitzpatrick","WR","PIT                  PIT","25","2023","2023","1","$870,000","$870,000","0.39%","","","","$821,661","$821,661"
"Isaiah Zuber","WR","LV                  LV","25","2023","2023","1","$870,000","$870,000","0.39%","","","","$475,000","$475,000"
"Chris Lacy","WR","LV                  LV","26","2023","2023","1","$870,000","$870,000","0.39%","","","","$475,000","$475,000"
"Maurice Alexander","WR","DET                  DET","25","2023","2023","1","$870,000","$870,000","0.39%","","","","$870,000","$870,000"
"Marquez Stevenson","WR","CAR                  CAR","24","2023","2023","1","$870,000","$870,000","0.39%","","","","$475,000","$475,000"
"Taquan Mizzell","WR","NYG                  NYG","27","2021","2021","1","$853,500","$853,500","0.47%","","","","$853,500","$853,500"
"Nsimba Webster","WR","CHI                  CHI","24","2021","2021","1","$850,000","$850,000","0.47%","","","","$141,666","$141,666"
"Equanimeous St. Brown","WR","GB                  GB","24","2021","2021","1","$850,000","$850,000","0.47%","","","","$613,886","$613,886"
"Steven Sims Jr.","WR","PIT                  PIT","23","2021","2021","1","$850,000","$850,000","0.47%","","","","$424,998","$424,998"
"Chad Hansen","WR","DET                  DET","25","2021","2021","1","$850,000","$850,000","0.47%","","","","$850,000","$850,000"
"Christian Blake","WR","ATL                  ATL","24","2021","2021","1","$850,000","$850,000","0.47%","","","","$850,000","$850,000"
"Daurice Fountain","WR","KC                  KC","25","2021","2021","1","$850,000","$850,000","0.47%","","","","",""
"Marcus Kemp","WR","KC                  KC","25","2021","2021","1","$850,000","$850,000","0.47%","","","","$850,000","$850,000"
"Greg Ward","WR","PHI                  PHI","25","2021","2021","1","$850,000","$850,000","0.47%","","","","$850,000","$850,000"
"Gehrig Dieter","WR","KC                  KC","27","2021","2021","1","$850,000","$850,000","0.47%","","","","$850,000","$850,000"
"Marcell Ateman","WR","LV                  LV","26","2021","2021","1","$850,000","$850,000","0.47%","","","","$47,222","$47,222"
"Lil’jordan Humphrey","WR","NO                  NO","22","2021","2021","1","$850,000","$850,000","0.47%","","","","$850,000","$850,000"
"Trey Quinn","WR","LV                  LV","25","2021","2021","1","$850,000","$850,000","0.47%","","","","$465,000","$465,000"
"Rico Gafford","WR","DEN                  DEN","24","2021","2021","1","$850,000","$850,000","0.47%","","","","$94,444","$94,444"
"Victor Bolden","WR","DET                  DET","25","2021","2021","1","$850,000","$850,000","0.47%","","","","$850,000","$850,000"
"Deontay Burnett","WR","PHI                  PHI","22","2020","2020","1","$850,000","$850,000","0.43%","","","","$850,000","$850,000"
"Jason Moore","WR","LAC                  LAC","25","2021","2021","1","$850,000","$850,000","0.47%","","","","$141,666","$141,666"
"Amara Darboh","WR","DEN                  DEN","26","2021","2021","1","$850,000","$850,000","0.47%","","","","$850,000","$850,000"
"Mike Thomas","WR","CIN                  CIN","25","2020","2020","1","$850,000","$850,000","0.43%","","$25,000","$25,000","$1,002,749","$1,002,749"
"Jacoby Jones","WR","WAS                  WAS","24","2025","2025","1","$840,000","$840,000","0.30%","","","","$373,336","$373,336"
"Qadir Ismail","WR","LV                  LV","","2025","2025","1","$840,000","$840,000","0.30%","","","","$840,000","$840,000"
"Darius Lassiter","WR","JAX                  JAX","25","2025","2025","1","$840,000","$840,000","0.30%","","","","$840,000","$840,000"
"Grant DuBose","WR","BUF                  BUF","24","2025","2025","1","$840,000","$840,000","0.30%","","","","$490,000","$490,000"
"Kawaan Baker","WR","LV                  LV","26","2025","2025","1","$840,000","$840,000","0.30%","","","","$840,000","$840,000"
"Isaiah Neyor","WR","GB                  GB","24","2025","2025","1","$840,000","$840,000","0.30%","","","","$840,000","$840,000"
"Scotty Washington","WR","BAL                  BAL","28","2025","2025","1","$840,000","$840,000","0.30%","","","","$840,000","$840,000"
"Nate McCollum","WR","ARI                  ARI","23","2025","2025","1","$840,000","$840,000","0.30%","","","","$840,000","$840,000"
"Key'Shawn Smith","WR","KC                  KC","23","2025","2025","1","$840,000","$840,000","0.30%","","","","$840,000","$840,000"
"Chase Cota","WR","CLE                  CLE","25","2025","2025","1","$840,000","$840,000","0.30%","","","","$840,000","$840,000"
"Ife Adeyi","WR","PHI                  PHI","","2025","2025","1","$840,000","$840,000","0.30%","","","","$840,322","$840,322"
"Ja'Seem Reed","WR","CAR                  CAR","22","2025","2025","1","$840,000","$840,000","0.30%","","","","$840,000","$840,000"
"JaQuae Jackson","WR","LAC                  LAC","25","2025","2025","1","$840,000","$840,000","0.30%","","","","$840,000","$840,000"
"Winston Wright","WR","CLE                  CLE","","2025","2025","1","$840,000","$840,000","0.30%","","","","$840,000","$840,000"
"David White Jr","WR","BUF                  BUF","25","2025","2025","1","$840,000","$840,000","0.30%","","","","$840,000","$840,000"
"Hal Presley","WR","KC                  KC","23","2025","2025","1","$840,000","$840,000","0.30%","","","","$840,000","$840,000"
"Jaelen Gill","WR","CLE                  CLE","25","2025","2025","1","$840,000","$840,000","0.30%","","","","$840,000","$840,000"
"Malik Knowles","WR","SF                  SF","24","2025","2025","1","$840,000","$840,000","0.30%","","","","$840,000","$840,000"
"Jadon Janke","WR","GB                  GB","25","2025","2025","1","$840,000","$840,000","0.30%","","","","$840,000","$840,000"
"Kaden Davis","WR","CLE                  CLE","26","2025","2025","1","$840,000","$840,000","0.30%","","","","$373,336","$373,336"
"Tay Martin","WR","WAS                  WAS","27","2025","2025","1","$840,000","$840,000","0.30%","","","","$840,000","$840,000"
"Louis Rees-Zammit","WR","JAX                  JAX","24","2025","2025","1","$840,000","$840,000","0.30%","","","","$840,000","$840,000"
"Bryce Tremayne","WR","CAR                  CAR","25","2025","2025","1","$840,000","$840,000","0.30%","","","","$848,820","$848,820"
"Kazmeir Allen","WR","WAS                  WAS","24","2025","2025","1","$840,000","$840,000","0.30%","","","","$840,000","$840,000"
"Ajou Ajou","WR","IND                  IND","23","2025","2025","1","$840,000","$840,000","0.30%","","","","$840,000","$840,000"
"Kearis Jackson","WR","HOU                  HOU","25","2025","2025","1","$840,000","$840,000","0.30%","","","","$840,000","$840,000"
"Xavier Johnson","WR","HOU                  HOU","25","2025","2025","1","$840,000","$840,000","0.30%","","","","$490,000","$490,000"
"Johnny Johnson","WR","HOU                  HOU","25","2025","2025","1","$840,000","$840,000","0.30%","","","","$490,000","$490,000"
"Dayton Wade","WR","BAL                  BAL","24","2025","2025","1","$840,000","$840,000","0.30%","","","","$500,080","$500,080"
"Jeshaun Jones","WR","MIN                  MIN","25","2025","2025","1","$840,000","$840,000","0.30%","","","","$840,000","$840,000"
"Thayer Thomas","WR","MIN                  MIN","26","2025","2025","1","$840,000","$840,000","0.30%","","","","$840,000","$840,000"
"Zavier Scott","WR","MIN                  MIN","25","2025","2025","1","$840,000","$840,000","0.30%","","","","$848,820","$848,820"
"Tanner Knue","WR","TB                  TB","25","2025","2025","1","$840,000","$840,000","0.30%","","","","$840,000","$840,000"
"Dennis Houston","WR","TB                  TB","25","2025","2025","1","$840,000","$840,000","0.30%","","","","$840,000","$840,000"
"Lideatrick Griffin","WR","GB                  GB","23","2025","2025","1","$840,000","$840,000","0.30%","","","","$840,000","$840,000"
"Jaylen Johnson","WR","LAC                  LAC","24","2025","2025","1","$840,000","$840,000","0.30%","","","","$840,000","$840,000"
"Cornelius Johnson","WR","GB                  GB","24","2025","2025","1","$840,000","$840,000","0.30%","","","","$840,000","$840,000"
"Julian Hicks","WR","GB                  GB","25","2025","2025","1","$840,000","$840,000","0.30%","","","","$840,000","$840,000"
"Tarik Black","WR","MIA                  MIA","26","2025","2025","1","$840,000","$840,000","0.30%","","","","$840,000","$840,000"
"Cole Burgess","WR","CIN                  CIN","24","2025","2025","1","$840,000","$840,000","0.30%","","","","$840,000","$840,000"
"Terique Owens","WR","SF                  SF","25","2025","2025","1","$840,000","$840,000","0.30%","","","","$840,000","$840,000"
"Brandon Smith","WR","NYJ                  NYJ","26","2025","2025","1","$840,000","$840,000","0.30%","","","","$513,337","$513,337"
"John Jiles","WR","NE                  NE","24","2025","2025","1","$840,000","$840,000","0.30%","","","","$840,000","$840,000"
"Joshua Cephus","WR","JAX                  JAX","23","2025","2025","1","$840,000","$840,000","0.30%","","","","$500,080","$500,080"
"Seth Williams","WR","LV                  LV","24","2025","2025","1","$840,000","$840,000","0.30%","","","","$490,000","$490,000"
"Jalen Moreno-Cropper","WR","DAL                  DAL","23","2025","2025","1","$840,000","$840,000","0.30%","","","","$606,671","$606,671"
"John Jackson","WR","CHI                  CHI","25","2025","2025","1","$840,000","$840,000","0.30%","","","","$840,000","$840,000"
"T.J. Luther","WR","CAR                  CAR","24","2025","2025","1","$840,000","$840,000","0.30%","","","","$846,930","$846,930"
"Jesse Matthews","WR","ATL                  ATL","25","2025","2025","1","$840,000","$840,000","0.30%","","","","$840,000","$840,000"
"Pokey Wilson","WR","NYJ                  NYJ","23","2025","2025","1","$840,000","$840,000","0.30%","","","","$840,000","$840,000"
"Kristian Wilkerson","WR","NE                  NE","24","2022","2022","1","$835,000","$835,000","0.40%","","","","$465,000","$465,000"
"Alex Bachman","WR","NYG                  NYG","25","2022","2022","1","$828,500","$828,500","0.40%","$3,500","$3,500","$3,500","$828,500","$828,500"
"Frank Darby","WR","ATL                  ATL","25","2022","2023","1","$825,000","$825,000","0.40%","","","","$820,833","$820,833"
"Jacob Harris","WR","LAR                  LAR","25","2022","2022","1","$825,000","$825,000","0.40%","","","","$366,666","$366,666"
"Chris Lacy","WR","LV                  LV","25","2022","2022","1","$825,000","$825,000","0.40%","","","","$825,000","$825,000"
"Lance Lenoir","WR","PHI                  PHI","26","2022","2022","1","$825,000","$825,000","0.40%","","","","$455,000","$455,000"
"Isaiah Zuber","WR","LV                  LV","24","2022","2022","1","$825,000","$825,000","0.40%","","","","$825,000","$825,000"
"Keelan Doss","WR","LAC                  LAC","25","2022","2022","1","$825,000","$825,000","0.40%","","","","$458,330","$458,330"
"Terry Godwin","WR","TEN                  TEN","25","2022","2022","1","$825,000","$825,000","0.40%","","","","$825,000","$825,000"
"Austin Mack","WR","SF                  SF","24","2022","2022","1","$825,000","$825,000","0.40%","","","","$455,000","$455,000"
"Antoine Wesley","WR","ARI                  ARI","24","2022","2022","1","$825,000","$825,000","0.40%","","","","$825,000","$825,000"
"Deon Cain","WR","PHI                  PHI","25","2022","2022","1","$825,000","$825,000","0.40%","","","","$825,000","$825,000"
"Joe Reed","WR","LAC                  LAC","23","2022","2022","1","$825,000","$825,000","0.40%","","","","$875,000","$875,000"
"Dillon Stoner","WR","LV                  LV","23","2022","2022","1","$825,000","$825,000","0.40%","","","","$825,000","$825,000"
"Cody Thompson","WR","SEA                  SEA","25","2022","2022","1","$825,000","$825,000","0.40%","","","","$455,000","$455,000"
"Maurice Ffrench","WR","LAC                  LAC","23","2022","2022","1","$825,000","$825,000","0.40%","","","","$825,000","$825,000"
"Gary Jennings","WR","KC                  KC","24","2022","2022","1","$825,000","$825,000","0.40%","","","","$455,000","$455,000"
"Jalen Camp","WR","HOU                  HOU","23","2022","2022","1","$825,000","$825,000","0.40%","","","","$825,000","$825,000"
"Isaiah Coulter","WR","CHI                  CHI","23","2022","2022","1","$825,000","$825,000","0.40%","","","","$549,996","$549,996"
"Marken Michel","WR","WAS                  WAS","28","2022","2022","1","$825,000","$825,000","0.40%","","","","$825,000","$825,000"
"Kelvin Harmon","WR","WAS                  WAS","25","2022","2022","1","$825,000","$825,000","0.40%","","","","$825,000","$825,000"
"De'Michael Harris","WR","IND                  IND","23","2022","2022","1","$825,000","$825,000","0.40%","","","","$825,000","$825,000"
"Damion Ratley","WR","HOU                  HOU","24","2020","2020","1","$825,000","$825,000","0.42%","","","","$48,529","$48,529"
"Marcus Johnson","WR","IND                  IND","25","2020","2020","1","$825,000","$825,000","0.42%","","","","$582,352","$582,352"
"Taywan Taylor","WR","CLE                  CLE","24","2020","2020","1","$825,000","$825,000","0.42%","","","","$562,293","$562,293"
"DeAndrew White","WR","BAL                  BAL","28","2020","2020","1","$825,000","$825,000","0.42%","","","","$475,000","$475,000"
"Marcus Kemp","WR","KC                  KC","24","2020","2020","1","$825,000","$825,000","0.42%","","","","$291,176","$291,176"
"David Moore","WR","SEA                  SEA","24","2020","2020","1","$825,000","$825,000","0.42%","$75,000","$75,000","$75,000","$1,000,000","$1,000,000"
"Isaiah Ford","WR","MIA                  MIA","23","2020","2020","1","$825,000","$825,000","0.42%","","","","$266,040","$266,040"
"Josh Doctson","WR","NYJ                  NYJ","27","2020","2021","1","$825,000","$825,000","0.42%","","","","$1,135,000","$1,135,000"
"Tommylee Lewis","WR","CAR                  CAR","27","2020","2020","1","$825,000","$825,000","0.42%","","","","$825,000","$825,000"
"Maurice Harris","WR","NO                  NO","27","2020","2020","1","$825,000","$825,000","0.42%","","","","$825,000","$825,000"
"Charone Peake","WR","JAX                  JAX","27","2020","2020","1","$825,000","$825,000","0.42%","","","","$825,000","$825,000"
"Keith Kirkwood","WR","CAR                  CAR","25","2020","2020","1","$800,000","$800,000","0.40%","$50,000","$50,000","$50,000","$820,688","$820,688"
"Scotty Washington","WR","BAL                  BAL","26","2024","2024","1","$795,000","$795,000","0.31%","","","","$470,000","$470,000"
"Kazmeir Allen","WR","WAS                  WAS","23","2024","2024","1","$795,000","$795,000","0.31%","","","","$795,000","$795,000"
"Izaiah Gathings","WR","KC                  KC","23","2024","2024","1","$795,000","$795,000","0.31%","","","","$795,000","$795,000"
"Tay Martin","WR","TEN                  TEN","26","2024","2024","1","$795,000","$795,000","0.31%","","","","$44,167","$44,167"
"Kawaan Baker","WR","NE                  NE","25","2024","2024","1","$795,000","$795,000","0.31%","","","","$795,000","$795,000"
"Sean Ryan","WR","BAL                  BAL","25","2024","2024","1","$795,000","$795,000","0.31%","","","","$795,000","$795,000"
"Cephus Johnson","WR","TB                  TB","24","2024","2024","1","$795,000","$795,000","0.31%","","","","$795,000","$795,000"
"Jared Wayne","WR","HOU                  HOU","23","2024","2024","1","$795,000","$795,000","0.31%","","","","$470,000","$470,000"
"Johnny Johnson","WR","HOU                  HOU","24","2024","2024","1","$795,000","$795,000","0.31%","","","","$795,000","$795,000"
"Thyrick Pitts","WR","GB                  GB","24","2024","2024","1","$795,000","$795,000","0.31%","","","","$795,000","$795,000"
"Grant DuBose","WR","GB                  GB","22","2024","2024","1","$795,000","$795,000","0.31%","","","","$578,335","$578,335"
"Bryce Tremayne","WR","WAS                  WAS","24","2024","2024","1","$795,000","$795,000","0.31%","","","","$795,000","$795,000"
"Duece Watts","WR","PIT                  PIT","25","2024","2024","1","$795,000","$795,000","0.31%","","","","$795,000","$795,000"
"Keilahn Harris","WR","PIT                  PIT","23","2024","2024","1","$795,000","$795,000","0.31%","","","","$795,000","$795,000"
"Terrell Bynum","WR","LV                  LV","25","2024","2024","1","$795,000","$795,000","0.31%","","","","$795,000","$795,000"
"Daylen Baldwin","WR","ARI                  ARI","24","2024","2024","1","$795,000","$795,000","0.31%","","","","$795,000","$795,000"
"Jacob Copeland","WR","PIT                  PIT","24","2024","2024","1","$795,000","$795,000","0.31%","","","","$795,000","$795,000"
"Thayer Thomas","WR","MIN                  MIN","25","2024","2024","1","$795,000","$795,000","0.31%","","","","$795,000","$795,000"
"Seth Williams","WR","JAX                  JAX","23","2024","2024","1","$795,000","$795,000","0.31%","","","","$795,000","$795,000"
"Daniel Arias","WR","ARI                  ARI","25","2024","2024","1","$795,000","$795,000","0.31%","","","","$795,000","$795,000"
"Dennis Houston","WR","NYG                  NYG","24","2024","2024","1","$795,000","$795,000","0.31%","","","","$470,000","$470,000"
"T.J. Luther","WR","PIT                  PIT","23","2024","2024","1","$795,000","$795,000","0.31%","","","","$795,000","$795,000"
"Zavier Scott","WR","IND                  IND","24","2024","2024","1","$795,000","$795,000","0.31%","","","","$795,000","$795,000"
"Kwamie Lassiter","WR","CIN                  CIN","25","2024","2024","1","$795,000","$795,000","0.31%","","","","$795,000","$795,000"
"Kaden Davis","WR","CLE                  CLE","25","2024","2024","1","$795,000","$795,000","0.31%","","","","$44,167","$44,167"
"Jermaine Jackson","WR","NO                  NO","24","2024","2024","1","$795,000","$795,000","0.31%","","","","$530,000","$530,000"
"Peter LeBlanc","WR","CHI                  CHI","23","2024","2024","1","$795,000","$795,000","0.31%","","","","$795,000","$795,000"
"Sage Surratt","WR","ARI                  ARI","26","2024","2024","1","$795,000","$795,000","0.31%","","","","$470,000","$470,000"
"Jadon Janke","WR","MIA                  MIA","24","2024","2024","1","$795,000","$795,000","0.31%","","","","$795,000","$795,000"
"Sam Pinckney","WR","CAR                  CAR","24","2024","2024","1","$795,000","$795,000","0.31%","","","","$795,000","$795,000"
"Justin Hall","WR","MIN                  MIN","25","2024","2024","1","$795,000","$795,000","0.31%","","","","$795,000","$795,000"
"Shaq Davis","WR","NO                  NO","24","2024","2024","1","$795,000","$795,000","0.31%","","","","$795,000","$795,000"
"Isaiah Wooden","WR","LAC                  LAC","24","2024","2024","1","$795,000","$795,000","0.31%","","","","$795,000","$795,000"
"Mike Harley, Jr.","WR","MIA                  MIA","26","2024","2024","1","$795,000","$795,000","0.31%","","","","$795,000","$795,000"
"Jontre Kirklin","WR","SF                  SF","25","2024","2024","1","$795,000","$795,000","0.31%","","","","$795,000","$795,000"
"Isaiah Winstead","WR","NYJ                  NYJ","24","2024","2024","1","$795,000","$795,000","0.31%","","","","$795,000","$795,000"
"Brandon Smith","WR","NYJ                  NYJ","25","2024","2024","1","$795,000","$795,000","0.31%","","","","$795,000","$795,000"
"Samson Nacua","WR","NO                  NO","26","2024","2024","1","$795,000","$795,000","0.31%","","","","$795,000","$795,000"
"Tarik Black","WR","PIT                  PIT","26","2024","2024","1","$795,000","$795,000","0.31%","","","","$470,000","$470,000"
"Tayvion Robinson","WR","CAR                  CAR","23","2024","2024","1","$795,000","$795,000","0.31%","","","","$470,000","$470,000"
"Jesse Matthews","WR","ATL                  ATL","24","2024","2024","1","$795,000","$795,000","0.31%","","","","$795,000","$795,000"
"Devin Carter","WR","CAR                  CAR","","2024","2024","1","$795,000","$795,000","0.31%","","","","$470,000","$470,000"
"Kevin Austin","WR","NO                  NO","24","2024","2026","1","$795,000","$795,000","0.31%","","","","$594,166","$1,669,166"
"Jalen Wayne","WR","GB                  GB","25","2024","2024","1","$795,000","$795,000","0.31%","","","","$795,000","$795,000"
"Kyle Sheets","WR","KC                  KC","23","2024","2024","1","$795,000","$795,000","0.31%","","","","$795,000","$795,000"
"Daewood Davis","WR","CAR                  CAR","25","2024","2024","1","$795,000","$795,000","0.31%","","","","$470,000","$470,000"
"Praise Olatoke","WR","LAC                  LAC","","2024","2024","1","$795,000","$795,000","0.31%","","","","$795,000","$795,000"
"Kyric McGowan","WR","MIA                  MIA","24","2024","2024","1","$795,000","$795,000","0.31%","","","","$795,000","$795,000"
"JaQuae Jackson","WR","NE                  NE","24","2024","2025","1","$795,000","$795,000","0.31%","","","","$1,310,000","$1,310,000"
"Jaray Jenkins","WR","PIT                  PIT","24","2024","2024","1","$795,000","$795,000","0.31%","","","","$795,000","$795,000"
"Matt Landers","WR","CLE                  CLE","24","2024","2024","1","$795,000","$795,000","0.31%","","","","$795,000","$795,000"
"Dylan Drummond","WR","ATL                  ATL","24","2024","2024","1","$795,000","$795,000","0.31%","","","","$795,000","$795,000"
"Dimitri Stanley","WR","GB                  GB","24","2024","2024","1","$795,000","$795,000","0.31%","","","","$795,000","$795,000"
"Julian Hicks","WR","GB                  GB","24","2024","2024","1","$795,000","$795,000","0.31%","","","","$795,000","$795,000"
"Travis Fulgham","WR","DEN                  DEN","25","2021","2021","1","$780,000","$780,000","0.43%","","","","$86,666","$86,666"
"Tyron Johnson","WR","LV                  LV","24","2021","2022","1","$780,000","$780,000","0.43%","","","","$938,333","$938,333"
"Matt Cole","WR","CAR                  CAR","24","2021","2021","1","$780,000","$780,000","0.43%","","","","$303,331","$303,331"
"Lawrence Cager","WR","CLE                  CLE","23","2021","2021","1","$780,000","$780,000","0.43%","","","","$173,332","$173,332"
"John Hightower","WR","PHI                  PHI","24","2021","2021","1","$780,000","$780,000","0.43%","","","","$433,333","$433,333"
"David Sills","WR","NYG                  NYG","25","2021","2021","1","$780,000","$780,000","0.43%","","","","$43,333","$43,333"
"Dan Chisena","WR","MIN                  MIN","23","2021","2022","1","$780,000","$780,000","0.43%","","","","$1,458,333","$1,458,333"
"Antonio Gandy-Golden","WR","WAS                  WAS","22","2021","2021","1","$780,000","$780,000","0.43%","","","","$519,996","$519,996"
"De'Michael Harris","WR","IND                  IND","22","2021","2021","1","$780,000","$780,000","0.43%","","","","$693,333","$693,333"
"Tevin Jones","WR","JAX                  JAX","28","2021","2021","1","$780,000","$780,000","0.43%","","","","$780,000","$780,000"
"Andre Patton","WR","PHI                  PHI","26","2021","2021","1","$780,000","$780,000","0.43%","","","","$780,000","$780,000"
"Darrius Shepherd","WR","KC                  KC","25","2021","2021","1","$780,000","$780,000","0.43%","","","","$780,000","$780,000"
"Michael Walker","WR","PHI                  PHI","24","2021","2021","1","$780,000","$780,000","0.43%","","","","$440,000","$440,000"
"Devin Gray","WR","BAL                  BAL","25","2021","2021","1","$780,000","$780,000","0.43%","","","","$780,000","$780,000"
"Lance Lenoir","WR","BUF                  BUF","25","2021","2021","1","$780,000","$780,000","0.43%","","","","$780,000","$780,000"
"Damion Willis","WR","NYG                  NYG","23","2021","2021","1","$780,000","$780,000","0.43%","","","","$660,000","$660,000"
"Jeff Smith","WR","NYJ                  NYJ","23","2021","2022","1","$780,000","$780,000","0.43%","","","","$1,675,000","$1,675,000"
"Malik Taylor","WR","GB                  GB","25","2021","2022","1","$780,000","$780,000","0.43%","","","","$1,675,000","$1,675,000"
"Keith Kirkwood","WR","CAR                  CAR","26","2021","2021","1","$780,000","$780,000","0.43%","","","","$43,333","$43,333"
"Cyril Grayson","WR","TB                  TB","27","2021","2022","1","$780,000","$780,000","0.43%","","","","$523,333","$523,333"
"Darvin Kidsy","WR","SEA                  SEA","25","2021","2021","1","$780,000","$780,000","0.43%","","","","$780,000","$780,000"
"Keelan Doss","WR","LV                  LV","24","2021","2021","1","$780,000","$780,000","0.43%","","","","$780,000","$780,000"
"Juwann Winfree","WR","GB                  GB","24","2021","2022","1","$780,000","$780,000","0.43%","","","","$1,068,332","$1,068,332"
"Duke Williams","WR","BUF                  BUF","27","2021","2021","1","$780,000","$780,000","0.43%","","","","$440,000","$440,000"
"Deon Cain","WR","BAL                  BAL","24","2021","2021","1","$780,000","$780,000","0.43%","","","","$440,000","$440,000"
"Jake Lampman","WR","NO                  NO","27","2021","2021","1","$780,000","$780,000","0.43%","","","","$780,000","$780,000"
"Rodney Adams","WR","CHI                  CHI","26","2021","2021","1","$780,000","$780,000","0.43%","","","","$259,998","$259,998"
"John Ursua","WR","SEA                  SEA","26","2021","2021","1","$780,000","$780,000","0.43%","","","","$440,000","$440,000"
"Dylan Cantrell","WR","WAS                  WAS","26","2021","2021","1","$780,000","$780,000","0.43%","","","","$440,000","$440,000"
"Jeff Badet","WR","ATL                  ATL","26","2021","2021","1","$780,000","$780,000","0.43%","","","","$440,000","$440,000"
"Cody Hollister","WR","TEN                  TEN","27","2021","2021","1","$780,000","$780,000","0.43%","","","","$173,332","$173,332"
"Penny Hart","WR","SEA                  SEA","24","2021","2022","1","$780,000","$780,000","0.43%","","","","$1,675,000","$1,675,000"
"Gary Jennings","WR","IND                  IND","23","2021","2021","1","$780,000","$780,000","0.43%","","","","$440,000","$440,000"
"Jaleel Scott","WR","NYJ                  NYJ","25","2021","2021","1","$780,000","$780,000","0.43%","","","","$780,000","$780,000"
"Isaac Whitney","WR","ARI                  ARI","26","2021","2021","1","$780,000","$780,000","0.43%","","","","$780,000","$780,000"
"Krishawn Hogan","WR","CAR                  CAR","25","2021","2021","1","$780,000","$780,000","0.43%","","","","$780,000","$780,000"
"Hakeem Butler","WR","PHI                  PHI","24","2021","2021","1","$780,000","$780,000","0.43%","","","","$780,000","$780,000"
"Isaiah Zuber","WR","NE                  NE","23","2021","2021","1","$780,000","$780,000","0.43%","","","","$780,000","$780,000"
"J'Mon Moore","WR","ATL                  ATL","25","2021","2021","1","$780,000","$780,000","0.43%","","","","$440,000","$440,000"
"Fred Brown","WR","TEN                  TEN","27","2021","2021","1","$780,000","$780,000","0.43%","","","","$780,000","$780,000"
"Chris Lacy","WR","CHI                  CHI","24","2021","2021","1","$780,000","$780,000","0.43%","","","","$780,000","$780,000"
"Marken Michel","WR","CAR                  CAR","27","2021","2021","1","$780,000","$780,000","0.43%","","","","$780,000","$780,000"
"Ventell Bryant","WR","CAR                  CAR","24","2021","2021","1","$780,000","$780,000","0.43%","","","","$780,000","$780,000"
"Greg Dortch","WR","ARI                  ARI","22","2021","2022","1","$780,000","$780,000","0.43%","","","","$1,024,999","$1,024,999"
"Jehu Chesson","WR","NYJ                  NYJ","26","2020","2020","1","$760,000","$760,000","0.38%","$10,000","$10,000","$10,000","$760,000","$760,000"
"Malik Flowers","WR","SEA                  SEA","","2023","2023","1","$750,000","$750,000","0.33%","","","","$750,000","$750,000"
"Juwan Green","WR","KC                  KC","25","2023","2023","1","$750,000","$750,000","0.33%","","","","$750,000","$750,000"
"Josh Hammond","WR","DEN                  DEN","25","2023","2023","1","$750,000","$750,000","0.33%","","","","$750,000","$750,000"
"Aron Cruickshank","WR","PIT                  PIT","22","2023","2023","1","$750,000","$750,000","0.33%","","","","$750,000","$750,000"
"Justin Marshall","WR","SEA                  SEA","","2023","2023","1","$750,000","$750,000","0.33%","","","","$750,000","$750,000"
"Tyler Adams","WR","IND                  IND","","2023","2023","1","$750,000","$750,000","0.33%","","","","$750,000","$750,000"
"Avery Davis","WR","DET                  DET","","2023","2023","1","$750,000","$750,000","0.33%","","","","$750,000","$750,000"
"Cephus Johnson","WR","TB                  TB","23","2023","2023","1","$750,000","$750,000","0.33%","","","","$750,000","$750,000"
"Johnny King","WR","PHI                  PHI","23","2023","2023","1","$750,000","$750,000","0.33%","","","","$750,000","$750,000"
"Jacob Copeland","WR","MIN                  MIN","24","2023","2023","1","$750,000","$750,000","0.33%","","","","$750,000","$750,000"
"Jontre Kirklin","WR","NO                  NO","24","2023","2023","1","$750,000","$750,000","0.33%","","","","$750,000","$750,000"
"Jalen Wayne","WR","CLE                  CLE","24","2023","2023","1","$750,000","$750,000","0.33%","","","","$750,000","$750,000"
"Mathew Sexton","WR","ATL                  ATL","25","2023","2023","1","$750,000","$750,000","0.33%","","","","$750,000","$750,000"
"Izaiah Gathings","WR","KC                  KC","22","2023","2023","1","$750,000","$750,000","0.33%","","","","$750,000","$750,000"
"Tyrone Scott","WR","KC                  KC","","2023","2023","1","$750,000","$750,000","0.33%","","","","$750,000","$750,000"
"Milton Wright","WR","LAC                  LAC","","2023","2023","1","$750,000","$750,000","0.33%","","","","$450,000","$450,000"
"Nick Williams","WR","DEN                  DEN","","2023","2023","1","$750,000","$750,000","0.33%","","","","$750,000","$750,000"
"Kaden Davis","WR","ARI                  ARI","24","2023","2023","1","$750,000","$750,000","0.33%","","","","$750,000","$750,000"
"Austin Watkins","WR","CLE                  CLE","25","2023","2023","1","$750,000","$750,000","0.33%","","","","$750,000","$750,000"
"Chris Blair","WR","ATL                  ATL","24","2023","2023","1","$750,000","$750,000","0.33%","","","","$450,000","$450,000"
"Kekoa Crawford","WR","KC                  KC","25","2023","2023","1","$750,000","$750,000","0.33%","","","","$750,000","$750,000"
"Brandon Smith","WR","ARI                  ARI","24","2023","2023","1","$750,000","$750,000","0.33%","","","","$750,000","$750,000"
"Cody Chrest","WR","GB                  GB","","2023","2023","1","$750,000","$750,000","0.33%","","","","$750,000","$750,000"
"Charleston Rambo","WR","PHI                  PHI","23","2023","2023","1","$750,000","$750,000","0.33%","","","","$450,000","$450,000"
"Slade Bolden","WR","ATL                  ATL","24","2023","2023","1","$750,000","$750,000","0.33%","","","","$750,000","$750,000"
"Tarik Black","WR","BAL                  BAL","25","2023","2023","1","$750,000","$750,000","0.33%","","","","$750,000","$750,000"
"Jerrion Ealy","WR","KC                  KC","22","2023","2023","1","$750,000","$750,000","0.33%","","","","$750,000","$750,000"
"Kwamie Lassiter","WR","CIN                  CIN","25","2023","2023","1","$750,000","$750,000","0.33%","","","","$750,000","$750,000"
"Tay Martin","WR","SF                  SF","25","2023","2023","1","$750,000","$750,000","0.33%","","","","$750,000","$750,000"
"Ethan Fernea","WR","IND                  IND","24","2023","2023","1","$750,000","$750,000","0.33%","","","","$450,000","$450,000"
"Kawaan Baker","WR","NO                  NO","24","2023","2023","1","$750,000","$750,000","0.33%","","","","$750,000","$750,000"
"Seth Williams","WR","JAX                  JAX","22","2023","2023","1","$750,000","$750,000","0.33%","","","","$750,000","$750,000"
"Jaylon Moore","WR","JAX                  JAX","25","2023","2023","1","$750,000","$750,000","0.33%","","","","$450,000","$450,000"
"Kevin Austin","WR","JAX                  JAX","22","2023","2023","1","$750,000","$750,000","0.33%","","","","$750,000","$750,000"
"Makai Polk","WR","NYG                  NYG","21","2023","2023","1","$750,000","$750,000","0.33%","","","","$750,000","$750,000"
"Kalil Pimpleton","WR","NYG                  NYG","24","2023","2023","1","$750,000","$750,000","0.33%","","","","$750,000","$750,000"
"Shemar Bridges","WR","BAL                  BAL","25","2023","2023","1","$750,000","$750,000","0.33%","","","","$750,000","$750,000"
"Tre Nixon","WR","NE                  NE","24","2023","2023","1","$750,000","$750,000","0.33%","","","","$450,000","$450,000"
"Ty Fryfogle","WR","KC                  KC","23","2023","2023","1","$750,000","$750,000","0.33%","","","","$750,000","$750,000"
"Drew Estrada","WR","HOU                  HOU","25","2023","2023","1","$750,000","$750,000","0.33%","","","","$750,000","$750,000"
"Mike Harley, Jr.","WR","CLE                  CLE","25","2023","2023","1","$750,000","$750,000","0.33%","","","","$750,000","$750,000"
"Daylen Baldwin","WR","CLE                  CLE","23","2023","2023","1","$750,000","$750,000","0.33%","","","","$450,000","$450,000"
"Derek Wright","WR","CAR                  CAR","24","2023","2023","1","$750,000","$750,000","0.33%","","","","$750,000","$750,000"
"Ra'Shaun Henry","WR","SEA                  SEA","24","2023","2023","1","$750,000","$750,000","0.33%","","","","$450,000","$450,000"
"Jeff Badet","WR","WAS                  WAS","25","2020","2020","1","$750,000","$750,000","0.38%","","","","$352,941","$352,941"
"Robert Foster","WR","WAS                  WAS","25","2020","2020","1","$750,000","$750,000","0.38%","","","","$485,294","$485,294"
"Antonio Callaway","WR","MIA                  MIA","22","2020","2020","1","$750,000","$750,000","0.38%","","","","$308,826","$308,826"
"Ray-Ray McCloud","WR","PIT                  PIT","23","2020","2020","1","$750,000","$750,000","0.38%","","","","$750,000","$750,000"
"Trevor Davis","WR","CHI                  CHI","26","2020","2020","1","$750,000","$750,000","0.38%","","","","$750,000","$750,000"
"Jake Kumerow","WR","BUF                  BUF","27","2020","2020","1","$750,000","$750,000","0.38%","","","","$397,062","$397,062"
"Tim Patrick","WR","DEN                  DEN","26","2020","2020","1","$750,000","$750,000","0.38%","","","","$1,108,791","$1,108,791"
"Khadarel Hodge","WR","CLE                  CLE","24","2020","2020","1","$750,000","$750,000","0.38%","","","","$931,313","$931,313"
"Deandre Carter","WR","HOU                  HOU","26","2020","2020","1","$750,000","$750,000","0.38%","","","","$325,305","$325,305"
"Robert Foster","WR","BUF                  BUF","25","2020","2020","1","$750,000","$750,000","0.38%","","","","$750,000","$750,000"
"Ricardo Louis","WR","MIA                  MIA","25","2020","2020","1","$750,000","$750,000","0.38%","","","","$750,000","$750,000"
"Taquan Mizzell","WR","NO                  NO","26","2020","2020","1","$750,000","$750,000","0.38%","","","","$750,000","$750,000"
"Victor Bolden","WR","DET                  DET","24","2020","2020","1","$750,000","$750,000","0.38%","","","","$750,000","$750,000"
"Travis Toivonen","WR","NYG                  NYG","23","2022","2022","1","$708,500","$708,500","0.34%","$3,500","$3,500","$3,500","$708,500","$708,500"
"Stanley Berryhill","WR","DET                  DET","24","2022","2022","1","$705,000","$705,000","0.34%","","","","$391,670","$391,670"
"Raleigh Webb","WR","NE                  NE","24","2022","2023","1","$705,000","$705,000","0.34%","","","","$1,355,000","$1,355,000"
"Maurice Alexander","WR","DET                  DET","24","2022","2022","1","$705,000","$705,000","0.34%","","","","$470,004","$470,004"
"Kaylon Geiger","WR","TB                  TB","24","2022","2022","1","$705,000","$705,000","0.34%","","","","$626,666","$626,666"
"Travis Toivonen","WR","NYG                  NYG","23","2022","2022","1","$705,000","$705,000","0.34%","","","","$705,000","$705,000"
"Devin Gray","WR","KC                  KC","26","2022","2022","1","$705,000","$705,000","0.34%","","","","$705,000","$705,000"
"Austin Trammell","WR","LAR                  LAR","23","2022","2024","1","$705,000","$705,000","0.34%","","","","$1,105,002","$2,090,002"
"Derrick Dillon","WR","CLE                  CLE","26","2022","2022","1","$705,000","$705,000","0.34%","","","","$705,000","$705,000"
"Sage Surratt","WR","LAC                  LAC","23","2022","2022","1","$705,000","$705,000","0.34%","","","","$430,000","$430,000"
"Bug Howard","WR","TB                  TB","27","2022","2022","1","$705,000","$705,000","0.34%","","","","$430,000","$430,000"
"Josh Hammond","WR","NE                  NE","23","2022","2022","1","$705,000","$705,000","0.34%","","","","$705,000","$705,000"
"Ishmael Hyman","WR","GB                  GB","26","2022","2022","1","$705,000","$705,000","0.34%","","","","$430,000","$430,000"
"Bailey Gaither","WR","BAL                  BAL","24","2022","2022","1","$705,000","$705,000","0.34%","","","","$705,000","$705,000"
"Rashard Davis","WR","NYJ                  NYJ","26","2022","2022","1","$705,000","$705,000","0.34%","","","","$705,000","$705,000"
"Osirus Mitchell","WR","GB                  GB","24","2022","2022","1","$705,000","$705,000","0.34%","","","","$430,000","$430,000"
"Juwan Green","WR","TEN                  TEN","23","2022","2022","1","$705,000","$705,000","0.34%","","","","$705,000","$705,000"
"Jordan Veasy","WR","LV                  LV","26","2022","2022","1","$705,000","$705,000","0.34%","","","","$705,000","$705,000"
"Deontez Alexander","WR","SEA                  SEA","25","2022","2022","1","$705,000","$705,000","0.34%","","","","$705,000","$705,000"
"Devon Allen","WR","PHI                  PHI","27","2022","2022","1","$705,000","$705,000","0.34%","","","","$705,000","$705,000"
"Connor Wedington","WR","SF                  SF","22","2022","2022","1","$705,000","$705,000","0.34%","","","","$705,000","$705,000"
"Austin Proehl","WR","NYG                  NYG","26","2022","2022","1","$705,000","$705,000","0.34%","","","","$430,000","$430,000"
"Scotty Washington","WR","CIN                  CIN","24","2022","2022","1","$705,000","$705,000","0.34%","","","","$705,000","$705,000"
"Cornell Powell","WR","KC                  KC","24","2022","2022","1","$705,000","$705,000","0.34%","","","","$705,000","$705,000"
"Chris Blair","WR","GB                  GB","23","2022","2022","1","$705,000","$705,000","0.34%","","","","$705,000","$705,000"
"Chris Finke","WR","KC                  KC","25","2022","2022","1","$705,000","$705,000","0.34%","","","","$705,000","$705,000"
"Tyler Vaughns","WR","PIT                  PIT","24","2022","2022","1","$705,000","$705,000","0.34%","","","","$705,000","$705,000"
"Rico Bussey Jr.","WR","PIT                  PIT","23","2022","2022","1","$705,000","$705,000","0.34%","","","","$705,000","$705,000"
"Tre Nixon","WR","NE                  NE","23","2022","2022","1","$705,000","$705,000","0.34%","","","","$705,000","$705,000"
"D.J. Turner","WR","LV                  LV","24","2022","2022","1","$705,000","$705,000","0.34%","","","","$445,278","$445,278"
"Cade Johnson","WR","SEA                  SEA","23","2022","2022","1","$705,000","$705,000","0.34%","","","","$705,000","$705,000"
"Aaron Fuller","WR","SEA                  SEA","24","2022","2022","1","$705,000","$705,000","0.34%","","","","$705,000","$705,000"
"Matt Cole","WR","WAS                  WAS","25","2022","2022","1","$705,000","$705,000","0.34%","","","","$705,000","$705,000"
"Michael Bandy","WR","LAC                  LAC","24","2022","2022","1","$705,000","$705,000","0.34%","","","","$470,004","$470,004"
"Mathew Sexton","WR","KC                  KC","24","2022","2022","1","$705,000","$705,000","0.34%","","","","$430,000","$430,000"
"Omar Bayless","WR","KC                  KC","25","2022","2022","1","$705,000","$705,000","0.34%","","","","$705,000","$705,000"
"Damon Hazelton","WR","HOU                  HOU","24","2022","2022","1","$705,000","$705,000","0.34%","","","","$705,000","$705,000"
"Myron Mitchell","WR","MIN                  MIN","23","2022","2022","1","$705,000","$705,000","0.34%","","","","$705,000","$705,000"
"Jeff Cotton","WR","JAX                  JAX","24","2022","2022","1","$705,000","$705,000","0.34%","","","","$705,000","$705,000"
"Javon McKinley","WR","PIT                  PIT","23","2022","2022","1","$705,000","$705,000","0.34%","","","","$430,000","$430,000"
"C.J. Saunders","WR","CAR                  CAR","25","2022","2022","1","$705,000","$705,000","0.34%","","","","$705,000","$705,000"
"Aaron Parker","WR","KC                  KC","23","2022","2022","1","$705,000","$705,000","0.34%","","","","$705,000","$705,000"
"Binjimen Victor","WR","BAL                  BAL","24","2022","2022","1","$705,000","$705,000","0.34%","","","","$235,002","$235,002"
"Jaylon Moore","WR","BAL                  BAL","24","2022","2022","1","$705,000","$705,000","0.34%","","","","$705,000","$705,000"
"Austin Trammell","WR","ATL                  ATL","23","2022","2022","1","$705,000","$705,000","0.34%","","","","$705,000","$705,000"
"Steven Mitchell","WR","HOU                  HOU","25","2020","2021","1","$675,000","$675,000","0.34%","","","","$947,489","$947,489"
"Hakeem Butler","WR","PHI                  PHI","23","2020","2020","1","$675,000","$675,000","0.34%","","","","$555,882","$555,882"
"Lance Lenoir","WR","SEA                  SEA","24","2020","2020","1","$675,000","$675,000","0.34%","","","","$675,000","$675,000"
"River Cracraft","WR","SF                  SF","25","2020","2020","1","$675,000","$675,000","0.34%","","","","$317,647","$317,647"
"Cam Phillips","WR","CAR                  CAR","24","2020","2020","1","$675,000","$675,000","0.34%","","","","$675,000","$675,000"
"Rodney Adams","WR","CHI                  CHI","25","2020","2020","1","$675,000","$675,000","0.34%","","","","$675,000","$675,000"
"Krishawn Hogan","WR","TEN                  TEN","24","2020","2020","1","$675,000","$675,000","0.34%","","","","$675,000","$675,000"
"Andre Patton","WR","ARI                  ARI","25","2020","2020","1","$675,000","$675,000","0.34%","","","","$675,000","$675,000"
"Dylan Cantrell","WR","ARI                  ARI","25","2020","2020","1","$675,000","$675,000","0.34%","","","","$675,000","$675,000"
"Allen Lazard","WR","GB                  GB","24","2020","2021","1","$675,000","$675,000","0.34%","","","","$1,700,578","$1,700,578"
"Darrius Shepherd","WR","GB                  GB","24","2020","2020","1","$675,000","$675,000","0.34%","","","","$595,590","$595,590"
"Davion Davis","WR","MIN                  MIN","23","2020","2020","1","$675,000","$675,000","0.34%","","","","$675,000","$675,000"
"Tim White","WR","NO                  NO","25","2020","2020","1","$675,000","$675,000","0.34%","","","","$675,000","$675,000"
"Quincy Adeboyejo","WR","NE                  NE","24","2020","2020","1","$675,000","$675,000","0.34%","","","","$425,000","$425,000"
"Quadree Henderson","WR","PIT                  PIT","23","2020","2020","1","$675,000","$675,000","0.34%","","","","$675,000","$675,000"
"Alex Bachman","WR","NYG                  NYG","24","2021","2021","1","$666,500","$666,500","0.37%","$6,500","$6,500","$6,500","$36,666","$36,666"
"Tarik Black","WR","NYJ                  NYJ","22","2021","2021","1","$660,000","$660,000","0.36%","","","","$36,666","$36,666"
"Austin Trammell","WR","ATL                  ATL","22","2021","2021","1","$660,000","$660,000","0.36%","","","","$36,666","$36,666"
"Kawaan Baker","WR","NO                  NO","22","2021","2021","1","$660,000","$660,000","0.36%","","","","$73,333","$73,333"
"C.J. Saunders","WR","CAR                  CAR","24","2021","2021","1","$660,000","$660,000","0.36%","","","","$73,332","$73,332"
"Myron Mitchell","WR","MIN                  MIN","22","2021","2021","1","$660,000","$660,000","0.36%","","","","$146,664","$146,664"
"Dazz Newsome","WR","CHI                  CHI","21","2021","2022","1","$660,000","$660,000","0.36%","","","","$861,666","$861,666"
"Landen Akers","WR","LAR                  LAR","23","2021","2021","1","$660,000","$660,000","0.36%","","","","$146,664","$146,664"
"Dez Fitzpatrick","WR","TEN                  TEN","23","2021","2022","1","$660,000","$660,000","0.36%","","","","$1,154,994","$1,154,994"
"Dillon Stoner","WR","LV                  LV","22","2021","2022","1","$660,000","$660,000","0.36%","","","","$934,998","$934,998"
"Tyrie Cleveland","WR","DEN                  DEN","23","2021","2022","1","$660,000","$660,000","0.36%","","","","$931,666","$931,666"
"Isaiah Coulter","WR","CHI                  CHI","22","2021","2021","1","$660,000","$660,000","0.36%","","","","$256,662","$256,662"
"Michael Bandy","WR","LAC                  LAC","23","2021","2021","1","$660,000","$660,000","0.36%","","","","$109,998","$109,998"
"Damon Hazelton","WR","GB                  GB","23","2021","2021","1","$660,000","$660,000","0.36%","","","","$660,000","$660,000"
"Khalil McClain","WR","MIA                  MIA","21","2021","2021","1","$660,000","$660,000","0.36%","","","","$660,000","$660,000"
"Anthony Ratliff-Williams","WR","SEA                  SEA","23","2021","2021","1","$660,000","$660,000","0.36%","","","","$660,000","$660,000"
"Warren Jackson","WR","MIN                  MIN","21","2021","2021","1","$660,000","$660,000","0.36%","","","","$660,000","$660,000"
"George Mariner","WR","BAL                  BAL","23","2021","2021","1","$660,000","$660,000","0.36%","","","","$660,000","$660,000"
"Aleva Hifo","WR","ARI                  ARI","23","2021","2021","1","$660,000","$660,000","0.36%","","","","$660,000","$660,000"
"Michael Dereus","WR","BAL                  BAL","23","2021","2021","1","$660,000","$660,000","0.36%","","","","$660,000","$660,000"
"Jeff Cotton","WR","JAX                  JAX","23","2021","2021","1","$660,000","$660,000","0.36%","","","","$73,332","$73,332"
"Bug Howard","WR","BUF                  BUF","26","2021","2021","1","$660,000","$660,000","0.36%","","","","$660,000","$660,000"
"Reece Horn","WR","CIN                  CIN","27","2021","2021","1","$660,000","$660,000","0.36%","","","","$660,000","$660,000"
"De'Quan Hampton","WR","TB                  TB","26","2021","2021","1","$660,000","$660,000","0.36%","","","","$660,000","$660,000"
"Devin Ross","WR","NE                  NE","25","2021","2021","1","$660,000","$660,000","0.36%","","","","$660,000","$660,000"
"Deandre Thompkins","WR","GB                  GB","25","2021","2021","1","$660,000","$660,000","0.36%","","","","$415,000","$415,000"
"Johnnie Dixon","WR","DAL                  DAL","26","2021","2021","1","$660,000","$660,000","0.36%","","","","$660,000","$660,000"
"Antoine Wesley","WR","ARI                  ARI","23","2021","2021","1","$660,000","$660,000","0.36%","","","","$660,000","$660,000"
"Jalen McCleksey","WR","NO                  NO","23","2021","2021","1","$660,000","$660,000","0.36%","","","","$415,000","$415,000"
"Kalija Lipscomb","WR","TEN                  TEN","23","2021","2021","1","$660,000","$660,000","0.36%","","","","$660,000","$660,000"
"Caleb Scott","WR","LV                  LV","24","2021","2021","1","$660,000","$660,000","0.36%","","","","$660,000","$660,000"
"Juwan Green","WR","ATL                  ATL","22","2021","2021","1","$660,000","$660,000","0.36%","","","","$513,333","$513,333"
"Easop Winston","WR","NO                  NO","24","2021","2021","1","$660,000","$660,000","0.36%","","","","$109,998","$109,998"
"Chris Finke","WR","KC                  KC","24","2021","2021","1","$660,000","$660,000","0.36%","","","","$660,000","$660,000"
"Andre Baccellia","WR","ARI                  ARI","23","2021","2021","1","$660,000","$660,000","0.36%","","","","$660,000","$660,000"
"Darece Roberson","WR","SEA                  SEA","22","2021","2021","1","$660,000","$660,000","0.36%","","","","$660,000","$660,000"
"Mathew Sexton","WR","PIT                  PIT","23","2021","2021","1","$660,000","$660,000","0.36%","","","","$660,000","$660,000"
"Tyler Simmons","WR","PIT                  PIT","23","2021","2021","1","$660,000","$660,000","0.36%","","","","$660,000","$660,000"
"Dalton Schoen","WR","KC                  KC","24","2021","2021","1","$660,000","$660,000","0.36%","","","","$660,000","$660,000"
"Maurice Ffrench","WR","LAC                  LAC","22","2021","2021","1","$660,000","$660,000","0.36%","","","","$109,998","$109,998"
"Reggie Begelton","WR","GB                  GB","27","2021","2021","1","$660,000","$660,000","0.36%","","","","$660,000","$660,000"
"Jaylon Moore","WR","BAL                  BAL","23","2021","2021","1","$660,000","$660,000","0.36%","","","","$660,000","$660,000"
"Jester Weah","WR","CHI                  CHI","25","2021","2021","1","$660,000","$660,000","0.36%","","","","$660,000","$660,000"
"Reggie Davis","WR","DAL                  DAL","25","2021","2021","1","$660,000","$660,000","0.36%","","","","$660,000","$660,000"
"Binjimen Victor","WR","BAL                  BAL","23","2021","2021","1","$660,000","$660,000","0.36%","","","","$660,000","$660,000"
"Cody White","WR","PIT                  PIT","22","2021","2022","1","$660,000","$660,000","0.36%","","","","$1,338,333","$1,338,333"
"Anthony Johnson","WR","PIT                  PIT","25","2021","2021","1","$660,000","$660,000","0.36%","","","","$660,000","$660,000"
"Thomas Ives","WR","CHI                  CHI","24","2021","2021","1","$660,000","$660,000","0.36%","","","","$415,000","$415,000"
"Tony Brown","WR","WAS                  WAS","25","2021","2021","1","$660,000","$660,000","0.36%","","","","$660,000","$660,000"
"Cody Thompson","WR","SEA                  SEA","24","2021","2021","1","$660,000","$660,000","0.36%","","","","$36,666","$36,666"
"Aaron Fuller","WR","SEA                  SEA","23","2021","2021","1","$660,000","$660,000","0.36%","","","","$36,666","$36,666"
"Quartney Davis","WR","IND                  IND","22","2021","2021","1","$660,000","$660,000","0.36%","","","","$415,000","$415,000"
"Chris Blair","WR","GB                  GB","22","2021","2021","1","$660,000","$660,000","0.36%","","","","$660,000","$660,000"
"Tom Kennedy","WR","DET                  DET","24","2021","2022","1","$660,000","$660,000","0.36%","","","","$934,990","$934,990"
"JoJo Ward","WR","CLE                  CLE","23","2021","2021","1","$660,000","$660,000","0.36%","","","","$660,000","$660,000"
"A.J. Richardson","WR","ARI                  ARI","25","2021","2021","1","$660,000","$660,000","0.36%","","","","$660,000","$660,000"
"Austin Proehl","WR","SF                  SF","25","2021","2021","1","$660,000","$660,000","0.36%","","","","$660,000","$660,000"
"Jauan Jennings","WR","SF                  SF","23","2021","2022","1","$660,000","$660,000","0.36%","","","","$1,485,000","$1,485,000"
"Kristian Wilkerson","WR","NE                  NE","23","2021","2021","1","$660,000","$660,000","0.36%","","","","",""
"Kendall Hinton","WR","DEN                  DEN","23","2021","2023","1","$660,000","$660,000","0.36%","","","","$1,219,168","$2,159,168"
"Trinity Benson","WR","DEN                  DEN","23","2021","2023","1","$660,000","$660,000","0.36%","","","","$1,107,498","$1,977,498"
"Aaron Parker","WR","CAR                  CAR","22","2021","2021","1","$660,000","$660,000","0.36%","","","","$440,004","$440,004"
"Jon’Vea Johnson","WR","CHI                  CHI","25","2021","2021","1","$660,000","$660,000","0.36%","","","","$660,000","$660,000"
"Scotty Washington","WR","CIN                  CIN","23","2021","2021","1","$660,000","$660,000","0.36%","","","","$660,000","$660,000"
"Trenton Irwin","WR","CIN                  CIN","25","2021","2021","1","$660,000","$660,000","0.36%","","","","$623,339","$623,339"
"Ishmael Hyman","WR","CAR                  CAR","25","2021","2021","1","$660,000","$660,000","0.36%","","","","$660,000","$660,000"
"Chris Rowland","WR","ATL                  ATL","23","2021","2021","1","$660,000","$660,000","0.36%","","","","$660,000","$660,000"
"Ishmael Hyman","WR","CAR                  CAR","24","2020","2020","1","$616,500","$616,500","0.31%","$6,500","$6,500","$6,500","$616,500","$616,500"
"Matt Cole","WR","SF                  SF","23","2020","2021","1","$610,000","$610,000","0.31%","","","","$731,764","$731,764"
"Terry Godwin","WR","JAX                  JAX","23","2020","2021","1","$610,000","$610,000","0.31%","","","","$503,959","$503,959"
"Reggie Begelton","WR","GB                  GB","26","2020","2020","1","$610,000","$610,000","0.31%","","","","$502,352","$502,352"
"Austin Mack","WR","NYG                  NYG","22","2020","2021","1","$610,000","$610,000","0.31%","","","","$870,588","$870,588"
"Nick Westbrook","WR","TEN                  TEN","22","2020","2021","1","$610,000","$610,000","0.31%","","","","$1,354,117","$1,354,117"
"Tony Brown","WR","WAS                  WAS","24","2020","2020","1","$610,000","$610,000","0.31%","","","","$394,705","$394,705"
"Tony Brown","WR","WAS                  WAS","24","2020","2020","1","$610,000","$610,000","0.31%","","","","$610,000","$610,000"
"Deandre Thompkins","WR","PIT                  PIT","24","2020","2020","1","$610,000","$610,000","0.31%","","","","$610,000","$610,000"
"Andre Baccellia","WR","NE                  NE","22","2020","2020","1","$610,000","$610,000","0.31%","","","","$610,000","$610,000"
"Darrell Stewart","WR","CAR                  CAR","23","2020","2020","1","$610,000","$610,000","0.31%","","","","$610,000","$610,000"
"Aleva Hifo","WR","KC                  KC","22","2020","2020","1","$610,000","$610,000","0.31%","","","","$610,000","$610,000"
"Cody White","WR","NYG                  NYG","21","2020","2020","1","$610,000","$610,000","0.31%","","","","$610,000","$610,000"
"Will Hastings","WR","NE                  NE","23","2020","2020","1","$610,000","$610,000","0.31%","","","","$610,000","$610,000"
"De'Mornay Pierson-El","WR","LV                  LV","24","2020","2020","1","$610,000","$610,000","0.31%","","","","$610,000","$610,000"
"Saeed Blacknall","WR","PIT                  PIT","23","2020","2020","1","$610,000","$610,000","0.31%","","","","$610,000","$610,000"
"Bryant Mitchell","WR","TB                  TB","27","2020","2020","1","$610,000","$610,000","0.31%","","","","$610,000","$610,000"
"Malik Taylor","WR","GB                  GB","24","2020","2020","1","$610,000","$610,000","0.31%","","","","$810,927","$810,927"
"Penny Hart","WR","SEA                  SEA","23","2020","2020","1","$610,000","$610,000","0.31%","","","","$610,000","$610,000"
"Cody Thompson","WR","SEA                  SEA","23","2020","2020","1","$610,000","$610,000","0.31%","","","","$610,000","$610,000"
"Antoine Wesley","WR","BAL                  BAL","22","2020","2020","1","$610,000","$610,000","0.31%","","","","$400,000","$400,000"
"Sean Modster","WR","BAL                  BAL","24","2020","2020","1","$610,000","$610,000","0.31%","","","","$610,000","$610,000"
"Artavis Scott","WR","IND                  IND","25","2020","2020","1","$610,000","$610,000","0.31%","","","","$610,000","$610,000"
"Anthony Johnson","WR","PIT                  PIT","24","2020","2020","1","$610,000","$610,000","0.31%","","","","$610,000","$610,000"
"Devin Ross","WR","NE                  NE","24","2020","2020","1","$610,000","$610,000","0.31%","","","","$610,000","$610,000"
"Jamal Custis","WR","PIT                  PIT","24","2020","2020","1","$610,000","$610,000","0.31%","","","","$610,000","$610,000"
"Anthony Ratliff-Williams","WR","OAK                  OAK","22","2020","2020","1","$610,000","$610,000","0.31%","","","","$610,000","$610,000"
"Malik Henry","WR","IND                  IND","22","2020","2020","1","$610,000","$610,000","0.31%","","","","$610,000","$610,000"
"Tom Kennedy","WR","DET                  DET","23","2020","2020","1","$610,000","$610,000","0.31%","","","","$610,000","$610,000"
"Jon Duhart","WR","DET                  DET","23","2020","2020","1","$610,000","$610,000","0.31%","","","","$610,000","$610,000"
"DaMarkus Lodge","WR","CIN                  CIN","22","2020","2020","1","$610,000","$610,000","0.31%","","","","$610,000","$610,000"
"Alex Wesley","WR","CHI                  CHI","24","2020","2020","1","$610,000","$610,000","0.31%","","","","$610,000","$610,000"
"Thomas Ives","WR","CHI                  CHI","23","2020","2020","1","$610,000","$610,000","0.31%","","","","$610,000","$610,000"
"Reggie Davis","WR","CHI                  CHI","24","2020","2020","1","$610,000","$610,000","0.31%","","","","$610,000","$610,000"
"Damion Jeanpiere","WR","CAR                  CAR","23","2020","2020","1","$610,000","$610,000","0.31%","","","","$610,000","$610,000"
"A.J. Richardson","WR","ARI                  ARI","24","2020","2020","1","$610,000","$610,000","0.31%","","","","$610,000","$610,000"
"Johnnie Dixon","WR","ARI                  ARI","25","2020","2020","1","$610,000","$610,000","0.31%","","","","$400,000","$400,000"
"Devin Gray","WR","ATL                  ATL","24","2020","2020","1","$610,000","$610,000","0.31%","","","","$610,000","$610,000"
"Izaiah Gathings","WR","NYJ                  NYJ","22","2023","2025","3","$269,500","$89,833","0.04%","","","","$1,665,000","$2,695,000"
"Equanimeous St. Brown","WR","GB                  GB","24","2021","2021","1","$182,000","$182,000","0.10%","","","","$182,000","$182,000"
"Alexander Hollins","WR","CLE                  CLE","23","2020","2021","1","$39,706","$39,706","0.02%","","","","$819,706","$819,706"
"Dontavian Jackson","WR","MIN                  MIN","26","2023","2024","1","","","","","","","$956,667","$956,667"
"Connor Wedington","WR","SEA                  SEA","23","2023","2023","2","","","","","","","$750,000","$750,000"
"Blake Proehl","WR","MIN                  MIN","24","2023","2023","1","","","","","","","$870,000","$870,000"
"Trishton Jackson","WR","MIN                  MIN","24","2023","2023","1","","","","","","","$531,663","$531,663"
"John Hightower","WR","LAC                  LAC","26","2023","2023","1","","","","","","","$870,000","$870,000"
"Reggie Roberson","WR","TEN                  TEN","25","2023","2024","2","","","","","","","$1,665,000","$1,665,000"
"Cody White","WR","SEA                  SEA","24","2023","2023","1","","","","","","","$475,000","$475,000"
"Scotty Washington","WR","NE                  NE","25","2023","2023","1","","","","","","","$750,000","$750,000"
"Johnny Johnson","WR","HOU                  HOU","23","2023","2024","2","","","","","","","$1,665,000","$1,665,000"
"Alex Bachman","WR","HOU                  HOU","26","2023","2024","2","","","","","","","$1,460,000","$1,460,000"
"Jeff Cotton","WR","GB                  GB","25","2023","2023","1","","","","","","","$450,000","$450,000"
"Kyric McGowan","WR","WAS                  WAS","23","2023","2023","2","","","","","","","$450,000","$450,000"
"Malik Taylor","WR","NYJ                  NYJ","27","2023","2023","2","","","","","","","$940,000","$940,000"
"Jerreth Sterns","WR","LAR                  LAR","23","2023","2024","2","","","","","","","$1,665,000","$1,665,000"
"Jaquarii Roberson","WR","LAR                  LAR","24","2023","2024","2","","","","","","","$1,665,000","$1,665,000"
"Stanley Berryhill","WR","DET                  DET","24","2023","2023","1","","","","","","","$580,000","$580,000"
"C.J. Saunders","WR","CAR                  CAR","26","2023","2023","1","","","","","","","$750,000","$750,000"
"Isaiah Coulter","WR","BUF                  BUF","24","2023","2024","1","","","","","","","$1,860,000","$1,860,000"
"Isaiah Coulter","WR","CHI                  CHI","24","2022","","","","","","","","","",""
"Andre Baccellia","WR","ARI                  ARI","24","2022","2023","2","","","","","","","$464,998","$464,998"
"Daesean Hamilton","WR","DEN                  DEN","26","2022","","","","","","","","","",""
"Will Sheppard","WR","GB                  GB","","2025","2025","1","","","","","","","$280,002","$280,002"
"Tylan Wallace","WR","CLE                  CLE","26","2026","","","","","","","","","",""
"Derrick Dillon","WR","NYG                  NYG","25","2021","","","","","","","","","",""
"Whop Philyor","WR","MIN                  MIN","22","2021","2023","3","","","","$10,000","$40,000","$40,000","$1,495,000","$2,435,000"

