season,player,player_key,team,pos,reg_games,reg_targets,reg_receptions,reg_receiving_yards,reg_receiving_tds,reg_receiving_fumbles,reg_receiving_first_downs,reg_receiving_air_yards,reg_receiving_yards_after_catch,reg_receiving_epa,reg_catch_rate,reg_yards_per_target,reg_yards_per_reception,reg_td_per_target,reg_air_yards_per_target,reg_yac_per_reception,adv_targets,adv_receptions,adv_yards,adv_rec_touchdowns,adv_catch_percentage,adv_avg_cushion,adv_avg_separation,adv_avg_intended_air_yards,adv_avg_yac,adv_avg_expected_yac,adv_avg_yac_above_expectation,adv_percent_share_of_intended_air_yards,adv_yards_per_target,adv_yards_per_reception,adv_td_per_target
2010,Adrian Arrington,adrian arrington,NO,WR,1,9,7,79,0,0,3,87,25,4.866324236383662,0.7777777777777778,8.777777777777779,11.285714285714286,0,9.666666666666666,3.5714285714285716,NA,NA,NA,NA,NA,NA,NA,NA,NA,NA,NA,NA,NA,NA,NA
2010,Andre Caldwell,andre caldwell,CIN,WR,13,37,25,345,0,0,16,410,106,14.966496227429221,0.6756756756756757,9.324324324324325,13.8,0,11.08108108108108,4.24,NA,NA,NA,NA,NA,NA,NA,NA,NA,NA,NA,NA,NA,NA,NA
2010,Andre Johnson,andre johnson,HOU,WR,13,138,86,1216,8,1,59,1558,350,46.19893050184536,0.6231884057971014,8.81159420289855,14.13953488372093,0.057971014492753624,11.289855072463768,4.069767441860465,NA,NA,NA,NA,NA,NA,NA,NA,NA,NA,NA,NA,NA,NA,NA
2010,Andre Roberts,andre roberts,ARI,WR,14,49,24,307,2,1,10,433,138,-7.976714661546753,0.4897959183673469,6.26530612244898,12.791666666666666,0.04081632653061224,8.83673469387755,5.75,NA,NA,NA,NA,NA,NA,NA,NA,NA,NA,NA,NA,NA,NA,NA
2010,Anquan Boldin,anquan boldin,BAL,WR,16,109,64,837,7,1,43,1289,221,26.51351046963789,0.5871559633027523,7.678899082568807,13.078125,0.06422018348623854,11.825688073394495,3.453125,NA,NA,NA,NA,NA,NA,NA,NA,NA,NA,NA,NA,NA,NA,NA
2010,Anthony Armstrong,anthony armstrong,WAS,WR,15,86,44,871,3,1,32,1481,160,21.072579265792314,0.5116279069767442,10.127906976744185,19.795454545454547,0.03488372093023256,17.22093023255814,3.6363636363636362,NA,NA,NA,NA,NA,NA,NA,NA,NA,NA,NA,NA,NA,NA,NA
2010,Anthony Gonzalez,anthony gonzalez,IND,WR,2,9,5,67,0,0,3,94,16,-0.7158242938729638,0.5555555555555556,7.444444444444445,13.4,0,10.444444444444445,3.2,NA,NA,NA,NA,NA,NA,NA,NA,NA,NA,NA,NA,NA,NA,NA
2010,Antonio Brown,antonio brown,PIT,WR,9,19,16,167,0,0,10,113,111,8.633751073037274,0.8421052631578947,8.789473684210526,10.4375,0,5.947368421052632,6.9375,NA,NA,NA,NA,NA,NA,NA,NA,NA,NA,NA,NA,NA,NA,NA
2010,Armanti Edwards,armanti edwards,CAR,WR,3,2,0,0,0,0,0,22,0,-3.8193546401453204,0,0,NA,0,11,NA,NA,NA,NA,NA,NA,NA,NA,NA,NA,NA,NA,NA,NA,NA,NA
2010,Arrelious Benn,arrelious benn,TB,WR,14,38,25,395,2,1,18,475,159,27.744288316374877,0.6578947368421053,10.394736842105264,15.8,0.05263157894736842,12.5,6.36,NA,NA,NA,NA,NA,NA,NA,NA,NA,NA,NA,NA,NA,NA,NA
2010,Austin Collie,austin collie,IND,WR,9,70,57,617,8,0,32,583,281,48.5708645224513,0.8142857142857143,8.814285714285715,10.824561403508772,0.11428571428571428,8.32857142857143,4.9298245614035086,NA,NA,NA,NA,NA,NA,NA,NA,NA,NA,NA,NA,NA,NA,NA
2010,Ben Obomanu,ben obomanu,SEA,WR,13,49,30,494,4,0,17,560,169,7.2317189182797454,0.6122448979591837,10.081632653061224,16.466666666666665,0.08163265306122448,11.428571428571429,5.633333333333334,NA,NA,NA,NA,NA,NA,NA,NA,NA,NA,NA,NA,NA,NA,NA
2010,Brad Smith,brad smith,NYJ,WR,16,7,4,44,0,0,2,43,10,-2.015045953191056,0.5714285714285714,6.285714285714286,11,0,6.142857142857143,2.5,NA,NA,NA,NA,NA,NA,NA,NA,NA,NA,NA,NA,NA,NA,NA
2010,Brandon Gibson,brandon gibson,LA,WR,14,91,53,620,2,0,33,966,206,-0.33428664224543425,0.5824175824175825,6.813186813186813,11.69811320754717,0.02197802197802198,10.615384615384615,3.8867924528301887,NA,NA,NA,NA,NA,NA,NA,NA,NA,NA,NA,NA,NA,NA,NA
2010,Brandon Johnson,brandon johnson,CIN,LB,14,0,0,0,0,0,0,0,0,NA,NA,NA,NA,NA,NA,NA,NA,NA,NA,NA,NA,NA,NA,NA,NA,NA,NA,NA,NA,NA,NA
2010,Brandon LaFell,brandon lafell,CAR,WR,14,77,38,468,1,0,23,792,133,2.8972169793588254,0.4935064935064935,6.077922077922078,12.31578947368421,0.012987012987012988,10.285714285714286,3.5,NA,NA,NA,NA,NA,NA,NA,NA,NA,NA,NA,NA,NA,NA,NA
2010,Brandon Lloyd,brandon lloyd,DEN,WR,16,153,77,1448,11,0,72,2603,180,64.75087099705448,0.5032679738562091,9.4640522875817,18.805194805194805,0.0718954248366013,17.013071895424837,2.3376623376623376,NA,NA,NA,NA,NA,NA,NA,NA,NA,NA,NA,NA,NA,NA,NA
2010,Brandon Marshall,brandon marshall,MIA,WR,14,146,86,1014,3,2,57,1553,235,15.524893255409339,0.589041095890411,6.945205479452055,11.790697674418604,0.02054794520547945,10.636986301369863,2.7325581395348837,NA,NA,NA,NA,NA,NA,NA,NA,NA,NA,NA,NA,NA,NA,NA
2010,Brandon Stokley,brandon stokley,SEA,WR,11,43,31,354,0,0,23,394,89,7.54296840775914,0.7209302325581395,8.232558139534884,11.419354838709678,0,9.162790697674419,2.870967741935484,NA,NA,NA,NA,NA,NA,NA,NA,NA,NA,NA,NA,NA,NA,NA
2010,Brandon Tate,brandon tate,NE,WR,16,46,24,432,3,1,14,631,139,9.416830251087099,0.5217391304347826,9.391304347826088,18,0.06521739130434782,13.717391304347826,5.791666666666667,NA,NA,NA,NA,NA,NA,NA,NA,NA,NA,NA,NA,NA,NA,NA
2010,Braylon Edwards,braylon edwards,NYJ,WR,16,101,53,904,7,1,40,1588,285,34.566938072643666,0.5247524752475248,8.950495049504951,17.056603773584907,0.06930693069306931,15.722772277227723,5.377358490566038,NA,NA,NA,NA,NA,NA,NA,NA,NA,NA,NA,NA,NA,NA,NA
2010,Brett Swain,brett swain,GB,WR,7,9,6,72,0,0,3,63,59,2.905478346045129,0.6666666666666666,8,12,0,7,9.833333333333334,NA,NA,NA,NA,NA,NA,NA,NA,NA,NA,NA,NA,NA,NA,NA
2010,Brian Hartline,brian hartline,MIA,WR,12,73,43,615,1,1,27,941,211,6.169470790248708,0.589041095890411,8.424657534246576,14.30232558139535,0.0136986301369863,12.89041095890411,4.906976744186046,NA,NA,NA,NA,NA,NA,NA,NA,NA,NA,NA,NA,NA,NA,NA
2010,Brian Robiskie,brian robiskie,CLE,WR,13,49,29,310,3,0,12,546,58,3.5726276979327953,0.5918367346938775,6.326530612244898,10.689655172413794,0.061224489795918366,11.142857142857142,2,NA,NA,NA,NA,NA,NA,NA,NA,NA,NA,NA,NA,NA,NA,NA
2010,Britt Davis,britt davis,DEN,WR,3,0,0,0,0,0,0,0,0,NA,NA,NA,NA,NA,NA,NA,NA,NA,NA,NA,NA,NA,NA,NA,NA,NA,NA,NA,NA,NA,NA
2010,Bryant Johnson,bryant johnson,DET,WR,14,49,18,210,0,0,11,600,63,-9.187930692823581,0.3673469387755102,4.285714285714286,11.666666666666666,0,12.244897959183673,3.5,NA,NA,NA,NA,NA,NA,NA,NA,NA,NA,NA,NA,NA,NA,NA
2010,Calvin Johnson,calvin johnson,DET,WR,15,137,77,1120,12,1,57,1930,304,48.059409606635214,0.5620437956204379,8.175182481751825,14.545454545454545,0.08759124087591241,14.087591240875913,3.948051948051948,NA,NA,NA,NA,NA,NA,NA,NA,NA,NA,NA,NA,NA,NA,NA
2010,Carlton Mitchell,carlton mitchell,CLE,WR,1,1,0,0,0,0,0,12,0,-0.7861207851674408,0,0,NA,0,12,NA,NA,NA,NA,NA,NA,NA,NA,NA,NA,NA,NA,NA,NA,NA,NA
2010,Chad Hall,chad hall,PHI,WR,7,18,11,115,1,0,5,186,21,1.7195435432367958,0.6111111111111112,6.388888888888889,10.454545454545455,0.05555555555555555,10.333333333333334,1.9090909090909092,NA,NA,NA,NA,NA,NA,NA,NA,NA,NA,NA,NA,NA,NA,NA
2010,Chad Johnson,chad johnson,CIN,WR,14,126,67,831,4,0,47,1472,189,27.928935589048482,0.5317460317460317,6.595238095238095,12.402985074626866,0.031746031746031744,11.682539682539682,2.8208955223880596,NA,NA,NA,NA,NA,NA,NA,NA,NA,NA,NA,NA,NA,NA,NA
2010,Chansi Stuckey,chansi stuckey,CLE,WR,15,63,40,346,0,2,21,368,204,-20.939103924137278,0.6349206349206349,5.492063492063492,8.65,0,5.841269841269841,5.1,NA,NA,NA,NA,NA,NA,NA,NA,NA,NA,NA,NA,NA,NA,NA
2010,Charles Johnson,charles johnson,CAR,DE,16,0,0,0,0,0,0,0,0,NA,NA,NA,NA,NA,NA,NA,NA,NA,NA,NA,NA,NA,NA,NA,NA,NA,NA,NA,NA,NA,NA
2010,Charly Martin,charly martin,CAR,WR,1,0,0,0,0,0,0,0,0,NA,NA,NA,NA,NA,NA,NA,NA,NA,NA,NA,NA,NA,NA,NA,NA,NA,NA,NA,NA,NA,NA
2010,Chaz Schilens,chaz schilens,LV,WR,4,9,5,40,1,0,4,108,13,0.6094117271713912,0.5555555555555556,4.444444444444445,8,0.1111111111111111,12,2.6,NA,NA,NA,NA,NA,NA,NA,NA,NA,NA,NA,NA,NA,NA,NA
2010,Chris Williams,chris williams,CHI,G,6,1,1,4,0,0,0,4,0,-0.4211618462577462,1,4,4,0,4,0,NA,NA,NA,NA,NA,NA,NA,NA,NA,NA,NA,NA,NA,NA,NA
2010,Courtney Roby,courtney roby,NO,WR,13,0,0,0,0,0,0,0,0,NA,NA,NA,NA,NA,NA,NA,NA,NA,NA,NA,NA,NA,NA,NA,NA,NA,NA,NA,NA,NA,NA
2010,D.J. Moore,d j moore,CHI,CB,16,0,0,0,0,0,0,0,0,NA,NA,NA,NA,NA,NA,NA,NA,NA,NA,NA,NA,NA,NA,NA,NA,NA,NA,NA,NA,NA,NA
2010,Damian Williams,damian williams,TEN,WR,10,28,16,219,0,0,10,317,40,9.718540560529672,0.5714285714285714,7.821428571428571,13.6875,0,11.321428571428571,2.5,NA,NA,NA,NA,NA,NA,NA,NA,NA,NA,NA,NA,NA,NA,NA
2010,Danario Alexander,danario alexander,LA,WR,8,37,20,306,1,0,12,484,113,6.2370916324442085,0.5405405405405406,8.27027027027027,15.3,0.02702702702702703,13.08108108108108,5.65,NA,NA,NA,NA,NA,NA,NA,NA,NA,NA,NA,NA,NA,NA,NA
2010,Danny Amendola,danny amendola,LA,WR,16,123,85,689,3,1,35,630,363,-1.3210895460810868,0.6910569105691057,5.6016260162601625,8.105882352941176,0.024390243902439025,5.121951219512195,4.270588235294118,NA,NA,NA,NA,NA,NA,NA,NA,NA,NA,NA,NA,NA,NA,NA
2010,Darrius Heyward-Bey,darrius heyward bey,LV,WR,14,65,26,366,1,0,17,960,101,0.16626566520183506,0.4,5.630769230769231,14.076923076923077,0.015384615384615385,14.76923076923077,3.8846153846153846,NA,NA,NA,NA,NA,NA,NA,NA,NA,NA,NA,NA,NA,NA,NA
2010,David Anderson,david anderson,HOU,WR,9,18,11,117,0,0,5,189,53,5.177842349075945,0.6111111111111112,6.5,10.636363636363637,0,10.5,4.818181818181818,NA,NA,NA,NA,NA,NA,NA,NA,NA,NA,NA,NA,NA,NA,NA
2010,David Clowney,david clowney,CAR,WR,8,16,7,124,0,0,4,240,39,3.438570545229595,0.4375,7.75,17.714285714285715,0,15,5.571428571428571,NA,NA,NA,NA,NA,NA,NA,NA,NA,NA,NA,NA,NA,NA,NA
2010,David Nelson,david nelson,BUF,WR,14,47,31,353,3,0,19,493,78,15.815953446751408,0.6595744680851063,7.51063829787234,11.387096774193548,0.06382978723404255,10.48936170212766,2.5161290322580645,NA,NA,NA,NA,NA,NA,NA,NA,NA,NA,NA,NA,NA,NA,NA
2010,David Reed,david reed,BAL,WR,10,1,0,0,0,0,0,8,0,-0.405287898669485,0,0,NA,0,8,NA,NA,NA,NA,NA,NA,NA,NA,NA,NA,NA,NA,NA,NA,NA,NA
2010,Davone Bess,davone bess,MIA,WR,16,126,80,817,5,0,43,993,310,13.288797235576162,0.6349206349206349,6.484126984126984,10.2125,0.03968253968253968,7.880952380952381,3.875,NA,NA,NA,NA,NA,NA,NA,NA,NA,NA,NA,NA,NA,NA,NA
2010,DeSean Jackson,desean jackson,PHI,WR,14,96,47,1056,6,2,34,1572,341,44.70394644015113,0.4895833333333333,11,22.46808510638298,0.0625,16.375,7.25531914893617,NA,NA,NA,NA,NA,NA,NA,NA,NA,NA,NA,NA,NA,NA,NA
2010,Deion Branch,deion branch,NE,WR,15,92,61,818,6,1,44,1025,276,40.566539283230654,0.6630434782608695,8.891304347826088,13.40983606557377,0.06521739130434782,11.141304347826088,4.524590163934426,NA,NA,NA,NA,NA,NA,NA,NA,NA,NA,NA,NA,NA,NA,NA
2010,Demaryius Thomas,demaryius thomas,DEN,WR,10,39,22,283,2,1,15,350,139,8.934065710793512,0.5641025641025641,7.256410256410256,12.863636363636363,0.05128205128205128,8.974358974358974,6.318181818181818,NA,NA,NA,NA,NA,NA,NA,NA,NA,NA,NA,NA,NA,NA,NA
2010,Demetrius Williams,demetrius williams,CLE,WR,1,2,0,0,0,0,0,48,0,-1.7399623778183013,0,0,NA,0,24,NA,NA,NA,NA,NA,NA,NA,NA,NA,NA,NA,NA,NA,NA,NA,NA
2010,Deon Butler,deon butler,SEA,WR,13,70,36,385,4,0,20,807,116,6.881774467572714,0.5142857142857142,5.5,10.694444444444445,0.05714285714285714,11.528571428571428,3.2222222222222223,NA,NA,NA,NA,NA,NA,NA,NA,NA,NA,NA,NA,NA,NA,NA
2010,Derek Hagan,derek hagan,NYG,WR,7,43,24,223,1,0,15,427,32,3.4282495416118763,0.5581395348837209,5.186046511627907,9.291666666666666,0.023255813953488372,9.930232558139535,1.3333333333333333,NA,NA,NA,NA,NA,NA,NA,NA,NA,NA,NA,NA,NA,NA,NA
2010,Derrick Johnson,derrick johnson,KC,LB,16,0,0,0,0,0,0,0,0,NA,NA,NA,NA,NA,NA,NA,NA,NA,NA,NA,NA,NA,NA,NA,NA,NA,NA,NA,NA,NA,NA
2010,Derrick Mason,derrick mason,BAL,WR,16,100,61,802,7,0,44,1299,128,41.22107891320619,0.61,8.02,13.147540983606557,0.07,12.99,2.098360655737705,NA,NA,NA,NA,NA,NA,NA,NA,NA,NA,NA,NA,NA,NA,NA
2010,Derrick Williams,derrick williams,DET,WR,4,5,3,30,0,0,1,32,8,-1.5549101974465884,0.6,6,10,0,6.4,2.6666666666666665,NA,NA,NA,NA,NA,NA,NA,NA,NA,NA,NA,NA,NA,NA,NA
2010,Devery Henderson,devery henderson,NO,WR,16,59,34,464,1,0,21,803,130,8.021086199880257,0.576271186440678,7.864406779661017,13.647058823529411,0.01694915254237288,13.610169491525424,3.823529411764706,NA,NA,NA,NA,NA,NA,NA,NA,NA,NA,NA,NA,NA,NA,NA
2010,Devin Aromashodu,devin aromashodu,CHI,WR,9,24,10,149,0,0,8,271,51,-0.6847352747716942,0.4166666666666667,6.208333333333333,14.9,0,11.291666666666666,5.1,NA,NA,NA,NA,NA,NA,NA,NA,NA,NA,NA,NA,NA,NA,NA
2010,Devin Hester,devin hester,CHI,WR,16,73,40,475,4,0,23,768,221,3.4884840100967196,0.547945205479452,6.506849315068493,11.875,0.0547945205479452,10.520547945205479,5.525,NA,NA,NA,NA,NA,NA,NA,NA,NA,NA,NA,NA,NA,NA,NA
2010,Dez Bryant,dez bryant,DAL,WR,12,72,45,561,6,0,27,789,192,24.838974221461953,0.625,7.791666666666667,12.466666666666667,0.08333333333333333,10.958333333333334,4.266666666666667,NA,NA,NA,NA,NA,NA,NA,NA,NA,NA,NA,NA,NA,NA,NA
2010,Dominique Curry,dominique curry,LA,WR,2,0,0,0,0,0,0,0,0,NA,NA,NA,NA,NA,NA,NA,NA,NA,NA,NA,NA,NA,NA,NA,NA,NA,NA,NA,NA,NA,NA
2010,Donald Jones,donald jones,BUF,WR,13,41,18,213,1,0,8,365,86,-14.448975845190164,0.43902439024390244,5.195121951219512,11.833333333333334,0.024390243902439025,8.902439024390244,4.777777777777778,NA,NA,NA,NA,NA,NA,NA,NA,NA,NA,NA,NA,NA,NA,NA
2010,Donte' Stallworth,donte stallworth,BAL,WR,6,5,2,82,0,0,2,129,22,4.447325490240473,0.4,16.4,41,0,25.8,11,NA,NA,NA,NA,NA,NA,NA,NA,NA,NA,NA,NA,NA,NA,NA
2010,Duke Calhoun,duke calhoun,NYG,WR,6,2,1,4,0,0,0,7,4,-0.6225139488233253,0.5,2,4,0,3.5,4,NA,NA,NA,NA,NA,NA,NA,NA,NA,NA,NA,NA,NA,NA,NA
2010,Dwayne Bowe,dwayne bowe,KC,WR,16,133,72,1162,15,1,55,1756,368,61.86893111660419,0.5413533834586466,8.736842105263158,16.13888888888889,0.11278195488721804,13.203007518796992,5.111111111111111,NA,NA,NA,NA,NA,NA,NA,NA,NA,NA,NA,NA,NA,NA,NA
2010,Earl Bennett,earl bennett,CHI,WR,14,70,46,561,3,1,27,561,205,18.746576087220223,0.6571428571428571,8.014285714285714,12.195652173913043,0.04285714285714286,8.014285714285714,4.456521739130435,NA,NA,NA,NA,NA,NA,NA,NA,NA,NA,NA,NA,NA,NA,NA
2010,Early Doucet,early doucet,ARI,WR,10,59,26,291,1,0,10,503,80,-19.47443257266162,0.4406779661016949,4.932203389830509,11.192307692307692,0.01694915254237288,8.525423728813559,3.076923076923077,NA,NA,NA,NA,NA,NA,NA,NA,NA,NA,NA,NA,NA,NA,NA
2010,Eddie Royal,eddie royal,DEN,WR,16,105,59,627,3,1,32,738,367,-3.1543380223871633,0.5619047619047619,5.9714285714285715,10.627118644067796,0.02857142857142857,7.0285714285714285,6.220338983050848,NA,NA,NA,NA,NA,NA,NA,NA,NA,NA,NA,NA,NA,NA,NA
2010,Emmanuel Sanders,emmanuel sanders,PIT,WR,13,50,28,376,2,0,18,631,71,14.455570673589445,0.56,7.52,13.428571428571429,0.04,12.62,2.5357142857142856,NA,NA,NA,NA,NA,NA,NA,NA,NA,NA,NA,NA,NA,NA,NA
2010,Eric Decker,eric decker,DEN,WR,10,8,6,106,1,1,4,120,24,3.6737283742404543,0.75,13.25,17.666666666666668,0.125,15,4,NA,NA,NA,NA,NA,NA,NA,NA,NA,NA,NA,NA,NA,NA,NA
2010,Eric Weems,eric weems,ATL,WR,16,6,6,61,0,0,3,39,22,5.950147785100853,1,10.166666666666666,10.166666666666666,0,6.5,3.6666666666666665,NA,NA,NA,NA,NA,NA,NA,NA,NA,NA,NA,NA,NA,NA,NA
2010,Golden Tate,golden tate,SEA,WR,11,39,21,227,0,0,8,393,109,-6.213847230787289,0.5384615384615384,5.82051282051282,10.80952380952381,0,10.076923076923077,5.190476190476191,NA,NA,NA,NA,NA,NA,NA,NA,NA,NA,NA,NA,NA,NA,NA
2010,Greg Camarillo,greg camarillo,MIN,WR,16,34,20,240,1,0,12,310,87,-5.763514095682051,0.5882352941176471,7.0588235294117645,12,0.029411764705882353,9.117647058823529,4.35,NA,NA,NA,NA,NA,NA,NA,NA,NA,NA,NA,NA,NA,NA,NA
2010,Greg Jennings,greg jennings,GB,WR,16,125,76,1265,12,2,52,1805,401,56.41908689842097,0.608,10.12,16.644736842105264,0.096,14.44,5.276315789473684,NA,NA,NA,NA,NA,NA,NA,NA,NA,NA,NA,NA,NA,NA,NA
2010,Hakeem Nicks,hakeem nicks,NYG,WR,13,128,79,1052,11,1,55,1537,294,30.221483515104868,0.6171875,8.21875,13.316455696202532,0.0859375,12.0078125,3.721518987341772,NA,NA,NA,NA,NA,NA,NA,NA,NA,NA,NA,NA,NA,NA,NA
2010,Harry Douglas,harry douglas,ATL,WR,15,53,22,294,1,0,15,655,121,-3.949247424704276,0.41509433962264153,5.547169811320755,13.363636363636363,0.018867924528301886,12.358490566037736,5.5,NA,NA,NA,NA,NA,NA,NA,NA,NA,NA,NA,NA,NA,NA,NA
2010,Jabar Gaffney,jabar gaffney,DEN,WR,16,112,65,875,2,1,42,1301,213,14.256974336138073,0.5803571428571429,7.8125,13.461538461538462,0.017857142857142856,11.616071428571429,3.276923076923077,NA,NA,NA,NA,NA,NA,NA,NA,NA,NA,NA,NA,NA,NA,NA
2010,Jacoby Ford,jacoby ford,LV,WR,15,54,25,470,2,0,19,792,103,2.42999188277375,0.46296296296296297,8.703703703703704,18.8,0.037037037037037035,14.666666666666666,4.12,NA,NA,NA,NA,NA,NA,NA,NA,NA,NA,NA,NA,NA,NA,NA
2010,Jacoby Jones,jacoby jones,HOU,WR,15,78,51,562,3,1,31,648,231,19.18777579524597,0.6538461538461539,7.205128205128205,11.019607843137255,0.038461538461538464,8.307692307692308,4.529411764705882,NA,NA,NA,NA,NA,NA,NA,NA,NA,NA,NA,NA,NA,NA,NA
2010,James Butler,james butler,LA,DB,9,0,0,0,0,0,0,0,0,NA,NA,NA,NA,NA,NA,NA,NA,NA,NA,NA,NA,NA,NA,NA,NA,NA,NA,NA,NA,NA,NA
2010,James Holt,james holt,LAC,LB,2,0,0,0,0,0,0,0,0,NA,NA,NA,NA,NA,NA,NA,NA,NA,NA,NA,NA,NA,NA,NA,NA,NA,NA,NA,NA,NA,NA
2010,James Jones,james jones,GB,WR,16,87,50,679,5,3,33,994,284,22.087331054825146,0.5747126436781609,7.804597701149425,13.58,0.05747126436781609,11.425287356321839,5.68,NA,NA,NA,NA,NA,NA,NA,NA,NA,NA,NA,NA,NA,NA,NA
2010,Jason Avant,jason avant,PHI,WR,16,75,51,573,1,0,31,741,157,28.932743431295044,0.68,7.64,11.235294117647058,0.013333333333333334,9.88,3.0784313725490198,NA,NA,NA,NA,NA,NA,NA,NA,NA,NA,NA,NA,NA,NA,NA
2010,Jason Hill,jason hill,JAX,WR,6,21,11,248,1,0,9,371,42,9.742939415789584,0.5238095238095238,11.80952380952381,22.545454545454547,0.047619047619047616,17.666666666666668,3.8181818181818183,NA,NA,NA,NA,NA,NA,NA,NA,NA,NA,NA,NA,NA,NA,NA
2010,Jeremy Horne,jeremy horne,KC,WR,2,1,0,0,0,0,0,21,0,-0.26172204423346557,0,0,NA,0,21,NA,NA,NA,NA,NA,NA,NA,NA,NA,NA,NA,NA,NA,NA,NA,NA
2010,Jeremy Maclin,jeremy maclin,PHI,WR,16,115,70,964,10,1,45,1495,273,29.484026817715517,0.6086956521739131,8.382608695652173,13.771428571428572,0.08695652173913043,13,3.9,NA,NA,NA,NA,NA,NA,NA,NA,NA,NA,NA,NA,NA,NA,NA
2010,Jerome Simpson,jerome simpson,CIN,WR,4,25,20,277,3,2,14,278,78,14.839194085717798,0.8,11.08,13.85,0.12,11.12,3.9,NA,NA,NA,NA,NA,NA,NA,NA,NA,NA,NA,NA,NA,NA,NA
2010,Jerricho Cotchery,jerricho cotchery,NYJ,WR,14,86,41,433,2,0,26,899,110,-6.035352309142292,0.47674418604651164,5.034883720930233,10.560975609756097,0.023255813953488372,10.453488372093023,2.682926829268293,NA,NA,NA,NA,NA,NA,NA,NA,NA,NA,NA,NA,NA,NA,NA
2010,Jesse Holley,jesse holley,DAL,WR,5,0,0,0,0,0,0,0,0,NA,NA,NA,NA,NA,NA,NA,NA,NA,NA,NA,NA,NA,NA,NA,NA,NA,NA,NA,NA,NA,NA
2010,John Matthews,john matthews,JAX,WR,1,1,0,0,0,0,0,21,0,-1.6278212014585733,0,0,NA,0,21,NA,NA,NA,NA,NA,NA,NA,NA,NA,NA,NA,NA,NA,NA,NA,NA
2010,Jordan Shipley,jordan shipley,CIN,WR,15,74,52,600,3,0,30,570,206,21.662556347302456,0.7027027027027027,8.108108108108109,11.538461538461538,0.04054054054054054,7.702702702702703,3.9615384615384617,NA,NA,NA,NA,NA,NA,NA,NA,NA,NA,NA,NA,NA,NA,NA
2010,Jordy Nelson,jordy nelson,GB,WR,16,64,45,582,2,1,25,662,250,29.47735917653153,0.703125,9.09375,12.933333333333334,0.03125,10.34375,5.555555555555555,NA,NA,NA,NA,NA,NA,NA,NA,NA,NA,NA,NA,NA,NA,NA
2010,Josh Johnson,josh johnson,TB,QB,8,1,0,0,0,0,0,15,0,-0.5398355391807854,0,0,NA,0,15,NA,NA,NA,NA,NA,NA,NA,NA,NA,NA,NA,NA,NA,NA,NA,NA
2010,Josh Morgan,josh morgan,SF,WR,16,80,44,698,2,1,27,1007,299,15.573699591026884,0.55,8.725,15.863636363636363,0.025,12.5875,6.795454545454546,NA,NA,NA,NA,NA,NA,NA,NA,NA,NA,NA,NA,NA,NA,NA
2010,Julian Edelman,julian edelman,NE,WR,15,14,7,86,0,0,3,46,99,-3.1107580961620425,0.5,6.142857142857143,12.285714285714286,0,3.2857142857142856,14.142857142857142,NA,NA,NA,NA,NA,NA,NA,NA,NA,NA,NA,NA,NA,NA,NA
2010,Kassim Osgood,kassim osgood,JAX,WR,14,16,6,60,1,0,4,166,20,-2.0973997811379377,0.375,3.75,10,0.0625,10.375,3.3333333333333335,NA,NA,NA,NA,NA,NA,NA,NA,NA,NA,NA,NA,NA,NA,NA
2010,Kenny Britt,kenny britt,TEN,WR,11,73,42,775,9,1,33,1223,123,45.8736838792588,0.5753424657534246,10.616438356164384,18.452380952380953,0.1232876712328767,16.753424657534246,2.9285714285714284,NA,NA,NA,NA,NA,NA,NA,NA,NA,NA,NA,NA,NA,NA,NA
2010,Kevin Ogletree,kevin ogletree,DAL,WR,3,6,3,34,0,0,2,56,6,-0.48188009092906414,0.5,5.666666666666667,11.333333333333334,0,9.333333333333334,2,NA,NA,NA,NA,NA,NA,NA,NA,NA,NA,NA,NA,NA,NA,NA
2010,Kevin Smith,kevin smith,DET,RB,6,16,11,123,0,0,7,25,104,7.264903415541725,0.6875,7.6875,11.181818181818182,0,1.5625,9.454545454545455,NA,NA,NA,NA,NA,NA,NA,NA,NA,NA,NA,NA,NA,NA,NA
2010,Kevin Walter,kevin walter,HOU,WR,14,80,51,621,5,0,33,829,131,14.49722873036536,0.6375,7.7625,12.176470588235293,0.0625,10.3625,2.5686274509803924,NA,NA,NA,NA,NA,NA,NA,NA,NA,NA,NA,NA,NA,NA,NA
2010,Kyle Williams,kyle williams,BUF/SF,DT,19,1,1,8,0,0,0,4,4,0.202227862784639,1,8,8,0,4,4,NA,NA,NA,NA,NA,NA,NA,NA,NA,NA,NA,NA,NA,NA,NA
2010,Lance Moore,lance moore,NO,WR,15,94,66,763,8,1,40,774,290,37.01323981135933,0.7021276595744681,8.117021276595745,11.56060606060606,0.0851063829787234,8.23404255319149,4.393939393939394,NA,NA,NA,NA,NA,NA,NA,NA,NA,NA,NA,NA,NA,NA,NA
2010,Larry Fitzgerald,larry fitzgerald,ARI,WR,16,173,90,1137,6,0,59,2147,210,-14.19838841126304,0.5202312138728323,6.572254335260116,12.633333333333333,0.03468208092485549,12.410404624277456,2.3333333333333335,NA,NA,NA,NA,NA,NA,NA,NA,NA,NA,NA,NA,NA,NA,NA
2010,Laurent Robinson,laurent robinson,LA,WR,13,75,34,344,2,0,20,731,109,-3.928657187974045,0.4533333333333333,4.586666666666667,10.117647058823529,0.02666666666666667,9.746666666666666,3.2058823529411766,NA,NA,NA,NA,NA,NA,NA,NA,NA,NA,NA,NA,NA,NA,NA
2010,Lavelle Hawkins,lavelle hawkins,TEN,WR,3,6,5,61,0,0,3,89,5,6.125845308066346,0.8333333333333334,10.166666666666666,12.2,0,14.833333333333334,1,NA,NA,NA,NA,NA,NA,NA,NA,NA,NA,NA,NA,NA,NA,NA
2010,Lee Evans,lee evans,BUF,WR,13,83,37,578,4,2,27,1317,120,6.5482539242074544,0.4457831325301205,6.963855421686747,15.621621621621621,0.04819277108433735,15.867469879518072,3.2432432432432434,NA,NA,NA,NA,NA,NA,NA,NA,NA,NA,NA,NA,NA,NA,NA
2010,Legedu Naanee,legedu naanee,LAC,WR,9,46,23,371,1,1,20,548,106,10.47646458958155,0.5,8.065217391304348,16.130434782608695,0.021739130434782608,11.91304347826087,4.608695652173913,NA,NA,NA,NA,NA,NA,NA,NA,NA,NA,NA,NA,NA,NA,NA
2010,Louis Murphy,louis murphy,LV,WR,14,78,41,609,2,2,27,1001,206,8.697059760471419,0.5256410256410257,7.8076923076923075,14.853658536585366,0.02564102564102564,12.833333333333334,5.024390243902439,NA,NA,NA,NA,NA,NA,NA,NA,NA,NA,NA,NA,NA,NA,NA
2010,Malcom Floyd,malcom floyd,LAC,WR,11,77,37,717,6,1,33,1343,110,25.013185104145844,0.4805194805194805,9.311688311688311,19.37837837837838,0.07792207792207792,17.441558441558442,2.972972972972973,NA,NA,NA,NA,NA,NA,NA,NA,NA,NA,NA,NA,NA,NA,NA
2010,Marc Mariani,marc mariani,TEN,WR,16,2,0,0,0,0,0,-4,0,-1.74084458546713,0,0,NA,0,-2,NA,NA,NA,NA,NA,NA,NA,NA,NA,NA,NA,NA,NA,NA,NA,NA
2010,Marcus Smith,marcus smith,BAL,WR,7,0,0,0,0,0,0,0,0,NA,NA,NA,NA,NA,NA,NA,NA,NA,NA,NA,NA,NA,NA,NA,NA,NA,NA,NA,NA,NA,NA
2010,Mardy Gilyard,mardy gilyard,LA,WR,7,16,6,63,0,0,4,143,20,-2.856499487158773,0.375,3.9375,10.5,0,8.9375,3.3333333333333335,NA,NA,NA,NA,NA,NA,NA,NA,NA,NA,NA,NA,NA,NA,NA
2010,Mario Manningham,mario manningham,NYG,WR,16,92,60,944,9,1,32,1184,350,29.29505440610106,0.6521739130434783,10.26086956521739,15.733333333333333,0.09782608695652174,12.869565217391305,5.833333333333333,NA,NA,NA,NA,NA,NA,NA,NA,NA,NA,NA,NA,NA,NA,NA
2010,Mario Williams,mario williams,HOU,DE,12,0,0,0,0,0,0,0,0,NA,NA,NA,NA,NA,NA,NA,NA,NA,NA,NA,NA,NA,NA,NA,NA,NA,NA,NA,NA,NA,NA
2010,Mark Clayton,mark clayton,LA,WR,5,42,23,306,2,0,15,399,96,2.3106656852469314,0.5476190476190477,7.285714285714286,13.304347826086957,0.047619047619047616,9.5,4.173913043478261,NA,NA,NA,NA,NA,NA,NA,NA,NA,NA,NA,NA,NA,NA,NA
2010,Marlon Moore,marlon moore,MIA,WR,7,19,6,128,1,0,4,241,72,0.9951624850779082,0.3157894736842105,6.7368421052631575,21.333333333333332,0.05263157894736842,12.68421052631579,12,NA,NA,NA,NA,NA,NA,NA,NA,NA,NA,NA,NA,NA,NA,NA
2010,Marques Colston,marques colston,NO,WR,15,132,84,1023,7,0,57,1350,268,53.4741703962455,0.6363636363636364,7.75,12.178571428571429,0.05303030303030303,10.227272727272727,3.1904761904761907,NA,NA,NA,NA,NA,NA,NA,NA,NA,NA,NA,NA,NA,NA,NA
2010,Matt Willis,matt willis,DEN,WR,2,2,1,17,0,0,1,34,0,2.9976286574383266,0.5,8.5,17,0,17,0,NA,NA,NA,NA,NA,NA,NA,NA,NA,NA,NA,NA,NA,NA,NA
2010,Matthew Slater,matthew slater,NE,WR,10,1,0,0,0,0,0,51,0,-0.7686098669655621,0,0,NA,0,51,NA,NA,NA,NA,NA,NA,NA,NA,NA,NA,NA,NA,NA,NA,NA,NA
2010,Maurice Stovall,maurice stovall,TB,WR,7,9,7,81,1,0,4,38,56,2.8308128486270183,0.7777777777777778,9,11.571428571428571,0.1111111111111111,4.222222222222222,8,NA,NA,NA,NA,NA,NA,NA,NA,NA,NA,NA,NA,NA,NA,NA
2010,Max Komar,max komar,ARI,WR,8,22,12,117,0,1,6,212,40,-19.236176968435757,0.5454545454545454,5.318181818181818,9.75,0,9.636363636363637,3.3333333333333335,NA,NA,NA,NA,NA,NA,NA,NA,NA,NA,NA,NA,NA,NA,NA
2010,Michael Bennett,michael bennett,LV/TB,RB,16,2,2,9,0,0,0,6,3,-0.6108029537135735,1,4.5,4.5,0,3,1.5,NA,NA,NA,NA,NA,NA,NA,NA,NA,NA,NA,NA,NA,NA,NA
2010,Michael Clayton,michael clayton,NYG,WR,2,4,2,19,0,0,1,45,2,-1.8575260508805513,0.5,4.75,9.5,0,11.25,1,NA,NA,NA,NA,NA,NA,NA,NA,NA,NA,NA,NA,NA,NA,NA
2010,Michael Crabtree,michael crabtree,SF,WR,16,101,55,741,6,0,40,1043,292,0.6494371160988548,0.5445544554455446,7.336633663366337,13.472727272727273,0.0594059405940594,10.326732673267326,5.3090909090909095,NA,NA,NA,NA,NA,NA,NA,NA,NA,NA,NA,NA,NA,NA,NA
2010,Michael Jenkins,michael jenkins,ATL,WR,11,73,41,505,2,0,29,985,83,22.893269946448466,0.5616438356164384,6.917808219178082,12.317073170731707,0.0273972602739726,13.493150684931507,2.024390243902439,NA,NA,NA,NA,NA,NA,NA,NA,NA,NA,NA,NA,NA,NA,NA
2010,Michael Johnson,michael johnson,NYG/CIN,FS,15,0,0,0,0,0,0,0,0,NA,NA,NA,NA,NA,NA,NA,NA,NA,NA,NA,NA,NA,NA,NA,NA,NA,NA,NA,NA,NA,NA
2010,Micheal Spurlock,micheal spurlock,TB,WR,16,33,17,250,2,0,12,516,33,11.326934967524718,0.5151515151515151,7.575757575757576,14.705882352941176,0.06060606060606061,15.636363636363637,1.9411764705882353,NA,NA,NA,NA,NA,NA,NA,NA,NA,NA,NA,NA,NA,NA,NA
2010,Mike Sims-Walker,mike sims walker,JAX,WR,14,80,43,562,7,1,33,906,117,18.18035129863115,0.5375,7.025,13.069767441860465,0.0875,11.325,2.7209302325581395,NA,NA,NA,NA,NA,NA,NA,NA,NA,NA,NA,NA,NA,NA,NA
2010,Mike Thomas,mike thomas,JAX,WR,16,101,66,820,4,0,38,1101,300,34.58294258362218,0.6534653465346535,8.118811881188119,12.424242424242424,0.039603960396039604,10.900990099009901,4.545454545454546,NA,NA,NA,NA,NA,NA,NA,NA,NA,NA,NA,NA,NA,NA,NA
2010,Mike Wallace,mike wallace,PIT,WR,16,98,60,1257,10,1,48,1532,361,69.54921622401743,0.6122448979591837,12.826530612244898,20.95,0.10204081632653061,15.63265306122449,6.016666666666667,NA,NA,NA,NA,NA,NA,NA,NA,NA,NA,NA,NA,NA,NA,NA
2010,Mike Williams,mike williams,SEA/TB,WR,29,239,130,1715,13,3,84,2898,528,55.65100203371874,0.5439330543933054,7.175732217573222,13.192307692307692,0.05439330543933055,12.125523012552302,4.061538461538461,NA,NA,NA,NA,NA,NA,NA,NA,NA,NA,NA,NA,NA,NA,NA
2010,Miles Austin,miles austin,DAL,WR,16,119,69,1041,7,1,50,1196,448,26.75571457474291,0.5798319327731093,8.747899159663865,15.08695652173913,0.058823529411764705,10.050420168067227,6.492753623188406,NA,NA,NA,NA,NA,NA,NA,NA,NA,NA,NA,NA,NA,NA,NA
2010,Mohamed Massaquoi,mohamed massaquoi,CLE,WR,15,73,36,483,2,1,24,946,137,-19.540664531924307,0.4931506849315068,6.616438356164384,13.416666666666666,0.0273972602739726,12.95890410958904,3.8055555555555554,NA,NA,NA,NA,NA,NA,NA,NA,NA,NA,NA,NA,NA,NA,NA
2010,Naaman Roosevelt,naaman roosevelt,BUF,WR,4,17,9,139,0,0,7,194,33,1.29299389445805,0.5294117647058824,8.176470588235293,15.444444444444445,0,11.411764705882353,3.6666666666666665,NA,NA,NA,NA,NA,NA,NA,NA,NA,NA,NA,NA,NA,NA,NA
2010,Nate Washington,nate washington,TEN,WR,16,94,42,687,6,0,34,1544,114,5.368553891969495,0.44680851063829785,7.308510638297872,16.357142857142858,0.06382978723404255,16.425531914893618,2.7142857142857144,NA,NA,NA,NA,NA,NA,NA,NA,NA,NA,NA,NA,NA,NA,NA
2010,Nick Miller,nick miller,LV,WR,9,4,3,40,0,0,1,59,3,1.8616041866855808,0.75,10,13.333333333333334,0,14.75,1,NA,NA,NA,NA,NA,NA,NA,NA,NA,NA,NA,NA,NA,NA,NA
2010,Patrick Turner,patrick turner,NYJ,WR,3,2,2,26,0,0,0,23,3,1.1849205968901515,1,13,13,0,11.5,1.5,NA,NA,NA,NA,NA,NA,NA,NA,NA,NA,NA,NA,NA,NA,NA
2010,Percy Harvin,percy harvin,MIN,WR,14,109,71,868,5,0,41,1006,425,19.621970850930783,0.6513761467889908,7.963302752293578,12.225352112676056,0.045871559633027525,9.229357798165138,5.985915492957746,NA,NA,NA,NA,NA,NA,NA,NA,NA,NA,NA,NA,NA,NA,NA
2010,Pierre Garcon,pierre garcon,IND,WR,14,120,68,816,6,1,41,1449,251,24.200592247392024,0.5666666666666667,6.8,12,0.05,12.075,3.6911764705882355,NA,NA,NA,NA,NA,NA,NA,NA,NA,NA,NA,NA,NA,NA,NA
2010,Preston Parker,preston parker,TB,WR,8,9,4,42,0,0,3,76,31,-0.7451995250411896,0.4444444444444444,4.666666666666667,10.5,0,8.444444444444445,7.75,NA,NA,NA,NA,NA,NA,NA,NA,NA,NA,NA,NA,NA,NA,NA
2010,Quan Cosby,quan cosby,CIN,WR,16,2,2,16,0,0,1,8,8,1.3719272289890796,1,8,8,0,4,4,NA,NA,NA,NA,NA,NA,NA,NA,NA,NA,NA,NA,NA,NA,NA
2010,Ramses Barden,ramses barden,NYG,WR,4,7,5,64,0,0,2,71,10,0.1013964122994766,0.7142857142857143,9.142857142857142,12.8,0,10.142857142857142,2,NA,NA,NA,NA,NA,NA,NA,NA,NA,NA,NA,NA,NA,NA,NA
2010,Randy Moss,randy moss,TEN,WR,13,63,28,393,5,0,20,1084,63,7.991318517534431,0.4444444444444444,6.238095238095238,14.035714285714286,0.07936507936507936,17.206349206349206,2.25,NA,NA,NA,NA,NA,NA,NA,NA,NA,NA,NA,NA,NA,NA,NA
2010,Rashied Davis,rashied davis,CHI,WR,12,14,9,84,1,0,6,85,26,3.1585019763442688,0.6428571428571429,6,9.333333333333334,0.07142857142857142,6.071428571428571,2.888888888888889,NA,NA,NA,NA,NA,NA,NA,NA,NA,NA,NA,NA,NA,NA,NA
2010,Reggie Wayne,reggie wayne,IND,WR,16,175,111,1355,6,1,72,1922,412,39.18794987708322,0.6342857142857142,7.742857142857143,12.207207207207206,0.03428571428571429,10.982857142857142,3.7117117117117115,NA,NA,NA,NA,NA,NA,NA,NA,NA,NA,NA,NA,NA,NA,NA
2010,Richard Goodman,richard goodman,LAC,WR,3,2,1,25,0,1,0,47,4,-3.6411778100268117,0.5,12.5,25,0,23.5,4,NA,NA,NA,NA,NA,NA,NA,NA,NA,NA,NA,NA,NA,NA,NA
2010,Robert Meachem,robert meachem,NO,WR,16,66,44,638,5,0,27,948,130,19.0228751117523,0.6666666666666666,9.666666666666666,14.5,0.07575757575757576,14.363636363636363,2.9545454545454546,NA,NA,NA,NA,NA,NA,NA,NA,NA,NA,NA,NA,NA,NA,NA
2010,Roberto Wallace,roberto wallace,MIA,WR,9,10,6,62,0,0,1,84,16,3.1272480277407047,0.6,6.2,10.333333333333334,0,8.4,2.6666666666666665,NA,NA,NA,NA,NA,NA,NA,NA,NA,NA,NA,NA,NA,NA,NA
2010,Roscoe Parrish,roscoe parrish,BUF,WR,8,53,33,392,2,1,20,479,109,7.965574502499276,0.6226415094339622,7.39622641509434,11.878787878787879,0.03773584905660377,9.037735849056604,3.303030303030303,NA,NA,NA,NA,NA,NA,NA,NA,NA,NA,NA,NA,NA,NA,NA
2010,Roy Williams,roy williams,CIN/DAL,S,27,64,37,530,5,3,26,686,205,-3.594058156959246,0.578125,8.28125,14.324324324324325,0.078125,10.71875,5.54054054054054,NA,NA,NA,NA,NA,NA,NA,NA,NA,NA,NA,NA,NA,NA,NA
2010,Ruvell Martin,ruvell martin,SEA,WR,2,9,7,158,1,0,6,146,51,9.476959789113607,0.7777777777777778,17.555555555555557,22.571428571428573,0.1111111111111111,16.22222222222222,7.285714285714286,NA,NA,NA,NA,NA,NA,NA,NA,NA,NA,NA,NA,NA,NA,NA
2010,Ryan Grant,ryan grant,GB,RB,1,0,0,0,0,0,0,0,0,NA,NA,NA,NA,NA,NA,NA,NA,NA,NA,NA,NA,NA,NA,NA,NA,NA,NA,NA,NA,NA,NA
2010,Sam Hurd,sam hurd,DAL,WR,13,23,14,120,0,0,11,158,67,4.077764906991204,0.6086956521739131,5.217391304347826,8.571428571428571,0,6.869565217391305,4.785714285714286,NA,NA,NA,NA,NA,NA,NA,NA,NA,NA,NA,NA,NA,NA,NA
2010,Santana Moss,santana moss,WAS,WR,16,145,93,1115,6,3,61,1385,477,17.795227047988185,0.6413793103448275,7.689655172413793,11.989247311827956,0.041379310344827586,9.551724137931034,5.129032258064516,NA,NA,NA,NA,NA,NA,NA,NA,NA,NA,NA,NA,NA,NA,NA
2010,Santonio Holmes,santonio holmes,NYJ,WR,12,96,52,746,6,0,36,1205,216,18.69991564298158,0.5416666666666666,7.770833333333333,14.346153846153847,0.0625,12.552083333333334,4.153846153846154,NA,NA,NA,NA,NA,NA,NA,NA,NA,NA,NA,NA,NA,NA,NA
2010,Seyi Ajirotutu,seyi ajirotutu,LAC,WR,6,23,13,262,2,0,12,377,70,17.054872180856204,0.5652173913043478,11.391304347826088,20.153846153846153,0.08695652173913043,16.391304347826086,5.384615384615385,NA,NA,NA,NA,NA,NA,NA,NA,NA,NA,NA,NA,NA,NA,NA
2010,Sidney Rice,sidney rice,MIN,WR,6,42,17,280,2,0,14,734,43,0.014654859166628675,0.40476190476190477,6.666666666666667,16.470588235294116,0.047619047619047616,17.476190476190474,2.5294117647058822,NA,NA,NA,NA,NA,NA,NA,NA,NA,NA,NA,NA,NA,NA,NA
2010,Stefan Logan,stefan logan,DET,WR,16,1,0,0,0,0,0,-1,0,-0.5400788827100769,0,0,NA,0,-1,NA,NA,NA,NA,NA,NA,NA,NA,NA,NA,NA,NA,NA,NA,NA,NA
2010,Stephen Williams,stephen williams,ARI,WR,6,23,9,101,0,0,5,246,33,-6.039842060068622,0.391304347826087,4.391304347826087,11.222222222222221,0,10.695652173913043,3.6666666666666665,NA,NA,NA,NA,NA,NA,NA,NA,NA,NA,NA,NA,NA,NA,NA
2010,Steve Breaston,steve breaston,ARI,WR,13,87,47,718,1,0,32,1171,168,13.046860372783154,0.5402298850574713,8.25287356321839,15.27659574468085,0.011494252873563218,13.459770114942529,3.574468085106383,NA,NA,NA,NA,NA,NA,NA,NA,NA,NA,NA,NA,NA,NA,NA
2010,Steve Smith,steve smith,CAR/NYG,WR,23,174,94,1083,5,2,53,1921,322,1.8678180056094114,0.5402298850574713,6.224137931034483,11.52127659574468,0.028735632183908046,11.040229885057471,3.425531914893617,NA,NA,NA,NA,NA,NA,NA,NA,NA,NA,NA,NA,NA,NA,NA
2010,T.J. Houshmandzadeh,t j houshmandzadeh,BAL,WR,16,57,30,398,3,1,20,750,76,9.772874890665017,0.5263157894736842,6.982456140350878,13.266666666666667,0.05263157894736842,13.157894736842104,2.533333333333333,NA,NA,NA,NA,NA,NA,NA,NA,NA,NA,NA,NA,NA,NA,NA
2010,Terrance Copper,terrance copper,KC,WR,14,28,18,157,0,0,9,174,62,-2.5582082065584983,0.6428571428571429,5.607142857142857,8.722222222222221,0,6.214285714285714,3.4444444444444446,NA,NA,NA,NA,NA,NA,NA,NA,NA,NA,NA,NA,NA,NA,NA
2010,Terrell Owens,terrell owens,CIN,WR,13,139,72,983,9,0,47,1769,333,-14.367789510476706,0.5179856115107914,7.071942446043166,13.652777777777779,0.06474820143884892,12.726618705035971,4.625,NA,NA,NA,NA,NA,NA,NA,NA,NA,NA,NA,NA,NA,NA,NA
2010,Terrence Austin,terrence austin,WAS,WR,4,5,3,47,0,0,3,59,20,2.699447052727919,0.6,9.4,15.666666666666666,0,11.8,6.666666666666667,NA,NA,NA,NA,NA,NA,NA,NA,NA,NA,NA,NA,NA,NA,NA
2010,Tiquan Underwood,tiquan underwood,JAX,WR,10,22,8,111,0,0,6,374,19,-16.030996969464063,0.36363636363636365,5.045454545454546,13.875,0,17,2.375,NA,NA,NA,NA,NA,NA,NA,NA,NA,NA,NA,NA,NA,NA,NA
2010,Tom Nelson,tom nelson,CIN,DB,6,0,0,0,0,0,0,0,0,NA,NA,NA,NA,NA,NA,NA,NA,NA,NA,NA,NA,NA,NA,NA,NA,NA,NA,NA,NA,NA,NA
2010,Tony Brown,tony brown,TEN,DT,10,0,0,0,0,0,0,0,0,NA,NA,NA,NA,NA,NA,NA,NA,NA,NA,NA,NA,NA,NA,NA,NA,NA,NA,NA,NA,NA,NA
2010,Verran Tucker,verran tucker,KC,WR,11,19,6,114,1,0,5,281,22,3.8101672588304742,0.3157894736842105,6,19,0.05263157894736842,14.789473684210526,3.6666666666666665,NA,NA,NA,NA,NA,NA,NA,NA,NA,NA,NA,NA,NA,NA,NA
2010,Vincent Jackson,vincent jackson,LAC,WR,4,24,14,248,3,0,12,269,48,13.649365491982492,0.5833333333333334,10.333333333333334,17.714285714285715,0.125,11.208333333333334,3.4285714285714284,NA,NA,NA,NA,NA,NA,NA,NA,NA,NA,NA,NA,NA,NA,NA
2010,Wes Welker,wes welker,NE,WR,15,123,86,848,7,0,47,676,403,35.59554309893115,0.6991869918699187,6.894308943089431,9.86046511627907,0.056910569105691054,5.495934959349594,4.686046511627907,NA,NA,NA,NA,NA,NA,NA,NA,NA,NA,NA,NA,NA,NA,NA
2010,Yamon Figurs,yamon figurs,CLE,WR,2,2,2,17,0,0,1,10,7,1.0525475612375885,1,8.5,8.5,0,5,3.5,NA,NA,NA,NA,NA,NA,NA,NA,NA,NA,NA,NA,NA,NA,NA
2011,A.J. Green,a j green,CIN,WR,15,115,65,1057,7,0,43,1559,265,35.892678518775256,0.5652173913043478,9.191304347826087,16.26153846153846,0.06086956521739131,13.556521739130435,4.076923076923077,NA,NA,NA,NA,NA,NA,NA,NA,NA,NA,NA,NA,NA,NA,NA
2011,Adrian Arrington,adrian arrington,NO,WR,2,3,2,31,0,0,2,36,0,1.460955959977582,0.6666666666666666,10.333333333333334,15.5,0,12,0,NA,NA,NA,NA,NA,NA,NA,NA,NA,NA,NA,NA,NA,NA,NA
2011,Andre Caldwell,andre caldwell,CIN,WR,12,68,37,317,3,0,15,494,113,-29.241009142930434,0.5441176470588235,4.661764705882353,8.567567567567568,0.04411764705882353,7.264705882352941,3.054054054054054,NA,NA,NA,NA,NA,NA,NA,NA,NA,NA,NA,NA,NA,NA,NA
2011,Andre Johnson,andre johnson,HOU,WR,7,51,33,492,2,0,23,677,137,14.084437563022707,0.6470588235294118,9.647058823529411,14.909090909090908,0.0392156862745098,13.27450980392157,4.151515151515151,NA,NA,NA,NA,NA,NA,NA,NA,NA,NA,NA,NA,NA,NA,NA
2011,Andre Roberts,andre roberts,ARI,WR,16,98,51,586,2,1,29,894,226,-22.894454399205504,0.5204081632653061,5.979591836734694,11.490196078431373,0.02040816326530612,9.122448979591837,4.431372549019608,NA,NA,NA,NA,NA,NA,NA,NA,NA,NA,NA,NA,NA,NA,NA
2011,Andrew Hawkins,andrew hawkins,CIN,WR,12,34,23,263,0,0,12,227,144,3.226013612756981,0.6764705882352942,7.735294117647059,11.434782608695652,0,6.676470588235294,6.260869565217392,NA,NA,NA,NA,NA,NA,NA,NA,NA,NA,NA,NA,NA,NA,NA
2011,Anquan Boldin,anquan boldin,BAL,WR,14,106,57,887,3,0,44,1255,222,29.295171325863897,0.5377358490566038,8.367924528301886,15.56140350877193,0.02830188679245283,11.839622641509434,3.8947368421052633,NA,NA,NA,NA,NA,NA,NA,NA,NA,NA,NA,NA,NA,NA,NA
2011,Anthony Armstrong,anthony armstrong,WAS,WR,11,27,7,103,2,0,4,571,7,-12.724322887900104,0.25925925925925924,3.814814814814815,14.714285714285714,0.07407407407407407,21.14814814814815,1,NA,NA,NA,NA,NA,NA,NA,NA,NA,NA,NA,NA,NA,NA,NA
2011,Anthony Gonzalez,anthony gonzalez,IND,WR,2,2,0,0,0,0,0,10,0,-2.8056930518359877,0,0,NA,0,5,NA,NA,NA,NA,NA,NA,NA,NA,NA,NA,NA,NA,NA,NA,NA,NA
2011,Antonio Brown,antonio brown,PIT,WR,16,124,69,1108,2,0,57,1566,338,50.94378099640247,0.5564516129032258,8.935483870967742,16.057971014492754,0.016129032258064516,12.629032258064516,4.898550724637682,NA,NA,NA,NA,NA,NA,NA,NA,NA,NA,NA,NA,NA,NA,NA
2011,Armanti Edwards,armanti edwards,CAR,WR,15,0,0,0,0,0,0,0,0,NA,NA,NA,NA,NA,NA,NA,NA,NA,NA,NA,NA,NA,NA,NA,NA,NA,NA,NA,NA,NA,NA
2011,Arrelious Benn,arrelious benn,TB,WR,14,51,30,441,3,0,15,602,174,4.645924152218676,0.5882352941176471,8.647058823529411,14.7,0.058823529411764705,11.803921568627452,5.8,NA,NA,NA,NA,NA,NA,NA,NA,NA,NA,NA,NA,NA,NA,NA
2011,Austin Collie,austin collie,IND,WR,16,97,54,514,1,0,35,732,212,-12.717881501694578,0.5567010309278351,5.298969072164948,9.518518518518519,0.010309278350515464,7.546391752577319,3.925925925925926,NA,NA,NA,NA,NA,NA,NA,NA,NA,NA,NA,NA,NA,NA,NA
2011,Austin Pettis,austin pettis,LA,WR,12,48,27,256,0,0,14,385,95,-8.25141979433829,0.5625,5.333333333333333,9.481481481481481,0,8.020833333333334,3.5185185185185186,NA,NA,NA,NA,NA,NA,NA,NA,NA,NA,NA,NA,NA,NA,NA
2011,Ben Obomanu,ben obomanu,SEA,WR,16,61,37,436,2,0,16,710,124,5.834152125147028,0.6065573770491803,7.147540983606557,11.783783783783784,0.03278688524590164,11.639344262295081,3.3513513513513513,NA,NA,NA,NA,NA,NA,NA,NA,NA,NA,NA,NA,NA,NA,NA
2011,Brad Smith,brad smith,BUF,WR,15,42,23,240,1,0,10,419,110,-0.7948657024381389,0.5476190476190477,5.714285714285714,10.434782608695652,0.023809523809523808,9.976190476190476,4.782608695652174,NA,NA,NA,NA,NA,NA,NA,NA,NA,NA,NA,NA,NA,NA,NA
2011,Brandon Gibson,brandon gibson,LA,WR,14,71,36,431,1,0,28,762,103,9.323730893342123,0.5070422535211268,6.070422535211268,11.972222222222221,0.014084507042253521,10.732394366197184,2.861111111111111,NA,NA,NA,NA,NA,NA,NA,NA,NA,NA,NA,NA,NA,NA,NA
2011,Brandon Johnson,brandon johnson,CIN,LB,10,0,0,0,0,0,0,0,0,NA,NA,NA,NA,NA,NA,NA,NA,NA,NA,NA,NA,NA,NA,NA,NA,NA,NA,NA,NA,NA,NA
2011,Brandon LaFell,brandon lafell,CAR,WR,15,56,36,613,3,0,23,728,235,29.816233242780392,0.6428571428571429,10.946428571428571,17.02777777777778,0.05357142857142857,13,6.527777777777778,NA,NA,NA,NA,NA,NA,NA,NA,NA,NA,NA,NA,NA,NA,NA
2011,Brandon Lloyd,brandon lloyd,LA,WR,15,148,70,966,5,1,46,2178,128,5.778630321045745,0.47297297297297297,6.527027027027027,13.8,0.033783783783783786,14.716216216216216,1.8285714285714285,NA,NA,NA,NA,NA,NA,NA,NA,NA,NA,NA,NA,NA,NA,NA
2011,Brandon Marshall,brandon marshall,MIA,WR,16,142,81,1214,6,1,53,1779,293,33.04059299984003,0.5704225352112676,8.549295774647888,14.987654320987655,0.04225352112676056,12.528169014084508,3.617283950617284,NA,NA,NA,NA,NA,NA,NA,NA,NA,NA,NA,NA,NA,NA,NA
2011,Brandon Stokley,brandon stokley,NYG,WR,2,3,1,7,0,0,0,26,4,-2.991515776142478,0.3333333333333333,2.3333333333333335,7,0,8.666666666666666,4,NA,NA,NA,NA,NA,NA,NA,NA,NA,NA,NA,NA,NA,NA,NA
2011,Brandon Tate,brandon tate,CIN,WR,16,0,0,0,0,0,0,0,0,NA,NA,NA,NA,NA,NA,NA,NA,NA,NA,NA,NA,NA,NA,NA,NA,NA,NA,NA,NA,NA,NA
2011,Braylon Edwards,braylon edwards,SF,WR,9,34,15,181,0,0,9,307,47,-0.392127259857062,0.4411764705882353,5.323529411764706,12.066666666666666,0,9.029411764705882,3.1333333333333333,NA,NA,NA,NA,NA,NA,NA,NA,NA,NA,NA,NA,NA,NA,NA
2011,Brett Swain,brett swain,SF,WR,2,7,2,15,0,0,1,46,15,-5.944456645228075,0.2857142857142857,2.142857142857143,7.5,0,6.571428571428571,7.5,NA,NA,NA,NA,NA,NA,NA,NA,NA,NA,NA,NA,NA,NA,NA
2011,Brian Hartline,brian hartline,MIA,WR,15,66,35,549,1,0,30,950,94,16.647598928151393,0.5303030303030303,8.318181818181818,15.685714285714285,0.015151515151515152,14.393939393939394,2.6857142857142855,NA,NA,NA,NA,NA,NA,NA,NA,NA,NA,NA,NA,NA,NA,NA
2011,Brian Robiskie,brian robiskie,CLE,WR,5,9,3,25,0,0,2,114,2,-4.203752335563489,0.3333333333333333,2.7777777777777777,8.333333333333334,0,12.666666666666666,0.6666666666666666,NA,NA,NA,NA,NA,NA,NA,NA,NA,NA,NA,NA,NA,NA,NA
2011,Bryan Walters,bryan walters,LAC,WR,3,4,3,27,0,0,2,34,15,0.7969103823998012,0.75,6.75,9,0,8.5,5,NA,NA,NA,NA,NA,NA,NA,NA,NA,NA,NA,NA,NA,NA,NA
2011,Bryant Johnson,bryant johnson,HOU,WR,9,12,6,90,1,0,4,169,11,4.659992717059695,0.5,7.5,15,0.08333333333333333,14.083333333333334,1.8333333333333333,NA,NA,NA,NA,NA,NA,NA,NA,NA,NA,NA,NA,NA,NA,NA
2011,Calvin Johnson,calvin johnson,DET,WR,16,161,97,1686,16,1,77,2246,496,63.492137329415044,0.6024844720496895,10.472049689440993,17.38144329896907,0.09937888198757763,13.950310559006212,5.11340206185567,NA,NA,NA,NA,NA,NA,NA,NA,NA,NA,NA,NA,NA,NA,NA
2011,Carlton Mitchell,carlton mitchell,CLE,WR,3,4,3,31,0,0,2,36,3,2.3716366341686808,0.75,7.75,10.333333333333334,0,9,1,NA,NA,NA,NA,NA,NA,NA,NA,NA,NA,NA,NA,NA,NA,NA
2011,Cecil Shorts,cecil shorts,JAX,WR,10,12,2,30,1,0,2,168,3,-11.360435497597791,0.16666666666666666,2.5,15,0.08333333333333333,14,1.5,NA,NA,NA,NA,NA,NA,NA,NA,NA,NA,NA,NA,NA,NA,NA
2011,Chad Hall,chad hall,PHI,WR,7,9,3,20,1,0,1,80,11,-2.203318700834643,0.3333333333333333,2.2222222222222223,6.666666666666667,0.1111111111111111,8.88888888888889,3.6666666666666665,NA,NA,NA,NA,NA,NA,NA,NA,NA,NA,NA,NA,NA,NA,NA
2011,Chad Johnson,chad johnson,NE,WR,14,32,15,276,1,0,13,585,53,7.313057675123754,0.46875,8.625,18.4,0.03125,18.28125,3.533333333333333,NA,NA,NA,NA,NA,NA,NA,NA,NA,NA,NA,NA,NA,NA,NA
2011,Chansi Stuckey,chansi stuckey,ARI,WR,4,8,4,39,0,1,2,62,10,-3.967360663227737,0.5,4.875,9.75,0,7.75,2.5,NA,NA,NA,NA,NA,NA,NA,NA,NA,NA,NA,NA,NA,NA,NA
2011,Charles Johnson,charles johnson,CAR,DE,15,0,0,0,0,0,0,0,0,NA,NA,NA,NA,NA,NA,NA,NA,NA,NA,NA,NA,NA,NA,NA,NA,NA,NA,NA,NA,NA,NA
2011,Chastin West,chastin west,JAX,WR,10,27,13,163,2,0,9,297,49,0.4311311878846027,0.48148148148148145,6.037037037037037,12.538461538461538,0.07407407407407407,11,3.769230769230769,NA,NA,NA,NA,NA,NA,NA,NA,NA,NA,NA,NA,NA,NA,NA
2011,Chaz Schilens,chaz schilens,LV,WR,11,34,23,271,2,0,13,430,36,13.847940611844765,0.6764705882352942,7.970588235294118,11.782608695652174,0.058823529411764705,12.647058823529411,1.565217391304348,NA,NA,NA,NA,NA,NA,NA,NA,NA,NA,NA,NA,NA,NA,NA
2011,Chris Williams,chris williams,CHI,G,2,0,0,0,0,0,0,0,0,NA,NA,NA,NA,NA,NA,NA,NA,NA,NA,NA,NA,NA,NA,NA,NA,NA,NA,NA,NA,NA,NA
2011,Clyde Gates,clyde gates,MIA,WR,13,12,2,19,0,0,1,240,1,-8.025503374577966,0.16666666666666666,1.5833333333333333,9.5,0,20,0.5,NA,NA,NA,NA,NA,NA,NA,NA,NA,NA,NA,NA,NA,NA,NA
2011,Courtney Roby,courtney roby,NO,WR,6,0,0,0,0,0,0,0,0,NA,NA,NA,NA,NA,NA,NA,NA,NA,NA,NA,NA,NA,NA,NA,NA,NA,NA,NA,NA,NA,NA
2011,D.J. Moore,d j moore,CHI,CB,13,0,0,0,0,0,0,0,0,NA,NA,NA,NA,NA,NA,NA,NA,NA,NA,NA,NA,NA,NA,NA,NA,NA,NA,NA,NA,NA,NA
2011,Damian Williams,damian williams,TEN,WR,15,94,45,592,5,0,27,1152,213,15.867291047607353,0.4787234042553192,6.297872340425532,13.155555555555555,0.05319148936170213,12.25531914893617,4.733333333333333,NA,NA,NA,NA,NA,NA,NA,NA,NA,NA,NA,NA,NA,NA,NA
2011,Danario Alexander,danario alexander,LA,WR,10,60,26,431,2,0,19,759,132,2.134388498650722,0.43333333333333335,7.183333333333334,16.576923076923077,0.03333333333333333,12.65,5.076923076923077,NA,NA,NA,NA,NA,NA,NA,NA,NA,NA,NA,NA,NA,NA,NA
2011,Dane Sanzenbacher,dane sanzenbacher,CHI,WR,14,54,27,276,3,0,16,404,58,2.1148387016539045,0.5,5.111111111111111,10.222222222222221,0.05555555555555555,7.481481481481482,2.1481481481481484,NA,NA,NA,NA,NA,NA,NA,NA,NA,NA,NA,NA,NA,NA,NA
2011,Danny Amendola,danny amendola,LA,WR,1,6,5,45,0,0,3,26,25,2.6531828099074093,0.8333333333333334,7.5,9,0,4.333333333333333,5,NA,NA,NA,NA,NA,NA,NA,NA,NA,NA,NA,NA,NA,NA,NA
2011,Darrius Heyward-Bey,darrius heyward bey,LV,WR,15,115,64,975,4,1,44,1652,250,30.021985551656268,0.5565217391304348,8.478260869565217,15.234375,0.034782608695652174,14.365217391304348,3.90625,NA,NA,NA,NA,NA,NA,NA,NA,NA,NA,NA,NA,NA,NA,NA
2011,Darvin Adams,darvin adams,CAR,WR,1,0,0,0,0,0,0,0,0,NA,NA,NA,NA,NA,NA,NA,NA,NA,NA,NA,NA,NA,NA,NA,NA,NA,NA,NA,NA,NA,NA
2011,David Anderson,david anderson,WAS,WR,5,16,7,79,1,0,5,167,16,3.0474024728677427,0.4375,4.9375,11.285714285714286,0.0625,10.4375,2.2857142857142856,NA,NA,NA,NA,NA,NA,NA,NA,NA,NA,NA,NA,NA,NA,NA
2011,David Nelson,david nelson,BUF,WR,16,98,61,658,5,0,32,833,199,-1.7816536445246816,0.6224489795918368,6.714285714285714,10.78688524590164,0.05102040816326531,8.5,3.262295081967213,NA,NA,NA,NA,NA,NA,NA,NA,NA,NA,NA,NA,NA,NA,NA
2011,David Reed,david reed,BAL,WR,9,2,0,0,0,0,0,42,0,-0.48358935688156635,0,0,NA,0,21,NA,NA,NA,NA,NA,NA,NA,NA,NA,NA,NA,NA,NA,NA,NA,NA
2011,Davone Bess,davone bess,MIA,WR,16,86,51,537,3,2,25,652,227,-9.533810827183961,0.5930232558139535,6.244186046511628,10.529411764705882,0.03488372093023256,7.5813953488372094,4.450980392156863,NA,NA,NA,NA,NA,NA,NA,NA,NA,NA,NA,NA,NA,NA,NA
2011,DeMarco Sampson,demarco sampson,ARI,WR,6,8,3,36,0,0,3,75,7,0.6178668949287385,0.375,4.5,12,0,9.375,2.3333333333333335,NA,NA,NA,NA,NA,NA,NA,NA,NA,NA,NA,NA,NA,NA,NA
2011,DeSean Jackson,desean jackson,PHI,WR,15,104,58,961,4,0,39,1577,227,26.99340957077804,0.5576923076923077,9.240384615384615,16.56896551724138,0.038461538461538464,15.163461538461538,3.913793103448276,NA,NA,NA,NA,NA,NA,NA,NA,NA,NA,NA,NA,NA,NA,NA
2011,Deion Branch,deion branch,NE,WR,14,90,51,702,5,0,37,827,331,25.00376253864166,0.5666666666666667,7.8,13.764705882352942,0.05555555555555555,9.188888888888888,6.490196078431373,NA,NA,NA,NA,NA,NA,NA,NA,NA,NA,NA,NA,NA,NA,NA
2011,Demaryius Thomas,demaryius thomas,DEN,WR,10,70,32,551,4,0,24,1089,113,21.740402376381663,0.45714285714285713,7.871428571428571,17.21875,0.05714285714285714,15.557142857142857,3.53125,NA,NA,NA,NA,NA,NA,NA,NA,NA,NA,NA,NA,NA,NA,NA
2011,Denarius Moore,denarius moore,LV,WR,13,76,33,618,5,0,26,1344,126,1.9994004480572571,0.4342105263157895,8.131578947368421,18.727272727272727,0.06578947368421052,17.68421052631579,3.8181818181818183,NA,NA,NA,NA,NA,NA,NA,NA,NA,NA,NA,NA,NA,NA,NA
2011,Deon Butler,deon butler,SEA,WR,4,7,6,51,0,0,3,60,10,1.9948473790333554,0.8571428571428571,7.285714285714286,8.5,0,8.571428571428571,1.6666666666666667,NA,NA,NA,NA,NA,NA,NA,NA,NA,NA,NA,NA,NA,NA,NA
2011,Derek Hagan,derek hagan,BUF,WR,9,42,24,252,1,0,15,483,42,4.47856271292173,0.5714285714285714,6,10.5,0.023809523809523808,11.5,1.75,NA,NA,NA,NA,NA,NA,NA,NA,NA,NA,NA,NA,NA,NA,NA
2011,Derrick Johnson,derrick johnson,KC,LB,16,0,0,0,0,0,0,0,0,NA,NA,NA,NA,NA,NA,NA,NA,NA,NA,NA,NA,NA,NA,NA,NA,NA,NA,NA,NA,NA,NA
2011,Derrick Mason,derrick mason,HOU,WR,11,35,19,170,0,0,11,282,38,-3.5756000230085774,0.5428571428571428,4.857142857142857,8.947368421052632,0,8.057142857142857,2,NA,NA,NA,NA,NA,NA,NA,NA,NA,NA,NA,NA,NA,NA,NA
2011,Devery Henderson,devery henderson,NO,WR,15,50,32,503,2,1,23,628,174,26.4595234744945,0.64,10.06,15.71875,0.04,12.56,5.4375,NA,NA,NA,NA,NA,NA,NA,NA,NA,NA,NA,NA,NA,NA,NA
2011,Devin Aromashodu,devin aromashodu,MIN,WR,15,84,26,468,1,1,21,1395,115,-18.786511232744562,0.30952380952380953,5.571428571428571,18,0.011904761904761904,16.607142857142858,4.423076923076923,NA,NA,NA,NA,NA,NA,NA,NA,NA,NA,NA,NA,NA,NA,NA
2011,Devin Hester,devin hester,CHI,WR,16,56,26,369,1,1,15,592,148,6.63180796497228,0.4642857142857143,6.589285714285714,14.192307692307692,0.017857142857142856,10.571428571428571,5.6923076923076925,NA,NA,NA,NA,NA,NA,NA,NA,NA,NA,NA,NA,NA,NA,NA
2011,Dez Bryant,dez bryant,DAL,WR,15,103,63,928,9,1,48,1256,299,44.71565703590148,0.6116504854368932,9.009708737864077,14.73015873015873,0.08737864077669903,12.194174757281553,4.746031746031746,NA,NA,NA,NA,NA,NA,NA,NA,NA,NA,NA,NA,NA,NA,NA
2011,Domenik Hixon,domenik hixon,NYG,WR,2,6,4,50,1,0,3,61,0,2.8132945217075758,0.6666666666666666,8.333333333333334,12.5,0.16666666666666666,10.166666666666666,0,NA,NA,NA,NA,NA,NA,NA,NA,NA,NA,NA,NA,NA,NA,NA
2011,Dominique Curry,dominique curry,LA,WR,8,0,0,0,0,0,0,0,0,NA,NA,NA,NA,NA,NA,NA,NA,NA,NA,NA,NA,NA,NA,NA,NA,NA,NA,NA,NA,NA,NA
2011,Donald Jones,donald jones,BUF,WR,8,46,23,231,1,0,9,561,68,-17.623828129034244,0.5,5.021739130434782,10.043478260869565,0.021739130434782608,12.195652173913043,2.9565217391304346,NA,NA,NA,NA,NA,NA,NA,NA,NA,NA,NA,NA,NA,NA,NA
2011,Donnie Avery,donnie avery,TEN,WR,4,11,3,45,1,0,3,106,21,-12.190264128762045,0.2727272727272727,4.090909090909091,15,0.09090909090909091,9.636363636363637,7,NA,NA,NA,NA,NA,NA,NA,NA,NA,NA,NA,NA,NA,NA,NA
2011,Donte' Stallworth,donte stallworth,WAS,WR,11,38,22,309,2,0,15,408,104,12.970755913394651,0.5789473684210527,8.131578947368421,14.045454545454545,0.05263157894736842,10.736842105263158,4.7272727272727275,NA,NA,NA,NA,NA,NA,NA,NA,NA,NA,NA,NA,NA,NA,NA
2011,Doug Baldwin,doug baldwin,SEA,WR,16,87,51,788,4,0,40,974,310,47.8119087008869,0.5862068965517241,9.057471264367816,15.450980392156863,0.04597701149425287,11.195402298850574,6.078431372549019,NA,NA,NA,NA,NA,NA,NA,NA,NA,NA,NA,NA,NA,NA,NA
2011,Dwayne Bowe,dwayne bowe,KC,WR,16,141,81,1159,5,1,57,1643,344,26.706898198721152,0.574468085106383,8.21985815602837,14.308641975308642,0.03546099290780142,11.652482269503546,4.246913580246914,NA,NA,NA,NA,NA,NA,NA,NA,NA,NA,NA,NA,NA,NA,NA
2011,Dwayne Harris,dwayne harris,DAL,WR,7,0,0,0,0,0,0,0,0,NA,NA,NA,NA,NA,NA,NA,NA,NA,NA,NA,NA,NA,NA,NA,NA,NA,NA,NA,NA,NA,NA
2011,Earl Bennett,earl bennett,CHI,WR,11,43,24,381,1,1,14,514,125,3.435724074684522,0.5581395348837209,8.86046511627907,15.875,0.023255813953488372,11.953488372093023,5.208333333333333,NA,NA,NA,NA,NA,NA,NA,NA,NA,NA,NA,NA,NA,NA,NA
2011,Early Doucet,early doucet,ARI,WR,16,98,54,689,5,1,35,843,323,3.335517229082681,0.5510204081632653,7.030612244897959,12.75925925925926,0.05102040816326531,8.60204081632653,5.981481481481482,NA,NA,NA,NA,NA,NA,NA,NA,NA,NA,NA,NA,NA,NA,NA
2011,Eddie Royal,eddie royal,DEN,WR,12,50,19,155,1,0,8,583,66,-19.54328170430381,0.38,3.1,8.157894736842104,0.02,11.66,3.473684210526316,NA,NA,NA,NA,NA,NA,NA,NA,NA,NA,NA,NA,NA,NA,NA
2011,Emmanuel Arceneaux,emmanuel arceneaux,MIN,WR,1,2,1,10,0,0,1,19,3,0.46464651927817613,0.5,5,10,0,9.5,3,NA,NA,NA,NA,NA,NA,NA,NA,NA,NA,NA,NA,NA,NA,NA
2011,Emmanuel Sanders,emmanuel sanders,PIT,WR,11,43,22,288,2,0,17,570,128,4.275051134101508,0.5116279069767442,6.6976744186046515,13.090909090909092,0.046511627906976744,13.255813953488373,5.818181818181818,NA,NA,NA,NA,NA,NA,NA,NA,NA,NA,NA,NA,NA,NA,NA
2011,Eric Decker,eric decker,DEN,WR,16,97,44,612,8,1,29,1370,170,-21.74068154551044,0.4536082474226804,6.309278350515464,13.909090909090908,0.08247422680412371,14.123711340206185,3.8636363636363638,NA,NA,NA,NA,NA,NA,NA,NA,NA,NA,NA,NA,NA,NA,NA
2011,Eric Weems,eric weems,ATL,WR,16,14,11,90,0,0,5,100,30,4.739085825568146,0.7857142857142857,6.428571428571429,8.181818181818182,0,7.142857142857143,2.727272727272727,NA,NA,NA,NA,NA,NA,NA,NA,NA,NA,NA,NA,NA,NA,NA
2011,Golden Tate,golden tate,SEA,WR,15,58,35,382,3,1,16,662,155,15.678558092100662,0.603448275862069,6.586206896551724,10.914285714285715,0.05172413793103448,11.413793103448276,4.428571428571429,NA,NA,NA,NA,NA,NA,NA,NA,NA,NA,NA,NA,NA,NA,NA
2011,Greg Camarillo,greg camarillo,MIN,WR,8,24,9,121,0,0,6,260,12,-1.2252435268019326,0.375,5.041666666666667,13.444444444444445,0,10.833333333333334,1.3333333333333333,NA,NA,NA,NA,NA,NA,NA,NA,NA,NA,NA,NA,NA,NA,NA
2011,Greg Jennings,greg jennings,GB,WR,13,101,67,949,9,0,43,1200,276,54.08876946634971,0.6633663366336634,9.396039603960396,14.164179104477611,0.0891089108910891,11.881188118811881,4.119402985074627,NA,NA,NA,NA,NA,NA,NA,NA,NA,NA,NA,NA,NA,NA,NA
2011,Greg Little,greg little,CLE,WR,16,121,61,709,2,0,35,1147,243,-0.5586647082560654,0.5041322314049587,5.859504132231405,11.62295081967213,0.01652892561983471,9.479338842975206,3.9836065573770494,NA,NA,NA,NA,NA,NA,NA,NA,NA,NA,NA,NA,NA,NA,NA
2011,Greg Salas,greg salas,LA,WR,6,38,27,264,0,2,11,141,218,1.6155293707484537,0.7105263157894737,6.947368421052632,9.777777777777779,0,3.710526315789474,8.074074074074074,NA,NA,NA,NA,NA,NA,NA,NA,NA,NA,NA,NA,NA,NA,NA
2011,Hakeem Nicks,hakeem nicks,NYG,WR,15,133,76,1192,7,0,54,1843,349,41.49460821891736,0.5714285714285714,8.962406015037594,15.68421052631579,0.05263157894736842,13.857142857142858,4.592105263157895,NA,NA,NA,NA,NA,NA,NA,NA,NA,NA,NA,NA,NA,NA,NA
2011,Harry Douglas,harry douglas,ATL,WR,13,62,39,498,1,0,20,649,232,10.831724938991002,0.6290322580645161,8.03225806451613,12.76923076923077,0.016129032258064516,10.46774193548387,5.948717948717949,NA,NA,NA,NA,NA,NA,NA,NA,NA,NA,NA,NA,NA,NA,NA
2011,Jabar Gaffney,jabar gaffney,WAS,WR,16,115,68,947,5,1,50,1521,181,28.184646497102715,0.591304347826087,8.234782608695653,13.926470588235293,0.043478260869565216,13.226086956521739,2.661764705882353,NA,NA,NA,NA,NA,NA,NA,NA,NA,NA,NA,NA,NA,NA,NA
2011,Jacoby Ford,jacoby ford,LV,WR,8,33,19,279,1,2,14,340,126,-7.573401432624908,0.5757575757575758,8.454545454545455,14.68421052631579,0.030303030303030304,10.303030303030303,6.631578947368421,NA,NA,NA,NA,NA,NA,NA,NA,NA,NA,NA,NA,NA,NA,NA
2011,Jacoby Jones,jacoby jones,HOU,WR,16,65,31,512,2,0,23,930,140,2.6250171024357023,0.47692307692307695,7.876923076923077,16.516129032258064,0.03076923076923077,14.307692307692308,4.516129032258065,NA,NA,NA,NA,NA,NA,NA,NA,NA,NA,NA,NA,NA,NA,NA
2011,Jamar Newsome,jamar newsome,JAX,WR,1,1,0,0,0,0,0,16,0,-1.5706022027879953,0,0,NA,0,16,NA,NA,NA,NA,NA,NA,NA,NA,NA,NA,NA,NA,NA,NA,NA,NA
2011,James Butler,james butler,LA,DB,8,0,0,0,0,0,0,0,0,NA,NA,NA,NA,NA,NA,NA,NA,NA,NA,NA,NA,NA,NA,NA,NA,NA,NA,NA,NA,NA,NA
2011,James Jones,james jones,GB,WR,15,55,38,635,7,1,27,664,270,35.32960490889636,0.6909090909090909,11.545454545454545,16.710526315789473,0.12727272727272726,12.072727272727272,7.105263157894737,NA,NA,NA,NA,NA,NA,NA,NA,NA,NA,NA,NA,NA,NA,NA
2011,Jarett Dillard,jarett dillard,JAX,WR,13,50,29,292,1,0,16,508,42,8.497943922714096,0.58,5.84,10.068965517241379,0.02,10.16,1.4482758620689655,NA,NA,NA,NA,NA,NA,NA,NA,NA,NA,NA,NA,NA,NA,NA
2011,Jason Avant,jason avant,PHI,WR,16,81,52,679,1,2,34,856,173,21.696534264758522,0.6419753086419753,8.382716049382717,13.057692307692308,0.012345679012345678,10.567901234567902,3.326923076923077,NA,NA,NA,NA,NA,NA,NA,NA,NA,NA,NA,NA,NA,NA,NA
2011,Jason Hill,jason hill,JAX,WR,10,55,25,367,3,0,17,644,121,-3.84937100938987,0.45454545454545453,6.672727272727273,14.68,0.05454545454545454,11.709090909090909,4.84,NA,NA,NA,NA,NA,NA,NA,NA,NA,NA,NA,NA,NA,NA,NA
2011,Jeff Maehl,jeff maehl,HOU,WR,1,1,0,0,0,0,0,3,0,-1.185208440758288,0,0,NA,0,3,NA,NA,NA,NA,NA,NA,NA,NA,NA,NA,NA,NA,NA,NA,NA,NA
2011,Jeremy Horne,jeremy horne,KC,WR,4,2,0,0,0,0,0,-9,0,-2.0623648755718023,0,0,NA,0,-4.5,NA,NA,NA,NA,NA,NA,NA,NA,NA,NA,NA,NA,NA,NA,NA,NA
2011,Jeremy Kerley,jeremy kerley,NYJ,WR,14,47,29,314,1,0,19,473,100,6.921788753720734,0.6170212765957447,6.680851063829787,10.827586206896552,0.02127659574468085,10.063829787234043,3.4482758620689653,NA,NA,NA,NA,NA,NA,NA,NA,NA,NA,NA,NA,NA,NA,NA
2011,Jeremy Maclin,jeremy maclin,PHI,WR,13,97,63,859,5,1,43,1155,260,31.99105058866951,0.6494845360824743,8.855670103092784,13.634920634920634,0.05154639175257732,11.907216494845361,4.126984126984127,NA,NA,NA,NA,NA,NA,NA,NA,NA,NA,NA,NA,NA,NA,NA
2011,Jerheme Urban,jerheme urban,KC,WR,5,13,4,35,1,0,1,140,3,-12.309528522904536,0.3076923076923077,2.6923076923076925,8.75,0.07692307692307693,10.76923076923077,0.75,NA,NA,NA,NA,NA,NA,NA,NA,NA,NA,NA,NA,NA,NA,NA
2011,Jerome Simpson,jerome simpson,CIN,WR,16,105,50,725,4,0,34,1185,232,18.06844260583057,0.47619047619047616,6.904761904761905,14.5,0.0380952380952381,11.285714285714286,4.64,NA,NA,NA,NA,NA,NA,NA,NA,NA,NA,NA,NA,NA,NA,NA
2011,Jerrel Jernigan,jerrel jernigan,NYG,WR,6,2,0,0,0,0,0,13,0,-2.754602469066496,0,0,NA,0,6.5,NA,NA,NA,NA,NA,NA,NA,NA,NA,NA,NA,NA,NA,NA,NA,NA
2011,Jerricho Cotchery,jerricho cotchery,PIT,WR,10,30,16,237,2,0,13,310,64,12.171012315077139,0.5333333333333333,7.9,14.8125,0.06666666666666667,10.333333333333334,4,NA,NA,NA,NA,NA,NA,NA,NA,NA,NA,NA,NA,NA,NA,NA
2011,Jesse Holley,jesse holley,DAL,WR,11,7,7,169,0,0,6,109,60,10.807029061273118,1,24.142857142857142,24.142857142857142,0,15.571428571428571,8.571428571428571,NA,NA,NA,NA,NA,NA,NA,NA,NA,NA,NA,NA,NA,NA,NA
2011,Joe Hastings,joe hastings,SF,WR,1,1,0,0,0,0,0,2,0,-0.9113211445510023,0,0,NA,0,2,NA,NA,NA,NA,NA,NA,NA,NA,NA,NA,NA,NA,NA,NA,NA,NA
2011,Jordan Norwood,jordan norwood,CLE,WR,11,34,23,268,1,0,15,305,84,12.361564967175372,0.6764705882352942,7.882352941176471,11.652173913043478,0.029411764705882353,8.970588235294118,3.652173913043478,NA,NA,NA,NA,NA,NA,NA,NA,NA,NA,NA,NA,NA,NA,NA
2011,Jordan Shipley,jordan shipley,CIN,WR,2,5,4,14,0,1,1,30,0,-1.5414767403854057,0.8,2.8,3.5,0,6,0,NA,NA,NA,NA,NA,NA,NA,NA,NA,NA,NA,NA,NA,NA,NA
2011,Jordy Nelson,jordy nelson,GB,WR,16,96,68,1263,15,0,47,1196,411,83.62540231530768,0.7083333333333334,13.15625,18.573529411764707,0.15625,12.458333333333334,6.044117647058823,NA,NA,NA,NA,NA,NA,NA,NA,NA,NA,NA,NA,NA,NA,NA
2011,Josh Johnson,josh johnson,TB,QB,9,2,0,0,0,0,0,84,0,-0.9848452892620116,0,0,NA,0,42,NA,NA,NA,NA,NA,NA,NA,NA,NA,NA,NA,NA,NA,NA,NA,NA
2011,Josh Morgan,josh morgan,SF,WR,5,20,15,220,1,0,12,163,96,15.13133492981433,0.75,11,14.666666666666666,0.05,8.15,6.4,NA,NA,NA,NA,NA,NA,NA,NA,NA,NA,NA,NA,NA,NA,NA
2011,Julian Edelman,julian edelman,NE,WR,13,8,4,34,0,0,0,55,8,-16.30373589840019,0.5,4.25,8.5,0,6.875,2,NA,NA,NA,NA,NA,NA,NA,NA,NA,NA,NA,NA,NA,NA,NA
2011,Julio Jones,julio jones,ATL,WR,13,95,54,959,8,1,34,1295,404,36.875017048569035,0.5684210526315789,10.094736842105263,17.75925925925926,0.08421052631578947,13.631578947368421,7.481481481481482,NA,NA,NA,NA,NA,NA,NA,NA,NA,NA,NA,NA,NA,NA,NA
2011,Julius Pruitt,julius pruitt,MIA,WR,4,0,0,0,0,0,0,0,0,NA,NA,NA,NA,NA,NA,NA,NA,NA,NA,NA,NA,NA,NA,NA,NA,NA,NA,NA,NA,NA,NA
2011,Kamar Aiken,kamar aiken,BUF,WR,1,0,0,0,0,0,0,0,0,NA,NA,NA,NA,NA,NA,NA,NA,NA,NA,NA,NA,NA,NA,NA,NA,NA,NA,NA,NA,NA,NA
2011,Kassim Osgood,kassim osgood,JAX,WR,8,11,5,42,0,0,2,80,18,-4.8834694206598215,0.45454545454545453,3.8181818181818183,8.4,0,7.2727272727272725,3.6,NA,NA,NA,NA,NA,NA,NA,NA,NA,NA,NA,NA,NA,NA,NA
2011,Kealoha Pilares,kealoha pilares,CAR,WR,11,0,0,0,0,0,0,0,0,NA,NA,NA,NA,NA,NA,NA,NA,NA,NA,NA,NA,NA,NA,NA,NA,NA,NA,NA,NA,NA,NA
2011,Kenny Britt,kenny britt,TEN,WR,3,26,17,289,3,1,14,332,125,19.158495548501378,0.6538461538461539,11.115384615384615,17,0.11538461538461539,12.76923076923077,7.352941176470588,NA,NA,NA,NA,NA,NA,NA,NA,NA,NA,NA,NA,NA,NA,NA
2011,Kevin Ogletree,kevin ogletree,DAL,WR,13,26,15,164,0,1,11,252,55,-4.016700238832276,0.5769230769230769,6.3076923076923075,10.933333333333334,0,9.692307692307692,3.6666666666666665,NA,NA,NA,NA,NA,NA,NA,NA,NA,NA,NA,NA,NA,NA,NA
2011,Kevin Smith,kevin smith,DET,RB,7,30,24,202,3,1,10,-5,211,1.9373012449359521,0.8,6.733333333333333,8.416666666666666,0.1,-0.16666666666666666,8.791666666666666,NA,NA,NA,NA,NA,NA,NA,NA,NA,NA,NA,NA,NA,NA,NA
2011,Kevin Walter,kevin walter,HOU,WR,15,59,39,474,3,0,26,625,130,21.35944676516488,0.6610169491525424,8.033898305084746,12.153846153846153,0.05084745762711865,10.59322033898305,3.3333333333333335,NA,NA,NA,NA,NA,NA,NA,NA,NA,NA,NA,NA,NA,NA,NA
2011,Kris Durham,kris durham,SEA,WR,2,4,3,30,0,0,2,46,3,-5.229258378065424,0.75,7.5,10,0,11.5,1,NA,NA,NA,NA,NA,NA,NA,NA,NA,NA,NA,NA,NA,NA,NA
2011,Kyle Williams,kyle williams,BUF/SF,DT,16,31,20,241,3,0,14,237,107,15.594320090005047,0.6451612903225806,7.774193548387097,12.05,0.0967741935483871,7.645161290322581,5.35,NA,NA,NA,NA,NA,NA,NA,NA,NA,NA,NA,NA,NA,NA,NA
2011,LaQuan Williams,laquan williams,BAL,WR,9,12,4,46,0,0,3,133,6,-4.8725451721452995,0.3333333333333333,3.8333333333333335,11.5,0,11.083333333333334,1.5,NA,NA,NA,NA,NA,NA,NA,NA,NA,NA,NA,NA,NA,NA,NA
2011,Lance Moore,lance moore,NO,WR,14,73,52,627,8,0,35,740,157,47.704732153125796,0.7123287671232876,8.58904109589041,12.057692307692308,0.1095890410958904,10.136986301369863,3.019230769230769,NA,NA,NA,NA,NA,NA,NA,NA,NA,NA,NA,NA,NA,NA,NA
2011,Larry Fitzgerald,larry fitzgerald,ARI,WR,16,154,80,1411,8,0,61,2054,488,32.12663688450368,0.5194805194805194,9.162337662337663,17.6375,0.05194805194805195,13.337662337662337,6.1,NA,NA,NA,NA,NA,NA,NA,NA,NA,NA,NA,NA,NA,NA,NA
2011,Laurent Robinson,laurent robinson,DAL,WR,14,81,54,858,11,0,36,981,266,40.3331059766987,0.6666666666666666,10.592592592592593,15.88888888888889,0.13580246913580246,12.11111111111111,4.925925925925926,NA,NA,NA,NA,NA,NA,NA,NA,NA,NA,NA,NA,NA,NA,NA
2011,Lavelle Hawkins,lavelle hawkins,TEN,WR,15,77,47,470,1,1,23,663,199,-6.524376515416295,0.6103896103896104,6.103896103896104,10,0.012987012987012988,8.61038961038961,4.23404255319149,NA,NA,NA,NA,NA,NA,NA,NA,NA,NA,NA,NA,NA,NA,NA
2011,Lee Evans,lee evans,BAL,WR,9,26,4,74,0,0,4,464,9,-22.26922761627346,0.15384615384615385,2.8461538461538463,18.5,0,17.846153846153847,2.25,NA,NA,NA,NA,NA,NA,NA,NA,NA,NA,NA,NA,NA,NA,NA
2011,Legedu Naanee,legedu naanee,CAR,WR,15,76,44,467,1,0,20,897,167,1.7414260314155472,0.5789473684210527,6.144736842105263,10.613636363636363,0.013157894736842105,11.802631578947368,3.7954545454545454,NA,NA,NA,NA,NA,NA,NA,NA,NA,NA,NA,NA,NA,NA,NA
2011,Leonard Hankerson,leonard hankerson,WAS,WR,4,20,13,163,0,0,8,240,29,3.1064405835787765,0.65,8.15,12.538461538461538,0,12,2.230769230769231,NA,NA,NA,NA,NA,NA,NA,NA,NA,NA,NA,NA,NA,NA,NA
2011,Louis Murphy,louis murphy,LV,WR,9,33,15,241,0,0,11,478,81,-5.512544071218791,0.45454545454545453,7.303030303030303,16.066666666666666,0,14.484848484848484,5.4,NA,NA,NA,NA,NA,NA,NA,NA,NA,NA,NA,NA,NA,NA,NA
2011,Malcom Floyd,malcom floyd,LAC,WR,12,70,43,856,5,0,41,1153,181,63.13497313763021,0.6142857142857143,12.228571428571428,19.906976744186046,0.07142857142857142,16.47142857142857,4.209302325581396,NA,NA,NA,NA,NA,NA,NA,NA,NA,NA,NA,NA,NA,NA,NA
2011,Marc Mariani,marc mariani,TEN,WR,16,12,5,24,0,0,0,84,15,-8.008759608404944,0.4166666666666667,2,4.8,0,7,3,NA,NA,NA,NA,NA,NA,NA,NA,NA,NA,NA,NA,NA,NA,NA
2011,Mario Manningham,mario manningham,NYG,WR,11,77,39,523,4,0,25,1138,107,7.025958200887042,0.5064935064935064,6.792207792207792,13.41025641025641,0.05194805194805195,14.779220779220779,2.7435897435897436,NA,NA,NA,NA,NA,NA,NA,NA,NA,NA,NA,NA,NA,NA,NA
2011,Mario Williams,mario williams,HOU,DE,5,0,0,0,0,0,0,0,0,NA,NA,NA,NA,NA,NA,NA,NA,NA,NA,NA,NA,NA,NA,NA,NA,NA,NA,NA,NA,NA,NA
2011,Mark Clayton,mark clayton,LA,WR,1,4,3,26,0,0,1,28,5,0.50284649059176445,0.75,6.5,8.666666666666666,0,7,1.6666666666666667,NA,NA,NA,NA,NA,NA,NA,NA,NA,NA,NA,NA,NA,NA,NA
2011,Marlon Moore,marlon moore,MIA,WR,3,0,0,0,0,0,0,0,0,NA,NA,NA,NA,NA,NA,NA,NA,NA,NA,NA,NA,NA,NA,NA,NA,NA,NA,NA,NA,NA,NA
2011,Marques Colston,marques colston,NO,WR,14,109,82,1164,8,1,56,1239,276,81.84231375330718,0.7522935779816514,10.678899082568808,14.195121951219512,0.07339449541284404,11.36697247706422,3.3658536585365852,NA,NA,NA,NA,NA,NA,NA,NA,NA,NA,NA,NA,NA,NA,NA
2011,Matt Willis,matt willis,DEN,WR,15,36,18,267,1,0,15,406,93,8.069926949043293,0.5,7.416666666666667,14.833333333333334,0.027777777777777776,11.277777777777779,5.166666666666667,NA,NA,NA,NA,NA,NA,NA,NA,NA,NA,NA,NA,NA,NA,NA
2011,Matthew Slater,matthew slater,NE,WR,14,3,1,46,0,0,1,126,0,2.0806750777410343,0.3333333333333333,15.333333333333334,46,0,42,0,NA,NA,NA,NA,NA,NA,NA,NA,NA,NA,NA,NA,NA,NA,NA
2011,Maurice Stovall,maurice stovall,DET,WR,7,3,1,8,0,0,1,16,10,-0.5530220477376133,0.3333333333333333,2.6666666666666665,8,0,5.333333333333333,10,NA,NA,NA,NA,NA,NA,NA,NA,NA,NA,NA,NA,NA,NA,NA
2011,Michael Bennett,michael bennett,TB,DE,14,0,0,0,0,0,0,0,0,NA,NA,NA,NA,NA,NA,NA,NA,NA,NA,NA,NA,NA,NA,NA,NA,NA,NA,NA,NA,NA,NA
2011,Michael Clayton,michael clayton,NYG,WR,3,1,0,0,0,0,0,2,0,-0.43911413091700524,0,0,NA,0,2,NA,NA,NA,NA,NA,NA,NA,NA,NA,NA,NA,NA,NA,NA,NA,NA
2011,Michael Crabtree,michael crabtree,SF,WR,15,114,72,874,4,0,40,1068,358,28.102469574152458,0.631578947368421,7.666666666666667,12.13888888888889,0.03508771929824561,9.368421052631579,4.972222222222222,NA,NA,NA,NA,NA,NA,NA,NA,NA,NA,NA,NA,NA,NA,NA
2011,Michael Jenkins,michael jenkins,MIN,WR,11,55,38,466,3,2,23,634,101,0.77853113978074,0.6909090909090909,8.472727272727273,12.263157894736842,0.05454545454545454,11.527272727272727,2.6578947368421053,NA,NA,NA,NA,NA,NA,NA,NA,NA,NA,NA,NA,NA,NA,NA
2011,Michael Johnson,michael johnson,CIN,DE,13,0,0,0,0,0,0,0,0,NA,NA,NA,NA,NA,NA,NA,NA,NA,NA,NA,NA,NA,NA,NA,NA,NA,NA,NA,NA,NA,NA
2011,Micheal Spurlock,micheal spurlock,TB,WR,10,6,2,13,0,0,0,100,4,-9.334054234845098,0.3333333333333333,2.1666666666666665,6.5,0,16.666666666666668,2,NA,NA,NA,NA,NA,NA,NA,NA,NA,NA,NA,NA,NA,NA,NA
2011,Mike Sims-Walker,mike sims walker,JAX,WR,6,33,12,150,0,0,8,351,32,-5.2512951426324435,0.36363636363636365,4.545454545454546,12.5,0,10.636363636363637,2.6666666666666665,NA,NA,NA,NA,NA,NA,NA,NA,NA,NA,NA,NA,NA,NA,NA
2011,Mike Thomas,mike thomas,JAX,WR,15,91,44,415,1,0,20,827,196,-24.51782811901122,0.4835164835164835,4.56043956043956,9.431818181818182,0.01098901098901099,9.087912087912088,4.454545454545454,NA,NA,NA,NA,NA,NA,NA,NA,NA,NA,NA,NA,NA,NA,NA
2011,Mike Wallace,mike wallace,PIT,WR,16,113,72,1193,8,1,54,1456,466,52.46066182281857,0.6371681415929203,10.557522123893806,16.569444444444443,0.07079646017699115,12.88495575221239,6.472222222222222,NA,NA,NA,NA,NA,NA,NA,NA,NA,NA,NA,NA,NA,NA,NA
2011,Mike Williams,mike williams,SEA/TB,WR,27,162,83,1007,4,2,54,1699,269,1.8893517933262949,0.5123456790123457,6.216049382716049,12.132530120481928,0.024691358024691357,10.487654320987655,3.2409638554216866,NA,NA,NA,NA,NA,NA,NA,NA,NA,NA,NA,NA,NA,NA,NA
2011,Miles Austin,miles austin,DAL,WR,10,73,43,579,7,0,31,749,205,26.053331423610242,0.589041095890411,7.931506849315069,13.465116279069768,0.0958904109589041,10.26027397260274,4.767441860465116,NA,NA,NA,NA,NA,NA,NA,NA,NA,NA,NA,NA,NA,NA,NA
2011,Mohamed Massaquoi,mohamed massaquoi,CLE,WR,14,74,31,384,2,0,19,773,75,-15.07832690839673,0.4189189189189189,5.1891891891891895,12.387096774193548,0.02702702702702703,10.445945945945946,2.4193548387096775,NA,NA,NA,NA,NA,NA,NA,NA,NA,NA,NA,NA,NA,NA,NA
2011,Naaman Roosevelt,naaman roosevelt,BUF,WR,10,26,16,257,1,0,11,235,131,9.19084599026246,0.6153846153846154,9.884615384615385,16.0625,0.038461538461538464,9.038461538461538,8.1875,NA,NA,NA,NA,NA,NA,NA,NA,NA,NA,NA,NA,NA,NA,NA
2011,Nate Washington,nate washington,TEN,WR,16,121,74,1023,7,0,47,1339,318,31.16205657580775,0.6115702479338843,8.454545454545455,13.824324324324325,0.05785123966942149,11.066115702479339,4.297297297297297,NA,NA,NA,NA,NA,NA,NA,NA,NA,NA,NA,NA,NA,NA,NA
2011,Nick Miller,nick miller,LA,WR,7,1,1,8,0,0,0,-2,10,-0.5131278880871832,1,8,8,0,-2,10,NA,NA,NA,NA,NA,NA,NA,NA,NA,NA,NA,NA,NA,NA,NA
2011,Patrick Turner,patrick turner,NYJ,WR,12,15,8,96,1,0,6,172,24,3.7035400686637425,0.5333333333333333,6.4,12,0.06666666666666667,11.466666666666667,3,NA,NA,NA,NA,NA,NA,NA,NA,NA,NA,NA,NA,NA,NA,NA
2011,Percy Harvin,percy harvin,MIN,WR,16,122,87,967,6,2,45,697,544,23.898900235119505,0.7131147540983607,7.926229508196721,11.114942528735632,0.04918032786885246,5.713114754098361,6.252873563218391,NA,NA,NA,NA,NA,NA,NA,NA,NA,NA,NA,NA,NA,NA,NA
2011,Pierre Garcon,pierre garcon,IND,WR,16,134,70,947,6,2,42,1551,351,0.9055101964295109,0.5223880597014925,7.067164179104478,13.528571428571428,0.04477611940298507,11.574626865671641,5.014285714285714,NA,NA,NA,NA,NA,NA,NA,NA,NA,NA,NA,NA,NA,NA,NA
2011,Plaxico Burress,plaxico burress,NYJ,WR,16,96,45,612,8,0,38,1246,144,14.791305483312762,0.46875,6.375,13.6,0.08333333333333333,12.979166666666666,3.2,NA,NA,NA,NA,NA,NA,NA,NA,NA,NA,NA,NA,NA,NA,NA
2011,Preston Parker,preston parker,TB,WR,16,64,40,554,3,0,25,452,287,15.622872932587674,0.625,8.65625,13.85,0.046875,7.0625,7.175,NA,NA,NA,NA,NA,NA,NA,NA,NA,NA,NA,NA,NA,NA,NA
2011,Quan Cosby,quan cosby,DEN,WR,10,0,0,0,0,0,0,0,0,NA,NA,NA,NA,NA,NA,NA,NA,NA,NA,NA,NA,NA,NA,NA,NA,NA,NA,NA,NA,NA,NA
2011,Ramses Barden,ramses barden,NYG,WR,6,19,9,94,0,0,5,174,27,-0.47856483308714814,0.47368421052631576,4.947368421052632,10.444444444444445,0,9.157894736842104,3,NA,NA,NA,NA,NA,NA,NA,NA,NA,NA,NA,NA,NA,NA,NA
2011,Randall Cobb,randall cobb,GB,WR,15,31,25,375,1,0,15,268,188,25.438285695158505,0.8064516129032258,12.096774193548388,15,0.03225806451612903,8.64516129032258,7.52,NA,NA,NA,NA,NA,NA,NA,NA,NA,NA,NA,NA,NA,NA,NA
2011,Rashied Davis,rashied davis,DET,WR,7,5,4,63,0,0,4,30,35,1.4966231061262079,0.8,12.6,15.75,0,6,8.75,NA,NA,NA,NA,NA,NA,NA,NA,NA,NA,NA,NA,NA,NA,NA
2011,Reggie Wayne,reggie wayne,IND,WR,16,131,75,960,4,0,50,1451,276,19.354803935468833,0.5725190839694656,7.32824427480916,12.8,0.030534351145038167,11.076335877862595,3.68,NA,NA,NA,NA,NA,NA,NA,NA,NA,NA,NA,NA,NA,NA,NA
2011,Ricardo Lockette,ricardo lockette,SEA,WR,2,4,2,105,1,0,2,135,19,6.981862183660269,0.5,26.25,52.5,0.25,33.75,9.5,NA,NA,NA,NA,NA,NA,NA,NA,NA,NA,NA,NA,NA,NA,NA
2011,Richard Goodman,richard goodman,LAC,WR,13,2,0,0,0,0,0,29,0,-1.4861419727913954,0,0,NA,0,14.5,NA,NA,NA,NA,NA,NA,NA,NA,NA,NA,NA,NA,NA,NA,NA,NA
2011,Robert Meachem,robert meachem,NO,WR,15,61,41,658,6,0,30,963,109,29.647977708664257,0.6721311475409836,10.78688524590164,16.048780487804876,0.09836065573770492,15.78688524590164,2.658536585365854,NA,NA,NA,NA,NA,NA,NA,NA,NA,NA,NA,NA,NA,NA,NA
2011,Roscoe Parrish,roscoe parrish,BUF,WR,2,4,1,16,0,0,1,59,16,-2.2255252189934254,0.25,4,16,0,14.75,16,NA,NA,NA,NA,NA,NA,NA,NA,NA,NA,NA,NA,NA,NA,NA
2011,Roy Williams,roy williams,CHI,WR,15,63,37,507,2,0,29,812,117,10.276177774518374,0.5873015873015873,8.047619047619047,13.702702702702704,0.031746031746031744,12.88888888888889,3.1621621621621623,NA,NA,NA,NA,NA,NA,NA,NA,NA,NA,NA,NA,NA,NA,NA
2011,Ruvell Martin,ruvell martin,BUF,WR,10,16,7,82,0,0,5,132,30,-3.3238660654670786,0.4375,5.125,11.714285714285714,0,8.25,4.285714285714286,NA,NA,NA,NA,NA,NA,NA,NA,NA,NA,NA,NA,NA,NA,NA
2011,Ryan Grant,ryan grant,GB,RB,15,24,19,268,1,0,10,-10,275,16.485689468390774,0.7916666666666666,11.166666666666666,14.105263157894736,0.041666666666666664,-0.4166666666666667,14.473684210526315,NA,NA,NA,NA,NA,NA,NA,NA,NA,NA,NA,NA,NA,NA,NA
2011,Ryan Whalen,ryan whalen,CIN,WR,3,5,4,27,0,0,2,19,8,0.7364255904416592,0.8,5.4,6.75,0,3.8,2,NA,NA,NA,NA,NA,NA,NA,NA,NA,NA,NA,NA,NA,NA,NA
2011,Sam Hurd,sam hurd,CHI,WR,10,15,8,109,0,1,5,188,35,-1.1061012181619112,0.5333333333333333,7.266666666666667,13.625,0,12.533333333333333,4.375,NA,NA,NA,NA,NA,NA,NA,NA,NA,NA,NA,NA,NA,NA,NA
2011,Santana Moss,santana moss,WAS,WR,12,96,46,584,4,0,35,1058,185,0.29570686897419896,0.4791666666666667,6.083333333333333,12.695652173913043,0.041666666666666664,11.020833333333334,4.021739130434782,NA,NA,NA,NA,NA,NA,NA,NA,NA,NA,NA,NA,NA,NA,NA
2011,Santonio Holmes,santonio holmes,NYJ,WR,16,101,51,654,8,2,35,1060,187,-6.974731859254158,0.504950495049505,6.475247524752476,12.823529411764707,0.07920792079207921,10.495049504950495,3.6666666666666665,NA,NA,NA,NA,NA,NA,NA,NA,NA,NA,NA,NA,NA,NA,NA
2011,Seyi Ajirotutu,seyi ajirotutu,CAR,WR,3,2,1,4,0,0,1,20,2,0.17974936892278492,0.5,2,4,0,10,2,NA,NA,NA,NA,NA,NA,NA,NA,NA,NA,NA,NA,NA,NA,NA
2011,Sidney Rice,sidney rice,SEA,WR,9,57,32,484,2,0,19,915,123,14.767467387360718,0.5614035087719298,8.491228070175438,15.125,0.03508771929824561,16.05263157894737,3.84375,NA,NA,NA,NA,NA,NA,NA,NA,NA,NA,NA,NA,NA,NA,NA
2011,Stefan Logan,stefan logan,DET,WR,16,1,1,19,0,0,1,-4,23,1.325738473329693,1,19,19,0,-4,23,NA,NA,NA,NA,NA,NA,NA,NA,NA,NA,NA,NA,NA,NA,NA
2011,Stephen Burton,stephen burton,MIN,WR,1,3,2,38,0,0,2,47,6,3.0764547105063684,0.6666666666666666,12.666666666666666,19,0,15.666666666666666,3,NA,NA,NA,NA,NA,NA,NA,NA,NA,NA,NA,NA,NA,NA,NA
2011,Steve Breaston,steve breaston,KC,WR,16,98,61,785,2,0,39,994,311,13.818270151085619,0.6224489795918368,8.010204081632653,12.868852459016393,0.02040816326530612,10.142857142857142,5.098360655737705,NA,NA,NA,NA,NA,NA,NA,NA,NA,NA,NA,NA,NA,NA,NA
2011,Steve Smith,steve smith,CAR/PHI,WR,21,149,90,1518,8,3,58,2051,492,37.78708935397642,0.6040268456375839,10.187919463087248,16.866666666666667,0.053691275167785234,13.765100671140939,5.466666666666667,NA,NA,NA,NA,NA,NA,NA,NA,NA,NA,NA,NA,NA,NA,NA
2011,T.J. Houshmandzadeh,t j houshmandzadeh,LV,WR,7,19,11,146,1,0,5,226,31,3.817589976479738,0.5789473684210527,7.684210526315789,13.272727272727273,0.05263157894736842,11.894736842105264,2.8181818181818183,NA,NA,NA,NA,NA,NA,NA,NA,NA,NA,NA,NA,NA,NA,NA
2011,Tandon Doss,tandon doss,BAL,WR,2,2,0,0,0,0,0,24,0,-1.5095719455076506,0,0,NA,0,12,NA,NA,NA,NA,NA,NA,NA,NA,NA,NA,NA,NA,NA,NA,NA,NA
2011,Terrance Copper,terrance copper,KC,WR,9,12,8,114,0,0,6,134,36,9.320481252639777,0.6666666666666666,9.5,14.25,0,11.166666666666666,4.5,NA,NA,NA,NA,NA,NA,NA,NA,NA,NA,NA,NA,NA,NA,NA
2011,Terrelle Pryor,terrelle pryor,LV,WR,1,0,0,0,0,0,0,0,0,NA,NA,NA,NA,NA,NA,NA,NA,NA,NA,NA,NA,NA,NA,NA,NA,NA,NA,NA,NA,NA,NA
2011,Terrence Austin,terrence austin,WAS,WR,10,26,12,137,0,1,6,258,34,-13.003895254563876,0.46153846153846156,5.269230769230769,11.416666666666666,0,9.923076923076923,2.8333333333333335,NA,NA,NA,NA,NA,NA,NA,NA,NA,NA,NA,NA,NA,NA,NA
2011,Tiquan Underwood,tiquan underwood,NE,WR,4,6,3,30,0,0,2,74,6,-4.00557082722662,0.5,5,10,0,12.333333333333334,2,NA,NA,NA,NA,NA,NA,NA,NA,NA,NA,NA,NA,NA,NA,NA
2011,Titus Young,titus young,DET,WR,16,87,50,616,6,0,33,1117,128,23.770552260320315,0.5747126436781609,7.080459770114943,12.32,0.06896551724137931,12.839080459770114,2.56,NA,NA,NA,NA,NA,NA,NA,NA,NA,NA,NA,NA,NA,NA,NA
2011,Tom Nelson,tom nelson,PHI,DB,3,0,0,0,0,0,0,0,0,NA,NA,NA,NA,NA,NA,NA,NA,NA,NA,NA,NA,NA,NA,NA,NA,NA,NA,NA,NA,NA,NA
2011,Torrey Smith,torrey smith,BAL,WR,15,96,50,841,7,1,34,1702,228,35.62839465485662,0.5208333333333334,8.760416666666666,16.82,0.07291666666666667,17.729166666666668,4.56,NA,NA,NA,NA,NA,NA,NA,NA,NA,NA,NA,NA,NA,NA,NA
2011,Victor Cruz,victor cruz,NYG,WR,16,131,82,1536,9,1,59,1558,588,77.9856511617817,0.6259541984732825,11.725190839694656,18.73170731707317,0.06870229007633588,11.893129770992367,7.170731707317073,NA,NA,NA,NA,NA,NA,NA,NA,NA,NA,NA,NA,NA,NA,NA
2011,Vincent Brown,vincent brown,LAC,WR,10,40,19,329,2,0,17,587,77,8.838977949460968,0.475,8.225,17.31578947368421,0.05,14.675,4.052631578947368,NA,NA,NA,NA,NA,NA,NA,NA,NA,NA,NA,NA,NA,NA,NA
2011,Vincent Jackson,vincent jackson,LAC,WR,16,115,60,1106,9,0,54,1998,192,22.679118100308415,0.5217391304347826,9.617391304347827,18.433333333333334,0.0782608695652174,17.37391304347826,3.2,NA,NA,NA,NA,NA,NA,NA,NA,NA,NA,NA,NA,NA,NA,NA
2011,Wes Welker,wes welker,NE,WR,16,173,122,1569,9,0,77,1315,708,100.34451682560183,0.7052023121387283,9.06936416184971,12.860655737704919,0.05202312138728324,7.601156069364162,5.80327868852459,NA,NA,NA,NA,NA,NA,NA,NA,NA,NA,NA,NA,NA,NA,NA
2011,Weslye Saunders,weslye saunders,PIT,TE,8,8,4,29,1,0,3,60,8,-1.2601246200346128,0.5,3.625,7.25,0.125,7.5,2,NA,NA,NA,NA,NA,NA,NA,NA,NA,NA,NA,NA,NA,NA,NA
2012,A.J. Green,a j green,CIN,WR,16,164,97,1350,11,2,61,2235,381,34.729629609446135,0.5914634146341463,8.231707317073171,13.917525773195877,0.06707317073170732,13.628048780487806,3.9278350515463916,NA,NA,NA,NA,NA,NA,NA,NA,NA,NA,NA,NA,NA,NA,NA
2012,A.J. Jenkins,a j jenkins,SF,WR,1,1,0,0,0,0,0,2,0,-1.3883628994226456,0,0,NA,0,2,NA,NA,NA,NA,NA,NA,NA,NA,NA,NA,NA,NA,NA,NA,NA,NA
2012,Aldrick Robinson,aldrick robinson,WAS,WR,9,19,11,237,3,0,9,407,62,16.610648700705497,0.5789473684210527,12.473684210526315,21.545454545454547,0.15789473684210525,21.42105263157895,5.636363636363637,NA,NA,NA,NA,NA,NA,NA,NA,NA,NA,NA,NA,NA,NA,NA
2012,Alshon Jeffery,alshon jeffery,CHI,WR,10,48,24,367,3,0,17,797,65,4.3391066482995395,0.5,7.645833333333333,15.291666666666666,0.0625,16.604166666666668,2.7083333333333335,NA,NA,NA,NA,NA,NA,NA,NA,NA,NA,NA,NA,NA,NA,NA
2012,Andre Caldwell,andre caldwell,DEN,WR,3,4,1,18,0,0,1,47,2,-1.5118413403397426,0.25,4.5,18,0,11.75,2,NA,NA,NA,NA,NA,NA,NA,NA,NA,NA,NA,NA,NA,NA,NA
2012,Andre Holmes,andre holmes,DAL,WR,4,2,2,11,0,0,1,8,3,0.3676606980734505,1,5.5,5.5,0,4,1.5,NA,NA,NA,NA,NA,NA,NA,NA,NA,NA,NA,NA,NA,NA,NA
2012,Andre Johnson,andre johnson,HOU,WR,16,163,112,1598,4,0,79,1848,548,75.89157542759922,0.6871165644171779,9.803680981595091,14.267857142857142,0.024539877300613498,11.337423312883436,4.892857142857143,NA,NA,NA,NA,NA,NA,NA,NA,NA,NA,NA,NA,NA,NA,NA
2012,Andre Roberts,andre roberts,ARI,WR,15,114,64,759,5,1,41,1091,221,9.292032774682532,0.5614035087719298,6.657894736842105,11.859375,0.043859649122807015,9.570175438596491,3.453125,NA,NA,NA,NA,NA,NA,NA,NA,NA,NA,NA,NA,NA,NA,NA
2012,Andrew Hawkins,andrew hawkins,CIN,WR,14,80,51,533,4,1,25,455,342,9.977513549001813,0.6375,6.6625,10.450980392156863,0.05,5.6875,6.705882352941177,NA,NA,NA,NA,NA,NA,NA,NA,NA,NA,NA,NA,NA,NA,NA
2012,Anquan Boldin,anquan boldin,BAL,WR,15,112,65,921,4,0,45,1206,237,21.714355805425253,0.5803571428571429,8.223214285714286,14.169230769230769,0.03571428571428571,10.767857142857142,3.646153846153846,NA,NA,NA,NA,NA,NA,NA,NA,NA,NA,NA,NA,NA,NA,NA
2012,Anthony Armstrong,anthony armstrong,MIA,WR,2,9,3,12,0,0,0,107,3,-4.806849356449675,0.3333333333333333,1.3333333333333333,4,0,11.88888888888889,1,NA,NA,NA,NA,NA,NA,NA,NA,NA,NA,NA,NA,NA,NA,NA
2012,Antonio Brown,antonio brown,PIT,WR,13,106,66,787,5,2,43,1059,348,32.017921072817664,0.6226415094339622,7.4245283018867925,11.924242424242424,0.04716981132075472,9.99056603773585,5.2727272727272725,NA,NA,NA,NA,NA,NA,NA,NA,NA,NA,NA,NA,NA,NA,NA
2012,Armanti Edwards,armanti edwards,CAR,WR,10,9,5,121,0,0,3,147,72,3.25833437768021,0.5555555555555556,13.444444444444445,24.2,0,16.333333333333332,14.4,NA,NA,NA,NA,NA,NA,NA,NA,NA,NA,NA,NA,NA,NA,NA
2012,Armon Binns,armon binns,MIA,WR,9,40,24,277,1,1,11,348,112,4.612006646140623,0.6,6.925,11.541666666666666,0.025,8.7,4.666666666666667,NA,NA,NA,NA,NA,NA,NA,NA,NA,NA,NA,NA,NA,NA,NA
2012,Arrelious Benn,arrelious benn,TB,WR,8,6,4,26,0,0,0,20,23,-0.7237925790250301,0.6666666666666666,4.333333333333333,6.5,0,3.3333333333333335,5.75,NA,NA,NA,NA,NA,NA,NA,NA,NA,NA,NA,NA,NA,NA,NA
2012,Austin Collie,austin collie,IND,WR,1,1,1,6,0,0,0,4,2,-0.024938778020441532,1,6,6,0,4,2,NA,NA,NA,NA,NA,NA,NA,NA,NA,NA,NA,NA,NA,NA,NA
2012,Austin Pettis,austin pettis,LA,WR,13,48,30,261,4,0,16,428,79,5.071383630030567,0.625,5.4375,8.7,0.08333333333333333,8.916666666666666,2.6333333333333333,NA,NA,NA,NA,NA,NA,NA,NA,NA,NA,NA,NA,NA,NA,NA
2012,Ben Obomanu,ben obomanu,SEA,WR,7,9,4,58,0,0,1,132,21,-5.031775506067298,0.4444444444444444,6.444444444444445,14.5,0,14.666666666666666,5.25,NA,NA,NA,NA,NA,NA,NA,NA,NA,NA,NA,NA,NA,NA,NA
2012,Brad Smith,brad smith,BUF,WR,15,22,14,152,2,0,7,192,44,7.463922283711432,0.6363636363636364,6.909090909090909,10.857142857142858,0.09090909090909091,8.727272727272727,3.142857142857143,NA,NA,NA,NA,NA,NA,NA,NA,NA,NA,NA,NA,NA,NA,NA
2012,Brandon Gibson,brandon gibson,LA,WR,15,82,51,691,5,0,43,1017,112,37.02839684813051,0.6219512195121951,8.426829268292684,13.549019607843137,0.06097560975609756,12.402439024390244,2.196078431372549,NA,NA,NA,NA,NA,NA,NA,NA,NA,NA,NA,NA,NA,NA,NA
2012,Brandon Johnson,brandon johnson,PIT,LB,9,0,0,0,0,0,0,0,0,NA,NA,NA,NA,NA,NA,NA,NA,NA,NA,NA,NA,NA,NA,NA,NA,NA,NA,NA,NA,NA,NA
2012,Brandon LaFell,brandon lafell,CAR,WR,13,76,44,677,4,1,32,765,312,13.314639939415219,0.5789473684210527,8.907894736842104,15.386363636363637,0.05263157894736842,10.06578947368421,7.090909090909091,NA,NA,NA,NA,NA,NA,NA,NA,NA,NA,NA,NA,NA,NA,NA
2012,Brandon Lloyd,brandon lloyd,NE,WR,16,130,74,911,4,0,50,1740,168,38.34446139442915,0.5692307692307692,7.007692307692308,12.31081081081081,0.03076923076923077,13.384615384615385,2.27027027027027,NA,NA,NA,NA,NA,NA,NA,NA,NA,NA,NA,NA,NA,NA,NA
2012,Brandon Marshall,brandon marshall,CHI/JAX,WR,18,194,118,1508,11,2,75,2411,347,33.75140515690591,0.6082474226804123,7.77319587628866,12.779661016949152,0.05670103092783505,12.427835051546392,2.940677966101695,NA,NA,NA,NA,NA,NA,NA,NA,NA,NA,NA,NA,NA,NA,NA
2012,Brandon Stokley,brandon stokley,DEN,WR,14,59,45,544,5,0,30,589,148,27.58515383366095,0.7627118644067796,9.220338983050848,12.088888888888889,0.0847457627118644,9.983050847457626,3.2888888888888888,NA,NA,NA,NA,NA,NA,NA,NA,NA,NA,NA,NA,NA,NA,NA
2012,Brandon Tate,brandon tate,CIN,WR,16,25,13,211,1,0,6,309,64,-7.90135353969148,0.52,8.44,16.23076923076923,0.04,12.36,4.923076923076923,NA,NA,NA,NA,NA,NA,NA,NA,NA,NA,NA,NA,NA,NA,NA
2012,Braylon Edwards,braylon edwards,NYJ,WR,9,35,18,199,1,0,12,486,33,-0.9127246692624857,0.5142857142857142,5.685714285714286,11.055555555555555,0.02857142857142857,13.885714285714286,1.8333333333333333,NA,NA,NA,NA,NA,NA,NA,NA,NA,NA,NA,NA,NA,NA,NA
2012,Brian Hartline,brian hartline,MIA,WR,15,131,74,1083,1,1,48,1661,240,34.8765149542535,0.5648854961832062,8.267175572519085,14.635135135135135,0.007633587786259542,12.679389312977099,3.2432432432432434,NA,NA,NA,NA,NA,NA,NA,NA,NA,NA,NA,NA,NA,NA,NA
2012,Brian Quick,brian quick,LA,WR,14,27,11,156,2,0,6,344,23,-14.925004862752688,0.4074074074074074,5.777777777777778,14.181818181818182,0.07407407407407407,12.74074074074074,2.090909090909091,NA,NA,NA,NA,NA,NA,NA,NA,NA,NA,NA,NA,NA,NA,NA
2012,Brian Robiskie,brian robiskie,DET,WR,3,6,4,44,1,0,3,61,8,2.608697541116271,0.6666666666666666,7.333333333333333,11,0.16666666666666666,10.166666666666666,2,NA,NA,NA,NA,NA,NA,NA,NA,NA,NA,NA,NA,NA,NA,NA
2012,Calvin Johnson,calvin johnson,DET,WR,16,204,122,1964,5,3,92,2753,503,70.46058241009307,0.5980392156862745,9.627450980392156,16.098360655737704,0.024509803921568627,13.495098039215685,4.122950819672131,NA,NA,NA,NA,NA,NA,NA,NA,NA,NA,NA,NA,NA,NA,NA
2012,Cecil Shorts,cecil shorts,JAX,WR,14,105,55,979,7,1,36,1307,360,34.07454398414238,0.5238095238095238,9.323809523809524,17.8,0.06666666666666667,12.447619047619048,6.545454545454546,NA,NA,NA,NA,NA,NA,NA,NA,NA,NA,NA,NA,NA,NA,NA
2012,Chandler Jones,chandler jones,NE,DE,13,0,0,0,0,0,0,0,0,NA,NA,NA,NA,NA,NA,NA,NA,NA,NA,NA,NA,NA,NA,NA,NA,NA,NA,NA,NA,NA,NA
2012,Charles Johnson,charles johnson,CAR,DE,16,0,0,0,0,0,0,0,0,NA,NA,NA,NA,NA,NA,NA,NA,NA,NA,NA,NA,NA,NA,NA,NA,NA,NA,NA,NA,NA,NA
2012,Charly Martin,charly martin,SEA,WR,4,6,4,42,0,0,2,58,12,0.5805877280363347,0.6666666666666666,7,10.5,0,9.666666666666666,3,NA,NA,NA,NA,NA,NA,NA,NA,NA,NA,NA,NA,NA,NA,NA
2012,Chaz Schilens,chaz schilens,NYJ,WR,12,41,28,289,2,1,16,420,49,5.063176411315284,0.6829268292682927,7.048780487804878,10.321428571428571,0.04878048780487805,10.24390243902439,1.75,NA,NA,NA,NA,NA,NA,NA,NA,NA,NA,NA,NA,NA,NA,NA
2012,Chris Givens,chris givens,LA,WR,15,80,42,698,3,0,25,1188,277,21.071805253569686,0.525,8.725,16.61904761904762,0.0375,14.85,6.595238095238095,NA,NA,NA,NA,NA,NA,NA,NA,NA,NA,NA,NA,NA,NA,NA
2012,Chris Owusu,chris owusu,TB,WR,2,3,1,24,0,0,1,27,11,-2.5295790926902555,0.3333333333333333,8,24,0,9,11,NA,NA,NA,NA,NA,NA,NA,NA,NA,NA,NA,NA,NA,NA,NA
2012,Chris Williams,chris williams,LA,G,1,0,0,0,0,0,0,0,0,NA,NA,NA,NA,NA,NA,NA,NA,NA,NA,NA,NA,NA,NA,NA,NA,NA,NA,NA,NA,NA,NA
2012,Clyde Gates,clyde gates,NYJ,WR,10,35,16,224,0,0,12,393,20,-4.750636399423098,0.45714285714285713,6.4,14,0,11.228571428571428,1.25,NA,NA,NA,NA,NA,NA,NA,NA,NA,NA,NA,NA,NA,NA,NA
2012,Cole Beasley,cole beasley,DAL,WR,8,24,15,128,0,0,8,125,59,-2.7552196567431735,0.625,5.333333333333333,8.533333333333333,0,5.208333333333333,3.933333333333333,NA,NA,NA,NA,NA,NA,NA,NA,NA,NA,NA,NA,NA,NA,NA
2012,Courtney Roby,courtney roby,NO,WR,8,2,1,9,0,0,0,7,5,-0.015248131472617388,0.5,4.5,9,0,3.5,5,NA,NA,NA,NA,NA,NA,NA,NA,NA,NA,NA,NA,NA,NA,NA
2012,D.J. Moore,d j moore,CHI,CB,11,0,0,0,0,0,0,0,0,NA,NA,NA,NA,NA,NA,NA,NA,NA,NA,NA,NA,NA,NA,NA,NA,NA,NA,NA,NA,NA,NA
2012,Damaris Johnson,damaris johnson,PHI,WR,14,31,19,256,0,0,14,321,100,16.814294840331268,0.6129032258064516,8.258064516129032,13.473684210526315,0,10.35483870967742,5.2631578947368425,NA,NA,NA,NA,NA,NA,NA,NA,NA,NA,NA,NA,NA,NA,NA
2012,Damian Williams,damian williams,TEN,WR,13,45,30,324,0,0,18,422,75,-14.392911106149791,0.6666666666666666,7.2,10.8,0,9.377777777777778,2.5,NA,NA,NA,NA,NA,NA,NA,NA,NA,NA,NA,NA,NA,NA,NA
2012,Danario Alexander,danario alexander,LAC,WR,10,62,37,658,7,0,29,727,283,40.83284600870684,0.5967741935483871,10.612903225806452,17.783783783783782,0.11290322580645161,11.725806451612904,7.648648648648648,NA,NA,NA,NA,NA,NA,NA,NA,NA,NA,NA,NA,NA,NA,NA
2012,Dane Sanzenbacher,dane sanzenbacher,CHI,WR,2,3,1,7,0,0,1,14,4,-0.05106776609318331,0.3333333333333333,2.3333333333333335,7,0,4.666666666666667,4,NA,NA,NA,NA,NA,NA,NA,NA,NA,NA,NA,NA,NA,NA,NA
2012,Danny Amendola,danny amendola,LA,WR,11,101,63,666,3,2,38,785,230,6.053093373148263,0.6237623762376238,6.594059405940594,10.571428571428571,0.0297029702970297,7.772277227722772,3.6507936507936507,NA,NA,NA,NA,NA,NA,NA,NA,NA,NA,NA,NA,NA,NA,NA
2012,Darrius Heyward-Bey,darrius heyward bey,LV,WR,15,80,41,606,5,0,25,1017,231,7.2797325454871,0.5125,7.575,14.78048780487805,0.0625,12.7125,5.634146341463414,NA,NA,NA,NA,NA,NA,NA,NA,NA,NA,NA,NA,NA,NA,NA
2012,David Gilreath,david gilreath,PIT,WR,3,2,0,0,0,0,0,50,0,-0.17905523459194228,0,0,NA,0,25,NA,NA,NA,NA,NA,NA,NA,NA,NA,NA,NA,NA,NA,NA,NA,NA
2012,David Nelson,david nelson,BUF,WR,1,5,2,31,0,0,2,40,10,-8.760747626773082,0.4,6.2,15.5,0,8,5,NA,NA,NA,NA,NA,NA,NA,NA,NA,NA,NA,NA,NA,NA,NA
2012,David Reed,david reed,BAL,WR,4,6,5,66,0,0,2,60,23,3.182970132002369,0.8333333333333334,11,13.2,0,10,4.6,NA,NA,NA,NA,NA,NA,NA,NA,NA,NA,NA,NA,NA,NA,NA
2012,Davone Bess,davone bess,MIA,WR,13,105,61,778,1,1,38,1057,249,13.590951625461523,0.580952380952381,7.40952380952381,12.754098360655737,0.009523809523809525,10.066666666666666,4.081967213114754,NA,NA,NA,NA,NA,NA,NA,NA,NA,NA,NA,NA,NA,NA,NA
2012,DeSean Jackson,desean jackson,PHI,WR,11,88,45,700,2,1,30,1323,223,15.66767732098377,0.5113636363636364,7.954545454545454,15.555555555555555,0.022727272727272728,15.034090909090908,4.955555555555556,NA,NA,NA,NA,NA,NA,NA,NA,NA,NA,NA,NA,NA,NA,NA
2012,DeVier Posey,devier posey,HOU,WR,8,14,6,87,0,0,3,160,29,3.9149483688815963,0.42857142857142855,6.214285714285714,14.5,0,11.428571428571429,4.833333333333333,NA,NA,NA,NA,NA,NA,NA,NA,NA,NA,NA,NA,NA,NA,NA
2012,Deion Branch,deion branch,NE,WR,9,29,16,145,0,0,10,281,44,3.542257391153134,0.5517241379310345,5,9.0625,0,9.689655172413794,2.75,NA,NA,NA,NA,NA,NA,NA,NA,NA,NA,NA,NA,NA,NA,NA
2012,Demaryius Thomas,demaryius thomas,DEN,WR,16,141,94,1434,10,2,60,1571,544,77.95963783584382,0.6666666666666666,10.170212765957446,15.25531914893617,0.07092198581560284,11.141843971631205,5.787234042553192,NA,NA,NA,NA,NA,NA,NA,NA,NA,NA,NA,NA,NA,NA,NA
2012,Denarius Moore,denarius moore,LV,WR,15,114,51,741,7,1,33,1417,258,-9.705032874631767,0.4473684210526316,6.5,14.529411764705882,0.06140350877192982,12.429824561403509,5.0588235294117645,NA,NA,NA,NA,NA,NA,NA,NA,NA,NA,NA,NA,NA,NA,NA
2012,Deonte Thompson,deonte thompson,BAL,WR,6,6,5,51,0,0,2,45,23,1.3683530354187843,0.8333333333333334,8.5,10.2,0,7.5,4.6,NA,NA,NA,NA,NA,NA,NA,NA,NA,NA,NA,NA,NA,NA,NA
2012,Derek Hagan,derek hagan,LV,WR,12,36,20,259,0,0,14,421,68,4.081546990291923,0.5555555555555556,7.194444444444445,12.95,0,11.694444444444445,3.4,NA,NA,NA,NA,NA,NA,NA,NA,NA,NA,NA,NA,NA,NA,NA
2012,Derrick Johnson,derrick johnson,KC,LB,16,0,0,0,0,0,0,0,0,NA,NA,NA,NA,NA,NA,NA,NA,NA,NA,NA,NA,NA,NA,NA,NA,NA,NA,NA,NA,NA,NA
2012,Devery Henderson,devery henderson,NO,WR,15,47,22,316,1,1,10,747,79,-10.59022464471646,0.46808510638297873,6.723404255319149,14.363636363636363,0.02127659574468085,15.893617021276595,3.590909090909091,NA,NA,NA,NA,NA,NA,NA,NA,NA,NA,NA,NA,NA,NA,NA
2012,Devin Aromashodu,devin aromashodu,MIN,WR,11,22,11,182,0,0,10,324,38,-0.40559553167858153,0.5,8.272727272727273,16.545454545454547,0,14.727272727272727,3.4545454545454546,NA,NA,NA,NA,NA,NA,NA,NA,NA,NA,NA,NA,NA,NA,NA
2012,Devin Hester,devin hester,CHI,WR,15,40,23,242,1,0,9,394,103,-8.880966413824353,0.575,6.05,10.521739130434783,0.025,9.85,4.478260869565218,NA,NA,NA,NA,NA,NA,NA,NA,NA,NA,NA,NA,NA,NA,NA
2012,Devon Wylie,devon wylie,KC,WR,5,12,6,53,0,0,2,76,11,-4.001003760035314,0.5,4.416666666666667,8.833333333333334,0,6.333333333333333,1.8333333333333333,NA,NA,NA,NA,NA,NA,NA,NA,NA,NA,NA,NA,NA,NA,NA
2012,Dez Bryant,dez bryant,DAL,WR,16,136,90,1371,12,2,53,1651,455,50.60329032203477,0.6617647058823529,10.080882352941176,15.233333333333333,0.08823529411764706,12.139705882352942,5.055555555555555,NA,NA,NA,NA,NA,NA,NA,NA,NA,NA,NA,NA,NA,NA,NA
2012,Domenik Hixon,domenik hixon,NYG,WR,13,59,39,567,2,0,24,754,135,30.459737108543315,0.6610169491525424,9.610169491525424,14.538461538461538,0.03389830508474576,12.779661016949152,3.4615384615384617,NA,NA,NA,NA,NA,NA,NA,NA,NA,NA,NA,NA,NA,NA,NA
2012,Donald Jones,donald jones,BUF,WR,12,67,41,443,4,1,25,627,179,4.120553753956594,0.6119402985074627,6.611940298507463,10.804878048780488,0.05970149253731343,9.35820895522388,4.365853658536586,NA,NA,NA,NA,NA,NA,NA,NA,NA,NA,NA,NA,NA,NA,NA
2012,Donnie Avery,donnie avery,IND,WR,16,126,60,781,3,1,37,1584,207,10.8596066907553,0.47619047619047616,6.198412698412699,13.016666666666667,0.023809523809523808,12.571428571428571,3.45,NA,NA,NA,NA,NA,NA,NA,NA,NA,NA,NA,NA,NA,NA,NA
2012,Donte' Stallworth,donte stallworth,NE,WR,1,2,1,63,1,0,1,64,30,4.907645060680807,0.5,31.5,63,0.5,32,30,NA,NA,NA,NA,NA,NA,NA,NA,NA,NA,NA,NA,NA,NA,NA
2012,Doug Baldwin,doug baldwin,SEA,WR,14,50,29,366,3,0,18,622,78,15.563612062007124,0.58,7.32,12.620689655172415,0.06,12.44,2.689655172413793,NA,NA,NA,NA,NA,NA,NA,NA,NA,NA,NA,NA,NA,NA,NA
2012,Drew Davis,drew davis,ATL,WR,8,6,4,40,1,0,2,76,23,2.7922543381573632,0.6666666666666666,6.666666666666667,10,0.16666666666666666,12.666666666666666,5.75,NA,NA,NA,NA,NA,NA,NA,NA,NA,NA,NA,NA,NA,NA,NA
2012,Dwayne Bowe,dwayne bowe,KC,WR,13,114,59,801,3,1,43,1433,237,10.226470222248906,0.5175438596491229,7.026315789473684,13.576271186440678,0.02631578947368421,12.570175438596491,4.016949152542373,NA,NA,NA,NA,NA,NA,NA,NA,NA,NA,NA,NA,NA,NA,NA
2012,Dwayne Harris,dwayne harris,DAL,WR,15,31,17,222,1,0,9,308,110,7.870396702725481,0.5483870967741935,7.161290322580645,13.058823529411764,0.03225806451612903,9.935483870967742,6.470588235294118,NA,NA,NA,NA,NA,NA,NA,NA,NA,NA,NA,NA,NA,NA,NA
2012,Earl Bennett,earl bennett,CHI,WR,12,49,29,375,2,0,20,405,187,7.427614756006779,0.5918367346938775,7.653061224489796,12.931034482758621,0.04081632653061224,8.26530612244898,6.448275862068965,NA,NA,NA,NA,NA,NA,NA,NA,NA,NA,NA,NA,NA,NA,NA
2012,Early Doucet,early doucet,ARI,WR,12,53,28,207,0,0,11,291,81,-12.791953994504462,0.5283018867924528,3.9056603773584904,7.392857142857143,0,5.490566037735849,2.892857142857143,NA,NA,NA,NA,NA,NA,NA,NA,NA,NA,NA,NA,NA,NA,NA
2012,Eddie Royal,eddie royal,LAC,WR,10,44,23,234,1,0,15,325,90,-19.847140303427413,0.5227272727272727,5.318181818181818,10.173913043478262,0.022727272727272728,7.386363636363637,3.9130434782608696,NA,NA,NA,NA,NA,NA,NA,NA,NA,NA,NA,NA,NA,NA,NA
2012,Emmanuel Sanders,emmanuel sanders,PIT,WR,16,74,44,626,1,1,31,850,218,19.761540087277456,0.5945945945945946,8.45945945945946,14.227272727272727,0.013513513513513514,11.486486486486486,4.954545454545454,NA,NA,NA,NA,NA,NA,NA,NA,NA,NA,NA,NA,NA,NA,NA
2012,Eric Decker,eric decker,DEN,WR,16,122,85,1064,13,0,52,1403,263,68.49342565654544,0.6967213114754098,8.721311475409836,12.51764705882353,0.10655737704918032,11.5,3.0941176470588236,NA,NA,NA,NA,NA,NA,NA,NA,NA,NA,NA,NA,NA,NA,NA
2012,Eric Weems,eric weems,CHI,WR,11,4,2,27,0,0,2,42,1,0.8421428230358288,0.5,6.75,13.5,0,10.5,0.5,NA,NA,NA,NA,NA,NA,NA,NA,NA,NA,NA,NA,NA,NA,NA
2012,Golden Tate,golden tate,SEA,WR,15,67,45,688,7,0,29,935,259,42.324191871096424,0.6716417910447762,10.26865671641791,15.28888888888889,0.1044776119402985,13.955223880597014,5.7555555555555555,NA,NA,NA,NA,NA,NA,NA,NA,NA,NA,NA,NA,NA,NA,NA
2012,Greg Camarillo,greg camarillo,NO,WR,1,5,4,44,0,0,3,34,10,4.27646872762125,0.8,8.8,11,0,6.8,2.5,NA,NA,NA,NA,NA,NA,NA,NA,NA,NA,NA,NA,NA,NA,NA
2012,Greg Jennings,greg jennings,GB,WR,8,62,36,366,4,0,22,619,164,5.798703784130596,0.5806451612903226,5.903225806451613,10.166666666666666,0.06451612903225806,9.983870967741936,4.555555555555555,NA,NA,NA,NA,NA,NA,NA,NA,NA,NA,NA,NA,NA,NA,NA
2012,Greg Little,greg little,CLE,WR,16,92,53,647,4,0,35,930,197,2.9508574907282537,0.5760869565217391,7.032608695652174,12.20754716981132,0.043478260869565216,10.108695652173912,3.7169811320754715,NA,NA,NA,NA,NA,NA,NA,NA,NA,NA,NA,NA,NA,NA,NA
2012,Hakeem Nicks,hakeem nicks,NYG,WR,12,100,53,692,3,0,35,1202,195,4.602737210843611,0.53,6.92,13.056603773584905,0.03,12.02,3.6792452830188678,NA,NA,NA,NA,NA,NA,NA,NA,NA,NA,NA,NA,NA,NA,NA
2012,Harry Douglas,harry douglas,ATL,WR,15,59,38,395,1,1,18,519,152,-1.8760985210186891,0.6440677966101694,6.694915254237288,10.394736842105264,0.01694915254237288,8.796610169491526,4,NA,NA,NA,NA,NA,NA,NA,NA,NA,NA,NA,NA,NA,NA,NA
2012,Jabar Gaffney,jabar gaffney,MIA,WR,3,10,4,68,0,0,3,131,11,-4.684047598508187,0.4,6.8,17,0,13.1,2.75,NA,NA,NA,NA,NA,NA,NA,NA,NA,NA,NA,NA,NA,NA,NA
2012,Jacoby Jones,jacoby jones,BAL,WR,16,55,30,406,1,0,16,786,83,15.373729582591032,0.5454545454545454,7.381818181818182,13.533333333333333,0.01818181818181818,14.290909090909091,2.7666666666666666,NA,NA,NA,NA,NA,NA,NA,NA,NA,NA,NA,NA,NA,NA,NA
2012,Jamar Newsome,jamar newsome,KC,WR,6,16,5,73,0,0,3,251,19,-4.959424167871475,0.3125,4.5625,14.6,0,15.6875,3.8,NA,NA,NA,NA,NA,NA,NA,NA,NA,NA,NA,NA,NA,NA,NA
2012,James Jones,james jones,GB,WR,15,98,64,784,14,0,45,1068,230,46.24822131813862,0.6530612244897959,8,12.25,0.14285714285714285,10.89795918367347,3.59375,NA,NA,NA,NA,NA,NA,NA,NA,NA,NA,NA,NA,NA,NA,NA
2012,Jarius Wright,jarius wright,MIN,WR,7,36,22,310,2,0,13,383,109,14.35607644767223,0.6111111111111112,8.61111111111111,14.090909090909092,0.05555555555555555,10.63888888888889,4.954545454545454,NA,NA,NA,NA,NA,NA,NA,NA,NA,NA,NA,NA,NA,NA,NA
2012,Jarrett Boykin,jarrett boykin,GB,WR,7,6,5,27,0,0,1,50,6,1.519088433360197,0.8333333333333334,4.5,5.4,0,8.333333333333334,1.2,NA,NA,NA,NA,NA,NA,NA,NA,NA,NA,NA,NA,NA,NA,NA
2012,Jason Avant,jason avant,PHI,WR,14,76,53,648,0,0,31,771,162,30.045014229588677,0.6973684210526315,8.526315789473685,12.226415094339623,0,10.144736842105264,3.056603773584906,NA,NA,NA,NA,NA,NA,NA,NA,NA,NA,NA,NA,NA,NA,NA
2012,Jason Hill,jason hill,NYJ,WR,2,3,2,15,1,0,2,46,1,1.347903523594141,0.6666666666666666,5,7.5,0.3333333333333333,15.333333333333334,0.5,NA,NA,NA,NA,NA,NA,NA,NA,NA,NA,NA,NA,NA,NA,NA
2012,Jeremy Kerley,jeremy kerley,NYJ,WR,16,96,56,827,2,2,31,929,292,6.063924288273304,0.5833333333333334,8.614583333333334,14.767857142857142,0.020833333333333332,9.677083333333334,5.214285714285714,NA,NA,NA,NA,NA,NA,NA,NA,NA,NA,NA,NA,NA,NA,NA
2012,Jeremy Maclin,jeremy maclin,PHI,WR,15,122,69,857,7,1,37,1313,255,14.478116624436725,0.5655737704918032,7.024590163934426,12.420289855072463,0.05737704918032787,10.762295081967213,3.6956521739130435,NA,NA,NA,NA,NA,NA,NA,NA,NA,NA,NA,NA,NA,NA,NA
2012,Jeremy Ross,jeremy ross,GB,WR,2,0,0,0,0,0,0,0,0,NA,NA,NA,NA,NA,NA,NA,NA,NA,NA,NA,NA,NA,NA,NA,NA,NA,NA,NA,NA,NA,NA
2012,Jermaine Kearse,jermaine kearse,SEA,WR,5,7,3,31,0,0,2,93,1,0.068417594069615,0.42857142857142855,4.428571428571429,10.333333333333334,0,13.285714285714286,0.3333333333333333,NA,NA,NA,NA,NA,NA,NA,NA,NA,NA,NA,NA,NA,NA,NA
2012,Jerome Simpson,jerome simpson,MIN,WR,12,51,26,274,0,2,16,594,56,-5.489253765609781,0.5098039215686274,5.372549019607843,10.538461538461538,0,11.647058823529411,2.1538461538461537,NA,NA,NA,NA,NA,NA,NA,NA,NA,NA,NA,NA,NA,NA,NA
2012,Jerrel Jernigan,jerrel jernigan,NYG,WR,7,5,3,22,0,0,2,38,7,-8.99206684762612,0.6,4.4,7.333333333333333,0,7.6,2.3333333333333335,NA,NA,NA,NA,NA,NA,NA,NA,NA,NA,NA,NA,NA,NA,NA
2012,Jerrell Jackson,jerrell jackson,JAX,WR,1,0,0,0,0,0,0,0,0,NA,NA,NA,NA,NA,NA,NA,NA,NA,NA,NA,NA,NA,NA,NA,NA,NA,NA,NA,NA,NA,NA
2012,Jerricho Cotchery,jerricho cotchery,PIT,WR,12,27,17,205,0,0,12,286,43,10.54036138578354,0.6296296296296297,7.592592592592593,12.058823529411764,0,10.592592592592593,2.5294117647058822,NA,NA,NA,NA,NA,NA,NA,NA,NA,NA,NA,NA,NA,NA,NA
2012,Joe Adams,joe adams,CAR,WR,9,1,1,7,0,0,0,2,5,0.3128176190657541,1,7,7,0,2,5,NA,NA,NA,NA,NA,NA,NA,NA,NA,NA,NA,NA,NA,NA,NA
2012,Jordan Norwood,jordan norwood,CLE,WR,2,19,13,137,0,0,5,171,62,2.605233015086556,0.6842105263157895,7.2105263157894735,10.538461538461538,0,9,4.769230769230769,NA,NA,NA,NA,NA,NA,NA,NA,NA,NA,NA,NA,NA,NA,NA
2012,Jordan Shipley,jordan shipley,JAX,WR,7,39,23,244,1,0,10,373,42,-2.2579060451970436,0.5897435897435898,6.256410256410256,10.608695652173912,0.02564102564102564,9.564102564102564,1.826086956521739,NA,NA,NA,NA,NA,NA,NA,NA,NA,NA,NA,NA,NA,NA,NA
2012,Jordan White,jordan white,NYJ,WR,1,3,1,13,0,0,1,52,3,-1.594077618792653,0.3333333333333333,4.333333333333333,13,0,17.333333333333332,3,NA,NA,NA,NA,NA,NA,NA,NA,NA,NA,NA,NA,NA,NA,NA
2012,Jordy Nelson,jordy nelson,GB,WR,12,73,49,745,7,0,36,898,251,48.93409224068466,0.6712328767123288,10.205479452054794,15.204081632653061,0.0958904109589041,12.301369863013699,5.122448979591836,NA,NA,NA,NA,NA,NA,NA,NA,NA,NA,NA,NA,NA,NA,NA
2012,Joseph Morgan,joseph morgan,NO,WR,11,20,10,379,3,0,9,548,87,23.010008064622525,0.5,18.95,37.9,0.15,27.4,8.7,NA,NA,NA,NA,NA,NA,NA,NA,NA,NA,NA,NA,NA,NA,NA
2012,Josh Bellamy,josh bellamy,KC,WR,2,0,0,0,0,0,0,0,0,NA,NA,NA,NA,NA,NA,NA,NA,NA,NA,NA,NA,NA,NA,NA,NA,NA,NA,NA,NA,NA,NA
2012,Josh Cooper,josh cooper,CLE,WR,6,18,8,106,0,0,6,136,58,2.95323841459507,0.4444444444444444,5.888888888888889,13.25,0,7.555555555555555,7.25,NA,NA,NA,NA,NA,NA,NA,NA,NA,NA,NA,NA,NA,NA,NA
2012,Josh Gordon,josh gordon,CLE,WR,16,95,50,805,5,1,40,1259,310,20.951260281804558,0.5263157894736842,8.473684210526315,16.1,0.05263157894736842,13.25263157894737,6.2,NA,NA,NA,NA,NA,NA,NA,NA,NA,NA,NA,NA,NA,NA,NA
2012,Josh Johnson,josh johnson,CLE,QB,1,0,0,0,0,0,0,0,0,NA,NA,NA,NA,NA,NA,NA,NA,NA,NA,NA,NA,NA,NA,NA,NA,NA,NA,NA,NA,NA,NA
2012,Josh Morgan,josh morgan,WAS,WR,16,73,48,510,2,1,29,581,234,12.704764228899245,0.6575342465753424,6.986301369863014,10.625,0.0273972602739726,7.958904109589041,4.875,NA,NA,NA,NA,NA,NA,NA,NA,NA,NA,NA,NA,NA,NA,NA
2012,Julian Edelman,julian edelman,NE,WR,9,32,21,235,3,0,12,229,141,19.4842320948991,0.65625,7.34375,11.19047619047619,0.09375,7.15625,6.714285714285714,NA,NA,NA,NA,NA,NA,NA,NA,NA,NA,NA,NA,NA,NA,NA
2012,Julio Jones,julio jones,ATL,WR,16,129,79,1198,10,0,56,1574,464,60.737704004636,0.6124031007751938,9.286821705426357,15.164556962025317,0.07751937984496124,12.2015503875969,5.8734177215189876,NA,NA,NA,NA,NA,NA,NA,NA,NA,NA,NA,NA,NA,NA,NA
2012,Juron Criner,juron criner,LV,WR,9,33,16,151,1,1,10,232,80,-1.856999082400319,0.48484848484848486,4.575757575757576,9.4375,0.030303030303030304,7.03030303030303,5,NA,NA,NA,NA,NA,NA,NA,NA,NA,NA,NA,NA,NA,NA,NA
2012,Justin Blackmon,justin blackmon,JAX,WR,16,132,64,865,5,1,41,1420,284,10.487503464107423,0.48484848484848486,6.553030303030303,13.515625,0.03787878787878788,10.757575757575758,4.4375,NA,NA,NA,NA,NA,NA,NA,NA,NA,NA,NA,NA,NA,NA,NA
2012,Kassim Osgood,kassim osgood,DET,WR,6,0,0,0,0,0,0,0,0,NA,NA,NA,NA,NA,NA,NA,NA,NA,NA,NA,NA,NA,NA,NA,NA,NA,NA,NA,NA,NA,NA
2012,Kealoha Pilares,kealoha pilares,CAR,WR,8,4,2,42,1,0,1,-8,49,3.480043191520963,0.5,10.5,21,0.25,-2,24.5,NA,NA,NA,NA,NA,NA,NA,NA,NA,NA,NA,NA,NA,NA,NA
2012,Kendall Wright,kendall wright,TEN,WR,15,104,64,626,4,1,38,700,314,10.477169149865675,0.6153846153846154,6.019230769230769,9.78125,0.038461538461538464,6.730769230769231,4.90625,NA,NA,NA,NA,NA,NA,NA,NA,NA,NA,NA,NA,NA,NA,NA
2012,Kenny Britt,kenny britt,TEN,WR,14,90,45,589,4,2,24,1133,137,2.3478398410319437,0.5,6.544444444444444,13.088888888888889,0.044444444444444446,12.588888888888889,3.0444444444444443,NA,NA,NA,NA,NA,NA,NA,NA,NA,NA,NA,NA,NA,NA,NA
2012,Keshawn Martin,keshawn martin,HOU,WR,16,28,10,85,1,0,6,209,37,-12.955422624118984,0.35714285714285715,3.0357142857142856,8.5,0.03571428571428571,7.464285714285714,3.7,NA,NA,NA,NA,NA,NA,NA,NA,NA,NA,NA,NA,NA,NA,NA
2012,Kevin Cone,kevin cone,ATL,WR,4,1,0,0,0,0,0,1,0,-0.5679637647117488,0,0,NA,0,1,NA,NA,NA,NA,NA,NA,NA,NA,NA,NA,NA,NA,NA,NA,NA,NA
2012,Kevin Elliott,kevin elliott,JAX,WR,9,31,10,108,0,0,6,322,27,-14.877699647494593,0.3225806451612903,3.4838709677419355,10.8,0,10.387096774193548,2.7,NA,NA,NA,NA,NA,NA,NA,NA,NA,NA,NA,NA,NA,NA,NA
2012,Kevin Ogletree,kevin ogletree,DAL,WR,14,55,32,436,4,0,19,706,84,3.985203319337418,0.5818181818181818,7.927272727272728,13.625,0.07272727272727272,12.836363636363636,2.625,NA,NA,NA,NA,NA,NA,NA,NA,NA,NA,NA,NA,NA,NA,NA
2012,Kevin Smith,kevin smith,DET,RB,9,16,10,79,1,0,6,-9,100,1.6522135413929284,0.625,4.9375,7.9,0.0625,-0.5625,10,NA,NA,NA,NA,NA,NA,NA,NA,NA,NA,NA,NA,NA,NA,NA
2012,Kevin Walter,kevin walter,HOU,WR,16,68,41,518,2,0,27,806,94,17.346721720543286,0.6029411764705882,7.617647058823529,12.634146341463415,0.029411764705882353,11.852941176470589,2.292682926829268,NA,NA,NA,NA,NA,NA,NA,NA,NA,NA,NA,NA,NA,NA,NA
2012,Kris Adams,kris adams,IND,WR,3,8,2,26,0,0,2,98,5,-2.5019794308464043,0.25,3.25,13,0,12.25,2.5,NA,NA,NA,NA,NA,NA,NA,NA,NA,NA,NA,NA,NA,NA,NA
2012,Kris Durham,kris durham,DET,WR,4,21,8,125,1,0,7,304,25,-11.121973300111371,0.38095238095238093,5.9523809523809526,15.625,0.047619047619047616,14.476190476190476,3.125,NA,NA,NA,NA,NA,NA,NA,NA,NA,NA,NA,NA,NA,NA,NA
2012,Kyle Williams,kyle williams,BUF/SF,DT,27,22,14,212,1,1,10,258,73,7.290399827527644,0.6363636363636364,9.636363636363637,15.142857142857142,0.045454545454545456,11.727272727272727,5.214285714285714,NA,NA,NA,NA,NA,NA,NA,NA,NA,NA,NA,NA,NA,NA,NA
2012,LaQuan Williams,laquan williams,BAL,WR,6,0,0,0,0,0,0,0,0,NA,NA,NA,NA,NA,NA,NA,NA,NA,NA,NA,NA,NA,NA,NA,NA,NA,NA,NA,NA,NA,NA
2012,LaRon Byrd,laron byrd,ARI,WR,3,2,1,8,0,0,1,12,2,0.8869227133982349,0.5,4,8,0,6,2,NA,NA,NA,NA,NA,NA,NA,NA,NA,NA,NA,NA,NA,NA,NA
2012,LaVon Brazill,lavon brazill,IND,WR,12,24,11,186,1,0,7,426,72,3.384206424885094,0.4583333333333333,7.75,16.90909090909091,0.041666666666666664,17.75,6.545454545454546,NA,NA,NA,NA,NA,NA,NA,NA,NA,NA,NA,NA,NA,NA,NA
2012,Lance Moore,lance moore,NO,WR,15,104,65,1041,6,0,55,1427,143,49.8427829922465,0.625,10.009615384615385,16.015384615384615,0.057692307692307696,13.721153846153847,2.2,NA,NA,NA,NA,NA,NA,NA,NA,NA,NA,NA,NA,NA,NA,NA
2012,Larry Fitzgerald,larry fitzgerald,ARI,WR,16,156,71,798,4,0,44,1649,272,-53.09827388064946,0.4551282051282051,5.115384615384615,11.23943661971831,0.02564102564102564,10.570512820512821,3.8309859154929575,NA,NA,NA,NA,NA,NA,NA,NA,NA,NA,NA,NA,NA,NA,NA
2012,Laurent Robinson,laurent robinson,JAX,WR,7,43,24,252,0,1,8,479,54,-2.117123289441224,0.5581395348837209,5.8604651162790695,10.5,0,11.13953488372093,2.25,NA,NA,NA,NA,NA,NA,NA,NA,NA,NA,NA,NA,NA,NA,NA
2012,Lavelle Hawkins,lavelle hawkins,TEN,WR,7,11,5,62,0,0,2,106,7,-1.5434411944588646,0.45454545454545453,5.636363636363637,12.4,0,9.636363636363637,1.4,NA,NA,NA,NA,NA,NA,NA,NA,NA,NA,NA,NA,NA,NA,NA
2012,Legedu Naanee,legedu naanee,MIA,WR,4,5,1,19,0,1,0,53,0,-21.047885014209896,0.2,3.8,19,0,10.6,0,NA,NA,NA,NA,NA,NA,NA,NA,NA,NA,NA,NA,NA,NA,NA
2012,Leonard Hankerson,leonard hankerson,WAS,WR,15,57,38,543,3,0,25,763,150,33.947997898244644,0.6666666666666666,9.526315789473685,14.289473684210526,0.05263157894736842,13.385964912280702,3.9473684210526314,NA,NA,NA,NA,NA,NA,NA,NA,NA,NA,NA,NA,NA,NA,NA
2012,Lestar Jean,lestar jean,HOU,WR,7,12,6,151,1,0,5,228,83,9.687233931559604,0.5,12.583333333333334,25.166666666666668,0.08333333333333333,19,13.833333333333334,NA,NA,NA,NA,NA,NA,NA,NA,NA,NA,NA,NA,NA,NA,NA
2012,Louis Murphy,louis murphy,CAR,WR,15,61,25,336,1,1,16,882,61,-4.171228911081844,0.4098360655737705,5.508196721311475,13.44,0.01639344262295082,14.459016393442623,2.44,NA,NA,NA,NA,NA,NA,NA,NA,NA,NA,NA,NA,NA,NA,NA
2012,Malcom Floyd,malcom floyd,LAC,WR,14,85,56,814,5,0,47,1237,98,46.77350610056683,0.6588235294117647,9.576470588235294,14.535714285714286,0.058823529411764705,14.552941176470588,1.75,NA,NA,NA,NA,NA,NA,NA,NA,NA,NA,NA,NA,NA,NA,NA
2012,Marcus Easley,marcus easley,BUF,WR,3,0,0,0,0,0,0,0,0,NA,NA,NA,NA,NA,NA,NA,NA,NA,NA,NA,NA,NA,NA,NA,NA,NA,NA,NA,NA,NA,NA
2012,Marcus Thigpen,marcus thigpen,MIA,WR,15,2,1,15,0,0,1,33,3,1.5468260757625103,0.5,7.5,15,0,16.5,3,NA,NA,NA,NA,NA,NA,NA,NA,NA,NA,NA,NA,NA,NA,NA
2012,Mardy Gilyard,mardy gilyard,NYJ,WR,7,6,2,15,0,0,0,42,11,-2.3122764674481004,0.3333333333333333,2.5,7.5,0,7,5.5,NA,NA,NA,NA,NA,NA,NA,NA,NA,NA,NA,NA,NA,NA,NA
2012,Mario Manningham,mario manningham,SF,WR,12,57,42,449,1,2,22,543,173,7.717845295920871,0.7368421052631579,7.87719298245614,10.69047619047619,0.017543859649122806,9.526315789473685,4.119047619047619,NA,NA,NA,NA,NA,NA,NA,NA,NA,NA,NA,NA,NA,NA,NA
2012,Mario Williams,mario williams,BUF,DE,16,0,0,0,0,0,0,0,0,NA,NA,NA,NA,NA,NA,NA,NA,NA,NA,NA,NA,NA,NA,NA,NA,NA,NA,NA,NA,NA,NA
2012,Marlon Moore,marlon moore,MIA,WR,12,11,6,116,1,0,5,156,23,4.845680373056044,0.5454545454545454,10.545454545454545,19.333333333333332,0.09090909090909091,14.181818181818182,3.8333333333333335,NA,NA,NA,NA,NA,NA,NA,NA,NA,NA,NA,NA,NA,NA,NA
2012,Marques Colston,marques colston,NO,WR,16,130,83,1154,10,4,66,1405,292,52.891335486808174,0.6384615384615384,8.876923076923077,13.903614457831326,0.07692307692307693,10.807692307692308,3.5180722891566263,NA,NA,NA,NA,NA,NA,NA,NA,NA,NA,NA,NA,NA,NA,NA
2012,Marvin Jones,marvin jones,CIN,WR,8,32,18,201,1,0,11,397,34,-3.2807753354694573,0.5625,6.28125,11.166666666666666,0.03125,12.40625,1.8888888888888888,NA,NA,NA,NA,NA,NA,NA,NA,NA,NA,NA,NA,NA,NA,NA
2012,Marvin McNutt,marvin mcnutt,PHI,WR,3,2,0,0,0,0,0,64,0,-1.1759169403230771,0,0,NA,0,32,NA,NA,NA,NA,NA,NA,NA,NA,NA,NA,NA,NA,NA,NA,NA,NA
2012,Matt Willis,matt willis,DEN,WR,14,22,10,90,0,0,5,127,28,-23.64608750290174,0.45454545454545453,4.090909090909091,9,0,5.7727272727272725,2.8,NA,NA,NA,NA,NA,NA,NA,NA,NA,NA,NA,NA,NA,NA,NA
2012,Matthew Slater,matthew slater,NE,WR,13,0,0,0,0,0,0,0,0,NA,NA,NA,NA,NA,NA,NA,NA,NA,NA,NA,NA,NA,NA,NA,NA,NA,NA,NA,NA,NA,NA
2012,Maurice Stovall,maurice stovall,JAX,WR,1,0,0,0,0,0,0,0,0,NA,NA,NA,NA,NA,NA,NA,NA,NA,NA,NA,NA,NA,NA,NA,NA,NA,NA,NA,NA,NA,NA
2012,Michael Bennett,michael bennett,TB,DE,16,0,0,0,0,0,0,0,0,NA,NA,NA,NA,NA,NA,NA,NA,NA,NA,NA,NA,NA,NA,NA,NA,NA,NA,NA,NA,NA,NA
2012,Michael Crabtree,michael crabtree,SF,WR,16,126,85,1105,9,0,57,953,544,65.74570165790446,0.6746031746031746,8.76984126984127,13,0.07142857142857142,7.563492063492063,6.4,NA,NA,NA,NA,NA,NA,NA,NA,NA,NA,NA,NA,NA,NA,NA
2012,Michael Floyd,michael floyd,ARI,WR,15,86,45,562,2,1,26,992,156,4.906877060329425,0.5232558139534884,6.534883720930233,12.488888888888889,0.023255813953488372,11.534883720930232,3.466666666666667,NA,NA,NA,NA,NA,NA,NA,NA,NA,NA,NA,NA,NA,NA,NA
2012,Michael Jenkins,michael jenkins,MIN,WR,16,72,40,449,2,0,25,775,128,1.1928553450737907,0.5555555555555556,6.236111111111111,11.225,0.027777777777777776,10.76388888888889,3.2,NA,NA,NA,NA,NA,NA,NA,NA,NA,NA,NA,NA,NA,NA,NA
2012,Michael Johnson,michael johnson,CIN,DE,15,0,0,0,0,0,0,0,0,NA,NA,NA,NA,NA,NA,NA,NA,NA,NA,NA,NA,NA,NA,NA,NA,NA,NA,NA,NA,NA,NA
2012,Michael Preston,michael preston,TEN,WR,3,7,5,59,0,0,3,126,9,2.315463617153,0.7142857142857143,8.428571428571429,11.8,0,18,1.8,NA,NA,NA,NA,NA,NA,NA,NA,NA,NA,NA,NA,NA,NA,NA
2012,Michael Smith,michael smith,TB,RB,1,0,0,0,0,0,0,0,0,NA,NA,NA,NA,NA,NA,NA,NA,NA,NA,NA,NA,NA,NA,NA,NA,NA,NA,NA,NA,NA,NA
2012,Micheal Spurlock,micheal spurlock,LAC,WR,13,29,23,200,1,0,12,157,65,11.198640700613183,0.7931034482758621,6.896551724137931,8.695652173913043,0.034482758620689655,5.413793103448276,2.8260869565217392,NA,NA,NA,NA,NA,NA,NA,NA,NA,NA,NA,NA,NA,NA,NA
2012,Mike Brown,mike brown,JAX,WR,1,1,0,0,0,0,0,6,0,-0.5276055545546114,0,0,NA,0,6,NA,NA,NA,NA,NA,NA,NA,NA,NA,NA,NA,NA,NA,NA,NA,NA
2012,Mike Thomas,mike thomas,DET,WR,14,40,18,108,1,0,6,256,27,-11.588837367173266,0.45,2.7,6,0.025,6.4,1.5,NA,NA,NA,NA,NA,NA,NA,NA,NA,NA,NA,NA,NA,NA,NA
2012,Mike Wallace,mike wallace,PIT,WR,15,119,64,836,8,2,33,1621,266,6.489959246187855,0.5378151260504201,7.025210084033613,13.0625,0.06722689075630252,13.621848739495798,4.15625,NA,NA,NA,NA,NA,NA,NA,NA,NA,NA,NA,NA,NA,NA,NA
2012,Mike Williams,mike williams,TB,WR,16,126,63,996,9,0,44,1634,324,22.53764550205322,0.5,7.904761904761905,15.80952380952381,0.07142857142857142,12.968253968253968,5.142857142857143,NA,NA,NA,NA,NA,NA,NA,NA,NA,NA,NA,NA,NA,NA,NA
2012,Miles Austin,miles austin,DAL,WR,16,119,66,943,6,1,48,1470,292,35.54358289795378,0.5546218487394958,7.92436974789916,14.287878787878787,0.05042016806722689,12.352941176470589,4.424242424242424,NA,NA,NA,NA,NA,NA,NA,NA,NA,NA,NA,NA,NA,NA,NA
2012,Mohamed Massaquoi,mohamed massaquoi,CLE,WR,9,33,17,254,0,0,11,400,103,2.123837354397187,0.5151515151515151,7.696969696969697,14.941176470588236,0,12.121212121212121,6.0588235294117645,NA,NA,NA,NA,NA,NA,NA,NA,NA,NA,NA,NA,NA,NA,NA
2012,Mohamed Sanu,mohamed sanu,CIN,WR,6,25,16,154,4,0,10,167,71,15.625436233437423,0.64,6.16,9.625,0.16,6.68,4.4375,NA,NA,NA,NA,NA,NA,NA,NA,NA,NA,NA,NA,NA,NA,NA
2012,Nate Washington,nate washington,TEN,WR,16,90,46,746,4,1,32,1223,243,20.71511348276839,0.5111111111111111,8.28888888888889,16.217391304347824,0.044444444444444446,13.588888888888889,5.282608695652174,NA,NA,NA,NA,NA,NA,NA,NA,NA,NA,NA,NA,NA,NA,NA
2012,Nathan Palmer,nathan palmer,IND,WR,3,4,1,-4,0,0,0,44,-1,-2.873345629103338,0.25,-1,-4,0,11,-1,NA,NA,NA,NA,NA,NA,NA,NA,NA,NA,NA,NA,NA,NA,NA
2012,Patrick Turner,patrick turner,NYJ,WR,1,5,0,0,0,0,0,28,0,-1.226083303161431,0,0,NA,0,5.6,NA,NA,NA,NA,NA,NA,NA,NA,NA,NA,NA,NA,NA,NA,NA,NA
2012,Percy Harvin,percy harvin,MIN,WR,9,85,62,677,3,0,36,367,537,33.23909593480592,0.7294117647058823,7.964705882352941,10.919354838709678,0.03529411764705882,4.317647058823529,8.661290322580646,NA,NA,NA,NA,NA,NA,NA,NA,NA,NA,NA,NA,NA,NA,NA
2012,Pierre Garcon,pierre garcon,WAS,WR,10,67,44,633,4,0,26,622,309,22.11332904262113,0.6567164179104478,9.447761194029852,14.386363636363637,0.05970149253731343,9.283582089552239,7.0227272727272725,NA,NA,NA,NA,NA,NA,NA,NA,NA,NA,NA,NA,NA,NA,NA
2012,Plaxico Burress,plaxico burress,PIT,WR,3,7,3,42,1,0,3,95,4,2.2288091346272267,0.42857142857142855,6,14,0.14285714285714285,13.571428571428571,1.3333333333333333,NA,NA,NA,NA,NA,NA,NA,NA,NA,NA,NA,NA,NA,NA,NA
2012,Preston Parker,preston parker,TB,WR,2,2,0,0,0,0,0,7,0,-1.8138746604011122,0,0,NA,0,3.5,NA,NA,NA,NA,NA,NA,NA,NA,NA,NA,NA,NA,NA,NA,NA,NA
2012,Quan Cosby,quan cosby,JAX,WR,2,0,0,0,0,0,0,0,0,NA,NA,NA,NA,NA,NA,NA,NA,NA,NA,NA,NA,NA,NA,NA,NA,NA,NA,NA,NA,NA,NA
2012,Ramses Barden,ramses barden,NYG,WR,7,21,14,220,0,0,11,231,48,7.805378865392413,0.6666666666666666,10.476190476190476,15.714285714285714,0,11,3.4285714285714284,NA,NA,NA,NA,NA,NA,NA,NA,NA,NA,NA,NA,NA,NA,NA
2012,Randall Cobb,randall cobb,GB,WR,15,104,80,954,8,0,45,817,455,48.26742458698032,0.7692307692307693,9.173076923076923,11.925,0.07692307692307693,7.855769230769231,5.6875,NA,NA,NA,NA,NA,NA,NA,NA,NA,NA,NA,NA,NA,NA,NA
2012,Randy Moss,randy moss,SF,WR,16,50,28,434,3,1,22,704,83,11.48047409797677,0.56,8.68,15.5,0.06,14.08,2.9642857142857144,NA,NA,NA,NA,NA,NA,NA,NA,NA,NA,NA,NA,NA,NA,NA
2012,Reggie Wayne,reggie wayne,IND,WR,16,195,106,1355,5,1,73,2068,360,3.300844159345924,0.5435897435897435,6.948717948717949,12.783018867924529,0.02564102564102564,10.605128205128205,3.3962264150943398,NA,NA,NA,NA,NA,NA,NA,NA,NA,NA,NA,NA,NA,NA,NA
2012,Richard Goodman,richard goodman,LAC,WR,7,2,0,0,0,0,0,48,0,-0.9168917902279645,0,0,NA,0,24,NA,NA,NA,NA,NA,NA,NA,NA,NA,NA,NA,NA,NA,NA,NA,NA
2012,Rishard Matthews,rishard matthews,MIA,WR,7,20,11,151,0,0,7,241,30,-2.9904754443958783,0.55,7.55,13.727272727272727,0,12.05,2.727272727272727,NA,NA,NA,NA,NA,NA,NA,NA,NA,NA,NA,NA,NA,NA,NA
2012,Robert Meachem,robert meachem,LAC,WR,9,32,14,207,2,0,8,526,34,-0.49244368175277486,0.4375,6.46875,14.785714285714286,0.0625,16.4375,2.4285714285714284,NA,NA,NA,NA,NA,NA,NA,NA,NA,NA,NA,NA,NA,NA,NA
2012,Rod Streater,rod streater,LV,WR,15,75,39,584,3,1,27,983,140,16.144202499800343,0.52,7.786666666666667,14.974358974358974,0.04,13.106666666666667,3.58974358974359,NA,NA,NA,NA,NA,NA,NA,NA,NA,NA,NA,NA,NA,NA,NA
2012,Roscoe Parrish,roscoe parrish,TB,WR,13,0,0,0,0,0,0,0,0,NA,NA,NA,NA,NA,NA,NA,NA,NA,NA,NA,NA,NA,NA,NA,NA,NA,NA,NA,NA,NA,NA
2012,Rueben Randle,rueben randle,NYG,WR,13,32,19,298,3,0,13,379,73,12.980296857162307,0.59375,9.3125,15.68421052631579,0.09375,11.84375,3.8421052631578947,NA,NA,NA,NA,NA,NA,NA,NA,NA,NA,NA,NA,NA,NA,NA
2012,Ruvell Martin,ruvell martin,BUF,WR,8,6,4,41,0,0,3,47,10,1.0013163640105631,0.6666666666666666,6.833333333333333,10.25,0,7.833333333333333,2.5,NA,NA,NA,NA,NA,NA,NA,NA,NA,NA,NA,NA,NA,NA,NA
2012,Ryan Broyles,ryan broyles,DET,WR,8,32,22,310,2,0,16,296,152,18.225180428184103,0.6875,9.6875,14.090909090909092,0.0625,9.25,6.909090909090909,NA,NA,NA,NA,NA,NA,NA,NA,NA,NA,NA,NA,NA,NA,NA
2012,Ryan Grant,ryan grant,GB,RB,5,2,1,34,0,0,1,4,35,2.631798288610298,0.5,17,34,0,2,35,NA,NA,NA,NA,NA,NA,NA,NA,NA,NA,NA,NA,NA,NA,NA
2012,Ryan Whalen,ryan whalen,CIN,WR,7,12,7,53,0,0,3,104,14,-5.097260725335218,0.5833333333333334,4.416666666666667,7.571428571428571,0,8.666666666666666,2,NA,NA,NA,NA,NA,NA,NA,NA,NA,NA,NA,NA,NA,NA,NA
2012,Santana Moss,santana moss,WAS,WR,16,62,41,573,8,2,27,589,235,34.11222600307568,0.6612903225806451,9.241935483870968,13.975609756097562,0.12903225806451613,9.5,5.7317073170731705,NA,NA,NA,NA,NA,NA,NA,NA,NA,NA,NA,NA,NA,NA,NA
2012,Santonio Holmes,santonio holmes,NYJ,WR,4,41,20,272,1,1,15,515,104,2.3148004845065286,0.4878048780487805,6.634146341463414,13.6,0.024390243902439025,12.560975609756097,5.2,NA,NA,NA,NA,NA,NA,NA,NA,NA,NA,NA,NA,NA,NA,NA
2012,Seyi Ajirotutu,seyi ajirotutu,LAC,WR,3,4,3,45,0,0,2,45,0,1.374685199931264,0.75,11.25,15,0,11.25,0,NA,NA,NA,NA,NA,NA,NA,NA,NA,NA,NA,NA,NA,NA,NA
2012,Sidney Rice,sidney rice,SEA,WR,16,82,50,748,7,0,37,1104,143,40.73178182384186,0.6097560975609756,9.121951219512194,14.96,0.08536585365853659,13.463414634146341,2.86,NA,NA,NA,NA,NA,NA,NA,NA,NA,NA,NA,NA,NA,NA,NA
2012,Stefan Logan,stefan logan,DET,WR,15,7,6,28,0,0,2,6,26,1.1278786821640097,0.8571428571428571,4,4.666666666666667,0,0.8571428571428571,4.333333333333333,NA,NA,NA,NA,NA,NA,NA,NA,NA,NA,NA,NA,NA,NA,NA
2012,Stephen Burton,stephen burton,MIN,WR,8,11,5,35,1,0,1,59,21,-1.5129054794451438,0.45454545454545453,3.1818181818181817,7,0.09090909090909091,5.363636363636363,4.2,NA,NA,NA,NA,NA,NA,NA,NA,NA,NA,NA,NA,NA,NA,NA
2012,Stephen Hill,stephen hill,NYJ,WR,11,47,21,252,3,0,17,636,32,0.2176044114485598,0.44680851063829785,5.361702127659575,12,0.06382978723404255,13.53191489361702,1.5238095238095237,NA,NA,NA,NA,NA,NA,NA,NA,NA,NA,NA,NA,NA,NA,NA
2012,Steve Breaston,steve breaston,KC,WR,7,15,7,74,0,0,5,169,6,-5.3538903510198,0.4666666666666667,4.933333333333334,10.571428571428571,0,11.266666666666667,0.8571428571428571,NA,NA,NA,NA,NA,NA,NA,NA,NA,NA,NA,NA,NA,NA,NA
2012,Steve Smith,steve smith,CAR/LA,WR,25,163,87,1305,4,0,58,2023,307,18.578510916761807,0.5337423312883436,8.006134969325153,15,0.024539877300613498,12.411042944785276,3.528735632183908,NA,NA,NA,NA,NA,NA,NA,NA,NA,NA,NA,NA,NA,NA,NA
2012,T.Y. Hilton,t y hilton,IND,WR,15,90,50,861,7,0,30,1090,387,37.467066775829096,0.5555555555555556,9.566666666666666,17.22,0.07777777777777778,12.11111111111111,7.74,NA,NA,NA,NA,NA,NA,NA,NA,NA,NA,NA,NA,NA,NA,NA
2012,Tandon Doss,tandon doss,BAL,WR,10,17,7,123,1,0,6,196,52,2.467403394649805,0.4117647058823529,7.235294117647059,17.571428571428573,0.058823529411764705,11.529411764705882,7.428571428571429,NA,NA,NA,NA,NA,NA,NA,NA,NA,NA,NA,NA,NA,NA,NA
2012,Terrance Copper,terrance copper,KC,WR,9,12,8,79,0,0,3,127,16,-0.37671398376034215,0.6666666666666666,6.583333333333333,9.875,0,10.583333333333334,2,NA,NA,NA,NA,NA,NA,NA,NA,NA,NA,NA,NA,NA,NA,NA
2012,Terrelle Pryor,terrelle pryor,LV,WR,3,1,1,22,0,0,1,1,21,2.1302671949379146,1,22,22,0,1,21,NA,NA,NA,NA,NA,NA,NA,NA,NA,NA,NA,NA,NA,NA,NA
2012,Tiquan Underwood,tiquan underwood,TB,WR,14,55,28,425,2,0,20,694,102,4.252328608627601,0.509090909090909,7.7272727272727275,15.178571428571429,0.03636363636363636,12.618181818181819,3.642857142857143,NA,NA,NA,NA,NA,NA,NA,NA,NA,NA,NA,NA,NA,NA,NA
2012,Titus Young,titus young,DET,WR,10,56,33,383,4,0,20,620,79,9.012252256484388,0.5892857142857143,6.839285714285714,11.606060606060606,0.07142857142857142,11.071428571428571,2.393939393939394,NA,NA,NA,NA,NA,NA,NA,NA,NA,NA,NA,NA,NA,NA,NA
2012,Toney Clemons,toney clemons,JAX,WR,4,11,3,41,0,0,2,163,2,-5.682515264838003,0.2727272727272727,3.727272727272727,13.666666666666666,0,14.818181818181818,0.6666666666666666,NA,NA,NA,NA,NA,NA,NA,NA,NA,NA,NA,NA,NA,NA,NA
2012,Torrey Smith,torrey smith,BAL,WR,16,110,49,855,8,0,38,2042,211,17.458745794904285,0.44545454545454544,7.7727272727272725,17.448979591836736,0.07272727272727272,18.563636363636363,4.3061224489795915,NA,NA,NA,NA,NA,NA,NA,NA,NA,NA,NA,NA,NA,NA,NA
2012,Travis Benjamin,travis benjamin,CLE,WR,13,37,18,298,2,1,13,560,65,-7.007796253078609,0.4864864864864865,8.054054054054054,16.555555555555557,0.05405405405405406,15.135135135135135,3.611111111111111,NA,NA,NA,NA,NA,NA,NA,NA,NA,NA,NA,NA,NA,NA,NA
2012,Victor Cruz,victor cruz,NYG,WR,16,143,86,1092,10,0,52,1546,328,34.08312442989265,0.6013986013986014,7.636363636363637,12.69767441860465,0.06993006993006994,10.811188811188812,3.813953488372093,NA,NA,NA,NA,NA,NA,NA,NA,NA,NA,NA,NA,NA,NA,NA
2012,Vincent Jackson,vincent jackson,TB,WR,16,147,72,1384,8,0,61,2314,361,58.27934213325422,0.4897959183673469,9.414965986394558,19.22222222222222,0.05442176870748299,15.741496598639456,5.013888888888889,NA,NA,NA,NA,NA,NA,NA,NA,NA,NA,NA,NA,NA,NA,NA
2012,Wes Welker,wes welker,NE,WR,16,175,118,1354,6,2,73,1347,687,55.588955676263645,0.6742857142857143,7.7371428571428575,11.474576271186441,0.03428571428571429,7.6971428571428575,5.822033898305085,NA,NA,NA,NA,NA,NA,NA,NA,NA,NA,NA,NA,NA,NA,NA
2012,Weslye Saunders,weslye saunders,IND,TE,3,4,2,15,0,0,1,63,2,-0.5158967812894844,0.5,3.75,7.5,0,15.75,1,NA,NA,NA,NA,NA,NA,NA,NA,NA,NA,NA,NA,NA,NA,NA
2013,A.J. Green,a j green,CIN,WR,16,178,98,1426,11,1,65,2256,393,20.288706546290356,0.550561797752809,8.01123595505618,14.551020408163266,0.06179775280898876,12.674157303370787,4.010204081632653,NA,NA,NA,NA,NA,NA,NA,NA,NA,NA,NA,NA,NA,NA,NA
2013,A.J. Jenkins,a j jenkins,KC,WR,7,17,8,130,0,0,4,200,44,2.7084732656562363,0.47058823529411764,7.647058823529412,16.25,0,11.764705882352942,5.5,NA,NA,NA,NA,NA,NA,NA,NA,NA,NA,NA,NA,NA,NA,NA
2013,Aaron Dobson,aaron dobson,NE,WR,11,72,37,519,4,1,25,995,185,17.9513813513628,0.5138888888888888,7.208333333333333,14.027027027027026,0.05555555555555555,13.819444444444445,5,NA,NA,NA,NA,NA,NA,NA,NA,NA,NA,NA,NA,NA,NA,NA
2013,Ace Sanders,ace sanders,JAX,WR,15,86,51,484,1,0,22,502,297,-15.350898191194496,0.5930232558139535,5.627906976744186,9.490196078431373,0.011627906976744186,5.837209302325581,5.823529411764706,NA,NA,NA,NA,NA,NA,NA,NA,NA,NA,NA,NA,NA,NA,NA
2013,Aldrick Robinson,aldrick robinson,WAS,WR,13,46,18,365,2,0,14,862,86,7.439029673949026,0.391304347826087,7.934782608695652,20.27777777777778,0.043478260869565216,18.73913043478261,4.777777777777778,NA,NA,NA,NA,NA,NA,NA,NA,NA,NA,NA,NA,NA,NA,NA
2013,Alshon Jeffery,alshon jeffery,CHI,WR,16,150,89,1421,7,3,62,1867,415,57.34551608264324,0.5933333333333334,9.473333333333333,15.96629213483146,0.04666666666666667,12.446666666666667,4.662921348314606,NA,NA,NA,NA,NA,NA,NA,NA,NA,NA,NA,NA,NA,NA,NA
2013,Andre Caldwell,andre caldwell,DEN,WR,15,29,16,200,3,0,11,416,41,13.230667291203947,0.5517241379310345,6.896551724137931,12.5,0.10344827586206896,14.344827586206897,2.5625,NA,NA,NA,NA,NA,NA,NA,NA,NA,NA,NA,NA,NA,NA,NA
2013,Andre Holmes,andre holmes,LV,WR,10,52,25,431,1,0,21,750,111,6.181473678491173,0.4807692307692308,8.288461538461538,17.24,0.019230769230769232,14.423076923076923,4.44,NA,NA,NA,NA,NA,NA,NA,NA,NA,NA,NA,NA,NA,NA,NA
2013,Andre Johnson,andre johnson,HOU,WR,16,181,109,1407,5,0,69,2004,405,10.841439816444035,0.6022099447513812,7.773480662983426,12.908256880733944,0.027624309392265192,11.07182320441989,3.7155963302752295,NA,NA,NA,NA,NA,NA,NA,NA,NA,NA,NA,NA,NA,NA,NA
2013,Andre Roberts,andre roberts,ARI,WR,16,76,43,471,2,0,22,850,113,0.7901000131372555,0.5657894736842105,6.197368421052632,10.953488372093023,0.02631578947368421,11.18421052631579,2.627906976744186,NA,NA,NA,NA,NA,NA,NA,NA,NA,NA,NA,NA,NA,NA,NA
2013,Andrew Hawkins,andrew hawkins,CIN,WR,8,18,12,199,0,0,7,112,136,7.198369963023876,0.6666666666666666,11.055555555555555,16.583333333333332,0,6.222222222222222,11.333333333333334,NA,NA,NA,NA,NA,NA,NA,NA,NA,NA,NA,NA,NA,NA,NA
2013,Anquan Boldin,anquan boldin,SF,WR,16,129,85,1179,7,0,62,1230,425,88.2882880564765,0.6589147286821705,9.13953488372093,13.870588235294118,0.05426356589147287,9.534883720930232,5,NA,NA,NA,NA,NA,NA,NA,NA,NA,NA,NA,NA,NA,NA,NA
2013,Antonio Brown,antonio brown,PIT,WR,16,166,110,1499,8,0,69,1763,620,63.5396334082687,0.6626506024096386,9.03012048192771,13.627272727272727,0.04819277108433735,10.620481927710843,5.636363636363637,NA,NA,NA,NA,NA,NA,NA,NA,NA,NA,NA,NA,NA,NA,NA
2013,Armanti Edwards,armanti edwards,CLE,WR,4,5,1,10,0,0,0,28,6,-2.0222963099949993,0.2,2,10,0,5.6,6,NA,NA,NA,NA,NA,NA,NA,NA,NA,NA,NA,NA,NA,NA,NA
2013,Austin Collie,austin collie,NE,WR,4,11,6,63,0,0,6,130,4,1.160565002790503,0.5454545454545454,5.7272727272727275,10.5,0,11.818181818181818,0.6666666666666666,NA,NA,NA,NA,NA,NA,NA,NA,NA,NA,NA,NA,NA,NA,NA
2013,Austin Pettis,austin pettis,LA,WR,14,63,38,399,4,0,25,628,118,21.265889154065828,0.6031746031746031,6.333333333333333,10.5,0.06349206349206349,9.968253968253968,3.1052631578947367,NA,NA,NA,NA,NA,NA,NA,NA,NA,NA,NA,NA,NA,NA,NA
2013,Ben Obomanu,ben obomanu,NYJ,WR,1,1,1,8,0,0,0,6,2,0.24004194233566523,1,8,8,0,6,2,NA,NA,NA,NA,NA,NA,NA,NA,NA,NA,NA,NA,NA,NA,NA
2013,Brad Smith,brad smith,PHI,WR,5,2,2,27,0,0,2,11,16,2.4103349851211533,1,13.5,13.5,0,5.5,8,NA,NA,NA,NA,NA,NA,NA,NA,NA,NA,NA,NA,NA,NA,NA
2013,Brandon Gibson,brandon gibson,MIA,WR,7,43,30,326,3,0,19,373,113,14.553035963222513,0.6976744186046512,7.5813953488372094,10.866666666666667,0.06976744186046512,8.674418604651162,3.7666666666666666,NA,NA,NA,NA,NA,NA,NA,NA,NA,NA,NA,NA,NA,NA,NA
2013,Brandon LaFell,brandon lafell,CAR,WR,15,85,49,627,5,1,31,977,257,3.232636253317544,0.5764705882352941,7.3764705882352946,12.795918367346939,0.058823529411764705,11.494117647058824,5.244897959183674,NA,NA,NA,NA,NA,NA,NA,NA,NA,NA,NA,NA,NA,NA,NA
2013,Brandon Marshall,brandon marshall,CHI/DEN,WR,17,163,100,1295,12,0,70,1986,283,57.09361340452292,0.6134969325153374,7.9447852760736195,12.95,0.0736196319018405,12.184049079754601,2.83,NA,NA,NA,NA,NA,NA,NA,NA,NA,NA,NA,NA,NA,NA,NA
2013,Brandon Stokley,brandon stokley,BAL,WR,6,21,13,115,0,0,8,174,60,-0.05466551659628749,0.6190476190476191,5.476190476190476,8.846153846153847,0,8.285714285714286,4.615384615384615,NA,NA,NA,NA,NA,NA,NA,NA,NA,NA,NA,NA,NA,NA,NA
2013,Brandon Tate,brandon tate,CIN,WR,16,2,1,6,0,0,0,13,0,-0.06795862142462283,0.5,3,6,0,6.5,0,NA,NA,NA,NA,NA,NA,NA,NA,NA,NA,NA,NA,NA,NA,NA
2013,Brian Hartline,brian hartline,MIA,WR,16,133,76,1016,4,0,53,1485,269,22.198547666356266,0.5714285714285714,7.639097744360902,13.368421052631579,0.03007518796992481,11.165413533834586,3.539473684210526,NA,NA,NA,NA,NA,NA,NA,NA,NA,NA,NA,NA,NA,NA,NA
2013,Brian Quick,brian quick,LA,WR,14,34,18,302,2,0,15,371,105,4.21670917540043,0.5294117647058824,8.882352941176471,16.77777777777778,0.058823529411764705,10.911764705882353,5.833333333333333,NA,NA,NA,NA,NA,NA,NA,NA,NA,NA,NA,NA,NA,NA,NA
2013,Brian Robiskie,brian robiskie,ATL,WR,1,1,0,0,0,0,0,5,0,-0.9778281515464187,0,0,NA,0,5,NA,NA,NA,NA,NA,NA,NA,NA,NA,NA,NA,NA,NA,NA,NA,NA
2013,Brian Tyms,brian tyms,CLE,WR,4,5,2,12,0,0,2,43,0,0.6380355362780392,0.4,2.4,6,0,8.6,0,NA,NA,NA,NA,NA,NA,NA,NA,NA,NA,NA,NA,NA,NA,NA
2013,Brice Butler,brice butler,LV,WR,8,17,9,103,0,0,4,188,31,-5.565106644253776,0.5294117647058824,6.0588235294117645,11.444444444444445,0,11.058823529411764,3.4444444444444446,NA,NA,NA,NA,NA,NA,NA,NA,NA,NA,NA,NA,NA,NA,NA
2013,Brittan Golden,brittan golden,ARI,WR,5,10,4,136,0,0,3,180,75,5.984645637101494,0.4,13.6,34,0,18,18.75,NA,NA,NA,NA,NA,NA,NA,NA,NA,NA,NA,NA,NA,NA,NA
2013,Calvin Johnson,calvin johnson,DET,WR,14,157,84,1492,12,1,69,2184,458,36.46829114799034,0.535031847133758,9.503184713375797,17.761904761904763,0.07643312101910828,13.910828025477707,5.4523809523809526,NA,NA,NA,NA,NA,NA,NA,NA,NA,NA,NA,NA,NA,NA,NA
2013,Cam Johnson,cam johnson,IND,OLB,4,0,0,0,0,0,0,0,0,NA,NA,NA,NA,NA,NA,NA,NA,NA,NA,NA,NA,NA,NA,NA,NA,NA,NA,NA,NA,NA,NA
2013,Cecil Shorts,cecil shorts,JAX,WR,13,125,66,777,3,0,41,1293,275,-11.104332994680123,0.528,6.216,11.772727272727273,0.024,10.344,4.166666666666667,NA,NA,NA,NA,NA,NA,NA,NA,NA,NA,NA,NA,NA,NA,NA
2013,Chad Hall,chad hall,KC,WR,4,7,2,20,0,0,2,39,17,-3.610963366905004,0.2857142857142857,2.857142857142857,10,0,5.571428571428571,8.5,NA,NA,NA,NA,NA,NA,NA,NA,NA,NA,NA,NA,NA,NA,NA
2013,Chandler Jones,chandler jones,NE,DE,16,0,0,0,0,0,0,0,0,NA,NA,NA,NA,NA,NA,NA,NA,NA,NA,NA,NA,NA,NA,NA,NA,NA,NA,NA,NA,NA,NA
2013,Charles Johnson,charles johnson,CAR,DE,13,0,0,0,0,0,0,0,0,NA,NA,NA,NA,NA,NA,NA,NA,NA,NA,NA,NA,NA,NA,NA,NA,NA,NA,NA,NA,NA,NA
2013,Chris Givens,chris givens,LA,WR,16,83,34,569,0,1,27,1095,257,-10.226842683328618,0.40963855421686746,6.855421686746988,16.735294117647058,0,13.19277108433735,7.5588235294117645,NA,NA,NA,NA,NA,NA,NA,NA,NA,NA,NA,NA,NA,NA,NA
2013,Chris Harper,chris harper,GB,WR,1,0,0,0,0,0,0,0,0,NA,NA,NA,NA,NA,NA,NA,NA,NA,NA,NA,NA,NA,NA,NA,NA,NA,NA,NA,NA,NA,NA
2013,Chris Hogan,chris hogan,BUF,WR,11,17,10,83,0,0,4,132,27,-0.12997818722801324,0.5882352941176471,4.882352941176471,8.3,0,7.764705882352941,2.7,NA,NA,NA,NA,NA,NA,NA,NA,NA,NA,NA,NA,NA,NA,NA
2013,Chris Owusu,chris owusu,TB,WR,7,20,13,114,0,0,5,210,39,-0.4656305927783251,0.65,5.7,8.76923076923077,0,10.5,3,NA,NA,NA,NA,NA,NA,NA,NA,NA,NA,NA,NA,NA,NA,NA
2013,Chris Thompson,chris thompson,WAS,RB,4,0,0,0,0,0,0,0,0,NA,NA,NA,NA,NA,NA,NA,NA,NA,NA,NA,NA,NA,NA,NA,NA,NA,NA,NA,NA,NA,NA
2013,Chris Williams,chris williams,LA,G,2,0,0,0,0,0,0,0,0,NA,NA,NA,NA,NA,NA,NA,NA,NA,NA,NA,NA,NA,NA,NA,NA,NA,NA,NA,NA,NA,NA
2013,Clyde Gates,clyde gates,NYJ,WR,6,24,12,122,0,0,5,259,26,-12.373917922222995,0.5,5.083333333333333,10.166666666666666,0,10.791666666666666,2.1666666666666665,NA,NA,NA,NA,NA,NA,NA,NA,NA,NA,NA,NA,NA,NA,NA
2013,Cole Beasley,cole beasley,DAL,WR,14,54,39,368,2,1,20,257,183,19.85300186926861,0.7222222222222222,6.814814814814815,9.435897435897436,0.037037037037037035,4.7592592592592595,4.6923076923076925,NA,NA,NA,NA,NA,NA,NA,NA,NA,NA,NA,NA,NA,NA,NA
2013,D.J. Moore,d j moore,CAR,CB,2,0,0,0,0,0,0,0,0,NA,NA,NA,NA,NA,NA,NA,NA,NA,NA,NA,NA,NA,NA,NA,NA,NA,NA,NA,NA,NA,NA
2013,Da'Rick Rogers,da rick rogers,IND,WR,4,23,14,192,2,0,9,245,117,4.653508253908438,0.6086956521739131,8.347826086956522,13.714285714285714,0.08695652173913043,10.652173913043478,8.357142857142858,NA,NA,NA,NA,NA,NA,NA,NA,NA,NA,NA,NA,NA,NA,NA
2013,Damaris Johnson,damaris johnson,PHI,WR,10,3,2,14,0,0,0,40,1,-0.4516788935288787,0.6666666666666666,4.666666666666667,7,0,13.333333333333334,0.5,NA,NA,NA,NA,NA,NA,NA,NA,NA,NA,NA,NA,NA,NA,NA
2013,Damian Williams,damian williams,TEN,WR,9,23,15,178,0,0,10,266,47,8.995162860141136,0.6521739130434783,7.739130434782608,11.866666666666667,0,11.565217391304348,3.1333333333333333,NA,NA,NA,NA,NA,NA,NA,NA,NA,NA,NA,NA,NA,NA,NA
2013,Dane Sanzenbacher,dane sanzenbacher,CIN,WR,6,8,6,61,0,0,3,64,32,4.509126814532152,0.75,7.625,10.166666666666666,0,8,5.333333333333333,NA,NA,NA,NA,NA,NA,NA,NA,NA,NA,NA,NA,NA,NA,NA
2013,Danny Amendola,danny amendola,NE,WR,12,83,54,633,2,0,37,674,252,29.5681472161954,0.6506024096385542,7.626506024096385,11.722222222222221,0.024096385542168676,8.120481927710843,4.666666666666667,NA,NA,NA,NA,NA,NA,NA,NA,NA,NA,NA,NA,NA,NA,NA
2013,Darius Johnson,darius johnson,ATL,WR,10,43,22,210,1,1,12,362,83,-5.885588293014777,0.5116279069767442,4.883720930232558,9.545454545454545,0.023255813953488372,8.418604651162791,3.772727272727273,NA,NA,NA,NA,NA,NA,NA,NA,NA,NA,NA,NA,NA,NA,NA
2013,Darrius Heyward-Bey,darrius heyward bey,IND,WR,15,64,29,309,1,0,16,658,124,-10.181174323213575,0.453125,4.828125,10.655172413793103,0.015625,10.28125,4.275862068965517,NA,NA,NA,NA,NA,NA,NA,NA,NA,NA,NA,NA,NA,NA,NA
2013,David Nelson,david nelson,NYJ,WR,12,61,36,423,2,0,20,686,108,-3.94469884645415,0.5901639344262295,6.934426229508197,11.75,0.03278688524590164,11.245901639344263,3,NA,NA,NA,NA,NA,NA,NA,NA,NA,NA,NA,NA,NA,NA,NA
2013,David Reed,david reed,IND,WR,7,3,1,2,0,0,0,37,2,-2.141833409317769,0.3333333333333333,0.6666666666666666,2,0,12.333333333333334,2,NA,NA,NA,NA,NA,NA,NA,NA,NA,NA,NA,NA,NA,NA,NA
2013,Davone Bess,davone bess,CLE,WR,14,86,42,362,2,0,23,524,149,-9.987270655746826,0.4883720930232558,4.209302325581396,8.619047619047619,0.023255813953488372,6.093023255813954,3.5476190476190474,NA,NA,NA,NA,NA,NA,NA,NA,NA,NA,NA,NA,NA,NA,NA
2013,DeAndre Hopkins,deandre hopkins,HOU,WR,16,91,52,802,2,1,38,1221,181,14.04005694634759,0.5714285714285714,8.813186813186814,15.423076923076923,0.02197802197802198,13.417582417582418,3.480769230769231,NA,NA,NA,NA,NA,NA,NA,NA,NA,NA,NA,NA,NA,NA,NA
2013,DeSean Jackson,desean jackson,PHI,WR,16,125,82,1332,9,1,61,1660,487,81.9710232491107,0.656,10.656,16.24390243902439,0.072,13.28,5.939024390243903,NA,NA,NA,NA,NA,NA,NA,NA,NA,NA,NA,NA,NA,NA,NA
2013,DeVier Posey,devier posey,HOU,WR,9,25,15,155,0,0,5,218,74,-1.6589971693304477,0.6,6.2,10.333333333333334,0,8.72,4.933333333333334,NA,NA,NA,NA,NA,NA,NA,NA,NA,NA,NA,NA,NA,NA,NA
2013,Demaryius Thomas,demaryius thomas,DEN,WR,16,142,92,1430,14,1,66,1399,697,71.43793146146282,0.647887323943662,10.070422535211268,15.543478260869565,0.09859154929577464,9.852112676056338,7.576086956521739,NA,NA,NA,NA,NA,NA,NA,NA,NA,NA,NA,NA,NA,NA,NA
2013,Denarius Moore,denarius moore,LV,WR,13,86,46,695,5,0,36,860,274,8.820318037614925,0.5348837209302325,8.081395348837209,15.108695652173912,0.05813953488372093,10,5.956521739130435,NA,NA,NA,NA,NA,NA,NA,NA,NA,NA,NA,NA,NA,NA,NA
2013,Deonte Thompson,deonte thompson,BAL,WR,5,19,10,96,0,0,4,226,17,-4.843023359135259,0.5263157894736842,5.052631578947368,9.6,0,11.894736842105264,1.7,NA,NA,NA,NA,NA,NA,NA,NA,NA,NA,NA,NA,NA,NA,NA
2013,Derek Moye,derek moye,PIT,WR,4,6,2,20,1,0,2,122,1,-0.9995540606032072,0.3333333333333333,3.3333333333333335,10,0.16666666666666666,20.333333333333332,0.5,NA,NA,NA,NA,NA,NA,NA,NA,NA,NA,NA,NA,NA,NA,NA
2013,Derrick Johnson,derrick johnson,KC,LB,15,0,0,0,0,0,0,0,0,NA,NA,NA,NA,NA,NA,NA,NA,NA,NA,NA,NA,NA,NA,NA,NA,NA,NA,NA,NA,NA,NA
2013,Devin Hester,devin hester,CHI,WR,16,0,0,0,0,0,0,0,0,NA,NA,NA,NA,NA,NA,NA,NA,NA,NA,NA,NA,NA,NA,NA,NA,NA,NA,NA,NA,NA,NA
2013,Devon Wylie,devon wylie,TEN,WR,2,0,0,0,0,0,0,0,0,NA,NA,NA,NA,NA,NA,NA,NA,NA,NA,NA,NA,NA,NA,NA,NA,NA,NA,NA,NA,NA,NA
2013,Dez Bryant,dez bryant,DAL,WR,16,160,93,1233,13,3,68,1849,524,44.7018696758464,0.58125,7.70625,13.258064516129032,0.08125,11.55625,5.634408602150538,NA,NA,NA,NA,NA,NA,NA,NA,NA,NA,NA,NA,NA,NA,NA
2013,Domenik Hixon,domenik hixon,CAR,WR,7,9,7,55,1,0,2,70,9,0.2735930652706884,0.7777777777777778,6.111111111111111,7.857142857142857,0.1111111111111111,7.777777777777778,1.2857142857142858,NA,NA,NA,NA,NA,NA,NA,NA,NA,NA,NA,NA,NA,NA,NA
2013,Donnie Avery,donnie avery,KC,WR,15,72,40,596,2,1,25,863,183,22.7382661368174,0.5555555555555556,8.277777777777779,14.9,0.027777777777777776,11.98611111111111,4.575,NA,NA,NA,NA,NA,NA,NA,NA,NA,NA,NA,NA,NA,NA,NA
2013,Doug Baldwin,doug baldwin,SEA,WR,16,73,50,778,5,0,36,842,227,44.15606008135185,0.684931506849315,10.657534246575343,15.56,0.0684931506849315,11.534246575342467,4.54,NA,NA,NA,NA,NA,NA,NA,NA,NA,NA,NA,NA,NA,NA,NA
2013,Drew Davis,drew davis,ATL,WR,12,17,12,216,2,0,9,169,110,6.865723058581352,0.7058823529411765,12.705882352941176,18,0.11764705882352941,9.941176470588236,9.166666666666666,NA,NA,NA,NA,NA,NA,NA,NA,NA,NA,NA,NA,NA,NA,NA
2013,Duke Williams,duke williams,BUF,S,5,0,0,0,0,0,0,0,0,NA,NA,NA,NA,NA,NA,NA,NA,NA,NA,NA,NA,NA,NA,NA,NA,NA,NA,NA,NA,NA,NA
2013,Dwayne Bowe,dwayne bowe,KC,WR,15,103,57,673,5,0,39,954,197,25.20278714515609,0.5533980582524272,6.533980582524272,11.807017543859649,0.04854368932038835,9.262135922330097,3.456140350877193,NA,NA,NA,NA,NA,NA,NA,NA,NA,NA,NA,NA,NA,NA,NA
2013,Dwayne Harris,dwayne harris,DAL,WR,13,14,9,80,2,0,5,97,36,2.5077656818683067,0.6428571428571429,5.714285714285714,8.88888888888889,0.14285714285714285,6.928571428571429,4,NA,NA,NA,NA,NA,NA,NA,NA,NA,NA,NA,NA,NA,NA,NA
2013,Earl Bennett,earl bennett,CHI,WR,14,43,32,243,4,0,13,327,61,4.661288745999858,0.7441860465116279,5.651162790697675,7.59375,0.09302325581395349,7.604651162790698,1.90625,NA,NA,NA,NA,NA,NA,NA,NA,NA,NA,NA,NA,NA,NA,NA
2013,Eddie Royal,eddie royal,LAC,WR,15,67,47,631,8,0,33,667,340,43.73123234101821,0.7014925373134329,9.417910447761194,13.425531914893616,0.11940298507462686,9.955223880597014,7.23404255319149,NA,NA,NA,NA,NA,NA,NA,NA,NA,NA,NA,NA,NA,NA,NA
2013,Emmanuel Sanders,emmanuel sanders,PIT,WR,16,112,67,740,6,1,37,1274,295,10.515376073532462,0.5982142857142857,6.607142857142857,11.044776119402986,0.05357142857142857,11.375,4.402985074626866,NA,NA,NA,NA,NA,NA,NA,NA,NA,NA,NA,NA,NA,NA,NA
2013,Eric Decker,eric decker,DEN,WR,16,136,87,1288,11,2,63,1495,385,62.11230951799047,0.6397058823529411,9.470588235294118,14.804597701149426,0.08088235294117647,10.992647058823529,4.425287356321839,NA,NA,NA,NA,NA,NA,NA,NA,NA,NA,NA,NA,NA,NA,NA
2013,Eric Page,eric page,TB,WR,16,9,4,68,0,0,3,92,21,-2.442369553318713,0.4444444444444444,7.555555555555555,17,0,10.222222222222221,5.25,NA,NA,NA,NA,NA,NA,NA,NA,NA,NA,NA,NA,NA,NA,NA
2013,Eric Weems,eric weems,CHI,WR,9,2,1,8,0,0,1,22,4,-0.6113453558646142,0.5,4,8,0,11,4,NA,NA,NA,NA,NA,NA,NA,NA,NA,NA,NA,NA,NA,NA,NA
2013,Golden Tate,golden tate,SEA,WR,16,98,64,898,5,1,41,1073,474,41.103901564076146,0.6530612244897959,9.16326530612245,14.03125,0.05102040816326531,10.948979591836734,7.40625,NA,NA,NA,NA,NA,NA,NA,NA,NA,NA,NA,NA,NA,NA,NA
2013,Greg Jenkins,greg jenkins,LV,WR,5,1,0,0,0,0,0,17,0,-1.167695741634816,0,0,NA,0,17,NA,NA,NA,NA,NA,NA,NA,NA,NA,NA,NA,NA,NA,NA,NA,NA
2013,Greg Jennings,greg jennings,MIN,WR,15,105,68,804,4,0,36,1023,342,6.991879942422681,0.6476190476190476,7.6571428571428575,11.823529411764707,0.0380952380952381,9.742857142857142,5.029411764705882,NA,NA,NA,NA,NA,NA,NA,NA,NA,NA,NA,NA,NA,NA,NA
2013,Greg Little,greg little,CLE,WR,16,99,41,465,2,0,22,1126,190,-40.361573901844864,0.41414141414141414,4.696969696969697,11.341463414634147,0.020202020202020204,11.373737373737374,4.634146341463414,NA,NA,NA,NA,NA,NA,NA,NA,NA,NA,NA,NA,NA,NA,NA
2013,Greg Salas,greg salas,NYJ,WR,5,13,8,143,0,0,5,152,78,2.310332498220184,0.6153846153846154,11,17.875,0,11.692307692307692,9.75,NA,NA,NA,NA,NA,NA,NA,NA,NA,NA,NA,NA,NA,NA,NA
2013,Griff Whalen,griff whalen,IND,WR,8,40,24,259,2,0,14,322,121,12.396651362617556,0.6,6.475,10.791666666666666,0.05,8.05,5.041666666666667,NA,NA,NA,NA,NA,NA,NA,NA,NA,NA,NA,NA,NA,NA,NA
2013,Hakeem Nicks,hakeem nicks,NYG,WR,15,101,56,896,0,0,38,1355,267,12.25039886302454,0.5544554455445545,8.871287128712872,16,0,13.415841584158416,4.767857142857143,NA,NA,NA,NA,NA,NA,NA,NA,NA,NA,NA,NA,NA,NA,NA
2013,Harry Douglas,harry douglas,ATL,WR,16,132,85,1067,2,2,47,1107,510,18.252365159377817,0.6439393939393939,8.083333333333334,12.552941176470588,0.015151515151515152,8.386363636363637,6,NA,NA,NA,NA,NA,NA,NA,NA,NA,NA,NA,NA,NA,NA,NA
2013,Jacoby Ford,jacoby ford,LV,WR,13,24,13,99,0,1,5,172,73,-13.43599174794128,0.5416666666666666,4.125,7.615384615384615,0,7.166666666666667,5.615384615384615,NA,NA,NA,NA,NA,NA,NA,NA,NA,NA,NA,NA,NA,NA,NA
2013,Jacoby Jones,jacoby jones,BAL,WR,12,67,37,455,2,0,20,1006,108,5.842693925641626,0.5522388059701493,6.791044776119403,12.297297297297296,0.029850746268656716,15.014925373134329,2.918918918918919,NA,NA,NA,NA,NA,NA,NA,NA,NA,NA,NA,NA,NA,NA,NA
2013,James Jones,james jones,GB,WR,14,93,59,817,3,2,31,963,365,20.792371772883055,0.6344086021505376,8.78494623655914,13.847457627118644,0.03225806451612903,10.35483870967742,6.186440677966102,NA,NA,NA,NA,NA,NA,NA,NA,NA,NA,NA,NA,NA,NA,NA
2013,Jarius Wright,jarius wright,MIN,WR,15,43,26,434,3,0,20,618,118,22.687956016990285,0.6046511627906976,10.093023255813954,16.692307692307693,0.06976744186046512,14.372093023255815,4.538461538461538,NA,NA,NA,NA,NA,NA,NA,NA,NA,NA,NA,NA,NA,NA,NA
2013,Jaron Brown,jaron brown,ARI,WR,12,18,11,140,1,0,6,219,32,9.560342779121129,0.6111111111111112,7.777777777777778,12.727272727272727,0.05555555555555555,12.166666666666666,2.909090909090909,NA,NA,NA,NA,NA,NA,NA,NA,NA,NA,NA,NA,NA,NA,NA
2013,Jarrett Boykin,jarrett boykin,GB,WR,15,83,49,681,3,0,34,833,256,18.762315182243345,0.5903614457831325,8.204819277108435,13.89795918367347,0.03614457831325301,10.036144578313253,5.224489795918367,NA,NA,NA,NA,NA,NA,NA,NA,NA,NA,NA,NA,NA,NA,NA
2013,Jason Avant,jason avant,PHI,WR,15,76,38,447,2,1,23,888,82,-5.532091840107402,0.5,5.881578947368421,11.763157894736842,0.02631578947368421,11.68421052631579,2.1578947368421053,NA,NA,NA,NA,NA,NA,NA,NA,NA,NA,NA,NA,NA,NA,NA
2013,Jeff Maehl,jeff maehl,PHI,WR,7,9,4,67,1,0,3,100,34,3.357275999733247,0.4444444444444444,7.444444444444445,16.75,0.1111111111111111,11.11111111111111,8.5,NA,NA,NA,NA,NA,NA,NA,NA,NA,NA,NA,NA,NA,NA,NA
2013,Jeremy Ebert,jeremy ebert,JAX,WR,4,8,3,18,0,0,0,46,6,-5.518313917315689,0.375,2.25,6,0,5.75,2,NA,NA,NA,NA,NA,NA,NA,NA,NA,NA,NA,NA,NA,NA,NA
2013,Jeremy Kerley,jeremy kerley,NYJ,WR,12,72,43,523,3,0,30,633,178,17.985756185032812,0.5972222222222222,7.263888888888889,12.162790697674419,0.041666666666666664,8.791666666666666,4.1395348837209305,NA,NA,NA,NA,NA,NA,NA,NA,NA,NA,NA,NA,NA,NA,NA
2013,Jeremy Ross,jeremy ross,DET,WR,12,12,6,67,1,0,6,71,19,-5.780643748275168,0.5,5.583333333333333,11.166666666666666,0.08333333333333333,5.916666666666667,3.1666666666666665,NA,NA,NA,NA,NA,NA,NA,NA,NA,NA,NA,NA,NA,NA,NA
2013,Jermaine Kearse,jermaine kearse,SEA,WR,14,38,22,346,4,0,16,639,37,20.146302414713364,0.5789473684210527,9.105263157894736,15.727272727272727,0.10526315789473684,16.81578947368421,1.6818181818181819,NA,NA,NA,NA,NA,NA,NA,NA,NA,NA,NA,NA,NA,NA,NA
2013,Jerome Simpson,jerome simpson,MIN,WR,16,100,48,726,1,1,35,1388,170,1.666196804940384,0.48,7.26,15.125,0.01,13.88,3.5416666666666665,NA,NA,NA,NA,NA,NA,NA,NA,NA,NA,NA,NA,NA,NA,NA
2013,Jerrel Jernigan,jerrel jernigan,NYG,WR,13,44,29,329,2,0,16,462,126,12.317672797827981,0.6590909090909091,7.4772727272727275,11.344827586206897,0.045454545454545456,10.5,4.344827586206897,NA,NA,NA,NA,NA,NA,NA,NA,NA,NA,NA,NA,NA,NA,NA
2013,Jerricho Cotchery,jerricho cotchery,PIT,WR,15,76,46,602,10,0,36,763,216,35.56945926738386,0.6052631578947368,7.921052631578948,13.08695652173913,0.13157894736842105,10.039473684210526,4.695652173913044,NA,NA,NA,NA,NA,NA,NA,NA,NA,NA,NA,NA,NA,NA,NA
2013,Jordy Nelson,jordy nelson,GB,WR,16,127,85,1314,8,0,60,1367,408,55.64465729141074,0.6692913385826772,10.346456692913385,15.458823529411765,0.06299212598425197,10.763779527559056,4.8,NA,NA,NA,NA,NA,NA,NA,NA,NA,NA,NA,NA,NA,NA,NA
2013,Josh Bellamy,josh bellamy,WAS,WR,2,0,0,0,0,0,0,0,0,NA,NA,NA,NA,NA,NA,NA,NA,NA,NA,NA,NA,NA,NA,NA,NA,NA,NA,NA,NA,NA,NA
2013,Josh Boyce,josh boyce,NE,WR,6,19,9,121,0,0,6,156,78,0.12315512648836102,0.47368421052631576,6.368421052631579,13.444444444444445,0,8.210526315789474,8.666666666666666,NA,NA,NA,NA,NA,NA,NA,NA,NA,NA,NA,NA,NA,NA,NA
2013,Josh Cooper,josh cooper,CLE,WR,2,14,9,60,0,0,5,82,20,-0.48121981957228854,0.6428571428571429,4.285714285714286,6.666666666666667,0,5.857142857142857,2.2222222222222223,NA,NA,NA,NA,NA,NA,NA,NA,NA,NA,NA,NA,NA,NA,NA
2013,Josh Gordon,josh gordon,CLE,WR,14,159,87,1646,9,0,64,2177,631,61.02644117953426,0.5471698113207547,10.352201257861635,18.919540229885058,0.05660377358490566,13.69182389937107,7.252873563218391,NA,NA,NA,NA,NA,NA,NA,NA,NA,NA,NA,NA,NA,NA,NA
2013,Josh Johnson,josh johnson,CIN,QB,2,0,0,0,0,0,0,0,0,NA,NA,NA,NA,NA,NA,NA,NA,NA,NA,NA,NA,NA,NA,NA,NA,NA,NA,NA,NA,NA,NA
2013,Josh Morgan,josh morgan,WAS,WR,14,33,20,214,0,0,13,272,95,0.9867772663128562,0.6060606060606061,6.484848484848484,10.7,0,8.242424242424242,4.75,NA,NA,NA,NA,NA,NA,NA,NA,NA,NA,NA,NA,NA,NA,NA
2013,Julian Edelman,julian edelman,NE,WR,16,151,105,1056,6,0,54,1218,497,49.25090894664126,0.695364238410596,6.993377483443709,10.057142857142857,0.039735099337748346,8.066225165562914,4.733333333333333,NA,NA,NA,NA,NA,NA,NA,NA,NA,NA,NA,NA,NA,NA,NA
2013,Julian Talley,julian talley,NYG,WR,1,2,0,0,0,0,0,13,0,-1.9097655497025698,0,0,NA,0,6.5,NA,NA,NA,NA,NA,NA,NA,NA,NA,NA,NA,NA,NA,NA,NA,NA
2013,Julio Jones,julio jones,ATL,WR,5,60,41,580,2,2,25,620,245,16.58956401441729,0.6833333333333333,9.666666666666666,14.146341463414634,0.03333333333333333,10.333333333333334,5.975609756097561,NA,NA,NA,NA,NA,NA,NA,NA,NA,NA,NA,NA,NA,NA,NA
2013,Junior Hemingway,junior hemingway,KC,WR,12,19,13,125,2,1,6,180,23,4.650283209852427,0.6842105263157895,6.578947368421052,9.615384615384615,0.10526315789473684,9.473684210526315,1.7692307692307692,NA,NA,NA,NA,NA,NA,NA,NA,NA,NA,NA,NA,NA,NA,NA
2013,Juron Criner,juron criner,LV,WR,1,8,3,32,0,0,2,77,9,-0.5356527279946022,0.375,4,10.666666666666666,0,9.625,3,NA,NA,NA,NA,NA,NA,NA,NA,NA,NA,NA,NA,NA,NA,NA
2013,Justin Blackmon,justin blackmon,JAX,WR,4,48,29,415,1,0,17,402,219,1.1000653907170808,0.6041666666666666,8.645833333333334,14.310344827586206,0.020833333333333332,8.375,7.551724137931035,NA,NA,NA,NA,NA,NA,NA,NA,NA,NA,NA,NA,NA,NA,NA
2013,Justin Hunter,justin hunter,TEN,WR,13,42,18,354,4,0,16,762,91,20.051927384353384,0.42857142857142855,8.428571428571429,19.666666666666668,0.09523809523809523,18.142857142857142,5.055555555555555,NA,NA,NA,NA,NA,NA,NA,NA,NA,NA,NA,NA,NA,NA,NA
2013,Justin Veltung,justin veltung,LA,WR,3,0,0,0,0,0,0,0,0,NA,NA,NA,NA,NA,NA,NA,NA,NA,NA,NA,NA,NA,NA,NA,NA,NA,NA,NA,NA,NA,NA
2013,Kassim Osgood,kassim osgood,SF,WR,9,1,1,17,0,0,0,12,5,1.3791675954125822,1,17,17,0,12,5,NA,NA,NA,NA,NA,NA,NA,NA,NA,NA,NA,NA,NA,NA,NA
2013,Keenan Allen,keenan allen,LAC,WR,15,104,71,1046,8,1,54,1045,396,58.33108286247566,0.6826923076923077,10.057692307692308,14.732394366197184,0.07692307692307693,10.048076923076923,5.577464788732394,NA,NA,NA,NA,NA,NA,NA,NA,NA,NA,NA,NA,NA,NA,NA
2013,Kenbrell Thompkins,kenbrell thompkins,NE,WR,11,69,32,466,4,0,21,795,139,16.87248003237047,0.463768115942029,6.753623188405797,14.5625,0.057971014492753624,11.521739130434783,4.34375,NA,NA,NA,NA,NA,NA,NA,NA,NA,NA,NA,NA,NA,NA,NA
2013,Kendall Wright,kendall wright,TEN,WR,16,140,94,1079,2,2,52,1101,548,30.551451388931497,0.6714285714285714,7.707142857142857,11.47872340425532,0.014285714285714285,7.864285714285714,5.829787234042553,NA,NA,NA,NA,NA,NA,NA,NA,NA,NA,NA,NA,NA,NA,NA
2013,Kenny Britt,kenny britt,TEN,WR,10,35,11,96,0,0,5,459,13,-14.777687279740348,0.3142857142857143,2.742857142857143,8.727272727272727,0,13.114285714285714,1.1818181818181819,NA,NA,NA,NA,NA,NA,NA,NA,NA,NA,NA,NA,NA,NA,NA
2013,Kenny Stills,kenny stills,NO,WR,16,50,32,641,5,0,24,815,197,40.03816957108211,0.64,12.82,20.03125,0.1,16.3,6.15625,NA,NA,NA,NA,NA,NA,NA,NA,NA,NA,NA,NA,NA,NA,NA
2013,Kerry Taylor,kerry taylor,JAX,WR,7,34,22,229,1,0,12,239,84,4.247260391470487,0.6470588235294118,6.735294117647059,10.409090909090908,0.029411764705882353,7.029411764705882,3.8181818181818183,NA,NA,NA,NA,NA,NA,NA,NA,NA,NA,NA,NA,NA,NA,NA
2013,Keshawn Martin,keshawn martin,HOU,WR,16,40,22,253,2,0,12,314,89,1.3418142578357939,0.55,6.325,11.5,0.05,7.85,4.045454545454546,NA,NA,NA,NA,NA,NA,NA,NA,NA,NA,NA,NA,NA,NA,NA
2013,Kevin Cone,kevin cone,ATL,WR,7,1,1,12,0,0,1,8,4,1.600996858207509,1,12,12,0,8,4,NA,NA,NA,NA,NA,NA,NA,NA,NA,NA,NA,NA,NA,NA,NA
2013,Kevin Ogletree,kevin ogletree,DET,WR,12,45,21,269,2,0,15,576,90,4.665791410874854,0.4666666666666667,5.977777777777778,12.80952380952381,0.044444444444444446,12.8,4.285714285714286,NA,NA,NA,NA,NA,NA,NA,NA,NA,NA,NA,NA,NA,NA,NA
2013,Kris Durham,kris durham,DET,WR,16,85,38,490,2,1,25,983,123,-8.836492499048504,0.4470588235294118,5.764705882352941,12.894736842105264,0.023529411764705882,11.564705882352941,3.236842105263158,NA,NA,NA,NA,NA,NA,NA,NA,NA,NA,NA,NA,NA,NA,NA
2013,Kyle Williams,kyle williams,BUF/SF,DT,25,27,12,113,0,0,5,292,57,-11.394081480248133,0.4444444444444444,4.185185185185185,9.416666666666666,0,10.814814814814815,4.75,NA,NA,NA,NA,NA,NA,NA,NA,NA,NA,NA,NA,NA,NA,NA
2013,LaVon Brazill,lavon brazill,IND,WR,9,27,12,161,2,1,7,313,53,-3.5284259155544344,0.4444444444444444,5.962962962962963,13.416666666666666,0.07407407407407407,11.592592592592593,4.416666666666667,NA,NA,NA,NA,NA,NA,NA,NA,NA,NA,NA,NA,NA,NA,NA
2013,Lamaar Thomas,lamaar thomas,JAX,WR,2,3,2,31,0,0,2,27,18,2.4464718310628086,0.6666666666666666,10.333333333333334,15.5,0,9,9,NA,NA,NA,NA,NA,NA,NA,NA,NA,NA,NA,NA,NA,NA,NA
2013,Lance Moore,lance moore,NO,WR,13,54,37,457,2,0,26,632,67,17.97179521567204,0.6851851851851852,8.462962962962964,12.35135135135135,0.037037037037037035,11.703703703703704,1.8108108108108107,NA,NA,NA,NA,NA,NA,NA,NA,NA,NA,NA,NA,NA,NA,NA
2013,Larry Fitzgerald,larry fitzgerald,ARI,WR,16,134,82,954,10,1,49,1363,335,20.223144244776627,0.6119402985074627,7.119402985074627,11.634146341463415,0.07462686567164178,10.171641791044776,4.085365853658536,NA,NA,NA,NA,NA,NA,NA,NA,NA,NA,NA,NA,NA,NA,NA
2013,Lavelle Hawkins,lavelle hawkins,LAC,WR,4,0,0,0,0,0,0,0,0,NA,NA,NA,NA,NA,NA,NA,NA,NA,NA,NA,NA,NA,NA,NA,NA,NA,NA,NA,NA,NA,NA
2013,Leonard Hankerson,leonard hankerson,WAS,WR,10,50,30,375,3,0,21,500,131,8.150796802935496,0.6,7.5,12.5,0.06,10,4.366666666666666,NA,NA,NA,NA,NA,NA,NA,NA,NA,NA,NA,NA,NA,NA,NA
2013,Lestar Jean,lestar jean,HOU,WR,8,8,4,35,0,0,3,95,3,2.51143902252079,0.5,4.375,8.75,0,11.875,0.75,NA,NA,NA,NA,NA,NA,NA,NA,NA,NA,NA,NA,NA,NA,NA
2013,Louis Murphy,louis murphy,NYG,WR,7,13,6,37,1,1,2,124,6,-12.862402212282177,0.46153846153846156,2.8461538461538463,6.166666666666667,0.07692307692307693,9.538461538461538,1,NA,NA,NA,NA,NA,NA,NA,NA,NA,NA,NA,NA,NA,NA,NA
2013,Malcom Floyd,malcom floyd,LAC,WR,2,11,6,149,0,0,5,177,12,7.570739408954978,0.5454545454545454,13.545454545454545,24.833333333333332,0,16.09090909090909,2,NA,NA,NA,NA,NA,NA,NA,NA,NA,NA,NA,NA,NA,NA,NA
2013,Marcus Easley,marcus easley,BUF,WR,14,5,2,13,0,0,0,40,1,-4.249917391862255,0.4,2.6,6.5,0,8,0.5,NA,NA,NA,NA,NA,NA,NA,NA,NA,NA,NA,NA,NA,NA,NA
2013,Marcus Thigpen,marcus thigpen,MIA,WR,16,11,8,97,1,0,4,26,75,7.12653135805944,0.7272727272727273,8.818181818181818,12.125,0.09090909090909091,2.3636363636363638,9.375,NA,NA,NA,NA,NA,NA,NA,NA,NA,NA,NA,NA,NA,NA,NA
2013,Mario Manningham,mario manningham,SF,WR,5,23,9,85,0,0,5,207,17,-4.042653673960498,0.391304347826087,3.6956521739130435,9.444444444444445,0,9,1.8888888888888888,NA,NA,NA,NA,NA,NA,NA,NA,NA,NA,NA,NA,NA,NA,NA
2013,Mario Williams,mario williams,BUF,DE,15,0,0,0,0,0,0,0,0,NA,NA,NA,NA,NA,NA,NA,NA,NA,NA,NA,NA,NA,NA,NA,NA,NA,NA,NA,NA,NA,NA
2013,Markus Wheaton,markus wheaton,PIT,WR,9,13,6,64,0,0,5,159,36,-6.288742997276452,0.46153846153846156,4.923076923076923,10.666666666666666,0,12.23076923076923,6,NA,NA,NA,NA,NA,NA,NA,NA,NA,NA,NA,NA,NA,NA,NA
2013,Marlon Brown,marlon brown,BAL,WR,14,83,49,524,7,0,29,829,237,2.145178337850364,0.5903614457831325,6.313253012048193,10.693877551020408,0.08433734939759036,9.987951807228916,4.836734693877551,NA,NA,NA,NA,NA,NA,NA,NA,NA,NA,NA,NA,NA,NA,NA
2013,Marlon Moore,marlon moore,MIA,WR,11,15,7,62,0,0,4,173,8,-6.441594265052117,0.4666666666666667,4.133333333333334,8.857142857142858,0,11.533333333333333,1.1428571428571428,NA,NA,NA,NA,NA,NA,NA,NA,NA,NA,NA,NA,NA,NA,NA
2013,Marques Colston,marques colston,NO,WR,15,110,75,943,5,0,54,1181,248,58.183244852094205,0.6818181818181818,8.572727272727272,12.573333333333334,0.045454545454545456,10.736363636363636,3.3066666666666666,NA,NA,NA,NA,NA,NA,NA,NA,NA,NA,NA,NA,NA,NA,NA
2013,Marquess Wilson,marquess wilson,CHI,WR,3,3,2,13,0,0,1,10,9,-0.12788779276888818,0.6666666666666666,4.333333333333333,6.5,0,3.3333333333333335,4.5,NA,NA,NA,NA,NA,NA,NA,NA,NA,NA,NA,NA,NA,NA,NA
2013,Marquise Goodwin,marquise goodwin,BUF,WR,12,32,17,283,3,1,13,640,45,3.8439598562254105,0.53125,8.84375,16.647058823529413,0.09375,20,2.6470588235294117,NA,NA,NA,NA,NA,NA,NA,NA,NA,NA,NA,NA,NA,NA,NA
2013,Marvin Jones,marvin jones,CIN,WR,16,80,51,712,10,0,36,868,224,42.93832506933992,0.6375,8.9,13.96078431372549,0.125,10.85,4.392156862745098,NA,NA,NA,NA,NA,NA,NA,NA,NA,NA,NA,NA,NA,NA,NA
2013,Marvin McNutt,marvin mcnutt,CAR,WR,1,1,0,0,0,0,0,20,0,-0.3387055995990522,0,0,NA,0,20,NA,NA,NA,NA,NA,NA,NA,NA,NA,NA,NA,NA,NA,NA,NA,NA
2013,Matthew Slater,matthew slater,NE,WR,8,0,0,0,0,0,0,0,0,NA,NA,NA,NA,NA,NA,NA,NA,NA,NA,NA,NA,NA,NA,NA,NA,NA,NA,NA,NA,NA,NA
2013,Michael Bennett,michael bennett,SEA,DE,15,0,0,0,0,0,0,0,0,NA,NA,NA,NA,NA,NA,NA,NA,NA,NA,NA,NA,NA,NA,NA,NA,NA,NA,NA,NA,NA,NA
2013,Michael Campbell,michael campbell,NYJ,WR,1,2,0,0,0,0,0,49,0,-1.0085229784017429,0,0,NA,0,24.5,NA,NA,NA,NA,NA,NA,NA,NA,NA,NA,NA,NA,NA,NA,NA,NA
2013,Michael Crabtree,michael crabtree,SF,WR,5,33,19,284,1,0,13,308,137,12.552910452179745,0.5757575757575758,8.606060606060606,14.947368421052632,0.030303030303030304,9.333333333333334,7.2105263157894735,NA,NA,NA,NA,NA,NA,NA,NA,NA,NA,NA,NA,NA,NA,NA
2013,Michael Floyd,michael floyd,ARI,WR,16,112,65,1041,5,0,48,1529,282,24.59958415370513,0.5803571428571429,9.294642857142858,16.015384615384615,0.044642857142857144,13.651785714285714,4.338461538461538,NA,NA,NA,NA,NA,NA,NA,NA,NA,NA,NA,NA,NA,NA,NA
2013,Michael Johnson,michael johnson,CIN,DE,15,0,0,0,0,0,0,0,0,NA,NA,NA,NA,NA,NA,NA,NA,NA,NA,NA,NA,NA,NA,NA,NA,NA,NA,NA,NA,NA,NA
2013,Michael Preston,michael preston,TEN,WR,3,7,5,37,2,0,2,52,4,-0.36124677146400863,0.7142857142857143,5.285714285714286,7.4,0.2857142857142857,7.428571428571429,0.8,NA,NA,NA,NA,NA,NA,NA,NA,NA,NA,NA,NA,NA,NA,NA
2013,Michael Thomas,michael thomas,MIA,DB,1,0,0,0,0,0,0,0,0,NA,NA,NA,NA,NA,NA,NA,NA,NA,NA,NA,NA,NA,NA,NA,NA,NA,NA,NA,NA,NA,NA
2013,Micheal Spurlock,micheal spurlock,DET,WR,11,0,0,0,0,0,0,0,0,NA,NA,NA,NA,NA,NA,NA,NA,NA,NA,NA,NA,NA,NA,NA,NA,NA,NA,NA,NA,NA,NA
2013,Mike Brown,mike brown,JAX,WR,11,56,32,446,2,2,20,550,154,8.10075533152742,0.5714285714285714,7.964285714285714,13.9375,0.03571428571428571,9.821428571428571,4.8125,NA,NA,NA,NA,NA,NA,NA,NA,NA,NA,NA,NA,NA,NA,NA
2013,Mike Wallace,mike wallace,MIA,WR,16,141,73,930,5,0,46,2215,273,12.006981053373728,0.5177304964539007,6.595744680851064,12.73972602739726,0.03546099290780142,15.709219858156029,3.73972602739726,NA,NA,NA,NA,NA,NA,NA,NA,NA,NA,NA,NA,NA,NA,NA
2013,Mike Williams,mike williams,TB,WR,6,40,22,216,2,0,12,404,67,6.055108261294663,0.55,5.4,9.818181818181818,0.05,10.1,3.0454545454545454,NA,NA,NA,NA,NA,NA,NA,NA,NA,NA,NA,NA,NA,NA,NA
2013,Miles Austin,miles austin,DAL,WR,11,49,24,244,0,0,14,357,101,-11.173650675509661,0.4897959183673469,4.979591836734694,10.166666666666666,0,7.285714285714286,4.208333333333333,NA,NA,NA,NA,NA,NA,NA,NA,NA,NA,NA,NA,NA,NA,NA
2013,Mohamed Sanu,mohamed sanu,CIN,WR,16,78,47,455,2,1,28,703,254,6.019905964183704,0.6025641025641025,5.833333333333333,9.680851063829786,0.02564102564102564,9.012820512820513,5.404255319148936,NA,NA,NA,NA,NA,NA,NA,NA,NA,NA,NA,NA,NA,NA,NA
2013,Myles White,myles white,GB,WR,5,12,9,66,0,0,1,29,55,-1.1543354481400456,0.75,5.5,7.333333333333333,0,2.4166666666666665,6.111111111111111,NA,NA,NA,NA,NA,NA,NA,NA,NA,NA,NA,NA,NA,NA,NA
2013,Nate Washington,nate washington,TEN,WR,16,104,58,919,3,0,43,1430,233,25.125490027569146,0.5576923076923077,8.836538461538462,15.844827586206897,0.028846153846153848,13.75,4.017241379310345,NA,NA,NA,NA,NA,NA,NA,NA,NA,NA,NA,NA,NA,NA,NA
2013,Nick Toon,nick toon,NO,WR,5,12,4,68,0,0,2,218,9,-3.254443598840327,0.3333333333333333,5.666666666666667,17,0,18.166666666666668,2.25,NA,NA,NA,NA,NA,NA,NA,NA,NA,NA,NA,NA,NA,NA,NA
2013,Nick Williams,nick williams,WAS,WR,5,11,3,15,0,0,2,104,1,-3.861491451025242,0.2727272727272727,1.3636363636363635,5,0,9.454545454545455,0.3333333333333333,NA,NA,NA,NA,NA,NA,NA,NA,NA,NA,NA,NA,NA,NA,NA
2013,Percy Harvin,percy harvin,SEA,WR,1,1,1,17,0,0,1,12,5,2.22221637936309,1,17,17,0,12,5,NA,NA,NA,NA,NA,NA,NA,NA,NA,NA,NA,NA,NA,NA,NA
2013,Pierre Garcon,pierre garcon,WAS,WR,16,181,113,1346,5,1,60,1651,661,25.688045324202417,0.6243093922651933,7.43646408839779,11.91150442477876,0.027624309392265192,9.121546961325967,5.849557522123894,NA,NA,NA,NA,NA,NA,NA,NA,NA,NA,NA,NA,NA,NA,NA
2013,Quinton Patton,quinton patton,SF,WR,3,5,3,34,0,0,1,44,8,-2.5114593035982056,0.6,6.8,11.333333333333334,0,8.8,2.6666666666666665,NA,NA,NA,NA,NA,NA,NA,NA,NA,NA,NA,NA,NA,NA,NA
2013,Randall Cobb,randall cobb,GB,WR,6,47,31,433,4,0,18,383,175,19.292982775967175,0.6595744680851063,9.212765957446809,13.96774193548387,0.0851063829787234,8.148936170212766,5.645161290322581,NA,NA,NA,NA,NA,NA,NA,NA,NA,NA,NA,NA,NA,NA,NA
2013,Reggie Wayne,reggie wayne,IND,WR,7,58,38,503,2,0,28,600,158,23.422469306814715,0.6551724137931034,8.672413793103448,13.236842105263158,0.034482758620689655,10.344827586206897,4.157894736842105,NA,NA,NA,NA,NA,NA,NA,NA,NA,NA,NA,NA,NA,NA,NA
2013,Ricardo Lockette,ricardo lockette,SEA,WR,7,7,5,82,0,0,3,144,12,2.4370935463230126,0.7142857142857143,11.714285714285714,16.4,0,20.571428571428573,2.4,NA,NA,NA,NA,NA,NA,NA,NA,NA,NA,NA,NA,NA,NA,NA
2013,Rishard Matthews,rishard matthews,MIA,WR,14,67,41,448,2,0,26,577,151,14.368165467628721,0.6119402985074627,6.686567164179104,10.926829268292684,0.029850746268656716,8.611940298507463,3.682926829268293,NA,NA,NA,NA,NA,NA,NA,NA,NA,NA,NA,NA,NA,NA,NA
2013,Robert Meachem,robert meachem,NO,WR,15,30,16,324,2,0,9,584,87,15.350119086403602,0.5333333333333333,10.8,20.25,0.06666666666666667,19.466666666666665,5.4375,NA,NA,NA,NA,NA,NA,NA,NA,NA,NA,NA,NA,NA,NA,NA
2013,Robert Woods,robert woods,BUF,WR,14,85,40,587,3,0,26,1143,111,5.5027013224783055,0.47058823529411764,6.905882352941177,14.675,0.03529411764705882,13.447058823529412,2.775,NA,NA,NA,NA,NA,NA,NA,NA,NA,NA,NA,NA,NA,NA,NA
2013,Rod Streater,rod streater,LV,WR,16,99,60,888,4,0,39,1140,314,26.49829651951557,0.6060606060606061,8.969696969696969,14.8,0.04040404040404041,11.515151515151516,5.233333333333333,NA,NA,NA,NA,NA,NA,NA,NA,NA,NA,NA,NA,NA,NA,NA
2013,Rodney Smith,rodney smith,MIN,WR,1,0,0,0,0,0,0,0,0,NA,NA,NA,NA,NA,NA,NA,NA,NA,NA,NA,NA,NA,NA,NA,NA,NA,NA,NA,NA,NA,NA
2013,Rueben Randle,rueben randle,NYG,WR,16,79,41,611,6,1,28,1151,198,-3.8527922769442586,0.5189873417721519,7.734177215189874,14.902439024390244,0.0759493670886076,14.569620253164556,4.829268292682927,NA,NA,NA,NA,NA,NA,NA,NA,NA,NA,NA,NA,NA,NA,NA
2013,Russell Shepard,russell shepard,TB,WR,7,0,0,0,0,0,0,0,0,NA,NA,NA,NA,NA,NA,NA,NA,NA,NA,NA,NA,NA,NA,NA,NA,NA,NA,NA,NA,NA,NA
2013,Ryan Broyles,ryan broyles,DET,WR,6,14,8,85,0,0,4,116,38,1.3775884586502798,0.5714285714285714,6.071428571428571,10.625,0,8.285714285714286,4.75,NA,NA,NA,NA,NA,NA,NA,NA,NA,NA,NA,NA,NA,NA,NA
2013,Ryan Davis,ryan davis,JAX,DE,6,0,0,0,0,0,0,0,0,NA,NA,NA,NA,NA,NA,NA,NA,NA,NA,NA,NA,NA,NA,NA,NA,NA,NA,NA,NA,NA,NA
2013,Ryan Spadola,ryan spadola,NYJ,WR,1,1,0,0,0,0,0,19,0,-0.5170817184261978,0,0,NA,0,19,NA,NA,NA,NA,NA,NA,NA,NA,NA,NA,NA,NA,NA,NA,NA,NA
2013,Ryan Whalen,ryan whalen,CIN,WR,1,0,0,0,0,0,0,0,0,NA,NA,NA,NA,NA,NA,NA,NA,NA,NA,NA,NA,NA,NA,NA,NA,NA,NA,NA,NA,NA,NA
2013,Saalim Hakim,saalim hakim,NYJ,WR,2,1,0,0,0,0,0,43,0,-0.7647159062325954,0,0,NA,0,43,NA,NA,NA,NA,NA,NA,NA,NA,NA,NA,NA,NA,NA,NA,NA,NA
2013,Santana Moss,santana moss,WAS,WR,16,78,42,452,2,1,28,641,182,-12.320109463862062,0.5384615384615384,5.794871794871795,10.761904761904763,0.02564102564102564,8.217948717948717,4.333333333333333,NA,NA,NA,NA,NA,NA,NA,NA,NA,NA,NA,NA,NA,NA,NA
2013,Santonio Holmes,santonio holmes,NYJ,WR,10,59,23,456,1,0,19,690,124,-2.246717702979497,0.3898305084745763,7.728813559322034,19.82608695652174,0.01694915254237288,11.694915254237289,5.391304347826087,NA,NA,NA,NA,NA,NA,NA,NA,NA,NA,NA,NA,NA,NA,NA
2013,Seyi Ajirotutu,seyi ajirotutu,LAC,WR,12,4,3,64,1,0,3,100,2,5.537670202087611,0.75,16,21.333333333333332,0.25,25,0.6666666666666666,NA,NA,NA,NA,NA,NA,NA,NA,NA,NA,NA,NA,NA,NA,NA
2013,Sidney Rice,sidney rice,SEA,WR,8,35,15,231,3,1,11,507,20,1.9532805574304728,0.42857142857142855,6.6,15.4,0.08571428571428572,14.485714285714286,1.3333333333333333,NA,NA,NA,NA,NA,NA,NA,NA,NA,NA,NA,NA,NA,NA,NA
2013,Skye Dawson,skye dawson,TB,WR,6,7,2,12,0,0,0,145,5,-4.514187096175783,0.2857142857142857,1.7142857142857142,6,0,20.714285714285715,2.5,NA,NA,NA,NA,NA,NA,NA,NA,NA,NA,NA,NA,NA,NA,NA
2013,Stedman Bailey,stedman bailey,LA,WR,11,25,17,226,0,0,10,280,46,6.35032502739341,0.68,9.04,13.294117647058824,0,11.2,2.7058823529411766,NA,NA,NA,NA,NA,NA,NA,NA,NA,NA,NA,NA,NA,NA,NA
2013,Stephen Burton,stephen burton,JAX,WR,4,13,8,76,0,0,4,75,35,0.38165097542521353,0.6153846153846154,5.846153846153846,9.5,0,5.769230769230769,4.375,NA,NA,NA,NA,NA,NA,NA,NA,NA,NA,NA,NA,NA,NA,NA
2013,Stephen Hill,stephen hill,NYJ,WR,12,59,24,342,1,1,15,861,91,-25.11030408320797,0.4067796610169492,5.796610169491525,14.25,0.01694915254237288,14.59322033898305,3.7916666666666665,NA,NA,NA,NA,NA,NA,NA,NA,NA,NA,NA,NA,NA,NA,NA
2013,Stephen Williams,stephen williams,JAX,WR,3,4,0,0,0,0,0,101,0,-3.3253053498920053,0,0,NA,0,25.25,NA,NA,NA,NA,NA,NA,NA,NA,NA,NA,NA,NA,NA,NA,NA,NA
2013,Steve Smith,steve smith,CAR,WR,15,110,64,745,4,0,44,1219,178,24.91491437830426,0.5818181818181818,6.7727272727272725,11.640625,0.03636363636363636,11.081818181818182,2.78125,NA,NA,NA,NA,NA,NA,NA,NA,NA,NA,NA,NA,NA,NA,NA
2013,T.Y. Hilton,t y hilton,IND,WR,16,138,82,1083,5,0,46,1639,380,38.97001866429182,0.5942028985507246,7.8478260869565215,13.207317073170731,0.036231884057971016,11.876811594202898,4.634146341463414,NA,NA,NA,NA,NA,NA,NA,NA,NA,NA,NA,NA,NA,NA,NA
2013,Tandon Doss,tandon doss,BAL,WR,12,36,19,305,0,0,13,374,86,3.1503139706019923,0.5277777777777778,8.472222222222221,16.05263157894737,0,10.38888888888889,4.526315789473684,NA,NA,NA,NA,NA,NA,NA,NA,NA,NA,NA,NA,NA,NA,NA
2013,Tavon Austin,tavon austin,LA,WR,13,69,40,418,4,1,17,552,230,1.523100379579975,0.5797101449275363,6.057971014492754,10.45,0.057971014492753624,8,5.75,NA,NA,NA,NA,NA,NA,NA,NA,NA,NA,NA,NA,NA,NA,NA
2013,Terrance Williams,terrance williams,DAL,WR,15,74,44,736,5,1,31,1027,204,16.991150104660413,0.5945945945945946,9.945945945945946,16.727272727272727,0.06756756756756757,13.878378378378379,4.636363636363637,NA,NA,NA,NA,NA,NA,NA,NA,NA,NA,NA,NA,NA,NA,NA
2013,Terrelle Pryor,terrelle pryor,LV,WR,11,0,0,0,0,0,0,0,0,NA,NA,NA,NA,NA,NA,NA,NA,NA,NA,NA,NA,NA,NA,NA,NA,NA,NA,NA,NA,NA,NA
2013,Tiquan Underwood,tiquan underwood,TB,WR,12,46,24,440,4,0,19,625,102,19.790703092316114,0.5217391304347826,9.565217391304348,18.333333333333332,0.08695652173913043,13.58695652173913,4.25,NA,NA,NA,NA,NA,NA,NA,NA,NA,NA,NA,NA,NA,NA,NA
2013,Tori Gurley,tori gurley,CLE,WR,2,3,1,15,0,0,1,36,2,-0.11659274180419743,0.3333333333333333,5,15,0,12,2,NA,NA,NA,NA,NA,NA,NA,NA,NA,NA,NA,NA,NA,NA,NA
2013,Torrey Smith,torrey smith,BAL,WR,16,137,65,1128,4,1,49,2116,360,35.135499661469005,0.4744525547445255,8.233576642335766,17.353846153846153,0.029197080291970802,15.445255474452555,5.538461538461538,NA,NA,NA,NA,NA,NA,NA,NA,NA,NA,NA,NA,NA,NA,NA
2013,Travis Benjamin,travis benjamin,CLE,WR,8,13,5,105,0,0,4,236,60,2.0515227986034006,0.38461538461538464,8.076923076923077,21,0,18.153846153846153,12,NA,NA,NA,NA,NA,NA,NA,NA,NA,NA,NA,NA,NA,NA,NA
2013,Victor Cruz,victor cruz,NYG,WR,14,122,73,998,4,1,45,1459,250,18.97055883576296,0.5983606557377049,8.180327868852459,13.67123287671233,0.03278688524590164,11.959016393442623,3.4246575342465753,NA,NA,NA,NA,NA,NA,NA,NA,NA,NA,NA,NA,NA,NA,NA
2013,Vincent Brown,vincent brown,LAC,WR,16,69,41,472,1,0,28,843,84,9.241199945029228,0.5942028985507246,6.840579710144928,11.512195121951219,0.014492753623188406,12.217391304347826,2.048780487804878,NA,NA,NA,NA,NA,NA,NA,NA,NA,NA,NA,NA,NA,NA,NA
2013,Vincent Jackson,vincent jackson,TB,WR,16,160,78,1224,7,1,60,2045,319,13.128300079233249,0.4875,7.65,15.692307692307692,0.04375,12.78125,4.089743589743589,NA,NA,NA,NA,NA,NA,NA,NA,NA,NA,NA,NA,NA,NA,NA
2013,Wes Welker,wes welker,DEN,WR,13,111,73,778,10,0,49,829,322,37.13193959684532,0.6576576576576577,7.009009009009009,10.657534246575343,0.09009009009009009,7.468468468468468,4.410958904109589,NA,NA,NA,NA,NA,NA,NA,NA,NA,NA,NA,NA,NA,NA,NA
2013,Weslye Saunders,weslye saunders,IND,TE,6,11,4,46,0,0,3,103,13,-1.35467438865453,0.36363636363636365,4.181818181818182,11.5,0,9.363636363636363,3.25,NA,NA,NA,NA,NA,NA,NA,NA,NA,NA,NA,NA,NA,NA,NA
2014,A.J. Green,a j green,CIN,WR,12,116,69,1041,6,2,46,1548,314,12.956483705365738,0.5948275862068966,8.974137931034482,15.08695652173913,0.05172413793103448,13.344827586206897,4.550724637681159,NA,NA,NA,NA,NA,NA,NA,NA,NA,NA,NA,NA,NA,NA,NA
2014,A.J. Jenkins,a j jenkins,KC,WR,7,15,9,93,0,0,5,131,43,3.408398269035388,0.6,6.2,10.333333333333334,0,8.733333333333333,4.777777777777778,NA,NA,NA,NA,NA,NA,NA,NA,NA,NA,NA,NA,NA,NA,NA
2014,Aaron Dobson,aaron dobson,NE,WR,4,5,3,38,0,0,2,54,21,1.5955033982172608,0.6,7.6,12.666666666666666,0,10.8,7,NA,NA,NA,NA,NA,NA,NA,NA,NA,NA,NA,NA,NA,NA,NA
2014,Ace Sanders,ace sanders,JAX,WR,12,7,6,55,0,0,1,26,24,-0.9499355657608248,0.8571428571428571,7.857142857142857,9.166666666666666,0,3.7142857142857144,4,NA,NA,NA,NA,NA,NA,NA,NA,NA,NA,NA,NA,NA,NA,NA
2014,Adam Thielen,adam thielen,MIN,WR,12,13,8,137,1,0,7,170,34,3.0838632172943976,0.6153846153846154,10.538461538461538,17.125,0.07692307692307693,13.076923076923077,4.25,NA,NA,NA,NA,NA,NA,NA,NA,NA,NA,NA,NA,NA,NA,NA
2014,Albert Wilson,albert wilson,KC,WR,10,28,16,260,0,0,12,264,119,5.742974415482331,0.5714285714285714,9.285714285714286,16.25,0,9.428571428571429,7.4375,NA,NA,NA,NA,NA,NA,NA,NA,NA,NA,NA,NA,NA,NA,NA
2014,Aldrick Robinson,aldrick robinson,WAS,WR,2,3,1,6,0,0,0,40,8,-0.7061233426211402,0.3333333333333333,2,6,0,13.333333333333334,8,NA,NA,NA,NA,NA,NA,NA,NA,NA,NA,NA,NA,NA,NA,NA
2014,Allen Hurns,allen hurns,JAX,WR,16,97,51,677,6,0,26,1051,205,-6.295513467065279,0.5257731958762887,6.979381443298969,13.27450980392157,0.061855670103092786,10.835051546391753,4.019607843137255,NA,NA,NA,NA,NA,NA,NA,NA,NA,NA,NA,NA,NA,NA,NA
2014,Allen Robinson,allen robinson,JAX,WR,10,81,48,548,2,0,26,897,159,8.263412434824001,0.5925925925925926,6.765432098765432,11.416666666666666,0.024691358024691357,11.074074074074074,3.3125,NA,NA,NA,NA,NA,NA,NA,NA,NA,NA,NA,NA,NA,NA,NA
2014,Alshon Jeffery,alshon jeffery,CHI,WR,16,145,85,1133,10,0,60,1592,466,49.58111960267687,0.5862068965517241,7.813793103448276,13.329411764705883,0.06896551724137931,10.979310344827587,5.482352941176471,NA,NA,NA,NA,NA,NA,NA,NA,NA,NA,NA,NA,NA,NA,NA
2014,Andre Caldwell,andre caldwell,DEN,WR,13,15,5,47,0,0,4,155,18,-5.573756171594141,0.3333333333333333,3.1333333333333333,9.4,0,10.333333333333334,3.6,NA,NA,NA,NA,NA,NA,NA,NA,NA,NA,NA,NA,NA,NA,NA
2014,Andre Holmes,andre holmes,LV,WR,16,98,47,693,4,0,32,1380,193,11.902435663307484,0.47959183673469385,7.071428571428571,14.74468085106383,0.04081632653061224,14.081632653061224,4.1063829787234045,NA,NA,NA,NA,NA,NA,NA,NA,NA,NA,NA,NA,NA,NA,NA
2014,Andre Johnson,andre johnson,HOU,WR,15,147,85,936,3,3,49,1358,389,-3.757123900815823,0.5782312925170068,6.36734693877551,11.011764705882353,0.02040816326530612,9.238095238095237,4.576470588235294,NA,NA,NA,NA,NA,NA,NA,NA,NA,NA,NA,NA,NA,NA,NA
2014,Andre Roberts,andre roberts,WAS,WR,16,73,36,453,2,1,28,733,207,-16.05131235066051,0.4931506849315068,6.205479452054795,12.583333333333334,0.0273972602739726,10.04109589041096,5.75,NA,NA,NA,NA,NA,NA,NA,NA,NA,NA,NA,NA,NA,NA,NA
2014,Andrew Hawkins,andrew hawkins,CLE,WR,15,112,63,824,2,0,44,940,396,16.37152534473235,0.5625,7.357142857142857,13.079365079365079,0.017857142857142856,8.392857142857142,6.285714285714286,NA,NA,NA,NA,NA,NA,NA,NA,NA,NA,NA,NA,NA,NA,NA
2014,Anquan Boldin,anquan boldin,SF,WR,16,131,83,1062,5,0,56,1270,400,54.70826144962791,0.6335877862595419,8.106870229007633,12.795180722891565,0.03816793893129771,9.694656488549619,4.819277108433735,NA,NA,NA,NA,NA,NA,NA,NA,NA,NA,NA,NA,NA,NA,NA
2014,Anthony Johnson,anthony johnson,MIA,DE,3,0,0,0,0,0,0,0,0,NA,NA,NA,NA,NA,NA,NA,NA,NA,NA,NA,NA,NA,NA,NA,NA,NA,NA,NA,NA,NA,NA
2014,Antonio Brown,antonio brown,PIT,WR,16,181,129,1698,13,1,85,1823,600,88.91022974935535,0.712707182320442,9.38121546961326,13.162790697674419,0.0718232044198895,10.07182320441989,4.651162790697675,NA,NA,NA,NA,NA,NA,NA,NA,NA,NA,NA,NA,NA,NA,NA
2014,Austin Pettis,austin pettis,LA,WR,4,18,12,118,1,0,7,135,50,6.7903053475442485,0.6666666666666666,6.555555555555555,9.833333333333334,0.05555555555555555,7.5,4.166666666666667,NA,NA,NA,NA,NA,NA,NA,NA,NA,NA,NA,NA,NA,NA,NA
2014,Brad Smith,brad smith,PHI,WR,8,3,1,11,0,0,1,17,13,-0.7371780693065375,0.3333333333333333,3.6666666666666665,11,0,5.666666666666667,13,NA,NA,NA,NA,NA,NA,NA,NA,NA,NA,NA,NA,NA,NA,NA
2014,Brandin Cooks,brandin cooks,NO,WR,10,69,53,550,3,0,25,566,170,19.023769465326726,0.7681159420289855,7.971014492753623,10.377358490566039,0.043478260869565216,8.202898550724637,3.207547169811321,NA,NA,NA,NA,NA,NA,NA,NA,NA,NA,NA,NA,NA,NA,NA
2014,Brandon Gibson,brandon gibson,MIA,WR,14,51,29,295,1,2,17,488,109,-2.232194247559513,0.5686274509803921,5.784313725490196,10.172413793103448,0.0196078431372549,9.568627450980392,3.7586206896551726,NA,NA,NA,NA,NA,NA,NA,NA,NA,NA,NA,NA,NA,NA,NA
2014,Brandon LaFell,brandon lafell,NE,WR,16,119,74,953,7,1,50,1265,368,16.66891240202183,0.6218487394957983,8.008403361344538,12.878378378378379,0.058823529411764705,10.630252100840336,4.972972972972973,NA,NA,NA,NA,NA,NA,NA,NA,NA,NA,NA,NA,NA,NA,NA
2014,Brandon Lloyd,brandon lloyd,SF,WR,12,35,14,294,1,0,11,677,74,-2.7320169453741983,0.4,8.4,21,0.02857142857142857,19.34285714285714,5.285714285714286,NA,NA,NA,NA,NA,NA,NA,NA,NA,NA,NA,NA,NA,NA,NA
2014,Brandon Marshall,brandon marshall,CHI/DEN,WR,27,106,61,721,8,1,41,1241,224,11.128462686843704,0.5754716981132075,6.80188679245283,11.819672131147541,0.07547169811320754,11.70754716981132,3.6721311475409837,NA,NA,NA,NA,NA,NA,NA,NA,NA,NA,NA,NA,NA,NA,NA
2014,Brandon Tate,brandon tate,CIN,WR,15,26,17,193,1,0,12,296,71,10.17131592794434,0.6538461538461539,7.423076923076923,11.352941176470589,0.038461538461538464,11.384615384615385,4.176470588235294,NA,NA,NA,NA,NA,NA,NA,NA,NA,NA,NA,NA,NA,NA,NA
2014,Brenton Bersin,brenton bersin,CAR,WR,15,20,13,151,1,0,11,222,34,0.17216574226040393,0.65,7.55,11.615384615384615,0.05,11.1,2.6153846153846154,NA,NA,NA,NA,NA,NA,NA,NA,NA,NA,NA,NA,NA,NA,NA
2014,Brian Hartline,brian hartline,MIA,WR,16,63,39,474,2,0,27,710,121,21.12195713579893,0.6190476190476191,7.523809523809524,12.153846153846153,0.031746031746031744,11.26984126984127,3.1025641025641026,NA,NA,NA,NA,NA,NA,NA,NA,NA,NA,NA,NA,NA,NA,NA
2014,Brian Quick,brian quick,LA,WR,7,39,25,375,3,0,19,625,72,18.426418708454218,0.6410256410256411,9.615384615384615,15,0.07692307692307693,16.025641025641026,2.88,NA,NA,NA,NA,NA,NA,NA,NA,NA,NA,NA,NA,NA,NA,NA
2014,Brian Tyms,brian tyms,NE,WR,5,11,5,82,1,0,3,284,3,1.1944877170026302,0.45454545454545453,7.454545454545454,16.4,0.09090909090909091,25.818181818181817,0.6,NA,NA,NA,NA,NA,NA,NA,NA,NA,NA,NA,NA,NA,NA,NA
2014,Brice Butler,brice butler,LV,WR,14,36,21,280,2,0,14,429,83,7.37474395125173,0.5833333333333334,7.777777777777778,13.333333333333334,0.05555555555555555,11.916666666666666,3.9523809523809526,NA,NA,NA,NA,NA,NA,NA,NA,NA,NA,NA,NA,NA,NA,NA
2014,Bruce Ellington,bruce ellington,SF,WR,13,12,6,62,2,0,5,101,33,5.415672765520867,0.5,5.166666666666667,10.333333333333334,0.16666666666666666,8.416666666666666,5.5,NA,NA,NA,NA,NA,NA,NA,NA,NA,NA,NA,NA,NA,NA,NA
2014,Bryan Walters,bryan walters,SEA,WR,13,11,6,57,0,0,3,71,39,-3.9192291393990075,0.5454545454545454,5.181818181818182,9.5,0,6.454545454545454,6.5,NA,NA,NA,NA,NA,NA,NA,NA,NA,NA,NA,NA,NA,NA,NA
2014,Calvin Johnson,calvin johnson,DET,WR,13,128,71,1077,8,0,59,1907,229,47.223567189657274,0.5546875,8.4140625,15.169014084507042,0.0625,14.8984375,3.2253521126760565,NA,NA,NA,NA,NA,NA,NA,NA,NA,NA,NA,NA,NA,NA,NA
2014,Cecil Shorts,cecil shorts,JAX,WR,13,110,53,557,1,1,26,903,259,-34.05512275501351,0.4818181818181818,5.0636363636363635,10.50943396226415,0.00909090909090909,8.209090909090909,4.886792452830188,NA,NA,NA,NA,NA,NA,NA,NA,NA,NA,NA,NA,NA,NA,NA
2014,Chandler Jones,chandler jones,NE,DE,9,0,0,0,0,0,0,0,0,NA,NA,NA,NA,NA,NA,NA,NA,NA,NA,NA,NA,NA,NA,NA,NA,NA,NA,NA,NA,NA,NA
2014,Charles Johnson,charles johnson,CAR,DE,14,0,0,0,0,0,0,0,0,NA,NA,NA,NA,NA,NA,NA,NA,NA,NA,NA,NA,NA,NA,NA,NA,NA,NA,NA,NA,NA,NA
2014,Chris Givens,chris givens,LA,WR,9,20,11,159,1,0,5,252,44,-2.2165290783691614,0.55,7.95,14.454545454545455,0.05,12.6,4,NA,NA,NA,NA,NA,NA,NA,NA,NA,NA,NA,NA,NA,NA,NA
2014,Chris Hogan,chris hogan,BUF,WR,13,61,41,426,4,1,20,486,180,13.550931197269731,0.6721311475409836,6.983606557377049,10.390243902439025,0.06557377049180328,7.967213114754099,4.390243902439025,NA,NA,NA,NA,NA,NA,NA,NA,NA,NA,NA,NA,NA,NA,NA
2014,Chris Matthews,chris matthews,SEA,WR,1,0,0,0,0,0,0,0,0,NA,NA,NA,NA,NA,NA,NA,NA,NA,NA,NA,NA,NA,NA,NA,NA,NA,NA,NA,NA,NA,NA
2014,Chris Owusu,chris owusu,NYJ,WR,6,6,6,78,1,0,4,74,4,5.912235852098092,1,13,13,0.16666666666666666,12.333333333333334,0.6666666666666666,NA,NA,NA,NA,NA,NA,NA,NA,NA,NA,NA,NA,NA,NA,NA
2014,Chris Thompson,chris thompson,WAS,RB,2,7,6,27,1,0,2,-6,36,0.9037724315421656,0.8571428571428571,3.857142857142857,4.5,0.14285714285714285,-0.8571428571428571,6,NA,NA,NA,NA,NA,NA,NA,NA,NA,NA,NA,NA,NA,NA,NA
2014,Chris Williams,chris williams,CHI,WR,6,0,0,0,0,0,0,0,0,NA,NA,NA,NA,NA,NA,NA,NA,NA,NA,NA,NA,NA,NA,NA,NA,NA,NA,NA,NA,NA,NA
2014,Cody Latimer,cody latimer,DEN,WR,4,4,2,23,0,0,1,45,16,1.6627577220788226,0.5,5.75,11.5,0,11.25,8,NA,NA,NA,NA,NA,NA,NA,NA,NA,NA,NA,NA,NA,NA,NA
2014,Cole Beasley,cole beasley,DAL,WR,15,49,37,420,4,2,26,316,246,26.83564932188399,0.7551020408163265,8.571428571428571,11.35135135135135,0.08163265306122448,6.448979591836735,6.648648648648648,NA,NA,NA,NA,NA,NA,NA,NA,NA,NA,NA,NA,NA,NA,NA
2014,Corey Brown,corey brown,CAR,WR,13,36,21,296,2,0,12,517,52,12.94942738985657,0.5833333333333334,8.222222222222221,14.095238095238095,0.05555555555555555,14.36111111111111,2.4761904761904763,NA,NA,NA,NA,NA,NA,NA,NA,NA,NA,NA,NA,NA,NA,NA
2014,Corey Fuller,corey fuller,DET,WR,13,31,14,212,1,1,11,507,41,-3.0391346173128113,0.45161290322580644,6.838709677419355,15.142857142857142,0.03225806451612903,16.35483870967742,2.9285714285714284,NA,NA,NA,NA,NA,NA,NA,NA,NA,NA,NA,NA,NA,NA,NA
2014,Corey Washington,corey washington,NYG,WR,3,8,5,52,1,0,4,64,14,3.172208740230417,0.625,6.5,10.4,0.125,8,2.8,NA,NA,NA,NA,NA,NA,NA,NA,NA,NA,NA,NA,NA,NA,NA
2014,Courtney Roby,courtney roby,ATL,WR,1,2,1,11,0,0,1,15,1,-5.268581504700705,0.5,5.5,11,0,7.5,1,NA,NA,NA,NA,NA,NA,NA,NA,NA,NA,NA,NA,NA,NA,NA
2014,Damaris Johnson,damaris johnson,HOU,WR,16,49,31,331,1,1,15,287,183,5.736823063102228,0.6326530612244898,6.755102040816326,10.67741935483871,0.02040816326530612,5.857142857142857,5.903225806451613,NA,NA,NA,NA,NA,NA,NA,NA,NA,NA,NA,NA,NA,NA,NA
2014,Damian Williams,damian williams,MIA,WR,1,1,1,14,0,0,1,13,1,2.0191807289374992,1,14,14,0,13,1,NA,NA,NA,NA,NA,NA,NA,NA,NA,NA,NA,NA,NA,NA,NA
2014,Dane Sanzenbacher,dane sanzenbacher,CIN,WR,6,15,9,105,0,1,5,123,43,-0.2976497982243953,0.6,7,11.666666666666666,0,8.2,4.777777777777778,NA,NA,NA,NA,NA,NA,NA,NA,NA,NA,NA,NA,NA,NA,NA
2014,Danny Amendola,danny amendola,NE,WR,15,42,27,200,1,0,12,315,74,-2.2539141595930423,0.6428571428571429,4.761904761904762,7.407407407407407,0.023809523809523808,7.5,2.740740740740741,NA,NA,NA,NA,NA,NA,NA,NA,NA,NA,NA,NA,NA,NA,NA
2014,Darrius Heyward-Bey,darrius heyward bey,PIT,WR,9,5,3,33,0,1,1,83,0,-7.2071551700355485,0.6,6.6,11,0,16.6,0,NA,NA,NA,NA,NA,NA,NA,NA,NA,NA,NA,NA,NA,NA,NA
2014,Davante Adams,davante adams,GB,WR,14,66,38,446,3,0,23,675,173,9.285734822037167,0.5757575757575758,6.757575757575758,11.736842105263158,0.045454545454545456,10.227272727272727,4.552631578947368,NA,NA,NA,NA,NA,NA,NA,NA,NA,NA,NA,NA,NA,NA,NA
2014,David Nelson,david nelson,NYJ,WR,6,16,8,65,0,2,6,187,3,-8.150715113169337,0.5,4.0625,8.125,0,11.6875,0.375,NA,NA,NA,NA,NA,NA,NA,NA,NA,NA,NA,NA,NA,NA,NA
2014,De'Andre Presley,de andre presley,CAR,WR,3,1,0,0,0,0,0,24,0,-4.707363389607053,0,0,NA,0,24,NA,NA,NA,NA,NA,NA,NA,NA,NA,NA,NA,NA,NA,NA,NA,NA
2014,De'Anthony Thomas,de anthony thomas,KC,WR,12,31,23,156,0,0,7,14,169,1.6381924100863996,0.7419354838709677,5.032258064516129,6.782608695652174,0,0.45161290322580644,7.3478260869565215,NA,NA,NA,NA,NA,NA,NA,NA,NA,NA,NA,NA,NA,NA,NA
2014,DeAndre Hopkins,deandre hopkins,HOU,WR,16,127,76,1210,6,2,57,1642,373,36.473436700149456,0.5984251968503937,9.527559055118111,15.921052631578947,0.047244094488188976,12.929133858267717,4.907894736842105,NA,NA,NA,NA,NA,NA,NA,NA,NA,NA,NA,NA,NA,NA,NA
2014,DeSean Jackson,desean jackson,WAS,WR,15,95,56,1169,6,0,35,1380,470,48.02997088174833,0.5894736842105263,12.305263157894737,20.875,0.06315789473684211,14.526315789473685,8.392857142857142,NA,NA,NA,NA,NA,NA,NA,NA,NA,NA,NA,NA,NA,NA,NA
2014,DeVier Posey,devier posey,HOU,WR,1,1,1,30,0,0,1,27,3,2.6768660536035895,1,30,30,0,27,3,NA,NA,NA,NA,NA,NA,NA,NA,NA,NA,NA,NA,NA,NA,NA
2014,Demaryius Thomas,demaryius thomas,DEN,WR,16,184,111,1619,11,0,69,1820,642,47.46174864495944,0.6032608695652174,8.798913043478262,14.585585585585585,0.059782608695652176,9.891304347826088,5.783783783783784,NA,NA,NA,NA,NA,NA,NA,NA,NA,NA,NA,NA,NA,NA,NA
2014,Denarius Moore,denarius moore,LV,WR,10,27,12,115,0,0,6,250,40,-11.55254658925721,0.4444444444444444,4.2592592592592595,9.583333333333334,0,9.25925925925926,3.3333333333333335,NA,NA,NA,NA,NA,NA,NA,NA,NA,NA,NA,NA,NA,NA,NA
2014,Derek Hagan,derek hagan,TEN,WR,11,34,19,254,1,0,10,421,28,4.02728925255623,0.5588235294117647,7.470588235294118,13.368421052631579,0.029411764705882353,12.382352941176471,1.4736842105263157,NA,NA,NA,NA,NA,NA,NA,NA,NA,NA,NA,NA,NA,NA,NA
2014,Derrick Johnson,derrick johnson,KC,LB,1,0,0,0,0,0,0,0,0,NA,NA,NA,NA,NA,NA,NA,NA,NA,NA,NA,NA,NA,NA,NA,NA,NA,NA,NA,NA,NA,NA
2014,Devin Hester,devin hester,ATL,WR,16,59,38,504,2,1,21,478,257,7.52148902663912,0.6440677966101694,8.542372881355933,13.263157894736842,0.03389830508474576,8.101694915254237,6.7631578947368425,NA,NA,NA,NA,NA,NA,NA,NA,NA,NA,NA,NA,NA,NA,NA
2014,Devin Street,devin street,DAL,WR,5,7,2,18,0,0,1,124,5,-4.3639643673668616,0.2857142857142857,2.5714285714285716,9,0,17.714285714285715,2.5,NA,NA,NA,NA,NA,NA,NA,NA,NA,NA,NA,NA,NA,NA,NA
2014,Dez Bryant,dez bryant,DAL,WR,16,137,88,1320,16,0,60,1699,407,65.07630237211534,0.6423357664233577,9.635036496350365,15,0.11678832116788321,12.401459854014599,4.625,NA,NA,NA,NA,NA,NA,NA,NA,NA,NA,NA,NA,NA,NA,NA
2014,Donnie Avery,donnie avery,KC,WR,5,26,15,176,0,1,8,336,37,-5.310491025558996,0.5769230769230769,6.769230769230769,11.733333333333333,0,12.923076923076923,2.466666666666667,NA,NA,NA,NA,NA,NA,NA,NA,NA,NA,NA,NA,NA,NA,NA
2014,Donte Moncrief,donte moncrief,IND,WR,14,49,32,444,3,0,15,596,208,21.395211634750012,0.6530612244897959,9.061224489795919,13.875,0.061224489795918366,12.16326530612245,6.5,NA,NA,NA,NA,NA,NA,NA,NA,NA,NA,NA,NA,NA,NA,NA
2014,Dontrelle Inman,dontrelle inman,LAC,WR,2,17,12,158,0,0,7,214,14,4.269408701736415,0.7058823529411765,9.294117647058824,13.166666666666666,0,12.588235294117647,1.1666666666666667,NA,NA,NA,NA,NA,NA,NA,NA,NA,NA,NA,NA,NA,NA,NA
2014,Doug Baldwin,doug baldwin,SEA,WR,16,98,66,825,3,0,42,903,338,34.492628193405544,0.673469387755102,8.418367346938776,12.5,0.030612244897959183,9.214285714285714,5.121212121212121,NA,NA,NA,NA,NA,NA,NA,NA,NA,NA,NA,NA,NA,NA,NA
2014,Drew Davis,drew davis,ATL,WR,2,0,0,0,0,0,0,0,0,NA,NA,NA,NA,NA,NA,NA,NA,NA,NA,NA,NA,NA,NA,NA,NA,NA,NA,NA,NA,NA,NA
2014,Duke Williams,duke williams,BUF,S,15,0,0,0,0,0,0,0,0,NA,NA,NA,NA,NA,NA,NA,NA,NA,NA,NA,NA,NA,NA,NA,NA,NA,NA,NA,NA,NA,NA
2014,Dwayne Bowe,dwayne bowe,KC,WR,15,95,60,754,0,2,42,871,228,34.686361032932545,0.631578947368421,7.936842105263158,12.566666666666666,0,9.16842105263158,3.8,NA,NA,NA,NA,NA,NA,NA,NA,NA,NA,NA,NA,NA,NA,NA
2014,Dwayne Harris,dwayne harris,DAL,WR,16,12,7,116,0,0,2,117,36,4.771331936062779,0.5833333333333334,9.666666666666666,16.571428571428573,0,9.75,5.142857142857143,NA,NA,NA,NA,NA,NA,NA,NA,NA,NA,NA,NA,NA,NA,NA
2014,Eddie Royal,eddie royal,LAC,WR,16,91,62,778,7,1,39,883,360,35.436492869770326,0.6813186813186813,8.54945054945055,12.548387096774194,0.07692307692307693,9.703296703296703,5.806451612903226,NA,NA,NA,NA,NA,NA,NA,NA,NA,NA,NA,NA,NA,NA,NA
2014,Emmanuel Sanders,emmanuel sanders,DEN,WR,16,141,101,1404,9,1,69,1777,353,82.63863971928359,0.7163120567375887,9.957446808510639,13.900990099009901,0.06382978723404255,12.602836879432624,3.495049504950495,NA,NA,NA,NA,NA,NA,NA,NA,NA,NA,NA,NA,NA,NA,NA
2014,Eric Decker,eric decker,NYJ,WR,15,115,74,962,5,0,47,1257,322,35.19146775278689,0.6434782608695652,8.365217391304348,13,0.043478260869565216,10.930434782608696,4.351351351351352,NA,NA,NA,NA,NA,NA,NA,NA,NA,NA,NA,NA,NA,NA,NA
2014,Eric Weems,eric weems,ATL,WR,10,11,10,102,2,0,5,93,28,11.461822064215085,0.9090909090909091,9.272727272727273,10.2,0.18181818181818182,8.454545454545455,2.8,NA,NA,NA,NA,NA,NA,NA,NA,NA,NA,NA,NA,NA,NA,NA
2014,Frankie Hammond,frankie hammond,KC,WR,10,11,4,45,0,0,2,91,15,-0.8122518236632459,0.36363636363636365,4.090909090909091,11.25,0,8.272727272727273,3.75,NA,NA,NA,NA,NA,NA,NA,NA,NA,NA,NA,NA,NA,NA,NA
2014,Freddie Martino,freddie martino,ATL,WR,1,1,0,0,0,0,0,9,0,-0.4084739903919399,0,0,NA,0,9,NA,NA,NA,NA,NA,NA,NA,NA,NA,NA,NA,NA,NA,NA,NA,NA
2014,Gerell Robinson,gerell robinson,MIA,TE,1,1,0,0,0,0,0,3,0,-0.47818500618450344,0,0,NA,0,3,NA,NA,NA,NA,NA,NA,NA,NA,NA,NA,NA,NA,NA,NA,NA,NA
2014,Golden Tate,golden tate,DET,WR,16,144,99,1331,4,1,58,1131,690,49.100374779577294,0.6875,9.243055555555555,13.444444444444445,0.027777777777777776,7.854166666666667,6.96969696969697,NA,NA,NA,NA,NA,NA,NA,NA,NA,NA,NA,NA,NA,NA,NA
2014,Greg Jennings,greg jennings,MIN,WR,16,92,59,742,6,1,41,1007,197,27.939702162216207,0.6413043478260869,8.065217391304348,12.576271186440678,0.06521739130434782,10.945652173913043,3.3389830508474576,NA,NA,NA,NA,NA,NA,NA,NA,NA,NA,NA,NA,NA,NA,NA
2014,Greg Little,greg little,CIN,WR,4,12,6,69,0,0,3,88,33,-4.053376473309277,0.5,5.75,11.5,0,7.333333333333333,5.5,NA,NA,NA,NA,NA,NA,NA,NA,NA,NA,NA,NA,NA,NA,NA
2014,Greg Salas,greg salas,NYJ,WR,8,23,8,167,0,0,6,392,114,3.208531614538515,0.34782608695652173,7.260869565217392,20.875,0,17.043478260869566,14.25,NA,NA,NA,NA,NA,NA,NA,NA,NA,NA,NA,NA,NA,NA,NA
2014,Griff Whalen,griff whalen,IND,WR,9,3,2,23,0,0,2,36,1,1.6311142457998358,0.6666666666666666,7.666666666666667,11.5,0,12,0.5,NA,NA,NA,NA,NA,NA,NA,NA,NA,NA,NA,NA,NA,NA,NA
2014,Hakeem Nicks,hakeem nicks,IND,WR,15,68,38,405,4,0,18,681,130,-11.551301450993769,0.5588235294117647,5.955882352941177,10.657894736842104,0.058823529411764705,10.014705882352942,3.4210526315789473,NA,NA,NA,NA,NA,NA,NA,NA,NA,NA,NA,NA,NA,NA,NA
2014,Harry Douglas,harry douglas,ATL,WR,12,74,51,556,2,0,28,614,238,4.586125454280832,0.6891891891891891,7.513513513513513,10.901960784313726,0.02702702702702703,8.297297297297296,4.666666666666667,NA,NA,NA,NA,NA,NA,NA,NA,NA,NA,NA,NA,NA,NA,NA
2014,Isaiah Burse,isaiah burse,DEN,WR,12,1,0,0,0,0,0,20,0,-0.888791702920571,0,0,NA,0,20,NA,NA,NA,NA,NA,NA,NA,NA,NA,NA,NA,NA,NA,NA,NA,NA
2014,Jacoby Jones,jacoby jones,BAL,WR,16,18,9,131,0,0,6,191,83,3.7597698543104343,0.5,7.277777777777778,14.555555555555555,0,10.61111111111111,9.222222222222221,NA,NA,NA,NA,NA,NA,NA,NA,NA,NA,NA,NA,NA,NA,NA
2014,James Jones,james jones,LV,WR,16,112,73,666,6,2,41,954,217,7.5200447759577616,0.6517857142857143,5.946428571428571,9.123287671232877,0.05357142857142857,8.517857142857142,2.9726027397260273,NA,NA,NA,NA,NA,NA,NA,NA,NA,NA,NA,NA,NA,NA,NA
2014,James Wright,james wright,CIN,WR,11,16,5,91,0,0,5,255,36,-3.082315514329821,0.3125,5.6875,18.2,0,15.9375,7.2,NA,NA,NA,NA,NA,NA,NA,NA,NA,NA,NA,NA,NA,NA,NA
2014,Jarius Wright,jarius wright,MIN,WR,15,62,42,588,2,0,25,647,327,22.49319416587823,0.6774193548387096,9.483870967741936,14,0.03225806451612903,10.435483870967742,7.785714285714286,NA,NA,NA,NA,NA,NA,NA,NA,NA,NA,NA,NA,NA,NA,NA
2014,Jaron Brown,jaron brown,ARI,WR,14,32,22,229,2,1,15,328,61,5.00768084805731,0.6875,7.15625,10.409090909090908,0.0625,10.25,2.772727272727273,NA,NA,NA,NA,NA,NA,NA,NA,NA,NA,NA,NA,NA,NA,NA
2014,Jarrett Boykin,jarrett boykin,GB,WR,8,12,3,23,0,0,1,133,27,-9.838036132161506,0.25,1.9166666666666667,7.666666666666667,0,11.083333333333334,9,NA,NA,NA,NA,NA,NA,NA,NA,NA,NA,NA,NA,NA,NA,NA
2014,Jarvis Landry,jarvis landry,MIA,WR,16,112,84,758,5,1,49,603,434,22.986076943299413,0.75,6.767857142857143,9.023809523809524,0.044642857142857144,5.383928571428571,5.166666666666667,NA,NA,NA,NA,NA,NA,NA,NA,NA,NA,NA,NA,NA,NA,NA
2014,Jason Avant,jason avant,KC,WR,15,62,34,353,1,0,19,550,146,1.9759843890073152,0.5483870967741935,5.693548387096774,10.382352941176471,0.016129032258064516,8.870967741935484,4.294117647058823,NA,NA,NA,NA,NA,NA,NA,NA,NA,NA,NA,NA,NA,NA,NA
2014,Jeff Janis,jeff janis,GB,WR,1,2,2,16,0,0,2,15,1,2.60051927017048,1,8,8,0,7.5,0.5,NA,NA,NA,NA,NA,NA,NA,NA,NA,NA,NA,NA,NA,NA,NA
2014,Jeff Maehl,jeff maehl,PHI,WR,4,5,5,46,0,0,1,35,11,2.631224575918168,1,9.2,9.2,0,7,2.2,NA,NA,NA,NA,NA,NA,NA,NA,NA,NA,NA,NA,NA,NA,NA
2014,Jeremy Kerley,jeremy kerley,NYJ,WR,16,75,38,409,1,0,20,630,150,-17.45558807213217,0.5066666666666667,5.453333333333333,10.763157894736842,0.013333333333333334,8.4,3.9473684210526314,NA,NA,NA,NA,NA,NA,NA,NA,NA,NA,NA,NA,NA,NA,NA
2014,Jeremy Maclin,jeremy maclin,PHI,WR,16,143,85,1318,10,0,56,1892,496,55.556387460166626,0.5944055944055944,9.216783216783217,15.505882352941176,0.06993006993006994,13.23076923076923,5.8352941176470585,NA,NA,NA,NA,NA,NA,NA,NA,NA,NA,NA,NA,NA,NA,NA
2014,Jeremy Ross,jeremy ross,DET,WR,16,35,24,314,1,1,15,339,138,14.988545882680924,0.6857142857142857,8.971428571428572,13.083333333333334,0.02857142857142857,9.685714285714285,5.75,NA,NA,NA,NA,NA,NA,NA,NA,NA,NA,NA,NA,NA,NA,NA
2014,Jermaine Kearse,jermaine kearse,SEA,WR,15,69,38,537,1,0,21,825,223,11.952802342744725,0.5507246376811594,7.782608695652174,14.131578947368421,0.014492753623188406,11.956521739130435,5.868421052631579,NA,NA,NA,NA,NA,NA,NA,NA,NA,NA,NA,NA,NA,NA,NA
2014,Jerrel Jernigan,jerrel jernigan,NYG,WR,2,9,6,40,0,0,2,81,10,-0.9667745624901727,0.6666666666666666,4.444444444444445,6.666666666666667,0,9,1.6666666666666667,NA,NA,NA,NA,NA,NA,NA,NA,NA,NA,NA,NA,NA,NA,NA
2014,Jerricho Cotchery,jerricho cotchery,CAR,WR,15,78,48,580,1,0,29,888,199,15.701745248161215,0.6153846153846154,7.435897435897436,12.083333333333334,0.01282051282051282,11.384615384615385,4.145833333333333,NA,NA,NA,NA,NA,NA,NA,NA,NA,NA,NA,NA,NA,NA,NA
2014,John Brown,john brown,ARI,WR,16,103,48,696,5,0,31,1528,180,1.472990692128848,0.46601941747572817,6.757281553398058,14.5,0.04854368932038835,14.83495145631068,3.75,NA,NA,NA,NA,NA,NA,NA,NA,NA,NA,NA,NA,NA,NA,NA
2014,Jordan Matthews,jordan matthews,PHI,TE,16,103,67,872,8,0,42,905,387,38.14714647163498,0.6504854368932039,8.466019417475728,13.014925373134329,0.07766990291262135,8.78640776699029,5.776119402985074,NA,NA,NA,NA,NA,NA,NA,NA,NA,NA,NA,NA,NA,NA,NA
2014,Jordy Nelson,jordy nelson,GB,WR,16,151,98,1519,13,0,71,1733,501,85.06249716227468,0.6490066225165563,10.059602649006623,15.5,0.08609271523178808,11.47682119205298,5.112244897959184,NA,NA,NA,NA,NA,NA,NA,NA,NA,NA,NA,NA,NA,NA,NA
2014,Joseph Morgan,joseph morgan,NO,WR,4,10,4,92,0,0,3,287,23,-2.4242929097899353,0.4,9.2,23,0,28.7,5.75,NA,NA,NA,NA,NA,NA,NA,NA,NA,NA,NA,NA,NA,NA,NA
2014,Josh Bellamy,josh bellamy,CHI,WR,1,1,0,0,0,0,0,51,0,-0.5481677874922752,0,0,NA,0,51,NA,NA,NA,NA,NA,NA,NA,NA,NA,NA,NA,NA,NA,NA,NA,NA
2014,Josh Gordon,josh gordon,CLE,WR,5,47,24,303,0,0,16,539,161,-5.865709000772032,0.5106382978723404,6.446808510638298,12.625,0,11.46808510638298,6.708333333333333,NA,NA,NA,NA,NA,NA,NA,NA,NA,NA,NA,NA,NA,NA,NA
2014,Josh Huff,josh huff,PHI,WR,12,18,8,98,0,1,4,182,77,-14.320702657161746,0.4444444444444444,5.444444444444445,12.25,0,10.11111111111111,9.625,NA,NA,NA,NA,NA,NA,NA,NA,NA,NA,NA,NA,NA,NA,NA
2014,Josh Morgan,josh morgan,CHI,WR,8,19,10,70,1,0,4,135,50,-14.572730580344796,0.5263157894736842,3.6842105263157894,7,0.05263157894736842,7.105263157894737,5,NA,NA,NA,NA,NA,NA,NA,NA,NA,NA,NA,NA,NA,NA,NA
2014,Julian Edelman,julian edelman,NE,WR,14,134,92,972,4,2,49,1001,431,49.56167361612369,0.6865671641791045,7.253731343283582,10.565217391304348,0.029850746268656716,7.470149253731344,4.684782608695652,NA,NA,NA,NA,NA,NA,NA,NA,NA,NA,NA,NA,NA,NA,NA
2014,Julio Jones,julio jones,ATL,WR,15,163,104,1593,6,2,76,2006,538,66.18237572574111,0.6380368098159509,9.773006134969325,15.317307692307692,0.03680981595092025,12.306748466257668,5.173076923076923,NA,NA,NA,NA,NA,NA,NA,NA,NA,NA,NA,NA,NA,NA,NA
2014,Junior Hemingway,junior hemingway,KC,WR,11,21,12,108,0,0,8,131,68,-1.846165579439135,0.5714285714285714,5.142857142857143,9,0,6.238095238095238,5.666666666666667,NA,NA,NA,NA,NA,NA,NA,NA,NA,NA,NA,NA,NA,NA,NA
2014,Justin Brown,justin brown,PIT,WR,6,21,12,94,0,1,4,181,22,-8.098722133724909,0.5714285714285714,4.476190476190476,7.833333333333333,0,8.619047619047619,1.8333333333333333,NA,NA,NA,NA,NA,NA,NA,NA,NA,NA,NA,NA,NA,NA,NA
2014,Justin Hunter,justin hunter,TEN,WR,12,67,28,498,3,0,20,1048,178,-5.629074127734992,0.417910447761194,7.432835820895522,17.785714285714285,0.04477611940298507,15.64179104477612,6.357142857142857,NA,NA,NA,NA,NA,NA,NA,NA,NA,NA,NA,NA,NA,NA,NA
2014,Kamar Aiken,kamar aiken,BAL,WR,13,32,24,267,3,0,15,385,61,12.989697809854988,0.75,8.34375,11.125,0.09375,12.03125,2.5416666666666665,NA,NA,NA,NA,NA,NA,NA,NA,NA,NA,NA,NA,NA,NA,NA
2014,Kassim Osgood,kassim osgood,SF,WR,5,1,0,0,0,0,0,5,0,-0.3637586822733283,0,0,NA,0,5,NA,NA,NA,NA,NA,NA,NA,NA,NA,NA,NA,NA,NA,NA,NA,NA
2014,Keenan Allen,keenan allen,LAC,WR,14,121,77,783,4,1,41,1029,304,-11.499600319647536,0.6363636363636364,6.471074380165289,10.168831168831169,0.03305785123966942,8.50413223140496,3.948051948051948,NA,NA,NA,NA,NA,NA,NA,NA,NA,NA,NA,NA,NA,NA,NA
2014,Kenbrell Thompkins,kenbrell thompkins,LV,WR,13,47,21,262,0,0,13,558,95,-8.339822118278475,0.44680851063829785,5.574468085106383,12.476190476190476,0,11.872340425531915,4.523809523809524,NA,NA,NA,NA,NA,NA,NA,NA,NA,NA,NA,NA,NA,NA,NA
2014,Kendall Wright,kendall wright,TEN,WR,14,93,57,715,6,1,33,809,365,13.559426306066475,0.6129032258064516,7.688172043010753,12.543859649122806,0.06451612903225806,8.698924731182796,6.4035087719298245,NA,NA,NA,NA,NA,NA,NA,NA,NA,NA,NA,NA,NA,NA,NA
2014,Kenny Britt,kenny britt,LA,WR,16,84,48,748,3,0,33,1357,166,3.303506526946404,0.5714285714285714,8.904761904761905,15.583333333333334,0.03571428571428571,16.154761904761905,3.4583333333333335,NA,NA,NA,NA,NA,NA,NA,NA,NA,NA,NA,NA,NA,NA,NA
2014,Kenny Stills,kenny stills,NO,WR,15,84,63,931,3,1,48,1063,188,56.501364138086586,0.75,11.083333333333334,14.777777777777779,0.03571428571428571,12.654761904761905,2.984126984126984,NA,NA,NA,NA,NA,NA,NA,NA,NA,NA,NA,NA,NA,NA,NA
2014,Keshawn Martin,keshawn martin,HOU,WR,14,12,6,78,0,0,3,81,57,-4.9582367513212375,0.5,6.5,13,0,6.75,9.5,NA,NA,NA,NA,NA,NA,NA,NA,NA,NA,NA,NA,NA,NA,NA
2014,Kevin Dorsey,kevin dorsey,GB,WR,1,2,1,4,0,0,0,9,9,-0.6599112476687878,0.5,2,4,0,4.5,9,NA,NA,NA,NA,NA,NA,NA,NA,NA,NA,NA,NA,NA,NA,NA
2014,Kevin Norwood,kevin norwood,SEA,WR,6,10,9,102,0,0,5,109,40,6.169828237150796,0.9,10.2,11.333333333333334,0,10.9,4.444444444444445,NA,NA,NA,NA,NA,NA,NA,NA,NA,NA,NA,NA,NA,NA,NA
2014,Kevin Ogletree,kevin ogletree,NYG,WR,4,9,5,50,0,0,2,113,14,2.2586615511685193,0.5555555555555556,5.555555555555555,10,0,12.555555555555555,2.8,NA,NA,NA,NA,NA,NA,NA,NA,NA,NA,NA,NA,NA,NA,NA
2014,Kris Durham,kris durham,TEN,WR,4,11,6,54,0,0,2,121,15,-2.793277771794237,0.5454545454545454,4.909090909090909,9,0,11,2.5,NA,NA,NA,NA,NA,NA,NA,NA,NA,NA,NA,NA,NA,NA,NA
2014,Kyle Williams,kyle williams,BUF,DT,14,0,0,0,0,0,0,0,0,NA,NA,NA,NA,NA,NA,NA,NA,NA,NA,NA,NA,NA,NA,NA,NA,NA,NA,NA,NA,NA,NA
2014,Lance Moore,lance moore,PIT,WR,11,26,14,198,2,0,11,324,40,8.251048484307947,0.5384615384615384,7.615384615384615,14.142857142857142,0.07692307692307693,12.461538461538462,2.857142857142857,NA,NA,NA,NA,NA,NA,NA,NA,NA,NA,NA,NA,NA,NA,NA
2014,Larry Fitzgerald,larry fitzgerald,ARI,WR,14,104,63,784,2,1,39,1037,333,33.01351387807972,0.6057692307692307,7.538461538461538,12.444444444444445,0.019230769230769232,9.971153846153847,5.285714285714286,NA,NA,NA,NA,NA,NA,NA,NA,NA,NA,NA,NA,NA,NA,NA
2014,Leonard Hankerson,leonard hankerson,WAS,WR,1,1,0,0,0,0,0,15,0,-0.8044585005845875,0,0,NA,0,15,NA,NA,NA,NA,NA,NA,NA,NA,NA,NA,NA,NA,NA,NA,NA,NA
2014,Louis Murphy,louis murphy,TB,WR,11,56,31,380,2,1,14,642,127,-1.041851139577465,0.5535714285714286,6.785714285714286,12.258064516129032,0.03571428571428571,11.464285714285714,4.096774193548387,NA,NA,NA,NA,NA,NA,NA,NA,NA,NA,NA,NA,NA,NA,NA
2014,Malcom Floyd,malcom floyd,LAC,WR,16,92,52,856,6,0,39,1568,124,40.24495633295737,0.5652173913043478,9.304347826086957,16.46153846153846,0.06521739130434782,17.043478260869566,2.3846153846153846,NA,NA,NA,NA,NA,NA,NA,NA,NA,NA,NA,NA,NA,NA,NA
2014,Marc Mariani,marc mariani,CHI,WR,6,0,0,0,0,0,0,0,0,NA,NA,NA,NA,NA,NA,NA,NA,NA,NA,NA,NA,NA,NA,NA,NA,NA,NA,NA,NA,NA,NA
2014,Marcus Easley,marcus easley,BUF,WR,6,0,0,0,0,0,0,0,0,NA,NA,NA,NA,NA,NA,NA,NA,NA,NA,NA,NA,NA,NA,NA,NA,NA,NA,NA,NA,NA,NA
2014,Marcus Smith,marcus smith,PHI,LB,1,0,0,0,0,0,0,0,0,NA,NA,NA,NA,NA,NA,NA,NA,NA,NA,NA,NA,NA,NA,NA,NA,NA,NA,NA,NA,NA,NA
2014,Marcus Thigpen,marcus thigpen,BUF,WR,9,1,0,0,0,0,0,0,0,-0.7682176642119884,0,0,NA,0,0,NA,NA,NA,NA,NA,NA,NA,NA,NA,NA,NA,NA,NA,NA,NA,NA
2014,Mario Williams,mario williams,BUF,DE,16,0,0,0,0,0,0,0,0,NA,NA,NA,NA,NA,NA,NA,NA,NA,NA,NA,NA,NA,NA,NA,NA,NA,NA,NA,NA,NA,NA
2014,Markus Wheaton,markus wheaton,PIT,WR,16,86,53,644,2,0,33,1080,157,10.961484573619,0.6162790697674418,7.488372093023256,12.150943396226415,0.023255813953488372,12.55813953488372,2.9622641509433962,NA,NA,NA,NA,NA,NA,NA,NA,NA,NA,NA,NA,NA,NA,NA
2014,Marlon Brown,marlon brown,BAL,WR,13,31,24,255,0,0,16,308,98,10.69940793113688,0.7741935483870968,8.225806451612904,10.625,0,9.935483870967742,4.083333333333333,NA,NA,NA,NA,NA,NA,NA,NA,NA,NA,NA,NA,NA,NA,NA
2014,Marlon Moore,marlon moore,CLE,WR,12,0,0,0,0,0,0,0,0,NA,NA,NA,NA,NA,NA,NA,NA,NA,NA,NA,NA,NA,NA,NA,NA,NA,NA,NA,NA,NA,NA
2014,Marqise Lee,marqise lee,JAX,WR,12,68,37,422,1,0,20,506,178,1.7763031672442193,0.5441176470588235,6.205882352941177,11.405405405405405,0.014705882352941176,7.4411764705882355,4.8108108108108105,NA,NA,NA,NA,NA,NA,NA,NA,NA,NA,NA,NA,NA,NA,NA
2014,Marques Colston,marques colston,NO,WR,15,99,59,902,5,1,45,1110,295,34.0788876254519,0.5959595959595959,9.11111111111111,15.288135593220339,0.050505050505050504,11.212121212121213,5,NA,NA,NA,NA,NA,NA,NA,NA,NA,NA,NA,NA,NA,NA,NA
2014,Marquess Wilson,marquess wilson,CHI,WR,7,32,17,140,1,0,7,330,51,-4.8268535340300485,0.53125,4.375,8.235294117647058,0.03125,10.3125,3,NA,NA,NA,NA,NA,NA,NA,NA,NA,NA,NA,NA,NA,NA,NA
2014,Marquise Goodwin,marquise goodwin,BUF,WR,8,9,1,42,0,1,1,169,6,-9.368305957061239,0.1111111111111111,4.666666666666667,42,0,18.77777777777778,6,NA,NA,NA,NA,NA,NA,NA,NA,NA,NA,NA,NA,NA,NA,NA
2014,Martavis Bryant,martavis bryant,PIT,WR,10,49,26,549,8,0,16,864,190,24.395436549329993,0.5306122448979592,11.204081632653061,21.115384615384617,0.16326530612244897,17.632653061224488,7.3076923076923075,NA,NA,NA,NA,NA,NA,NA,NA,NA,NA,NA,NA,NA,NA,NA
2014,Matthew Slater,matthew slater,NE,WR,9,0,0,0,0,0,0,0,0,NA,NA,NA,NA,NA,NA,NA,NA,NA,NA,NA,NA,NA,NA,NA,NA,NA,NA,NA,NA,NA,NA
2014,Maurice Alexander,maurice alexander,LA,LB,4,0,0,0,0,0,0,0,0,NA,NA,NA,NA,NA,NA,NA,NA,NA,NA,NA,NA,NA,NA,NA,NA,NA,NA,NA,NA,NA,NA
2014,Michael Bennett,michael bennett,SEA,DE,16,0,0,0,0,0,0,0,0,NA,NA,NA,NA,NA,NA,NA,NA,NA,NA,NA,NA,NA,NA,NA,NA,NA,NA,NA,NA,NA,NA
2014,Michael Campanaro,michael campanaro,BAL,WR,4,9,7,102,1,0,5,83,35,9.048758175226798,0.7777777777777778,11.333333333333334,14.571428571428571,0.1111111111111111,9.222222222222221,5,NA,NA,NA,NA,NA,NA,NA,NA,NA,NA,NA,NA,NA,NA,NA
2014,Michael Crabtree,michael crabtree,SF,WR,16,108,68,698,4,0,35,967,258,14.89057616873355,0.6296296296296297,6.462962962962963,10.264705882352942,0.037037037037037035,8.953703703703704,3.7941176470588234,NA,NA,NA,NA,NA,NA,NA,NA,NA,NA,NA,NA,NA,NA,NA
2014,Michael Floyd,michael floyd,ARI,WR,16,99,47,841,6,3,34,1747,115,14.080606909754266,0.47474747474747475,8.494949494949495,17.893617021276597,0.06060606060606061,17.646464646464647,2.4468085106382977,NA,NA,NA,NA,NA,NA,NA,NA,NA,NA,NA,NA,NA,NA,NA
2014,Michael Johnson,michael johnson,TB,DE,13,0,0,0,0,0,0,0,0,NA,NA,NA,NA,NA,NA,NA,NA,NA,NA,NA,NA,NA,NA,NA,NA,NA,NA,NA,NA,NA,NA
2014,Michael Thomas,michael thomas,MIA,DB,7,0,0,0,0,0,0,0,0,NA,NA,NA,NA,NA,NA,NA,NA,NA,NA,NA,NA,NA,NA,NA,NA,NA,NA,NA,NA,NA,NA
2014,Micheal Spurlock,micheal spurlock,CHI,WR,1,3,1,8,0,0,0,25,6,-1.7302176032452827,0.3333333333333333,2.6666666666666665,8,0,8.333333333333334,6,NA,NA,NA,NA,NA,NA,NA,NA,NA,NA,NA,NA,NA,NA,NA
2014,Mike Brown,mike brown,JAX,WR,5,15,7,88,0,1,5,168,17,-4.036894263030263,0.4666666666666667,5.866666666666666,12.571428571428571,0,11.2,2.4285714285714284,NA,NA,NA,NA,NA,NA,NA,NA,NA,NA,NA,NA,NA,NA,NA
2014,Mike Evans,mike evans,TB,WR,15,123,68,1051,12,0,46,1826,173,42.70047790711871,0.5528455284552846,8.544715447154472,15.455882352941176,0.0975609756097561,14.845528455284553,2.5441176470588234,NA,NA,NA,NA,NA,NA,NA,NA,NA,NA,NA,NA,NA,NA,NA
2014,Mike Wallace,mike wallace,MIA,WR,16,115,67,862,10,1,47,1499,235,36.30592202538788,0.5826086956521739,7.495652173913044,12.865671641791044,0.08695652173913043,13.034782608695652,3.5074626865671643,NA,NA,NA,NA,NA,NA,NA,NA,NA,NA,NA,NA,NA,NA,NA
2014,Mike Williams,mike williams,BUF,WR,6,19,8,142,1,0,3,273,35,0.7681446607705591,0.42105263157894735,7.473684210526316,17.75,0.05263157894736842,14.368421052631579,4.375,NA,NA,NA,NA,NA,NA,NA,NA,NA,NA,NA,NA,NA,NA,NA
2014,Miles Austin,miles austin,CLE,WR,12,72,47,568,2,0,34,588,200,23.502176833202938,0.6527777777777778,7.888888888888889,12.085106382978724,0.027777777777777776,8.166666666666666,4.25531914893617,NA,NA,NA,NA,NA,NA,NA,NA,NA,NA,NA,NA,NA,NA,NA
2014,Mohamed Sanu,mohamed sanu,CIN,WR,16,98,56,790,5,0,37,1059,322,27.635574899997128,0.5714285714285714,8.061224489795919,14.107142857142858,0.05102040816326531,10.806122448979592,5.75,NA,NA,NA,NA,NA,NA,NA,NA,NA,NA,NA,NA,NA,NA,NA
2014,Nate Washington,nate washington,TEN,WR,16,72,40,647,2,0,26,1002,140,16.500150461157318,0.5555555555555556,8.98611111111111,16.175,0.027777777777777776,13.916666666666666,3.5,NA,NA,NA,NA,NA,NA,NA,NA,NA,NA,NA,NA,NA,NA,NA
2014,Nick Toon,nick toon,NO,WR,6,23,17,215,1,1,13,311,42,9.666674205946038,0.7391304347826086,9.347826086956522,12.647058823529411,0.043478260869565216,13.521739130434783,2.4705882352941178,NA,NA,NA,NA,NA,NA,NA,NA,NA,NA,NA,NA,NA,NA,NA
2014,Odell Beckham Jr.,odell beckham jr,NYG,WR,12,130,91,1305,12,0,57,1496,486,70.1866050578308,0.7,10.038461538461538,14.340659340659341,0.09230769230769231,11.507692307692308,5.34065934065934,NA,NA,NA,NA,NA,NA,NA,NA,NA,NA,NA,NA,NA,NA,NA
2014,Paul Richardson,paul richardson,SEA,WR,12,44,29,271,1,0,15,481,65,-3.6644108446170303,0.6590909090909091,6.159090909090909,9.344827586206897,0.022727272727272728,10.931818181818182,2.2413793103448274,NA,NA,NA,NA,NA,NA,NA,NA,NA,NA,NA,NA,NA,NA,NA
2014,Percy Harvin,percy harvin,NYJ,WR,13,78,51,483,1,1,23,601,259,-6.890116562971212,0.6538461538461539,6.1923076923076925,9.470588235294118,0.01282051282051282,7.705128205128205,5.078431372549019,NA,NA,NA,NA,NA,NA,NA,NA,NA,NA,NA,NA,NA,NA,NA
2014,Pierre Garcon,pierre garcon,WAS,WR,16,105,68,752,3,0,32,977,341,-2.9444256152358825,0.6476190476190476,7.161904761904762,11.058823529411764,0.02857142857142857,9.304761904761905,5.014705882352941,NA,NA,NA,NA,NA,NA,NA,NA,NA,NA,NA,NA,NA,NA,NA
2014,Preston Parker,preston parker,NYG,WR,16,56,36,418,2,0,25,563,118,21.030781542731457,0.6428571428571429,7.464285714285714,11.61111111111111,0.03571428571428571,10.053571428571429,3.2777777777777777,NA,NA,NA,NA,NA,NA,NA,NA,NA,NA,NA,NA,NA,NA,NA
2014,Quinton Patton,quinton patton,SF,WR,3,8,3,44,0,0,1,121,0,-2.7142330620554276,0.375,5.5,14.666666666666666,0,15.125,0,NA,NA,NA,NA,NA,NA,NA,NA,NA,NA,NA,NA,NA,NA,NA
2014,Randall Cobb,randall cobb,GB,WR,16,127,91,1287,12,1,71,1135,584,83.57893881610576,0.7165354330708661,10.133858267716535,14.142857142857142,0.09448818897637795,8.937007874015748,6.417582417582418,NA,NA,NA,NA,NA,NA,NA,NA,NA,NA,NA,NA,NA,NA,NA
2014,Rashad Ross,rashad ross,CHI,WR,2,0,0,0,0,0,0,0,0,NA,NA,NA,NA,NA,NA,NA,NA,NA,NA,NA,NA,NA,NA,NA,NA,NA,NA,NA,NA,NA,NA
2014,Reggie Wayne,reggie wayne,IND,WR,15,116,64,779,2,1,40,1124,273,-8.98855159084517,0.5517241379310345,6.7155172413793105,12.171875,0.017241379310344827,9.689655172413794,4.265625,NA,NA,NA,NA,NA,NA,NA,NA,NA,NA,NA,NA,NA,NA,NA
2014,Ricardo Lockette,ricardo lockette,SEA,WR,16,15,11,195,2,0,5,186,68,10.344860194554506,0.7333333333333333,13,17.727272727272727,0.13333333333333333,12.4,6.181818181818182,NA,NA,NA,NA,NA,NA,NA,NA,NA,NA,NA,NA,NA,NA,NA
2014,Rishard Matthews,rishard matthews,MIA,WR,11,22,12,135,2,1,9,260,42,-0.5910453938995488,0.5454545454545454,6.136363636363637,11.25,0.09090909090909091,11.818181818181818,3.5,NA,NA,NA,NA,NA,NA,NA,NA,NA,NA,NA,NA,NA,NA,NA
2014,Robert Herron,robert herron,TB,WR,6,12,6,58,1,0,3,69,26,0.47001037385780364,0.5,4.833333333333333,9.666666666666666,0.08333333333333333,5.75,4.333333333333333,NA,NA,NA,NA,NA,NA,NA,NA,NA,NA,NA,NA,NA,NA,NA
2014,Robert Meachem,robert meachem,NO,WR,10,21,7,114,0,0,7,417,21,-8.176574081997387,0.3333333333333333,5.428571428571429,16.285714285714285,0,19.857142857142858,3,NA,NA,NA,NA,NA,NA,NA,NA,NA,NA,NA,NA,NA,NA,NA
2014,Robert Woods,robert woods,BUF,WR,16,104,65,699,5,1,35,976,198,9.297067473921674,0.625,6.721153846153846,10.753846153846155,0.04807692307692308,9.384615384615385,3.046153846153846,NA,NA,NA,NA,NA,NA,NA,NA,NA,NA,NA,NA,NA,NA,NA
2014,Rod Streater,rod streater,LV,WR,3,13,9,84,1,0,5,127,30,5.394014964520466,0.6923076923076923,6.461538461538462,9.333333333333334,0.07692307692307693,9.76923076923077,3.3333333333333335,NA,NA,NA,NA,NA,NA,NA,NA,NA,NA,NA,NA,NA,NA,NA
2014,Rodney Smith,rodney smith,CLE,WR,1,1,0,0,0,0,0,23,0,-2.5296810353174806,0,0,NA,0,23,NA,NA,NA,NA,NA,NA,NA,NA,NA,NA,NA,NA,NA,NA,NA,NA
2014,Rueben Randle,rueben randle,NYG,WR,16,127,71,938,3,0,48,1521,232,10.010259754597985,0.5590551181102362,7.3858267716535435,13.211267605633802,0.023622047244094488,11.976377952755906,3.267605633802817,NA,NA,NA,NA,NA,NA,NA,NA,NA,NA,NA,NA,NA,NA,NA
2014,Russell Shepard,russell shepard,TB,WR,12,8,4,63,0,0,3,127,22,2.8656552929314785,0.5,7.875,15.75,0,15.875,5.5,NA,NA,NA,NA,NA,NA,NA,NA,NA,NA,NA,NA,NA,NA,NA
2014,Ryan Broyles,ryan broyles,DET,WR,3,5,2,25,0,0,2,46,9,1.0748250068863854,0.4,5,12.5,0,9.2,4.5,NA,NA,NA,NA,NA,NA,NA,NA,NA,NA,NA,NA,NA,NA,NA
2014,Ryan Davis,ryan davis,JAX,DE,14,0,0,0,0,0,0,0,0,NA,NA,NA,NA,NA,NA,NA,NA,NA,NA,NA,NA,NA,NA,NA,NA,NA,NA,NA,NA,NA,NA
2014,Ryan Grant,ryan grant,WAS,WR,6,15,7,68,0,0,4,170,23,-7.6116324760369025,0.4666666666666667,4.533333333333333,9.714285714285714,0,11.333333333333334,3.2857142857142856,NA,NA,NA,NA,NA,NA,NA,NA,NA,NA,NA,NA,NA,NA,NA
2014,Saalim Hakim,saalim hakim,NYJ,WR,12,0,0,0,0,0,0,0,0,NA,NA,NA,NA,NA,NA,NA,NA,NA,NA,NA,NA,NA,NA,NA,NA,NA,NA,NA,NA,NA,NA
2014,Sammy Watkins,sammy watkins,BUF,WR,16,128,65,982,6,1,47,1702,344,17.049071583815355,0.5078125,7.671875,15.107692307692307,0.046875,13.296875,5.292307692307692,NA,NA,NA,NA,NA,NA,NA,NA,NA,NA,NA,NA,NA,NA,NA
2014,Santana Moss,santana moss,WAS,WR,5,15,10,116,0,0,6,111,74,4.047959221818019,0.6666666666666666,7.733333333333333,11.6,0,7.4,7.4,NA,NA,NA,NA,NA,NA,NA,NA,NA,NA,NA,NA,NA,NA,NA
2014,Santonio Holmes,santonio holmes,CHI,WR,7,14,8,67,0,0,6,143,25,-6.28777261245286,0.5714285714285714,4.785714285714286,8.375,0,10.214285714285714,3.125,NA,NA,NA,NA,NA,NA,NA,NA,NA,NA,NA,NA,NA,NA,NA
2014,Seyi Ajirotutu,seyi ajirotutu,LAC,WR,16,12,4,45,0,0,4,140,10,-4.02940678386949,0.3333333333333333,3.75,11.25,0,11.666666666666666,2.5,NA,NA,NA,NA,NA,NA,NA,NA,NA,NA,NA,NA,NA,NA,NA
2014,Stedman Bailey,stedman bailey,LA,WR,13,46,30,435,1,0,19,526,182,24.77686143285803,0.6521739130434783,9.456521739130435,14.5,0.021739130434782608,11.434782608695652,6.066666666666666,NA,NA,NA,NA,NA,NA,NA,NA,NA,NA,NA,NA,NA,NA,NA
2014,Steve Smith,steve smith,BAL,WR,16,134,79,1065,6,2,45,1413,363,39.161842215806765,0.5895522388059702,7.947761194029851,13.481012658227849,0.04477611940298507,10.544776119402986,4.594936708860759,NA,NA,NA,NA,NA,NA,NA,NA,NA,NA,NA,NA,NA,NA,NA
2014,T.Y. Hilton,t y hilton,IND,WR,15,131,82,1345,7,3,63,1811,370,57.833871286736496,0.6259541984732825,10.267175572519085,16.402439024390244,0.05343511450381679,13.82442748091603,4.512195121951219,NA,NA,NA,NA,NA,NA,NA,NA,NA,NA,NA,NA,NA,NA,NA
2014,Tavarres King,tavarres king,TB,WR,1,3,2,13,0,0,1,15,4,-2.5161467113066465,0.6666666666666666,4.333333333333333,6.5,0,5,2,NA,NA,NA,NA,NA,NA,NA,NA,NA,NA,NA,NA,NA,NA,NA
2014,Tavon Austin,tavon austin,LA,WR,15,44,31,242,0,0,12,173,169,-9.798351216042647,0.7045454545454546,5.5,7.806451612903226,0,3.9318181818181817,5.451612903225806,NA,NA,NA,NA,NA,NA,NA,NA,NA,NA,NA,NA,NA,NA,NA
2014,Taylor Gabriel,taylor gabriel,CLE,WR,16,72,36,621,1,0,26,1014,255,6.226415527470466,0.5,8.625,17.25,0.013888888888888888,14.083333333333334,7.083333333333333,NA,NA,NA,NA,NA,NA,NA,NA,NA,NA,NA,NA,NA,NA,NA
2014,Terrance Williams,terrance williams,DAL,WR,15,65,37,621,8,0,30,1028,110,29.108838944841956,0.5692307692307692,9.553846153846154,16.783783783783782,0.12307692307692308,15.815384615384616,2.972972972972973,NA,NA,NA,NA,NA,NA,NA,NA,NA,NA,NA,NA,NA,NA,NA
2014,Tommy Streeter,tommy streeter,JAX,WR,1,1,0,0,0,0,0,44,0,0.07257833651965484,0,0,NA,0,44,NA,NA,NA,NA,NA,NA,NA,NA,NA,NA,NA,NA,NA,NA,NA,NA
2014,Torrey Smith,torrey smith,BAL,WR,15,92,49,767,11,0,38,1377,167,20.831984499704028,0.532608695652174,8.33695652173913,15.653061224489797,0.11956521739130435,14.967391304347826,3.4081632653061225,NA,NA,NA,NA,NA,NA,NA,NA,NA,NA,NA,NA,NA,NA,NA
2014,Travis Benjamin,travis benjamin,CLE,WR,16,46,18,314,3,0,14,857,43,7.726294889360235,0.391304347826087,6.826086956521739,17.444444444444443,0.06521739130434782,18.630434782608695,2.388888888888889,NA,NA,NA,NA,NA,NA,NA,NA,NA,NA,NA,NA,NA,NA,NA
2014,Victor Cruz,victor cruz,NYG,WR,6,41,23,337,1,0,13,442,174,-2.305104748892911,0.5609756097560976,8.21951219512195,14.652173913043478,0.024390243902439025,10.78048780487805,7.565217391304348,NA,NA,NA,NA,NA,NA,NA,NA,NA,NA,NA,NA,NA,NA,NA
2014,Vincent Brown,vincent brown,LV,WR,6,21,12,118,0,0,6,206,47,-7.596605792467017,0.5714285714285714,5.619047619047619,9.833333333333334,0,9.80952380952381,3.9166666666666665,NA,NA,NA,NA,NA,NA,NA,NA,NA,NA,NA,NA,NA,NA,NA
2014,Vincent Jackson,vincent jackson,TB,WR,16,142,70,1002,2,1,50,2027,140,7.516105610569034,0.49295774647887325,7.056338028169014,14.314285714285715,0.014084507042253521,14.274647887323944,2,NA,NA,NA,NA,NA,NA,NA,NA,NA,NA,NA,NA,NA,NA,NA
2014,Wes Welker,wes welker,DEN,WR,14,64,49,464,2,0,24,408,193,5.184973468780589,0.765625,7.25,9.46938775510204,0.03125,6.375,3.938775510204082,NA,NA,NA,NA,NA,NA,NA,NA,NA,NA,NA,NA,NA,NA,NA
2015,A.J. Green,a j green,CIN,WR,16,132,86,1297,10,1,63,1686,341,75.52670159810084,0.6515151515151515,9.825757575757576,15.081395348837209,0.07575757575757576,12.772727272727273,3.9651162790697674,NA,NA,NA,NA,NA,NA,NA,NA,NA,NA,NA,NA,NA,NA,NA
2015,Aaron Dobson,aaron dobson,NE,WR,6,21,13,141,0,0,9,209,29,6.48672180873109,0.6190476190476191,6.714285714285714,10.846153846153847,0,9.952380952380953,2.230769230769231,NA,NA,NA,NA,NA,NA,NA,NA,NA,NA,NA,NA,NA,NA,NA
2015,Adam Humphries,adam humphries,TB,WR,11,40,27,260,1,0,18,270,123,-4.408202131180772,0.675,6.5,9.62962962962963,0.025,6.75,4.555555555555555,NA,NA,NA,NA,NA,NA,NA,NA,NA,NA,NA,NA,NA,NA,NA
2015,Adam Thielen,adam thielen,MIN,WR,10,18,12,144,0,0,5,174,47,3.905963844562374,0.6666666666666666,8,12,0,9.666666666666666,3.9166666666666665,NA,NA,NA,NA,NA,NA,NA,NA,NA,NA,NA,NA,NA,NA,NA
2015,Albert Wilson,albert wilson,KC,WR,14,57,35,451,2,0,19,581,219,4.545530145763532,0.6140350877192983,7.912280701754386,12.885714285714286,0.03508771929824561,10.192982456140351,6.257142857142857,NA,NA,NA,NA,NA,NA,NA,NA,NA,NA,NA,NA,NA,NA,NA
2015,Allen Hurns,allen hurns,JAX,WR,15,105,64,1031,10,2,48,1216,347,42.62760771596548,0.6095238095238096,9.81904761904762,16.109375,0.09523809523809523,11.58095238095238,5.421875,NA,NA,NA,NA,NA,NA,NA,NA,NA,NA,NA,NA,NA,NA,NA
2015,Allen Robinson,allen robinson,JAX,WR,16,151,80,1400,14,0,61,2245,356,43.216318920977415,0.5298013245033113,9.271523178807946,17.5,0.09271523178807947,14.867549668874172,4.45,NA,NA,NA,NA,NA,NA,NA,NA,NA,NA,NA,NA,NA,NA,NA
2015,Alshon Jeffery,alshon jeffery,CHI,WR,9,94,54,807,4,1,43,1371,177,19.65865686868429,0.574468085106383,8.585106382978724,14.944444444444445,0.0425531914893617,14.585106382978724,3.2777777777777777,NA,NA,NA,NA,NA,NA,NA,NA,NA,NA,NA,NA,NA,NA,NA
2015,Amari Cooper,amari cooper,LV,WR,16,130,72,1070,6,1,45,1351,362,17.628872978313474,0.5538461538461539,8.23076923076923,14.86111111111111,0.046153846153846156,10.392307692307693,5.027777777777778,NA,NA,NA,NA,NA,NA,NA,NA,NA,NA,NA,NA,NA,NA,NA
2015,Andre Caldwell,andre caldwell,DEN,WR,12,22,10,72,2,0,4,217,16,-9.161635125201428,0.45454545454545453,3.272727272727273,7.2,0.09090909090909091,9.863636363636363,1.6,NA,NA,NA,NA,NA,NA,NA,NA,NA,NA,NA,NA,NA,NA,NA
2015,Andre Holmes,andre holmes,LV,WR,15,33,14,201,4,0,9,496,43,3.0233801048185454,0.42424242424242425,6.090909090909091,14.357142857142858,0.12121212121212122,15.030303030303031,3.0714285714285716,NA,NA,NA,NA,NA,NA,NA,NA,NA,NA,NA,NA,NA,NA,NA
2015,Andre Johnson,andre johnson,IND,WR,16,77,41,503,4,0,31,792,147,13.297345614735576,0.5324675324675324,6.532467532467533,12.268292682926829,0.05194805194805195,10.285714285714286,3.5853658536585367,NA,NA,NA,NA,NA,NA,NA,NA,NA,NA,NA,NA,NA,NA,NA
2015,Andre Roberts,andre roberts,WAS,WR,8,21,11,135,0,0,5,246,38,-1.3069675275250452,0.5238095238095238,6.428571428571429,12.272727272727273,0,11.714285714285714,3.4545454545454546,NA,NA,NA,NA,NA,NA,NA,NA,NA,NA,NA,NA,NA,NA,NA
2015,Andrew Hawkins,andrew hawkins,CLE,WR,8,43,27,276,0,1,10,302,127,2.1935934299109503,0.627906976744186,6.4186046511627906,10.222222222222221,0,7.023255813953488,4.703703703703703,NA,NA,NA,NA,NA,NA,NA,NA,NA,NA,NA,NA,NA,NA,NA
2015,Andrew Turzilli,andrew turzilli,TEN,WR,1,2,2,25,0,0,1,21,4,2.080803251126781,1,12.5,12.5,0,10.5,2,NA,NA,NA,NA,NA,NA,NA,NA,NA,NA,NA,NA,NA,NA,NA
2015,Anquan Boldin,anquan boldin,SF,WR,14,111,69,789,4,1,35,894,282,0.23470334211550103,0.6216216216216216,7.108108108108108,11.434782608695652,0.036036036036036036,8.054054054054054,4.086956521739131,NA,NA,NA,NA,NA,NA,NA,NA,NA,NA,NA,NA,NA,NA,NA
2015,Antonio Brown,antonio brown,PIT,WR,16,193,136,1834,10,1,84,2110,593,58.203196328282715,0.7046632124352331,9.50259067357513,13.485294117647058,0.05181347150259067,10.932642487046632,4.360294117647059,NA,NA,NA,NA,NA,NA,NA,NA,NA,NA,NA,NA,NA,NA,NA
2015,B.J. Daniels,b j daniels,HOU,WR,6,2,2,18,0,0,0,11,7,1.234697689069435,1,9,9,0,5.5,3.5,NA,NA,NA,NA,NA,NA,NA,NA,NA,NA,NA,NA,NA,NA,NA
2015,Ben Edwards,ben edwards,NYG,WR,1,2,1,9,0,0,0,18,7,-5.777667079120874,0.5,4.5,9,0,9,7,NA,NA,NA,NA,NA,NA,NA,NA,NA,NA,NA,NA,NA,NA,NA
2015,Bennie Fowler,bennie fowler,DEN,WR,15,25,16,203,0,0,11,203,97,-0.0965057143192618,0.64,8.12,12.6875,0,8.12,6.0625,NA,NA,NA,NA,NA,NA,NA,NA,NA,NA,NA,NA,NA,NA,NA
2015,Bradley Marquez,bradley marquez,LA,WR,14,22,13,88,0,0,3,195,23,-12.988533894082433,0.5909090909090909,4,6.769230769230769,0,8.863636363636363,1.7692307692307692,NA,NA,NA,NA,NA,NA,NA,NA,NA,NA,NA,NA,NA,NA,NA
2015,Brandin Cooks,brandin cooks,NO,WR,16,129,84,1138,9,1,45,1597,384,25.67644192783081,0.6511627906976745,8.821705426356589,13.547619047619047,0.06976744186046512,12.37984496124031,4.571428571428571,NA,NA,NA,NA,NA,NA,NA,NA,NA,NA,NA,NA,NA,NA,NA
2015,Brandon Coleman,brandon coleman,NO,WR,16,49,30,454,2,0,22,680,120,17.376414767670212,0.6122448979591837,9.26530612244898,15.133333333333333,0.04081632653061224,13.877551020408163,4,NA,NA,NA,NA,NA,NA,NA,NA,NA,NA,NA,NA,NA,NA,NA
2015,Brandon LaFell,brandon lafell,NE,WR,11,74,37,515,0,0,22,1006,224,-1.970460785780506,0.5,6.95945945945946,13.91891891891892,0,13.594594594594595,6.054054054054054,NA,NA,NA,NA,NA,NA,NA,NA,NA,NA,NA,NA,NA,NA,NA
2015,Brandon Marshall,brandon marshall,NYJ/DEN,WR,31,173,109,1502,14,3,77,2102,438,56.88848361650938,0.63005780346820806,8.68208092485549,13.779816513761467,0.08092485549132948,12.15028901734104,4.018348623853211,NA,NA,NA,NA,NA,NA,NA,NA,NA,NA,NA,NA,NA,NA,NA
2015,Brandon Tate,brandon tate,CIN,WR,15,3,2,59,1,0,1,59,10,2.7341960628982633,0.6666666666666666,19.666666666666668,29.5,0.3333333333333333,19.666666666666668,5,NA,NA,NA,NA,NA,NA,NA,NA,NA,NA,NA,NA,NA,NA,NA
2015,Brenton Bersin,brenton bersin,CAR,WR,5,11,9,119,0,1,5,100,33,0.6327876507421024,0.8181818181818182,10.818181818181818,13.222222222222221,0,9.090909090909092,3.6666666666666665,NA,NA,NA,NA,NA,NA,NA,NA,NA,NA,NA,NA,NA,NA,NA
2015,Brian Hartline,brian hartline,CLE,WR,12,77,46,523,2,1,30,719,166,15.14083379739428,0.5974025974025974,6.792207792207792,11.369565217391305,0.025974025974025976,9.337662337662337,3.608695652173913,NA,NA,NA,NA,NA,NA,NA,NA,NA,NA,NA,NA,NA,NA,NA
2015,Brian Quick,brian quick,LA,WR,9,32,10,102,0,0,5,512,39,-11.033990398471438,0.3125,3.1875,10.2,0,16,3.9,NA,NA,NA,NA,NA,NA,NA,NA,NA,NA,NA,NA,NA,NA,NA
2015,Brice Butler,brice butler,DAL,WR,5,26,12,258,0,0,10,307,96,1.9717836053885636,0.46153846153846156,9.923076923076923,21.5,0,11.807692307692308,8,NA,NA,NA,NA,NA,NA,NA,NA,NA,NA,NA,NA,NA,NA,NA
2015,Brittan Golden,brittan golden,ARI,WR,7,1,1,5,0,0,1,5,0,1.05905954958871,1,5,5,0,5,0,NA,NA,NA,NA,NA,NA,NA,NA,NA,NA,NA,NA,NA,NA,NA
2015,Bruce Ellington,bruce ellington,SF,WR,13,19,13,153,0,1,5,167,110,2.044430249836296,0.6842105263157895,8.052631578947368,11.76923076923077,0,8.789473684210526,8.461538461538462,NA,NA,NA,NA,NA,NA,NA,NA,NA,NA,NA,NA,NA,NA,NA
2015,Bryan Walters,bryan walters,JAX,WR,11,45,32,368,1,0,20,359,122,25.11698991723931,0.7111111111111111,8.177777777777777,11.5,0.022222222222222223,7.977777777777778,3.8125,NA,NA,NA,NA,NA,NA,NA,NA,NA,NA,NA,NA,NA,NA,NA
2015,Calvin Johnson,calvin johnson,DET,WR,16,149,88,1214,9,1,66,1934,296,39.58906219457149,0.5906040268456376,8.14765100671141,13.795454545454545,0.06040268456375839,12.979865771812081,3.3636363636363638,NA,NA,NA,NA,NA,NA,NA,NA,NA,NA,NA,NA,NA,NA,NA
2015,Cam Johnson,cam johnson,CLE,OLB,1,0,0,0,0,0,0,0,0,NA,NA,NA,NA,NA,NA,NA,NA,NA,NA,NA,NA,NA,NA,NA,NA,NA,NA,NA,NA,NA,NA
2015,Cameron Meredith,cameron meredith,CHI,WR,6,16,11,120,0,0,5,178,37,-3.319755584234372,0.6875,7.5,10.909090909090908,0,11.125,3.3636363636363638,NA,NA,NA,NA,NA,NA,NA,NA,NA,NA,NA,NA,NA,NA,NA
2015,Cecil Shorts,cecil shorts,HOU,WR,11,75,42,484,2,1,27,648,210,-5.725492215563753,0.56,6.453333333333333,11.523809523809524,0.02666666666666667,8.64,5,NA,NA,NA,NA,NA,NA,NA,NA,NA,NA,NA,NA,NA,NA,NA
2015,Chandler Jones,chandler jones,NE,DE,15,0,0,0,0,0,0,0,0,NA,NA,NA,NA,NA,NA,NA,NA,NA,NA,NA,NA,NA,NA,NA,NA,NA,NA,NA,NA,NA,NA
2015,Chandler Worthy,chandler worthy,HOU,WR,3,4,3,14,0,0,1,-1,21,-0.43514483474427834,0.75,3.5,4.666666666666667,0,-0.25,7,NA,NA,NA,NA,NA,NA,NA,NA,NA,NA,NA,NA,NA,NA,NA
2015,Charles Johnson,charles johnson,CAR,DE,9,0,0,0,0,0,0,0,0,NA,NA,NA,NA,NA,NA,NA,NA,NA,NA,NA,NA,NA,NA,NA,NA,NA,NA,NA,NA,NA,NA
2015,Chris Conley,chris conley,KC,WR,12,31,17,199,1,0,12,344,69,2.874864403958025,0.5483870967741935,6.419354838709677,11.705882352941176,0.03225806451612903,11.096774193548388,4.0588235294117645,NA,NA,NA,NA,NA,NA,NA,NA,NA,NA,NA,NA,NA,NA,NA
2015,Chris Givens,chris givens,BAL,WR,14,54,20,353,1,0,13,723,52,-10.062253605159487,0.37037037037037035,6.537037037037037,17.65,0.018518518518518517,13.38888888888889,2.6,NA,NA,NA,NA,NA,NA,NA,NA,NA,NA,NA,NA,NA,NA,NA
2015,Chris Harper,chris harper,NE,WR,3,3,1,6,0,0,0,56,1,-2.8626244486658834,0.3333333333333333,2,6,0,18.666666666666668,1,NA,NA,NA,NA,NA,NA,NA,NA,NA,NA,NA,NA,NA,NA,NA
2015,Chris Hogan,chris hogan,BUF,WR,15,59,36,450,2,0,18,783,107,4.4573950079857045,0.6101694915254238,7.627118644067797,12.5,0.03389830508474576,13.271186440677965,2.9722222222222223,NA,NA,NA,NA,NA,NA,NA,NA,NA,NA,NA,NA,NA,NA,NA
2015,Chris Matthews,chris matthews,BAL,WR,12,25,13,151,1,0,9,339,42,2.5618218599967806,0.52,6.04,11.615384615384615,0.04,13.56,3.230769230769231,NA,NA,NA,NA,NA,NA,NA,NA,NA,NA,NA,NA,NA,NA,NA
2015,Chris Owusu,chris owusu,NYJ,WR,3,13,6,80,0,0,2,212,22,-1.680485270509962,0.46153846153846156,6.153846153846154,13.333333333333334,0,16.307692307692307,3.6666666666666665,NA,NA,NA,NA,NA,NA,NA,NA,NA,NA,NA,NA,NA,NA,NA
2015,Chris Thompson,chris thompson,WAS,RB,13,48,35,240,2,1,15,172,164,4.260926074188216,0.7291666666666666,5,6.857142857142857,0.041666666666666664,3.5833333333333335,4.685714285714286,NA,NA,NA,NA,NA,NA,NA,NA,NA,NA,NA,NA,NA,NA,NA
2015,Cody Latimer,cody latimer,DEN,WR,8,11,6,59,1,0,4,112,32,2.6102234713325743,0.5454545454545454,5.363636363636363,9.833333333333334,0.09090909090909091,10.181818181818182,5.333333333333333,NA,NA,NA,NA,NA,NA,NA,NA,NA,NA,NA,NA,NA,NA,NA
2015,Cole Beasley,cole beasley,DAL,WR,16,75,52,536,5,1,31,351,324,16.296035809357296,0.6933333333333334,7.1466666666666665,10.307692307692308,0.06666666666666667,4.68,6.230769230769231,NA,NA,NA,NA,NA,NA,NA,NA,NA,NA,NA,NA,NA,NA,NA
2015,Corey Brown,corey brown,CAR,WR,14,54,31,447,4,0,24,787,81,19.028687866116332,0.5740740740740741,8.277777777777779,14.419354838709678,0.07407407407407407,14.574074074074074,2.6129032258064515,NA,NA,NA,NA,NA,NA,NA,NA,NA,NA,NA,NA,NA,NA,NA
2015,Corey Fuller,corey fuller,DET,WR,7,9,4,76,0,0,3,143,9,2.2595681460225023,0.4444444444444444,8.444444444444445,19,0,15.88888888888889,2.25,NA,NA,NA,NA,NA,NA,NA,NA,NA,NA,NA,NA,NA,NA,NA
2015,Damaris Johnson,damaris johnson,NE,WR,1,0,0,0,0,0,0,0,0,NA,NA,NA,NA,NA,NA,NA,NA,NA,NA,NA,NA,NA,NA,NA,NA,NA,NA,NA,NA,NA,NA
2015,Danny Amendola,danny amendola,NE,WR,14,87,65,648,3,0,32,593,264,17.562424137826056,0.7471264367816092,7.448275862068965,9.96923076923077,0.034482758620689655,6.816091954022989,4.061538461538461,NA,NA,NA,NA,NA,NA,NA,NA,NA,NA,NA,NA,NA,NA,NA
2015,Darius Jennings,darius jennings,CLE,WR,3,21,14,117,0,1,7,139,37,-2.2379711428527655,0.6666666666666666,5.571428571428571,8.357142857142858,0,6.619047619047619,2.642857142857143,NA,NA,NA,NA,NA,NA,NA,NA,NA,NA,NA,NA,NA,NA,NA
2015,Darrius Heyward-Bey,darrius heyward bey,PIT,WR,14,39,21,314,2,0,11,707,73,6.623211684510296,0.5384615384615384,8.051282051282051,14.952380952380953,0.05128205128205128,18.128205128205128,3.4761904761904763,NA,NA,NA,NA,NA,NA,NA,NA,NA,NA,NA,NA,NA,NA,NA
2015,Davante Adams,davante adams,GB,WR,13,94,50,483,1,0,20,951,136,-11.30360851169139,0.5319148936170213,5.138297872340425,9.66,0.010638297872340425,10.117021276595745,2.72,NA,NA,NA,NA,NA,NA,NA,NA,NA,NA,NA,NA,NA,NA,NA
2015,De'Anthony Thomas,de anthony thomas,KC,WR,10,24,17,140,1,0,6,29,149,-2.993347556307708,0.7083333333333334,5.833333333333333,8.235294117647058,0.041666666666666664,1.2083333333333333,8.764705882352942,NA,NA,NA,NA,NA,NA,NA,NA,NA,NA,NA,NA,NA,NA,NA
2015,DeAndre Hopkins,deandre hopkins,HOU,WR,16,192,111,1521,11,1,83,2714,225,63.97902190718098,0.578125,7.921875,13.702702702702704,0.057291666666666664,14.135416666666666,2.027027027027027,NA,NA,NA,NA,NA,NA,NA,NA,NA,NA,NA,NA,NA,NA,NA
2015,DeAndrew White,deandrew white,SF,WR,3,2,2,18,0,0,2,14,4,1.5516260528820567,1,9,9,0,7,2,NA,NA,NA,NA,NA,NA,NA,NA,NA,NA,NA,NA,NA,NA,NA
2015,DeSean Jackson,desean jackson,WAS,WR,9,49,30,528,4,0,15,770,158,19.416500512270325,0.6122448979591837,10.775510204081632,17.6,0.08163265306122448,15.714285714285714,5.266666666666667,NA,NA,NA,NA,NA,NA,NA,NA,NA,NA,NA,NA,NA,NA,NA
2015,DeVante Parker,devante parker,MIA,WR,10,50,26,494,3,0,20,697,98,23.614892307923444,0.52,9.88,19,0.06,13.94,3.769230769230769,NA,NA,NA,NA,NA,NA,NA,NA,NA,NA,NA,NA,NA,NA,NA
2015,Demaryius Thomas,demaryius thomas,DEN,WR,16,177,105,1304,6,2,63,1852,479,6.497840101961248,0.5932203389830508,7.367231638418079,12.41904761904762,0.03389830508474576,10.463276836158192,4.561904761904762,NA,NA,NA,NA,NA,NA,NA,NA,NA,NA,NA,NA,NA,NA,NA
2015,Denarius Moore,denarius moore,BUF,WR,5,0,0,0,0,0,0,0,0,NA,NA,NA,NA,NA,NA,NA,NA,NA,NA,NA,NA,NA,NA,NA,NA,NA,NA,NA,NA,NA,NA
2015,Deonte Thompson,deonte thompson,CHI,WR,7,3,2,81,0,0,2,103,3,1.5542992213740945,0.6666666666666666,27,40.5,0,34.333333333333336,1.5,NA,NA,NA,NA,NA,NA,NA,NA,NA,NA,NA,NA,NA,NA,NA
2015,Derrick Johnson,derrick johnson,KC,LB,16,0,0,0,0,0,0,0,0,NA,NA,NA,NA,NA,NA,NA,NA,NA,NA,NA,NA,NA,NA,NA,NA,NA,NA,NA,NA,NA,NA
2015,Devin Funchess,devin funchess,CAR,WR,16,63,31,473,5,1,24,809,112,12.942795345929829,0.49206349206349204,7.507936507936508,15.258064516129032,0.07936507936507936,12.841269841269842,3.6129032258064515,NA,NA,NA,NA,NA,NA,NA,NA,NA,NA,NA,NA,NA,NA,NA
2015,Devin Hester,devin hester,ATL,WR,5,0,0,0,0,0,0,0,0,NA,NA,NA,NA,NA,NA,NA,NA,NA,NA,NA,NA,NA,NA,NA,NA,NA,NA,NA,NA,NA,NA
2015,Devin Smith,devin smith,NYJ,WR,7,28,9,115,1,0,5,574,18,-7.809339980106266,0.32142857142857145,4.107142857142857,12.777777777777779,0.03571428571428571,20.5,2,NA,NA,NA,NA,NA,NA,NA,NA,NA,NA,NA,NA,NA,NA,NA
2015,Devin Street,devin street,DAL,WR,11,13,7,114,1,1,6,197,13,-3.807061426981818,0.5384615384615384,8.76923076923077,16.285714285714285,0.07692307692307693,15.153846153846153,1.8571428571428572,NA,NA,NA,NA,NA,NA,NA,NA,NA,NA,NA,NA,NA,NA,NA
2015,Dez Bryant,dez bryant,DAL,WR,9,72,31,401,3,0,18,945,131,-13.410393697464349,0.4305555555555556,5.569444444444445,12.935483870967742,0.041666666666666664,13.125,4.225806451612903,NA,NA,NA,NA,NA,NA,NA,NA,NA,NA,NA,NA,NA,NA,NA
2015,Donte Moncrief,donte moncrief,IND,WR,16,105,64,733,6,0,40,1077,267,36.946625294181416,0.6095238095238096,6.980952380952381,11.453125,0.05714285714285714,10.257142857142858,4.171875,NA,NA,NA,NA,NA,NA,NA,NA,NA,NA,NA,NA,NA,NA,NA
2015,Donteea Dye,donteea dye,TB,WR,10,30,11,132,1,1,8,365,34,-6.4921736582870535,0.36666666666666664,4.4,12,0.03333333333333333,12.166666666666666,3.090909090909091,NA,NA,NA,NA,NA,NA,NA,NA,NA,NA,NA,NA,NA,NA,NA
2015,Dontrelle Inman,dontrelle inman,LAC,WR,13,63,35,486,3,2,22,791,177,24.304337788952118,0.5555555555555556,7.714285714285714,13.885714285714286,0.047619047619047616,12.555555555555555,5.057142857142857,NA,NA,NA,NA,NA,NA,NA,NA,NA,NA,NA,NA,NA,NA,NA
2015,Dorial Green-Beckham,dorial green beckham,TEN,WR,14,67,32,549,4,0,30,906,144,10.304686472163482,0.47761194029850745,8.194029850746269,17.15625,0.05970149253731343,13.522388059701493,4.5,NA,NA,NA,NA,NA,NA,NA,NA,NA,NA,NA,NA,NA,NA,NA
2015,Doug Baldwin,doug baldwin,SEA,WR,16,103,78,1069,14,1,47,990,440,66.42752624314495,0.7572815533980582,10.37864077669903,13.705128205128204,0.13592233009708737,9.611650485436893,5.641025641025641,NA,NA,NA,NA,NA,NA,NA,NA,NA,NA,NA,NA,NA,NA,NA
2015,Duke Williams,duke williams,BUF,S,14,0,0,0,0,0,0,0,0,NA,NA,NA,NA,NA,NA,NA,NA,NA,NA,NA,NA,NA,NA,NA,NA,NA,NA,NA,NA,NA,NA
2015,Dwayne Bowe,dwayne bowe,CLE,WR,7,13,5,53,0,0,3,182,14,-3.457278981048148,0.38461538461538464,4.076923076923077,10.6,0,14,2.8,NA,NA,NA,NA,NA,NA,NA,NA,NA,NA,NA,NA,NA,NA,NA
2015,Dwayne Harris,dwayne harris,NYG,WR,15,57,36,396,4,0,20,467,137,6.688647768739202,0.631578947368421,6.947368421052632,11,0.07017543859649122,8.192982456140351,3.8055555555555554,NA,NA,NA,NA,NA,NA,NA,NA,NA,NA,NA,NA,NA,NA,NA
2015,Eddie Royal,eddie royal,CHI,WR,9,50,37,238,1,0,9,186,177,-7.139228799767833,0.74,4.76,6.4324324324324325,0.02,3.72,4.783783783783784,NA,NA,NA,NA,NA,NA,NA,NA,NA,NA,NA,NA,NA,NA,NA
2015,Emmanuel Sanders,emmanuel sanders,DEN,WR,15,137,76,1135,6,1,51,1950,363,35.557368966872616,0.5547445255474452,8.284671532846716,14.93421052631579,0.043795620437956206,14.233576642335766,4.776315789473684,NA,NA,NA,NA,NA,NA,NA,NA,NA,NA,NA,NA,NA,NA,NA
2015,Eric Decker,eric decker,NYJ,WR,15,132,80,1027,12,1,60,1520,214,56.39229168626985,0.6060606060606061,7.78030303030303,12.8375,0.09090909090909091,11.515151515151516,2.675,NA,NA,NA,NA,NA,NA,NA,NA,NA,NA,NA,NA,NA,NA,NA
2015,Eric Weems,eric weems,ATL,WR,12,1,1,11,0,0,1,6,5,1.112096122931689,1,11,11,0,6,5,NA,NA,NA,NA,NA,NA,NA,NA,NA,NA,NA,NA,NA,NA,NA
2015,Evan Spencer,evan spencer,TB,WR,1,0,0,0,0,0,0,0,0,NA,NA,NA,NA,NA,NA,NA,NA,NA,NA,NA,NA,NA,NA,NA,NA,NA,NA,NA,NA,NA,NA
2015,Frankie Hammond,frankie hammond,KC,WR,7,0,0,0,0,0,0,0,0,NA,NA,NA,NA,NA,NA,NA,NA,NA,NA,NA,NA,NA,NA,NA,NA,NA,NA,NA,NA,NA,NA
2015,Geremy Davis,geremy davis,NYG,WR,5,3,2,21,0,0,1,37,8,-0.5121643937891349,0.6666666666666666,7,10.5,0,12.333333333333334,4,NA,NA,NA,NA,NA,NA,NA,NA,NA,NA,NA,NA,NA,NA,NA
2015,Golden Tate,golden tate,DET,WR,16,128,90,813,6,1,50,758,533,14.371192784730708,0.703125,6.3515625,9.033333333333333,0.046875,5.921875,5.9222222222222225,NA,NA,NA,NA,NA,NA,NA,NA,NA,NA,NA,NA,NA,NA,NA
2015,Greg Jennings,greg jennings,MIA,WR,12,36,19,208,1,0,7,338,71,-3.4450667208827905,0.5277777777777778,5.777777777777778,10.947368421052632,0.027777777777777776,9.38888888888889,3.736842105263158,NA,NA,NA,NA,NA,NA,NA,NA,NA,NA,NA,NA,NA,NA,NA
2015,Greg Salas,greg salas,BUF,WR,2,5,3,41,0,0,3,62,14,3.810433576174546,0.6,8.2,13.666666666666666,0,12.4,4.666666666666667,NA,NA,NA,NA,NA,NA,NA,NA,NA,NA,NA,NA,NA,NA,NA
2015,Griff Whalen,griff whalen,IND,WR,12,26,19,205,1,1,11,208,51,0.888906447798945,0.7307692307692307,7.884615384615385,10.789473684210526,0.038461538461538464,8,2.6842105263157894,NA,NA,NA,NA,NA,NA,NA,NA,NA,NA,NA,NA,NA,NA,NA
2015,Hakeem Nicks,hakeem nicks,NYG,WR,6,14,7,54,0,0,2,150,22,-11.655951995988184,0.5,3.857142857142857,7.714285714285714,0,10.714285714285714,3.142857142857143,NA,NA,NA,NA,NA,NA,NA,NA,NA,NA,NA,NA,NA,NA,NA
2015,Harry Douglas,harry douglas,TEN,WR,14,72,36,411,2,0,22,867,130,1.3438587694782704,0.5,5.708333333333333,11.416666666666666,0.027777777777777776,12.041666666666666,3.611111111111111,NA,NA,NA,NA,NA,NA,NA,NA,NA,NA,NA,NA,NA,NA,NA
2015,J.J. Nelson,j j nelson,ARI,WR,10,27,11,299,2,0,11,605,56,7.405108901829483,0.4074074074074074,11.074074074074074,27.181818181818183,0.07407407407407407,22.40740740740741,5.090909090909091,NA,NA,NA,NA,NA,NA,NA,NA,NA,NA,NA,NA,NA,NA,NA
2015,Jacoby Jones,jacoby jones,PIT,WR,9,0,0,0,0,0,0,0,0,NA,NA,NA,NA,NA,NA,NA,NA,NA,NA,NA,NA,NA,NA,NA,NA,NA,NA,NA,NA,NA,NA
2015,Jaelen Strong,jaelen strong,HOU,WR,10,24,14,161,3,0,9,248,63,11.553456435678527,0.5833333333333334,6.708333333333333,11.5,0.125,10.333333333333334,4.5,NA,NA,NA,NA,NA,NA,NA,NA,NA,NA,NA,NA,NA,NA,NA
2015,James Jones,james jones,GB,WR,16,99,50,890,8,1,39,1491,221,33.6172742879428,0.5050505050505051,8.98989898989899,17.8,0.08080808080808081,15.06060606060606,4.42,NA,NA,NA,NA,NA,NA,NA,NA,NA,NA,NA,NA,NA,NA,NA
2015,Jamison Crowder,jamison crowder,WAS,WR,16,78,59,604,2,2,35,459,338,30.857121925693,0.7564102564102564,7.743589743589744,10.23728813559322,0.02564102564102564,5.884615384615385,5.728813559322034,NA,NA,NA,NA,NA,NA,NA,NA,NA,NA,NA,NA,NA,NA,NA
2015,Jared Abbrederis,jared abbrederis,GB,WR,8,16,9,111,0,1,5,249,15,2.729694974637823,0.5625,6.9375,12.333333333333334,0,15.5625,1.6666666666666667,NA,NA,NA,NA,NA,NA,NA,NA,NA,NA,NA,NA,NA,NA,NA
2015,Jarius Wright,jarius wright,MIN,WR,15,50,34,442,0,1,25,476,175,16.03301113165345,0.68,8.84,13,0,9.52,5.147058823529412,NA,NA,NA,NA,NA,NA,NA,NA,NA,NA,NA,NA,NA,NA,NA
2015,Jaron Brown,jaron brown,ARI,WR,12,23,11,144,1,0,8,313,22,-1.043495929334195,0.4782608695652174,6.260869565217392,13.090909090909092,0.043478260869565216,13.608695652173912,2,NA,NA,NA,NA,NA,NA,NA,NA,NA,NA,NA,NA,NA,NA,NA
2015,Jarvis Landry,jarvis landry,MIA,WR,16,166,110,1157,4,0,60,1236,533,10.713816436971557,0.6626506024096386,6.969879518072289,10.518181818181818,0.024096385542168676,7.445783132530121,4.845454545454546,NA,NA,NA,NA,NA,NA,NA,NA,NA,NA,NA,NA,NA,NA,NA
2015,Jason Avant,jason avant,KC,WR,10,24,15,119,0,0,5,149,49,0.15065241687547604,0.625,4.958333333333333,7.933333333333334,0,6.208333333333333,3.2666666666666666,NA,NA,NA,NA,NA,NA,NA,NA,NA,NA,NA,NA,NA,NA,NA
2015,Javontee Herndon,javontee herndon,LAC,WR,8,33,24,195,0,0,8,189,102,4.073398824973433,0.7272727272727273,5.909090909090909,8.125,0,5.7272727272727275,4.25,NA,NA,NA,NA,NA,NA,NA,NA,NA,NA,NA,NA,NA,NA,NA
2015,Jeff Janis,jeff janis,GB,WR,13,12,2,79,0,0,2,225,29,-4.094149338332061,0.16666666666666666,6.583333333333333,39.5,0,18.75,14.5,NA,NA,NA,NA,NA,NA,NA,NA,NA,NA,NA,NA,NA,NA,NA
2015,Jeremy Butler,jeremy butler,BAL,WR,8,44,31,363,0,1,18,344,150,15.674452908797825,0.7045454545454546,8.25,11.709677419354838,0,7.818181818181818,4.838709677419355,NA,NA,NA,NA,NA,NA,NA,NA,NA,NA,NA,NA,NA,NA,NA
2015,Jeremy Kerley,jeremy kerley,NYJ,WR,16,26,16,152,2,0,8,134,95,3.234650863625575,0.6153846153846154,5.846153846153846,9.5,0.07692307692307693,5.153846153846154,5.9375,NA,NA,NA,NA,NA,NA,NA,NA,NA,NA,NA,NA,NA,NA,NA
2015,Jeremy Maclin,jeremy maclin,KC,WR,15,124,87,1088,8,2,49,1308,322,49.35093264722462,0.7016129032258065,8.774193548387096,12.505747126436782,0.06451612903225806,10.548387096774194,3.7011494252873565,NA,NA,NA,NA,NA,NA,NA,NA,NA,NA,NA,NA,NA,NA,NA
2015,Jeremy Ross,jeremy ross,LV,WR,11,14,9,88,0,0,4,84,72,1.6733571340886744,0.6428571428571429,6.285714285714286,9.777777777777779,0,6,8,NA,NA,NA,NA,NA,NA,NA,NA,NA,NA,NA,NA,NA,NA,NA
2015,Jermaine Kearse,jermaine kearse,SEA,WR,16,68,49,685,5,1,33,811,228,40.73033310095208,0.7205882352941176,10.073529411764707,13.979591836734693,0.07352941176470588,11.926470588235293,4.653061224489796,NA,NA,NA,NA,NA,NA,NA,NA,NA,NA,NA,NA,NA,NA,NA
2015,Jerome Simpson,jerome simpson,SF,WR,5,19,5,54,1,0,4,269,16,-16.892039975132274,0.2631578947368421,2.8421052631578947,10.8,0.05263157894736842,14.157894736842104,3.2,NA,NA,NA,NA,NA,NA,NA,NA,NA,NA,NA,NA,NA,NA,NA
2015,Jerricho Cotchery,jerricho cotchery,CAR,WR,14,54,39,485,3,0,26,451,196,30.54771545015596,0.7222222222222222,8.981481481481481,12.435897435897436,0.05555555555555555,8.351851851851851,5.0256410256410255,NA,NA,NA,NA,NA,NA,NA,NA,NA,NA,NA,NA,NA,NA,NA
2015,John Brown,john brown,ARI,WR,15,101,65,1003,7,1,49,1491,315,44.5260283696281,0.6435643564356436,9.930693069306932,15.430769230769231,0.06930693069306931,14.762376237623762,4.846153846153846,NA,NA,NA,NA,NA,NA,NA,NA,NA,NA,NA,NA,NA,NA,NA
2015,Jonathan Krause,jonathan krause,PHI,WR,2,4,2,11,0,0,0,43,6,-2.287996966857463,0.5,2.75,5.5,0,10.75,3,NA,NA,NA,NA,NA,NA,NA,NA,NA,NA,NA,NA,NA,NA,NA
2015,Jordan Matthews,jordan matthews,PHI,TE,16,128,85,997,8,2,44,1063,414,30.926548245772004,0.6640625,7.7890625,11.729411764705882,0.0625,8.3046875,4.870588235294117,NA,NA,NA,NA,NA,NA,NA,NA,NA,NA,NA,NA,NA,NA,NA
2015,Jordan Norwood,jordan norwood,DEN,WR,10,32,22,207,0,0,11,276,69,-2.534127008375357,0.6875,6.46875,9.409090909090908,0,8.625,3.1363636363636362,NA,NA,NA,NA,NA,NA,NA,NA,NA,NA,NA,NA,NA,NA,NA
2015,Josh Bellamy,josh bellamy,CHI,WR,14,34,19,224,2,0,8,351,68,4.116640486760911,0.5588235294117647,6.588235294117647,11.789473684210526,0.058823529411764705,10.323529411764707,3.5789473684210527,NA,NA,NA,NA,NA,NA,NA,NA,NA,NA,NA,NA,NA,NA,NA
2015,Josh Huff,josh huff,PHI,WR,15,40,27,312,3,0,16,218,181,10.488984914503131,0.675,7.8,11.555555555555555,0.075,5.45,6.703703703703703,NA,NA,NA,NA,NA,NA,NA,NA,NA,NA,NA,NA,NA,NA,NA
2015,Julian Edelman,julian edelman,NE,WR,9,88,61,692,7,1,37,674,310,26.884426725238797,0.6931818181818182,7.863636363636363,11.344262295081966,0.07954545454545454,7.659090909090909,5.081967213114754,NA,NA,NA,NA,NA,NA,NA,NA,NA,NA,NA,NA,NA,NA,NA
2015,Julio Jones,julio jones,ATL,WR,16,203,136,1871,8,3,94,2061,641,82.93261954082321,0.6699507389162561,9.216748768472906,13.757352941176471,0.03940886699507389,10.152709359605911,4.713235294117647,NA,NA,NA,NA,NA,NA,NA,NA,NA,NA,NA,NA,NA,NA,NA
2015,Justin Hardy,justin hardy,ATL,WR,9,36,21,194,0,0,12,330,65,1.5427372513115856,0.5833333333333334,5.388888888888889,9.238095238095237,0,9.166666666666666,3.0952380952380953,NA,NA,NA,NA,NA,NA,NA,NA,NA,NA,NA,NA,NA,NA,NA
2015,Justin Hunter,justin hunter,TEN,WR,9,31,22,264,1,0,12,377,33,8.304296479617477,0.7096774193548387,8.516129032258064,12,0.03225806451612903,12.161290322580646,1.5,NA,NA,NA,NA,NA,NA,NA,NA,NA,NA,NA,NA,NA,NA,NA
2015,Kaelin Clay,kaelin clay,BAL,WR,7,0,0,0,0,0,0,0,0,NA,NA,NA,NA,NA,NA,NA,NA,NA,NA,NA,NA,NA,NA,NA,NA,NA,NA,NA,NA,NA,NA
2015,Kamar Aiken,kamar aiken,BAL,WR,16,127,75,944,5,1,54,1564,211,16.704131536260565,0.5905511811023622,7.433070866141732,12.586666666666666,0.03937007874015748,12.31496062992126,2.8133333333333335,NA,NA,NA,NA,NA,NA,NA,NA,NA,NA,NA,NA,NA,NA,NA
2015,Kasen Williams,kasen williams,SEA,WR,1,1,1,8,0,0,1,5,3,1.0250280789332464,1,8,8,0,5,3,NA,NA,NA,NA,NA,NA,NA,NA,NA,NA,NA,NA,NA,NA,NA
2015,Keenan Allen,keenan allen,LAC,WR,8,89,67,725,4,0,34,681,236,31.593355914689806,0.7528089887640449,8.146067415730338,10.82089552238806,0.0449438202247191,7.651685393258427,3.5223880597014925,NA,NA,NA,NA,NA,NA,NA,NA,NA,NA,NA,NA,NA,NA,NA
2015,Keith Mumphery,keith mumphery,HOU,WR,14,32,14,129,0,0,5,337,20,-4.233825619481552,0.4375,4.03125,9.214285714285714,0,10.53125,1.4285714285714286,NA,NA,NA,NA,NA,NA,NA,NA,NA,NA,NA,NA,NA,NA,NA
2015,Kenbrell Thompkins,kenbrell thompkins,NYJ,WR,6,33,17,165,0,0,7,415,68,-11.161557337732724,0.5151515151515151,5,9.705882352941176,0,12.575757575757576,4,NA,NA,NA,NA,NA,NA,NA,NA,NA,NA,NA,NA,NA,NA,NA
2015,Kendall Wright,kendall wright,TEN,WR,10,60,36,408,3,0,21,701,143,-1.3547647136064787,0.6,6.8,11.333333333333334,0.05,11.683333333333334,3.9722222222222223,NA,NA,NA,NA,NA,NA,NA,NA,NA,NA,NA,NA,NA,NA,NA
2015,Kenny Britt,kenny britt,LA,WR,16,72,36,681,3,0,29,1153,118,8.974856848328175,0.5,9.458333333333334,18.916666666666668,0.041666666666666664,16.01388888888889,3.2777777777777777,NA,NA,NA,NA,NA,NA,NA,NA,NA,NA,NA,NA,NA,NA,NA
2015,Kenny Stills,kenny stills,MIA,WR,15,63,27,440,3,0,18,1041,102,-2.3805534388634166,0.42857142857142855,6.984126984126984,16.296296296296298,0.047619047619047616,16.523809523809526,3.7777777777777777,NA,NA,NA,NA,NA,NA,NA,NA,NA,NA,NA,NA,NA,NA,NA
2015,Keshawn Martin,keshawn martin,NE,WR,9,37,24,269,2,0,14,374,76,11.92617438943477,0.6486486486486487,7.27027027027027,11.208333333333334,0.05405405405405406,10.108108108108109,3.1666666666666665,NA,NA,NA,NA,NA,NA,NA,NA,NA,NA,NA,NA,NA,NA,NA
2015,Kevin Norwood,kevin norwood,CAR,WR,1,1,0,0,0,0,0,21,0,-4.349118564918172,0,0,NA,0,21,NA,NA,NA,NA,NA,NA,NA,NA,NA,NA,NA,NA,NA,NA,NA,NA
2015,Kevin Smith,kevin smith,SEA,WR,4,5,3,43,0,0,2,38,30,2.2643050144689623,0.6,8.6,14.333333333333334,0,7.6,10,NA,NA,NA,NA,NA,NA,NA,NA,NA,NA,NA,NA,NA,NA,NA
2015,Kyle Williams,kyle williams,BUF,DT,6,0,0,0,0,0,0,0,0,NA,NA,NA,NA,NA,NA,NA,NA,NA,NA,NA,NA,NA,NA,NA,NA,NA,NA,NA,NA,NA,NA
2015,Lance Moore,lance moore,DET,WR,13,43,29,337,4,1,20,421,59,9.18354128903593,0.6744186046511628,7.837209302325581,11.620689655172415,0.09302325581395349,9.790697674418604,2.0344827586206895,NA,NA,NA,NA,NA,NA,NA,NA,NA,NA,NA,NA,NA,NA,NA
2015,Larry Fitzgerald,larry fitzgerald,ARI,WR,16,145,109,1215,9,2,65,1238,462,54.37646559989874,0.7517241379310344,8.379310344827585,11.146788990825687,0.06206896551724138,8.537931034482758,4.238532110091743,NA,NA,NA,NA,NA,NA,NA,NA,NA,NA,NA,NA,NA,NA,NA
2015,Leonard Hankerson,leonard hankerson,ATL,WR,7,46,26,327,3,0,19,411,119,17.994874445151353,0.5652173913043478,7.108695652173913,12.576923076923077,0.06521739130434782,8.934782608695652,4.576923076923077,NA,NA,NA,NA,NA,NA,NA,NA,NA,NA,NA,NA,NA,NA,NA
2015,Louis Murphy,louis murphy,TB,WR,5,18,10,198,0,0,6,255,37,7.5511232764958915,0.5555555555555556,11,19.8,0,14.166666666666666,3.7,NA,NA,NA,NA,NA,NA,NA,NA,NA,NA,NA,NA,NA,NA,NA
2015,Lucky Whitehead,lucky whitehead,DAL,WR,12,8,6,16,0,0,1,10,20,-2.65176142193377,0.75,2,2.6666666666666665,0,1.25,3.3333333333333335,NA,NA,NA,NA,NA,NA,NA,NA,NA,NA,NA,NA,NA,NA,NA
2015,Malcom Floyd,malcom floyd,LAC,WR,15,69,30,561,3,1,19,1387,86,-1.7142721395381386,0.43478260869565216,8.130434782608695,18.7,0.043478260869565216,20.10144927536232,2.8666666666666667,NA,NA,NA,NA,NA,NA,NA,NA,NA,NA,NA,NA,NA,NA,NA
2015,Marc Mariani,marc mariani,CHI,WR,16,33,22,300,0,0,19,313,130,17.741931841148308,0.6666666666666666,9.090909090909092,13.636363636363637,0,9.484848484848484,5.909090909090909,NA,NA,NA,NA,NA,NA,NA,NA,NA,NA,NA,NA,NA,NA,NA
2015,Marcus Easley,marcus easley,BUF,WR,11,3,1,58,1,0,1,74,16,5.017901156679727,0.3333333333333333,19.333333333333332,58,0.3333333333333333,24.666666666666668,16,NA,NA,NA,NA,NA,NA,NA,NA,NA,NA,NA,NA,NA,NA,NA
2015,Marcus Smith,marcus smith,PHI,LB,4,0,0,0,0,0,0,0,0,NA,NA,NA,NA,NA,NA,NA,NA,NA,NA,NA,NA,NA,NA,NA,NA,NA,NA,NA,NA,NA,NA
2015,Marcus Thigpen,marcus thigpen,BUF,WR,9,0,0,0,0,0,0,0,0,NA,NA,NA,NA,NA,NA,NA,NA,NA,NA,NA,NA,NA,NA,NA,NA,NA,NA,NA,NA,NA,NA
2015,Mario Alford,mario alford,CIN,WR,1,1,1,15,0,0,1,10,5,1.6740141661721282,1,15,15,0,10,5,NA,NA,NA,NA,NA,NA,NA,NA,NA,NA,NA,NA,NA,NA,NA
2015,Mario Williams,mario williams,BUF,DE,12,0,0,0,0,0,0,0,0,NA,NA,NA,NA,NA,NA,NA,NA,NA,NA,NA,NA,NA,NA,NA,NA,NA,NA,NA,NA,NA,NA
2015,Markus Wheaton,markus wheaton,PIT,WR,16,79,44,749,5,0,32,1133,158,20.505662562402485,0.5569620253164557,9.481012658227849,17.022727272727273,0.06329113924050633,14.341772151898734,3.590909090909091,NA,NA,NA,NA,NA,NA,NA,NA,NA,NA,NA,NA,NA,NA,NA
2015,Marlon Brown,marlon brown,BAL,WR,9,30,14,112,0,0,4,265,46,-3.8759968252473347,0.4666666666666667,3.7333333333333334,8,0,8.833333333333334,3.2857142857142856,NA,NA,NA,NA,NA,NA,NA,NA,NA,NA,NA,NA,NA,NA,NA
2015,Marlon Moore,marlon moore,CLE,WR,10,10,7,81,1,0,6,69,32,5.9189615155919455,0.7,8.1,11.571428571428571,0.1,6.9,4.571428571428571,NA,NA,NA,NA,NA,NA,NA,NA,NA,NA,NA,NA,NA,NA,NA
2015,Marqise Lee,marqise lee,JAX,WR,9,32,15,191,1,0,11,355,91,2.677034375752555,0.46875,5.96875,12.733333333333333,0.03125,11.09375,6.066666666666666,NA,NA,NA,NA,NA,NA,NA,NA,NA,NA,NA,NA,NA,NA,NA
2015,Marques Colston,marques colston,NO,WR,13,67,45,520,4,0,26,572,192,13.52159034175772,0.6716417910447762,7.7611940298507465,11.555555555555555,0.05970149253731343,8.537313432835822,4.266666666666667,NA,NA,NA,NA,NA,NA,NA,NA,NA,NA,NA,NA,NA,NA,NA
2015,Marquess Wilson,marquess wilson,CHI,WR,11,51,28,464,1,0,20,669,186,14.14654741185377,0.5490196078431373,9.098039215686274,16.571428571428573,0.0196078431372549,13.117647058823529,6.642857142857143,NA,NA,NA,NA,NA,NA,NA,NA,NA,NA,NA,NA,NA,NA,NA
2015,Marquise Goodwin,marquise goodwin,BUF,WR,2,2,2,24,0,0,2,22,2,2.8088977159932256,1,12,12,0,11,1,NA,NA,NA,NA,NA,NA,NA,NA,NA,NA,NA,NA,NA,NA,NA
2015,Martavis Bryant,martavis bryant,PIT,WR,11,92,50,765,6,1,25,1260,350,8.729296679943637,0.5434782608695652,8.315217391304348,15.3,0.06521739130434782,13.695652173913043,7,NA,NA,NA,NA,NA,NA,NA,NA,NA,NA,NA,NA,NA,NA,NA
2015,Marvin Jones,marvin jones,CIN,WR,16,103,65,816,4,0,33,1330,289,26.82732409860648,0.6310679611650486,7.922330097087379,12.553846153846154,0.038834951456310676,12.912621359223301,4.446153846153846,NA,NA,NA,NA,NA,NA,NA,NA,NA,NA,NA,NA,NA,NA,NA
2015,Matt Hazel,matt hazel,MIA,WR,1,1,0,0,0,0,0,5,0,-0.9076352613337804,0,0,NA,0,5,NA,NA,NA,NA,NA,NA,NA,NA,NA,NA,NA,NA,NA,NA,NA,NA
2015,Matthew Slater,matthew slater,NE,WR,13,1,0,0,0,0,0,34,0,0.6956883372054377,0,0,NA,0,34,NA,NA,NA,NA,NA,NA,NA,NA,NA,NA,NA,NA,NA,NA,NA,NA
2015,Maurice Alexander,maurice alexander,LA,LB,12,0,0,0,0,0,0,0,0,NA,NA,NA,NA,NA,NA,NA,NA,NA,NA,NA,NA,NA,NA,NA,NA,NA,NA,NA,NA,NA,NA
2015,Michael Bennett,michael bennett,SEA/JAX,DE,25,0,0,0,0,0,0,0,0,NA,NA,NA,NA,NA,NA,NA,NA,NA,NA,NA,NA,NA,NA,NA,NA,NA,NA,NA,NA,NA,NA
2015,Michael Campanaro,michael campanaro,BAL,WR,4,6,5,35,0,0,1,23,27,0.050874285028961186,0.8333333333333334,5.833333333333333,7,0,3.8333333333333335,5.4,NA,NA,NA,NA,NA,NA,NA,NA,NA,NA,NA,NA,NA,NA,NA
2015,Michael Crabtree,michael crabtree,LV,WR,16,146,85,922,9,1,45,1440,263,25.534133376535173,0.5821917808219178,6.315068493150685,10.847058823529412,0.06164383561643835,9.863013698630137,3.0941176470588236,NA,NA,NA,NA,NA,NA,NA,NA,NA,NA,NA,NA,NA,NA,NA
2015,Michael Floyd,michael floyd,ARI,WR,15,89,52,849,6,0,40,1413,208,41.159528626549594,0.5842696629213483,9.539325842696629,16.326923076923077,0.06741573033707865,15.876404494382022,4,NA,NA,NA,NA,NA,NA,NA,NA,NA,NA,NA,NA,NA,NA,NA
2015,Michael Johnson,michael johnson,CIN,DE,16,0,0,0,0,0,0,0,0,NA,NA,NA,NA,NA,NA,NA,NA,NA,NA,NA,NA,NA,NA,NA,NA,NA,NA,NA,NA,NA,NA
2015,Michael Thomas,michael thomas,MIA,DB,16,0,0,0,0,0,0,0,0,NA,NA,NA,NA,NA,NA,NA,NA,NA,NA,NA,NA,NA,NA,NA,NA,NA,NA,NA,NA,NA,NA
2015,Mike Evans,mike evans,TB,WR,15,148,74,1206,3,0,63,2208,232,22.044482644259,0.5,8.14864864864865,16.2972972972973,0.02027027027027027,14.91891891891892,3.135135135135135,NA,NA,NA,NA,NA,NA,NA,NA,NA,NA,NA,NA,NA,NA,NA
2015,Mike Wallace,mike wallace,MIN,WR,15,72,39,473,2,0,27,774,169,4.417034100275226,0.5416666666666666,6.569444444444445,12.128205128205128,0.027777777777777776,10.75,4.333333333333333,NA,NA,NA,NA,NA,NA,NA,NA,NA,NA,NA,NA,NA,NA,NA
2015,Miles Austin,miles austin,PHI,WR,11,31,13,224,1,0,9,413,62,-6.642331094245926,0.41935483870967744,7.225806451612903,17.23076923076923,0.03225806451612903,13.32258064516129,4.769230769230769,NA,NA,NA,NA,NA,NA,NA,NA,NA,NA,NA,NA,NA,NA,NA
2015,Mohamed Sanu,mohamed sanu,CIN,WR,16,49,33,394,0,1,17,341,203,6.450953740699931,0.673469387755102,8.040816326530612,11.93939393939394,0,6.959183673469388,6.151515151515151,NA,NA,NA,NA,NA,NA,NA,NA,NA,NA,NA,NA,NA,NA,NA
2015,Myles White,myles white,NYG,WR,10,20,7,88,1,0,4,279,7,-2.3998992556605803,0.35,4.4,12.571428571428571,0.05,13.95,1,NA,NA,NA,NA,NA,NA,NA,NA,NA,NA,NA,NA,NA,NA,NA
2015,Nate Washington,nate washington,HOU,WR,13,94,47,658,4,0,33,1067,162,13.62900992543073,0.5,7,14,0.0425531914893617,11.351063829787234,3.4468085106382977,NA,NA,NA,NA,NA,NA,NA,NA,NA,NA,NA,NA,NA,NA,NA
2015,Nelson Agholor,nelson agholor,PHI,WR,13,44,23,283,1,0,11,480,95,2.349395475525208,0.5227272727272727,6.431818181818182,12.304347826086957,0.022727272727272728,10.909090909090908,4.130434782608695,NA,NA,NA,NA,NA,NA,NA,NA,NA,NA,NA,NA,NA,NA,NA
2015,Nick Williams,nick williams,ATL/KC,WR,17,25,17,159,2,0,11,142,96,3.6353086954331957,0.68,6.36,9.352941176470589,0.08,5.68,5.647058823529412,NA,NA,NA,NA,NA,NA,NA,NA,NA,NA,NA,NA,NA,NA,NA
2015,Odell Beckham Jr.,odell beckham jr,NYG,WR,15,158,96,1450,13,2,68,1819,590,85.5566076515192,0.6075949367088608,9.177215189873417,15.104166666666666,0.08227848101265822,11.512658227848101,6.145833333333333,NA,NA,NA,NA,NA,NA,NA,NA,NA,NA,NA,NA,NA,NA,NA
2015,Paul Richardson,paul richardson,SEA,WR,1,1,1,40,0,0,1,28,12,2.652147823537234,1,40,40,0,28,12,NA,NA,NA,NA,NA,NA,NA,NA,NA,NA,NA,NA,NA,NA,NA
2015,Percy Harvin,percy harvin,BUF,WR,5,30,19,218,1,1,10,354,83,6.750363540838877,0.6333333333333333,7.266666666666667,11.473684210526315,0.03333333333333333,11.8,4.368421052631579,NA,NA,NA,NA,NA,NA,NA,NA,NA,NA,NA,NA,NA,NA,NA
2015,Phillip Dorsett,phillip dorsett,IND,WR,11,39,18,225,1,0,10,506,60,-4.832759720372363,0.46153846153846156,5.769230769230769,12.5,0.02564102564102564,12.974358974358974,3.3333333333333335,NA,NA,NA,NA,NA,NA,NA,NA,NA,NA,NA,NA,NA,NA,NA
2015,Pierre Garcon,pierre garcon,WAS,WR,16,111,72,777,6,0,43,1189,164,24.792691713459817,0.6486486486486487,7,10.791666666666666,0.05405405405405406,10.711711711711711,2.2777777777777777,NA,NA,NA,NA,NA,NA,NA,NA,NA,NA,NA,NA,NA,NA,NA
2015,Preston Parker,preston parker,NYG,WR,2,12,5,40,0,0,1,87,29,-4.951648536116737,0.4166666666666667,3.3333333333333335,8,0,7.25,5.8,NA,NA,NA,NA,NA,NA,NA,NA,NA,NA,NA,NA,NA,NA,NA
2015,Quan Bray,quan bray,IND,WR,9,0,0,0,0,0,0,0,0,NA,NA,NA,NA,NA,NA,NA,NA,NA,NA,NA,NA,NA,NA,NA,NA,NA,NA,NA,NA,NA,NA
2015,Quincy Enunwa,quincy enunwa,NYJ,WR,11,46,22,315,0,0,10,455,148,6.352938844107349,0.4782608695652174,6.8478260869565215,14.318181818181818,0,9.891304347826088,6.7272727272727275,NA,NA,NA,NA,NA,NA,NA,NA,NA,NA,NA,NA,NA,NA,NA
2015,Quinton Patton,quinton patton,SF,WR,16,57,30,394,1,0,15,474,214,3.142653324389418,0.5263157894736842,6.912280701754386,13.133333333333333,0.017543859649122806,8.31578947368421,7.133333333333334,NA,NA,NA,NA,NA,NA,NA,NA,NA,NA,NA,NA,NA,NA,NA
2015,Randall Cobb,randall cobb,GB,WR,16,129,79,829,6,0,42,974,436,25.994012578071136,0.6124031007751938,6.426356589147287,10.49367088607595,0.046511627906976744,7.550387596899225,5.518987341772152,NA,NA,NA,NA,NA,NA,NA,NA,NA,NA,NA,NA,NA,NA,NA
2015,Rashad Greene,rashad greene,JAX,WR,9,35,19,93,2,0,8,219,54,-5.898536137850602,0.5428571428571428,2.657142857142857,4.894736842105263,0.05714285714285714,6.257142857142857,2.8421052631578947,NA,NA,NA,NA,NA,NA,NA,NA,NA,NA,NA,NA,NA,NA,NA
2015,Rashad Ross,rashad ross,WAS,WR,13,13,8,184,1,0,5,261,64,10.433042412475722,0.6153846153846154,14.153846153846153,23,0.07692307692307693,20.076923076923077,8,NA,NA,NA,NA,NA,NA,NA,NA,NA,NA,NA,NA,NA,NA,NA
2015,Ricardo Lockette,ricardo lockette,SEA,WR,6,7,4,69,1,0,2,77,13,3.305082441540435,0.5714285714285714,9.857142857142858,17.25,0.14285714285714285,11,3.25,NA,NA,NA,NA,NA,NA,NA,NA,NA,NA,NA,NA,NA,NA,NA
2015,Rico Richardson,rico richardson,TEN,WR,3,5,0,0,0,0,0,106,0,-3.863680141570512,0,0,NA,0,21.2,NA,NA,NA,NA,NA,NA,NA,NA,NA,NA,NA,NA,NA,NA,NA,NA
2015,Rishard Matthews,rishard matthews,MIA,WR,11,61,43,662,4,0,31,694,236,37.54779010661878,0.7049180327868853,10.852459016393443,15.395348837209303,0.06557377049180328,11.37704918032787,5.488372093023256,NA,NA,NA,NA,NA,NA,NA,NA,NA,NA,NA,NA,NA,NA,NA
2015,Robert Woods,robert woods,BUF,WR,14,80,47,552,3,2,27,828,155,3.2938953575588785,0.5875,6.9,11.74468085106383,0.0375,10.35,3.297872340425532,NA,NA,NA,NA,NA,NA,NA,NA,NA,NA,NA,NA,NA,NA,NA
2015,Rod Streater,rod streater,LV,WR,1,1,1,8,0,0,1,7,1,-0.17605531805008645,1,8,8,0,7,1,NA,NA,NA,NA,NA,NA,NA,NA,NA,NA,NA,NA,NA,NA,NA
2015,Rueben Randle,rueben randle,NYG,WR,16,90,57,797,8,0,35,984,201,26.3799503807805,0.6333333333333333,8.855555555555556,13.982456140350877,0.08888888888888889,10.933333333333334,3.526315789473684,NA,NA,NA,NA,NA,NA,NA,NA,NA,NA,NA,NA,NA,NA,NA
2015,Russell Shepard,russell shepard,TB,WR,11,9,3,28,1,0,3,135,1,-0.4864130205247975,0.3333333333333333,3.111111111111111,9.333333333333334,0.1111111111111111,15,0.3333333333333333,NA,NA,NA,NA,NA,NA,NA,NA,NA,NA,NA,NA,NA,NA,NA
2015,Ryan Davis,ryan davis,JAX,DE,11,0,0,0,0,0,0,0,0,NA,NA,NA,NA,NA,NA,NA,NA,NA,NA,NA,NA,NA,NA,NA,NA,NA,NA,NA,NA,NA,NA
2015,Ryan Grant,ryan grant,WAS,WR,14,42,23,268,2,0,18,389,98,-6.196108601341789,0.5476190476190477,6.380952380952381,11.652173913043478,0.047619047619047616,9.261904761904763,4.260869565217392,NA,NA,NA,NA,NA,NA,NA,NA,NA,NA,NA,NA,NA,NA,NA
2015,Saalim Hakim,saalim hakim,KC,WR,1,0,0,0,0,0,0,0,0,NA,NA,NA,NA,NA,NA,NA,NA,NA,NA,NA,NA,NA,NA,NA,NA,NA,NA,NA,NA,NA,NA
2015,Sammie Coates,sammie coates,PIT,WR,1,2,1,11,0,0,1,17,4,-0.5761323576168493,0.5,5.5,11,0,8.5,4,NA,NA,NA,NA,NA,NA,NA,NA,NA,NA,NA,NA,NA,NA,NA
2015,Sammy Watkins,sammy watkins,BUF,WR,13,96,60,1047,9,0,41,1605,179,63.88141926633981,0.625,10.90625,17.45,0.09375,16.71875,2.9833333333333334,NA,NA,NA,NA,NA,NA,NA,NA,NA,NA,NA,NA,NA,NA,NA
2015,Seantavius Jones,seantavius jones,NO,WR,1,1,0,0,0,0,0,7,0,-0.980056180851534,0,0,NA,0,7,NA,NA,NA,NA,NA,NA,NA,NA,NA,NA,NA,NA,NA,NA,NA,NA
2015,Seth Roberts,seth roberts,LV,WR,16,55,32,480,5,0,21,499,134,5.534027974101528,0.5818181818181818,8.727272727272727,15,0.09090909090909091,9.072727272727272,4.1875,NA,NA,NA,NA,NA,NA,NA,NA,NA,NA,NA,NA,NA,NA,NA
2015,Seyi Ajirotutu,seyi ajirotutu,PHI,WR,7,3,1,4,0,0,0,72,0,-1.3550095856189728,0.3333333333333333,1.3333333333333333,4,0,24,0,NA,NA,NA,NA,NA,NA,NA,NA,NA,NA,NA,NA,NA,NA,NA
2015,Stedman Bailey,stedman bailey,LA,WR,8,25,12,182,1,0,6,262,71,-1.9169491793355935,0.48,7.28,15.166666666666666,0.04,10.48,5.916666666666667,NA,NA,NA,NA,NA,NA,NA,NA,NA,NA,NA,NA,NA,NA,NA
2015,Stefon Diggs,stefon diggs,MIN,WR,13,84,52,720,4,2,31,890,292,21.836170082924017,0.6190476190476191,8.571428571428571,13.846153846153847,0.047619047619047616,10.595238095238095,5.615384615384615,NA,NA,NA,NA,NA,NA,NA,NA,NA,NA,NA,NA,NA,NA,NA
2015,Steve Smith,steve smith,BAL,WR,7,73,46,670,3,0,28,719,256,22.4175988474965,0.6301369863013698,9.178082191780822,14.565217391304348,0.0410958904109589,9.849315068493151,5.565217391304348,NA,NA,NA,NA,NA,NA,NA,NA,NA,NA,NA,NA,NA,NA,NA
2015,T.Y. Hilton,t y hilton,IND,WR,16,134,69,1124,5,1,49,1724,381,16.056471806234875,0.5149253731343284,8.388059701492537,16.28985507246377,0.03731343283582089,12.865671641791044,5.521739130434782,NA,NA,NA,NA,NA,NA,NA,NA,NA,NA,NA,NA,NA,NA,NA
2015,Tavon Austin,tavon austin,LA,WR,16,87,52,473,5,1,21,668,348,-9.268174762805065,0.5977011494252874,5.436781609195402,9.096153846153847,0.05747126436781609,7.67816091954023,6.6923076923076925,NA,NA,NA,NA,NA,NA,NA,NA,NA,NA,NA,NA,NA,NA,NA
2015,Taylor Gabriel,taylor gabriel,CLE,WR,12,48,28,241,0,1,11,360,108,-8.594862661251565,0.5833333333333334,5.020833333333333,8.607142857142858,0,7.5,3.857142857142857,NA,NA,NA,NA,NA,NA,NA,NA,NA,NA,NA,NA,NA,NA,NA
2015,Terrance Williams,terrance williams,DAL,WR,16,93,52,840,3,0,36,1219,275,9.53623913761409,0.5591397849462365,9.03225806451613,16.153846153846153,0.03225806451612903,13.10752688172043,5.288461538461538,NA,NA,NA,NA,NA,NA,NA,NA,NA,NA,NA,NA,NA,NA,NA
2015,Terrelle Pryor,terrelle pryor,CLE,WR,2,8,1,42,0,0,1,114,5,-2.0568026915793274,0.125,5.25,42,0,14.25,5,NA,NA,NA,NA,NA,NA,NA,NA,NA,NA,NA,NA,NA,NA,NA
2015,Tony Washington,tony washington,JAX,WR,2,0,0,0,0,0,0,0,0,NA,NA,NA,NA,NA,NA,NA,NA,NA,NA,NA,NA,NA,NA,NA,NA,NA,NA,NA,NA,NA,NA
2015,Torrey Smith,torrey smith,SF,WR,16,62,33,663,4,0,23,864,218,27.58774648777462,0.532258064516129,10.693548387096774,20.09090909090909,0.06451612903225806,13.935483870967742,6.606060606060606,NA,NA,NA,NA,NA,NA,NA,NA,NA,NA,NA,NA,NA,NA,NA
2015,Travis Benjamin,travis benjamin,CLE,WR,16,125,68,966,5,1,39,1551,321,5.780716300262166,0.544,7.728,14.205882352941176,0.04,12.408,4.720588235294118,NA,NA,NA,NA,NA,NA,NA,NA,NA,NA,NA,NA,NA,NA,NA
2015,Tre McBride,tre mcbride,TEN,WR,6,4,2,8,1,0,1,37,1,1.130203885724768,0.5,2,4,0.25,9.25,0.5,NA,NA,NA,NA,NA,NA,NA,NA,NA,NA,NA,NA,NA,NA,NA
2015,Ty Montgomery,ty montgomery,GB,WR,6,19,15,136,2,0,6,125,91,9.15323498750244,0.7894736842105263,7.157894736842105,9.066666666666666,0.10526315789473684,6.578947368421052,6.066666666666666,NA,NA,NA,NA,NA,NA,NA,NA,NA,NA,NA,NA,NA,NA,NA
2015,Tyler Lockett,tyler lockett,SEA,WR,16,69,51,664,6,0,31,905,255,53.301961559544246,0.7391304347826086,9.623188405797102,13.019607843137255,0.08695652173913043,13.115942028985508,5,NA,NA,NA,NA,NA,NA,NA,NA,NA,NA,NA,NA,NA,NA,NA
2015,Tyler Murphy,tyler murphy,PIT,WR,1,1,1,16,0,0,1,15,1,1.3283281332696788,1,16,16,0,15,1,NA,NA,NA,NA,NA,NA,NA,NA,NA,NA,NA,NA,NA,NA,NA
2015,Tyrell Williams,tyrell williams,LAC,WR,4,6,2,90,1,0,1,161,51,-0.6139512769295834,0.3333333333333333,15,45,0.16666666666666666,26.833333333333332,25.5,NA,NA,NA,NA,NA,NA,NA,NA,NA,NA,NA,NA,NA,NA,NA
2015,Vince Mayle,vince mayle,DAL,TE,1,1,0,0,0,0,0,23,0,-5.210752336774021,0,0,NA,0,23,NA,NA,NA,NA,NA,NA,NA,NA,NA,NA,NA,NA,NA,NA,NA,NA
2015,Vincent Brown,vincent brown,LAC,WR,1,2,1,22,0,0,1,18,2,1.3582337754196487,0.5,11,22,0,9,2,NA,NA,NA,NA,NA,NA,NA,NA,NA,NA,NA,NA,NA,NA,NA
2015,Vincent Jackson,vincent jackson,TB,WR,10,62,33,543,3,0,28,831,103,23.45742598082167,0.532258064516129,8.758064516129032,16.454545454545453,0.04838709677419355,13.403225806451612,3.121212121212121,NA,NA,NA,NA,NA,NA,NA,NA,NA,NA,NA,NA,NA,NA,NA
2015,Wes Welker,wes welker,LA,WR,7,22,13,102,0,0,5,119,50,-11.119287292775166,0.5909090909090909,4.636363636363637,7.846153846153846,0,5.409090909090909,3.8461538461538463,NA,NA,NA,NA,NA,NA,NA,NA,NA,NA,NA,NA,NA,NA,NA
2015,Willie Snead,willie snead,NO,WR,15,101,69,984,3,2,44,1024,345,42.85102884895819,0.6831683168316832,9.742574257425742,14.26086956521739,0.0297029702970297,10.138613861386139,5,NA,NA,NA,NA,NA,NA,NA,NA,NA,NA,NA,NA,NA,NA,NA
2016,A.J. Green,a j green,CIN,WR,10,100,66,964,4,0,41,1236,258,48.564233740320375,0.66,9.64,14.606060606060606,0.04,12.36,3.909090909090909,100,66,964,4,66,4.7908602150537645,2.4563685374445274,13.404200000000001,3.9540909090909095,4.78940398069774,-0.8353130716068304,27.831774342576548,9.64,14.606060606060606,0.04
2016,Aaron Burbridge,aaron burbridge,SF,WR,15,16,7,88,0,0,5,139,43,-1.150844018335441,0.4375,5.5,12.571428571428571,0,8.6875,6.142857142857143,NA,NA,NA,NA,NA,NA,NA,NA,NA,NA,NA,NA,NA,NA,NA
2016,Adam Humphries,adam humphries,TB,WR,15,83,55,622,2,0,27,461,382,15.279333283357797,0.6626506024096386,7.493975903614458,11.309090909090909,0.024096385542168676,5.554216867469879,6.945454545454545,83,55,622,2,66.26506024096386,6.508181818181818,3.4168422148766115,5.731686746987951,7.180363636363635,6.426137826286846,0.7542258100767896,7.788076824852172,7.493975903614458,11.309090909090909,0.024096385542168676
2016,Adam Thielen,adam thielen,MIN,WR,16,92,69,967,5,1,44,989,299,50.3377507951227,0.75,10.51086956521739,14.014492753623188,0.05434782608695652,10.75,4.333333333333333,92,69,967,5,75,5.294,2.753091457498803,10.974891304347825,4.365652173913045,5.12320333873206,-0.7575511648190156,24.705643424813058,10.51086956521739,14.014492753623188,0.05434782608695652
2016,Albert Wilson,albert wilson,KC,WR,14,51,31,279,2,0,11,361,168,-6.600628063254966,0.6078431372549019,5.470588235294118,9,0.0392156862745098,7.078431372549019,5.419354838709677,51,31,279,2,60.78431372549019,7.21409090909091,3.505559892066392,7.72607843137255,5.222580645161289,5.1966671712968076,0.025913473864481062,10.077880225584105,5.470588235294118,9,0.0392156862745098
2016,Aldrick Robinson,aldrick robinson,ATL,WR,13,32,20,323,2,0,14,399,76,16.79936072061537,0.625,10.09375,16.15,0.0625,12.46875,3.8,NA,NA,NA,NA,NA,NA,NA,NA,NA,NA,NA,NA,NA,NA,NA
2016,Alex Erickson,alex erickson,CIN,WR,16,8,6,71,0,0,3,85,31,5.102090301865246,0.75,8.875,11.833333333333334,0,10.625,5.166666666666667,NA,NA,NA,NA,NA,NA,NA,NA,NA,NA,NA,NA,NA,NA,NA
2016,Allen Hurns,allen hurns,JAX,WR,11,76,35,477,3,1,23,749,211,-11.924849254552955,0.4605263157894737,6.276315789473684,13.628571428571428,0.039473684210526314,9.855263157894736,6.0285714285714285,76,35,477,3,46.05263157894737,6.539999999999999,2.5354071227099957,10.768552631578947,5.987714285714287,6.157138161146571,-0.1694238754322841,14.977015028072408,6.276315789473684,13.628571428571428,0.039473684210526314
2016,Allen Robinson,allen robinson,JAX,WR,16,151,73,883,6,1,51,1969,210,-15.183535311074468,0.48344370860927155,5.847682119205298,12.095890410958905,0.039735099337748346,13.039735099337749,2.8767123287671232,151,73,883,6,48.34437086092716,4.586733333333333,1.9491133659249662,14.099470198675496,2.7521917808219176,3.877823378942323,-1.1256315981204055,38.96135743095358,5.847682119205298,12.095890410958905,0.039735099337748346
2016,Alshon Jeffery,alshon jeffery,CHI,WR,12,94,52,821,2,0,41,1270,199,-3.737622129617762,0.5531914893617021,8.73404255319149,15.788461538461538,0.02127659574468085,13.51063829787234,3.826923076923077,94,52,821,2,55.319148936170215,4.922043010752688,2.239448115425741,14.134787234042552,3.7323076923076925,3.5100808212398675,0.22222687106782502,25.16101176555247,8.73404255319149,15.788461538461538,0.02127659574468085
2016,Amari Cooper,amari cooper,LV,WR,16,132,83,1153,5,2,48,1287,436,33.48025299079852,0.6287878787878788,8.734848484848484,13.891566265060241,0.03787878787878788,9.75,5.253012048192771,132,83,1153,5,62.878787878787875,4.60696,2.617496611570895,10.14189393939394,5.538915662650603,5.403050051755384,0.13586561089521876,26.998852468604227,8.734848484848484,13.891566265060241,0.03787878787878788
2016,Andre Holmes,andre holmes,LV,WR,16,25,14,126,3,0,9,212,26,2.2180292589778565,0.56,5.04,9,0.12,8.48,1.8571428571428572,NA,NA,NA,NA,NA,NA,NA,NA,NA,NA,NA,NA,NA,NA,NA
2016,Andre Johnson,andre johnson,TEN,WR,6,23,9,85,2,0,4,268,15,-2.164626367666127,0.391304347826087,3.6956521739130435,9.444444444444445,0.08695652173913043,11.652173913043478,1.6666666666666667,NA,NA,NA,NA,NA,NA,NA,NA,NA,NA,NA,NA,NA,NA,NA
2016,Andre Roberts,andre roberts,DET,WR,16,25,14,188,1,0,9,359,63,6.5368645972131105,0.56,7.52,13.428571428571429,0.04,14.36,4.5,NA,NA,NA,NA,NA,NA,NA,NA,NA,NA,NA,NA,NA,NA,NA
2016,Andrew Hawkins,andrew hawkins,CLE,WR,16,54,33,324,3,0,20,430,128,11.746849869294135,0.6111111111111112,6,9.818181818181818,0.05555555555555555,7.962962962962963,3.878787878787879,54,33,324,3,61.111111111111114,5.10673469387755,3.0487992565943474,8.578333333333333,3.911818181818182,3.618938986099491,0.29287919571869114,9.037170565547433,6,9.818181818181818,0.05555555555555555
2016,Anquan Boldin,anquan boldin,DET,WR,16,95,67,584,8,0,41,546,231,28.075428572933383,0.7052631578947368,6.147368421052631,8.716417910447761,0.08421052631578947,5.747368421052632,3.4477611940298507,95,67,584,8,70.52631578947368,5.176516853932584,2.409151276216126,6.720842105263158,3.130298507462687,3.469019497260713,-0.3387209897980261,13.521389241846677,6.147368421052631,8.716417910447761,0.08421052631578947
2016,Anthony Johnson,anthony johnson,NYJ,DE,6,0,0,0,0,0,0,0,0,NA,NA,NA,NA,NA,NA,NA,NA,NA,NA,NA,NA,NA,NA,NA,NA,NA,NA,NA,NA,NA,NA
2016,Antonio Brown,antonio brown,PIT,WR,15,154,106,1284,12,0,64,1584,434,48.737866171706045,0.6883116883116883,8.337662337662337,12.11320754716981,0.07792207792207792,10.285714285714286,4.09433962264151,154,106,1284,12,68.83116883116884,5.040544217687075,2.9169696345910348,11.055714285714286,3.829056603773585,4.552554466813914,-0.7234978630403295,30.444531864673486,8.337662337662337,12.11320754716981,0.07792207792207792
2016,Arrelious Benn,arrelious benn,JAX,WR,12,10,5,116,1,0,3,113,53,7.623646340507548,0.5,11.6,23.2,0.1,11.3,10.6,NA,NA,NA,NA,NA,NA,NA,NA,NA,NA,NA,NA,NA,NA,NA
2016,Bennie Fowler,bennie fowler,DEN,WR,12,24,11,145,2,0,5,286,64,1.7975934862896992,0.4583333333333333,6.041666666666667,13.181818181818182,0.08333333333333333,11.916666666666666,5.818181818181818,NA,NA,NA,NA,NA,NA,NA,NA,NA,NA,NA,NA,NA,NA,NA
2016,Bradley Marquez,bradley marquez,LA,WR,9,7,3,37,0,0,3,49,22,-0.49589915002003115,0.42857142857142855,5.285714285714286,12.333333333333334,0,7,7.333333333333333,NA,NA,NA,NA,NA,NA,NA,NA,NA,NA,NA,NA,NA,NA,NA
2016,Bralon Addison,bralon addison,CHI,WR,2,1,1,11,0,0,1,3,8,0.8819087985903025,1,11,11,0,3,8,NA,NA,NA,NA,NA,NA,NA,NA,NA,NA,NA,NA,NA,NA,NA
2016,Brandin Cooks,brandin cooks,NO,WR,15,117,78,1173,8,1,45,1522,384,55.069992097686665,0.6666666666666666,10.025641025641026,15.038461538461538,0.06837606837606838,13.008547008547009,4.923076923076923,117,78,1173,8,66.66666666666666,7.149210526315788,2.8473033548769573,13.449059829059827,4.596923076923077,4.10761506025108,0.4893080166719974,30.874066051359332,10.025641025641026,15.038461538461538,0.06837606837606838
2016,Brandon Coleman,brandon coleman,NO,WR,14,38,26,281,3,0,16,425,74,9.561085735292275,0.6842105263157895,7.394736842105263,10.807692307692308,0.07894736842105263,11.18421052631579,2.8461538461538463,NA,NA,NA,NA,NA,NA,NA,NA,NA,NA,NA,NA,NA,NA,NA
2016,Brandon LaFell,brandon lafell,CIN,WR,16,107,64,862,6,0,42,1071,344,30.63561689877698,0.5981308411214953,8.05607476635514,13.46875,0.056074766355140186,10.009345794392523,5.375,107,64,862,6,59.813084112149525,5.731634615384616,2.739646945454968,10.949252336448598,5.1784375,4.94749617431325,0.23094132568675008,24.325861943668702,8.05607476635514,13.46875,0.056074766355140186
2016,Brandon Marshall,brandon marshall,NYJ/DEN,WR,26,128,59,788,3,0,44,1602,176,-0.4043019765950251,0.4609375,6.15625,13.35593220338983,0.0234375,12.515625,2.983050847457627,128,59,788,3,46.09375,4.439596774193548,2.21587312661331,13.628046875,2.9649152542372885,4.734115501076712,-1.7692002468394232,33.23350270247615,6.15625,13.35593220338983,0.0234375
2016,Brandon Tate,brandon tate,BUF,WR,15,11,8,117,0,0,6,85,52,8.454724602896022,0.7272727272727273,10.636363636363637,14.625,0,7.7272727272727275,6.5,NA,NA,NA,NA,NA,NA,NA,NA,NA,NA,NA,NA,NA,NA,NA
2016,Braxton Miller,braxton miller,HOU,WR,10,28,15,99,1,0,6,202,52,-11.04939269937621,0.5357142857142857,3.5357142857142856,6.6,0.03571428571428571,7.214285714285714,3.466666666666667,NA,NA,NA,NA,NA,NA,NA,NA,NA,NA,NA,NA,NA,NA,NA
2016,Brenton Bersin,brenton bersin,CAR,WR,2,6,2,17,0,0,2,71,2,-0.40018573234556243,0.3333333333333333,2.8333333333333335,8.5,0,11.833333333333334,1,NA,NA,NA,NA,NA,NA,NA,NA,NA,NA,NA,NA,NA,NA,NA
2016,Breshad Perriman,breshad perriman,BAL,WR,15,66,33,499,3,0,19,944,166,-4.119788963836026,0.5,7.5606060606060606,15.121212121212121,0.045454545454545456,14.303030303030303,5.03030303030303,66,33,499,3,50,5.747812499999999,2.4194923691791534,14.853787878787879,5.206666666666667,4.576497889828196,0.6301687768384712,18.67084388748167,7.5606060606060606,15.121212121212121,0.045454545454545456
2016,Brian Quick,brian quick,LA,WR,16,77,41,564,3,0,22,895,177,6.424875993701537,0.5324675324675324,7.324675324675325,13.75609756097561,0.03896103896103896,11.623376623376624,4.317073170731708,77,41,564,3,53.246753246753244,6.5464864864864865,2.1667962782834436,12.272597402597402,4.0407317073170725,2.8924003875388005,1.148331319778272,22.14076521168669,7.324675324675325,13.75609756097561,0.03896103896103896
2016,Brice Butler,brice butler,DAL,WR,14,32,16,219,3,0,11,454,19,2.3221394120010883,0.5,6.84375,13.6875,0.09375,14.1875,1.1875,NA,NA,NA,NA,NA,NA,NA,NA,NA,NA,NA,NA,NA,NA,NA
2016,Brittan Golden,brittan golden,ARI,WR,12,14,8,82,1,1,4,180,12,-1.3256471313431768,0.5714285714285714,5.857142857142857,10.25,0.07142857142857142,12.857142857142858,1.5,NA,NA,NA,NA,NA,NA,NA,NA,NA,NA,NA,NA,NA,NA,NA
2016,Bryan Walters,bryan walters,JAX,WR,10,34,24,231,2,0,15,212,98,10.313537450881794,0.7058823529411765,6.794117647058823,9.625,0.058823529411764705,6.235294117647059,4.083333333333333,NA,NA,NA,NA,NA,NA,NA,NA,NA,NA,NA,NA,NA,NA,NA
2016,Bryce Treggs,bryce treggs,PHI,WR,6,12,3,80,0,0,3,339,16,-3.4984175287536345,0.25,6.666666666666667,26.666666666666668,0,28.25,5.333333333333333,NA,NA,NA,NA,NA,NA,NA,NA,NA,NA,NA,NA,NA,NA,NA
2016,Cam Johnson,cam johnson,CLE,OLB,10,0,0,0,0,0,0,0,0,NA,NA,NA,NA,NA,NA,NA,NA,NA,NA,NA,NA,NA,NA,NA,NA,NA,NA,NA,NA,NA,NA
2016,Cameron Meredith,cameron meredith,CHI,WR,14,97,66,888,4,3,44,960,309,24.938968116787862,0.6804123711340206,9.154639175257731,13.454545454545455,0.041237113402061855,9.896907216494846,4.681818181818182,97,66,888,4,68.04123711340206,5.703894736842104,2.4009852270561303,10.425463917525773,4.340606060606061,3.6584089100349226,0.6821971505711382,19.15041083801866,9.154639175257731,13.454545454545455,0.041237113402061855
2016,Cecil Shorts,cecil shorts,TB,WR,7,27,11,152,0,0,8,393,45,-0.3564607118163492,0.4074074074074074,5.62962962962963,13.818181818181818,0,14.555555555555555,4.090909090909091,NA,NA,NA,NA,NA,NA,NA,NA,NA,NA,NA,NA,NA,NA,NA
2016,Chandler Jones,chandler jones,ARI,DE,16,0,0,0,0,0,0,0,0,NA,NA,NA,NA,NA,NA,NA,NA,NA,NA,NA,NA,NA,NA,NA,NA,NA,NA,NA,NA,NA,NA
2016,Charles Johnson,charles johnson,CAR,DE,13,0,0,0,0,0,0,0,0,NA,NA,NA,NA,NA,NA,NA,NA,NA,NA,NA,NA,NA,NA,NA,NA,NA,NA,NA,NA,NA,NA
2016,Charone Peake,charone peake,NYJ,WR,12,35,19,186,0,0,7,317,71,-1.0142151706972733,0.5428571428571428,5.314285714285714,9.789473684210526,0,9.057142857142857,3.736842105263158,NA,NA,NA,NA,NA,NA,NA,NA,NA,NA,NA,NA,NA,NA,NA
2016,Chester Rogers,chester rogers,IND,WR,14,34,19,273,0,0,13,397,51,0.912622927294537,0.5588235294117647,8.029411764705882,14.368421052631579,0,11.676470588235293,2.6842105263157894,NA,NA,NA,NA,NA,NA,NA,NA,NA,NA,NA,NA,NA,NA,NA
2016,Chris Conley,chris conley,KC,WR,16,69,44,530,0,1,30,657,167,15.645253049692254,0.6376811594202898,7.681159420289855,12.045454545454545,0,9.521739130434783,3.7954545454545454,69,44,530,0,63.76811594202898,7.053676470588236,2.905711445551097,10.583478260869564,3.0490909090909084,4.017353781923293,-0.9682628728323848,18.677442868652246,7.681159420289855,12.045454545454545,0
2016,Chris Harper,chris harper,SF,WR,8,21,13,133,0,0,6,141,64,8.174246466660406,0.6190476190476191,6.333333333333333,10.23076923076923,0,6.714285714285714,4.923076923076923,NA,NA,NA,NA,NA,NA,NA,NA,NA,NA,NA,NA,NA,NA,NA
2016,Chris Hogan,chris hogan,NE,WR,15,58,38,680,4,1,23,800,241,27.868162704158717,0.6551724137931034,11.724137931034482,17.894736842105264,0.06896551724137931,13.793103448275861,6.342105263157895,58,38,680,4,65.51724137931035,5.195178571428571,3.1679604473470047,13.671206896551723,6.675263157894738,5.906720445591999,0.7685427123027395,17.778859003219758,11.724137931034482,17.894736842105264,0.06896551724137931
2016,Chris Moore,chris moore,BAL,WR,14,16,7,46,0,0,2,143,14,-6.278016573749483,0.4375,2.875,6.571428571428571,0,8.9375,2,NA,NA,NA,NA,NA,NA,NA,NA,NA,NA,NA,NA,NA,NA,NA
2016,Chris Thompson,chris thompson,WAS,RB,16,62,49,349,2,1,18,103,252,5.648431458406753,0.7903225806451613,5.629032258064516,7.122448979591836,0.03225806451612903,1.6612903225806452,5.142857142857143,NA,NA,NA,NA,NA,NA,NA,NA,NA,NA,NA,NA,NA,NA,NA
2016,Cobi Hamilton,cobi hamilton,PIT,WR,11,28,17,234,2,0,13,365,22,15.36451786931535,0.6071428571428571,8.357142857142858,13.764705882352942,0.07142857142857142,13.035714285714286,1.2941176470588236,NA,NA,NA,NA,NA,NA,NA,NA,NA,NA,NA,NA,NA,NA,NA
2016,Cody Core,cody core,CIN,WR,7,27,17,200,0,0,7,195,118,1.1940294883970637,0.6296296296296297,7.407407407407407,11.764705882352942,0,7.222222222222222,6.9411764705882355,NA,NA,NA,NA,NA,NA,NA,NA,NA,NA,NA,NA,NA,NA,NA
2016,Cody Latimer,cody latimer,DEN,WR,11,15,8,76,0,0,6,190,24,1.813044957916789,0.5333333333333333,5.066666666666666,9.5,0,12.666666666666666,3,NA,NA,NA,NA,NA,NA,NA,NA,NA,NA,NA,NA,NA,NA,NA
2016,Cole Beasley,cole beasley,DAL,WR,16,98,75,833,5,0,51,596,427,61.7445283282865,0.7653061224489796,8.5,11.106666666666667,0.05102040816326531,6.081632653061225,5.693333333333333,98,75,833,5,76.53061224489795,6.70641304347826,3.4045226093913414,6.840102040816326,4.960799999999999,5.173482953247786,-0.2126829532477874,15.97115171557707,8.5,11.106666666666667,0.05102040816326531
2016,Corey Brown,corey brown,CAR,WR,16,53,27,276,1,0,16,535,112,-4.120156803974174,0.5094339622641509,5.2075471698113205,10.222222222222221,0.018867924528301886,10.09433962264151,4.148148148148148,53,27,271,1,50.943396226415096,6.243829787234042,3.172532643566693,10.083396226415093,4.285555555555555,5.136149336896962,-0.8505937813414075,8.795444446273102,5.113207547169812,10.037037037037036,0.018867924528301886
2016,Corey Coleman,corey coleman,CLE,WR,10,73,33,413,3,0,17,1014,97,2.7048328515375033,0.4520547945205479,5.657534246575342,12.515151515151516,0.0410958904109589,13.89041095890411,2.9393939393939394,73,33,413,3,45.20547945205479,5.606901408450705,2.752814529785125,15.20109589041096,2.775151515151515,3.178423348702121,-0.40327183355060603,21.64878663553025,5.657534246575342,12.515151515151516,0.0410958904109589
2016,Damiere Byrd,damiere byrd,CAR,WR,1,1,1,16,0,0,1,13,3,1.0952531285583973,1,16,16,0,13,3,NA,NA,NA,NA,NA,NA,NA,NA,NA,NA,NA,NA,NA,NA,NA
2016,Daniel Braverman,daniel braverman,CHI,WR,2,2,0,0,0,0,0,22,0,-5.79052251833491,0,0,NA,0,11,NA,NA,NA,NA,NA,NA,NA,NA,NA,NA,NA,NA,NA,NA,NA,NA
2016,Danny Amendola,danny amendola,NE,WR,12,29,23,243,4,1,14,255,73,17.840086875880424,0.7931034482758621,8.379310344827585,10.565217391304348,0.13793103448275862,8.793103448275861,3.1739130434782608,NA,NA,NA,NA,NA,NA,NA,NA,NA,NA,NA,NA,NA,NA,NA
2016,Darrius Heyward-Bey,darrius heyward bey,PIT,WR,7,19,6,114,2,0,4,388,18,-2.9257306122913533,0.3157894736842105,6,19,0.10526315789473684,20.42105263157895,3,NA,NA,NA,NA,NA,NA,NA,NA,NA,NA,NA,NA,NA,NA,NA
2016,Davante Adams,davante adams,GB,WR,16,121,75,997,12,2,46,1438,386,43.66298768045017,0.6198347107438017,8.239669421487603,13.293333333333333,0.09917355371900827,11.884297520661157,5.1466666666666665,121,75,997,12,61.98347107438017,4.64936936936937,2.8902344618586926,12.30917355371901,5.3617333333333335,5.291671807148895,0.07006152618443817,26.02930767819226,8.239669421487603,13.293333333333333,0.09917355371900827
2016,De'Anthony Thomas,de anthony thomas,KC,WR,10,9,7,35,0,0,2,32,24,-2.1976047871867195,0.7777777777777778,3.888888888888889,5,0,3.5555555555555554,3.4285714285714284,NA,NA,NA,NA,NA,NA,NA,NA,NA,NA,NA,NA,NA,NA,NA
2016,DeAndre Hopkins,deandre hopkins,HOU,WR,16,151,78,954,4,0,56,1752,279,-2.149458001503671,0.5165562913907285,6.317880794701987,12.23076923076923,0.026490066225165563,11.602649006622517,3.576923076923077,151,78,954,4,51.65562913907284,4.325436241610738,2.25623885292923,12.691258278145696,2.993205128205128,2.7228349277302706,0.2703702004748574,35.16506504063548,6.317880794701987,12.23076923076923,0.026490066225165563
2016,DeAndre Smelter,deandre smelter,SF,WR,1,1,1,23,0,0,1,13,10,1.409256712300703,1,23,23,0,13,10,NA,NA,NA,NA,NA,NA,NA,NA,NA,NA,NA,NA,NA,NA,NA
2016,DeMarcus Ayers,demarcus ayers,PIT,WR,2,13,6,53,1,0,3,132,28,3.8232747125439346,0.46153846153846156,4.076923076923077,8.833333333333334,0.07692307692307693,10.153846153846153,4.666666666666667,NA,NA,NA,NA,NA,NA,NA,NA,NA,NA,NA,NA,NA,NA,NA
2016,DeSean Jackson,desean jackson,WAS,WR,15,100,56,1005,4,0,35,1489,281,33.12515014055051,0.56,10.05,17.946428571428573,0.04,14.89,5.017857142857143,100,56,1005,4,56.00000000000001,7.295833333333334,2.8862852196325024,16.035399999999996,4.867142857142858,5.051773002105554,-0.18463014496269547,28.085914306381916,10.05,17.946428571428573,0.04
2016,DeVante Parker,devante parker,MIA,WR,15,87,56,744,4,0,34,1043,236,19.47090054746308,0.6436781609195402,8.551724137931034,13.285714285714286,0.04597701149425287,11.988505747126437,4.214285714285714,87,56,744,4,64.36781609195403,4.933139534883721,2.2975543609307754,12.513908045977011,4.301964285714285,4.417146072781715,-0.11518178706742965,27.762095283266653,8.551724137931034,13.285714285714286,0.04597701149425287
2016,Demarcus Robinson,demarcus robinson,KC,WR,7,0,0,0,0,0,0,0,0,NA,NA,NA,NA,NA,NA,NA,NA,NA,NA,NA,NA,NA,NA,NA,NA,NA,NA,NA,NA,NA,NA
2016,Demaryius Thomas,demaryius thomas,DEN,WR,16,144,90,1083,5,2,50,1481,322,25.78164704250673,0.625,7.520833333333333,12.033333333333333,0.034722222222222224,10.284722222222221,3.577777777777778,144,90,1083,5,62.5,4.674265734265734,2.052955232574223,11.125416666666666,3.420000000000001,3.5058160461553496,-0.08581604615534877,29.559720577001848,7.520833333333333,12.033333333333333,0.034722222222222224
2016,Deonte Thompson,deonte thompson,CHI,WR,15,36,22,249,2,0,18,469,43,11.142349483154248,0.6111111111111112,6.916666666666667,11.318181818181818,0.05555555555555555,13.027777777777779,1.9545454545454546,NA,NA,NA,NA,NA,NA,NA,NA,NA,NA,NA,NA,NA,NA,NA
2016,Derrick Johnson,derrick johnson,KC,LB,13,0,0,0,0,0,0,0,0,NA,NA,NA,NA,NA,NA,NA,NA,NA,NA,NA,NA,NA,NA,NA,NA,NA,NA,NA,NA,NA,NA
2016,Devin Funchess,devin funchess,CAR,WR,14,58,23,371,4,0,20,770,103,8.29144857490138,0.39655172413793105,6.396551724137931,16.130434782608695,0.06896551724137931,13.275862068965518,4.478260869565218,58,23,371,4,39.6551724137931,6.2188888888888885,2.0438195354467976,14.91310344827586,4.440869565217391,3.7156218601263045,0.7252477050910868,14.235447079541153,6.396551724137931,16.130434782608695,0.06896551724137931
2016,Devin Hester,devin hester,BAL,WR,12,0,0,0,0,0,0,0,0,NA,NA,NA,NA,NA,NA,NA,NA,NA,NA,NA,NA,NA,NA,NA,NA,NA,NA,NA,NA,NA,NA
2016,Devin Smith,devin smith,NYJ,WR,2,3,1,20,0,0,1,49,6,-0.9648651159036183,0.3333333333333333,6.666666666666667,20,0,16.333333333333332,6,NA,NA,NA,NA,NA,NA,NA,NA,NA,NA,NA,NA,NA,NA,NA
2016,Devin Street,devin street,IND,WR,2,6,1,20,0,0,1,67,2,-1.1056539111887105,0.16666666666666666,3.3333333333333335,20,0,11.166666666666666,2,NA,NA,NA,NA,NA,NA,NA,NA,NA,NA,NA,NA,NA,NA,NA
2016,Dez Bryant,dez bryant,DAL,WR,13,96,50,796,8,1,38,1386,140,27.27241085151642,0.5208333333333334,8.291666666666666,15.92,0.08333333333333333,14.4375,2.8,96,50,796,8,52.083333333333336,5.243936170212765,1.823326953163286,15.482708333333335,2.6567999999999996,3.50139038069464,-0.8445903806946404,35.41324667093943,8.291666666666666,15.92,0.08333333333333333
2016,Dezmin Lewis,dezmin lewis,BUF,WR,1,1,0,0,0,0,0,11,0,-0.06391341297421604,0,0,NA,0,11,NA,NA,NA,NA,NA,NA,NA,NA,NA,NA,NA,NA,NA,NA,NA,NA
2016,Donte Moncrief,donte moncrief,IND,WR,9,56,30,307,7,0,22,576,78,10.318131066398898,0.5357142857142857,5.482142857142857,10.233333333333333,0.125,10.285714285714286,2.6,56,30,307,7,53.57142857142857,5.665714285714286,2.3553823686399866,11.061428571428573,2.5413333333333332,2.6691432801091333,-0.12780994677580004,11.848100103668965,5.482142857142857,10.233333333333333,0.125
2016,Dontrelle Inman,dontrelle inman,LAC,WR,16,97,58,810,4,0,37,1062,214,26.094189591016494,0.5979381443298969,8.350515463917526,13.96551724137931,0.041237113402061855,10.948453608247423,3.689655172413793,97,58,810,4,59.79381443298969,6.201666666666666,2.8140294668635586,11.41278350515464,3.697241379310345,4.522543615677569,-0.8253022363672242,21.63290271017061,8.350515463917526,13.96551724137931,0.041237113402061855
2016,Dorial Green-Beckham,dorial green beckham,PHI,WR,14,74,36,392,2,0,25,735,145,11.752593362846094,0.4864864864864865,5.297297297297297,10.88888888888889,0.02702702702702703,9.932432432432432,4.027777777777778,74,36,392,2,48.64864864864865,6.060675675675677,2.563052271581774,10.718243243243242,3.972777777777779,4.521596847706784,-0.5488190699290048,16.328627131275447,5.297297297297297,10.88888888888889,0.02702702702702703
2016,Doug Baldwin,doug baldwin,SEA,WR,16,125,94,1128,7,1,53,1110,472,58.60242049159021,0.752,9.024,12,0.056,8.88,5.0212765957446805,125,94,1128,7,75.2,6.618867924528302,3.0698670212862265,9.402640000000002,4.890212765957448,5.133962746947246,-0.24374998098979805,22.927586724850627,9.024,12,0.056
2016,Duke Williams,duke williams,BUF,S,4,0,0,0,0,0,0,0,0,NA,NA,NA,NA,NA,NA,NA,NA,NA,NA,NA,NA,NA,NA,NA,NA,NA,NA,NA,NA,NA,NA
2016,Dwayne Harris,dwayne harris,NYG,WR,16,1,1,13,1,0,1,13,0,2.0587962546851486,1,13,13,1,13,0,NA,NA,NA,NA,NA,NA,NA,NA,NA,NA,NA,NA,NA,NA,NA
2016,Eddie Royal,eddie royal,CHI,WR,9,43,33,369,2,1,16,258,187,14.686073957722522,0.7674418604651163,8.581395348837209,11.181818181818182,0.046511627906976744,6,5.666666666666667,43,33,369,2,76.74418604651163,6.001538461538462,3.4033791125456756,6.278604651162791,5.806969696969698,4.812983622153232,0.9939860748164655,5.112608816684247,8.581395348837209,11.181818181818182,0.046511627906976744
2016,Eli Rogers,eli rogers,PIT,WR,13,66,48,594,3,0,24,623,204,25.521024208209408,0.7272727272727273,9,12.375,0.045454545454545456,9.43939393939394,4.25,66,48,594,3,72.72727272727273,5.7282758620689656,2.9852840665543896,9.673636363636362,4.457083333333332,6.358134455460146,-1.9010511221268134,11.416565338673912,9,12.375,0.045454545454545456
2016,Emmanuel Sanders,emmanuel sanders,DEN,WR,15,137,79,1032,5,1,50,1683,252,20.22496931140637,0.5766423357664233,7.532846715328467,13.063291139240507,0.0364963503649635,12.284671532846716,3.189873417721519,137,79,1032,5,57.66423357664233,5.801908396946566,2.6294746835319396,13.349635036496348,3.0115189873417716,3.434979642493257,-0.42346065515148545,33.745161206995164,7.532846715328467,13.063291139240507,0.0364963503649635
2016,Eric Decker,eric decker,NYJ,WR,3,21,9,194,2,0,9,333,30,7.625696061958676,0.42857142857142855,9.238095238095237,21.555555555555557,0.09523809523809523,15.857142857142858,3.3333333333333335,NA,NA,NA,NA,NA,NA,NA,NA,NA,NA,NA,NA,NA,NA,NA
2016,Eric Weems,eric weems,ATL,WR,16,0,0,0,0,0,0,0,0,NA,NA,NA,NA,NA,NA,NA,NA,NA,NA,NA,NA,NA,NA,NA,NA,NA,NA,NA,NA,NA,NA
2016,Freddie Martino,freddie martino,TB,WR,7,11,8,142,1,0,5,131,30,8.337278046121355,0.7272727272727273,12.909090909090908,17.75,0.09090909090909091,11.909090909090908,3.75,NA,NA,NA,NA,NA,NA,NA,NA,NA,NA,NA,NA,NA,NA,NA
2016,George Farmer,george farmer,SEA,RB,2,3,1,4,0,0,0,-2,4,-1.3645591127879184,0.3333333333333333,1.3333333333333333,4,0,-0.6666666666666666,4,NA,NA,NA,NA,NA,NA,NA,NA,NA,NA,NA,NA,NA,NA,NA
2016,Geremy Davis,geremy davis,LAC,WR,3,2,0,0,0,0,0,4,0,-1.2750144591555,0,0,NA,0,2,NA,NA,NA,NA,NA,NA,NA,NA,NA,NA,NA,NA,NA,NA,NA,NA
2016,Geronimo Allison,geronimo allison,GB,WR,7,22,12,202,2,0,11,294,50,14.123902697282867,0.5454545454545454,9.181818181818182,16.833333333333332,0.09090909090909091,13.363636363636363,4.166666666666667,NA,NA,NA,NA,NA,NA,NA,NA,NA,NA,NA,NA,NA,NA,NA
2016,Golden Tate,golden tate,DET,WR,16,135,91,1077,4,1,46,1087,619,25.043181475901896,0.674074074074074,7.977777777777778,11.835164835164836,0.02962962962962963,8.051851851851852,6.802197802197802,135,91,1077,4,67.4074074074074,5.496899224806202,2.7148833127247483,8.379999999999999,6.556593406593406,5.65456280937491,0.9020305972184968,23.958068614993646,7.977777777777778,11.835164835164836,0.02962962962962963
2016,Greg Salas,greg salas,BUF,WR,2,6,4,89,1,0,3,93,33,6.676482838112861,0.6666666666666666,14.833333333333334,22.25,0.16666666666666666,15.5,8.25,NA,NA,NA,NA,NA,NA,NA,NA,NA,NA,NA,NA,NA,NA,NA
2016,Griff Whalen,griff whalen,LAC,WR,4,4,2,22,0,0,1,9,19,-6.945503021095229,0.5,5.5,11,0,2.25,9.5,NA,NA,NA,NA,NA,NA,NA,NA,NA,NA,NA,NA,NA,NA,NA
2016,Harry Douglas,harry douglas,TEN,WR,8,22,15,210,0,0,9,229,50,-2.116885844647186,0.6818181818181818,9.545454545454545,14,0,10.409090909090908,3.3333333333333335,NA,NA,NA,NA,NA,NA,NA,NA,NA,NA,NA,NA,NA,NA,NA
2016,Isaac Fruechte,isaac fruechte,MIN,WR,1,1,0,0,0,0,0,35,0,-0.4229864338412881,0,0,NA,0,35,NA,NA,NA,NA,NA,NA,NA,NA,NA,NA,NA,NA,NA,NA,NA,NA
2016,Isaiah Burse,isaiah burse,LAC,WR,8,4,0,0,0,0,0,64,0,-7.373336216784082,0,0,NA,0,16,NA,NA,NA,NA,NA,NA,NA,NA,NA,NA,NA,NA,NA,NA,NA,NA
2016,J.J. Nelson,j j nelson,ARI,WR,14,74,34,568,6,1,26,1249,174,18.00205775609689,0.4594594594594595,7.675675675675675,16.705882352941178,0.08108108108108109,16.87837837837838,5.117647058823529,74,34,568,6,45.94594594594595,5.903783783783784,2.930463344543924,18.28689189189189,4.763529411764705,3.560307056586412,1.2032223551782932,20.381566026255072,7.675675675675675,16.705882352941178,0.08108108108108109
2016,Jaelen Strong,jaelen strong,HOU,WR,6,24,14,131,0,0,4,178,32,-6.758421195772883,0.5833333333333334,5.458333333333333,9.357142857142858,0,7.416666666666667,2.2857142857142856,NA,NA,NA,NA,NA,NA,NA,NA,NA,NA,NA,NA,NA,NA,NA
2016,Jake Lampman,jake lampman,NO,WR,4,0,0,0,0,0,0,0,0,NA,NA,NA,NA,NA,NA,NA,NA,NA,NA,NA,NA,NA,NA,NA,NA,NA,NA,NA,NA,NA,NA
2016,Jakeem Grant,jakeem grant,MIA,WR,14,1,0,0,0,0,0,-3,0,-0.6651508007198572,0,0,NA,0,-3,NA,NA,NA,NA,NA,NA,NA,NA,NA,NA,NA,NA,NA,NA,NA,NA
2016,Jalin Marshall,jalin marshall,NYJ,WR,10,23,14,162,2,1,9,193,46,-5.506821934048386,0.6086956521739131,7.043478260869565,11.571428571428571,0.08695652173913043,8.391304347826088,3.2857142857142856,NA,NA,NA,NA,NA,NA,NA,NA,NA,NA,NA,NA,NA,NA,NA
2016,James Wright,james wright,CIN,WR,12,19,13,106,0,0,7,202,35,0.3448295278358273,0.6842105263157895,5.578947368421052,8.153846153846153,0,10.631578947368421,2.6923076923076925,NA,NA,NA,NA,NA,NA,NA,NA,NA,NA,NA,NA,NA,NA,NA
2016,Jamison Crowder,jamison crowder,WAS,WR,16,99,67,847,7,2,34,802,377,29.326146315803094,0.6767676767676768,8.555555555555555,12.64179104477612,0.0707070707070707,8.1010101010101,5.626865671641791,99,67,847,7,67.67676767676768,6.732235294117647,3.5934765911806594,8.656161616161617,5.612388059701491,5.668837136562553,-0.05644907686106215,15.00960694712764,8.555555555555555,12.64179104477612,0.0707070707070707
2016,Jared Abbrederis,jared abbrederis,GB,WR,2,2,1,8,0,0,0,9,2,-0.1250468879006803,0.5,4,8,0,4.5,2,NA,NA,NA,NA,NA,NA,NA,NA,NA,NA,NA,NA,NA,NA,NA
2016,Jarius Wright,jarius wright,MIN,WR,4,14,11,67,1,0,5,56,42,5.345014750899281,0.7857142857142857,4.785714285714286,6.090909090909091,0.07142857142857142,4,3.8181818181818183,NA,NA,NA,NA,NA,NA,NA,NA,NA,NA,NA,NA,NA,NA,NA
2016,Jaron Brown,jaron brown,ARI,WR,6,22,11,187,1,0,6,280,58,1.3380425092685684,0.5,8.5,17,0.045454545454545456,12.727272727272727,5.2727272727272725,NA,NA,NA,NA,NA,NA,NA,NA,NA,NA,NA,NA,NA,NA,NA
2016,Jarvis Landry,jarvis landry,MIA,WR,16,131,94,1136,4,1,52,833,616,37.64140538992852,0.7175572519083969,8.67175572519084,12.085106382978724,0.030534351145038167,6.358778625954199,6.553191489361702,131,94,1136,4,71.7557251908397,5.838512396694215,2.8540156097702063,6.477022900763359,6.5420212765957455,4.765788367723645,1.7762329088721005,21.636487427229405,8.67175572519084,12.085106382978724,0.030534351145038167
2016,Jeff Janis,jeff janis,GB,WR,14,19,11,93,1,0,4,198,30,0.8605397474602796,0.5789473684210527,4.894736842105263,8.454545454545455,0.05263157894736842,10.421052631578947,2.727272727272727,NA,NA,NA,NA,NA,NA,NA,NA,NA,NA,NA,NA,NA,NA,NA
2016,Jeremy Butler,jeremy butler,LAC,WR,2,2,2,11,0,0,0,10,1,-0.6436242618365213,1,5.5,5.5,0,5,0.5,NA,NA,NA,NA,NA,NA,NA,NA,NA,NA,NA,NA,NA,NA,NA
2016,Jeremy Kerley,jeremy kerley,SF,WR,16,115,64,667,3,1,33,988,207,-23.513111413726126,0.5565217391304348,5.8,10.421875,0.02608695652173913,8.591304347826087,3.234375,115,64,667,3,55.65217391304348,6.517843137254903,3.1494108707836843,9.171478260869563,3.1635937500000004,4.814907075876471,-1.6513133258764707,24.796345623517404,5.8,10.421875,0.02608695652173913
2016,Jeremy Maclin,jeremy maclin,KC,WR,12,76,44,536,2,0,29,817,141,4.165815355480065,0.5789473684210527,7.052631578947368,12.181818181818182,0.02631578947368421,10.75,3.2045454545454546,76,44,536,2,57.89473684210527,6.089722222222221,2.359351389758836,11.47078947368421,3.0922727272727273,4.092893911358023,-1.0006211840852957,22.297019067227644,7.052631578947368,12.181818181818182,0.02631578947368421
2016,Jeremy Ross,jeremy ross,ARI,WR,5,4,4,37,1,0,4,30,7,4.256614519341383,1,9.25,9.25,0.25,7.5,1.75,NA,NA,NA,NA,NA,NA,NA,NA,NA,NA,NA,NA,NA,NA,NA
2016,Jermaine Kearse,jermaine kearse,SEA,WR,16,89,41,510,1,0,24,1041,138,-19.433143779207846,0.4606741573033708,5.730337078651686,12.439024390243903,0.011235955056179775,11.696629213483146,3.3658536585365852,89,41,510,1,46.06741573033708,5.618837209302327,2.4438431252579336,13.240224719101125,3.2639024390243914,4.155013396244512,-0.8911109572201208,22.987084176213898,5.730337078651686,12.439024390243903,0.011235955056179775
2016,John Brown,john brown,ARI,WR,15,73,39,517,2,0,28,1012,99,-2.0084012340814574,0.5342465753424658,7.082191780821918,13.256410256410257,0.0273972602739726,13.863013698630137,2.5384615384615383,73,39,517,2,53.42465753424658,5.953538461538462,3.0329399275355704,14.793150684931504,2.543589743589744,2.9881372626622,-0.44454751907245615,16.26482796845536,7.082191780821918,13.256410256410257,0.0273972602739726
2016,Johnny Holton,johnny holton,LV,WR,12,3,2,34,0,0,2,35,14,2.665521098766476,0.6666666666666666,11.333333333333334,17,0,11.666666666666666,7,NA,NA,NA,NA,NA,NA,NA,NA,NA,NA,NA,NA,NA,NA,NA
2016,Jordan Matthews,jordan matthews,PHI,TE,14,117,73,804,3,1,38,1133,243,28.018986603802663,0.6239316239316239,6.871794871794871,11.013698630136986,0.02564102564102564,9.683760683760683,3.328767123287671,117,73,804,3,62.39316239316239,5.4466363636363635,2.837310301682817,10.720598290598293,3.228630136986301,4.4930371308333985,-1.2644069938470976,25.822556007098424,6.871794871794871,11.013698630136986,0.02564102564102564
2016,Jordan Norwood,jordan norwood,DEN,WR,14,35,21,232,1,1,9,284,69,-7.331804372543564,0.6,6.628571428571429,11.047619047619047,0.02857142857142857,8.114285714285714,3.2857142857142856,NA,NA,NA,NA,NA,NA,NA,NA,NA,NA,NA,NA,NA,NA,NA
2016,Jordan Payton,jordan payton,CLE,WR,2,3,1,3,0,0,0,37,0,-0.8494233416276984,0.3333333333333333,1,3,0,12.333333333333334,0,NA,NA,NA,NA,NA,NA,NA,NA,NA,NA,NA,NA,NA,NA,NA
2016,Jordan Taylor,jordan taylor,DEN,WR,11,25,16,209,2,1,10,260,82,6.936776317921492,0.64,8.36,13.0625,0.08,10.4,5.125,NA,NA,NA,NA,NA,NA,NA,NA,NA,NA,NA,NA,NA,NA,NA
2016,Jordy Nelson,jordy nelson,GB,WR,16,152,97,1257,14,1,62,1862,361,72.27184235638282,0.6381578947368421,8.269736842105264,12.958762886597938,0.09210526315789473,12.25,3.7216494845360826,152,97,1257,14,63.81578947368421,5.76867132867133,2.6681548219983333,13.011644736842106,3.6707216494845354,3.573893585463259,0.0968280640212762,34.56401114985014,8.269736842105264,12.958762886597938,0.09210526315789473
2016,Josh Bellamy,josh bellamy,CHI,WR,13,38,19,282,1,0,13,614,49,6.328701382655318,0.5,7.421052631578948,14.842105263157896,0.02631578947368421,16.157894736842106,2.5789473684210527,NA,NA,NA,NA,NA,NA,NA,NA,NA,NA,NA,NA,NA,NA,NA
2016,Josh Doctson,josh doctson,WAS,WR,2,6,2,66,0,0,1,113,15,1.211374117876403,0.3333333333333333,11,33,0,18.833333333333332,7.5,NA,NA,NA,NA,NA,NA,NA,NA,NA,NA,NA,NA,NA,NA,NA
2016,Josh Huff,josh huff,TB,WR,10,23,16,113,1,0,6,69,114,-0.5692117999030462,0.6956521739130435,4.913043478260869,7.0625,0.043478260869565216,3,7.125,NA,NA,NA,NA,NA,NA,NA,NA,NA,NA,NA,NA,NA,NA,NA
2016,Josh Johnson,josh johnson,JAX,CB,4,0,0,0,0,0,0,0,0,NA,NA,NA,NA,NA,NA,NA,NA,NA,NA,NA,NA,NA,NA,NA,NA,NA,NA,NA,NA,NA,NA
2016,Julian Edelman,julian edelman,NE,WR,16,159,98,1106,3,1,55,1421,494,40.31791160889003,0.6163522012578616,6.955974842767295,11.285714285714286,0.018867924528301886,8.937106918238994,5.040816326530612,159,98,1106,3,61.63522012578616,6.381911764705882,2.688326466364714,9.4888679245283,4.936836734693878,4.691841914336041,0.24499482035783693,33.82833029892644,6.955974842767295,11.285714285714286,0.018867924528301886
2016,Julio Jones,julio jones,ATL,WR,14,129,83,1409,6,0,64,1821,396,61.018084480064545,0.6434108527131783,10.922480620155039,16.97590361445783,0.046511627906976744,14.116279069767442,4.771084337349397,129,83,1409,6,64.34108527131784,4.9568032786885245,2.2447113519127133,14.452790697674418,4.845783132530121,5.186795073706805,-0.3410119411766841,38.77595587501247,10.922480620155039,16.97590361445783,0.046511627906976744
2016,Justin Hardy,justin hardy,ATL,WR,13,31,21,203,4,0,17,267,48,14.634446776101356,0.6774193548387096,6.548387096774194,9.666666666666666,0.12903225806451613,8.612903225806452,2.2857142857142856,NA,NA,NA,NA,NA,NA,NA,NA,NA,NA,NA,NA,NA,NA,NA
2016,Justin Hunter,justin hunter,BUF,WR,10,24,10,189,4,0,10,341,30,4.340934567432008,0.4166666666666667,7.875,18.9,0.16666666666666666,14.208333333333334,3,NA,NA,NA,NA,NA,NA,NA,NA,NA,NA,NA,NA,NA,NA,NA
2016,Kalif Raymond,kalif raymond,DEN,WR,4,2,0,0,0,0,0,66,0,-1.4214068727451377,0,0,NA,0,33,NA,NA,NA,NA,NA,NA,NA,NA,NA,NA,NA,NA,NA,NA,NA,NA
2016,Kamar Aiken,kamar aiken,BAL,WR,16,50,29,328,1,0,18,566,106,9.204020062810704,0.58,6.56,11.310344827586206,0.02,11.32,3.6551724137931036,50,29,328,1,57.99999999999999,5.196666666666666,3.367591061934661,12.121999999999998,3.534137931034484,4.679515372065828,-1.1453774410313442,11.543222808387451,6.56,11.310344827586206,0.02
2016,Kasen Williams,kasen williams,SEA,WR,1,1,0,0,0,0,0,10,0,-0.44170882157050073,0,0,NA,0,10,NA,NA,NA,NA,NA,NA,NA,NA,NA,NA,NA,NA,NA,NA,NA,NA
2016,Keenan Allen,keenan allen,LAC,WR,1,7,6,63,0,0,5,50,18,5.888683334109373,0.8571428571428571,9,10.5,0,7.142857142857143,3,NA,NA,NA,NA,NA,NA,NA,NA,NA,NA,NA,NA,NA,NA,NA
2016,Keith Mumphery,keith mumphery,HOU,WR,8,12,10,69,0,0,2,57,20,-0.26064125990805653,0.8333333333333334,5.75,6.9,0,4.75,2,NA,NA,NA,NA,NA,NA,NA,NA,NA,NA,NA,NA,NA,NA,NA
2016,Kendall Wright,kendall wright,TEN,WR,11,43,29,416,3,0,18,435,124,9.355829584082711,0.6744186046511628,9.674418604651162,14.344827586206897,0.06976744186046512,10.116279069767442,4.275862068965517,43,29,416,3,67.44186046511628,6.113947368421054,2.9236142763626627,10.670930232558138,4.282068965517243,4.2750160008886615,0.007052964628581293,9.41470240635567,9.674418604651162,14.344827586206897,0.06976744186046512
2016,Kenny Britt,kenny britt,LA,WR,15,111,68,1002,5,2,47,1265,295,34.60714705582845,0.6126126126126126,9.027027027027026,14.735294117647058,0.04504504504504504,11.396396396396396,4.338235294117647,111,68,1002,5,61.261261261261254,4.863513513513513,2.3205808458945043,12.706846846846844,4.133823529411764,4.168005551490561,-0.03418202207879695,33.04655467303951,9.027027027027026,14.735294117647058,0.04504504504504504
2016,Kenny Stills,kenny stills,MIA,WR,16,81,42,726,9,0,30,1159,193,13.204666486938605,0.5185185185185185,8.962962962962964,17.285714285714285,0.1111111111111111,14.308641975308642,4.595238095238095,81,42,726,9,51.85185185185185,6.459189189189189,2.4815387079464912,15.291234567901233,4.216904761904761,3.9911371753431104,0.22576758656165063,31.584033945588118,8.962962962962964,17.285714285714285,0.1111111111111111
2016,Keshawn Martin,keshawn martin,SF,WR,1,0,0,0,0,0,0,0,0,NA,NA,NA,NA,NA,NA,NA,NA,NA,NA,NA,NA,NA,NA,NA,NA,NA,NA,NA,NA,NA,NA
2016,Kevin White,kevin white,CHI,WR,4,36,19,187,0,0,8,434,54,-10.022142385161715,0.5277777777777778,5.194444444444445,9.842105263157896,0,12.055555555555555,2.8421052631578947,NA,NA,NA,NA,NA,NA,NA,NA,NA,NA,NA,NA,NA,NA,NA
2016,Kyle Williams,kyle williams,BUF,DT,15,0,0,0,0,0,0,0,0,NA,NA,NA,NA,NA,NA,NA,NA,NA,NA,NA,NA,NA,NA,NA,NA,NA,NA,NA,NA,NA,NA
2016,Laquon Treadwell,laquon treadwell,MIN,WR,4,3,1,15,0,0,1,59,0,-0.4724558989054417,0.3333333333333333,5,15,0,19.666666666666668,0,NA,NA,NA,NA,NA,NA,NA,NA,NA,NA,NA,NA,NA,NA,NA
2016,Larry Fitzgerald,larry fitzgerald,ARI,WR,16,150,107,1023,6,2,60,1150,358,30.592933922224805,0.7133333333333334,6.82,9.560747663551401,0.04,7.666666666666667,3.3457943925233646,150,107,1023,6,71.33333333333334,6.482462686567165,2.361345376740551,7.994866666666669,3.4297196261682235,3.6251963890891172,-0.19547676292089378,18.06210727346118,6.82,9.560747663551401,0.04
2016,Leonte Carroo,leonte carroo,MIA,WR,5,6,3,29,1,0,2,101,13,-3.518894066219218,0.5,4.833333333333333,9.666666666666666,0.16666666666666666,16.833333333333332,4.333333333333333,NA,NA,NA,NA,NA,NA,NA,NA,NA,NA,NA,NA,NA,NA,NA
2016,Lucky Whitehead,lucky whitehead,DAL,WR,15,3,3,48,0,0,1,14,34,4.421731213864405,1,16,16,0,4.666666666666667,11.333333333333334,NA,NA,NA,NA,NA,NA,NA,NA,NA,NA,NA,NA,NA,NA,NA
2016,Malcolm Mitchell,malcolm mitchell,NE,WR,12,48,32,401,4,0,23,498,167,23.967641862621015,0.6666666666666666,8.354166666666666,12.53125,0.08333333333333333,10.375,5.21875,48,32,401,4,66.66666666666666,5.191521739130435,2.5921711474912685,11.125,5.099687500000002,4.016661789343438,1.083025710656564,11.97320155337716,8.354166666666666,12.53125,0.08333333333333333
2016,Marc Mariani,marc mariani,TEN,WR,16,0,0,0,0,0,0,0,0,NA,NA,NA,NA,NA,NA,NA,NA,NA,NA,NA,NA,NA,NA,NA,NA,NA,NA,NA,NA,NA,NA
2016,Marcus Smith,marcus smith,PHI,LB,12,0,0,0,0,0,0,0,0,NA,NA,NA,NA,NA,NA,NA,NA,NA,NA,NA,NA,NA,NA,NA,NA,NA,NA,NA,NA,NA,NA
2016,Mario Alford,mario alford,CLE,WR,3,0,0,0,0,0,0,0,0,NA,NA,NA,NA,NA,NA,NA,NA,NA,NA,NA,NA,NA,NA,NA,NA,NA,NA,NA,NA,NA,NA
2016,Mario Williams,mario williams,MIA,DE,8,0,0,0,0,0,0,0,0,NA,NA,NA,NA,NA,NA,NA,NA,NA,NA,NA,NA,NA,NA,NA,NA,NA,NA,NA,NA,NA,NA
2016,Markus Wheaton,markus wheaton,PIT,WR,3,9,4,51,1,0,2,114,8,2.9341993307243714,0.4444444444444444,5.666666666666667,12.75,0.1111111111111111,12.666666666666666,2,NA,NA,NA,NA,NA,NA,NA,NA,NA,NA,NA,NA,NA,NA,NA
2016,Marqise Lee,marqise lee,JAX,WR,16,105,63,851,3,0,44,1210,338,15.653464581617374,0.6,8.104761904761904,13.507936507936508,0.02857142857142857,11.523809523809524,5.365079365079365,105,63,851,3,60,6.254466019417476,2.5639410991592992,11.866952380952378,5.495238095238096,5.377943992085825,0.11729410315227096,22.802519562846324,8.104761904761904,13.507936507936508,0.02857142857142857
2016,Marquess Wilson,marquess wilson,CHI,WR,3,16,9,160,1,0,8,272,50,7.321385859104339,0.5625,10,17.77777777777778,0.0625,17,5.555555555555555,NA,NA,NA,NA,NA,NA,NA,NA,NA,NA,NA,NA,NA,NA,NA
2016,Marquise Goodwin,marquise goodwin,BUF,WR,14,68,29,431,3,0,20,1013,98,1.7478784634269626,0.4264705882352941,6.338235294117647,14.862068965517242,0.04411764705882353,14.897058823529411,3.3793103448275863,68,29,413,3,42.64705882352941,6.535909090909091,2.8395524838599293,15.823235294117648,2.337241379310345,2.2694511989066894,0.06779018040365559,22.866335707849508,6.073529411764706,14.241379310344827,0.04411764705882353
2016,Marvin Jones,marvin jones,DET,WR,15,103,55,930,4,0,41,1432,237,43.027203578496184,0.5339805825242718,9.029126213592233,16.90909090909091,0.038834951456310676,13.902912621359222,4.3090909090909095,103,55,930,4,53.398058252427184,3.7646601941747573,2.0481856487819665,14.651747572815532,4.29,3.82574507899505,0.46425492100495,31.95955103769589,9.029126213592233,16.90909090909091,0.038834951456310676
2016,Matthew Slater,matthew slater,NE,WR,7,1,0,0,0,0,0,49,0,-0.4714699103496969,0,0,NA,0,49,NA,NA,NA,NA,NA,NA,NA,NA,NA,NA,NA,NA,NA,NA,NA,NA
2016,Maurice Alexander,maurice alexander,LA,LB,14,0,0,0,0,0,0,0,0,NA,NA,NA,NA,NA,NA,NA,NA,NA,NA,NA,NA,NA,NA,NA,NA,NA,NA,NA,NA,NA,NA
2016,Maurice Harris,maurice harris,WAS,WR,7,12,8,66,0,0,4,105,10,-1.0112981726997532,0.6666666666666666,5.5,8.25,0,8.75,1.25,NA,NA,NA,NA,NA,NA,NA,NA,NA,NA,NA,NA,NA,NA,NA
2016,Michael Bennett,michael bennett,SEA,DE,11,0,0,0,0,0,0,0,0,NA,NA,NA,NA,NA,NA,NA,NA,NA,NA,NA,NA,NA,NA,NA,NA,NA,NA,NA,NA,NA,NA
2016,Michael Campanaro,michael campanaro,BAL,WR,3,1,0,0,0,0,0,-2,0,-0.47421195544302464,0,0,NA,0,-2,NA,NA,NA,NA,NA,NA,NA,NA,NA,NA,NA,NA,NA,NA,NA,NA
2016,Michael Crabtree,michael crabtree,LV,WR,16,145,89,1003,8,2,56,1514,252,38.53876783925308,0.6137931034482759,6.917241379310345,11.269662921348315,0.05517241379310345,10.441379310344828,2.831460674157303,145,89,1003,8,61.37931034482759,5.976,2.2610439900519386,11.564206896551722,2.8544943820224717,2.9213318859195905,-0.06683750389711873,33.81708470556441,6.917241379310345,11.269662921348315,0.05517241379310345
2016,Michael Floyd,michael floyd,NE,WR,14,76,37,488,5,0,31,1110,69,7.092615031247172,0.4868421052631579,6.421052631578948,13.18918918918919,0.06578947368421052,14.605263157894736,1.864864864864865,76,37,488,5,48.68421052631579,5.790800000000001,2.4188990618470334,15.569605263157897,1.7421621621621628,3.2119723014238137,-1.469810139261651,17.82202823112654,6.421052631578948,13.18918918918919,0.06578947368421052
2016,Michael Johnson,michael johnson,CIN,DE,16,0,0,0,0,0,0,0,0,NA,NA,NA,NA,NA,NA,NA,NA,NA,NA,NA,NA,NA,NA,NA,NA,NA,NA,NA,NA,NA,NA
2016,Michael Thomas,michael thomas,MIA/NO,DB,31,121,92,1137,9,2,62,961,483,27.31972916859404,0.7603305785123967,9.396694214876034,12.358695652173912,0.0743801652892562,7.9421487603305785,5.25,121,92,1137,9,76.03305785123968,4.842564102564103,2.444629136885177,8.438099173553718,4.9943478260869565,4.64559421380238,0.34875361228457624,20.033002134739753,9.396694214876034,12.358695652173912,0.0743801652892562
2016,Mike Evans,mike evans,TB,WR,16,173,96,1321,12,0,81,2563,179,64.29338628899595,0.5549132947976878,7.635838150289017,13.760416666666666,0.06936416184971098,14.815028901734104,1.8645833333333333,173,96,1321,12,55.49132947976878,5.75391812865497,2.163240825809149,15.538265895953751,1.8864583333333333,2.430979800013174,-0.5445214666798408,44.006653089823246,7.635838150289017,13.760416666666666,0.06936416184971098
2016,Mike Thomas,mike thomas,LA,WR,8,9,3,37,0,0,2,113,13,-3.4781622838927433,0.3333333333333333,4.111111111111111,12.333333333333334,0,12.555555555555555,4.333333333333333,NA,NA,NA,NA,NA,NA,NA,NA,NA,NA,NA,NA,NA,NA,NA
2016,Mike Wallace,mike wallace,BAL,WR,16,116,72,1017,4,1,43,1414,427,34.285963687981095,0.6206896551724138,8.767241379310345,14.125,0.034482758620689655,12.189655172413794,5.930555555555555,116,72,1017,4,62.06896551724138,5.773706896551724,2.713413276296051,12.511896551724137,5.834722222222222,5.248995777631813,0.5857264445904091,27.64164778029596,8.767241379310345,14.125,0.034482758620689655
2016,Mohamed Sanu,mohamed sanu,ATL,WR,15,81,59,653,4,1,33,642,287,36.148604096487304,0.7283950617283951,8.061728395061728,11.067796610169491,0.04938271604938271,7.925925925925926,4.864406779661017,81,59,653,4,72.8395061728395,5.716571428571429,2.8987122296004686,8.604938271604938,4.865254237288135,5.714003094942796,-0.8487488576546607,14.496189810655219,8.061728395061728,11.067796610169491,0.04938271604938271
2016,Nelson Agholor,nelson agholor,PHI,WR,15,69,36,365,2,1,15,736,98,-4.265174593178568,0.5217391304347826,5.2898550724637685,10.13888888888889,0.028985507246376812,10.666666666666666,2.7222222222222223,69,36,365,2,52.17391304347826,6.24939393939394,2.292221220614623,11.44768115942029,3.022777777777778,3.3085145548319144,-0.2857367770541366,16.261513313652102,5.2898550724637685,10.13888888888889,0.028985507246376812
2016,Nick Williams,nick williams,ATL/MIA,WR,7,7,5,59,0,0,5,37,41,5.857450119627174,0.7142857142857143,8.428571428571429,11.8,0,5.285714285714286,8.2,NA,NA,NA,NA,NA,NA,NA,NA,NA,NA,NA,NA,NA,NA,NA
2016,Odell Beckham Jr.,odell beckham jr,NYG,WR,16,169,101,1367,10,2,66,1799,534,38.2145366230116,0.5976331360946746,8.088757396449704,13.534653465346535,0.05917159763313609,10.644970414201184,5.287128712871287,NA,NA,NA,NA,NA,NA,NA,NA,NA,NA,NA,NA,NA,NA,NA
2016,Paul McRoberts,paul mcroberts,LA,WR,1,1,1,6,0,0,0,6,0,-0.33305178489536047,1,6,6,0,6,0,NA,NA,NA,NA,NA,NA,NA,NA,NA,NA,NA,NA,NA,NA,NA
2016,Paul Richardson,paul richardson,SEA,WR,13,36,21,288,1,0,17,453,95,12.114731710227481,0.5833333333333334,8,13.714285714285714,0.027777777777777776,12.583333333333334,4.523809523809524,NA,NA,NA,NA,NA,NA,NA,NA,NA,NA,NA,NA,NA,NA,NA
2016,Paul Turner,paul turner,PHI,WR,3,14,9,126,0,0,6,140,52,4.717052493127994,0.6428571428571429,9,14,0,10,5.777777777777778,NA,NA,NA,NA,NA,NA,NA,NA,NA,NA,NA,NA,NA,NA,NA
2016,Percy Harvin,percy harvin,BUF,WR,1,4,2,6,0,0,0,8,3,-2.5309912709053606,0.5,1.5,3,0,2,1.5,NA,NA,NA,NA,NA,NA,NA,NA,NA,NA,NA,NA,NA,NA,NA
2016,Pharoh Cooper,pharoh cooper,LA,WR,9,20,14,106,0,0,4,70,72,-19.673912183164163,0.7,5.3,7.571428571428571,0,3.5,5.142857142857143,NA,NA,NA,NA,NA,NA,NA,NA,NA,NA,NA,NA,NA,NA,NA
2016,Phillip Dorsett,phillip dorsett,IND,WR,15,59,33,528,2,1,20,762,150,5.396969089587013,0.559322033898305,8.94915254237288,16,0.03389830508474576,12.915254237288135,4.545454545454546,59,33,528,2,55.932203389830505,7.072542372881356,2.902843283586208,13.835423728813561,4.325151515151516,4.658525747314787,-0.3333742321632709,15.613272687627438,8.94915254237288,16,0.03389830508474576
2016,Pierre Garcon,pierre garcon,WAS,WR,16,114,79,1041,3,0,52,1177,342,53.28865926061508,0.6929824561403509,9.131578947368421,13.177215189873417,0.02631578947368421,10.324561403508772,4.329113924050633,114,79,1041,3,69.2982456140351,5.0678761061946895,2.657758720873211,10.852368421052637,4.329113924050633,4.11357575428638,0.21553816976425288,21.668964043570185,9.131578947368421,13.177215189873417,0.02631578947368421
2016,Quan Bray,quan bray,IND,WR,6,4,3,36,0,0,1,26,13,2.1754744136705995,0.75,9,12,0,6.5,4.333333333333333,NA,NA,NA,NA,NA,NA,NA,NA,NA,NA,NA,NA,NA,NA,NA
2016,Quincy Enunwa,quincy enunwa,NYJ,WR,16,105,58,857,4,0,37,938,352,5.316869214652215,0.5523809523809524,8.161904761904761,14.775862068965518,0.0380952380952381,8.933333333333334,6.068965517241379,105,58,857,4,55.23809523809524,6.523205128205127,2.4327383067130066,9.661142857142856,6.23448275862069,5.823938358795723,0.4105443998249667,19.326371861479288,8.161904761904761,14.775862068965518,0.0380952380952381
2016,Quinton Patton,quinton patton,SF,WR,13,63,37,408,0,1,22,558,200,2.4687927012014006,0.5873015873015873,6.476190476190476,11.027027027027026,0,8.857142857142858,5.405405405405405,63,37,408,0,58.730158730158735,6.387096774193547,3.2223971831420024,9.913809523809523,5.382702702702702,5.607346103801891,-0.2246434010991889,14.683568706462632,6.476190476190476,11.027027027027026,0
2016,Randall Cobb,randall cobb,GB,WR,13,84,60,610,4,0,36,531,364,27.2744475349977,0.7142857142857143,7.261904761904762,10.166666666666666,0.047619047619047616,6.321428571428571,6.066666666666666,84,60,610,4,71.42857142857143,5.407361111111111,3.4028029845932326,7.454523809523811,5.789500000000001,5.179236787061503,0.6102632129384986,10.943280817189645,7.261904761904762,10.166666666666666,0.047619047619047616
2016,Rashad Greene,rashad greene,JAX,WR,8,8,5,32,0,0,1,59,17,-6.507435476640239,0.625,4,6.4,0,7.375,3.4,NA,NA,NA,NA,NA,NA,NA,NA,NA,NA,NA,NA,NA,NA,NA
2016,Rashad Ross,rashad ross,WAS,WR,2,1,1,8,0,0,0,7,1,0.5034833343233913,1,8,8,0,7,1,NA,NA,NA,NA,NA,NA,NA,NA,NA,NA,NA,NA,NA,NA,NA
2016,Rashard Higgins,rashard higgins,CLE,WR,10,12,6,77,0,0,5,138,31,-2.8509264990570955,0.5,6.416666666666667,12.833333333333334,0,11.5,5.166666666666667,NA,NA,NA,NA,NA,NA,NA,NA,NA,NA,NA,NA,NA,NA,NA
2016,Ricardo Louis,ricardo louis,CLE,WR,14,35,18,205,0,1,7,373,82,1.7492866196408867,0.5142857142857142,5.857142857142857,11.38888888888889,0,10.657142857142857,4.555555555555555,NA,NA,NA,NA,NA,NA,NA,NA,NA,NA,NA,NA,NA,NA,NA
2016,Rishard Matthews,rishard matthews,TEN,WR,16,108,65,945,9,1,43,1427,203,31.29905469387272,0.6018518518518519,8.75,14.538461538461538,0.08333333333333333,13.212962962962964,3.123076923076923,108,65,945,9,60.18518518518518,7.1388461538461545,2.167099764435854,13.507592592592593,3.8590769230769237,3.9598145537373233,-0.10073763066039954,29.932126325465358,8.75,14.538461538461538,0.08333333333333333
2016,Robbie Chosen,robbie chosen,NYJ,WR,14,78,42,587,2,1,18,1303,131,-8.892556305032755,0.5384615384615384,7.5256410256410255,13.976190476190476,0.02564102564102564,16.705128205128204,3.119047619047619,NA,NA,NA,NA,NA,NA,NA,NA,NA,NA,NA,NA,NA,NA,NA
2016,Robert Woods,robert woods,BUF,WR,13,76,51,613,1,0,33,837,124,20.934242237629444,0.6710526315789473,8.06578947368421,12.019607843137255,0.013157894736842105,11.013157894736842,2.4313725490196076,76,51,613,1,67.10526315789474,6.24958904109589,3.5252452115320008,11.175394736842104,2.693921568627452,3.551595990561848,-0.8576744219343961,18.04965232322889,8.06578947368421,12.019607843137255,0.013157894736842105
2016,Rod Streater,rod streater,SF,WR,14,27,18,191,2,0,13,233,67,13.015134695044253,0.6666666666666666,7.074074074074074,10.61111111111111,0.07407407407407407,8.62962962962963,3.7222222222222223,NA,NA,NA,NA,NA,NA,NA,NA,NA,NA,NA,NA,NA,NA,NA
2016,Roger Lewis,roger lewis,NYG,WR,10,19,7,97,2,0,4,333,4,-7.365462657522402,0.3684210526315789,5.105263157894737,13.857142857142858,0.10526315789473684,17.526315789473685,0.5714285714285714,NA,NA,NA,NA,NA,NA,NA,NA,NA,NA,NA,NA,NA,NA,NA
2016,Russell Shepard,russell shepard,TB,WR,13,40,23,341,2,0,19,548,76,15.061176668947196,0.575,8.525,14.826086956521738,0.05,13.7,3.3043478260869565,NA,NA,NA,NA,NA,NA,NA,NA,NA,NA,NA,NA,NA,NA,NA
2016,Ryan Davis,ryan davis,DAL,DE,7,0,0,0,0,0,0,0,0,NA,NA,NA,NA,NA,NA,NA,NA,NA,NA,NA,NA,NA,NA,NA,NA,NA,NA,NA,NA,NA,NA
2016,Ryan Grant,ryan grant,WAS,WR,12,19,9,76,0,0,6,167,25,-1.7676905614201877,0.47368421052631576,4,8.444444444444445,0,8.789473684210526,2.7777777777777777,NA,NA,NA,NA,NA,NA,NA,NA,NA,NA,NA,NA,NA,NA,NA
2016,Sammie Coates,sammie coates,PIT,WR,14,49,21,435,2,0,16,1018,109,5.557257386564743,0.42857142857142855,8.877551020408163,20.714285714285715,0.04081632653061224,20.775510204081634,5.190476190476191,49,21,435,2,42.857142857142854,6.759795918367347,2.5239471768132433,22.00857142857143,5.73142857142857,6.2511791416574765,-0.519750570228906,19.283670695944497,8.877551020408163,20.714285714285715,0.04081632653061224
2016,Sammy Watkins,sammy watkins,BUF,WR,8,52,28,430,2,0,20,745,52,12.858996454800945,0.5384615384615384,8.26923076923077,15.357142857142858,0.038461538461538464,14.326923076923077,1.8571428571428572,52,28,430,2,53.84615384615385,5.566734693877552,2.4988699799823277,15.061346153846152,1.1139285714285716,2.9925420816445425,-1.878613510215971,16.644069093320184,8.26923076923077,15.357142857142858,0.038461538461538464
2016,Seth Roberts,seth roberts,LV,WR,16,77,38,397,5,0,22,643,195,2.484332665481162,0.4935064935064935,5.1558441558441555,10.447368421052632,0.06493506493506493,8.35064935064935,5.131578947368421,77,38,397,5,49.35064935064935,4.735217391304348,2.5376762778991964,9.336753246753247,5.338421052631579,4.616605767480974,0.7218152851506057,14.499028934328537,5.1558441558441555,10.447368421052632,0.06493506493506493
2016,Shane Wynn,shane wynn,JAX,WR,2,3,1,19,0,0,1,25,12,-0.18605275230947882,0.3333333333333333,6.333333333333333,19,0,8.333333333333334,12,NA,NA,NA,NA,NA,NA,NA,NA,NA,NA,NA,NA,NA,NA,NA
2016,Stefon Diggs,stefon diggs,MIN,WR,13,112,84,903,3,0,47,951,319,46.049470711361266,0.75,8.0625,10.75,0.026785714285714284,8.491071428571429,3.7976190476190474,112,84,896,3,75,5.461467889908256,2.782359018736615,9.065357142857142,3.491428571428572,3.766960682954603,-0.2755321115260312,24.84340132325881,8,10.666666666666666,0.026785714285714284
2016,Sterling Shepard,sterling shepard,NYG,WR,16,105,65,683,8,0,42,972,257,21.269035106054393,0.6190476190476191,6.504761904761905,10.507692307692308,0.0761904761904762,9.257142857142858,3.953846153846154,105,65,683,8,61.904761904761905,5.260526315789474,2.735273368756398,9.326857142857142,4.222615384615385,4.826589307000953,-0.6039739223855678,19.990977400634037,6.504761904761905,10.507692307692308,0.0761904761904762
2016,Steve Smith,steve smith,BAL,WR,14,101,70,799,5,0,39,873,281,37.94716458611039,0.693069306930693,7.910891089108911,11.414285714285715,0.04950495049504951,8.643564356435643,4.014285714285714,101,70,799,5,69.3069306930693,6.503258426966291,2.659959570292205,9.094158415841585,3.815857142857143,3.1583797895749326,0.6574773532822102,17.493096158607425,7.910891089108911,11.414285714285715,0.04950495049504951
2016,T.Y. Hilton,t y hilton,IND,WR,16,155,91,1448,6,0,66,1898,342,60.225750650346704,0.5870967741935483,9.341935483870968,15.912087912087912,0.03870967741935484,12.245161290322581,3.758241758241758,155,91,1448,6,58.70967741935483,5.66841059602649,2.596274704554486,13.26425806451613,3.563516483516483,4.440398702765584,-0.8768822192491004,39.32458331580015,9.341935483870968,15.912087912087912,0.03870967741935484
2016,Tajae Sharpe,tajae sharpe,TEN,WR,16,83,41,522,2,0,27,1089,90,5.797267936228309,0.4939759036144578,6.289156626506024,12.731707317073171,0.024096385542168676,13.120481927710843,2.1951219512195124,83,41,522,2,49.39759036144578,6.3984337349397595,2.1180075594954255,13.749999999999996,2.0763414634146344,2.5077315510770437,-0.43139008766240927,23.416212534059948,6.289156626506024,12.731707317073171,0.024096385542168676
2016,Tanner McEvoy,tanner mcevoy,SEA,WR,8,11,9,140,2,0,7,121,30,9.059537869669326,0.8181818181818182,12.727272727272727,15.555555555555555,0.18181818181818182,11,3.3333333333333335,NA,NA,NA,NA,NA,NA,NA,NA,NA,NA,NA,NA,NA,NA,NA
2016,Tavarres King,tavarres king,NYG,WR,3,4,2,50,0,0,1,120,6,-1.8990890232962556,0.5,12.5,25,0,30,3,NA,NA,NA,NA,NA,NA,NA,NA,NA,NA,NA,NA,NA,NA,NA
2016,Tavon Austin,tavon austin,LA,WR,15,106,58,509,3,1,25,722,272,-38.16836684242132,0.5471698113207547,4.80188679245283,8.775862068965518,0.02830188679245283,6.811320754716981,4.689655172413793,106,58,509,3,54.71698113207547,6.977173913043478,3.1914531897961886,7.548396226415094,4.558620689655172,4.734016339324913,-0.1753956496697402,18.746749138961125,4.80188679245283,8.775862068965518,0.02830188679245283
2016,Taylor Gabriel,taylor gabriel,ATL,WR,12,50,35,579,6,0,21,523,284,29.391120771125795,0.7,11.58,16.542857142857144,0.12,10.46,8.114285714285714,50,35,579,6,70,7.0809999999999995,3.158981834854208,11.190999999999999,7.892,6.3763773191361715,1.515622680863829,11.637507903231173,11.58,16.542857142857144,0.12
2016,Terrance Williams,terrance williams,DAL,WR,15,61,44,594,4,1,34,726,165,29.555442061919514,0.7213114754098361,9.737704918032787,13.5,0.06557377049180328,11.901639344262295,3.75,61,44,594,4,72.1311475409836,6.2410000000000005,2.736280469136144,12.339180327868853,3.530227272727274,3.8783758620246136,-0.3481485892973395,17.933444996938384,9.737704918032787,13.5,0.06557377049180328
2016,Terrelle Pryor,terrelle pryor,CLE,WR,16,140,77,1007,4,0,48,1968,226,37.331640285662075,0.55,7.192857142857143,13.077922077922079,0.02857142857142857,14.057142857142857,2.935064935064935,140,77,1007,4,55.00000000000001,5.609927536231885,2.752861294475272,14.683214285714286,2.371298701298701,3.3338628825424164,-0.9625641812437156,40.10374905137314,7.192857142857143,13.077922077922079,0.02857142857142857
2016,Tommylee Lewis,tommylee lewis,NO,WR,12,11,7,76,0,0,4,76,20,-0.6813291487051174,0.6363636363636364,6.909090909090909,10.857142857142858,0,6.909090909090909,2.857142857142857,NA,NA,NA,NA,NA,NA,NA,NA,NA,NA,NA,NA,NA,NA,NA
2016,Tony Washington,tony washington,JAX,WR,1,1,1,9,0,0,0,-2,11,1.0570348561741412,1,9,9,0,-2,11,NA,NA,NA,NA,NA,NA,NA,NA,NA,NA,NA,NA,NA,NA,NA
2016,Torrey Smith,torrey smith,SF,WR,12,49,20,267,3,0,14,660,61,-14.124305083256306,0.40816326530612246,5.448979591836735,13.35,0.061224489795918366,13.46938775510204,3.05,49,20,267,3,40.816326530612244,6.306530612244898,2.3446615726191293,13.832857142857142,2.8299999999999996,3.82771820449765,-0.9977182044976503,15.935234969542943,5.448979591836735,13.35,0.061224489795918366
2016,Travis Benjamin,travis benjamin,LAC,WR,14,75,47,677,4,3,27,997,246,17.786146456464973,0.6266666666666667,9.026666666666667,14.404255319148936,0.05333333333333334,13.293333333333333,5.23404255319149,75,47,677,4,62.66666666666667,7.601111111111111,3.0174261849707245,13.329866666666668,5.679361702127658,4.96871083642785,0.7106508656998081,19.536130722888036,9.026666666666667,14.404255319148936,0.05333333333333334
2016,Trevor Davis,trevor davis,GB,WR,8,7,3,24,1,0,2,63,8,1.3233732712105848,0.42857142857142855,3.4285714285714284,8,0.14285714285714285,9,2.6666666666666665,NA,NA,NA,NA,NA,NA,NA,NA,NA,NA,NA,NA,NA,NA,NA
2016,Ty Montgomery,ty montgomery,GB,WR,15,56,44,348,0,1,19,68,323,3.0770730501436105,0.7857142857142857,6.214285714285714,7.909090909090909,0,1.2142857142857142,7.340909090909091,NA,NA,NA,NA,NA,NA,NA,NA,NA,NA,NA,NA,NA,NA,NA
2016,Tyler Boyd,tyler boyd,CIN,WR,16,81,54,603,1,1,33,681,201,5.409813045330502,0.6666666666666666,7.444444444444445,11.166666666666666,0.012345679012345678,8.407407407407407,3.7222222222222223,81,54,603,1,66.66666666666666,5.739218750000001,2.7718562673303433,9.286666666666667,3.802592592592593,4.841715630560274,-1.039123037967681,15.618699583692372,7.444444444444445,11.166666666666666,0.012345679012345678
2016,Tyler Lockett,tyler lockett,SEA,WR,15,66,41,597,1,0,22,698,216,17.997203787639428,0.6212121212121212,9.045454545454545,14.560975609756097,0.015151515151515152,10.575757575757576,5.2682926829268295,66,41,597,1,62.121212121212125,6.808750000000001,3.353730466559719,10.760909090909092,5.339756097560975,5.551802066768878,-0.21204596920790308,13.854518002368197,9.045454545454545,14.560975609756097,0.015151515151515152
2016,Tyreek Hill,tyreek hill,KC,WR,16,83,61,593,6,1,32,654,268,17.14329570084125,0.7349397590361446,7.144578313253012,9.721311475409836,0.07228915662650602,7.879518072289157,4.39344262295082,83,61,599,6,73.49397590361446,7.822638888888889,3.51871428008136,7.870602409638554,4.670655737704918,5.3315702868677315,-0.6609145491628139,16.708057853881865,7.216867469879518,9.819672131147541,0.07228915662650602
2016,Tyrell Williams,tyrell williams,LAC,WR,16,119,69,1059,7,0,48,1363,433,20.383556373604257,0.5798319327731093,8.899159663865547,15.347826086956522,0.058823529411764705,11.453781512605042,6.27536231884058,119,69,1059,7,57.98319327731093,5.72405172413793,2.4904903892016224,12.186218487394958,6.7,7.429491204369463,-0.729491204369463,28.337883178729783,8.899159663865547,15.347826086956522,0.058823529411764705
2016,Victor Cruz,victor cruz,NYG,WR,14,72,39,586,1,1,25,861,189,11.884511629839686,0.5416666666666666,8.13888888888889,15.025641025641026,0.013888888888888888,11.958333333333334,4.846153846153846,72,39,586,1,54.166666666666664,5.933239436619719,2.302431165814381,12.060833333333333,5.034102564102564,4.363149423630718,0.6709531404718456,17.726345786017426,8.13888888888889,15.025641025641026,0.013888888888888888
2016,Vince Mayle,vince mayle,DAL,TE,5,0,0,0,0,0,0,0,0,NA,NA,NA,NA,NA,NA,NA,NA,NA,NA,NA,NA,NA,NA,NA,NA,NA,NA,NA,NA,NA,NA
2016,Vincent Jackson,vincent jackson,TB,WR,5,32,15,173,0,0,8,435,16,-6.982120840778856,0.46875,5.40625,11.533333333333333,0,13.59375,1.0666666666666667,NA,NA,NA,NA,NA,NA,NA,NA,NA,NA,NA,NA,NA,NA,NA
2016,Will Fuller,will fuller,HOU,WR,14,92,47,635,2,0,31,1397,238,8.001082843113782,0.5108695652173914,6.9021739130434785,13.51063829787234,0.021739130434782608,15.184782608695652,5.0638297872340425,92,47,630,2,51.08695652173913,5.9513043478260865,2.4641349009064295,16.31815217391304,4.40531914893617,3.8330119462709957,0.5723072026651739,27.547906570489577,6.8478260869565215,13.404255319148936,0.021739130434782608
2016,Willie Snead,willie snead,NO,WR,15,104,72,895,4,2,51,727,387,37.93638735198935,0.6923076923076923,8.60576923076923,12.430555555555555,0.038461538461538464,6.990384615384615,5.375,104,72,895,4,69.23076923076923,6.160833333333334,3.1229062747689325,7.415192307692308,5.490555555555555,5.8987406910284435,-0.4081851354728885,15.131145225089476,8.60576923076923,12.430555555555555,0.038461538461538464
2017,A.J. Green,a j green,CIN,WR,16,143,75,1078,8,2,55,1873,297,5.746161233083278,0.5244755244755245,7.538461538461538,14.373333333333333,0.055944055944055944,13.097902097902098,3.96,143,75,1078,8,52.44755244755245,4.909928057553957,2.3535551013233214,13.256293706293707,4.626933333333333,3.758768605970799,0.8681647273625335,46.31376036510582,7.538461538461538,14.373333333333333,0.055944055944055944
2017,Adam Humphries,adam humphries,TB,WR,16,83,61,631,1,1,34,543,307,28.47312291248818,0.7349397590361446,7.602409638554217,10.344262295081966,0.012048192771084338,6.542168674698795,5.032786885245901,83,61,631,1,73.49397590361446,6.8565,3.446208195575016,6.5607228915662645,5.038688524590163,4.880365859144369,0.15832266544579365,8.983392255878368,7.602409638554217,10.344262295081966,0.012048192771084338
2017,Adam Thielen,adam thielen,MIN,WR,16,142,91,1276,4,3,59,1496,447,41.05247690848531,0.6408450704225352,8.985915492957746,14.021978021978022,0.028169014084507043,10.535211267605634,4.912087912087912,142,91,1276,4,64.08450704225352,5.663257575757576,2.670579420191459,10.801901408450705,4.968021978021977,4.424703580402629,0.5433183976193483,38.38830534053112,8.985915492957746,14.021978021978022,0.028169014084507043
2017,Albert Wilson,albert wilson,KC,WR,13,62,42,554,3,0,32,377,318,24.22273474881053,0.6774193548387096,8.935483870967742,13.19047619047619,0.04838709677419355,6.080645161290323,7.571428571428571,62,42,554,3,67.74193548387096,6.702592592592593,4.1393853980062545,5.7309677419354825,7.98404761904762,7.111362875474986,0.8726847435726341,8.74085189604064,8.935483870967742,13.19047619047619,0.04838709677419355
2017,Aldrick Robinson,aldrick robinson,SF,WR,14,48,19,260,2,0,12,524,45,-5.955819162308636,0.3958333333333333,5.416666666666667,13.68421052631579,0.041666666666666664,10.916666666666666,2.3684210526315788,48,19,260,2,39.58333333333333,6.895227272727272,2.701215840092413,12.24833333333333,2.1794736842105267,2.577683469792527,-0.3982097855820004,12.00233546601121,5.416666666666667,13.68421052631579,0.041666666666666664
2017,Alex Erickson,alex erickson,CIN,WR,16,16,12,180,1,1,9,189,39,10.767226262250915,0.75,11.25,15,0.0625,11.8125,3.25,NA,NA,NA,NA,NA,NA,NA,NA,NA,NA,NA,NA,NA,NA,NA
2017,Allen Hurns,allen hurns,JAX,WR,10,56,39,484,2,0,28,542,175,20.982294546383496,0.6964285714285714,8.642857142857142,12.41025641025641,0.03571428571428571,9.678571428571429,4.487179487179487,56,39,484,2,69.64285714285714,5.648363636363635,2.5082365397118855,9.800357142857141,4.870256410256411,4.63035509625081,0.23990131400560166,13.65944229295051,8.642857142857142,12.41025641025641,0.03571428571428571
2017,Allen Robinson,allen robinson,JAX,WR,1,1,1,17,0,0,1,15,2,1.892764791380614,1,17,17,0,15,2,NA,NA,NA,NA,NA,NA,NA,NA,NA,NA,NA,NA,NA,NA,NA
2017,Alshon Jeffery,alshon jeffery,PHI,WR,16,120,57,789,9,0,44,1654,203,32.0184583537721,0.475,6.575,13.842105263157896,0.075,13.783333333333333,3.56140350877193,120,57,789,9,47.5,5.100769230769232,1.759199985989594,14.499583333333334,3.948771929824561,2.920116406592894,1.028655523231667,33.074055699070655,6.575,13.842105263157896,0.075
2017,Amara Darboh,amara darboh,SEA,WR,8,13,8,71,0,0,2,157,16,0.9580476683331653,0.6153846153846154,5.461538461538462,8.875,0,12.076923076923077,2,NA,NA,NA,NA,NA,NA,NA,NA,NA,NA,NA,NA,NA,NA,NA
2017,Amari Cooper,amari cooper,LV,WR,14,96,48,680,7,1,28,1109,293,-3.9503574580555565,0.5,7.083333333333333,14.166666666666666,0.07291666666666667,11.552083333333334,6.104166666666667,96,48,680,7,50,4.454545454545456,2.637225118082157,11.267291666666667,6.64375,5.62078395603123,1.0229660439687702,24.021675161286744,7.083333333333333,14.166666666666666,0.07291666666666667
2017,Andre Holmes,andre holmes,BUF,WR,10,23,13,120,3,0,10,308,11,8.645997199886427,0.5652173913043478,5.217391304347826,9.23076923076923,0.13043478260869565,13.391304347826088,0.8461538461538461,NA,NA,NA,NA,NA,NA,NA,NA,NA,NA,NA,NA,NA,NA,NA
2017,Andre Roberts,andre roberts,ATL,WR,16,4,1,12,0,0,1,20,7,-1.89332136717104,0.25,3,12,0,5,7,NA,NA,NA,NA,NA,NA,NA,NA,NA,NA,NA,NA,NA,NA,NA
2017,Andy Jones,andy jones,DET,WR,1,0,0,0,0,0,0,0,0,NA,NA,NA,NA,NA,NA,NA,NA,NA,NA,NA,NA,NA,NA,NA,NA,NA,NA,NA,NA,NA,NA
2017,Anthony Johnson,anthony johnson,IND,DE,2,0,0,0,0,0,0,0,0,NA,NA,NA,NA,NA,NA,NA,NA,NA,NA,NA,NA,NA,NA,NA,NA,NA,NA,NA,NA,NA,NA
2017,Antonio Brown,antonio brown,PIT,WR,14,163,101,1533,9,3,72,2187,481,42.91759481380346,0.6196319018404908,9.404907975460123,15.178217821782178,0.05521472392638037,13.417177914110429,4.762376237623762,163,101,1533,9,61.963190184049076,4.252173913043478,2.633107657030493,13.686012269938649,5.1388118811881185,4.044194729752477,1.0946171514356413,41.88507430459721,9.404907975460123,15.178217821782178,0.05521472392638037
2017,ArDarius Stewart,ardarius stewart,NYJ,WR,12,13,6,82,0,0,2,112,19,-1.4369276267825626,0.46153846153846156,6.3076923076923075,13.666666666666666,0,8.615384615384615,3.1666666666666665,NA,NA,NA,NA,NA,NA,NA,NA,NA,NA,NA,NA,NA,NA,NA
2017,Arrelious Benn,arrelious benn,JAX,WR,5,2,1,12,0,0,1,14,2,1.3894950891262852,0.5,6,12,0,7,2,NA,NA,NA,NA,NA,NA,NA,NA,NA,NA,NA,NA,NA,NA,NA
2017,Bennie Fowler,bennie fowler,DEN,WR,16,56,29,350,3,0,18,574,107,-12.10570221867701,0.5178571428571429,6.25,12.068965517241379,0.05357142857142857,10.25,3.689655172413793,56,29,350,3,51.78571428571429,5.963958333333333,2.451591715606189,10.450000000000001,4.029310344827586,3.122143135477613,0.9071672093499727,12.620065299996119,6.25,12.068965517241379,0.05357142857142857
2017,Bernard Reedy,bernard reedy,NE,WR,11,2,2,21,0,0,1,13,8,1.0491187802981585,1,10.5,10.5,0,6.5,4,NA,NA,NA,NA,NA,NA,NA,NA,NA,NA,NA,NA,NA,NA,NA
2017,Bobo Wilson,bobo wilson,TB,WR,3,1,1,18,1,0,1,18,0,2.394654566072859,1,18,18,1,18,0,NA,NA,NA,NA,NA,NA,NA,NA,NA,NA,NA,NA,NA,NA,NA
2017,Brandin Cooks,brandin cooks,NE,WR,16,114,65,1082,7,0,42,1759,227,40.72775058225482,0.5701754385964912,9.491228070175438,16.646153846153847,0.06140350877192982,15.429824561403509,3.4923076923076923,114,65,1082,7,57.01754385964912,5.215982142857143,2.652710996192712,15.142017543859652,3.9243076923076927,4.368593528933371,-0.4442858366256779,32.86203272896187,9.491228070175438,16.646153846153847,0.06140350877192982
2017,Brandon Coleman,brandon coleman,NO,WR,15,37,23,364,3,2,14,325,143,-1.7191947904066183,0.6216216216216216,9.837837837837839,15.826086956521738,0.08108108108108109,8.783783783783784,6.217391304347826,NA,NA,NA,NA,NA,NA,NA,NA,NA,NA,NA,NA,NA,NA,NA
2017,Brandon LaFell,brandon lafell,CIN,WR,16,89,52,548,3,1,26,774,239,3.6740421333946287,0.5842696629213483,6.157303370786517,10.538461538461538,0.033707865168539325,8.696629213483146,4.596153846153846,89,52,548,3,58.42696629213483,6.28645569620253,2.695126086315288,8.366179775280898,5.101730769230769,4.732267841283237,0.36946292794753166,18.191524189726024,6.157303370786517,10.538461538461538,0.033707865168539325
2017,Brandon Marshall,brandon marshall,NYG/DEN,WR,21,33,18,154,0,0,11,341,39,0.7442726374429185,0.5454545454545454,4.666666666666667,8.555555555555555,0,10.333333333333334,2.1666666666666665,NA,NA,NA,NA,NA,NA,NA,NA,NA,NA,NA,NA,NA,NA,NA
2017,Brandon Tate,brandon tate,BUF,WR,13,14,6,81,1,0,5,142,37,2.5804105782299303,0.42857142857142855,5.785714285714286,13.5,0.07142857142857142,10.142857142857142,6.166666666666667,NA,NA,NA,NA,NA,NA,NA,NA,NA,NA,NA,NA,NA,NA,NA
2017,Braxton Miller,braxton miller,HOU,WR,10,29,19,162,1,0,7,239,61,-0.1257127043752324,0.6551724137931034,5.586206896551724,8.526315789473685,0.034482758620689655,8.241379310344827,3.210526315789474,NA,NA,NA,NA,NA,NA,NA,NA,NA,NA,NA,NA,NA,NA,NA
2017,Brenton Bersin,brenton bersin,CAR,WR,6,14,8,128,0,0,6,205,16,-1.8373911035305355,0.5714285714285714,9.142857142857142,16,0,14.642857142857142,2,NA,NA,NA,NA,NA,NA,NA,NA,NA,NA,NA,NA,NA,NA,NA
2017,Breshad Perriman,breshad perriman,BAL,WR,11,35,10,77,0,0,3,491,5,-21.87575366303462,0.2857142857142857,2.2,7.7,0,14.028571428571428,0.5,NA,NA,NA,NA,NA,NA,NA,NA,NA,NA,NA,NA,NA,NA,NA
2017,Brian Quick,brian quick,WAS,WR,6,8,6,76,0,0,5,55,27,4.953701818129048,0.75,9.5,12.666666666666666,0,6.875,4.5,NA,NA,NA,NA,NA,NA,NA,NA,NA,NA,NA,NA,NA,NA,NA
2017,Brice Butler,brice butler,DAL,WR,13,23,15,317,3,0,10,425,35,17.456742389637046,0.6521739130434783,13.782608695652174,21.133333333333333,0.13043478260869565,18.47826086956522,2.3333333333333335,NA,NA,NA,NA,NA,NA,NA,NA,NA,NA,NA,NA,NA,NA,NA
2017,Brittan Golden,brittan golden,ARI,WR,9,9,5,70,0,0,3,63,49,-0.8455079266257184,0.5555555555555556,7.777777777777778,14,0,7,9.8,NA,NA,NA,NA,NA,NA,NA,NA,NA,NA,NA,NA,NA,NA,NA
2017,Bruce Ellington,bruce ellington,HOU,WR,11,57,29,330,2,1,14,562,136,-0.4770315823697011,0.5087719298245614,5.7894736842105265,11.379310344827585,0.03508771929824561,9.859649122807017,4.689655172413793,57,29,330,2,50.877192982456144,6.708799999999999,2.9487655762928813,9.77859649122807,4.456206896551726,4.771238570059381,-0.31503167350765526,10.349604123650085,5.7894736842105265,11.379310344827585,0.03508771929824561
2017,Bryce Treggs,bryce treggs,CLE,WR,6,18,5,79,0,0,4,278,3,-6.4770919003058225,0.2777777777777778,4.388888888888889,15.8,0,15.444444444444445,0.6,NA,NA,NA,NA,NA,NA,NA,NA,NA,NA,NA,NA,NA,NA,NA
2017,Chad Hansen,chad hansen,NYJ,WR,8,17,9,94,0,0,6,172,22,1.5083233588957228,0.5294117647058824,5.529411764705882,10.444444444444445,0,10.117647058823529,2.4444444444444446,NA,NA,NA,NA,NA,NA,NA,NA,NA,NA,NA,NA,NA,NA,NA
2017,Chad Williams,chad williams,ARI,WR,6,7,3,31,0,0,1,80,6,-1.779278562462423,0.42857142857142855,4.428571428571429,10.333333333333334,0,11.428571428571429,2,NA,NA,NA,NA,NA,NA,NA,NA,NA,NA,NA,NA,NA,NA,NA
2017,Chandler Jones,chandler jones,ARI,DE,16,0,0,0,0,0,0,0,0,NA,NA,NA,NA,NA,NA,NA,NA,NA,NA,NA,NA,NA,NA,NA,NA,NA,NA,NA,NA,NA,NA
2017,Charles Johnson,charles johnson,CAR,DE,10,0,0,0,0,0,0,0,0,NA,NA,NA,NA,NA,NA,NA,NA,NA,NA,NA,NA,NA,NA,NA,NA,NA,NA,NA,NA,NA,NA
2017,Charone Peake,charone peake,NYJ,WR,1,1,1,3,0,0,1,2,1,0.9011051466222852,1,3,3,0,2,1,NA,NA,NA,NA,NA,NA,NA,NA,NA,NA,NA,NA,NA,NA,NA
2017,Chester Rogers,chester rogers,IND,WR,10,37,23,284,1,0,15,345,104,3.6451242685108705,0.6216216216216216,7.675675675675675,12.347826086956522,0.02702702702702703,9.324324324324325,4.521739130434782,NA,NA,NA,NA,NA,NA,NA,NA,NA,NA,NA,NA,NA,NA,NA
2017,Chris Conley,chris conley,KC,WR,5,16,11,175,0,0,8,231,45,12.642985744486968,0.6875,10.9375,15.909090909090908,0,14.4375,4.090909090909091,NA,NA,NA,NA,NA,NA,NA,NA,NA,NA,NA,NA,NA,NA,NA
2017,Chris Godwin,chris godwin,TB,WR,NA,NA,NA,NA,NA,NA,NA,NA,NA,NA,NA,NA,NA,NA,NA,NA,55,34,525,1,61.81818181818181,6.451153846153847,2.2272316583585043,12.329272727272725,5.531176470588235,3.09812887354675,2.4330475970414853,11.186924969026482,9.545454545454545,15.441176470588236,0.01818181818181818
2017,Chris Hogan,chris hogan,NE,WR,9,59,34,439,5,0,22,780,171,17.683891109461413,0.576271186440678,7.440677966101695,12.911764705882353,0.0847457627118644,13.220338983050848,5.029411764705882,59,34,439,5,57.6271186440678,5.85,2.6755418989389743,13.188644067796615,5.337941176470587,5.78229350019722,-0.44435232372663247,14.813510405799537,7.440677966101695,12.911764705882353,0.0847457627118644
2017,Chris Matthews,chris matthews,BAL,WR,4,6,3,25,0,0,2,39,5,-3.05435509351712,0.5,4.166666666666667,8.333333333333334,0,6.5,1.6666666666666667,NA,NA,NA,NA,NA,NA,NA,NA,NA,NA,NA,NA,NA,NA,NA
2017,Chris Moore,chris moore,BAL,WR,13,38,18,248,3,0,11,516,41,-5.418636320682708,0.47368421052631576,6.526315789473684,13.777777777777779,0.07894736842105263,13.578947368421053,2.2777777777777777,NA,NA,NA,NA,NA,NA,NA,NA,NA,NA,NA,NA,NA,NA,NA
2017,Chris Thompson,chris thompson,WAS/HOU,RB,22,60,44,594,4,0,27,191,515,31.566490691364617,0.7333333333333333,9.9,13.5,0.06666666666666667,3.183333333333333,11.704545454545455,NA,NA,NA,NA,NA,NA,NA,NA,NA,NA,NA,NA,NA,NA,NA
2017,Cobi Hamilton,cobi hamilton,HOU,WR,2,6,1,8,0,0,1,68,4,-2.50981252946076,0.16666666666666666,1.3333333333333333,8,0,11.333333333333334,4,NA,NA,NA,NA,NA,NA,NA,NA,NA,NA,NA,NA,NA,NA,NA
2017,Cody Core,cody core,CIN,WR,7,4,0,0,0,0,0,132,0,-3.238086669938639,0,0,NA,0,33,NA,NA,NA,NA,NA,NA,NA,NA,NA,NA,NA,NA,NA,NA,NA,NA
2017,Cody Latimer,cody latimer,DEN,WR,11,31,19,287,2,0,15,324,64,12.191408185753236,0.6129032258064516,9.258064516129032,15.105263157894736,0.06451612903225806,10.451612903225806,3.3684210526315788,NA,NA,NA,NA,NA,NA,NA,NA,NA,NA,NA,NA,NA,NA,NA
2017,Cole Beasley,cole beasley,DAL,WR,15,63,36,314,4,0,20,392,125,-17.082656341676213,0.5714285714285714,4.984126984126984,8.722222222222221,0.06349206349206349,6.222222222222222,3.4722222222222223,63,36,314,4,57.14285714285714,6.286724137931034,2.3719835150804145,7.659523809523809,3.411666666666667,3.3274295913845027,0.0842370752821644,11.718892296932031,4.984126984126984,8.722222222222221,0.06349206349206349
2017,Cooper Kupp,cooper kupp,LA,WR,15,94,62,869,5,1,42,808,364,40.96147139881659,0.6595744680851063,9.24468085106383,14.016129032258064,0.05319148936170213,8.595744680851064,5.870967741935484,94,62,869,5,65.95744680851064,7.3927272727272735,3.1086459674805704,9.26372340425532,6.029193548387098,5.013246041783294,1.015947506603804,21.247849691941685,9.24468085106383,14.016129032258064,0.05319148936170213
2017,Corey Coleman,corey coleman,CLE,WR,9,58,23,305,2,0,17,785,58,-10.243532132956101,0.39655172413793105,5.258620689655173,13.26086956521739,0.034482758620689655,13.53448275862069,2.5217391304347827,58,23,305,2,39.6551724137931,5.328771929824562,2.3468480836183008,14.66948275862069,1.365652173913043,2.2043838659574555,-0.8387316920444126,15.856713146742113,5.258620689655173,13.26086956521739,0.034482758620689655
2017,Corey Davis,corey davis,TEN,WR,11,65,34,375,0,1,18,745,101,-19.741055620523106,0.5230769230769231,5.769230769230769,11.029411764705882,0,11.461538461538462,2.9705882352941178,65,34,375,0,52.307692307692314,6.05523076923077,2.7216905761820374,11.423538461538463,3.203823529411764,3.2230678078255357,-0.01924427841377163,17.27898913271124,5.769230769230769,11.029411764705882,0
2017,Curtis Samuel,curtis samuel,CAR,WR,8,26,15,115,0,0,6,256,41,-3.5944613422971834,0.5769230769230769,4.423076923076923,7.666666666666667,0,9.846153846153847,2.7333333333333334,NA,NA,NA,NA,NA,NA,NA,NA,NA,NA,NA,NA,NA,NA,NA
2017,Damiere Byrd,damiere byrd,CAR,WR,8,17,10,105,2,0,5,145,61,-0.7860539417648362,0.5882352941176471,6.176470588235294,10.5,0.11764705882352941,8.529411764705882,6.1,NA,NA,NA,NA,NA,NA,NA,NA,NA,NA,NA,NA,NA,NA,NA
2017,Danny Amendola,danny amendola,NE,WR,15,86,61,659,2,1,40,682,210,40.33248273985568,0.7093023255813954,7.662790697674419,10.80327868852459,0.023255813953488372,7.930232558139535,3.442622950819672,86,61,659,2,70.93023255813954,5.830149253731343,2.8789580449181855,8.03232558139535,3.6634426229508192,4.146619574442249,-0.4831769514914295,13.150600437096891,7.662790697674419,10.80327868852459,0.023255813953488372
2017,Darius Powe,darius powe,NYG,WR,1,4,2,13,0,0,0,16,13,-5.378289086103905,0.5,3.25,6.5,0,4,6.5,NA,NA,NA,NA,NA,NA,NA,NA,NA,NA,NA,NA,NA,NA,NA
2017,Darrius Heyward-Bey,darrius heyward bey,PIT,WR,10,3,2,47,0,0,1,50,21,3.884383963479195,0.6666666666666666,15.666666666666666,23.5,0,16.666666666666668,10.5,NA,NA,NA,NA,NA,NA,NA,NA,NA,NA,NA,NA,NA,NA,NA
2017,Davante Adams,davante adams,GB,WR,14,117,74,885,10,0,45,1137,338,52.29387886412638,0.6324786324786325,7.564102564102564,11.95945945945946,0.08547008547008547,9.717948717948717,4.5675675675675675,117,74,885,10,63.24786324786324,5.586637931034483,2.771406813635473,9.447008547008545,5.029459459459459,4.211989648088006,0.8174698113714527,27.93404804868555,7.564102564102564,11.95945945945946,0.08547008547008547
2017,De'Anthony Thomas,de anthony thomas,KC,WR,14,16,14,143,2,0,4,121,73,0.5157034917296812,0.875,8.9375,10.214285714285714,0.125,7.5625,5.214285714285714,NA,NA,NA,NA,NA,NA,NA,NA,NA,NA,NA,NA,NA,NA,NA
2017,DeAndre Hopkins,deandre hopkins,HOU,WR,15,174,96,1378,13,1,69,2233,359,36.82187725179175,0.5517241379310345,7.919540229885057,14.354166666666666,0.07471264367816093,12.833333333333334,3.7395833333333335,174,96,1377,13,55.172413793103445,4.634444444444444,2.088425301546051,13.578620689655171,3.662083333333334,3.6404270974097845,0.02165623592354926,43.87097253375718,7.913793103448276,14.34375,0.07471264367816093
2017,DeAndrew White,deandrew white,HOU,WR,2,7,1,24,0,0,1,106,1,-3.090126106282696,0.14285714285714285,3.4285714285714284,24,0,15.142857142857142,1,NA,NA,NA,NA,NA,NA,NA,NA,NA,NA,NA,NA,NA,NA,NA
2017,DeSean Jackson,desean jackson,TB,WR,14,90,50,668,3,0,36,1444,191,5.128710420909629,0.5555555555555556,7.4222222222222225,13.36,0.03333333333333333,16.044444444444444,3.82,90,50,668,3,55.55555555555556,7.152325581395349,2.7315331571444235,15.766777777777778,3.9657999999999993,4.32703197372434,-0.3612319737243408,23.409709929507407,7.4222222222222225,13.36,0.03333333333333333
2017,DeVante Parker,devante parker,MIA,WR,13,96,57,670,1,1,33,1206,207,-0.7217586674797412,0.59375,6.979166666666667,11.75438596491228,0.010416666666666666,12.5625,3.6315789473684212,96,57,670,1,59.375,5.1961458333333335,2.305629449215283,12.288229166666667,4.002105263157895,3.5041070600191353,0.49799820313875953,24.874013722488606,6.979166666666667,11.75438596491228,0.010416666666666666
2017,Dede Westbrook,dede westbrook,JAX,WR,7,51,27,339,1,1,16,609,99,2.8978427119221877,0.5294117647058824,6.647058823529412,12.555555555555555,0.0196078431372549,11.941176470588236,3.6666666666666665,51,27,339,1,52.94117647058824,6.229574468085107,3.0495945791338794,11.088627450980391,4.383333333333334,3.8489869741841267,0.534346359149207,14.075084372853345,6.647058823529412,12.555555555555555,0.0196078431372549
2017,Demarcus Robinson,demarcus robinson,KC,WR,10,39,21,212,0,0,13,407,47,-2.9003294234178716,0.5384615384615384,5.435897435897436,10.095238095238095,0,10.435897435897436,2.238095238095238,NA,NA,NA,NA,NA,NA,NA,NA,NA,NA,NA,NA,NA,NA,NA
2017,Demaryius Thomas,demaryius thomas,DEN,WR,16,140,83,949,5,1,53,1462,299,-11.94272585742727,0.5928571428571429,6.7785714285714285,11.433734939759036,0.03571428571428571,10.442857142857143,3.602409638554217,140,83,949,5,59.285714285714285,4.982180451127819,2.3382506079590613,9.992857142857142,3.8119277108433733,3.707338143462846,0.10458956738052727,30.16997839148081,6.7785714285714285,11.433734939759036,0.03571428571428571
2017,Deonte Thompson,deonte thompson,BUF,WR,16,69,38,555,2,0,25,1006,101,8.902639467954259,0.5507246376811594,8.043478260869565,14.605263157894736,0.028985507246376812,14.579710144927537,2.6578947368421053,69,38,557,2,55.072463768115945,5.783030303030303,2.5097762482577584,15.100869565217392,2.975263157894737,3.444474447812834,-0.46921128991809713,25.802010256816626,8.072463768115941,14.657894736842104,0.028985507246376812
2017,Derrick Johnson,derrick johnson,KC,LB,15,0,0,0,0,0,0,0,0,NA,NA,NA,NA,NA,NA,NA,NA,NA,NA,NA,NA,NA,NA,NA,NA,NA,NA,NA,NA,NA,NA
2017,Devin Funchess,devin funchess,CAR,WR,16,111,63,840,8,0,40,1442,296,33.094376781871496,0.5675675675675675,7.5675675675675675,13.333333333333334,0.07207207207207207,12.99099099099099,4.698412698412699,111,63,840,8,56.75675675675676,6.5637614678899086,2.5353276833396206,12.913963963963964,4.764444444444444,4.287641313700988,0.47680313074345637,34.74103875330214,7.5675675675675675,13.333333333333334,0.07207207207207207
2017,Dez Bryant,dez bryant,DAL,WR,16,132,69,838,6,1,44,1534,266,-10.809748987905397,0.5227272727272727,6.348484848484849,12.144927536231885,0.045454545454545456,11.621212121212121,3.8550724637681157,132,69,838,6,52.27272727272727,5.056384615384615,2.381976065729743,11.793939393939391,4.3936231884057975,3.1263327113086166,1.267290477097181,37.8074220865481,6.348484848484849,12.144927536231885,0.045454545454545456
2017,Donte Moncrief,donte moncrief,IND,WR,12,47,26,391,2,0,22,641,79,17.19131405424678,0.5531914893617021,8.319148936170214,15.038461538461538,0.0425531914893617,13.638297872340425,3.0384615384615383,47,26,391,2,55.319148936170215,5.606304347826088,2.246897484139677,14.078085106382979,3.1850000000000005,3.1063918177773853,0.07860818222261523,17.788405960743834,8.319148936170214,15.038461538461538,0.0425531914893617
2017,Dontrelle Inman,dontrelle inman,CHI,WR,10,44,25,343,1,0,19,561,31,8.942546518986685,0.5681818181818182,7.795454545454546,13.72,0.022727272727272728,12.75,1.24,44,25,344,1,56.81818181818182,6.331363636363636,1.9809259042442358,13.100681818181817,1.8504000000000012,2.3127623175488496,-0.4623623175488485,16.560321076537218,7.818181818181818,13.76,0.022727272727272728
2017,Doug Baldwin,doug baldwin,SEA,WR,16,116,75,991,8,0,44,1476,274,43.87222422656889,0.646551724137931,8.543103448275861,13.213333333333333,0.06896551724137931,12.724137931034482,3.6533333333333333,116,75,991,8,64.65517241379311,5.7273786407767,2.793624098521866,12.504827586206897,3.7008,3.3361116724432405,0.3646883275567596,26.82114613360649,8.543103448275861,13.213333333333333,0.06896551724137931
2017,Dwayne Harris,dwayne harris,NYG,WR,5,0,0,0,0,0,0,0,0,NA,NA,NA,NA,NA,NA,NA,NA,NA,NA,NA,NA,NA,NA,NA,NA,NA,NA,NA,NA,NA,NA
2017,Ed Eagan,ed eagan,NYG,WR,4,1,0,0,0,0,0,-2,0,-0.9062527697533369,0,0,NA,0,-2,NA,NA,NA,NA,NA,NA,NA,NA,NA,NA,NA,NA,NA,NA,NA,NA
2017,Eli Rogers,eli rogers,PIT,WR,12,36,18,149,1,0,9,270,81,-11.132977260849106,0.5,4.138888888888889,8.277777777777779,0.027777777777777776,7.5,4.5,NA,NA,NA,NA,NA,NA,NA,NA,NA,NA,NA,NA,NA,NA,NA
2017,Emmanuel Sanders,emmanuel sanders,DEN,WR,12,92,47,555,2,0,30,978,167,9.83096098528101,0.5108695652173914,6.032608695652174,11.808510638297872,0.021739130434782608,10.630434782608695,3.5531914893617023,92,47,555,2,51.08695652173913,5.465,2.3506222272271957,10.617173913043478,3.9989361702127657,3.082512121445229,0.9164240487675368,21.064640095232757,6.032608695652174,11.808510638297872,0.021739130434782608
2017,Eric Decker,eric decker,TEN,WR,16,83,54,563,1,0,31,826,113,20.84717631856535,0.6506024096385542,6.783132530120482,10.425925925925926,0.012048192771084338,9.951807228915662,2.0925925925925926,83,54,563,1,65.06024096385542,5.959873417721518,2.6431108392835614,9.71855421686747,2.6038888888888887,3.150241302752456,-0.5463524138635671,18.770856118958417,6.783132530120482,10.425925925925926,0.012048192771084338
2017,Eric Weems,eric weems,TEN,WR,11,2,1,5,0,0,0,2,5,-1.3466859610634856,0.5,2.5,5,0,1,5,NA,NA,NA,NA,NA,NA,NA,NA,NA,NA,NA,NA,NA,NA,NA
2017,Freddie Martino,freddie martino,TB,WR,7,6,5,96,0,0,4,86,15,7.020578898682352,0.8333333333333334,16,19.2,0,14.333333333333334,3,NA,NA,NA,NA,NA,NA,NA,NA,NA,NA,NA,NA,NA,NA,NA
2017,Geronimo Allison,geronimo allison,GB,WR,12,39,23,253,0,1,10,300,119,-4.670966781902358,0.5897435897435898,6.487179487179487,11,0,7.6923076923076925,5.173913043478261,NA,NA,NA,NA,NA,NA,NA,NA,NA,NA,NA,NA,NA,NA,NA
2017,Golden Tate,golden tate,DET,WR,16,120,92,1003,5,1,44,716,613,12.582135163041526,0.7666666666666667,8.358333333333333,10.902173913043478,0.041666666666666664,5.966666666666667,6.663043478260869,120,92,1003,5,76.66666666666667,5.892982456140351,2.817113895998982,5.714249999999999,6.97,5.506215799220106,1.4637842007798936,15.020733435704447,8.358333333333333,10.902173913043478,0.041666666666666664
2017,Griff Whalen,griff whalen,BAL,WR,2,6,4,23,0,0,0,61,2,-0.8943786208401434,0.6666666666666666,3.8333333333333335,5.75,0,10.166666666666666,0.5,NA,NA,NA,NA,NA,NA,NA,NA,NA,NA,NA,NA,NA,NA,NA
2017,Harry Douglas,harry douglas,TEN,WR,1,3,1,8,0,0,0,26,12,-6.086859192466363,0.3333333333333333,2.6666666666666665,8,0,8.666666666666666,12,NA,NA,NA,NA,NA,NA,NA,NA,NA,NA,NA,NA,NA,NA,NA
2017,Hunter Sharp,hunter sharp,NYG,WR,3,9,5,54,1,0,2,76,23,-0.088334662723355,0.5555555555555556,6,10.8,0.1111111111111111,8.444444444444445,4.6,NA,NA,NA,NA,NA,NA,NA,NA,NA,NA,NA,NA,NA,NA,NA
2017,Isaac Whitney,isaac whitney,LV,WR,1,1,0,0,0,0,0,50,0,-1.0878076772205532,0,0,NA,0,50,NA,NA,NA,NA,NA,NA,NA,NA,NA,NA,NA,NA,NA,NA,NA,NA
2017,Isaiah McKenzie,isaiah mckenzie,DEN,WR,11,13,4,29,0,0,2,203,10,-13.413402824138757,0.3076923076923077,2.230769230769231,7.25,0,15.615384615384615,2.5,NA,NA,NA,NA,NA,NA,NA,NA,NA,NA,NA,NA,NA,NA,NA
2017,J.J. Nelson,j j nelson,ARI,WR,16,61,29,508,2,1,22,1051,59,-11.640753574938284,0.47540983606557374,8.327868852459016,17.517241379310345,0.03278688524590164,17.229508196721312,2.0344827586206895,61,29,508,2,47.540983606557376,6.325333333333334,2.344859129769805,18.1444262295082,2.3851724137931036,2.893991148623085,-0.5088187348299815,19.179157497097503,8.327868852459016,17.517241379310345,0.03278688524590164
2017,Jace Billingsley,jace billingsley,DET,WR,1,0,0,0,0,0,0,0,0,NA,NA,NA,NA,NA,NA,NA,NA,NA,NA,NA,NA,NA,NA,NA,NA,NA,NA,NA,NA,NA,NA
2017,Jaelen Strong,jaelen strong,JAX,WR,2,4,3,38,1,0,3,33,15,5.196219339617528,0.75,9.5,12.666666666666666,0.25,8.25,5,NA,NA,NA,NA,NA,NA,NA,NA,NA,NA,NA,NA,NA,NA,NA
2017,Jakeem Grant,jakeem grant,MIA,WR,15,22,13,203,2,0,9,219,144,5.617363275644055,0.5909090909090909,9.227272727272727,15.615384615384615,0.09090909090909091,9.954545454545455,11.076923076923077,NA,NA,NA,NA,NA,NA,NA,NA,NA,NA,NA,NA,NA,NA,NA
2017,Jamal Agnew,jamal agnew,DET,WR,13,2,2,18,0,0,1,-6,24,1.0608053867472336,1,9,9,0,-3,12,NA,NA,NA,NA,NA,NA,NA,NA,NA,NA,NA,NA,NA,NA,NA
2017,Jamison Crowder,jamison crowder,WAS,WR,15,103,66,789,3,1,37,723,370,-4.75134421595579,0.6407766990291263,7.660194174757281,11.954545454545455,0.02912621359223301,7.019417475728155,5.606060606060606,103,66,789,3,64.07766990291263,6.4870652173913035,3.2107090759373773,7.424563106796117,5.80621212121212,5.681079215816528,0.12513290539559208,18.15339695200114,7.660194174757281,11.954545454545455,0.02912621359223301
2017,Jared Abbrederis,jared abbrederis,DET,WR,4,7,3,44,0,0,2,47,28,1.053962330350486,0.42857142857142855,6.285714285714286,14.666666666666666,0,6.714285714285714,9.333333333333334,NA,NA,NA,NA,NA,NA,NA,NA,NA,NA,NA,NA,NA,NA,NA
2017,Jarius Wright,jarius wright,MIN,WR,12,25,18,198,2,0,13,190,86,11.425365449535844,0.72,7.92,11,0.08,7.6,4.777777777777778,NA,NA,NA,NA,NA,NA,NA,NA,NA,NA,NA,NA,NA,NA,NA
2017,Jaron Brown,jaron brown,ARI,WR,16,69,31,477,4,0,23,1044,91,7.288855669143709,0.4492753623188406,6.913043478260869,15.387096774193548,0.057971014492753624,15.130434782608695,2.935483870967742,69,31,477,4,44.927536231884055,6.563181818181819,2.3541727063345004,15.319420289855072,3.3190322580645164,3.3438379505825133,-0.024805692517996913,18.31672702698019,6.913043478260869,15.387096774193548,0.057971014492753624
2017,Jarvis Landry,jarvis landry,MIA,WR,16,161,112,987,9,3,60,956,498,4.926314849618014,0.6956521739130435,6.130434782608695,8.8125,0.055900621118012424,5.937888198757764,4.446428571428571,161,112,987,9,69.56521739130434,5.733680555555555,3.1890131567900735,6.096832298136647,4.768660714285715,4.226205744267218,0.5424549700184969,20.697384124253045,6.130434782608695,8.8125,0.055900621118012424
2017,Jaydon Mickens,jaydon mickens,JAX,WR,10,11,6,77,2,0,4,82,39,3.6692925303650554,0.5454545454545454,7,12.833333333333334,0.18181818181818182,7.454545454545454,6.5,NA,NA,NA,NA,NA,NA,NA,NA,NA,NA,NA,NA,NA,NA,NA
2017,Jeff Janis,jeff janis,GB,WR,8,5,2,12,0,0,1,107,0,-1.8984349216543297,0.4,2.4,6,0,21.4,0,NA,NA,NA,NA,NA,NA,NA,NA,NA,NA,NA,NA,NA,NA,NA
2017,Jehu Chesson,jehu chesson,KC,WR,6,4,2,18,0,0,2,10,15,-0.4605886793578975,0.5,4.5,9,0,2.5,7.5,NA,NA,NA,NA,NA,NA,NA,NA,NA,NA,NA,NA,NA,NA,NA
2017,Jeremy Kerley,jeremy kerley,NYJ,WR,8,27,22,217,1,0,13,244,57,16.02814856309989,0.8148148148148148,8.037037037037036,9.863636363636363,0.037037037037037035,9.037037037037036,2.590909090909091,NA,NA,NA,NA,NA,NA,NA,NA,NA,NA,NA,NA,NA,NA,NA
2017,Jeremy Maclin,jeremy maclin,BAL,WR,12,72,40,440,3,0,23,702,108,0.8915093210576828,0.5555555555555556,6.111111111111111,11,0.041666666666666664,9.75,2.7,72,40,440,3,55.55555555555556,5.727794117647059,2.293963345609278,9.587361111111111,3.0595000000000003,3.043527889610809,0.01597211038919122,18.604494466814362,6.111111111111111,11,0.041666666666666664
2017,Jermaine Kearse,jermaine kearse,NYJ,WR,16,102,65,810,5,1,38,963,295,25.440591993704686,0.6372549019607843,7.9411764705882355,12.461538461538462,0.049019607843137254,9.441176470588236,4.538461538461538,102,65,810,5,63.725490196078425,5.575567010309279,2.8397812445667885,8.93529411764706,5.120923076923077,4.5133445306528515,0.6075785462702257,24.239361702127656,7.9411764705882355,12.461538461538462,0.049019607843137254
2017,JoJo Natson,jojo natson,NYJ,WR,7,5,2,18,0,0,1,85,4,-0.0898759301926475,0.4,3.6,9,0,17,2,NA,NA,NA,NA,NA,NA,NA,NA,NA,NA,NA,NA,NA,NA,NA
2017,Joe Walker,joe walker,PHI,LB,8,0,0,0,0,0,0,0,0,NA,NA,NA,NA,NA,NA,NA,NA,NA,NA,NA,NA,NA,NA,NA,NA,NA,NA,NA,NA,NA,NA
2017,John Brown,john brown,ARI,WR,10,55,21,299,3,0,15,848,59,-3.610331008014967,0.38181818181818183,5.4363636363636365,14.238095238095237,0.05454545454545454,15.418181818181818,2.8095238095238093,55,21,299,3,38.18181818181819,5.715,2.378357633496812,15.663818181818186,2.978095238095238,3.178657116343512,-0.2005618782482741,14.92852068134953,5.4363636363636365,14.238095238095237,0.05454545454545454
2017,John Ross,john ross,CIN,WR,3,2,0,0,0,0,0,46,0,-2.8685771748423576,0,0,NA,0,23,NA,NA,NA,NA,NA,NA,NA,NA,NA,NA,NA,NA,NA,NA,NA,NA
2017,Johnny Holton,johnny holton,LV,WR,14,18,9,218,3,2,5,413,40,1.6214814651757479,0.5,12.11111111111111,24.22222222222222,0.16666666666666666,22.944444444444443,4.444444444444445,NA,NA,NA,NA,NA,NA,NA,NA,NA,NA,NA,NA,NA,NA,NA
2017,Jordan Leslie,jordan leslie,CLE,WR,1,1,1,26,0,0,1,25,1,2.5293291207344737,1,26,26,0,25,1,NA,NA,NA,NA,NA,NA,NA,NA,NA,NA,NA,NA,NA,NA,NA
2017,Jordan Matthews,jordan matthews,BUF,TE,10,36,25,282,1,1,14,253,124,13.796687329030787,0.6944444444444444,7.833333333333333,11.28,0.027777777777777776,7.027777777777778,4.96,NA,NA,NA,NA,NA,NA,NA,NA,NA,NA,NA,NA,NA,NA,NA
2017,Jordan Taylor,jordan taylor,DEN,WR,10,20,13,142,0,0,5,206,45,-0.0471857457832936,0.65,7.1,10.923076923076923,0,10.3,3.4615384615384617,NA,NA,NA,NA,NA,NA,NA,NA,NA,NA,NA,NA,NA,NA,NA
2017,Jordan Williams,jordan williams,NYG,LB,1,0,0,0,0,0,0,0,0,NA,NA,NA,NA,NA,NA,NA,NA,NA,NA,NA,NA,NA,NA,NA,NA,NA,NA,NA,NA,NA,NA
2017,Jordy Nelson,jordy nelson,GB,WR,14,88,53,482,6,0,38,964,128,-5.501180268941393,0.6022727272727273,5.4772727272727275,9.09433962264151,0.06818181818181818,10.954545454545455,2.4150943396226414,88,53,482,6,60.22727272727273,6.000952380952381,2.650682435751587,10.821931818181818,2.473584905660377,2.9774788603477753,-0.5038939546873982,24.068064759074204,5.4772727272727275,9.09433962264151,0.06818181818181818
2017,Josh Bellamy,josh bellamy,CHI,WR,11,46,24,376,1,0,17,574,116,9.66750995947772,0.5217391304347826,8.173913043478262,15.666666666666666,0.021739130434782608,12.478260869565217,4.833333333333333,46,24,376,1,52.17391304347826,6.232790697674418,2.804864797896785,13.032826086956518,4.969166666666667,4.111342132750759,0.8578245339159078,17.22338894331459,8.173913043478262,15.666666666666666,0.021739130434782608
2017,Josh Doctson,josh doctson,WAS,WR,15,78,35,502,6,0,25,1074,131,-5.437163366893374,0.44871794871794873,6.435897435897436,14.342857142857143,0.07692307692307693,13.76923076923077,3.742857142857143,78,35,502,6,44.871794871794876,5.016578947368421,2.2290052861010374,14.246538461538462,4.018857142857144,3.388526128598003,0.6303310142591405,26.378720979917386,6.435897435897436,14.342857142857143,0.07692307692307693
2017,Josh Gordon,josh gordon,CLE,WR,5,42,18,335,1,0,12,699,123,3.631848707617075,0.42857142857142855,7.976190476190476,18.61111111111111,0.023809523809523808,16.642857142857142,6.833333333333333,NA,NA,NA,NA,NA,NA,NA,NA,NA,NA,NA,NA,NA,NA,NA
2017,Josh Malone,josh malone,CIN,WR,9,17,6,63,1,0,3,272,19,-5.422391399775453,0.35294117647058826,3.7058823529411766,10.5,0.058823529411764705,16,3.1666666666666665,NA,NA,NA,NA,NA,NA,NA,NA,NA,NA,NA,NA,NA,NA,NA
2017,Josh Reynolds,josh reynolds,LA,WR,10,24,11,104,1,0,7,180,34,2.081343814983015,0.4583333333333333,4.333333333333333,9.454545454545455,0.041666666666666664,7.5,3.090909090909091,NA,NA,NA,NA,NA,NA,NA,NA,NA,NA,NA,NA,NA,NA,NA
2017,JuJu Smith-Schuster,juju smith schuster,PIT,WR,14,79,58,917,7,0,39,729,430,53.23566540769243,0.7341772151898734,11.60759493670886,15.810344827586206,0.08860759493670886,9.227848101265822,7.413793103448276,79,58,917,7,73.41772151898735,6.065064935064935,2.6541022649356774,9.53139240506329,7.207586206896553,4.958232242865381,2.2493539640311724,14.137681771669437,11.60759493670886,15.810344827586206,0.08860759493670886
2017,Julio Jones,julio jones,ATL,WR,16,148,88,1444,3,0,67,2105,486,57.43416191778,0.5945945945945946,9.756756756756756,16.40909090909091,0.02027027027027027,14.222972972972974,5.5227272727272725,148,88,1444,3,59.45945945945946,5.382587412587412,2.4175501485237443,14.415472972972974,5.854545454545454,4.382244076842652,1.4723013777028013,46.000314791536866,9.756756756756756,16.40909090909091,0.02027027027027027
2017,Justin Hardy,justin hardy,ATL,WR,10,29,20,221,3,1,13,245,76,16.83068387073473,0.6896551724137931,7.620689655172414,11.05,0.10344827586206896,8.448275862068966,3.8,NA,NA,NA,NA,NA,NA,NA,NA,NA,NA,NA,NA,NA,NA,NA
2017,Justin Hunter,justin hunter,PIT,WR,5,10,4,23,1,0,2,124,14,0.2544891679685386,0.4,2.3,5.75,0.1,12.4,3.5,NA,NA,NA,NA,NA,NA,NA,NA,NA,NA,NA,NA,NA,NA,NA
2017,K.J. Brent,k j brent,IND,WR,1,1,0,0,0,0,0,13,0,-1.7677416554652154,0,0,NA,0,13,NA,NA,NA,NA,NA,NA,NA,NA,NA,NA,NA,NA,NA,NA,NA,NA
2017,Kaelin Clay,kaelin clay,CAR,WR,13,20,6,85,0,0,5,338,20,-2.0801809641125146,0.3,4.25,14.166666666666666,0,16.9,3.3333333333333335,NA,NA,NA,NA,NA,NA,NA,NA,NA,NA,NA,NA,NA,NA,NA
2017,Kalif Raymond,kalif raymond,NYG,WR,8,1,1,12,0,0,1,5,7,1.82117984094657,1,12,12,0,5,7,NA,NA,NA,NA,NA,NA,NA,NA,NA,NA,NA,NA,NA,NA,NA
2017,Kamar Aiken,kamar aiken,IND,WR,14,44,15,133,0,0,7,417,47,-26.342176874139113,0.3409090909090909,3.022727272727273,8.866666666666667,0,9.477272727272727,3.1333333333333333,44,15,133,0,34.090909090909086,5.036428571428571,2.1372950325926747,10.07318181818182,3.2146666666666674,3.564283167375188,-0.34961650070852057,11.915573155683171,3.022727272727273,8.866666666666667,0
2017,Kasen Williams,kasen williams,CLE,WR,6,18,9,84,0,0,2,196,21,-10.058603522280464,0.5,4.666666666666667,9.333333333333334,0,10.88888888888889,2.3333333333333335,NA,NA,NA,NA,NA,NA,NA,NA,NA,NA,NA,NA,NA,NA,NA
2017,Keelan Cole,keelan cole,JAX,WR,16,83,42,748,3,2,33,1038,299,2.831980458823523,0.5060240963855421,9.012048192771084,17.80952380952381,0.03614457831325301,12.506024096385541,7.119047619047619,83,42,748,3,50.602409638554214,6.036829268292682,2.515940970973914,12.72277108433735,7.494523809523809,5.69079363141544,1.8037301781083688,26.28226826087389,9.012048192771084,17.80952380952381,0.03614457831325301
2017,Keenan Allen,keenan allen,LAC,WR,16,159,102,1393,6,1,74,1434,501,61.41771509445934,0.6415094339622641,8.761006289308176,13.656862745098039,0.03773584905660377,9.018867924528301,4.911764705882353,159,102,1393,6,64.15094339622641,5.488590604026846,2.7254565036639566,9.463899371069182,5.271960784313726,4.977036013004192,0.29492477130953354,31.627156191609156,8.761006289308176,13.656862745098039,0.03773584905660377
2017,Kendall Wright,kendall wright,CHI,WR,15,91,59,614,1,0,33,707,182,15.983014429744557,0.6483516483516484,6.747252747252747,10.40677966101695,0.01098901098901099,7.769230769230769,3.0847457627118646,91,59,614,1,64.83516483516483,6.91046511627907,2.987029595508622,7.57,3.706271186440678,3.9883399186344097,-0.28206873219373163,19.790622243800975,6.747252747252747,10.40677966101695,0.01098901098901099
2017,Kendrick Bourne,kendrick bourne,SF,WR,10,34,16,257,0,0,12,392,114,7.814919425674928,0.47058823529411764,7.5588235294117645,16.0625,0,11.529411764705882,7.125,NA,NA,NA,NA,NA,NA,NA,NA,NA,NA,NA,NA,NA,NA,NA
2017,Kenny Britt,kenny britt,NE,WR,12,43,20,256,2,0,10,505,88,-12.00703659443522,0.46511627906976744,5.953488372093023,12.8,0.046511627906976744,11.744186046511627,4.4,43,20,256,2,46.51162790697674,5.720714285714287,2.299757051179163,12.142093023255814,4.2139999999999995,2.943886364735684,1.2701136352643156,9.73043792654881,5.953488372093023,12.8,0.046511627906976744
2017,Kenny Golladay,kenny golladay,DET,WR,11,48,28,477,3,0,18,711,181,16.98947708387372,0.5833333333333334,9.9375,17.035714285714285,0.0625,14.8125,6.464285714285714,48,28,477,3,58.333333333333336,5.734468085106383,2.1613074853919527,14.769791666666668,7.026071428571429,5.431190765953254,1.5948806626181753,15.529814308151654,9.9375,17.035714285714285,0.0625
2017,Kenny Stills,kenny stills,MIA,WR,16,105,58,847,6,4,37,1555,159,14.644295740571025,0.5523809523809524,8.066666666666666,14.60344827586207,0.05714285714285714,14.80952380952381,2.7413793103448274,105,58,847,6,55.23809523809524,6.1790816326530615,2.6946162323092504,14.624476190476189,3.17551724137931,2.935830250871248,0.23968699050806208,32.37836789258167,8.066666666666666,14.60344827586207,0.05714285714285714
2017,Kevin White,kevin white,CHI,WR,1,4,2,6,0,0,0,12,2,-2.459279178758152,0.5,1.5,3,0,3,1,NA,NA,NA,NA,NA,NA,NA,NA,NA,NA,NA,NA,NA,NA,NA
2017,Krishawn Hogan,krishawn hogan,IND,WR,2,0,0,0,0,0,0,0,0,NA,NA,NA,NA,NA,NA,NA,NA,NA,NA,NA,NA,NA,NA,NA,NA,NA,NA,NA,NA,NA,NA
2017,Kyle Williams,kyle williams,BUF,DT,16,0,0,0,0,0,0,0,0,NA,NA,NA,NA,NA,NA,NA,NA,NA,NA,NA,NA,NA,NA,NA,NA,NA,NA,NA,NA,NA,NA
2017,Laquon Treadwell,laquon treadwell,MIN,WR,13,35,20,200,0,1,12,416,58,-8.252692556200575,0.5714285714285714,5.714285714285714,10,0,11.885714285714286,2.9,NA,NA,NA,NA,NA,NA,NA,NA,NA,NA,NA,NA,NA,NA,NA
2017,Larry Fitzgerald,larry fitzgerald,ARI,WR,16,161,109,1156,6,1,66,1336,408,28.81674384251805,0.6770186335403726,7.180124223602484,10.605504587155963,0.037267080745341616,8.298136645962733,3.743119266055046,161,109,1156,6,67.70186335403726,5.999144736842106,2.55794709461838,8.16391304347826,4.118440366972477,4.1390162060459925,-0.020575839073515567,22.7761700947859,7.180124223602484,10.605504587155963,0.037267080745341616
2017,Larry Pinkard,larry pinkard,JAX,WR,2,1,1,5,0,0,0,5,0,-0.25176779367029667,1,5,5,0,5,0,NA,NA,NA,NA,NA,NA,NA,NA,NA,NA,NA,NA,NA,NA,NA
2017,Leonte Carroo,leonte carroo,MIA,WR,4,14,7,69,0,0,4,116,11,-5.902490208439833,0.5,4.928571428571429,9.857142857142858,0,8.285714285714286,1.5714285714285714,NA,NA,NA,NA,NA,NA,NA,NA,NA,NA,NA,NA,NA,NA,NA
2017,Louis Murphy,louis murphy,SF,WR,6,17,8,121,1,0,6,181,39,3.5885088692302816,0.47058823529411764,7.117647058823529,15.125,0.058823529411764705,10.647058823529411,4.875,NA,NA,NA,NA,NA,NA,NA,NA,NA,NA,NA,NA,NA,NA,NA
2017,Mack Hollins,mack hollins,PHI,WR,12,22,16,226,1,0,8,277,43,11.71817397052655,0.7272727272727273,10.272727272727273,14.125,0.045454545454545456,12.590909090909092,2.6875,NA,NA,NA,NA,NA,NA,NA,NA,NA,NA,NA,NA,NA,NA,NA
2017,Marcus Johnson,marcus johnson,PHI,WR,6,8,5,45,0,0,3,138,7,0.6149397487170063,0.625,5.625,9,0,17.25,1.4,NA,NA,NA,NA,NA,NA,NA,NA,NA,NA,NA,NA,NA,NA,NA
2017,Marcus Smith,marcus smith,SEA,LB,11,0,0,0,0,0,0,0,0,NA,NA,NA,NA,NA,NA,NA,NA,NA,NA,NA,NA,NA,NA,NA,NA,NA,NA,NA,NA,NA,NA
2017,Markus Wheaton,markus wheaton,CHI,WR,7,17,3,51,0,0,2,244,3,-6.234935447922908,0.17647058823529413,3,17,0,14.352941176470589,1,NA,NA,NA,NA,NA,NA,NA,NA,NA,NA,NA,NA,NA,NA,NA
2017,Marqise Lee,marqise lee,JAX,WR,13,96,56,702,3,1,40,1087,289,16.370007282591555,0.5833333333333334,7.3125,12.535714285714286,0.03125,11.322916666666666,5.160714285714286,96,56,702,3,58.333333333333336,5.777872340425532,2.6709395257555695,10.932291666666664,5.3533928571428575,4.547641278968432,0.8057515781744256,26.120740290899676,7.3125,12.535714285714286,0.03125
2017,Marquis Bundy,marquis bundy,NYG,WR,1,3,0,0,0,0,0,20,0,-2.527619566172183,0,0,NA,0,6.666666666666667,NA,NA,NA,NA,NA,NA,NA,NA,NA,NA,NA,NA,NA,NA,NA,NA
2017,Marquise Goodwin,marquise goodwin,SF,WR,16,105,56,962,2,0,46,1544,198,30.616913255263526,0.5333333333333333,9.161904761904761,17.178571428571427,0.01904761904761905,14.704761904761904,3.5357142857142856,105,56,962,2,53.333333333333336,6.140297029702971,2.2404407149835754,15.13485714285714,3.881249999999999,3.059542573805081,0.821707426194918,32.442562643159576,9.161904761904761,17.178571428571427,0.01904761904761905
2017,Martavis Bryant,martavis bryant,PIT,WR,15,84,50,603,3,0,30,1203,170,18.871270785892285,0.5952380952380952,7.178571428571429,12.06,0.03571428571428571,14.321428571428571,3.4,84,50,603,3,59.523809523809526,6.605662650602408,3.135364019298856,13.98690476190476,3.987000000000001,3.9308152806097314,0.05618471939026959,22.05950000469391,7.178571428571429,12.06,0.03571428571428571
2017,Marvin Hall,marvin hall,ATL,WR,6,9,2,60,1,0,2,144,0,-1.3842374762753025,0.2222222222222222,6.666666666666667,30,0.1111111111111111,16,0,NA,NA,NA,NA,NA,NA,NA,NA,NA,NA,NA,NA,NA,NA,NA
2017,Marvin Jones,marvin jones,DET,WR,16,107,61,1101,9,0,44,1624,195,57.917087664858556,0.5700934579439252,10.289719626168225,18.049180327868854,0.08411214953271028,15.177570093457945,3.19672131147541,107,61,1101,9,57.009345794392516,4.256037735849056,2.1697052297159733,15.27429906542056,3.9049180327868847,2.6806493860094824,1.2242686467774022,35.80104663873003,10.289719626168225,18.049180327868854,0.08411214953271028
2017,Matt Hazel,matt hazel,IND,WR,2,1,1,1,0,0,0,-1,2,-1.208107203943655,1,1,1,0,-1,2,NA,NA,NA,NA,NA,NA,NA,NA,NA,NA,NA,NA,NA,NA,NA
2017,Matthew Slater,matthew slater,NE,WR,6,0,0,0,0,0,0,0,0,NA,NA,NA,NA,NA,NA,NA,NA,NA,NA,NA,NA,NA,NA,NA,NA,NA,NA,NA,NA,NA,NA
2017,Maurice Alexander,maurice alexander,LA,LB,4,0,0,0,0,0,0,0,0,NA,NA,NA,NA,NA,NA,NA,NA,NA,NA,NA,NA,NA,NA,NA,NA,NA,NA,NA,NA,NA,NA
2017,Maurice Harris,maurice harris,WAS,WR,4,6,4,62,1,0,3,62,8,2.7624362411443144,0.6666666666666666,10.333333333333334,15.5,0.16666666666666666,10.333333333333334,2,NA,NA,NA,NA,NA,NA,NA,NA,NA,NA,NA,NA,NA,NA,NA
2017,Max McCaffrey,max mccaffrey,JAX,WR,2,1,1,4,0,0,0,-1,5,-0.18680868647061288,1,4,4,0,-1,5,NA,NA,NA,NA,NA,NA,NA,NA,NA,NA,NA,NA,NA,NA,NA
2017,Michael Bennett,michael bennett,SEA/JAX,DE,17,0,0,0,0,0,0,0,0,NA,NA,NA,NA,NA,NA,NA,NA,NA,NA,NA,NA,NA,NA,NA,NA,NA,NA,NA,NA,NA,NA
2017,Michael Campanaro,michael campanaro,BAL,WR,13,27,19,173,1,0,11,151,81,6.6755019662104615,0.7037037037037037,6.407407407407407,9.105263157894736,0.037037037037037035,5.592592592592593,4.2631578947368425,NA,NA,NA,NA,NA,NA,NA,NA,NA,NA,NA,NA,NA,NA,NA
2017,Michael Clark,michael clark,GB,WR,2,14,4,41,0,0,2,234,11,-12.776034762850031,0.2857142857142857,2.9285714285714284,10.25,0,16.714285714285715,2.75,NA,NA,NA,NA,NA,NA,NA,NA,NA,NA,NA,NA,NA,NA,NA
2017,Michael Crabtree,michael crabtree,LV,WR,13,101,58,618,8,1,35,1059,190,15.431959906160174,0.5742574257425742,6.118811881188119,10.655172413793103,0.07920792079207921,10.485148514851485,3.2758620689655173,101,58,618,8,57.42574257425742,4.980721649484535,2.1840389982293646,10.653366336633663,3.5055172413793105,3.0215185562096183,0.48399868516969224,23.895754910778734,6.118811881188119,10.655172413793103,0.07920792079207921
2017,Michael Floyd,michael floyd,MIN,WR,10,17,10,78,0,0,3,125,34,-7.5610450492822565,0.5882352941176471,4.588235294117647,7.8,0,7.352941176470588,3.4,NA,NA,NA,NA,NA,NA,NA,NA,NA,NA,NA,NA,NA,NA,NA
2017,Michael Johnson,michael johnson,CIN,DE,15,0,0,0,0,0,0,0,0,NA,NA,NA,NA,NA,NA,NA,NA,NA,NA,NA,NA,NA,NA,NA,NA,NA,NA,NA,NA,NA,NA
2017,Michael Thomas,michael thomas,MIA/NO,DB,26,149,104,1245,5,0,70,1418,425,62.13817887585697,0.697986577181208,8.355704697986576,11.971153846153847,0.03355704697986577,9.516778523489933,4.086538461538462,148,104,1245,5,70.27027027027027,5.666180555555554,2.5862177227778376,9.338175675675675,4.63201923076923,4.130792209392553,0.5012270213766774,41.292448714960955,8.412162162162161,11.971153846153847,0.033783783783783786
2017,Mike Evans,mike evans,TB,WR,15,136,71,1001,5,0,55,1868,134,23.097707846180043,0.5220588235294118,7.360294117647059,14.098591549295774,0.03676470588235294,13.735294117647058,1.8873239436619718,136,71,1004,5,52.20588235294118,5.322615384615383,2.055764188000272,14.164632352941178,2.0833802816901414,2.2858956210030557,-0.2025153393129142,31.780065757890206,7.382352941176471,14.140845070422536,0.03676470588235294
2017,Mike Thomas,mike thomas,LA,WR,6,7,5,93,0,1,4,103,29,2.187294379724791,0.7142857142857143,13.285714285714286,18.6,0,14.714285714285714,5.8,NA,NA,NA,NA,NA,NA,NA,NA,NA,NA,NA,NA,NA,NA,NA
2017,Mike Wallace,mike wallace,BAL,WR,15,92,52,748,4,0,33,1231,157,25.620314623906623,0.5652173913043478,8.130434782608695,14.384615384615385,0.043478260869565216,13.380434782608695,3.019230769230769,92,52,748,4,56.52173913043478,6.223478260869566,2.6314130442108223,13.010108695652175,3.6475000000000004,3.7337696770057076,-0.0862696770057072,32.259307772333536,8.130434782608695,14.384615384615385,0.043478260869565216
2017,Mike Williams,mike williams,LAC,WR,9,23,11,95,0,0,7,262,11,-14.17670312973569,0.4782608695652174,4.130434782608695,8.636363636363637,0,11.391304347826088,1,NA,NA,NA,NA,NA,NA,NA,NA,NA,NA,NA,NA,NA,NA,NA
2017,Mohamed Sanu,mohamed sanu,ATL,WR,15,96,67,703,5,0,41,746,245,17.76927930692161,0.6979166666666666,7.322916666666667,10.492537313432836,0.052083333333333336,7.770833333333333,3.656716417910448,96,67,703,5,69.79166666666666,5.095813953488373,2.745771288449904,7.626770833333333,4.052089552238806,3.602217760588583,0.4498717916502235,15.786364351798952,7.322916666666667,10.492537313432836,0.052083333333333336
2017,Nelson Agholor,nelson agholor,PHI,WR,16,95,62,768,8,0,35,986,301,39.38771227975565,0.6526315789473685,8.08421052631579,12.387096774193548,0.08421052631578947,10.378947368421052,4.854838709677419,95,62,768,8,65.26315789473685,5.787738095238094,3.0052682165941227,10.176947368421054,5.284032258064516,4.051893386338525,1.232138871725991,18.37772797518234,8.08421052631579,12.387096774193548,0.08421052631578947
2017,Nick Williams,nick williams,ATL,WR,1,4,3,30,0,0,3,46,5,0.26965165860019624,0.75,7.5,10,0,11.5,1.6666666666666667,NA,NA,NA,NA,NA,NA,NA,NA,NA,NA,NA,NA,NA,NA,NA
2017,Noah Brown,noah brown,DAL,WR,7,9,4,33,0,0,3,59,22,-2.998299908475019,0.4444444444444444,3.6666666666666665,8.25,0,6.555555555555555,5.5,NA,NA,NA,NA,NA,NA,NA,NA,NA,NA,NA,NA,NA,NA,NA
2017,Odell Beckham Jr.,odell beckham jr,NYG,WR,4,41,25,302,3,0,15,520,65,6.0398197478133,0.6097560975609756,7.365853658536586,12.08,0.07317073170731707,12.682926829268293,2.6,NA,NA,NA,NA,NA,NA,NA,NA,NA,NA,NA,NA,NA,NA,NA
2017,Paul Richardson,paul richardson,SEA,WR,16,80,44,703,6,0,33,1210,125,27.70854277551599,0.55,8.7875,15.977272727272727,0.075,15.125,2.840909090909091,80,44,703,6,55.00000000000001,5.92493670886076,2.4377673057632334,15.070375000000002,3.338863636363637,2.8412975734827373,0.49756606288089955,22.292341173794945,8.7875,15.977272727272727,0.075
2017,Pharoh Cooper,pharoh cooper,LA,WR,16,19,11,84,0,0,3,138,54,-10.901905744264253,0.5789473684210527,4.421052631578948,7.636363636363637,0,7.2631578947368425,4.909090909090909,NA,NA,NA,NA,NA,NA,NA,NA,NA,NA,NA,NA,NA,NA,NA
2017,Phillip Dorsett,phillip dorsett,NE,WR,11,18,12,194,0,0,8,365,68,6.7302245672326535,0.6666666666666666,10.777777777777779,16.166666666666668,0,20.27777777777778,5.666666666666667,NA,NA,NA,NA,NA,NA,NA,NA,NA,NA,NA,NA,NA,NA,NA
2017,Pierre Garcon,pierre garcon,SF,WR,8,67,40,500,0,0,25,639,190,7.71951843470654,0.5970149253731343,7.462686567164179,12.5,0,9.537313432835822,4.75,67,40,500,0,59.70149253731343,6.178484848484848,2.6648499964966836,9.57910447761194,4.801,4.383082947672685,0.417917052327315,13.10229096150156,7.462686567164179,12.5,0
2017,Quan Bray,quan bray,IND,WR,9,4,3,39,0,0,2,39,10,1.5074749421328306,0.75,9.75,13,0,9.75,3.3333333333333335,NA,NA,NA,NA,NA,NA,NA,NA,NA,NA,NA,NA,NA,NA,NA
2017,Randall Cobb,randall cobb,GB,WR,14,92,66,653,4,1,29,555,412,20.007561304939376,0.717391304347826,7.0978260869565215,9.893939393939394,0.043478260869565216,6.032608695652174,6.242424242424242,92,66,653,4,71.73913043478261,6.030897435897435,3.7068049564604486,5.758804347826087,6.6931818181818175,5.919616293297546,0.7735655248842717,13.389792813420875,7.0978260869565215,9.893939393939394,0.043478260869565216
2017,Rashard Higgins,rashard higgins,CLE,WR,14,50,27,312,2,1,13,464,142,-16.015635651710454,0.54,6.24,11.555555555555555,0.04,9.28,5.2592592592592595,50,27,312,2,54,4.7531914893617015,2.9709554834817307,9.7098,5.344444444444445,4.106988133446449,1.2374563109979961,9.047959834058306,6.24,11.555555555555555,0.04
2017,Rashawn Scott,rashawn scott,MIA,WR,1,0,0,0,0,0,0,0,0,NA,NA,NA,NA,NA,NA,NA,NA,NA,NA,NA,NA,NA,NA,NA,NA,NA,NA,NA,NA,NA,NA
2017,Ricardo Louis,ricardo louis,CLE,WR,14,61,27,357,0,0,18,753,82,-16.297139728176138,0.4426229508196721,5.852459016393443,13.222222222222221,0,12.344262295081966,3.037037037037037,61,27,357,0,44.26229508196721,6.4935,2.3855079784319613,13.773278688524588,3.615185185185186,4.034028258943638,-0.4188430737584521,15.658045302232312,5.852459016393443,13.222222222222221,0
2017,Rishard Matthews,rishard matthews,TEN,WR,14,87,53,795,4,0,36,1023,277,16.828490644460633,0.6091954022988506,9.137931034482758,15,0.04597701149425287,11.758620689655173,5.226415094339623,87,53,795,4,60.91954022988506,6.806666666666667,2.5946614040585714,11.698275862068966,5.205471698113208,3.9622105709285997,1.2432611271846086,23.68347567077002,9.137931034482758,15,0.04597701149425287
2017,Robbie Chosen,robbie chosen,NYJ,WR,16,114,63,941,7,0,36,1460,273,20.59528161624017,0.5526315789473685,8.25438596491228,14.936507936507937,0.06140350877192982,12.807017543859649,4.333333333333333,NA,NA,NA,NA,NA,NA,NA,NA,NA,NA,NA,NA,NA,NA,NA
2017,Robert Woods,robert woods,LA,WR,12,85,56,781,5,1,36,866,304,42.78340392170647,0.6588235294117647,9.188235294117646,13.946428571428571,0.058823529411764705,10.188235294117646,5.428571428571429,85,56,781,5,65.88235294117646,6.528518518518518,3.029914455303094,10.77235294117647,5.466071428571428,5.244595275320342,0.2214761532510856,22.34246324650766,9.188235294117646,13.946428571428571,0.058823529411764705
2017,Roger Lewis,roger lewis,NYG,WR,15,72,36,416,2,0,20,740,76,-10.981447366829276,0.5,5.777777777777778,11.555555555555555,0.027777777777777776,10.277777777777779,2.111111111111111,72,36,416,2,50,5.780972222222221,2.0829893559415673,10.398333333333335,2.3825,2.4055210273101637,-0.023021027310163866,17.160499769643884,5.777777777777778,11.555555555555555,0.027777777777777776
2017,Russell Shepard,russell shepard,CAR,WR,15,32,17,202,1,1,10,266,106,3.8582582921348063,0.53125,6.3125,11.882352941176471,0.03125,8.3125,6.235294117647059,NA,NA,NA,NA,NA,NA,NA,NA,NA,NA,NA,NA,NA,NA,NA
2017,Ryan Davis,ryan davis,BUF,DE,13,0,0,0,0,0,0,0,0,NA,NA,NA,NA,NA,NA,NA,NA,NA,NA,NA,NA,NA,NA,NA,NA,NA,NA,NA,NA,NA,NA
2017,Ryan Grant,ryan grant,WAS,WR,16,65,45,573,4,0,29,631,235,25.578371603086865,0.6923076923076923,8.815384615384616,12.733333333333333,0.06153846153846154,9.707692307692307,5.222222222222222,65,45,573,4,69.23076923076923,7.0327419354838705,2.919001076261157,9.775846153846153,5.342,4.5639012125488785,0.7780987874511212,15.084033613445374,8.815384615384616,12.733333333333333,0.06153846153846154
2017,Ryan Switzer,ryan switzer,DAL,WR,16,7,6,41,0,0,4,33,18,3.161506590549834,0.8571428571428571,5.857142857142857,6.833333333333333,0,4.714285714285714,3,NA,NA,NA,NA,NA,NA,NA,NA,NA,NA,NA,NA,NA,NA,NA
2017,Sammie Coates,sammie coates,CLE,WR,7,11,6,70,0,0,2,146,16,-0.9639375371916685,0.5454545454545454,6.363636363636363,11.666666666666666,0,13.272727272727273,2.6666666666666665,NA,NA,NA,NA,NA,NA,NA,NA,NA,NA,NA,NA,NA,NA,NA
2017,Sammy Watkins,sammy watkins,LA,WR,15,70,39,593,8,0,33,1009,185,30.117355675183408,0.5571428571428572,8.471428571428572,15.205128205128204,0.11428571428571428,14.414285714285715,4.743589743589744,70,39,593,8,55.714285714285715,4.797428571428571,2.451605709477323,14.44157142857143,5.162307692307692,4.511659458528699,0.650648233778993,24.666870005490154,8.471428571428572,15.205128205128204,0.11428571428571428
2017,Seth Roberts,seth roberts,LV,WR,15,65,43,455,1,2,22,643,104,-0.611451533442775,0.6615384615384615,7,10.581395348837209,0.015384615384615385,9.892307692307693,2.4186046511627906,65,43,455,1,66.15384615384615,5.516166666666666,2.705672461938661,9.445538461538462,2.923488372093023,3.122644073665859,-0.19915570157283602,13.634920106154993,7,10.581395348837209,0.015384615384615385
2017,Shelton Gibson,shelton gibson,PHI,WR,2,3,2,11,0,0,0,23,-3,-3.8621380975528155,0.6666666666666666,3.6666666666666665,5.5,0,7.666666666666667,-1.5,NA,NA,NA,NA,NA,NA,NA,NA,NA,NA,NA,NA,NA,NA,NA
2017,Stacy Coley,stacy coley,MIN,WR,2,1,0,0,0,0,0,6,0,-0.4584053149446845,0,0,NA,0,6,NA,NA,NA,NA,NA,NA,NA,NA,NA,NA,NA,NA,NA,NA,NA,NA
2017,Stefon Diggs,stefon diggs,MIN,WR,14,95,64,849,8,0,42,1075,298,47.16293415772212,0.6736842105263158,8.936842105263159,13.265625,0.08421052631578947,11.31578947368421,4.65625,95,64,849,8,67.36842105263158,6.6460215053763445,2.7926906517958847,11.51642105263158,4.8296874999999995,3.607028988196868,1.2226585118031315,27.38114008414108,8.936842105263159,13.265625,0.08421052631578947
2017,Sterling Shepard,sterling shepard,NYG,WR,11,84,59,731,2,1,36,750,295,29.800766855198624,0.7023809523809523,8.702380952380953,12.389830508474576,0.023809523809523808,8.928571428571429,5,84,59,731,2,70.23809523809523,5.152317073170732,2.405087116482038,8.786071428571429,5.47457627118644,3.473925062860653,2.0006512083257872,16.916391041553496,8.702380952380953,12.389830508474576,0.023809523809523808
2017,T.Y. Hilton,t y hilton,IND,WR,16,109,57,966,4,2,38,1390,304,13.008626685222085,0.5229357798165137,8.862385321100918,16.94736842105263,0.03669724770642202,12.752293577981652,5.333333333333333,109,57,966,4,52.293577981651374,6.147641509433961,2.5450238136263827,13.086788990825687,5.3864912280701756,4.025975132788312,1.3605160952818638,38.3491008610979,8.862385321100918,16.94736842105263,0.03669724770642202
2017,Tanner Gentry,tanner gentry,CHI,WR,4,6,3,35,0,0,2,71,1,0.013405534147750586,0.5,5.833333333333333,11.666666666666666,0,11.833333333333334,0.3333333333333333,NA,NA,NA,NA,NA,NA,NA,NA,NA,NA,NA,NA,NA,NA,NA
2017,Tanner McEvoy,tanner mcevoy,SEA,WR,10,9,5,113,0,1,4,176,19,0.6242380450460239,0.5555555555555556,12.555555555555555,22.6,0,19.555555555555557,3.8,NA,NA,NA,NA,NA,NA,NA,NA,NA,NA,NA,NA,NA,NA,NA
2017,Tavarres King,tavarres king,NYG,WR,8,37,18,240,3,0,11,462,78,4.37655797895137,0.4864864864864865,6.486486486486487,13.333333333333334,0.08108108108108109,12.486486486486486,4.333333333333333,NA,NA,NA,NA,NA,NA,NA,NA,NA,NA,NA,NA,NA,NA,NA
2017,Tavon Austin,tavon austin,LA,WR,14,22,13,47,0,0,2,46,73,-8.39526670975921,0.5909090909090909,2.1363636363636362,3.6153846153846154,0,2.090909090909091,5.615384615384615,NA,NA,NA,NA,NA,NA,NA,NA,NA,NA,NA,NA,NA,NA,NA
2017,Taylor Gabriel,taylor gabriel,ATL,WR,16,51,33,378,1,0,17,528,217,1.3558661528990896,0.6470588235294118,7.411764705882353,11.454545454545455,0.0196078431372549,10.352941176470589,6.575757575757576,51,33,378,1,64.70588235294117,7.2966,2.9626291314923354,9.963333333333333,6.871515151515151,5.828896283550679,1.042618867964472,10.955823535626426,7.411764705882353,11.454545454545455,0.0196078431372549
2017,Taywan Taylor,taywan taylor,TEN,WR,16,28,16,231,1,0,9,386,54,1.2510689816980136,0.5714285714285714,8.25,14.4375,0.03571428571428571,13.785714285714286,3.375,NA,NA,NA,NA,NA,NA,NA,NA,NA,NA,NA,NA,NA,NA,NA
2017,Terrance Williams,terrance williams,DAL,WR,16,78,53,568,0,0,31,665,230,1.8693084024540587,0.6794871794871795,7.282051282051282,10.716981132075471,0,8.525641025641026,4.339622641509434,78,53,568,0,67.94871794871796,6.343506493506493,3.082489462482682,9.087307692307691,4.363584905660377,5.275708949306804,-0.9121240436464264,17.213694019248564,7.282051282051282,10.716981132075471,0
2017,Terrelle Pryor,terrelle pryor,WAS,WR,8,37,20,240,1,0,15,400,58,8.433277449606361,0.5405405405405406,6.486486486486487,12,0.02702702702702703,10.81081081081081,2.9,NA,NA,NA,NA,NA,NA,NA,NA,NA,NA,NA,NA,NA,NA,NA
2017,Tommylee Lewis,tommylee lewis,NO,WR,14,15,10,116,1,0,4,152,52,1.6728037624549295,0.6666666666666666,7.733333333333333,11.6,0.06666666666666667,10.133333333333333,5.2,NA,NA,NA,NA,NA,NA,NA,NA,NA,NA,NA,NA,NA,NA,NA
2017,Torrey Smith,torrey smith,PHI,WR,16,68,36,430,2,0,11,881,131,3.9375534906608642,0.5294117647058824,6.323529411764706,11.944444444444445,0.029411764705882353,12.955882352941176,3.638888888888889,68,36,430,2,52.94117647058824,7.384626865671642,2.3477742202630605,12.66,3.7636111111111115,4.159898451007028,-0.3962873398959168,16.364144412319863,6.323529411764706,11.944444444444445,0.029411764705882353
2017,Travis Benjamin,travis benjamin,LAC,WR,16,65,34,567,4,0,20,1012,210,12.641210522589972,0.5230769230769231,8.723076923076922,16.676470588235293,0.06153846153846154,15.569230769230769,6.176470588235294,65,34,567,4,52.307692307692314,7.2524999999999995,3.525446042633252,15.276615384615386,6.182941176470587,5.374523471764317,0.8084177047062697,20.870526565793924,8.723076923076922,16.676470588235293,0.06153846153846154
2017,Travis Rudolph,travis rudolph,NYG,WR,6,21,8,101,0,0,4,168,43,-8.484876227637752,0.38095238095238093,4.809523809523809,12.625,0,8,5.375,NA,NA,NA,NA,NA,NA,NA,NA,NA,NA,NA,NA,NA,NA,NA
2017,Tre McBride,tre mcbride,CHI,WR,6,15,8,144,0,0,6,213,50,-2.8927709010433666,0.5333333333333333,9.6,18,0,14.2,6.25,NA,NA,NA,NA,NA,NA,NA,NA,NA,NA,NA,NA,NA,NA,NA
2017,Trent Taylor,trent taylor,SF,WR,15,60,43,430,2,0,27,408,190,11.478320438744284,0.7166666666666667,7.166666666666667,10,0.03333333333333333,6.8,4.4186046511627906,60,43,430,2,71.66666666666667,6.231785714285714,2.7217175618058813,6.368499999999999,4.8860465116279075,4.78468236292405,0.10136414870385746,7.800742286225241,7.166666666666667,10,0.03333333333333333
2017,Trevor Davis,trevor davis,GB,WR,15,7,5,70,0,0,2,69,34,1.9480827703940617,0.7142857142857143,10,14,0,9.857142857142858,6.8,NA,NA,NA,NA,NA,NA,NA,NA,NA,NA,NA,NA,NA,NA,NA
2017,Ty Montgomery,ty montgomery,GB,WR,8,31,23,173,1,0,8,-27,215,3.810566627876424,0.7419354838709677,5.580645161290323,7.521739130434782,0.03225806451612903,-0.8709677419354839,9.347826086956522,NA,NA,NA,NA,NA,NA,NA,NA,NA,NA,NA,NA,NA,NA,NA
2017,Tyler Boyd,tyler boyd,CIN,WR,10,32,22,225,2,0,14,205,91,4.935726026270622,0.6875,7.03125,10.227272727272727,0.0625,6.40625,4.136363636363637,NA,NA,NA,NA,NA,NA,NA,NA,NA,NA,NA,NA,NA,NA,NA
2017,Tyler Lockett,tyler lockett,SEA,WR,16,71,45,555,2,0,23,907,188,13.268964080584855,0.6338028169014085,7.816901408450704,12.333333333333334,0.028169014084507043,12.774647887323944,4.177777777777778,71,45,555,2,63.38028169014085,6.953529411764706,2.880405207355505,12.681971830985916,4.346444444444444,4.122814638095902,0.22362980634854157,16.648946890595322,7.816901408450704,12.333333333333334,0.028169014084507043
2017,Tyreek Hill,tyreek hill,KC,WR,15,105,75,1183,7,0,41,1214,455,55.83549784655953,0.7142857142857143,11.266666666666667,15.773333333333333,0.06666666666666667,11.561904761904762,6.066666666666666,105,75,1183,7,71.42857142857143,7.158709677419356,3.545983117156239,11.453047619047618,6.3961333333333314,6.0903037926931125,0.30582954064021894,29.5831539587459,11.266666666666667,15.773333333333333,0.06666666666666667
2017,Tyrell Williams,tyrell williams,LAC,WR,16,69,43,728,4,1,29,988,320,25.948356785400836,0.6231884057971014,10.55072463768116,16.930232558139537,0.057971014492753624,14.318840579710145,7.441860465116279,69,43,728,4,62.31884057971014,5.8590625,3.1204702324226212,13.486231884057972,8.166279069767441,6.729988885239008,1.436290184528433,19.558368240850303,10.55072463768116,16.930232558139537,0.057971014492753624
2017,Victor Bolden,victor bolden,SF,WR,8,0,0,0,0,0,0,0,0,NA,NA,NA,NA,NA,NA,NA,NA,NA,NA,NA,NA,NA,NA,NA,NA,NA,NA,NA,NA,NA,NA
2017,Vince Mayle,vince mayle,BAL,TE,12,1,0,0,0,0,0,7,0,-0.6086202956503257,0,0,NA,0,7,NA,NA,NA,NA,NA,NA,NA,NA,NA,NA,NA,NA,NA,NA,NA,NA
2017,Will Fuller,will fuller,HOU,WR,10,50,28,423,7,0,21,794,99,11.601080227257999,0.56,8.46,15.107142857142858,0.14,15.88,3.5357142857142856,50,28,423,7,56.00000000000001,5.663265306122447,2.705984039935879,15.5922,3.914285714285714,4.332863198178983,-0.418577483893269,14.476039453943168,8.46,15.107142857142858,0.14
2017,Willie Snead,willie snead,NO,WR,8,16,8,92,0,0,4,102,32,-1.751362743867059,0.5,5.75,11.5,0,6.375,4,NA,NA,NA,NA,NA,NA,NA,NA,NA,NA,NA,NA,NA,NA,NA
2017,Zay Jones,zay jones,BUF,WR,14,74,27,316,2,0,19,994,63,-14.758285795448781,0.36486486486486486,4.27027027027027,11.703703703703704,0.02702702702702703,13.432432432432432,2.3333333333333335,74,27,316,2,36.486486486486484,5.338750000000001,2.6575956571781445,13.003243243243242,2.911481481481482,2.945204915679708,-0.03372343419822599,23.827907356826774,4.27027027027027,11.703703703703704,0.02702702702702703
2018,A.J. Green,a j green,CIN,WR,9,77,46,694,6,2,37,958,163,28.690858022653796,0.5974025974025974,9.012987012987013,15.08695652173913,0.07792207792207792,12.441558441558442,3.5434782608695654,77,46,694,6,59.74025974025974,4.395657894736843,2.028803888184738,12.712727272727275,4.258913043478261,3.657494254222297,0.6014187892559639,22.15653165897845,9.012987012987013,15.08695652173913,0.07792207792207792
2018,Adam Humphries,adam humphries,TB,WR,16,105,76,816,5,0,48,661,415,38.97349099955333,0.7238095238095238,7.771428571428571,10.736842105263158,0.047619047619047616,6.295238095238095,5.4605263157894735,105,76,816,5,72.38095238095238,6.538736842105264,3.5643503240060106,6.0735238095238095,5.7015789473684215,5.069306980756434,0.6322719666119871,9.662087533313231,7.771428571428571,10.736842105263158,0.047619047619047616
2018,Adam Thielen,adam thielen,MIN,WR,16,153,113,1373,9,1,74,1443,416,57.16984805656414,0.738562091503268,8.973856209150327,12.150442477876107,0.058823529411764705,9.431372549019608,3.6814159292035398,153,113,1373,9,73.8562091503268,5.770486111111111,2.9030900433731257,9.596928104575163,3.854867256637169,3.4277414371825494,0.42712581945461947,32.748030653118384,8.973856209150327,12.150442477876107,0.058823529411764705
2018,Ahmad Thomas,ahmad thomas,IND,LB,1,0,0,0,0,0,0,0,0,NA,NA,NA,NA,NA,NA,NA,NA,NA,NA,NA,NA,NA,NA,NA,NA,NA,NA,NA,NA,NA,NA
2018,Albert Wilson,albert wilson,MIA,WR,7,35,26,391,4,0,11,246,335,10.864029575372115,0.7428571428571429,11.17142857142857,15.038461538461538,0.11428571428571428,7.0285714285714285,12.884615384615385,NA,NA,NA,NA,NA,NA,NA,NA,NA,NA,NA,NA,NA,NA,NA
2018,Aldrick Robinson,aldrick robinson,MIN,WR,14,35,17,231,5,0,12,601,42,9.123688747541161,0.4857142857142857,6.6,13.588235294117647,0.14285714285714285,17.17142857142857,2.4705882352941178,NA,NA,NA,NA,NA,NA,NA,NA,NA,NA,NA,NA,NA,NA,NA
2018,Alex Erickson,alex erickson,CIN,WR,16,29,20,167,0,0,7,265,75,1.3854515431540495,0.6896551724137931,5.758620689655173,8.35,0,9.137931034482758,3.75,NA,NA,NA,NA,NA,NA,NA,NA,NA,NA,NA,NA,NA,NA,NA
2018,Allen Hurns,allen hurns,DAL,WR,14,35,20,295,2,1,11,399,78,13.281690645253692,0.5714285714285714,8.428571428571429,14.75,0.05714285714285714,11.4,3.9,NA,NA,NA,NA,NA,NA,NA,NA,NA,NA,NA,NA,NA,NA,NA
2018,Allen Lazard,allen lazard,GB,WR,1,1,1,7,0,0,0,7,0,0.3258859268389642,1,7,7,0,7,0,NA,NA,NA,NA,NA,NA,NA,NA,NA,NA,NA,NA,NA,NA,NA
2018,Allen Robinson,allen robinson,CHI,WR,13,94,55,754,4,1,36,1141,216,21.359216246284447,0.5851063829787234,8.02127659574468,13.709090909090909,0.0425531914893617,12.138297872340425,3.9272727272727272,94,55,754,4,58.51063829787234,5.543,1.9572797717668178,11.875425531914892,4.5,3.3256145544805573,1.1743854455194427,25.015854945734624,8.02127659574468,13.709090909090909,0.0425531914893617
2018,Alshon Jeffery,alshon jeffery,PHI,WR,13,92,65,843,6,1,49,1013,272,46.41484980411651,0.7065217391304348,9.16304347826087,12.96923076923077,0.06521739130434782,11.01086956521739,4.184615384615385,92,65,840,6,70.65217391304348,5.451333333333333,2.491392530319847,10.842391304347828,4.669846153846153,3.5369228292045127,1.1329233246416406,22.662625638415822,9.130434782608695,12.923076923076923,0.06521739130434782
2018,Amari Cooper,amari cooper,DAL,WR,15,107,75,1005,7,2,53,1048,415,28.446020306700714,0.7009345794392523,9.392523364485982,13.4,0.06542056074766354,9.794392523364486,5.533333333333333,107,75,1005,7,70.09345794392523,5.981960784313726,2.9015131355453416,9.911775700934578,5.7434666666666665,3.778653827782158,1.9648128388845083,28.86474481797596,9.392523364485982,13.4,0.06542056074766354
2018,Andre Holmes,andre holmes,DEN,WR,13,24,13,162,0,0,8,313,50,1.09109961532522,0.5416666666666666,6.75,12.461538461538462,0,13.041666666666666,3.8461538461538463,NA,NA,NA,NA,NA,NA,NA,NA,NA,NA,NA,NA,NA,NA,NA
2018,Andre Roberts,andre roberts,NYJ,WR,16,18,10,79,1,0,4,153,17,-6.519613921060227,0.5555555555555556,4.388888888888889,7.9,0.05555555555555555,8.5,1.7,NA,NA,NA,NA,NA,NA,NA,NA,NA,NA,NA,NA,NA,NA,NA
2018,Andy Jones,andy jones,DET,WR,6,24,11,80,1,0,6,219,26,-3.6557247393147807,0.4583333333333333,3.3333333333333335,7.2727272727272725,0.041666666666666664,9.125,2.3636363636363638,NA,NA,NA,NA,NA,NA,NA,NA,NA,NA,NA,NA,NA,NA,NA
2018,Anthony Miller,anthony miller,CHI,WR,15,54,33,423,7,0,19,604,170,22.69112068935801,0.6111111111111112,7.833333333333333,12.818181818181818,0.12962962962962962,11.185185185185185,5.151515151515151,54,33,423,7,61.111111111111114,5.188510638297872,2.97224550965007,11.33148148148148,5.383636363636365,4.698406791426733,0.6852295722096313,13.712567201439605,7.833333333333333,12.818181818181818,0.12962962962962962
2018,Antonio Brown,antonio brown,PIT,WR,15,168,104,1297,15,0,63,1891,485,25.73871904556821,0.6190476190476191,7.720238095238095,12.471153846153847,0.08928571428571429,11.255952380952381,4.663461538461538,168,104,1297,15,61.904761904761905,5.039999999999999,2.6277769233152473,11.21779761904762,5.032788461538461,4.051946758252041,0.9808417032864201,36.07485294145799,7.720238095238095,12.471153846153847,0.08928571428571429
2018,Antonio Callaway,antonio callaway,CLE,WR,16,79,43,586,5,1,27,1093,236,-13.872374927806234,0.5443037974683544,7.417721518987341,13.627906976744185,0.06329113924050633,13.835443037974683,5.488372093023256,79,43,586,5,54.43037974683544,4.982077922077922,2.553133868281982,13.746202531645567,5.782558139534883,4.575319455568738,1.2072386839661453,20.54179103912956,7.417721518987341,13.627906976744185,0.06329113924050633
2018,Auden Tate,auden tate,CIN,WR,5,12,4,35,0,0,2,122,2,-6.885728283086792,0.3333333333333333,2.9166666666666665,8.75,0,10.166666666666666,0.5,NA,NA,NA,NA,NA,NA,NA,NA,NA,NA,NA,NA,NA,NA,NA
2018,Austin Carr,austin carr,NO,WR,9,14,9,97,2,0,5,131,22,6.957009186996713,0.6428571428571429,6.928571428571429,10.777777777777779,0.14285714285714285,9.357142857142858,2.4444444444444446,NA,NA,NA,NA,NA,NA,NA,NA,NA,NA,NA,NA,NA,NA,NA
2018,Bennie Fowler,bennie fowler,NYG,WR,10,27,16,199,1,1,12,261,76,11.148995845171157,0.5925925925925926,7.37037037037037,12.4375,0.037037037037037035,9.666666666666666,4.75,NA,NA,NA,NA,NA,NA,NA,NA,NA,NA,NA,NA,NA,NA,NA
2018,Bobo Wilson,bobo wilson,TB,WR,5,5,4,52,0,0,2,54,20,0.7902646153233945,0.8,10.4,13,0,10.8,5,NA,NA,NA,NA,NA,NA,NA,NA,NA,NA,NA,NA,NA,NA,NA
2018,Brandin Cooks,brandin cooks,LA,WR,15,117,80,1204,5,1,56,1498,346,56.79046279721018,0.6837606837606838,10.290598290598291,15.05,0.042735042735042736,12.803418803418804,4.325,117,80,1204,5,68.37606837606837,5.678157894736842,2.7132488995035486,12.913675213675212,4.485249999999999,4.522409683508384,-0.037159683508384944,30.744906202498413,10.290598290598291,15.05,0.042735042735042736
2018,Brandon LaFell,brandon lafell,LV,WR,4,16,12,135,2,0,9,133,53,9.545440757310201,0.75,8.4375,11.25,0.125,8.3125,4.416666666666667,NA,NA,NA,NA,NA,NA,NA,NA,NA,NA,NA,NA,NA,NA,NA
2018,Brandon Marshall,brandon marshall,SEA/DEN,WR,17,23,11,136,1,0,7,257,23,-2.5143833623611003,0.4782608695652174,5.913043478260869,12.363636363636363,0.043478260869565216,11.173913043478262,2.090909090909091,NA,NA,NA,NA,NA,NA,NA,NA,NA,NA,NA,NA,NA,NA,NA
2018,Brandon Powell,brandon powell,DET,WR,6,17,11,129,0,0,6,57,115,3.8456888650185315,0.6470588235294118,7.588235294117647,11.727272727272727,0,3.3529411764705883,10.454545454545455,NA,NA,NA,NA,NA,NA,NA,NA,NA,NA,NA,NA,NA,NA,NA
2018,Brandon Tate,brandon tate,NO,WR,1,0,0,0,0,0,0,0,0,NA,NA,NA,NA,NA,NA,NA,NA,NA,NA,NA,NA,NA,NA,NA,NA,NA,NA,NA,NA,NA,NA
2018,Brandon Zylstra,brandon zylstra,MIN,WR,5,2,1,23,0,0,1,43,8,0.2106180161354132,0.5,11.5,23,0,21.5,8,NA,NA,NA,NA,NA,NA,NA,NA,NA,NA,NA,NA,NA,NA,NA
2018,Breshad Perriman,breshad perriman,CLE,WR,10,25,16,340,2,0,13,459,75,19.239862038753927,0.64,13.6,21.25,0.08,18.36,4.6875,NA,NA,NA,NA,NA,NA,NA,NA,NA,NA,NA,NA,NA,NA,NA
2018,Brian Quick,brian quick,WAS,WR,2,3,3,18,0,0,2,17,1,2.321300958516076,1,6,6,0,5.666666666666667,0.3333333333333333,NA,NA,NA,NA,NA,NA,NA,NA,NA,NA,NA,NA,NA,NA,NA
2018,Brice Butler,brice butler,MIA,WR,6,10,6,60,1,0,4,138,1,1.1553999001625925,0.6,6,10,0.1,13.8,0.16666666666666666,NA,NA,NA,NA,NA,NA,NA,NA,NA,NA,NA,NA,NA,NA,NA
2018,Bruce Ellington,bruce ellington,DET,WR,7,42,31,224,1,0,14,204,108,0.8546899637538292,0.7380952380952381,5.333333333333333,7.225806451612903,0.023809523809523808,4.857142857142857,3.4838709677419355,NA,NA,NA,NA,NA,NA,NA,NA,NA,NA,NA,NA,NA,NA,NA
2018,Calvin Ridley,calvin ridley,ATL,WR,16,92,64,821,10,2,39,936,364,35.496222248432446,0.6956521739130435,8.923913043478262,12.828125,0.10869565217391304,10.173913043478262,5.6875,92,64,821,10,69.56521739130434,6.315555555555555,3.168861894092877,10.042282608695652,5.79203125,5.96529107939447,-0.17325982939447027,17.68217294611654,8.923913043478262,12.828125,0.10869565217391304
2018,Cam Phillips,cam phillips,BUF,WR,2,1,1,9,0,0,0,2,7,0.3518520479556173,1,9,9,0,2,7,NA,NA,NA,NA,NA,NA,NA,NA,NA,NA,NA,NA,NA,NA,NA
2018,Cameron Batson,cameron batson,TEN,WR,8,11,8,82,0,0,5,73,54,-1.950682099093683,0.7272727272727273,7.454545454545454,10.25,0,6.636363636363637,6.75,NA,NA,NA,NA,NA,NA,NA,NA,NA,NA,NA,NA,NA,NA,NA
2018,Cameron Meredith,cameron meredith,NO,WR,3,10,9,114,1,1,4,92,38,1.606668576885768,0.9,11.4,12.666666666666666,0.1,9.2,4.222222222222222,NA,NA,NA,NA,NA,NA,NA,NA,NA,NA,NA,NA,NA,NA,NA
2018,Chad Beebe,chad beebe,MIN,WR,3,4,4,39,0,0,3,27,12,3.847014303668402,1,9.75,9.75,0,6.75,3,NA,NA,NA,NA,NA,NA,NA,NA,NA,NA,NA,NA,NA,NA,NA
2018,Chad Williams,chad williams,ARI,WR,10,46,17,171,1,0,9,586,16,-17.672273260353684,0.3695652173913043,3.717391304347826,10.058823529411764,0.021739130434782608,12.73913043478261,0.9411764705882353,46,17,171,1,36.95652173913043,5.408478260869565,1.895190927541503,13.22869565217391,0.9170588235294121,1.7790903321291063,-0.8620315085996941,15.34295482738797,3.717391304347826,10.058823529411764,0.021739130434782608
2018,Chandler Jones,chandler jones,ARI,DE,16,0,0,0,0,0,0,0,0,NA,NA,NA,NA,NA,NA,NA,NA,NA,NA,NA,NA,NA,NA,NA,NA,NA,NA,NA,NA,NA,NA
2018,Charone Peake,charone peake,NYJ,WR,6,3,2,25,0,0,2,32,4,-3.9269224772579037,0.6666666666666666,8.333333333333334,12.5,0,10.666666666666666,2,NA,NA,NA,NA,NA,NA,NA,NA,NA,NA,NA,NA,NA,NA,NA
2018,Chester Rogers,chester rogers,IND,WR,16,72,53,485,2,0,28,457,258,12.276432766850235,0.7361111111111112,6.736111111111111,9.150943396226415,0.027777777777777776,6.347222222222222,4.867924528301887,72,53,485,2,73.61111111111111,5.678955223880597,3.644751079162615,6.389027777777779,5.096037735849056,4.9787588794301065,0.11727885641894975,9.330396350677352,6.736111111111111,9.150943396226415,0.027777777777777776
2018,Chris Conley,chris conley,KC,WR,16,52,32,334,5,2,18,435,140,10.665284123221898,0.6153846153846154,6.423076923076923,10.4375,0.09615384615384616,8.365384615384615,4.375,52,32,334,5,61.53846153846154,6.50375,3.258717255995559,9.54730769230769,4.289375000000001,3.4332824075748185,0.8560925924251821,9.40589369820658,6.423076923076923,10.4375,0.09615384615384616
2018,Chris Godwin,chris godwin,TB,WR,NA,NA,NA,NA,NA,NA,NA,NA,NA,NA,NA,NA,NA,NA,NA,NA,95,59,842,7,62.10526315789474,6.244831460674157,2.589310148656954,11.90242105263158,4.583898305084746,3.5929689562764504,0.990929348808296,17.131675714331163,8.863157894736842,14.271186440677965,0.07368421052631578
2018,Chris Hogan,chris hogan,NE,WR,15,55,35,532,3,0,22,652,193,21.275753913663166,0.6363636363636364,9.672727272727272,15.2,0.05454545454545454,11.854545454545455,5.514285714285714,55,35,532,3,63.63636363636363,6.243061224489796,4.085806710119161,12.028727272727274,5.9794285714285715,6.091129669889794,-0.11170109846122234,15.244692078327274,9.672727272727272,15.2,0.05454545454545454
2018,Chris Lacy,chris lacy,DET,WR,1,1,0,0,0,0,0,9,0,-0.49524105165619403,0,0,NA,0,9,NA,NA,NA,NA,NA,NA,NA,NA,NA,NA,NA,NA,NA,NA,NA,NA
2018,Chris Moore,chris moore,BAL,WR,15,25,19,196,1,0,8,288,59,9.032177807145224,0.76,7.84,10.31578947368421,0.04,11.52,3.1052631578947367,NA,NA,NA,NA,NA,NA,NA,NA,NA,NA,NA,NA,NA,NA,NA
2018,Chris Thompson,chris thompson,WAS,RB,10,55,41,268,1,0,12,80,219,-3.1597166053711487,0.7454545454545455,4.872727272727273,6.536585365853658,0.01818181818181818,1.4545454545454546,5.341463414634147,NA,NA,NA,NA,NA,NA,NA,NA,NA,NA,NA,NA,NA,NA,NA
2018,Christian Kirk,christian kirk,ARI,WR,12,68,43,590,3,0,21,654,225,9.216901698600967,0.6323529411764706,8.676470588235293,13.720930232558139,0.04411764705882353,9.617647058823529,5.232558139534884,68,43,590,3,63.23529411764706,6.217812500000001,2.7124752117236675,9.758676470588236,5.437209302325582,4.379806617399019,1.0574026849265623,16.73146551289421,8.676470588235293,13.720930232558139,0.04411764705882353
2018,Cody Core,cody core,CIN,WR,10,28,13,160,1,0,7,367,36,2.1869792346226498,0.4642857142857143,5.714285714285714,12.307692307692308,0.03571428571428571,13.107142857142858,2.769230769230769,NA,NA,NA,NA,NA,NA,NA,NA,NA,NA,NA,NA,NA,NA,NA
2018,Cody Latimer,cody latimer,NYG,WR,6,16,11,190,1,0,6,318,23,11.226079690561164,0.6875,11.875,17.272727272727273,0.0625,19.875,2.090909090909091,NA,NA,NA,NA,NA,NA,NA,NA,NA,NA,NA,NA,NA,NA,NA
2018,Cole Beasley,cole beasley,DAL,WR,16,87,65,672,3,0,39,644,213,45.47449393645592,0.7471264367816092,7.724137931034483,10.338461538461539,0.034482758620689655,7.402298850574713,3.276923076923077,87,65,672,3,74.71264367816092,5.899390243902439,2.8663641794932837,7.404137931034481,3.414153846153846,3.86549365790482,-0.45133981175097393,16.158332392670353,7.724137931034483,10.338461538461539,0.034482758620689655
2018,Cooper Kupp,cooper kupp,LA,WR,8,55,40,566,6,0,25,460,303,35.6904458918328,0.7272727272727273,10.290909090909091,14.15,0.10909090909090909,8.363636363636363,7.575,55,40,566,6,72.72727272727273,6.683414634146341,3.5412624492302016,8.598909090909093,7.749250000000001,5.7942574876180695,1.9549925123819314,9.623731510629163,10.290909090909091,14.15,0.10909090909090909
2018,Corey Coleman,corey coleman,NYG,WR,8,8,5,71,0,0,5,100,8,5.716740560426842,0.625,8.875,14.2,0,12.5,1.6,NA,NA,NA,NA,NA,NA,NA,NA,NA,NA,NA,NA,NA,NA,NA
2018,Corey Davis,corey davis,TEN,WR,16,112,65,891,4,1,47,1159,267,30.047386738862663,0.5803571428571429,7.955357142857143,13.707692307692307,0.03571428571428571,10.348214285714286,4.107692307692307,112,65,891,4,58.03571428571429,6.079245283018868,3.0511981039825167,10.254732142857142,4.34553846153846,3.659694965550988,0.6858434959874722,35.850782235207454,7.955357142857143,13.707692307692307,0.03571428571428571
2018,Courtland Sutton,courtland sutton,DEN,WR,16,84,42,704,4,0,31,1178,163,12.687085229922438,0.5,8.380952380952381,16.761904761904763,0.047619047619047616,14.023809523809524,3.880952380952381,84,42,704,4,50,4.624819277108434,2.1630736692701764,14.365000000000004,4.407857142857142,3.555168798711821,0.8526883441453212,27.59410824420464,8.380952380952381,16.761904761904763,0.047619047619047616
2018,Curtis Samuel,curtis samuel,CAR,WR,13,65,39,494,5,0,24,776,111,8.35417715011863,0.6,7.6,12.666666666666666,0.07692307692307693,11.938461538461539,2.8461538461538463,65,39,494,5,60,6.7276923076923065,2.4194832850358883,12.164461538461536,2.9310256410256406,2.545113781936781,0.3859118590888597,19.152270591312934,7.6,12.666666666666666,0.07692307692307693
2018,D.J. Moore,d j moore,CAR,WR,NA,NA,NA,NA,NA,NA,NA,NA,NA,NA,NA,NA,NA,NA,NA,NA,82,55,788,2,67.07317073170732,6.1129999999999995,2.8879945235781297,9.014024390243902,7.929818181818183,4.711260973195302,3.2185572086228804,17.90385714700952,9.609756097560975,14.327272727272728,0.024390243902439025
2018,DJ Chark,dj chark,JAX,WR,11,32,14,174,0,1,6,314,45,-12.559183318275004,0.4375,5.4375,12.428571428571429,0,9.8125,3.2142857142857144,NA,NA,NA,NA,NA,NA,NA,NA,NA,NA,NA,NA,NA,NA,NA
2018,Da'Mari Scott,da mari scott,BUF,WR,1,0,0,0,0,0,0,0,0,NA,NA,NA,NA,NA,NA,NA,NA,NA,NA,NA,NA,NA,NA,NA,NA,NA,NA,NA,NA,NA,NA
2018,DaeSean Hamilton,daesean hamilton,DEN,WR,11,46,30,243,2,0,16,397,67,6.318098905554507,0.6521739130434783,5.282608695652174,8.1,0.043478260869565216,8.630434782608695,2.2333333333333334,46,30,243,2,65.21739130434783,5.328604651162791,3.0531937032158556,8.390217391304347,2.350666666666667,2.9536985600230983,-0.6030318933564311,8.82597092540631,5.282608695652174,8.1,0.043478260869565216
2018,Damiere Byrd,damiere byrd,CAR,WR,7,2,1,8,0,0,1,25,1,-1.090431323973462,0.5,4,8,0,12.5,1,NA,NA,NA,NA,NA,NA,NA,NA,NA,NA,NA,NA,NA,NA,NA
2018,Damion Ratley,damion ratley,CLE,WR,5,20,13,144,0,0,5,227,51,0.3225212873513811,0.65,7.2,11.076923076923077,0,11.35,3.923076923076923,NA,NA,NA,NA,NA,NA,NA,NA,NA,NA,NA,NA,NA,NA,NA
2018,Danny Amendola,danny amendola,MIA,WR,15,79,59,575,1,0,27,589,229,-2.7380614959452387,0.7468354430379747,7.2784810126582276,9.745762711864407,0.012658227848101266,7.455696202531645,3.8813559322033897,79,59,575,1,74.68354430379746,6.279117647058823,3.2199118670754148,7.03886075949367,4.181525423728814,4.462121200735594,-0.28059577700677973,15.565813267345574,7.2784810126582276,9.745762711864407,0.012658227848101266
2018,Dante Pettis,dante pettis,SF,WR,12,45,27,467,5,0,19,501,205,17.539478366822564,0.6,10.377777777777778,17.296296296296298,0.1111111111111111,11.133333333333333,7.592592592592593,45,27,467,5,60,5.361395348837209,3.3760030795640077,11.837333333333332,7.5744444444444445,5.359851902548684,2.214592541895761,13.60654732712114,10.377777777777778,17.296296296296298,0.1111111111111111
2018,Darius Jennings,darius jennings,TEN,WR,14,15,11,101,0,0,2,153,37,-1.8181403869239148,0.7333333333333333,6.733333333333333,9.181818181818182,0,10.2,3.3636363636363638,NA,NA,NA,NA,NA,NA,NA,NA,NA,NA,NA,NA,NA,NA,NA
2018,Darrius Heyward-Bey,darrius heyward bey,PIT,WR,8,2,1,9,0,0,0,25,10,0.2791185217211023,0.5,4.5,9,0,12.5,10,NA,NA,NA,NA,NA,NA,NA,NA,NA,NA,NA,NA,NA,NA,NA
2018,Darvin Kidsy,darvin kidsy,WAS,WR,1,2,1,8,0,0,1,18,2,1.993958842358552,0.5,4,8,0,9,2,NA,NA,NA,NA,NA,NA,NA,NA,NA,NA,NA,NA,NA,NA,NA
2018,Davante Adams,davante adams,GB,WR,15,169,111,1386,13,0,64,1906,475,81.60807196811716,0.6568047337278107,8.201183431952662,12.486486486486486,0.07692307692307693,11.278106508875739,4.2792792792792795,169,111,1386,13,65.68047337278107,4.830617283950617,2.9691687972034053,11.326213017751478,4.647387387387387,4.178552782763008,0.4688346046243792,33.96870973810021,8.201183431952662,12.486486486486486,0.07692307692307693
2018,David Moore,david moore,SEA,WR,14,53,26,445,5,2,19,839,93,11.817852405275444,0.49056603773584906,8.39622641509434,17.115384615384617,0.09433962264150944,15.830188679245284,3.576923076923077,53,26,445,5,49.056603773584904,4.736415094339622,1.9987676923420887,16.37698113207547,3.7484615384615387,3.2208461861060798,0.527615352355459,22.466913601337694,8.39622641509434,17.115384615384617,0.09433962264150944
2018,De'Anthony Thomas,de anthony thomas,KC,WR,5,5,3,29,1,0,3,68,30,2.2320516325125936,0.6,5.8,9.666666666666666,0.2,13.6,10,NA,NA,NA,NA,NA,NA,NA,NA,NA,NA,NA,NA,NA,NA,NA
2018,DeAndre Carter,deandre carter,HOU,WR,13,25,22,216,0,1,11,86,150,7.261611666883074,0.88,8.64,9.818181818181818,0,3.44,6.818181818181818,NA,NA,NA,NA,NA,NA,NA,NA,NA,NA,NA,NA,NA,NA,NA
2018,DeAndre Hopkins,deandre hopkins,HOU,WR,16,163,115,1572,11,2,81,1869,387,76.18711758378704,0.7055214723926381,9.644171779141104,13.669565217391304,0.06748466257668712,11.466257668711657,3.365217391304348,163,115,1572,11,70.5521472392638,4.921987577639751,2.522421038243409,11.861472392638037,3.683217391304347,3.644685142115259,0.03853224918908804,44.044066391175804,9.644171779141104,13.669565217391304,0.06748466257668712
2018,DeSean Jackson,desean jackson,TB,WR,12,74,41,774,4,0,31,1421,181,14.000156519695318,0.5540540540540541,10.45945945945946,18.878048780487806,0.05405405405405406,19.2027027027027,4.414634146341464,74,41,774,4,55.4054054054054,7.337777777777778,2.7365699466874687,19.107702702702703,4.554634146341463,4.29977456773574,0.25485957860572217,21.423041318257088,10.45945945945946,18.878048780487806,0.05405405405405406
2018,DeVante Parker,devante parker,MIA,WR,11,47,24,309,1,0,14,608,94,1.2130028360968188,0.5106382978723404,6.574468085106383,12.875,0.02127659574468085,12.936170212765957,3.9166666666666665,47,24,306,1,51.06382978723404,5.081702127659575,2.545867816003437,11.905319148936169,4.460833333333334,4.585625234418633,-0.12479190108529892,15.663227316242951,6.51063829787234,12.75,0.02127659574468085
2018,Dede Westbrook,dede westbrook,JAX,WR,16,101,66,717,5,2,39,852,362,22.027247968129032,0.6534653465346535,7.099009900990099,10.863636363636363,0.04950495049504951,8.435643564356436,5.484848484848484,101,66,715,5,65.34653465346535,6.128426966292135,3.5126726115132967,8.463069306930695,5.739848484848484,4.624369947480398,1.1154785373680864,23.08417322919704,7.079207920792079,10.833333333333334,0.04950495049504951
2018,Demarcus Robinson,demarcus robinson,KC,WR,14,33,22,288,4,0,12,386,116,9.826948309204752,0.6666666666666666,8.727272727272727,13.090909090909092,0.12121212121212122,11.696969696969697,5.2727272727272725,NA,NA,NA,NA,NA,NA,NA,NA,NA,NA,NA,NA,NA,NA,NA
2018,Demaryius Thomas,demaryius thomas,HOU,WR,15,89,59,677,5,0,37,907,277,27.850222771787386,0.6629213483146067,7.606741573033708,11.474576271186441,0.056179775280898875,10.191011235955056,4.694915254237288,89,59,677,5,66.29213483146067,5.919294117647059,3.021092108367718,10.37561797752809,4.931016949152543,4.21439086828141,0.7166260808711327,21.117155931203392,7.606741573033708,11.474576271186441,0.056179775280898875
2018,Deontay Burnett,deontay burnett,NYJ,WR,5,15,10,143,0,0,7,162,25,6.029267899342813,0.6666666666666666,9.533333333333333,14.3,0,10.8,2.5,NA,NA,NA,NA,NA,NA,NA,NA,NA,NA,NA,NA,NA,NA,NA
2018,Deonte Thompson,deonte thompson,BUF,WR,13,30,17,161,0,0,10,377,38,-5.939142334100325,0.5666666666666667,5.366666666666666,9.470588235294118,0,12.566666666666666,2.235294117647059,NA,NA,NA,NA,NA,NA,NA,NA,NA,NA,NA,NA,NA,NA,NA
2018,Derrick Johnson,derrick johnson,LV,LB,5,0,0,0,0,0,0,0,0,NA,NA,NA,NA,NA,NA,NA,NA,NA,NA,NA,NA,NA,NA,NA,NA,NA,NA,NA,NA,NA,NA
2018,Derrick Jones,derrick jones,NYJ,CB,1,0,0,0,0,0,0,0,0,NA,NA,NA,NA,NA,NA,NA,NA,NA,NA,NA,NA,NA,NA,NA,NA,NA,NA,NA,NA,NA,NA
2018,Derrick Willies,derrick willies,CLE,WR,1,5,3,61,0,1,2,57,32,0.732745485031046,0.6,12.2,20.333333333333332,0,11.4,10.666666666666666,NA,NA,NA,NA,NA,NA,NA,NA,NA,NA,NA,NA,NA,NA,NA
2018,Devin Funchess,devin funchess,CAR,WR,14,79,44,549,4,0,35,1013,76,1.5113612549030222,0.5569620253164557,6.949367088607595,12.477272727272727,0.05063291139240506,12.822784810126583,1.7272727272727273,79,44,549,4,55.69620253164557,5.00921052631579,2.2659341912580326,12.661772151898735,1.7979545454545451,2.2165466554903657,-0.41859211003582053,24.22900659813392,6.949367088607595,12.477272727272727,0.05063291139240506
2018,Donte Moncrief,donte moncrief,JAX,WR,16,89,48,668,3,0,29,1166,236,8.841532439965032,0.5393258426966292,7.50561797752809,13.916666666666666,0.033707865168539325,13.101123595505618,4.916666666666667,89,48,672,3,53.93258426966292,5.912808988764045,2.246120902864039,12.847191011235953,5.139166666666666,3.331130816337429,1.808035850329237,30.87900098302922,7.550561797752809,14,0.033707865168539325
2018,Dontrelle Inman,dontrelle inman,IND,WR,8,39,28,304,3,0,16,401,58,23.832007669975965,0.717948717948718,7.794871794871795,10.857142857142858,0.07692307692307693,10.282051282051283,2.0714285714285716,NA,NA,NA,NA,NA,NA,NA,NA,NA,NA,NA,NA,NA,NA,NA
2018,Doug Baldwin,doug baldwin,SEA,WR,13,73,50,618,5,0,32,830,156,36.43538712280276,0.684931506849315,8.465753424657533,12.36,0.0684931506849315,11.36986301369863,3.12,73,50,618,5,68.4931506849315,5.156515151515151,2.8235770082373737,12.128630136986303,3.6118,3.197621465802109,0.41417853419789097,22.91755643389062,8.465753424657533,12.36,0.0684931506849315
2018,Dwayne Harris,dwayne harris,LV,WR,15,6,6,40,0,1,2,-7,47,-1.151859609031817,1,6.666666666666667,6.666666666666667,0,-1.1666666666666667,7.833333333333333,NA,NA,NA,NA,NA,NA,NA,NA,NA,NA,NA,NA,NA,NA,NA
2018,Eli Rogers,eli rogers,PIT,WR,3,14,12,79,0,1,5,62,40,1.1370856698341667,0.8571428571428571,5.642857142857143,6.583333333333333,0,4.428571428571429,3.3333333333333335,NA,NA,NA,NA,NA,NA,NA,NA,NA,NA,NA,NA,NA,NA,NA
2018,Emmanuel Sanders,emmanuel sanders,DEN,WR,12,98,71,868,4,0,36,943,297,18.678641149075702,0.7244897959183674,8.857142857142858,12.225352112676056,0.04081632653061224,9.622448979591837,4.183098591549296,98,71,866,4,72.44897959183673,6.150212765957448,3.246848462389276,9.338979591836734,4.592394366197183,4.130715498728198,0.46167886746898557,20.92940824031704,8.83673469387755,12.19718309859155,0.04081632653061224
2018,Equanimeous St. Brown,equanimeous st brown,GB,WR,11,36,21,328,0,0,13,505,120,10.266845571847089,0.5833333333333334,9.11111111111111,15.619047619047619,0,14.027777777777779,5.714285714285714,NA,NA,NA,NA,NA,NA,NA,NA,NA,NA,NA,NA,NA,NA,NA
2018,Freddie Martino,freddie martino,TB,WR,1,1,0,0,0,0,0,3,0,-2.092099741152769,0,0,NA,0,3,NA,NA,NA,NA,NA,NA,NA,NA,NA,NA,NA,NA,NA,NA,NA,NA
2018,Gehrig Dieter,gehrig dieter,KC,WR,2,3,1,22,0,0,1,54,13,-1.5199202921357937,0.3333333333333333,7.333333333333333,22,0,18,13,NA,NA,NA,NA,NA,NA,NA,NA,NA,NA,NA,NA,NA,NA,NA
2018,Geremy Davis,geremy davis,LAC,WR,5,1,0,0,0,0,0,0,0,-0.7954914977308363,0,0,NA,0,0,NA,NA,NA,NA,NA,NA,NA,NA,NA,NA,NA,NA,NA,NA,NA,NA
2018,Geronimo Allison,geronimo allison,GB,WR,5,30,20,303,2,1,12,388,106,17.38324403551285,0.6666666666666666,10.1,15.15,0.06666666666666667,12.933333333333334,5.3,NA,NA,NA,NA,NA,NA,NA,NA,NA,NA,NA,NA,NA,NA,NA
2018,Golden Tate,golden tate,PHI,WR,15,113,74,795,4,2,33,742,427,15.042471259041552,0.6548672566371682,7.035398230088496,10.743243243243244,0.035398230088495575,6.566371681415929,5.77027027027027,113,74,789,4,65.48672566371681,6.288712871287128,2.97512100877972,6.2765486725663715,5.7851351351351354,3.9272931408627993,1.857841994272336,17.74602356461754,6.982300884955753,10.662162162162161,0.035398230088495575
2018,Isaiah Ford,isaiah ford,MIA,WR,1,1,0,0,0,0,0,6,0,-0.7439061626209877,0,0,NA,0,6,NA,NA,NA,NA,NA,NA,NA,NA,NA,NA,NA,NA,NA,NA,NA,NA
2018,Isaiah McKenzie,isaiah mckenzie,BUF,WR,8,30,18,179,0,0,10,246,76,0.5867288662666001,0.6,5.966666666666667,9.944444444444445,0,8.2,4.222222222222222,NA,NA,NA,NA,NA,NA,NA,NA,NA,NA,NA,NA,NA,NA,NA
2018,J'Mon Moore,j mon moore,GB,WR,7,3,2,15,0,0,1,19,6,-0.4876242187456228,0.6666666666666666,5,7.5,0,6.333333333333333,3,NA,NA,NA,NA,NA,NA,NA,NA,NA,NA,NA,NA,NA,NA,NA
2018,J.J. Jones,j j jones,NYJ,WR,4,1,1,3,0,0,0,2,1,-0.6238946538651362,1,3,3,0,2,1,NA,NA,NA,NA,NA,NA,NA,NA,NA,NA,NA,NA,NA,NA,NA
2018,J.J. Nelson,j j nelson,ARI,WR,9,19,7,64,0,0,4,358,24,-12.315986474413917,0.3684210526315789,3.3684210526315788,9.142857142857142,0,18.842105263157894,3.4285714285714284,NA,NA,NA,NA,NA,NA,NA,NA,NA,NA,NA,NA,NA,NA,NA
2018,Jake Kumerow,jake kumerow,GB,WR,5,11,8,103,1,0,4,111,23,7.742036345996894,0.7272727272727273,9.363636363636363,12.875,0.09090909090909091,10.090909090909092,2.875,NA,NA,NA,NA,NA,NA,NA,NA,NA,NA,NA,NA,NA,NA,NA
2018,Jakeem Grant,jakeem grant,MIA,WR,10,34,21,268,2,0,13,275,140,11.298091192958232,0.6176470588235294,7.882352941176471,12.761904761904763,0.058823529411764705,8.088235294117647,6.666666666666667,NA,NA,NA,NA,NA,NA,NA,NA,NA,NA,NA,NA,NA,NA,NA
2018,Jalen Tolliver,jalen tolliver,ARI,WR,3,6,3,37,0,0,3,83,14,-0.4535807525389828,0.5,6.166666666666667,12.333333333333334,0,13.833333333333334,4.666666666666667,NA,NA,NA,NA,NA,NA,NA,NA,NA,NA,NA,NA,NA,NA,NA
2018,Jamal Agnew,jamal agnew,DET,WR,6,0,0,0,0,0,0,0,0,NA,NA,NA,NA,NA,NA,NA,NA,NA,NA,NA,NA,NA,NA,NA,NA,NA,NA,NA,NA,NA,NA
2018,James Washington,james washington,PIT,WR,12,38,16,217,1,0,11,640,53,2.991474294969284,0.42105263157894735,5.7105263157894735,13.5625,0.02631578947368421,16.842105263157894,3.3125,NA,NA,NA,NA,NA,NA,NA,NA,NA,NA,NA,NA,NA,NA,NA
2018,Jamison Crowder,jamison crowder,WAS,WR,9,49,29,388,2,0,15,461,204,11.170570054934636,0.5918367346938775,7.918367346938775,13.379310344827585,0.04081632653061224,9.408163265306122,7.0344827586206895,49,29,388,2,59.183673469387756,6.369999999999999,2.8953128855918826,9.103673469387756,7.638620689655172,5.028166449214257,2.610454240440915,10.724030743118984,7.918367346938775,13.379310344827585,0.04081632653061224
2018,Janarion Grant,janarion grant,BAL,WR,2,0,0,0,0,0,0,0,0,NA,NA,NA,NA,NA,NA,NA,NA,NA,NA,NA,NA,NA,NA,NA,NA,NA,NA,NA,NA,NA,NA
2018,Jarius Wright,jarius wright,CAR,WR,16,59,43,447,1,3,25,365,198,11.477391762410441,0.7288135593220338,7.576271186440678,10.395348837209303,0.01694915254237288,6.186440677966102,4.604651162790698,59,43,447,1,72.88135593220339,5.955272727272729,3.2343276829872982,5.723220338983051,5.013720930232557,4.886592772357037,0.12712815787551968,8.179118504810532,7.576271186440678,10.395348837209303,0.01694915254237288
2018,Jaron Brown,jaron brown,SEA,WR,12,19,14,166,5,0,9,244,46,17.41999465218396,0.7368421052631579,8.736842105263158,11.857142857142858,0.2631578947368421,12.842105263157896,3.2857142857142856,NA,NA,NA,NA,NA,NA,NA,NA,NA,NA,NA,NA,NA,NA,NA
2018,Jarvis Landry,jarvis landry,CLE,WR,16,149,81,976,4,1,44,1645,274,-0.6695404128092494,0.5436241610738255,6.550335570469799,12.049382716049383,0.026845637583892617,11.04026845637584,3.382716049382716,149,81,976,4,54.36241610738255,5.659411764705883,3.273078564009502,10.805369127516778,3.811481481481482,3.5566668461819897,0.2548146352994922,30.45470194115622,6.550335570469799,12.049382716049383,0.026845637583892617
2018,Javon Wims,javon wims,CHI,WR,2,5,4,32,0,0,2,34,2,2.233539526409004,0.8,6.4,8,0,6.8,0.5,NA,NA,NA,NA,NA,NA,NA,NA,NA,NA,NA,NA,NA,NA,NA
2018,Jawill Davis,jawill davis,NYG,WR,7,8,4,40,0,0,3,127,4,1.0969587510860548,0.5,5,10,0,15.875,1,NA,NA,NA,NA,NA,NA,NA,NA,NA,NA,NA,NA,NA,NA,NA
2018,Jaydon Mickens,jaydon mickens,JAX,WR,6,0,0,0,0,0,0,0,0,NA,NA,NA,NA,NA,NA,NA,NA,NA,NA,NA,NA,NA,NA,NA,NA,NA,NA,NA,NA,NA,NA
2018,Jehu Chesson,jehu chesson,WAS,WR,6,2,1,7,0,0,1,22,0,1.119048398686573,0.5,3.5,7,0,11,0,NA,NA,NA,NA,NA,NA,NA,NA,NA,NA,NA,NA,NA,NA,NA
2018,Jeremy Kerley,jeremy kerley,BUF,WR,1,4,2,7,0,0,0,15,15,-2.0337088025407866,0.5,1.75,3.5,0,3.75,7.5,NA,NA,NA,NA,NA,NA,NA,NA,NA,NA,NA,NA,NA,NA,NA
2018,Jermaine Kearse,jermaine kearse,NYJ,WR,13,76,37,371,1,0,20,707,125,-6.9956193311596255,0.4868421052631579,4.881578947368421,10.027027027027026,0.013157894736842105,9.302631578947368,3.3783783783783785,76,37,371,1,48.68421052631579,6.351126760563381,2.673896583650929,9.326052631578946,3.666756756756756,3.1866600283594093,0.4800967283973465,15.336678589280032,4.881578947368421,10.027027027027026,0.013157894736842105
2018,JoJo Natson,jojo natson,LA,WR,13,0,0,0,0,0,0,0,0,NA,NA,NA,NA,NA,NA,NA,NA,NA,NA,NA,NA,NA,NA,NA,NA,NA,NA,NA,NA,NA,NA
2018,Joe Walker,joe walker,ARI,LB,6,0,0,0,0,0,0,0,0,NA,NA,NA,NA,NA,NA,NA,NA,NA,NA,NA,NA,NA,NA,NA,NA,NA,NA,NA,NA,NA,NA
2018,John Brown,john brown,BAL,WR,16,97,42,715,5,0,28,1583,156,16.295025026528126,0.4329896907216495,7.371134020618556,17.023809523809526,0.05154639175257732,16.31958762886598,3.7142857142857144,97,42,717,5,43.29896907216495,5.683152173913043,2.3436656743523248,16.341030927835057,4.095238095238095,3.4882040705201405,0.6070340247179544,34.22183264317392,7.391752577319588,17.071428571428573,0.05154639175257732
2018,John Ross,john ross,CIN,WR,13,58,21,210,7,0,13,807,59,-21.53323482101056,0.3620689655172414,3.6206896551724137,10,0.1206896551724138,13.913793103448276,2.8095238095238093,58,21,210,7,36.206896551724135,5.385454545454545,2.2188453649021334,13.987586206896552,3.073333333333333,3.070903819611631,0.002429513721701859,18.362977080230504,3.6206896551724137,10,0.1206896551724138
2018,Johnny Holton,johnny holton,LV,WR,1,1,0,0,0,0,0,45,0,-0.744821694213897,0,0,NA,0,45,NA,NA,NA,NA,NA,NA,NA,NA,NA,NA,NA,NA,NA,NA,NA,NA
2018,Jordan Matthews,jordan matthews,PHI,TE,11,28,20,300,2,0,14,285,83,17.71372689194216,0.7142857142857143,10.714285714285714,15,0.07142857142857142,10.178571428571429,4.15,NA,NA,NA,NA,NA,NA,NA,NA,NA,NA,NA,NA,NA,NA,NA
2018,Jordy Nelson,jordy nelson,LV,WR,15,88,63,739,3,0,36,812,241,20.12270356851592,0.7159090909090909,8.397727272727273,11.73015873015873,0.03409090909090909,9.227272727272727,3.8253968253968256,88,63,739,3,71.5909090909091,5.804216867469879,2.721723652085742,9.045568181818181,4.138095238095238,3.6899927388544516,0.44810249924078605,21.664616356035534,8.397727272727273,11.73015873015873,0.03409090909090909
2018,Josh Bellamy,josh bellamy,CHI,WR,14,25,14,117,1,0,8,294,46,-8.498983384540939,0.56,4.68,8.357142857142858,0.04,11.76,3.2857142857142856,NA,NA,NA,NA,NA,NA,NA,NA,NA,NA,NA,NA,NA,NA,NA
2018,Josh Doctson,josh doctson,WAS,WR,15,78,44,532,2,0,31,1130,132,0.06900909173801906,0.5641025641025641,6.82051282051282,12.090909090909092,0.02564102564102564,14.487179487179487,3,78,44,532,2,56.41025641025641,5.586025641025641,2.422757691942154,14.305384615384614,3.295454545454545,3.082798645076926,0.21265590037761894,26.824982029651682,6.82051282051282,12.090909090909092,0.02564102564102564
2018,Josh Gordon,josh gordon,NE,WR,12,71,41,737,4,0,30,1014,264,35.34485662022345,0.5774647887323944,10.380281690140846,17.975609756097562,0.056338028169014086,14.28169014084507,6.439024390243903,71,41,737,4,57.74647887323944,4.721267605633802,2.1076711670281,13.997464788732394,7.0773170731707324,4.109941086313921,2.967375986856811,22.90045025738869,10.380281690140846,17.975609756097562,0.056338028169014086
2018,Josh Johnson,josh johnson,WAS,QB,4,0,0,0,0,0,0,0,0,NA,NA,NA,NA,NA,NA,NA,NA,NA,NA,NA,NA,NA,NA,NA,NA,NA,NA,NA,NA,NA,NA
2018,Josh Malone,josh malone,CIN,WR,3,5,1,12,0,0,1,36,0,-7.437227292859461,0.2,2.4,12,0,7.2,0,NA,NA,NA,NA,NA,NA,NA,NA,NA,NA,NA,NA,NA,NA,NA
2018,Josh Reynolds,josh reynolds,LA,WR,12,53,29,402,5,0,23,657,129,6.0970915253206215,0.5471698113207547,7.584905660377358,13.862068965517242,0.09433962264150944,12.39622641509434,4.448275862068965,52,29,402,5,55.769230769230774,7.4906,3.012980894494583,12.90403846153846,4.755172413793105,4.231568178941847,0.5236042348512573,13.654205778634232,7.730769230769231,13.862068965517242,0.09615384615384616
2018,JuJu Smith-Schuster,juju smith schuster,PIT,WR,16,166,111,1426,7,1,67,1461,648,52.10090878440716,0.6686746987951807,8.590361445783133,12.846846846846846,0.04216867469879518,8.801204819277109,5.837837837837838,166,111,1383,7,66.86746987951807,5.316601307189543,3.00124581675711,8.685783132530123,6.072522522522522,4.760915740318135,1.3116067822043878,27.599725120642578,8.331325301204819,12.45945945945946,0.04216867469879518
2018,Julian Edelman,julian edelman,NE,WR,12,108,74,850,6,0,41,831,348,25.83930809800154,0.6851851851851852,7.87037037037037,11.486486486486486,0.05555555555555555,7.694444444444445,4.702702702702703,108,74,850,6,68.51851851851852,6.227065217391303,3.253567722120477,7.700925925925926,4.979864864864865,4.657301597325515,0.3225632675393504,19.16474258826566,7.87037037037037,11.486486486486486,0.05555555555555555
2018,Julio Jones,julio jones,ATL,WR,16,170,113,1677,8,2,80,2377,448,68.96176188756698,0.6647058823529411,9.864705882352942,14.84070796460177,0.047058823529411764,13.98235294117647,3.9646017699115044,170,113,1677,8,66.47058823529412,5.697839506172839,2.4845726567028485,14.02658823529412,4.198672566371681,3.204687891255472,0.9939846751162094,45.63692109826258,9.864705882352942,14.84070796460177,0.047058823529411764
2018,Justin Hardy,justin hardy,ATL,WR,16,22,14,133,2,0,8,132,71,-0.12093831883976236,0.6363636363636364,6.045454545454546,9.5,0.09090909090909091,6,5.071428571428571,NA,NA,NA,NA,NA,NA,NA,NA,NA,NA,NA,NA,NA,NA,NA
2018,Justin Hunter,justin hunter,PIT,WR,4,13,3,21,0,0,2,266,2,-3.96140977225828,0.23076923076923078,1.6153846153846154,7,0,20.46153846153846,0.6666666666666666,NA,NA,NA,NA,NA,NA,NA,NA,NA,NA,NA,NA,NA,NA,NA
2018,Justin Watson,justin watson,TB,WR,7,3,1,5,0,0,0,15,0,-1.89102562982589,0.3333333333333333,1.6666666666666667,5,0,5,0,NA,NA,NA,NA,NA,NA,NA,NA,NA,NA,NA,NA,NA,NA,NA
2018,Kaelin Clay,kaelin clay,NYG,WR,2,0,0,0,0,0,0,0,0,NA,NA,NA,NA,NA,NA,NA,NA,NA,NA,NA,NA,NA,NA,NA,NA,NA,NA,NA,NA,NA,NA
2018,Kamar Aiken,kamar aiken,PHI,WR,3,7,6,53,0,0,2,47,11,-0.21040557592641562,0.8571428571428571,7.571428571428571,8.833333333333334,0,6.714285714285714,1.8333333333333333,NA,NA,NA,NA,NA,NA,NA,NA,NA,NA,NA,NA,NA,NA,NA
2018,Keelan Cole,keelan cole,JAX,WR,14,70,38,491,1,2,25,691,136,-4.619932648813119,0.5428571428571428,7.014285714285714,12.921052631578947,0.014285714285714285,9.871428571428572,3.5789473684210527,70,38,491,1,54.285714285714285,6.647058823529412,2.87739486389453,9.690428571428573,3.8863157894736844,4.083272042090175,-0.19695625261649052,18.319182033250144,7.014285714285714,12.921052631578947,0.014285714285714285
2018,Keenan Allen,keenan allen,LAC,WR,15,136,97,1196,6,1,62,1169,403,58.47222582240636,0.7132352941176471,8.794117647058824,12.329896907216495,0.04411764705882353,8.595588235294118,4.154639175257732,136,97,1196,6,71.32352941176471,5.280672268907563,2.6677327066621324,8.82485294117647,4.377113402061856,4.454373969116255,-0.07726056705439888,29.75485675185195,8.794117647058824,12.329896907216495,0.04411764705882353
2018,Keith Kirkwood,keith kirkwood,NO,WR,7,21,13,209,2,0,10,288,49,10.983537581865676,0.6190476190476191,9.952380952380953,16.076923076923077,0.09523809523809523,13.714285714285714,3.769230769230769,NA,NA,NA,NA,NA,NA,NA,NA,NA,NA,NA,NA,NA,NA,NA
2018,Keke Coutee,keke coutee,HOU,WR,6,41,28,287,1,0,13,208,210,2.2172091346702265,0.6829268292682927,7,10.25,0.024390243902439025,5.073170731707317,7.5,NA,NA,NA,NA,NA,NA,NA,NA,NA,NA,NA,NA,NA,NA,NA
2018,Kendrick Bourne,kendrick bourne,SF,WR,16,67,42,487,4,1,30,568,147,6.489901050646307,0.6268656716417911,7.268656716417911,11.595238095238095,0.05970149253731343,8.477611940298507,3.5,67,42,487,4,62.68656716417911,6.464062500000001,2.80630083086052,9.055074626865672,3.6423809523809534,3.648052674596732,-0.005671722215778718,15.497026728788626,7.268656716417911,11.595238095238095,0.05970149253731343
2018,Kenny Golladay,kenny golladay,DET,WR,15,119,70,1063,5,1,56,1475,350,49.75978507223327,0.5882352941176471,8.932773109243698,15.185714285714285,0.04201680672268908,12.394957983193278,5,119,70,1063,5,58.82352941176471,4.882695652173914,2.264946797684272,12.597478991596638,5.352714285714286,3.968443694413801,1.384270591300485,37.50872601440698,8.932773109243698,15.185714285714285,0.04201680672268908
2018,Kenny Stills,kenny stills,MIA,WR,15,64,37,553,6,0,27,1040,131,28.884151184695728,0.578125,8.640625,14.945945945945946,0.09375,16.25,3.5405405405405403,64,37,553,6,57.8125,6.1745,2.364326201132394,16.4134375,3.6597297297297304,2.8665924552496946,0.7931372744800358,29.40504649561356,8.640625,14.945945945945946,0.09375
2018,Keon Hatcher,keon hatcher,LV,WR,2,2,1,8,0,0,0,14,8,-1.301157385110855,0.5,4,8,0,7,8,NA,NA,NA,NA,NA,NA,NA,NA,NA,NA,NA,NA,NA,NA,NA
2018,Kevin White,kevin white,CHI,WR,3,8,4,92,0,0,3,185,6,-0.7030131961801089,0.5,11.5,23,0,23.125,1.5,NA,NA,NA,NA,NA,NA,NA,NA,NA,NA,NA,NA,NA,NA,NA
2018,KhaDarel Hodge,khadarel hodge,LA,WR,6,3,2,17,0,0,1,24,0,-2.0050313068786636,0.6666666666666666,5.666666666666667,8.5,0,8,0,NA,NA,NA,NA,NA,NA,NA,NA,NA,NA,NA,NA,NA,NA,NA
2018,Kyle Williams,kyle williams,BUF,DT,16,1,1,9,0,0,0,-1,10,0.5565327272051945,1,9,9,0,-1,10,NA,NA,NA,NA,NA,NA,NA,NA,NA,NA,NA,NA,NA,NA,NA
2018,Lance Lenoir,lance lenoir,DAL,WR,1,0,0,0,0,0,0,0,0,NA,NA,NA,NA,NA,NA,NA,NA,NA,NA,NA,NA,NA,NA,NA,NA,NA,NA,NA,NA,NA,NA
2018,Laquon Treadwell,laquon treadwell,MIN,WR,15,53,35,302,1,0,16,320,120,-11.564563894609513,0.660377358490566,5.69811320754717,8.628571428571428,0.018867924528301886,6.037735849056604,3.4285714285714284,53,35,302,1,66.0377358490566,6.316470588235296,2.8667062142826505,5.962264150943396,3.4097142857142866,2.846289917384272,0.5634243683300144,7.04771930450608,5.69811320754717,8.628571428571428,0.018867924528301886
2018,Larry Fitzgerald,larry fitzgerald,ARI,WR,16,112,69,734,6,0,39,1033,205,1.6673362071169415,0.6160714285714286,6.553571428571429,10.63768115942029,0.05357142857142857,9.223214285714286,2.971014492753623,112,69,734,6,61.60714285714286,6.338921568627452,2.2610111086412688,9.596964285714288,3.2155072463768106,2.539086636166959,0.6764206102098518,27.101045858420825,6.553571428571429,10.63768115942029,0.05357142857142857
2018,Leonte Carroo,leonte carroo,MIA,WR,5,4,2,94,1,0,2,105,36,6.87026060473629,0.5,23.5,47,0.25,26.25,18,NA,NA,NA,NA,NA,NA,NA,NA,NA,NA,NA,NA,NA,NA,NA
2018,Malik Turner,malik turner,SEA,WR,3,3,2,20,0,0,1,11,14,0.9187523573637009,0.6666666666666666,6.666666666666667,10,0,3.6666666666666665,7,NA,NA,NA,NA,NA,NA,NA,NA,NA,NA,NA,NA,NA,NA,NA
2018,Marcell Ateman,marcell ateman,LV,WR,7,31,15,154,1,0,7,339,31,-1.6332776340522213,0.4838709677419355,4.967741935483871,10.266666666666667,0.03225806451612903,10.935483870967742,2.066666666666667,NA,NA,NA,NA,NA,NA,NA,NA,NA,NA,NA,NA,NA,NA,NA
2018,Marcus Johnson,marcus johnson,IND,WR,4,8,6,102,1,0,5,110,28,9.559566368184637,0.75,12.75,17,0.125,13.75,4.666666666666667,NA,NA,NA,NA,NA,NA,NA,NA,NA,NA,NA,NA,NA,NA,NA
2018,Marcus Kemp,marcus kemp,KC,WR,5,2,1,7,0,0,0,4,8,-0.8026111635845155,0.5,3.5,7,0,2,8,NA,NA,NA,NA,NA,NA,NA,NA,NA,NA,NA,NA,NA,NA,NA
2018,Marquez Valdes-Scantling,marquez valdes scantling,GB,WR,16,73,38,581,2,0,23,889,213,7.247093253930219,0.5205479452054794,7.958904109589041,15.289473684210526,0.0273972602739726,12.178082191780822,5.605263157894737,73,38,581,2,52.054794520547944,6.2870833333333325,3.3161160249948374,12.553835616438358,6.185789473684211,5.799869463063878,0.38592001062033265,16.2632342971936,7.958904109589041,15.289473684210526,0.0273972602739726
2018,Marquise Goodwin,marquise goodwin,SF,WR,11,44,23,395,4,1,20,615,126,9.557082711689873,0.5227272727272727,8.977272727272727,17.17391304347826,0.09090909090909091,13.977272727272727,5.478260869565218,44,23,395,4,52.27272727272727,5.801904761904761,2.9575311744554456,14.221136363636363,5.914347826086956,3.8168419844219668,2.0975058416649897,15.98337624652608,8.977272727272727,17.17391304347826,0.09090909090909091
2018,Martavis Bryant,martavis bryant,LV,WR,7,27,19,266,0,1,10,320,131,0.5992677746689878,0.7037037037037037,9.851851851851851,14,0,11.851851851851851,6.894736842105263,NA,NA,NA,NA,NA,NA,NA,NA,NA,NA,NA,NA,NA,NA,NA
2018,Marvin Hall,marvin hall,ATL,WR,14,19,10,149,1,0,5,208,57,0.5598536581820809,0.5263157894736842,7.842105263157895,14.9,0.05263157894736842,10.947368421052632,5.7,NA,NA,NA,NA,NA,NA,NA,NA,NA,NA,NA,NA,NA,NA,NA
2018,Marvin Jones,marvin jones,DET,WR,9,62,35,508,5,0,27,904,107,17.29347855206013,0.5645161290322581,8.193548387096774,14.514285714285714,0.08064516129032258,14.580645161290322,3.057142857142857,62,35,508,5,56.451612903225815,3.9656451612903227,2.2167045449790552,15.243064516129033,3.1045714285714276,2.0853342031784403,1.0192372253929873,23.64643565768502,8.193548387096774,14.514285714285714,0.08064516129032258
2018,Matthew Slater,matthew slater,NE,WR,9,0,0,0,0,0,0,0,0,NA,NA,NA,NA,NA,NA,NA,NA,NA,NA,NA,NA,NA,NA,NA,NA,NA,NA,NA,NA,NA,NA
2018,Maurice Alexander,maurice alexander,SEA,LB,5,0,0,0,0,0,0,0,0,NA,NA,NA,NA,NA,NA,NA,NA,NA,NA,NA,NA,NA,NA,NA,NA,NA,NA,NA,NA,NA,NA
2018,Maurice Harris,maurice harris,WAS,WR,11,47,28,304,0,0,12,464,100,-8.833983354091508,0.5957446808510638,6.468085106382978,10.857142857142858,0,9.872340425531915,3.5714285714285716,47,28,304,0,59.57446808510638,6.5694871794871785,3.0630757555391246,10.495106382978726,3.358571428571428,4.307956177704412,-0.9493847491329839,11.858506646023812,6.468085106382978,10.857142857142858,0
2018,Michael Bennett,michael bennett,PHI/ATL,DE,18,0,0,0,0,0,0,0,0,NA,NA,NA,NA,NA,NA,NA,NA,NA,NA,NA,NA,NA,NA,NA,NA,NA,NA,NA,NA,NA,NA
2018,Michael Crabtree,michael crabtree,BAL,WR,16,100,54,607,3,0,35,1091,129,-3.934738807833363,0.54,6.07,11.24074074074074,0.03,10.91,2.388888888888889,100,54,607,3,54,5.299285714285714,2.8318179006637134,10.8181,2.7003703703703703,3.2742649693517993,-0.573894598981429,23.35624749016577,6.07,11.24074074074074,0.03
2018,Michael Floyd,michael floyd,WAS,WR,10,24,10,100,1,0,5,343,29,-3.1619820024889442,0.4166666666666667,4.166666666666667,10,0.041666666666666664,14.291666666666666,2.9,NA,NA,NA,NA,NA,NA,NA,NA,NA,NA,NA,NA,NA,NA,NA
2018,Michael Gallup,michael gallup,DAL,WR,15,68,33,507,2,0,21,957,173,8.702782129957688,0.4852941176470588,7.455882352941177,15.363636363636363,0.029411764705882353,14.073529411764707,5.242424242424242,68,33,507,2,48.529411764705884,5.32014705882353,2.6821527407043027,13.996323529411764,5.464242424242424,5.002153178771081,0.46208924547134256,23.874026413816463,7.455882352941177,15.363636363636363,0.029411764705882353
2018,Michael Johnson,michael johnson,CIN,DE,13,0,0,0,0,0,0,0,0,NA,NA,NA,NA,NA,NA,NA,NA,NA,NA,NA,NA,NA,NA,NA,NA,NA,NA,NA,NA,NA,NA
2018,Michael Thomas,michael thomas,NYG/NO,DB,32,147,125,1405,9,2,75,1134,514,84.23303383044963,0.8503401360544217,9.5578231292517,11.24,0.061224489795918366,7.714285714285714,4.112,147,125,1405,9,85.03401360544217,4.63503448275862,2.748359541846998,7.714353741496598,4.08832,3.249160400367642,0.8391595996323584,30.27239576937656,9.5578231292517,11.24,0.061224489795918366
2018,Mike Evans,mike evans,TB,WR,16,138,86,1524,8,1,69,2147,282,59.715864680378324,0.6231884057971014,11.043478260869565,17.72093023255814,0.057971014492753624,15.557971014492754,3.2790697674418605,138,86,1524,8,62.31884057971014,5.693805970149254,2.0985110415281385,15.679275362318842,3.7624418604651164,3.0308092429661726,0.7316326174989438,32.78279696313613,11.043478260869565,17.72093023255814,0.057971014492753624
2018,Mike Wallace,mike wallace,PHI,WR,1,3,0,0,0,0,0,109,0,-0.7305784642230719,0,0,NA,0,36.333333333333336,NA,NA,NA,NA,NA,NA,NA,NA,NA,NA,NA,NA,NA,NA,NA,NA
2018,Mike Williams,mike williams,LAC,WR,16,66,43,664,10,0,36,974,118,48.19609137453155,0.6515151515151515,10.06060606060606,15.44186046511628,0.15151515151515152,14.757575757575758,2.744186046511628,66,43,664,10,65.15151515151516,4.930000000000001,2.051655987945469,15.184242424242425,2.983255813953488,2.171537503699315,0.811718310254173,24.845545870149444,10.06060606060606,15.44186046511628,0.15151515151515152
2018,Mohamed Sanu,mohamed sanu,ATL,WR,16,94,66,838,4,2,41,754,401,46.01487200983832,0.7021276595744681,8.914893617021276,12.696969696969697,0.0425531914893617,8.02127659574468,6.075757575757576,94,66,838,4,70.2127659574468,5.71047619047619,3.0317329518106684,7.911170212765957,6.136212121212123,4.91092105142604,1.2252910697860822,14.232590363982252,8.914893617021276,12.696969696969697,0.0425531914893617
2018,Nelson Agholor,nelson agholor,PHI,WR,16,97,64,736,4,1,29,1006,345,31.4352554737904,0.6597938144329897,7.587628865979381,11.5,0.041237113402061855,10.371134020618557,5.390625,97,64,743,4,65.97938144329896,6.238292682926829,3.4452432646504945,10.473711340206185,5.975156250000001,5.1817518617759015,0.7934043882240998,23.08179901488576,7.65979381443299,11.609375,0.041237113402061855
2018,Nick Williams,nick williams,LA/CHI,WR,5,5,2,17,0,0,1,47,5,-3.2232726339038122,0.4,3.4,8.5,0,9.4,2.5,NA,NA,NA,NA,NA,NA,NA,NA,NA,NA,NA,NA,NA,NA,NA
2018,Noah Brown,noah brown,DAL,WR,7,8,5,54,0,0,2,75,20,1.8283106333692558,0.625,6.75,10.8,0,9.375,4,NA,NA,NA,NA,NA,NA,NA,NA,NA,NA,NA,NA,NA,NA,NA
2018,Odell Beckham Jr.,odell beckham jr,NYG,WR,12,124,77,1052,6,0,51,1412,315,31.035721994048323,0.6209677419354839,8.483870967741936,13.662337662337663,0.04838709677419355,11.387096774193548,4.090909090909091,NA,NA,NA,NA,NA,NA,NA,NA,NA,NA,NA,NA,NA,NA,NA
2018,Paul Richardson,paul richardson,WAS,WR,7,35,20,262,2,0,12,432,46,7.824051356466953,0.5714285714285714,7.485714285714286,13.1,0.05714285714285714,12.342857142857143,2.3,NA,NA,NA,NA,NA,NA,NA,NA,NA,NA,NA,NA,NA,NA,NA
2018,Pharoh Cooper,pharoh cooper,ARI,WR,7,1,0,0,0,0,0,6,0,-1.0020666057243943,0,0,NA,0,6,NA,NA,NA,NA,NA,NA,NA,NA,NA,NA,NA,NA,NA,NA,NA,NA
2018,Phillip Dorsett,phillip dorsett,NE,WR,11,42,32,290,3,0,17,442,100,4.3560179193736985,0.7619047619047619,6.904761904761905,9.0625,0.07142857142857142,10.523809523809524,3.125,NA,NA,NA,NA,NA,NA,NA,NA,NA,NA,NA,NA,NA,NA,NA
2018,Pierre Garcon,pierre garcon,SF,WR,8,46,24,286,1,0,14,407,98,4.822645611027976,0.5217391304347826,6.217391304347826,11.916666666666666,0.021739130434782608,8.847826086956522,4.083333333333333,46,24,286,1,52.17391304347826,5.575,2.7825083773804953,8.812391304347827,4.69,5.187600436626096,-0.49760043662609554,10.354595798594083,6.217391304347826,11.916666666666666,0.021739130434782608
2018,Quadree Henderson,quadree henderson,NYG,WR,5,0,0,0,0,0,0,0,0,NA,NA,NA,NA,NA,NA,NA,NA,NA,NA,NA,NA,NA,NA,NA,NA,NA,NA,NA,NA,NA,NA
2018,Quincy Enunwa,quincy enunwa,NYJ,WR,11,68,38,449,1,2,22,487,285,-2.9041484035134593,0.5588235294117647,6.602941176470588,11.81578947368421,0.014705882352941176,7.161764705882353,7.5,68,38,450,1,55.88235294117647,6.567777777777777,3.1436705680813573,7.290588235294116,7.6899999999999995,5.7990001986039745,1.890999801396025,10.727322691697658,6.617647058823529,11.842105263157896,0.014705882352941176
2018,Randall Cobb,randall cobb,GB,WR,9,61,38,383,2,1,18,522,233,2.080078100334066,0.6229508196721312,6.278688524590164,10.078947368421053,0.03278688524590164,8.557377049180328,6.131578947368421,61,38,383,2,62.295081967213115,5.379655172413793,2.923928370475178,8.16606557377049,6.526052631578947,5.993805306697392,0.5322473248815554,8.839960390276449,6.278688524590164,10.078947368421053,0.03278688524590164
2018,Rashad Greene,rashad greene,JAX,WR,7,8,6,60,0,2,3,60,15,0.5849626668496057,0.75,7.5,10,0,7.5,2.5,NA,NA,NA,NA,NA,NA,NA,NA,NA,NA,NA,NA,NA,NA,NA
2018,Rashard Higgins,rashard higgins,CLE,WR,13,53,39,572,4,2,27,594,146,29.178309583553407,0.7358490566037735,10.79245283018868,14.666666666666666,0.07547169811320754,11.20754716981132,3.7435897435897436,53,39,572,4,73.58490566037736,6.470980392156863,3.00698939270794,11.221698113207546,4.1523076923076925,3.582686211520146,0.5696214807875464,11.250269552486126,10.79245283018868,14.666666666666666,0.07547169811320754
2018,Ray-Ray McCloud,ray ray mccloud,BUF,WR,8,6,5,36,0,0,2,13,28,-0.5715004879748449,0.8333333333333334,6,7.2,0,2.1666666666666665,5.6,NA,NA,NA,NA,NA,NA,NA,NA,NA,NA,NA,NA,NA,NA,NA
2018,Richie James,richie james,SF,WR,12,14,9,130,1,0,4,56,101,-4.700166995608015,0.6428571428571429,9.285714285714286,14.444444444444445,0.07142857142857142,4,11.222222222222221,NA,NA,NA,NA,NA,NA,NA,NA,NA,NA,NA,NA,NA,NA,NA
2018,Riley McCarron,riley mccarron,NE,WR,1,1,0,0,0,0,0,27,0,-0.5395764196291566,0,0,NA,0,27,NA,NA,NA,NA,NA,NA,NA,NA,NA,NA,NA,NA,NA,NA,NA,NA
2018,Rishard Matthews,rishard matthews,NYJ,WR,6,9,5,24,0,0,1,45,5,-3.3011899778710982,0.5555555555555556,2.6666666666666665,4.8,0,5,1,NA,NA,NA,NA,NA,NA,NA,NA,NA,NA,NA,NA,NA,NA,NA
2018,River Cracraft,river cracraft,DEN,WR,8,2,1,44,0,0,1,74,1,0.1950834181625396,0.5,22,44,0,37,1,NA,NA,NA,NA,NA,NA,NA,NA,NA,NA,NA,NA,NA,NA,NA
2018,Robbie Chosen,robbie chosen,NYJ,WR,14,94,50,752,6,2,30,1495,180,8.85236043484386,0.5319148936170213,8,15.04,0.06382978723404255,15.904255319148936,3.6,NA,NA,NA,NA,NA,NA,NA,NA,NA,NA,NA,NA,NA,NA,NA
2018,Robert Foster,robert foster,BUF,WR,11,44,27,541,3,0,20,906,167,36.378686328824216,0.6136363636363636,12.295454545454545,20.037037037037038,0.06818181818181818,20.59090909090909,6.185185185185185,43,26,526,3,60.46511627906976,6.300000000000001,2.713103557130228,20.629069767441862,6.511538461538462,5.5715398844625685,0.9399985770758938,17.77505700922968,12.232558139534884,20.23076923076923,0.06976744186046512
2018,Robert Woods,robert woods,LA,WR,16,130,86,1219,6,0,66,1483,420,61.293135247290465,0.6615384615384615,9.376923076923077,14.174418604651162,0.046153846153846156,11.407692307692308,4.883720930232558,130,86,1219,6,66.15384615384615,6.365916666666666,2.9766510596485283,11.288846153846151,5.28546511627907,4.764846957742511,0.5206181585365588,29.862788468777907,9.376923076923077,14.174418604651162,0.046153846153846156
2018,Rod Streater,rod streater,CLE,WR,1,0,0,0,0,0,0,0,0,NA,NA,NA,NA,NA,NA,NA,NA,NA,NA,NA,NA,NA,NA,NA,NA,NA,NA,NA,NA,NA,NA
2018,Russell Gage,russell gage,ATL,WR,9,10,6,63,0,0,2,105,19,3.9139236978953704,0.6,6.3,10.5,0,10.5,3.1666666666666665,NA,NA,NA,NA,NA,NA,NA,NA,NA,NA,NA,NA,NA,NA,NA
2018,Russell Shepard,russell shepard,NYG,WR,8,19,10,188,2,0,7,333,16,6.761215153692047,0.5263157894736842,9.894736842105264,18.8,0.10526315789473684,17.526315789473685,1.6,NA,NA,NA,NA,NA,NA,NA,NA,NA,NA,NA,NA,NA,NA,NA
2018,Ryan Grant,ryan grant,IND,WR,14,52,35,334,1,0,18,475,93,10.105562247132184,0.6730769230769231,6.423076923076923,9.542857142857143,0.019230769230769232,9.134615384615385,2.657142857142857,52,35,334,1,67.3076923076923,5.660980392156862,2.635366822098845,9.526346153846154,2.694285714285713,2.980693579817912,-0.2864078655321989,10.04760426998335,6.423076923076923,9.542857142857143,0.019230769230769232
2018,Ryan Switzer,ryan switzer,PIT,WR,16,44,36,253,1,0,15,148,137,6.3495394713448565,0.8181818181818182,5.75,7.027777777777778,0.022727272727272728,3.3636363636363638,3.8055555555555554,44,36,253,1,81.81818181818183,5.791142857142855,3.4665805538720518,3.1693181818181815,4.081111111111111,4.627421632705382,-0.546310521594271,2.6693542057881636,5.75,7.027777777777778,0.022727272727272728
2018,Sammie Coates,sammie coates,HOU,WR,4,2,1,12,0,0,1,9,5,0.2602258964907378,0.5,6,12,0,4.5,5,NA,NA,NA,NA,NA,NA,NA,NA,NA,NA,NA,NA,NA,NA,NA
2018,Sammy Watkins,sammy watkins,KC,WR,10,55,40,519,3,0,24,460,238,31.16478547216387,0.7272727272727273,9.436363636363636,12.975,0.05454545454545454,8.363636363636363,5.95,55,40,519,3,72.72727272727273,5.503962264150943,3.453011173956086,8.406181818181818,6.220250000000001,5.8410654968566265,0.3791845031433745,8.759458752827681,9.436363636363636,12.975,0.05454545454545454
2018,Seth Roberts,seth roberts,LV,WR,15,64,45,494,2,0,24,572,211,24.732818695883392,0.703125,7.71875,10.977777777777778,0.03125,8.9375,4.688888888888889,64,45,494,2,70.3125,6.122115384615385,3.2284164571947667,8.56734375,5.227333333333333,4.433120034245918,0.7942132990874153,14.92308613481972,7.71875,10.977777777777778,0.03125
2018,Shelton Gibson,shelton gibson,PHI,WR,5,3,1,48,0,0,1,100,0,0.23367100534960628,0.3333333333333333,16,48,0,33.333333333333336,0,NA,NA,NA,NA,NA,NA,NA,NA,NA,NA,NA,NA,NA,NA,NA
2018,Stacy Coley,stacy coley,NYG,WR,2,1,0,0,0,0,0,9,0,-0.22384623857215047,0,0,NA,0,9,NA,NA,NA,NA,NA,NA,NA,NA,NA,NA,NA,NA,NA,NA,NA,NA
2018,Stefon Diggs,stefon diggs,MIN,WR,15,149,102,1021,9,0,49,1286,438,8.548501646929534,0.6845637583892618,6.852348993288591,10.009803921568627,0.06040268456375839,8.630872483221477,4.294117647058823,149,102,1021,9,68.45637583892618,5.915244755244755,2.7294859721141442,8.889664429530203,4.3420588235294115,3.677371442292711,0.6646873812367007,29.541541398660044,6.852348993288591,10.009803921568627,0.06040268456375839
2018,Sterling Shepard,sterling shepard,NYG,WR,16,107,66,872,4,0,47,1082,309,35.707296759389465,0.616822429906542,8.149532710280374,13.212121212121213,0.037383177570093455,10.11214953271028,4.681818181818182,107,66,872,4,61.6822429906542,5.886262626262626,3.1383422819390634,10.377009345794391,5.155454545454546,4.550699441860211,0.6047551035943348,25.956957373492738,8.149532710280374,13.212121212121213,0.037383177570093455
2018,T.Y. Hilton,t y hilton,IND,WR,14,120,76,1270,6,0,55,1342,455,63.524430302733954,0.6333333333333333,10.583333333333334,16.710526315789473,0.05,11.183333333333334,5.9868421052631575,120,76,1270,6,63.33333333333333,5.899745762711864,2.305236259585714,11.323333333333334,6.1763157894736835,5.355797857095663,0.8205179323780207,27.56058033803697,10.583333333333334,16.710526315789473,0.05
2018,Tajae Sharpe,tajae sharpe,TEN,WR,15,47,26,316,2,0,22,503,83,4.836671485287754,0.5531914893617021,6.723404255319149,12.153846153846153,0.0425531914893617,10.702127659574469,3.1923076923076925,47,26,316,2,55.319148936170215,6.156363636363636,3.0912748421832053,11.235319148936169,3.451538461538462,2.8649804684217375,0.5865579931167244,16.483125444806532,6.723404255319149,12.153846153846153,0.0425531914893617
2018,Tanner McEvoy,tanner mcevoy,MIA,WR,1,0,0,0,0,0,0,0,0,NA,NA,NA,NA,NA,NA,NA,NA,NA,NA,NA,NA,NA,NA,NA,NA,NA,NA,NA,NA,NA,NA
2018,Taquan Mizzell,taquan mizzell,CHI,RB,8,10,8,78,1,0,4,50,34,4.044338186766254,0.8,7.8,9.75,0.1,5,4.25,NA,NA,NA,NA,NA,NA,NA,NA,NA,NA,NA,NA,NA,NA,NA
2018,Tavon Austin,tavon austin,DAL,WR,7,13,8,140,2,0,5,208,37,2.7909867776324973,0.6153846153846154,10.76923076923077,17.5,0.15384615384615385,16,4.625,NA,NA,NA,NA,NA,NA,NA,NA,NA,NA,NA,NA,NA,NA,NA
2018,Taylor Gabriel,taylor gabriel,CHI,WR,16,93,67,688,2,1,31,1039,216,26.71875612806775,0.7204301075268817,7.397849462365591,10.26865671641791,0.021505376344086023,11.172043010752688,3.2238805970149254,93,67,688,2,72.04301075268818,6.972650602409638,3.4677611462782516,11.038494623655913,3.5632835820895523,3.8326335765065664,-0.2693499944170141,23.005470236401155,7.397849462365591,10.26865671641791,0.021505376344086023
2018,Taywan Taylor,taywan taylor,TEN,WR,13,56,37,466,1,1,19,732,161,0.4650146774908027,0.6607142857142857,8.321428571428571,12.594594594594595,0.017857142857142856,13.071428571428571,4.351351351351352,56,37,466,1,66.07142857142857,7.127454545454546,3.2227428029791154,13.158928571428573,4.674864864864865,4.216796352956733,0.4580685119081327,23.001960270192658,8.321428571428571,12.594594594594595,0.017857142857142856
2018,Terrance Williams,terrance williams,DAL,WR,2,3,2,18,0,0,1,27,6,0.6237396486103535,0.6666666666666666,6,9,0,9,3,NA,NA,NA,NA,NA,NA,NA,NA,NA,NA,NA,NA,NA,NA,NA
2018,Terrelle Pryor,terrelle pryor,BUF,WR,8,30,16,252,2,0,11,372,62,4.022542124697342,0.5333333333333333,8.4,15.75,0.06666666666666667,12.4,3.875,NA,NA,NA,NA,NA,NA,NA,NA,NA,NA,NA,NA,NA,NA,NA
2018,Tim Patrick,tim patrick,DEN,WR,12,41,23,315,1,2,15,435,112,3.326771789936956,0.5609756097560976,7.682926829268292,13.695652173913043,0.024390243902439025,10.609756097560975,4.869565217391305,NA,NA,NA,NA,NA,NA,NA,NA,NA,NA,NA,NA,NA,NA,NA
2018,Tim White,tim white,BAL,WR,3,1,1,14,0,0,1,14,0,2.1641340674832463,1,14,14,0,14,0,NA,NA,NA,NA,NA,NA,NA,NA,NA,NA,NA,NA,NA,NA,NA
2018,Tommylee Lewis,tommylee lewis,NO,WR,7,3,3,60,1,0,3,59,1,5.036624509841204,1,20,20,0.3333333333333333,19.666666666666668,0.3333333333333333,NA,NA,NA,NA,NA,NA,NA,NA,NA,NA,NA,NA,NA,NA,NA
2018,Tony Brown,tony brown,GB,DB,10,0,0,0,0,0,0,0,0,NA,NA,NA,NA,NA,NA,NA,NA,NA,NA,NA,NA,NA,NA,NA,NA,NA,NA,NA,NA,NA,NA
2018,Torrey Smith,torrey smith,CAR,WR,8,31,17,190,2,0,12,417,48,7.399663475444075,0.5483870967741935,6.129032258064516,11.176470588235293,0.06451612903225806,13.451612903225806,2.823529411764706,NA,NA,NA,NA,NA,NA,NA,NA,NA,NA,NA,NA,NA,NA,NA
2018,Travis Benjamin,travis benjamin,LAC,WR,12,24,12,186,1,0,9,472,65,-2.617685193865327,0.5,7.75,15.5,0.041666666666666664,19.666666666666668,5.416666666666667,NA,NA,NA,NA,NA,NA,NA,NA,NA,NA,NA,NA,NA,NA,NA
2018,Tre'Quan Smith,tre quan smith,NO,WR,13,44,28,427,5,0,23,517,116,23.72305752482498,0.6363636363636364,9.704545454545455,15.25,0.11363636363636363,11.75,4.142857142857143,44,28,427,5,63.63636363636363,5.581395348837209,2.210701571882055,12.149318181818183,4.213214285714286,3.4154941821743092,0.7977201035399766,14.27034559345652,9.704545454545455,15.25,0.11363636363636363
2018,Trent Sherfield,trent sherfield,ARI,WR,9,28,19,210,1,0,11,315,38,5.988651794523182,0.6785714285714286,7.5,11.052631578947368,0.03571428571428571,11.25,2,NA,NA,NA,NA,NA,NA,NA,NA,NA,NA,NA,NA,NA,NA,NA
2018,Trent Taylor,trent taylor,SF,WR,13,40,26,215,1,0,11,239,101,-6.390503083981341,0.65,5.375,8.26923076923077,0.025,5.975,3.8846153846153846,NA,NA,NA,NA,NA,NA,NA,NA,NA,NA,NA,NA,NA,NA,NA
2018,Trevor Davis,trevor davis,GB,WR,2,0,0,0,0,0,0,0,0,NA,NA,NA,NA,NA,NA,NA,NA,NA,NA,NA,NA,NA,NA,NA,NA,NA,NA,NA,NA,NA,NA
2018,Trey Quinn,trey quinn,WAS,WR,3,10,9,75,1,0,5,73,17,0.2574326132889837,0.9,7.5,8.333333333333334,0.1,7.3,1.8888888888888888,NA,NA,NA,NA,NA,NA,NA,NA,NA,NA,NA,NA,NA,NA,NA
2018,Ty Montgomery,ty montgomery,BAL,WR,13,40,25,235,0,0,7,68,213,-5.521360935817938,0.625,5.875,9.4,0,1.7,8.52,NA,NA,NA,NA,NA,NA,NA,NA,NA,NA,NA,NA,NA,NA,NA
2018,Tyler Boyd,tyler boyd,CIN,WR,14,108,76,1028,7,0,54,1008,418,72.99665160286108,0.7037037037037037,9.518518518518519,13.526315789473685,0.06481481481481481,9.333333333333334,5.5,108,76,1028,7,70.37037037037037,5.641276595744681,2.915722646056682,9.378518518518517,5.794736842105264,5.0430102593852055,0.7517265827200585,22.926107170180295,9.518518518518519,13.526315789473685,0.06481481481481481
2018,Tyler Lockett,tyler lockett,SEA,WR,16,70,57,965,10,1,37,953,213,74.89907241786165,0.8142857142857143,13.785714285714286,16.92982456140351,0.14285714285714285,13.614285714285714,3.736842105263158,70,57,965,10,81.42857142857143,6.573623188405797,3.339030553751498,13.486999999999998,4.189473684210525,3.7110793148231,0.4783943693874253,24.43695530068308,13.785714285714286,16.92982456140351,0.14285714285714285
2018,Tyreek Hill,tyreek hill,KC,WR,16,137,87,1479,12,0,60,2026,527,81.78507907917542,0.635036496350365,10.795620437956204,17,0.08759124087591241,14.788321167883211,6.057471264367816,137,87,1479,12,63.503649635036496,5.855714285714284,3.1487175958362723,14.804014598540146,6.379655172413794,4.846703825849509,1.5329513465642846,38.42517686020561,10.795620437956204,17,0.08759124087591241
2018,Tyrell Williams,tyrell williams,LAC,WR,15,65,41,653,5,2,30,806,195,24.338325792725925,0.6307692307692307,10.046153846153846,15.926829268292684,0.07692307692307693,12.4,4.7560975609756095,65,41,653,5,63.07692307692307,5.5646774193548385,2.760509326157898,12.501846153846154,5.143658536585366,5.339300241647802,-0.19564170506243617,20.146471107408836,10.046153846153846,15.926829268292684,0.07692307692307693
2018,Victor Bolden,victor bolden,BUF,WR,3,4,1,10,0,0,1,47,1,-2.803767072298797,0.25,2.5,10,0,11.75,1,NA,NA,NA,NA,NA,NA,NA,NA,NA,NA,NA,NA,NA,NA,NA
2018,Vyncint Smith,vyncint smith,HOU,WR,4,10,5,91,1,0,3,193,6,3.391473364055855,0.5,9.1,18.2,0.1,19.3,1.2,NA,NA,NA,NA,NA,NA,NA,NA,NA,NA,NA,NA,NA,NA,NA
2018,Will Fuller,will fuller,HOU,WR,7,45,32,503,4,0,23,662,166,31.365112055510984,0.7111111111111111,11.177777777777777,15.71875,0.08888888888888889,14.71111111111111,5.1875,45,32,503,4,71.11111111111111,5.448837209302326,3.3349896377846044,14.562888888888887,5.4665625,4.824775500280637,0.641786999719363,14.928674591205858,11.177777777777777,15.71875,0.08888888888888889
2018,Willie Snead,willie snead,BAL,WR,15,95,62,651,1,0,37,770,282,5.16020262218723,0.6526315789473685,6.852631578947369,10.5,0.010526315789473684,8.105263157894736,4.548387096774194,95,62,651,1,65.26315789473685,5.395411764705883,3.1388964137386073,8.311157894736843,4.833225806451614,4.556100060383662,0.27712574606795126,17.046578205355182,6.852631578947369,10.5,0.010526315789473684
2018,Zach Pascal,zach pascal,IND,WR,14,46,27,268,2,0,15,438,81,-4.782546684620978,0.5869565217391305,5.826086956521739,9.925925925925926,0.043478260869565216,9.521739130434783,3,46,27,268,2,58.69565217391305,5.71047619047619,2.4398537770173276,9.591521739130433,3.0996296296296286,3.7306462423783233,-0.6310166127486947,8.94907539810516,5.826086956521739,9.925925925925926,0.043478260869565216
2018,Zay Jones,zay jones,BUF,WR,16,102,56,652,7,1,33,1226,142,0.49097685757819187,0.5490196078431373,6.392156862745098,11.642857142857142,0.06862745098039216,12.019607843137255,2.5357142857142856,102,56,652,7,54.90196078431373,6.180816326530612,2.7567293241341324,12.684117647058825,2.5748214285714277,2.3350276007734156,0.23979382779801206,25.925272822728346,6.392156862745098,11.642857142857142,0.06862745098039216
2019,A.J. Brown,a j brown,TEN,WR,16,84,52,1051,8,1,39,1107,465,49.557836954787206,0.6190476190476191,12.511904761904763,20.21153846153846,0.09523809523809523,13.178571428571429,8.942307692307692,84,52,1051,8,61.904761904761905,4.9575000000000005,2.1862734695694725,13.446666666666667,8.835384615384614,4.108227992379418,4.727156623005196,29.800043795658954,12.511904761904763,20.21153846153846,0.09523809523809523
2019,Adam Humphries,adam humphries,TEN,WR,12,47,37,374,2,0,20,351,120,16.815918813186034,0.7872340425531915,7.957446808510638,10.108108108108109,0.0425531914893617,7.468085106382978,3.2432432432432434,47,37,374,2,78.72340425531915,5.5123255813953485,2.9134374292434773,7.198723404255318,3.4664864864864877,3.8417086708387287,-0.375222184352241,8.926399548324287,7.957446808510638,10.108108108108109,0.0425531914893617
2019,Adam Thielen,adam thielen,MIN,WR,10,48,30,418,6,0,18,586,117,19.65867541752011,0.625,8.708333333333334,13.933333333333334,0.125,12.208333333333334,3.9,48,30,418,6,62.5,6.408666666666666,3.0456361070263114,12.706875000000002,4.179333333333333,3.6350196446137146,0.5443136887196185,17.32578486291175,8.708333333333334,13.933333333333334,0.125
2019,Ahmad Thomas,ahmad thomas,ATL,LB,1,0,0,0,0,0,0,0,0,NA,NA,NA,NA,NA,NA,NA,NA,NA,NA,NA,NA,NA,NA,NA,NA,NA,NA,NA,NA,NA,NA
2019,Albert Wilson,albert wilson,MIA,WR,13,62,43,351,1,0,22,327,179,4.941902907507028,0.6935483870967742,5.661290322580645,8.162790697674419,0.016129032258064516,5.274193548387097,4.162790697674419,62,43,351,1,69.35483870967742,6.890192307692308,3.4642170505473224,5.1711290322580625,4.309302325581396,4.34934337107711,-0.04004104549571341,6.022564187336103,5.661290322580645,8.162790697674419,0.016129032258064516
2019,Alex Erickson,alex erickson,CIN,WR,16,78,43,529,0,1,26,685,227,-9.91224208404907,0.5512820512820513,6.782051282051282,12.30232558139535,0,8.782051282051283,5.27906976744186,78,43,529,0,55.12820512820513,6.579333333333334,2.7140402865516813,8.800128205128205,5.609534883720931,3.9958600840135414,1.6136747997073897,14.406455945934606,6.782051282051282,12.30232558139535,0
2019,Alexander Hollins,alexander hollins,MIN,WR,2,4,2,46,0,0,2,75,6,1.0903646012746537,0.5,11.5,23,0,18.75,3,NA,NA,NA,NA,NA,NA,NA,NA,NA,NA,NA,NA,NA,NA,NA
2019,Allen Hurns,allen hurns,MIA,WR,14,47,32,416,2,1,18,507,96,16.386341612795555,0.6808510638297872,8.851063829787234,13,0.0425531914893617,10.787234042553191,3,47,32,416,2,68.08510638297872,6.3118181818181816,3.028028628127338,11.000425531914896,3.4603124999999992,4.003780815018818,-0.5434683150188184,9.712068045714462,8.851063829787234,13,0.0425531914893617
2019,Allen Lazard,allen lazard,GB,WR,12,52,35,477,3,0,24,736,131,28.52228903901414,0.6730769230769231,9.173076923076923,13.628571428571428,0.057692307692307696,14.153846153846153,3.742857142857143,52,35,477,3,67.3076923076923,6.4464,2.889291723033642,13.766153846153847,4.119142857142857,4.2743608965798,-0.15521803943694312,14.81466151486868,9.173076923076923,13.628571428571428,0.057692307692307696
2019,Allen Robinson,allen robinson,CHI,WR,16,154,98,1147,7,0,63,1702,272,41.167987832213406,0.6363636363636364,7.4480519480519485,11.704081632653061,0.045454545454545456,11.051948051948052,2.7755102040816326,154,98,1147,7,63.63636363636363,5.058531468531468,2.235413760294153,11.082207792207793,3.0587755102040823,3.2587426677974456,-0.19996715759336325,38.41337150677038,7.4480519480519485,11.704081632653061,0.045454545454545456
2019,Alshon Jeffery,alshon jeffery,PHI,WR,9,73,43,490,4,0,36,803,116,9.211864992602736,0.589041095890411,6.712328767123288,11.395348837209303,0.0547945205479452,11,2.697674418604651,73,43,490,4,58.9041095890411,4.7676388888888885,2.483647299107769,11.209999999999999,3.1402325581395347,3.4283617165000035,-0.2881291583604688,16.782676106020457,6.712328767123288,11.395348837209303,0.0547945205479452
2019,Amari Cooper,amari cooper,DAL,WR,16,119,79,1189,8,0,54,1523,240,52.46482940563674,0.6638655462184874,9.991596638655462,15.050632911392405,0.06722689075630252,12.798319327731093,3.037974683544304,119,79,1189,8,66.38655462184873,5.394745762711865,2.55539862099071,12.848655462184874,3.2750632911392406,3.649277367982215,-0.3742140768429745,27.98425989476093,9.991596638655462,15.050632911392405,0.06722689075630252
2019,Andre Patton,andre patton,LAC,WR,8,17,6,56,0,0,4,272,28,-0.1817587765087847,0.35294117647058826,3.2941176470588234,9.333333333333334,0,16,4.666666666666667,NA,NA,NA,NA,NA,NA,NA,NA,NA,NA,NA,NA,NA,NA,NA
2019,Andre Roberts,andre roberts,BUF,WR,13,7,3,20,0,0,1,109,5,-2.4162485988927074,0.42857142857142855,2.857142857142857,6.666666666666667,0,15.571428571428571,1.6666666666666667,NA,NA,NA,NA,NA,NA,NA,NA,NA,NA,NA,NA,NA,NA,NA
2019,Andy Isabella,andy isabella,ARI,WR,12,13,9,189,1,0,4,82,140,11.823979745088264,0.6923076923076923,14.538461538461538,21,0.07692307692307693,6.3076923076923075,15.555555555555555,NA,NA,NA,NA,NA,NA,NA,NA,NA,NA,NA,NA,NA,NA,NA
2019,Anthony Miller,anthony miller,CHI,WR,16,85,52,656,2,0,34,865,217,20.283292861139984,0.611764705882353,7.7176470588235295,12.615384615384615,0.023529411764705882,10.176470588235293,4.173076923076923,85,52,656,2,61.1764705882353,5.717236842105263,3.1185248609471374,10.33858823529412,4.438461538461538,4.548126993892458,-0.10966545543092021,19.779512388360708,7.7176470588235295,12.615384615384615,0.023529411764705882
2019,Antonio Brown,antonio brown,NE,WR,1,8,4,56,1,0,3,92,7,2.0536659490748033,0.5,7,14,0.125,11.5,1.75,NA,NA,NA,NA,NA,NA,NA,NA,NA,NA,NA,NA,NA,NA,NA
2019,Antonio Callaway,antonio callaway,CLE,WR,4,15,8,89,0,0,3,153,44,-7.24780752181117,0.5333333333333333,5.933333333333334,11.125,0,10.2,5.5,NA,NA,NA,NA,NA,NA,NA,NA,NA,NA,NA,NA,NA,NA,NA
2019,Ashton Dulin,ashton dulin,IND,WR,8,2,2,17,0,0,0,-6,23,-0.42156618367880583,1,8.5,8.5,0,-3,11.5,NA,NA,NA,NA,NA,NA,NA,NA,NA,NA,NA,NA,NA,NA,NA
2019,Auden Tate,auden tate,CIN,WR,12,80,40,575,1,1,29,933,134,7.3296323422084235,0.5,7.1875,14.375,0.0125,11.6625,3.35,80,40,575,1,50,5.800125,2.270224913395863,11.713375000000003,3.9675000000000002,2.9094827658462075,1.0580172341537928,19.667338286529837,7.1875,14.375,0.0125
2019,Austin Carr,austin carr,NO,WR,2,4,1,9,0,0,1,41,4,-1.2282090739070068,0.25,2.25,9,0,10.25,4,NA,NA,NA,NA,NA,NA,NA,NA,NA,NA,NA,NA,NA,NA,NA
2019,Bennie Fowler,bennie fowler,NYG,WR,8,36,23,193,0,0,12,370,29,4.7030290372487595,0.6388888888888888,5.361111111111111,8.391304347826088,0,10.277777777777779,1.2608695652173914,NA,NA,NA,NA,NA,NA,NA,NA,NA,NA,NA,NA,NA,NA,NA
2019,Bobo Wilson,bobo wilson,TB,WR,6,11,3,35,0,0,2,135,3,-11.108800250629429,0.2727272727272727,3.1818181818181817,11.666666666666666,0,12.272727272727273,1,NA,NA,NA,NA,NA,NA,NA,NA,NA,NA,NA,NA,NA,NA,NA
2019,Brandin Cooks,brandin cooks,LA,WR,14,72,42,583,2,0,32,1004,169,17.609150399231478,0.5833333333333334,8.097222222222221,13.880952380952381,0.027777777777777776,13.944444444444445,4.023809523809524,72,42,583,2,58.333333333333336,6.161666666666668,3.111044563861014,13.839583333333332,4.089285714285714,3.6399517105036887,0.4493340037820257,20.96928629299551,8.097222222222221,13.880952380952381,0.027777777777777776
2019,Brandon Zylstra,brandon zylstra,CAR,WR,5,12,8,106,0,0,5,160,10,5.457556397159351,0.6666666666666666,8.833333333333334,13.25,0,13.333333333333334,1.25,NA,NA,NA,NA,NA,NA,NA,NA,NA,NA,NA,NA,NA,NA,NA
2019,Braxton Berrios,braxton berrios,NYJ,WR,16,13,6,115,0,0,3,107,87,0.5288416584953666,0.46153846153846156,8.846153846153847,19.166666666666668,0,8.23076923076923,14.5,NA,NA,NA,NA,NA,NA,NA,NA,NA,NA,NA,NA,NA,NA,NA
2019,Breshad Perriman,breshad perriman,TB,WR,14,69,36,645,6,0,29,1128,127,28.64028909689873,0.5217391304347826,9.347826086956522,17.916666666666668,0.08695652173913043,16.347826086956523,3.5277777777777777,69,36,645,6,52.17391304347826,5.939374999999999,2.621448715572315,16.081739130434784,4.228055555555557,4.892278818612394,-0.6642232630568374,17.379673281438436,9.347826086956522,17.916666666666668,0.08695652173913043
2019,Byron Pringle,byron pringle,KC,WR,12,16,12,170,1,0,7,178,63,7.159080422366969,0.75,10.625,14.166666666666666,0.0625,11.125,5.25,NA,NA,NA,NA,NA,NA,NA,NA,NA,NA,NA,NA,NA,NA,NA
2019,C.J. Board,c j board,JAX,WR,2,4,2,31,0,0,1,31,6,-0.2528004284831695,0.5,7.75,15.5,0,7.75,3,NA,NA,NA,NA,NA,NA,NA,NA,NA,NA,NA,NA,NA,NA,NA
2019,Calvin Ridley,calvin ridley,ATL,WR,13,93,63,866,7,0,47,1246,138,46.754113138943595,0.6774193548387096,9.311827956989248,13.746031746031745,0.07526881720430108,13.397849462365592,2.1904761904761907,93,63,866,7,67.74193548387096,7.396222222222222,2.874055455725719,13.46569892473118,2.346825396825397,2.5702715252914947,-0.2234461284660978,23.322395131072188,9.311827956989248,13.746031746031745,0.07526881720430108
2019,Cam Sims,cam sims,WAS,WR,3,3,2,27,0,0,1,35,8,1.9953935709781945,0.6666666666666666,9,13.5,0,11.666666666666666,4,NA,NA,NA,NA,NA,NA,NA,NA,NA,NA,NA,NA,NA,NA,NA
2019,Chad Beebe,chad beebe,MIN,WR,3,2,2,70,0,0,2,4,66,6.3147899011091795,1,35,35,0,2,33,NA,NA,NA,NA,NA,NA,NA,NA,NA,NA,NA,NA,NA,NA,NA
2019,Chad Williams,chad williams,IND,WR,1,1,0,0,0,0,0,15,0,-1.0844576968811452,0,0,NA,0,15,NA,NA,NA,NA,NA,NA,NA,NA,NA,NA,NA,NA,NA,NA,NA,NA
2019,Chandler Jones,chandler jones,ARI,DE,16,0,0,0,0,0,0,0,0,NA,NA,NA,NA,NA,NA,NA,NA,NA,NA,NA,NA,NA,NA,NA,NA,NA,NA,NA,NA,NA,NA
2019,Chester Rogers,chester rogers,IND,WR,10,28,16,179,2,0,11,243,69,8.08224491054548,0.5714285714285714,6.392857142857143,11.1875,0.07142857142857142,8.678571428571429,4.3125,NA,NA,NA,NA,NA,NA,NA,NA,NA,NA,NA,NA,NA,NA,NA
2019,Chris Conley,chris conley,JAX,WR,16,90,47,775,5,0,36,1293,240,36.00992852146104,0.5222222222222223,8.61111111111111,16.48936170212766,0.05555555555555555,14.366666666666667,5.1063829787234045,90,47,775,5,52.22222222222223,5.0022222222222235,2.3433141275290925,14.306333333333338,5.351489361702127,3.8859414978182407,1.4655478638838861,29.960280063942825,8.61111111111111,16.48936170212766,0.05555555555555555
2019,Chris Godwin,chris godwin,TB,WR,NA,NA,NA,NA,NA,NA,NA,NA,NA,NA,NA,NA,NA,NA,NA,NA,121,86,1333,9,71.07438016528926,6.635321100917431,2.8121455774221786,10.353305785123966,7.075348837209304,4.6432541603333,2.4320946768760034,19.62112550315598,11.016528925619834,15.5,0.0743801652892562
2019,Chris Hogan,chris hogan,CAR,WR,7,15,8,67,0,0,3,122,29,-1.4322379477962386,0.5333333333333333,4.466666666666667,8.375,0,8.133333333333333,3.625,NA,NA,NA,NA,NA,NA,NA,NA,NA,NA,NA,NA,NA,NA,NA
2019,Chris Lacy,chris lacy,DET,WR,4,10,3,60,0,0,2,134,9,-7.0539656023611315,0.3,6,20,0,13.4,3,NA,NA,NA,NA,NA,NA,NA,NA,NA,NA,NA,NA,NA,NA,NA
2019,Chris Moore,chris moore,BAL,WR,7,5,3,21,0,0,0,61,10,-1.204615340800956,0.6,4.2,7,0,12.2,3.3333333333333335,NA,NA,NA,NA,NA,NA,NA,NA,NA,NA,NA,NA,NA,NA,NA
2019,Chris Thompson,chris thompson,WAS,RB,11,58,42,378,0,1,16,101,337,-2.5568377826070012,0.7241379310344828,6.517241379310345,9,0,1.7413793103448276,8.023809523809524,NA,NA,NA,NA,NA,NA,NA,NA,NA,NA,NA,NA,NA,NA,NA
2019,Christian Blake,christian blake,ATL,WR,7,24,11,91,0,0,5,184,24,-4.830818015048746,0.4583333333333333,3.7916666666666665,8.272727272727273,0,7.666666666666667,2.1818181818181817,NA,NA,NA,NA,NA,NA,NA,NA,NA,NA,NA,NA,NA,NA,NA
2019,Christian Kirk,christian kirk,ARI,WR,13,108,68,709,3,0,31,1079,286,18.621992069290304,0.6296296296296297,6.564814814814815,10.426470588235293,0.027777777777777776,9.99074074074074,4.205882352941177,108,68,709,3,62.96296296296296,6.046354166666666,3.4554131374716146,9.48101851851852,4.406029411764706,4.522327243451505,-0.11629783168679886,27.126515344184472,6.564814814814815,10.426470588235293,0.027777777777777776
2019,Cody Core,cody core,NYG,WR,7,5,3,28,0,0,2,32,3,0.9164393155369908,0.6,5.6,9.333333333333334,0,6.4,1,NA,NA,NA,NA,NA,NA,NA,NA,NA,NA,NA,NA,NA,NA,NA
2019,Cody Hollister,cody hollister,TEN,WR,3,2,2,13,0,0,0,10,3,0.18655621848301962,1,6.5,6.5,0,5,1.5,NA,NA,NA,NA,NA,NA,NA,NA,NA,NA,NA,NA,NA,NA,NA
2019,Cody Latimer,cody latimer,NYG,WR,14,42,24,300,2,0,19,497,69,4.301605467364425,0.5714285714285714,7.142857142857143,12.5,0.047619047619047616,11.833333333333334,2.875,NA,NA,NA,NA,NA,NA,NA,NA,NA,NA,NA,NA,NA,NA,NA
2019,Cole Beasley,cole beasley,BUF,WR,15,106,67,778,6,0,37,844,330,15.962949763499962,0.6320754716981132,7.339622641509434,11.611940298507463,0.05660377358490566,7.962264150943396,4.925373134328358,106,67,778,6,63.20754716981132,6.1040860215053785,3.1747728456998154,7.620283018867925,5.320746268656715,4.786824608803656,0.5339216598530596,17.923870979194778,7.339622641509434,11.611940298507463,0.05660377358490566
2019,Cooper Kupp,cooper kupp,LA,WR,16,134,94,1161,10,3,51,970,538,66.45693193061692,0.7014925373134329,8.664179104477611,12.351063829787234,0.07462686567164178,7.2388059701492535,5.723404255319149,134,94,1161,10,70.1492537313433,6.29658536585366,3.387731480764349,7.221492537313433,5.957446808510638,4.7288950870455455,1.2285517214650925,20.36385062974148,8.664179104477611,12.351063829787234,0.07462686567164178
2019,Corey Davis,corey davis,TEN,WR,15,69,43,601,2,1,33,830,217,34.33207314162864,0.6231884057971014,8.710144927536232,13.976744186046512,0.028985507246376812,12.028985507246377,5.046511627906977,69,43,601,2,62.31884057971014,7.209402985074626,2.7124062336742987,12.263333333333334,4.902325581395349,3.3273468756573026,1.5749787057380464,22.324441407476396,8.710144927536232,13.976744186046512,0.028985507246376812
2019,Courtland Sutton,courtland sutton,DEN,WR,16,124,72,1112,6,2,51,1436,352,50.33848615373541,0.5806451612903226,8.96774193548387,15.444444444444445,0.04838709677419355,11.580645161290322,4.888888888888889,124,72,1112,6,58.06451612903226,5.116422764227643,2.5014440745555566,11.803951612903226,5.206249999999999,3.693511596275766,1.5127384037242328,42.93013283589532,8.96774193548387,15.444444444444445,0.04838709677419355
2019,Curtis Samuel,curtis samuel,CAR,WR,16,105,54,627,6,0,36,1538,153,8.635538646602072,0.5142857142857142,5.9714285714285715,11.61111111111111,0.05714285714285714,14.647619047619047,2.8333333333333335,105,54,627,6,51.42857142857142,5.820198019801981,2.565260402440958,14.513619047619047,2.925,2.960100642713224,-0.03510064271322433,30.581353347246747,5.9714285714285715,11.61111111111111,0.05714285714285714
2019,Cyril Grayson,cyril grayson,TB,WR,1,1,1,3,0,0,0,2,1,-1.3904312084023176,1,3,3,0,2,1,NA,NA,NA,NA,NA,NA,NA,NA,NA,NA,NA,NA,NA,NA,NA
2019,D.J. Moore,d j moore,CAR,WR,NA,NA,NA,NA,NA,NA,NA,NA,NA,NA,NA,NA,NA,NA,NA,NA,135,87,1175,4,64.44444444444444,5.25625,2.640551014593727,11.14214814814815,4.783103448275862,3.976858447581344,0.8062450006945183,30.185222347086217,8.703703703703704,13.505747126436782,0.02962962962962963
2019,D.K. Metcalf,d k metcalf,SEA,WR,NA,NA,NA,NA,NA,NA,NA,NA,NA,NA,NA,NA,NA,NA,NA,NA,100,58,900,7,57.99999999999999,4.9111,2.479791229742522,13.359100000000002,5.038275862068965,3.4174571138019783,1.620818748266987,28.507197698784953,9,15.517241379310345,0.07
2019,DJ Chark,dj chark,JAX,WR,15,118,73,1008,8,0,42,1391,316,34.669345252862584,0.6186440677966102,8.542372881355933,13.808219178082192,0.06779661016949153,11.788135593220339,4.328767123287672,NA,NA,NA,NA,NA,NA,NA,NA,NA,NA,NA,NA,NA,NA,NA
2019,Da'Mari Scott,da mari scott,NYG,WR,5,3,2,22,0,0,2,19,14,1.1078750813030638,0.6666666666666666,7.333333333333333,11,0,6.333333333333333,7,NA,NA,NA,NA,NA,NA,NA,NA,NA,NA,NA,NA,NA,NA,NA
2019,DaeSean Hamilton,daesean hamilton,DEN,WR,13,52,28,297,1,0,19,423,128,-0.8636450897144092,0.5384615384615384,5.711538461538462,10.607142857142858,0.019230769230769232,8.134615384615385,4.571428571428571,52,28,297,1,53.84615384615385,5.271041666666667,3.2562365624093905,8.56326923076923,4.630357142857143,4.420150617463089,0.21020652539405393,13.060387684889442,5.711538461538462,10.607142857142858,0.019230769230769232
2019,Damiere Byrd,damiere byrd,ARI,WR,11,46,32,359,1,1,16,458,150,14.252060979313683,0.6956521739130435,7.804347826086956,11.21875,0.021739130434782608,9.956521739130435,4.6875,46,32,359,1,69.56521739130434,5.736888888888889,3.163584990585864,9.71391304347826,4.9153125,3.878387517609293,1.036924982390707,11.837699220074601,7.804347826086956,11.21875,0.021739130434782608
2019,Damion Ratley,damion ratley,CLE,WR,9,24,12,200,1,0,11,307,47,11.012048862115186,0.5,8.333333333333334,16.666666666666668,0.041666666666666664,12.791666666666666,3.9166666666666665,NA,NA,NA,NA,NA,NA,NA,NA,NA,NA,NA,NA,NA,NA,NA
2019,Damion Willis,damion willis,CIN,WR,7,16,9,82,0,0,3,179,16,-1.4770114178245421,0.5625,5.125,9.11111111111111,0,11.1875,1.7777777777777777,NA,NA,NA,NA,NA,NA,NA,NA,NA,NA,NA,NA,NA,NA,NA
2019,Danny Amendola,danny amendola,DET,WR,15,97,62,678,1,0,36,855,207,14.556618191871172,0.6391752577319587,6.989690721649485,10.935483870967742,0.010309278350515464,8.814432989690722,3.338709677419355,97,62,678,1,63.91752577319587,6.281392405063292,2.952040809931464,8.8619587628866,3.641935483870967,3.852767362801493,-0.2108318789305259,15.923982208917407,6.989690721649485,10.935483870967742,0.010309278350515464
2019,Dante Pettis,dante pettis,SF,WR,9,24,11,109,2,0,7,189,23,-2.046573807754464,0.4583333333333333,4.541666666666667,9.909090909090908,0.08333333333333333,7.875,2.090909090909091,NA,NA,NA,NA,NA,NA,NA,NA,NA,NA,NA,NA,NA,NA,NA
2019,Darius Jennings,darius jennings,TEN,WR,8,5,2,17,0,0,2,77,14,-1.1199249636556488,0.4,3.4,8.5,0,15.4,7,NA,NA,NA,NA,NA,NA,NA,NA,NA,NA,NA,NA,NA,NA,NA
2019,Darius Slayton,darius slayton,NYG,WR,14,84,48,740,8,0,32,1178,192,32.98321270132443,0.5714285714285714,8.80952380952381,15.416666666666666,0.09523809523809523,14.023809523809524,4,84,48,740,8,57.14285714285714,4.806666666666666,2.163035077518718,14.524404761904762,3.984375,3.170067805224779,0.8143071947752212,25.00543128502154,8.80952380952381,15.416666666666666,0.09523809523809523
2019,Darrius Shepherd,darrius shepherd,GB,WR,6,2,1,1,0,0,0,8,3,-7.770364667579997,0.5,0.5,1,0,4,3,NA,NA,NA,NA,NA,NA,NA,NA,NA,NA,NA,NA,NA,NA,NA
2019,Darvin Kidsy,darvin kidsy,WAS,WR,1,0,0,0,0,0,0,0,0,NA,NA,NA,NA,NA,NA,NA,NA,NA,NA,NA,NA,NA,NA,NA,NA,NA,NA,NA,NA,NA,NA
2019,Davante Adams,davante adams,GB,WR,12,127,83,997,5,2,54,1270,388,49.372686160942536,0.6535433070866141,7.850393700787402,12.012048192771084,0.03937007874015748,10,4.674698795180723,127,83,997,5,65.35433070866141,5.639669421487602,3.1952460021439166,10.001811023622047,4.973012048192771,4.292667897564057,0.6803441506287147,26.28803572869865,7.850393700787402,12.012048192771084,0.03937007874015748
2019,David Moore,david moore,SEA,WR,14,34,17,301,2,1,14,482,128,6.5977633842895145,0.5,8.852941176470589,17.705882352941178,0.058823529411764705,14.176470588235293,7.529411764705882,NA,NA,NA,NA,NA,NA,NA,NA,NA,NA,NA,NA,NA,NA,NA
2019,De'Anthony Thomas,de anthony thomas,BAL,WR,14,2,1,6,0,0,0,-1,3,-0.24766006378922611,0.5,3,6,0,-0.5,3,NA,NA,NA,NA,NA,NA,NA,NA,NA,NA,NA,NA,NA,NA,NA
2019,DeAndre Carter,deandre carter,HOU,WR,16,14,11,162,0,0,6,151,57,7.207822197175119,0.7857142857142857,11.571428571428571,14.727272727272727,0,10.785714285714286,5.181818181818182,NA,NA,NA,NA,NA,NA,NA,NA,NA,NA,NA,NA,NA,NA,NA
2019,DeAndre Hopkins,deandre hopkins,HOU,WR,15,150,104,1165,7,0,68,1517,387,59.909036032297436,0.6933333333333334,7.766666666666667,11.201923076923077,0.04666666666666667,10.113333333333333,3.7211538461538463,150,104,1165,7,69.33333333333334,5.038819444444444,2.6727643592259476,10.286333333333333,3.9088461538461536,4.0175704596688036,-0.10872430582264991,33.95980156092493,7.766666666666667,11.201923076923077,0.04666666666666667
2019,DeAndrew White,deandrew white,CAR,WR,8,9,4,51,0,0,3,133,28,-3.470974192430731,0.4444444444444444,5.666666666666667,12.75,0,14.777777777777779,7,NA,NA,NA,NA,NA,NA,NA,NA,NA,NA,NA,NA,NA,NA,NA
2019,DeSean Jackson,desean jackson,PHI,WR,2,10,9,159,2,0,6,147,15,15.269081482605543,0.9,15.9,17.666666666666668,0.2,14.7,1.6666666666666667,NA,NA,NA,NA,NA,NA,NA,NA,NA,NA,NA,NA,NA,NA,NA
2019,DeVante Parker,devante parker,MIA,WR,16,128,72,1202,9,0,58,1798,263,57.74218488756519,0.5625,9.390625,16.694444444444443,0.0703125,14.046875,3.6527777777777777,128,72,1202,9,56.25,5.042903225806452,2.134388209428416,13.77359375,4.203194444444446,3.482921734768838,0.7202727096756076,33.11781015426,9.390625,16.694444444444443,0.0703125
2019,Dede Westbrook,dede westbrook,JAX,WR,15,101,66,660,3,0,31,670,311,-0.037438622790943565,0.6534653465346535,6.534653465346534,10,0.0297029702970297,6.633663366336633,4.712121212121212,101,66,660,3,65.34653465346535,6.206666666666667,3.1961597241781687,6.970693069306931,4.883030303030303,4.791238366453641,0.09179193657666218,16.382204910193852,6.534653465346534,10,0.0297029702970297
2019,Deebo Samuel,deebo samuel,SF,WR,NA,NA,NA,NA,NA,NA,NA,NA,NA,NA,NA,NA,NA,NA,NA,NA,81,57,802,3,70.37037037037037,5.771447368421053,3.1797196177612954,7.828888888888889,8.518245614035088,7.0904785418004455,1.4277670722346425,20.82698370993169,9.901234567901234,14.070175438596491,0.037037037037037035
2019,Demarcus Robinson,demarcus robinson,KC,WR,15,55,32,449,4,0,19,732,103,12.941736614161183,0.5818181818181818,8.163636363636364,14.03125,0.07272727272727272,13.309090909090909,3.21875,55,32,449,4,58.18181818181818,5.363703703703703,3.0777932180031273,13.359090909090911,3.3753125000000006,3.495917910229764,-0.12060541022976334,15.658799083595293,8.163636363636364,14.03125,0.07272727272727272
2019,Demaryius Thomas,demaryius thomas,NYJ,WR,11,58,36,433,1,0,22,590,170,10.301719296599954,0.6206896551724138,7.4655172413793105,12.027777777777779,0.017241379310344827,10.172413793103448,4.722222222222222,58,36,433,1,62.06896551724138,5.832280701754387,2.4796169099503578,9.905172413793103,5.134722222222222,4.493103598267984,0.6416186239542379,14.323218573063375,7.4655172413793105,12.027777777777779,0.017241379310344827
2019,Deon Cain,deon cain,PIT,WR,11,20,9,124,0,0,7,227,22,-1.9670185821014456,0.45,6.2,13.777777777777779,0,11.35,2.4444444444444446,NA,NA,NA,NA,NA,NA,NA,NA,NA,NA,NA,NA,NA,NA,NA
2019,Deontay Burnett,deontay burnett,PHI,WR,1,4,2,48,0,0,1,88,6,1.4192315010586753,0.5,12,24,0,22,3,NA,NA,NA,NA,NA,NA,NA,NA,NA,NA,NA,NA,NA,NA,NA
2019,Deonte Harty,deonte harty,NO,WR,14,6,6,24,0,0,2,-13,37,-0.6251476678666548,1,4,4,0,-2.1666666666666665,6.166666666666667,NA,NA,NA,NA,NA,NA,NA,NA,NA,NA,NA,NA,NA,NA,NA
2019,Devin Funchess,devin funchess,IND,WR,1,5,3,32,0,0,2,49,6,3.1633725824649446,0.6,6.4,10.666666666666666,0,9.8,2,NA,NA,NA,NA,NA,NA,NA,NA,NA,NA,NA,NA,NA,NA,NA
2019,Devin Smith,devin smith,DAL,WR,3,9,5,113,1,0,4,179,32,7.640205747273285,0.5555555555555556,12.555555555555555,22.6,0.1111111111111111,19.88888888888889,6.4,NA,NA,NA,NA,NA,NA,NA,NA,NA,NA,NA,NA,NA,NA,NA
2019,Diontae Johnson,diontae johnson,PIT,WR,16,92,59,680,5,3,31,843,305,20.43145449354032,0.6413043478260869,7.391304347826087,11.525423728813559,0.05434782608695652,9.16304347826087,5.169491525423729,92,59,680,5,64.13043478260869,6.091304347826085,3.6215482294352785,8.977282608695653,5.062881355932204,4.637080291265409,0.42580106466679446,21.86549402604554,7.391304347826087,11.525423728813559,0.05434782608695652
2019,Diontae Spencer,diontae spencer,DEN,WR,16,8,6,31,0,1,1,49,33,-2.538457585789729,0.75,3.875,5.166666666666667,0,6.125,5.5,NA,NA,NA,NA,NA,NA,NA,NA,NA,NA,NA,NA,NA,NA,NA
2019,Donte Moncrief,donte moncrief,PIT,WR,4,15,4,18,0,0,1,202,3,-15.651088900425027,0.26666666666666666,1.2,4.5,0,13.466666666666667,0.75,NA,NA,NA,NA,NA,NA,NA,NA,NA,NA,NA,NA,NA,NA,NA
2019,Dontrelle Inman,dontrelle inman,IND,WR,7,21,12,181,0,0,9,286,30,3.3179547235486098,0.5714285714285714,8.619047619047619,15.083333333333334,0,13.619047619047619,2.5,NA,NA,NA,NA,NA,NA,NA,NA,NA,NA,NA,NA,NA,NA,NA
2019,Duke Williams,duke williams,BUF,WR,4,19,12,166,1,0,8,210,50,4.899763711437117,0.631578947368421,8.736842105263158,13.833333333333334,0.05263157894736842,11.052631578947368,4.166666666666667,NA,NA,NA,NA,NA,NA,NA,NA,NA,NA,NA,NA,NA,NA,NA
2019,Dwayne Harris,dwayne harris,LV,WR,3,1,1,7,0,0,0,0,7,-0.5586881316266954,1,7,7,0,0,7,NA,NA,NA,NA,NA,NA,NA,NA,NA,NA,NA,NA,NA,NA,NA
2019,Emmanuel Sanders,emmanuel sanders,SF,WR,17,97,66,869,5,0,41,1028,237,18.49478042788236,0.6804123711340206,8.958762886597938,13.166666666666666,0.05154639175257732,10.597938144329897,3.590909090909091,97,66,869,5,68.04123711340206,5.137659574468085,2.5030176603901753,10.851340206185569,3.835151515151515,3.923006650737977,-0.08785513558646185,34.56975827640568,8.958762886597938,13.166666666666666,0.05154639175257732
2019,Fred Brown,fred brown,DEN,WR,6,3,2,21,0,0,1,34,0,0.02402360294945538,0.6666666666666666,7,10.5,0,11.333333333333334,0,NA,NA,NA,NA,NA,NA,NA,NA,NA,NA,NA,NA,NA,NA,NA
2019,Gehrig Dieter,gehrig dieter,KC,WR,2,0,0,0,0,0,0,0,0,NA,NA,NA,NA,NA,NA,NA,NA,NA,NA,NA,NA,NA,NA,NA,NA,NA,NA,NA,NA,NA,NA
2019,Geremy Davis,geremy davis,LAC,WR,6,3,3,38,0,0,1,36,2,3.737691536778584,1,12.666666666666666,12.666666666666666,0,12,0.6666666666666666,NA,NA,NA,NA,NA,NA,NA,NA,NA,NA,NA,NA,NA,NA,NA
2019,Geronimo Allison,geronimo allison,GB,WR,15,55,34,287,2,2,17,421,110,4.239191799007283,0.6181818181818182,5.218181818181818,8.441176470588236,0.03636363636363636,7.654545454545454,3.235294117647059,55,34,287,2,61.81818181818181,5.675098039215686,3.264178570710089,8.126363636363637,3.658823529411765,3.5103488794083972,0.1484746500033678,9.249850475065037,5.218181818181818,8.441176470588236,0.03636363636363636
2019,Golden Tate,golden tate,NYG,WR,11,85,49,676,6,0,30,817,284,19.648802899057046,0.5764705882352941,7.952941176470588,13.795918367346939,0.07058823529411765,9.611764705882353,5.795918367346939,85,49,670,6,57.647058823529406,5.742658227848102,2.1694953348211907,9.525764705882352,6.09857142857143,3.3700570918075514,2.7285143367638782,16.594932713551977,7.882352941176471,13.673469387755102,0.07058823529411765
2019,Greg Dortch,greg dortch,CAR,WR,2,0,0,0,0,0,0,0,0,NA,NA,NA,NA,NA,NA,NA,NA,NA,NA,NA,NA,NA,NA,NA,NA,NA,NA,NA,NA,NA,NA
2019,Greg Little,greg little,CAR,OT,2,0,0,0,0,0,0,0,0,NA,NA,NA,NA,NA,NA,NA,NA,NA,NA,NA,NA,NA,NA,NA,NA,NA,NA,NA,NA,NA,NA
2019,Greg Ward,greg ward,PHI,WR,6,40,28,254,1,0,18,264,98,7.955861738518167,0.7,6.35,9.071428571428571,0.025,6.6,3.5,NA,NA,NA,NA,NA,NA,NA,NA,NA,NA,NA,NA,NA,NA,NA
2019,Gunner Olszewski,gunner olszewski,NE,WR,8,4,2,34,0,0,1,24,16,0.5635710118804127,0.5,8.5,17,0,6,8,NA,NA,NA,NA,NA,NA,NA,NA,NA,NA,NA,NA,NA,NA,NA
2019,Hunter Renfrow,hunter renfrow,LV,WR,13,71,49,605,4,0,31,499,301,34.853485876787104,0.6901408450704225,8.52112676056338,12.346938775510203,0.056338028169014086,7.028169014084507,6.142857142857143,71,49,605,4,69.01408450704226,6.452903225806451,3.456287092681197,6.582676056338028,6.774897959183673,4.750971742881813,2.0239262163018603,14.385218654584845,8.52112676056338,12.346938775510203,0.056338028169014086
2019,Isaiah Ford,isaiah ford,MIA,WR,8,35,23,244,0,0,16,295,86,1.6740514877410295,0.6571428571428571,6.9714285714285715,10.608695652173912,0,8.428571428571429,3.739130434782609,NA,NA,NA,NA,NA,NA,NA,NA,NA,NA,NA,NA,NA,NA,NA
2019,Isaiah McKenzie,isaiah mckenzie,BUF,WR,12,39,27,254,1,0,12,169,206,9.882050172956212,0.6923076923076923,6.512820512820513,9.407407407407407,0.02564102564102564,4.333333333333333,7.62962962962963,NA,NA,NA,NA,NA,NA,NA,NA,NA,NA,NA,NA,NA,NA,NA
2019,Ishmael Hyman,ishmael hyman,TB,WR,2,4,2,34,0,0,2,58,1,-0.32037907477933913,0.5,8.5,17,0,14.5,0.5,NA,NA,NA,NA,NA,NA,NA,NA,NA,NA,NA,NA,NA,NA,NA
2019,J.J. Arcega-Whiteside,j j arcega whiteside,PHI,WR,9,22,10,169,1,0,7,366,16,1.2769552568363318,0.45454545454545453,7.681818181818182,16.9,0.045454545454545456,16.636363636363637,1.6,NA,NA,NA,NA,NA,NA,NA,NA,NA,NA,NA,NA,NA,NA,NA
2019,J.J. Nelson,j j nelson,LV,WR,1,5,4,36,1,0,1,26,15,-0.363978857989423,0.8,7.2,9,0.2,5.2,3.75,NA,NA,NA,NA,NA,NA,NA,NA,NA,NA,NA,NA,NA,NA,NA
2019,Jake Kumerow,jake kumerow,GB,WR,11,21,12,219,1,0,8,317,85,12.428664686320197,0.5714285714285714,10.428571428571429,18.25,0.047619047619047616,15.095238095238095,7.083333333333333,NA,NA,NA,NA,NA,NA,NA,NA,NA,NA,NA,NA,NA,NA,NA
2019,Jakeem Grant,jakeem grant,MIA,WR,9,33,19,164,0,0,9,406,87,-3.347908795985859,0.5757575757575758,4.96969696969697,8.631578947368421,0,12.303030303030303,4.578947368421052,NA,NA,NA,NA,NA,NA,NA,NA,NA,NA,NA,NA,NA,NA,NA
2019,Jakobi Meyers,jakobi meyers,NE,WR,11,41,26,359,0,0,17,422,114,14.22073630063096,0.6341463414634146,8.75609756097561,13.807692307692308,0,10.292682926829269,4.384615384615385,NA,NA,NA,NA,NA,NA,NA,NA,NA,NA,NA,NA,NA,NA,NA
2019,Jaleel Scott,jaleel scott,BAL,WR,1,3,1,6,0,0,0,39,6,-1.3548586406977847,0.3333333333333333,2,6,0,13,6,NA,NA,NA,NA,NA,NA,NA,NA,NA,NA,NA,NA,NA,NA,NA
2019,Jalen Guyton,jalen guyton,LAC,WR,1,2,0,0,0,0,0,75,0,-1.744832213036716,0,0,NA,0,37.5,NA,NA,NA,NA,NA,NA,NA,NA,NA,NA,NA,NA,NA,NA,NA,NA
2019,Jamal Agnew,jamal agnew,DET,WR,13,2,1,-2,0,0,0,29,1,-1.6746988990344107,0.5,-1,-2,0,14.5,1,NA,NA,NA,NA,NA,NA,NA,NA,NA,NA,NA,NA,NA,NA,NA
2019,James Washington,james washington,PIT,WR,15,80,44,735,3,1,31,1266,185,13.630626367460062,0.55,9.1875,16.704545454545453,0.0375,15.825,4.204545454545454,80,44,735,3,55.00000000000001,6.1692307692307695,2.5320394958538133,15.596375,4.838863636363636,3.547011425562431,1.2918522108012054,33.03240734612401,9.1875,16.704545454545453,0.0375
2019,Jamison Crowder,jamison crowder,NYJ,WR,16,122,78,833,6,0,41,970,353,5.13715343588669,0.639344262295082,6.827868852459017,10.679487179487179,0.04918032786885246,7.950819672131147,4.5256410256410255,122,78,833,6,63.934426229508205,6.047029702970297,3.0286939843766993,7.933852459016393,4.718076923076923,3.8867879955864533,0.83128892749047,24.132067804047402,6.827868852459017,10.679487179487179,0.04918032786885246
2019,Jarius Wright,jarius wright,CAR,WR,16,58,28,296,0,0,16,618,89,-19.728893921813725,0.4827586206896552,5.103448275862069,10.571428571428571,0,10.655172413793103,3.1785714285714284,58,28,296,0,48.275862068965516,6.472499999999998,3.0198926571336,10.593793103448277,3.3582142857142867,3.9965569164400856,-0.6383426307257989,12.33022957135977,5.103448275862069,10.571428571428571,0
2019,Jaron Brown,jaron brown,SEA,WR,10,28,16,220,2,1,10,256,59,-1.3565595607570566,0.5714285714285714,7.857142857142857,13.75,0.07142857142857142,9.142857142857142,3.6875,NA,NA,NA,NA,NA,NA,NA,NA,NA,NA,NA,NA,NA,NA,NA
2019,Jarvis Landry,jarvis landry,CLE,WR,16,138,83,1174,6,0,55,1343,436,22.077806889377975,0.6014492753623188,8.507246376811594,14.144578313253012,0.043478260869565216,9.731884057971014,5.253012048192771,138,83,1174,6,60.14492753623188,5.678473282442748,2.587291262937547,9.802681159420292,5.538072289156627,3.8772126590948233,1.660859630061804,29.608091190040536,8.507246376811594,14.144578313253012,0.043478260869565216
2019,Jason Moore,jason moore,LAC,WR,6,5,2,43,0,0,2,119,6,3.0612258879700676,0.4,8.6,21.5,0,23.8,3,NA,NA,NA,NA,NA,NA,NA,NA,NA,NA,NA,NA,NA,NA,NA
2019,Javon Wims,javon wims,CHI,WR,11,39,18,186,1,0,9,451,45,-12.689872959678823,0.46153846153846156,4.769230769230769,10.333333333333334,0.02564102564102564,11.564102564102564,2.5,NA,NA,NA,NA,NA,NA,NA,NA,NA,NA,NA,NA,NA,NA,NA
2019,Jaydon Mickens,jaydon mickens,TB,WR,1,0,0,0,0,0,0,0,0,NA,NA,NA,NA,NA,NA,NA,NA,NA,NA,NA,NA,NA,NA,NA,NA,NA,NA,NA,NA,NA,NA
2019,Jeff Smith,jeff smith,NYJ,WR,1,2,1,12,0,0,1,48,0,0.47950040316209197,0.5,6,12,0,24,0,NA,NA,NA,NA,NA,NA,NA,NA,NA,NA,NA,NA,NA,NA,NA
2019,JoJo Natson,jojo natson,LA,WR,12,0,0,0,0,0,0,0,0,NA,NA,NA,NA,NA,NA,NA,NA,NA,NA,NA,NA,NA,NA,NA,NA,NA,NA,NA,NA,NA,NA
2019,Joe Walker,joe walker,ARI,LB,13,0,0,0,0,0,0,0,0,NA,NA,NA,NA,NA,NA,NA,NA,NA,NA,NA,NA,NA,NA,NA,NA,NA,NA,NA,NA,NA,NA
2019,John Brown,john brown,BUF,WR,15,115,72,1060,6,0,53,1667,210,50.547770424188975,0.6260869565217392,9.217391304347826,14.722222222222221,0.05217391304347826,14.495652173913044,2.9166666666666665,115,72,1060,6,62.60869565217392,4.649553571428572,2.3874553614578518,14.16173913043478,3.112777777777777,3.0427590796305406,0.0700186981472366,36.138429311936385,9.217391304347826,14.722222222222221,0.05217391304347826
2019,John Franklin,john franklin,TB,WR,1,0,0,0,0,0,0,0,0,NA,NA,NA,NA,NA,NA,NA,NA,NA,NA,NA,NA,NA,NA,NA,NA,NA,NA,NA,NA,NA,NA
2019,John Ross,john ross,CIN,WR,8,56,28,506,3,1,22,875,198,16.6189156075065,0.5,9.035714285714286,18.071428571428573,0.05357142857142857,15.625,7.071428571428571,56,28,506,3,50,5.786727272727274,2.9426150298612086,14.93875,7.445714285714286,5.557815788591535,1.8878984971227508,17.55803215380096,9.035714285714286,18.071428571428573,0.05357142857142857
2019,John Ursua,john ursua,SEA,WR,1,1,1,11,0,0,1,11,0,3.1887068092473783,1,11,11,0,11,0,NA,NA,NA,NA,NA,NA,NA,NA,NA,NA,NA,NA,NA,NA,NA
2019,Johnny Holton,johnny holton,PIT,WR,12,15,3,21,0,0,1,381,10,-16.1900049324031,0.2,1.4,7,0,25.4,3.3333333333333335,NA,NA,NA,NA,NA,NA,NA,NA,NA,NA,NA,NA,NA,NA,NA
2019,Jordan Matthews,jordan matthews,PHI,TE,2,12,4,33,0,0,1,175,7,-8.29453275253751,0.3333333333333333,2.75,8.25,0,14.583333333333334,1.75,NA,NA,NA,NA,NA,NA,NA,NA,NA,NA,NA,NA,NA,NA,NA
2019,Josh Bellamy,josh bellamy,NYJ,WR,5,3,2,20,0,0,1,23,10,0.8723856026190333,0.6666666666666666,6.666666666666667,10,0,7.666666666666667,5,NA,NA,NA,NA,NA,NA,NA,NA,NA,NA,NA,NA,NA,NA,NA
2019,Josh Gordon,josh gordon,SEA,WR,11,47,27,426,1,0,16,518,149,23.476325346980037,0.574468085106383,9.063829787234043,15.777777777777779,0.02127659574468085,11.02127659574468,5.518518518518518,47,27,426,1,57.446808510638306,5.430212765957448,2.3976573016998257,11.380212765957447,6.007037037037037,5.512180121438176,0.49485691559886114,11.41367669464942,9.063829787234043,15.777777777777779,0.02127659574468085
2019,Josh Reynolds,josh reynolds,LA,WR,16,43,21,326,1,0,15,459,139,3.595844851826799,0.4883720930232558,7.5813953488372094,15.523809523809524,0.023255813953488372,10.674418604651162,6.619047619047619,43,21,326,1,48.837209302325576,6.262857142857142,2.6739339568413523,11.251860465116279,6.886666666666667,5.252298300035031,1.6343683666316355,10.181714874946076,7.5813953488372094,15.523809523809524,0.023255813953488372
2019,JuJu Smith-Schuster,juju smith schuster,PIT,WR,12,70,42,552,3,1,23,683,222,-3.0516275937913937,0.6,7.885714285714286,13.142857142857142,0.04285714285714286,9.757142857142858,5.285714285714286,70,42,552,3,60,4.861612903225807,2.373298045699334,9.573285714285714,6.033095238095238,4.341737683751738,1.6913575543435,17.741307783746286,7.885714285714286,13.142857142857142,0.04285714285714286
2019,Julian Edelman,julian edelman,NE,WR,16,153,100,1117,6,3,55,1451,320,18.45794731106496,0.6535947712418301,7.300653594771242,11.17,0.0392156862745098,9.483660130718954,3.2,153,100,1117,6,65.359477124183,5.683943661971831,2.835081643026798,9.175882352941176,3.549700000000001,3.8662320321095365,-0.3165320321095355,31.783667037952668,7.300653594771242,11.17,0.0392156862745098
2019,Julio Jones,julio jones,ATL,WR,15,157,99,1394,6,1,77,1955,342,65.67904137241881,0.6305732484076433,8.878980891719745,14.080808080808081,0.03821656050955414,12.452229299363058,3.4545454545454546,157,99,1394,6,63.05732484076433,5.557046979865772,2.1638664762468784,12.285859872611466,3.6737373737373744,2.8359915691727795,0.8377458045645949,35.92249644291153,8.878980891719745,14.080808080808081,0.03821656050955414
2019,Justin Hardy,justin hardy,ATL,WR,12,26,19,195,0,0,9,199,81,3.4252092203325994,0.7307692307692307,7.5,10.263157894736842,0,7.653846153846154,4.2631578947368425,NA,NA,NA,NA,NA,NA,NA,NA,NA,NA,NA,NA,NA,NA,NA
2019,Justin Watson,justin watson,TB,WR,9,26,15,159,2,0,10,352,14,1.9160884254706407,0.5769230769230769,6.115384615384615,10.6,0.07692307692307693,13.538461538461538,0.9333333333333333,NA,NA,NA,NA,NA,NA,NA,NA,NA,NA,NA,NA,NA,NA,NA
2019,Juwann Winfree,juwann winfree,DEN,WR,2,0,0,0,0,0,0,0,0,NA,NA,NA,NA,NA,NA,NA,NA,NA,NA,NA,NA,NA,NA,NA,NA,NA,NA,NA,NA,NA,NA
2019,Kalif Raymond,kalif raymond,TEN,WR,8,12,9,170,1,1,6,219,14,0.9521221377654001,0.75,14.166666666666666,18.88888888888889,0.08333333333333333,18.25,1.5555555555555556,NA,NA,NA,NA,NA,NA,NA,NA,NA,NA,NA,NA,NA,NA,NA
2019,KeeSean Johnson,keesean johnson,ARI,WR,10,42,21,187,1,1,10,394,43,-6.419638571299059,0.5,4.4523809523809526,8.904761904761905,0.023809523809523808,9.380952380952381,2.0476190476190474,NA,NA,NA,NA,NA,NA,NA,NA,NA,NA,NA,NA,NA,NA,NA
2019,Keelan Cole,keelan cole,JAX,WR,12,35,24,361,3,0,19,374,99,21.298077289408074,0.6857142857142857,10.314285714285715,15.041666666666666,0.08571428571428572,10.685714285714285,4.125,NA,NA,NA,NA,NA,NA,NA,NA,NA,NA,NA,NA,NA,NA,NA
2019,Keelan Doss,keelan doss,LV,WR,6,14,11,133,0,0,6,124,57,8.400988622161094,0.7857142857142857,9.5,12.090909090909092,0,8.857142857142858,5.181818181818182,NA,NA,NA,NA,NA,NA,NA,NA,NA,NA,NA,NA,NA,NA,NA
2019,Keenan Allen,keenan allen,LAC,WR,16,149,104,1199,6,0,63,1506,369,42.864699255076104,0.697986577181208,8.046979865771812,11.528846153846153,0.040268456375838924,10.10738255033557,3.548076923076923,149,104,1199,6,69.79865771812081,5.390367647058824,2.7453719251831754,10.046778523489934,3.7222115384615373,3.595639092044569,0.1265724464169682,30.38163508022779,8.046979865771812,11.528846153846153,0.040268456375838924
2019,Keke Coutee,keke coutee,HOU,WR,8,36,22,254,0,1,10,272,140,-11.968206063917693,0.6111111111111112,7.055555555555555,11.545454545454545,0,7.555555555555555,6.363636363636363,NA,NA,NA,NA,NA,NA,NA,NA,NA,NA,NA,NA,NA,NA,NA
2019,Kelvin Harmon,kelvin harmon,WAS,WR,15,44,30,365,0,0,16,502,94,10.1114557127006,0.6818181818181818,8.295454545454545,12.166666666666666,0,11.409090909090908,3.1333333333333333,44,30,365,0,68.18181818181817,6.402999999999999,2.420682406867723,11.357727272727274,3.4483333333333337,2.819583466937077,0.6287498663962565,14.088652452278053,8.295454545454545,12.166666666666666,0
2019,Kendrick Bourne,kendrick bourne,SF,WR,16,44,30,358,5,0,23,377,122,24.313045263430503,0.6818181818181818,8.136363636363637,11.933333333333334,0.11363636363636363,8.568181818181818,4.066666666666666,44,30,358,5,68.18181818181817,5.9453658536585365,2.9051440143153524,8.679772727272727,4.133000000000001,3.300368074227788,0.8326319257722128,12.543024172359432,8.136363636363637,11.933333333333334,0.11363636363636363
2019,Kenny Golladay,kenny golladay,DET,WR,16,116,65,1190,11,1,52,1698,304,45.12200791834721,0.5603448275862069,10.258620689655173,18.307692307692307,0.09482758620689655,14.637931034482758,4.676923076923077,116,65,1190,11,56.03448275862068,5.270877192982456,1.9475060260614048,15.403275862068968,4.8890769230769235,4.1894620708923735,0.69961485218455,33.09949038662817,10.258620689655173,18.307692307692307,0.09482758620689655
2019,Kenny Stills,kenny stills,HOU,WR,13,55,40,561,4,0,27,576,144,29.41188397565167,0.7272727272727273,10.2,14.025,0.07272727272727272,10.472727272727273,3.6,55,40,561,4,72.72727272727273,6.264230769230769,2.6633827707407347,10.681272727272724,3.7340000000000004,4.502923094289785,-0.7689230942897844,12.930013690007168,10.2,14.025,0.07272727272727272
2019,KhaDarel Hodge,khadarel hodge,CLE,WR,12,10,4,76,0,0,3,161,9,-0.2766908408800748,0.4,7.6,19,0,16.1,2.25,NA,NA,NA,NA,NA,NA,NA,NA,NA,NA,NA,NA,NA,NA,NA
2019,Krishawn Hogan,krishawn hogan,NO,WR,1,1,1,4,0,0,0,2,2,-1.018983525922522,1,4,4,0,2,2,NA,NA,NA,NA,NA,NA,NA,NA,NA,NA,NA,NA,NA,NA,NA
2019,Laquon Treadwell,laquon treadwell,MIN,WR,10,16,9,184,1,0,8,190,57,11.688131054401381,0.5625,11.5,20.444444444444443,0.0625,11.875,6.333333333333333,NA,NA,NA,NA,NA,NA,NA,NA,NA,NA,NA,NA,NA,NA,NA
2019,Larry Fitzgerald,larry fitzgerald,ARI,WR,16,109,75,804,4,1,40,852,343,4.5841431221782,0.6880733944954128,7.376146788990826,10.72,0.03669724770642202,7.81651376146789,4.573333333333333,109,75,804,4,68.80733944954129,6.151442307692308,2.9758333333333735,7.485412844036698,5.050933333333332,4.468533393117079,0.582399940216253,21.615113173957276,7.376146788990826,10.72,0.03669724770642202
2019,Lil'Jordan Humphrey,lil jordan humphrey,NO,WR,1,1,0,0,0,0,0,15,0,-0.7341083255596459,0,0,NA,0,15,NA,NA,NA,NA,NA,NA,NA,NA,NA,NA,NA,NA,NA,NA,NA,NA
2019,Mack Hollins,mack hollins,MIA,WR,12,23,10,125,0,0,7,303,33,-2.253836012758903,0.43478260869565216,5.434782608695652,12.5,0,13.173913043478262,3.3,NA,NA,NA,NA,NA,NA,NA,NA,NA,NA,NA,NA,NA,NA,NA
2019,Malik Turner,malik turner,SEA,WR,11,22,15,245,1,0,10,264,101,6.44353505114052,0.6818181818181818,11.136363636363637,16.333333333333332,0.045454545454545456,12,6.733333333333333,NA,NA,NA,NA,NA,NA,NA,NA,NA,NA,NA,NA,NA,NA,NA
2019,Marcell Ateman,marcell ateman,LV,WR,4,10,5,116,0,1,3,128,19,-0.9247830607637297,0.5,11.6,23.2,0,12.8,3.8,NA,NA,NA,NA,NA,NA,NA,NA,NA,NA,NA,NA,NA,NA,NA
2019,Marcus Johnson,marcus johnson,IND,WR,8,33,17,277,2,0,12,573,43,8.329632459033746,0.5151515151515151,8.393939393939394,16.294117647058822,0.06060606060606061,17.363636363636363,2.5294117647058822,NA,NA,NA,NA,NA,NA,NA,NA,NA,NA,NA,NA,NA,NA,NA
2019,Marqise Lee,marqise lee,JAX,WR,4,4,3,18,0,0,2,18,5,0.4488396856468171,0.75,4.5,6,0,4.5,1.6666666666666667,NA,NA,NA,NA,NA,NA,NA,NA,NA,NA,NA,NA,NA,NA,NA
2019,Marquez Valdes-Scantling,marquez valdes scantling,GB,WR,15,56,26,452,2,0,14,940,155,4.492168597472965,0.4642857142857143,8.071428571428571,17.384615384615383,0.03571428571428571,16.785714285714285,5.961538461538462,56,26,452,2,46.42857142857143,5.695535714285716,2.5509622717326716,16.625535714285714,5.893076923076924,3.8952217110090945,1.9978552120678295,19.268124595144428,8.071428571428571,17.384615384615383,0.03571428571428571
2019,Marquise Brown,marquise brown,BAL,WR,14,71,46,584,7,0,24,782,226,24.435256682165708,0.647887323943662,8.225352112676056,12.695652173913043,0.09859154929577464,11.014084507042254,4.913043478260869,71,46,584,7,64.7887323943662,6.443968253968255,2.955510969260665,10.876619718309858,5.377608695652174,4.769195805695394,0.6084128899567798,21.069691173942818,8.225352112676056,12.695652173913043,0.09859154929577464
2019,Marquise Goodwin,marquise goodwin,SF,WR,8,21,12,186,1,0,10,281,33,11.009969880242155,0.5714285714285714,8.857142857142858,15.5,0.047619047619047616,13.380952380952381,2.75,NA,NA,NA,NA,NA,NA,NA,NA,NA,NA,NA,NA,NA,NA,NA
2019,Marvin Hall,marvin hall,DET,WR,7,11,7,261,1,0,7,304,36,17.189301109290682,0.6363636363636364,23.727272727272727,37.285714285714285,0.09090909090909091,27.636363636363637,5.142857142857143,NA,NA,NA,NA,NA,NA,NA,NA,NA,NA,NA,NA,NA,NA,NA
2019,Marvin Jones,marvin jones,DET,WR,13,91,62,779,9,0,41,1186,106,36.77289621137164,0.6813186813186813,8.56043956043956,12.564516129032258,0.0989010989010989,13.032967032967033,1.7096774193548387,91,62,779,9,68.13186813186813,6.527471264367816,2.0854807722890603,13.152197802197806,2.183709677419355,2.263014035487562,-0.07930435806820668,22.17123824378823,8.56043956043956,12.564516129032258,0.0989010989010989
2019,Matthew Slater,matthew slater,NE,WR,7,0,0,0,0,0,0,0,0,NA,NA,NA,NA,NA,NA,NA,NA,NA,NA,NA,NA,NA,NA,NA,NA,NA,NA,NA,NA,NA,NA
2019,Maurice Alexander,maurice alexander,BUF,LB,4,0,0,0,0,0,0,0,0,NA,NA,NA,NA,NA,NA,NA,NA,NA,NA,NA,NA,NA,NA,NA,NA,NA,NA,NA,NA,NA,NA
2019,Mecole Hardman,mecole hardman,KC,WR,16,41,26,538,6,0,18,453,292,36.931444483159176,0.6341463414634146,13.121951219512194,20.692307692307693,0.14634146341463414,11.048780487804878,11.23076923076923,NA,NA,NA,NA,NA,NA,NA,NA,NA,NA,NA,NA,NA,NA,NA
2019,Michael Bennett,michael bennett,DAL,DE,13,0,0,0,0,0,0,0,0,NA,NA,NA,NA,NA,NA,NA,NA,NA,NA,NA,NA,NA,NA,NA,NA,NA,NA,NA,NA,NA,NA
2019,Michael Crabtree,michael crabtree,ARI,WR,2,5,4,22,0,0,0,26,5,-0.27008600858971477,0.8,4.4,5.5,0,5.2,1.25,NA,NA,NA,NA,NA,NA,NA,NA,NA,NA,NA,NA,NA,NA,NA
2019,Michael Gallup,michael gallup,DAL,WR,14,113,66,1107,6,0,50,1421,333,44.76889219917001,0.584070796460177,9.79646017699115,16.772727272727273,0.05309734513274336,12.575221238938052,5.045454545454546,113,66,1107,6,58.4070796460177,5.57353982300885,2.2184359038056005,12.60469026548672,5.36590909090909,3.832156521131957,1.5337525697771333,26.0687256920613,9.79646017699115,16.772727272727273,0.05309734513274336
2019,Michael Thomas,michael thomas,NYG/NO,DB,31,185,149,1725,9,1,92,1497,579,98.99722826508759,0.8054054054054054,9.324324324324325,11.577181208053691,0.04864864864864865,8.091891891891892,3.8859060402684564,185,149,1725,9,80.54054054054053,5.154972375690608,2.563296072890534,8.144486486486487,4.065704697986578,3.41148382444712,0.6542208735394581,41.33610602814212,9.324324324324325,11.577181208053691,0.04864864864864865
2019,Michael Walker,michael walker,JAX,WR,7,3,2,15,0,0,1,12,7,2.660991317825392,0.6666666666666666,5,7.5,0,4,3.5,NA,NA,NA,NA,NA,NA,NA,NA,NA,NA,NA,NA,NA,NA,NA
2019,Mike Evans,mike evans,TB,WR,13,118,67,1157,8,0,54,1777,261,28.760308330718146,0.5677966101694916,9.805084745762711,17.26865671641791,0.06779661016949153,15.059322033898304,3.8955223880597014,118,67,1157,8,56.779661016949156,5.34102564102564,2.42422152433902,15.27737288135593,4.31044776119403,4.017919094072769,0.29252866712126124,28.23515591962033,9.805084745762711,17.26865671641791,0.06779661016949153
2019,Mike Thomas,mike thomas,LA,WR,7,5,2,14,0,0,1,52,10,0.8486340768868104,0.4,2.8,7,0,10.4,5,NA,NA,NA,NA,NA,NA,NA,NA,NA,NA,NA,NA,NA,NA,NA
2019,Mike Williams,mike williams,LAC,WR,15,90,49,1001,2,0,41,1603,187,33.57327314391637,0.5444444444444444,11.122222222222222,20.428571428571427,0.022222222222222223,17.81111111111111,3.816326530612245,90,49,1001,2,54.44444444444444,5.233258426966292,2.003895259376511,17.38944444444444,4.761020408163265,3.431137930389899,1.3298824777733662,31.76334728305209,11.122222222222222,20.428571428571427,0.022222222222222223
2019,Miles Boykin,miles boykin,BAL,WR,12,22,13,198,3,0,10,378,12,17.068263829307398,0.5909090909090909,9,15.23076923076923,0.13636363636363635,17.181818181818183,0.9230769230769231,NA,NA,NA,NA,NA,NA,NA,NA,NA,NA,NA,NA,NA,NA,NA
2019,Mohamed Sanu,mohamed sanu,NE,WR,15,89,59,520,2,0,30,671,194,6.37450805540779,0.6629213483146067,5.842696629213483,8.813559322033898,0.02247191011235955,7.53932584269663,3.288135593220339,89,59,520,2,66.29213483146067,5.161025641025641,3.1013661273672146,7.551797752808989,3.2762711864406766,3.6392794244582274,-0.3630082380175508,15.216160902677784,5.842696629213483,8.813559322033898,0.02247191011235955
2019,N'Keal Harry,n keal harry,NE,TE,7,24,12,105,2,0,7,224,42,0.6218932658375707,0.5,4.375,8.75,0.08333333333333333,9.333333333333334,3.5,NA,NA,NA,NA,NA,NA,NA,NA,NA,NA,NA,NA,NA,NA,NA
2019,Nelson Agholor,nelson agholor,PHI,WR,11,69,39,363,3,2,17,764,132,-3.4588190979700837,0.5652173913043478,5.260869565217392,9.307692307692308,0.043478260869565216,11.072463768115941,3.3846153846153846,69,39,363,3,56.52173913043478,5.895076923076922,3.4033849537965333,10.79913043478261,3.9176923076923083,3.7111500006731104,0.20654230701919785,15.281662988818795,5.260869565217392,9.307692307692308,0.043478260869565216
2019,Nick Williams,nick williams,CHI,DT,15,0,0,0,0,0,0,0,0,NA,NA,NA,NA,NA,NA,NA,NA,NA,NA,NA,NA,NA,NA,NA,NA,NA,NA,NA,NA,NA,NA
2019,Nsimba Webster,nsimba webster,LA,WR,4,0,0,0,0,0,0,0,0,NA,NA,NA,NA,NA,NA,NA,NA,NA,NA,NA,NA,NA,NA,NA,NA,NA,NA,NA,NA,NA,NA
2019,Odell Beckham Jr.,odell beckham jr,CLE,WR,16,133,74,1035,4,0,44,1726,326,3.461329075272003,0.556390977443609,7.7819548872180455,13.986486486486486,0.03007518796992481,12.977443609022556,4.405405405405405,NA,NA,NA,NA,NA,NA,NA,NA,NA,NA,NA,NA,NA,NA,NA
2019,Olamide Zaccheaus,olamide zaccheaus,ATL,WR,6,5,3,115,1,0,2,69,63,7.170720484224148,0.6,23,38.333333333333336,0.2,13.8,21,NA,NA,NA,NA,NA,NA,NA,NA,NA,NA,NA,NA,NA,NA,NA
2019,Parris Campbell,parris campbell,IND,WR,7,24,18,127,1,2,6,188,106,-4.273801218638937,0.75,5.291666666666667,7.055555555555555,0.041666666666666664,7.833333333333333,5.888888888888889,NA,NA,NA,NA,NA,NA,NA,NA,NA,NA,NA,NA,NA,NA,NA
2019,Paul Richardson,paul richardson,WAS,WR,10,42,28,245,2,0,13,403,50,4.94714808392766,0.6666666666666666,5.833333333333333,8.75,0.047619047619047616,9.595238095238095,1.7857142857142858,NA,NA,NA,NA,NA,NA,NA,NA,NA,NA,NA,NA,NA,NA,NA
2019,Pharoh Cooper,pharoh cooper,ARI,WR,12,33,25,243,1,0,10,336,70,15.527027287199207,0.7575757575757576,7.363636363636363,9.72,0.030303030303030304,10.181818181818182,2.8,NA,NA,NA,NA,NA,NA,NA,NA,NA,NA,NA,NA,NA,NA,NA
2019,Phillip Dorsett,phillip dorsett,NE,WR,11,54,29,397,5,0,17,762,79,13.465028225492532,0.5370370370370371,7.351851851851852,13.689655172413794,0.09259259259259259,14.11111111111111,2.7241379310344827,54,29,397,5,53.70370370370371,5.3290384615384605,2.895081677180797,13.893148148148148,3.164482758620689,4.0338527514717395,-0.8693699928510505,16.984750106405134,7.351851851851852,13.689655172413794,0.09259259259259259
2019,Preston Williams,preston williams,MIA,WR,8,60,32,428,3,2,25,841,61,-0.0026121254854242215,0.5333333333333333,7.133333333333334,13.375,0.05,14.016666666666667,1.90625,60,32,428,3,53.333333333333336,4.540338983050847,2.1255217109725186,14.3445,2.42,2.495263625508766,-0.0752636255087662,16.167431830306494,7.133333333333334,13.375,0.05
2019,Quincy Enunwa,quincy enunwa,NYJ,WR,1,3,1,-4,0,0,0,35,-4,-0.631674739997834,0.3333333333333333,-1.3333333333333333,-4,0,11.666666666666666,-4,NA,NA,NA,NA,NA,NA,NA,NA,NA,NA,NA,NA,NA,NA,NA
2019,Randall Cobb,randall cobb,DAL,WR,15,83,55,828,3,2,41,824,329,28.761129977707373,0.6626506024096386,9.975903614457831,15.054545454545455,0.03614457831325301,9.927710843373495,5.9818181818181815,83,55,828,3,66.26506024096386,6.224383561643836,3.032001076205204,9.529638554216868,6.223636363636363,4.8771496302874535,1.3464867333489092,14.47650423244109,9.975903614457831,15.054545454545455,0.03614457831325301
2019,Rashard Davis,rashard davis,TEN,WR,1,1,1,16,0,0,1,16,0,1.5548523624311201,1,16,16,0,16,0,NA,NA,NA,NA,NA,NA,NA,NA,NA,NA,NA,NA,NA,NA,NA
2019,Rashard Higgins,rashard higgins,CLE,WR,7,11,4,55,1,0,3,116,9,3.7604448641744397,0.36363636363636365,5,13.75,0.09090909090909091,10.545454545454545,2.25,NA,NA,NA,NA,NA,NA,NA,NA,NA,NA,NA,NA,NA,NA,NA
2019,Ray-Ray McCloud,ray ray mccloud,CAR,WR,6,0,0,0,0,0,0,0,0,NA,NA,NA,NA,NA,NA,NA,NA,NA,NA,NA,NA,NA,NA,NA,NA,NA,NA,NA,NA,NA,NA
2019,Richie James,richie james,SF,WR,16,10,6,165,1,0,5,119,103,6.76800043196954,0.6,16.5,27.5,0.1,11.9,17.166666666666668,NA,NA,NA,NA,NA,NA,NA,NA,NA,NA,NA,NA,NA,NA,NA
2019,Rico Gafford,rico gafford,LV,WR,3,2,2,66,1,0,2,49,17,6.527572239749134,1,33,33,0.5,24.5,8.5,NA,NA,NA,NA,NA,NA,NA,NA,NA,NA,NA,NA,NA,NA,NA
2019,Riley Ridley,riley ridley,CHI,WR,3,7,6,69,0,0,4,62,15,6.886670341016725,0.8571428571428571,9.857142857142858,11.5,0,8.857142857142858,2.5,NA,NA,NA,NA,NA,NA,NA,NA,NA,NA,NA,NA,NA,NA,NA
2019,Robbie Chosen,robbie chosen,NYJ,WR,16,96,52,779,5,1,35,1444,193,5.21252898542976,0.5416666666666666,8.114583333333334,14.98076923076923,0.052083333333333336,15.041666666666666,3.7115384615384617,NA,NA,NA,NA,NA,NA,NA,NA,NA,NA,NA,NA,NA,NA,NA
2019,Robert Davis,robert davis,PHI,WR,3,5,2,17,0,0,2,36,2,-3.873420423013158,0.4,3.4,8.5,0,7.2,1,NA,NA,NA,NA,NA,NA,NA,NA,NA,NA,NA,NA,NA,NA,NA
2019,Robert Foster,robert foster,BUF,WR,10,18,3,64,0,0,3,451,32,-6.545377287115805,0.16666666666666666,3.5555555555555554,21.333333333333332,0,25.055555555555557,10.666666666666666,NA,NA,NA,NA,NA,NA,NA,NA,NA,NA,NA,NA,NA,NA,NA
2019,Robert Woods,robert woods,LA,WR,15,139,90,1134,2,0,54,1169,576,22.652444494903904,0.6474820143884892,8.158273381294965,12.6,0.014388489208633094,8.410071942446043,6.4,139,90,1134,2,64.74820143884892,7.317022900763359,3.407958005883114,8.099280575539572,6.718333333333333,5.616025150540928,1.102308182792405,23.69132671850505,8.158273381294965,12.6,0.014388489208633094
2019,Russell Gage,russell gage,ATL,WR,14,74,49,446,1,0,25,525,151,6.7814319912815275,0.6621621621621622,6.027027027027027,9.10204081632653,0.013513513513513514,7.094594594594595,3.0816326530612246,74,49,446,1,66.21621621621621,5.843478260869565,3.189910533338856,7.062297297297297,3.50061224489796,3.4048680519492787,0.0957441929486813,9.732827270763341,6.027027027027027,9.10204081632653,0.013513513513513514
2019,Russell Shepard,russell shepard,NYG,WR,2,8,3,25,0,0,1,72,13,-3.316081190753762,0.375,3.125,8.333333333333334,0,9,4.333333333333333,NA,NA,NA,NA,NA,NA,NA,NA,NA,NA,NA,NA,NA,NA,NA
2019,Ryan Grant,ryan grant,LV,WR,2,9,4,14,0,0,1,35,5,-8.120011132501531,0.4444444444444444,1.5555555555555556,3.5,0,3.888888888888889,1.25,NA,NA,NA,NA,NA,NA,NA,NA,NA,NA,NA,NA,NA,NA,NA
2019,Ryan Switzer,ryan switzer,PIT,WR,9,11,8,27,0,0,2,17,17,-3.9815152431838214,0.7272727272727273,2.4545454545454546,3.375,0,1.5454545454545454,2.125,NA,NA,NA,NA,NA,NA,NA,NA,NA,NA,NA,NA,NA,NA,NA
2019,Sammy Watkins,sammy watkins,KC,WR,13,90,52,673,3,2,30,854,297,18.266603643066034,0.5777777777777777,7.477777777777778,12.942307692307692,0.03333333333333333,9.488888888888889,5.711538461538462,90,52,673,3,57.77777777777777,5.341710526315789,2.8675841172716185,9.64811111111111,5.880769230769231,5.333175800240331,0.5475934305289005,18.50562097074964,7.477777777777778,12.942307692307692,0.03333333333333333
2019,Seth Roberts,seth roberts,BAL,WR,14,35,21,271,2,0,18,330,70,14.65364791775016,0.6,7.742857142857143,12.904761904761905,0.05714285714285714,9.428571428571429,3.3333333333333335,NA,NA,NA,NA,NA,NA,NA,NA,NA,NA,NA,NA,NA,NA,NA
2019,Spencer Schnell,spencer schnell,TB,WR,1,0,0,0,0,0,0,0,0,NA,NA,NA,NA,NA,NA,NA,NA,NA,NA,NA,NA,NA,NA,NA,NA,NA,NA,NA,NA,NA,NA
2019,Stanley Morgan,stanley morgan,CIN,WR,7,10,3,18,0,0,0,66,10,-11.468316034784609,0.3,1.8,6,0,6.6,3.3333333333333335,NA,NA,NA,NA,NA,NA,NA,NA,NA,NA,NA,NA,NA,NA,NA
2019,Stefon Diggs,stefon diggs,MIN,WR,15,94,63,1130,6,3,41,1399,302,45.604219466150305,0.6702127659574468,12.02127659574468,17.936507936507937,0.06382978723404255,14.882978723404255,4.7936507936507935,94,63,1126,6,67.02127659574468,4.621182795698925,2.504979811260199,14.897978723404256,5.098571428571429,4.229065313174703,0.8695061153967254,39.780306559556415,11.97872340425532,17.873015873015873,0.06382978723404255
2019,Sterling Shepard,sterling shepard,NYG,WR,10,83,57,576,3,0,29,822,179,7.504501938508465,0.6867469879518072,6.9397590361445785,10.105263157894736,0.03614457831325301,9.903614457831326,3.1403508771929824,83,57,576,3,68.67469879518072,5.7105000000000015,3.1299462146954156,9.937951807228917,3.318947368421053,3.1776196778778134,0.14132769054323946,16.905643207614457,6.9397590361445785,10.105263157894736,0.03614457831325301
2019,Steven Mitchell,steven mitchell,HOU,WR,2,6,2,37,0,0,2,101,14,1.290878518630052,0.3333333333333333,6.166666666666667,18.5,0,16.833333333333332,7,NA,NA,NA,NA,NA,NA,NA,NA,NA,NA,NA,NA,NA,NA,NA
2019,T.Y. Hilton,t y hilton,IND,WR,10,68,45,501,5,0,24,697,213,22.32530835185154,0.6617647058823529,7.367647058823529,11.133333333333333,0.07352941176470588,10.25,4.733333333333333,68,45,501,5,66.17647058823529,6.085373134328359,3.009626716111791,10.197058823529412,4.8020000000000005,3.940120009400776,0.8618799905992245,17.612932068033572,7.367647058823529,11.133333333333333,0.07352941176470588
2019,Tajae Sharpe,tajae sharpe,TEN,WR,13,35,25,329,4,0,20,498,58,28.748569521529134,0.7142857142857143,9.4,13.16,0.11428571428571428,14.228571428571428,2.32,NA,NA,NA,NA,NA,NA,NA,NA,NA,NA,NA,NA,NA,NA,NA
2019,Tavon Austin,tavon austin,DAL,WR,14,24,13,177,1,0,8,299,85,4.456576896107697,0.5416666666666666,7.375,13.615384615384615,0.041666666666666664,12.458333333333334,6.538461538461538,NA,NA,NA,NA,NA,NA,NA,NA,NA,NA,NA,NA,NA,NA,NA
2019,Taylor Gabriel,taylor gabriel,CHI,WR,9,48,29,353,4,0,17,556,79,13.536392647598404,0.6041666666666666,7.354166666666667,12.172413793103448,0.08333333333333333,11.583333333333334,2.7241379310344827,48,29,353,4,60.416666666666664,5.960425531914894,3.1487192281906142,11.549583333333333,2.910344827586207,3.2099165302442487,-0.2995717026580418,12.477942235666955,7.354166666666667,12.172413793103448,0.08333333333333333
2019,Taywan Taylor,taywan taylor,CLE,WR,2,1,0,0,0,0,0,33,0,-0.5335959969088435,0,0,NA,0,33,NA,NA,NA,NA,NA,NA,NA,NA,NA,NA,NA,NA,NA,NA,NA,NA
2019,Terry McLaurin,terry mclaurin,WAS,WR,14,93,58,919,7,0,43,1304,217,47.47664202802236,0.6236559139784946,9.881720430107526,15.844827586206897,0.07526881720430108,14.021505376344086,3.7413793103448274,93,58,919,7,62.365591397849464,5.231739130434782,2.1118652327080616,14.147096774193546,3.896551724137931,2.634287752902213,1.262263971235718,37.09160415098488,9.881720430107526,15.844827586206897,0.07526881720430108
2019,Tevin Jones,tevin jones,PIT,WR,4,10,4,61,0,0,1,124,11,-10.82306965987307,0.4,6.1,15.25,0,12.4,2.75,NA,NA,NA,NA,NA,NA,NA,NA,NA,NA,NA,NA,NA,NA,NA
2019,Tim Patrick,tim patrick,DEN,WR,8,31,16,218,0,0,14,315,38,7.0338983384135645,0.5161290322580645,7.032258064516129,13.625,0,10.161290322580646,2.375,NA,NA,NA,NA,NA,NA,NA,NA,NA,NA,NA,NA,NA,NA,NA
2019,Tony Brown,tony brown,GB,DB,5,0,0,0,0,0,0,0,0,NA,NA,NA,NA,NA,NA,NA,NA,NA,NA,NA,NA,NA,NA,NA,NA,NA,NA,NA,NA,NA,NA
2019,Travis Benjamin,travis benjamin,LAC,WR,5,16,6,30,0,0,3,207,19,-7.920708825637121,0.375,1.875,5,0,12.9375,3.1666666666666665,NA,NA,NA,NA,NA,NA,NA,NA,NA,NA,NA,NA,NA,NA,NA
2019,Travis Fulgham,travis fulgham,DET,WR,2,3,0,0,0,0,0,66,0,-2.6458554891869426,0,0,NA,0,22,NA,NA,NA,NA,NA,NA,NA,NA,NA,NA,NA,NA,NA,NA,NA,NA
2019,Tre'Quan Smith,tre quan smith,NO,WR,10,25,18,234,5,0,17,222,115,15.477235858517933,0.72,9.36,13,0.2,8.88,6.388888888888889,NA,NA,NA,NA,NA,NA,NA,NA,NA,NA,NA,NA,NA,NA,NA
2019,Trent Sherfield,trent sherfield,ARI,WR,10,13,4,80,0,0,4,207,10,-0.25900706547475005,0.3076923076923077,6.153846153846154,20,0,15.923076923076923,2.5,NA,NA,NA,NA,NA,NA,NA,NA,NA,NA,NA,NA,NA,NA,NA
2019,Trevor Davis,trevor davis,MIA,WR,14,11,8,111,0,1,4,100,65,-1.1704695301596075,0.7272727272727273,10.090909090909092,13.875,0,9.090909090909092,8.125,NA,NA,NA,NA,NA,NA,NA,NA,NA,NA,NA,NA,NA,NA,NA
2019,Trey Quinn,trey quinn,WAS,WR,12,47,26,198,1,1,10,324,61,-19.505337472477947,0.5531914893617021,4.212765957446808,7.615384615384615,0.02127659574468085,6.8936170212765955,2.3461538461538463,47,26,198,1,55.319148936170215,6.552051282051282,2.5924802946709313,7.102553191489362,2.5376923076923075,3.0662638027348246,-0.5285714950425171,9.411041664904667,4.212765957446808,7.615384615384615,0.02127659574468085
2019,Ty Montgomery,ty montgomery,NYJ,WR,15,17,13,90,0,0,3,23,94,-4.40978340228321,0.7647058823529411,5.294117647058823,6.923076923076923,0,1.3529411764705883,7.230769230769231,NA,NA,NA,NA,NA,NA,NA,NA,NA,NA,NA,NA,NA,NA,NA
2019,Tyler Boyd,tyler boyd,CIN,WR,16,148,90,1046,5,2,51,1377,348,8.115524891119065,0.6081081081081081,7.0675675675675675,11.622222222222222,0.033783783783783786,9.304054054054054,3.8666666666666667,148,90,1046,5,60.810810810810814,5.473178294573643,2.642543885694602,9.160878378378378,4.157888888888888,3.7704221637407316,0.38746672514815605,28.45590395835958,7.0675675675675675,11.622222222222222,0.033783783783783786
2019,Tyler Lockett,tyler lockett,SEA,WR,16,110,82,1057,8,1,53,1371,301,56.17775046031695,0.7454545454545455,9.60909090909091,12.890243902439025,0.07272727272727272,12.463636363636363,3.6707317073170733,110,82,1057,8,74.54545454545455,6.265555555555554,3.2361316140388188,12.818818181818182,3.9879268292682934,4.674543333056885,-0.6866165037885916,30.08970983009761,9.60909090909091,12.890243902439025,0.07272727272727272
2019,Tyreek Hill,tyreek hill,KC,WR,12,89,58,860,7,0,39,1144,280,50.06710867684786,0.651685393258427,9.662921348314606,14.827586206896552,0.07865168539325842,12.853932584269662,4.827586206896552,89,58,860,7,65.1685393258427,5.869250000000001,3.2090238021939355,12.578876404494384,4.874655172413793,4.183096277586152,0.691558894827641,23.85891629815121,9.662921348314606,14.827586206896552,0.07865168539325842
2019,Tyrell Williams,tyrell williams,LV,WR,13,64,42,651,6,0,33,870,190,28.849046739292316,0.65625,10.171875,15.5,0.09375,13.59375,4.523809523809524,64,42,651,6,65.625,4.960862068965517,2.619734890048775,13.48765625,5.038809523809523,4.511714970406716,0.5270945534028071,26.568809711415337,10.171875,15.5,0.09375
2019,Ventell Bryant,ventell bryant,DAL,WR,7,1,1,15,1,0,1,15,0,2.007214820536319,1,15,15,1,15,0,NA,NA,NA,NA,NA,NA,NA,NA,NA,NA,NA,NA,NA,NA,NA
2019,Vyncint Smith,vyncint smith,NYJ,WR,13,31,17,225,0,0,11,373,105,-3.259753139980603,0.5483870967741935,7.258064516129032,13.235294117647058,0,12.03225806451613,6.176470588235294,NA,NA,NA,NA,NA,NA,NA,NA,NA,NA,NA,NA,NA,NA,NA
2019,Will Fuller,will fuller,HOU,WR,11,71,49,670,3,1,26,1011,219,26.955851422365374,0.6901408450704225,9.43661971830986,13.673469387755102,0.04225352112676056,14.23943661971831,4.469387755102041,71,49,670,3,69.01408450704226,5.538142857142857,2.9712240800902014,14.035070422535211,4.849591836734694,4.659799977701361,0.18979185903333295,21.932403938848363,9.43661971830986,13.673469387755102,0.04225352112676056
2019,Willie Snead,willie snead,BAL,WR,16,46,31,339,5,0,20,409,126,14.616783879212315,0.6739130434782609,7.369565217391305,10.935483870967742,0.10869565217391304,8.891304347826088,4.064516129032258,46,31,339,5,67.3913043478261,5.5253658536585375,3.009347813534393,8.539782608695653,4.741612903225808,2.604988075046668,2.13662482817914,10.717920314746658,7.369565217391305,10.935483870967742,0.10869565217391304
2019,Zach Pascal,zach pascal,IND,WR,16,72,41,607,5,0,29,810,239,20.31916379597896,0.5694444444444444,8.430555555555555,14.804878048780488,0.06944444444444445,11.25,5.829268292682927,72,41,607,5,56.94444444444444,5.731805555555556,2.8249325736716018,11.546666666666667,5.864634146341463,5.309552979763969,0.5550811665774944,21.117229887626753,8.430555555555555,14.804878048780488,0.06944444444444445
2019,Zay Jones,zay jones,LV,WR,14,45,27,216,0,0,10,484,77,-15.21688171878769,0.6,4.8,8,0,10.755555555555556,2.8518518518518516,45,27,216,0,60,5.869318181818182,3.04590044900358,11.19822222222222,2.85925925925926,3.101579366544691,-0.24232010728543107,11.18192146559682,4.8,8,0
2020,A.J. Brown,a j brown,TEN,WR,14,106,70,1075,11,2,55,1150,432,65.5729433268161,0.660377358490566,10.141509433962264,15.357142857142858,0.10377358490566038,10.849056603773585,6.171428571428572,106,70,1075,11,66.0377358490566,5.445809523809524,2.404694913284214,11.32141509433962,6.162714285714285,3.6550776018996656,2.50763668381462,30.603881365873555,10.141509433962264,15.357142857142858,0.10377358490566038
2020,A.J. Green,a j green,CIN,WR,16,104,47,523,2,0,34,1427,86,-15.264712276453274,0.4519230769230769,5.028846153846154,11.127659574468085,0.019230769230769232,13.721153846153847,1.8297872340425532,104,47,523,2,45.19230769230769,5.259117647058823,1.7240434676516958,13.900384615384619,2.1051063829787235,1.9204500134740294,0.1846563695046941,30.328663318354053,5.028846153846154,11.127659574468085,0.019230769230769232
2020,Adam Humphries,adam humphries,TEN,WR,7,35,23,228,2,0,11,335,45,5.427032957863096,0.6571428571428571,6.514285714285714,9.91304347826087,0.05714285714285714,9.571428571428571,1.9565217391304348,NA,NA,NA,NA,NA,NA,NA,NA,NA,NA,NA,NA,NA,NA,NA
2020,Adam Thielen,adam thielen,MIN,WR,15,108,74,925,14,0,52,1239,243,46.13811530578091,0.6851851851851852,8.564814814814815,12.5,0.12962962962962962,11.472222222222221,3.2837837837837838,108,74,925,14,68.51851851851852,6.159423076923077,2.668449227231602,12.134722222222221,3.210000000000001,2.938530965514927,0.27146903448507365,32.469092981195644,8.564814814814815,12.5,0.12962962962962962
2020,Alex Erickson,alex erickson,CIN,WR,16,17,12,139,0,0,5,122,67,2.6832760619713047,0.7058823529411765,8.176470588235293,11.583333333333334,0,7.176470588235294,5.583333333333333,NA,NA,NA,NA,NA,NA,NA,NA,NA,NA,NA,NA,NA,NA,NA
2020,Allen Lazard,allen lazard,GB,WR,10,46,33,451,3,0,23,458,195,38.19180166986189,0.717391304347826,9.804347826086957,13.666666666666666,0.06521739130434782,9.956521739130435,5.909090909090909,46,33,451,3,71.73913043478261,6.223333333333334,3.6916468716401,10.180652173913042,6.091818181818182,6.452034026250855,-0.3602158444326733,11.575385467182766,9.804347826086957,13.666666666666666,0.06521739130434782
2020,Allen Robinson,allen robinson,CHI,WR,16,151,102,1250,6,0,68,1450,319,35.1943996496704,0.6754966887417219,8.278145695364238,12.254901960784315,0.039735099337748346,9.602649006622517,3.127450980392157,151,102,1250,6,67.54966887417218,5.600753424657534,2.3076742021028633,9.500066225165561,3.6412745098039214,3.274145068721575,0.36712944108234646,30.49573020236098,8.278145695364238,12.254901960784315,0.039735099337748346
2020,Alshon Jeffery,alshon jeffery,PHI,WR,7,13,6,115,1,0,5,188,25,4.1628675240208395,0.46153846153846156,8.846153846153847,19.166666666666668,0.07692307692307693,14.461538461538462,4.166666666666667,NA,NA,NA,NA,NA,NA,NA,NA,NA,NA,NA,NA,NA,NA,NA
2020,Amari Cooper,amari cooper,DAL,WR,16,130,92,1114,5,0,54,1145,413,38.77717453875379,0.7076923076923077,8.569230769230769,12.108695652173912,0.038461538461538464,8.807692307692308,4.489130434782608,130,92,1114,5,70.76923076923077,6.5578125,2.5315409526690544,9.109692307692308,4.61,3.6869751400640007,0.9230248599359996,25.37714501225721,8.569230769230769,12.108695652173912,0.038461538461538464
2020,Andre Roberts,andre roberts,BUF,WR,15,5,4,34,0,0,2,48,5,-1.6239815693115816,0.8,6.8,8.5,0,9.6,1.25,NA,NA,NA,NA,NA,NA,NA,NA,NA,NA,NA,NA,NA,NA,NA
2020,Andy Isabella,andy isabella,ARI,WR,11,35,21,224,2,0,10,394,82,-13.553059875064347,0.6,6.4,10.666666666666666,0.05714285714285714,11.257142857142858,3.9047619047619047,NA,NA,NA,NA,NA,NA,NA,NA,NA,NA,NA,NA,NA,NA,NA
2020,Anthony Miller,anthony miller,CHI,WR,16,76,49,485,2,1,23,735,148,3.230421506153111,0.6447368421052632,6.381578947368421,9.89795918367347,0.02631578947368421,9.671052631578947,3.020408163265306,76,49,485,2,64.47368421052632,5.506617647058824,2.956582269264672,9.625263157894736,3.1724489795918367,3.8249407224708234,-0.6524917428789867,15.551119586221853,6.381578947368421,9.89795918367347,0.02631578947368421
2020,Antonio Brown,antonio brown,TB,WR,8,62,45,483,4,0,27,549,251,24.550108062686895,0.7258064516129032,7.790322580645161,10.733333333333333,0.06451612903225806,8.85483870967742,5.5777777777777775,62,45,483,4,72.58064516129032,6.250163934426229,3.2126297136176634,8.760483870967741,5.747777777777777,5.274193670261415,0.4735841075163627,9.697981484291995,7.790322580645161,10.733333333333333,0.06451612903225806
2020,Antonio Callaway,antonio callaway,MIA,WR,4,4,2,20,0,0,1,28,3,0.8983612400479615,0.5,5,10,0,7,1.5,NA,NA,NA,NA,NA,NA,NA,NA,NA,NA,NA,NA,NA,NA,NA
2020,Antonio Gandy-Golden,antonio gandy golden,WAS,WR,4,7,1,3,0,0,0,79,1,-6.3122500904719345,0.14285714285714285,0.42857142857142855,3,0,11.285714285714286,1,NA,NA,NA,NA,NA,NA,NA,NA,NA,NA,NA,NA,NA,NA,NA
2020,Ashton Dulin,ashton dulin,IND,WR,10,6,3,53,0,1,2,31,28,1.8435714414226823,0.5,8.833333333333334,17.666666666666668,0,5.166666666666667,9.333333333333334,NA,NA,NA,NA,NA,NA,NA,NA,NA,NA,NA,NA,NA,NA,NA
2020,Auden Tate,auden tate,CIN,WR,8,22,14,150,0,0,9,207,58,2.484761249696892,0.6363636363636364,6.818181818181818,10.714285714285714,0,9.409090909090908,4.142857142857143,NA,NA,NA,NA,NA,NA,NA,NA,NA,NA,NA,NA,NA,NA,NA
2020,Austin Carr,austin carr,NO,WR,5,4,3,27,1,0,3,32,11,2.6246782994130626,0.75,6.75,9,0.25,8,3.6666666666666665,NA,NA,NA,NA,NA,NA,NA,NA,NA,NA,NA,NA,NA,NA,NA
2020,Austin Mack,austin mack,NYG,WR,5,11,7,91,0,0,5,91,37,4.9344875540839155,0.6363636363636364,8.272727272727273,13,0,8.272727272727273,5.285714285714286,NA,NA,NA,NA,NA,NA,NA,NA,NA,NA,NA,NA,NA,NA,NA
2020,Bennie Fowler,bennie fowler,NO,WR,2,6,2,11,0,0,1,47,1,-8.02471927148872,0.3333333333333333,1.8333333333333333,5.5,0,7.833333333333333,0.5,NA,NA,NA,NA,NA,NA,NA,NA,NA,NA,NA,NA,NA,NA,NA
2020,Brandin Cooks,brandin cooks,HOU,WR,15,119,81,1150,6,0,51,1408,345,48.26113919501093,0.680672268907563,9.663865546218487,14.197530864197532,0.05042016806722689,11.831932773109244,4.2592592592592595,119,81,1143,6,68.0672268907563,6.692454545454546,2.982509150031544,12.027563025210084,4.318518518518519,3.6840213758180864,0.6344971427004324,30.350092241141684,9.605042016806722,14.11111111111111,0.05042016806722689
2020,Brandon Aiyuk,brandon aiyuk,SF,WR,12,96,60,748,5,0,43,902,289,24.30090025831074,0.625,7.791666666666667,12.466666666666667,0.052083333333333336,9.395833333333334,4.816666666666666,96,60,748,5,62.5,5.548461538461539,2.7800341384372405,9.6671875,4.882500000000003,4.0730405189695285,0.8094594810304745,24.621478429510223,7.791666666666667,12.466666666666667,0.052083333333333336
2020,Brandon Jones,brandon jones,MIA,SAF,16,0,0,0,0,0,0,0,0,NA,NA,NA,NA,NA,NA,NA,NA,NA,NA,NA,NA,NA,NA,NA,NA,NA,NA,NA,NA,NA,NA
2020,Brandon Powell,brandon powell,ATL,WR,15,18,12,69,2,1,5,83,34,-4.475280727320845,0.6666666666666666,3.8333333333333335,5.75,0.1111111111111111,4.611111111111111,2.8333333333333335,NA,NA,NA,NA,NA,NA,NA,NA,NA,NA,NA,NA,NA,NA,NA
2020,Brandon Zylstra,brandon zylstra,CAR,WR,5,4,3,35,0,0,3,55,15,5.771752778324299,0.75,8.75,11.666666666666666,0,13.75,5,NA,NA,NA,NA,NA,NA,NA,NA,NA,NA,NA,NA,NA,NA,NA
2020,Braxton Berrios,braxton berrios,NYJ,WR,16,55,37,394,3,0,19,416,216,4.318439460412354,0.6727272727272727,7.163636363636364,10.64864864864865,0.05454545454545454,7.5636363636363635,5.837837837837838,55,37,394,3,67.27272727272727,7.141666666666667,3.42324568054728,7.707999999999999,6.172702702702702,5.614923542776559,0.5577791599261435,10.42884870371236,7.163636363636364,10.64864864864865,0.05454545454545454
2020,Breshad Perriman,breshad perriman,NYJ,WR,12,60,30,505,3,0,20,906,160,0.9599217566556779,0.5,8.416666666666666,16.833333333333332,0.05,15.1,5.333333333333333,60,30,505,3,50,5.930833333333333,2.620778233718892,15.574000000000003,5.662000000000001,4.733315451109865,0.9286845488901356,22.987058033441006,8.416666666666666,16.833333333333332,0.05
2020,Bryan Edwards,bryan edwards,LV,WR,9,15,11,193,1,0,9,127,80,11.832363059701432,0.7333333333333333,12.866666666666667,17.545454545454547,0.06666666666666667,8.466666666666667,7.2727272727272725,NA,NA,NA,NA,NA,NA,NA,NA,NA,NA,NA,NA,NA,NA,NA
2020,Byron Pringle,byron pringle,KC,WR,7,17,13,160,1,0,9,173,68,15.089731177809881,0.7647058823529411,9.411764705882353,12.307692307692308,0.058823529411764705,10.176470588235293,5.230769230769231,NA,NA,NA,NA,NA,NA,NA,NA,NA,NA,NA,NA,NA,NA,NA
2020,C.J. Board,c j board,NYG,WR,11,16,11,101,0,0,6,160,33,2.3401165840914473,0.6875,6.3125,9.181818181818182,0,10,3,NA,NA,NA,NA,NA,NA,NA,NA,NA,NA,NA,NA,NA,NA,NA
2020,Calvin Ridley,calvin ridley,ATL,WR,15,143,90,1374,9,1,65,2052,275,50.08249604699734,0.6293706293706294,9.608391608391608,15.266666666666667,0.06293706293706294,14.34965034965035,3.0555555555555554,143,90,1374,9,62.93706293706294,6.086571428571428,2.9264692495979574,14.883986013986013,3.0712222222222225,3.0458284758441447,0.025393746378077786,38.893893848163955,9.608391608391608,15.266666666666667,0.06293706293706294
2020,Cam Sims,cam sims,WAS,WR,13,48,32,477,1,0,18,523,249,19.660104081075612,0.6666666666666666,9.9375,14.90625,0.020833333333333332,10.895833333333334,7.78125,48,32,477,1,66.66666666666666,6.951458333333332,3.5246586529186494,10.934166666666668,8.1090625,6.475281805924173,1.6337806940758277,14.561011202911983,9.9375,14.90625,0.020833333333333332
2020,Cameron Batson,cameron batson,TEN,WR,10,13,12,100,1,0,7,80,43,10.975554894503016,0.9230769230769231,7.6923076923076925,8.333333333333334,0.07692307692307693,6.153846153846154,3.5833333333333335,NA,NA,NA,NA,NA,NA,NA,NA,NA,NA,NA,NA,NA,NA,NA
2020,CeeDee Lamb,ceedee lamb,DAL,WR,16,111,74,935,5,1,46,1031,311,16.42462300020956,0.6666666666666666,8.423423423423424,12.635135135135135,0.04504504504504504,9.288288288288289,4.202702702702703,111,74,935,5,66.66666666666666,5.873218390804598,3.015356082812003,9.376486486486488,4.560945945945946,4.635239299785805,-0.07429335383985958,22.302770301544577,8.423423423423424,12.635135135135135,0.04504504504504504
2020,Chad Beebe,chad beebe,MIN,WR,12,30,20,201,2,0,12,181,73,6.102052922127768,0.6666666666666666,6.7,10.05,0.06666666666666667,6.033333333333333,3.65,NA,NA,NA,NA,NA,NA,NA,NA,NA,NA,NA,NA,NA,NA,NA
2020,Chad Hansen,chad hansen,HOU,WR,5,24,17,236,1,0,12,290,39,10.101060331299953,0.7083333333333334,9.833333333333334,13.882352941176471,0.041666666666666664,12.083333333333334,2.2941176470588234,NA,NA,NA,NA,NA,NA,NA,NA,NA,NA,NA,NA,NA,NA,NA
2020,Chandler Jones,chandler jones,ARI,DE,5,0,0,0,0,0,0,0,0,NA,NA,NA,NA,NA,NA,NA,NA,NA,NA,NA,NA,NA,NA,NA,NA,NA,NA,NA,NA,NA,NA
2020,Chase Claypool,chase claypool,PIT,WR,16,109,62,873,9,3,40,1438,329,44.061786396743784,0.5688073394495413,8.009174311926605,14.080645161290322,0.08256880733944955,13.192660550458715,5.306451612903226,109,62,859,9,56.88073394495413,5.712242990654206,2.513778395444474,13.304311926605509,5.209354838709678,3.4436767496496183,1.7656780890600596,30.556269622200226,7.8807339449541285,13.85483870967742,0.08256880733944955
2020,Chris Conley,chris conley,JAX,WR,14,63,40,471,2,1,24,652,180,12.111614303506483,0.6349206349206349,7.476190476190476,11.775,0.031746031746031744,10.34920634920635,4.5,63,40,471,2,63.49206349206349,5.675862068965516,2.7858465805720543,10.820317460317462,4.70325,3.51405394956612,1.1891960504338797,14.164985256928414,7.476190476190476,11.775,0.031746031746031744
2020,Chris Godwin,chris godwin,TB,WR,NA,NA,NA,NA,NA,NA,NA,NA,NA,NA,NA,NA,NA,NA,NA,NA,84,65,840,7,77.38095238095238,6.4354545454545455,2.953453672044493,9.795238095238094,4.811692307692309,3.738555946474669,1.0731363612176397,14.691151919866433,10,12.923076923076923,0.08333333333333333
2020,Chris Hogan,chris hogan,NYJ,WR,5,26,14,118,0,0,6,259,40,-6.594691073513939,0.5384615384615384,4.538461538461538,8.428571428571429,0,9.961538461538462,2.857142857142857,NA,NA,NA,NA,NA,NA,NA,NA,NA,NA,NA,NA,NA,NA,NA
2020,Chris Moore,chris moore,BAL,WR,2,0,0,0,0,0,0,0,0,NA,NA,NA,NA,NA,NA,NA,NA,NA,NA,NA,NA,NA,NA,NA,NA,NA,NA,NA,NA,NA,NA
2020,Chris Rowland,chris rowland,ATL,WR,2,0,0,0,0,0,0,0,0,NA,NA,NA,NA,NA,NA,NA,NA,NA,NA,NA,NA,NA,NA,NA,NA,NA,NA,NA,NA,NA,NA
2020,Chris Thompson,chris thompson,JAX,RB,6,23,20,146,1,0,5,64,107,-0.5434789085836969,0.8695652173913043,6.3478260869565215,7.3,0.043478260869565216,2.782608695652174,5.35,NA,NA,NA,NA,NA,NA,NA,NA,NA,NA,NA,NA,NA,NA,NA
2020,Christian Blake,christian blake,ATL,WR,10,18,13,141,0,0,6,173,26,1.3524434753030015,0.7222222222222222,7.833333333333333,10.846153846153847,0,9.61111111111111,2,NA,NA,NA,NA,NA,NA,NA,NA,NA,NA,NA,NA,NA,NA,NA
2020,Christian Kirk,christian kirk,ARI,WR,14,79,48,621,6,0,30,935,175,11.20278127851201,0.6075949367088608,7.860759493670886,12.9375,0.0759493670886076,11.835443037974683,3.6458333333333335,79,48,621,6,60.75949367088608,6.191351351351351,3.45400726743457,11.974177215189872,3.901875000000001,4.290852385527763,-0.38897738552776184,21.894485411545784,7.860759493670886,12.9375,0.0759493670886076
2020,Cody Hollister,cody hollister,TEN,WR,1,1,1,12,0,0,1,10,2,1.6473786304704845,1,12,12,0,10,2,NA,NA,NA,NA,NA,NA,NA,NA,NA,NA,NA,NA,NA,NA,NA
2020,Cole Beasley,cole beasley,BUF,WR,15,107,82,967,4,0,53,832,355,59.43579756924594,0.7663551401869159,9.037383177570094,11.792682926829269,0.037383177570093455,7.775700934579439,4.329268292682927,107,82,967,4,76.63551401869158,6.186881720430107,3.51071433150835,7.87411214953271,4.452804878048781,4.701335437662576,-0.248530559613795,16.62155497247923,9.037383177570094,11.792682926829269,0.037383177570093455
2020,Collin Johnson,collin johnson,JAX,WR,11,31,18,272,2,0,12,375,65,11.161504588905023,0.5806451612903226,8.774193548387096,15.11111111111111,0.06451612903225806,12.096774193548388,3.611111111111111,NA,NA,NA,NA,NA,NA,NA,NA,NA,NA,NA,NA,NA,NA,NA
2020,Cooper Kupp,cooper kupp,LA,WR,15,124,92,974,3,0,45,782,525,28.34769537814477,0.7419354838709677,7.854838709677419,10.58695652173913,0.024193548387096774,6.306451612903226,5.706521739130435,124,92,974,3,74.19354838709677,6.346637931034483,3.2377422670247293,6.328064516129033,5.8128260869565205,4.428676558776318,1.3841495281802025,20.567312682494673,7.854838709677419,10.58695652173913,0.024193548387096774
2020,Corey Davis,corey davis,TEN,WR,14,92,65,984,5,1,49,1080,291,55.97207082288508,0.7065217391304348,10.695652173913043,15.138461538461538,0.05434782608695652,11.73913043478261,4.476923076923077,92,65,984,5,70.65217391304348,6.779999999999999,2.4113056853050225,12.291956521739133,4.483076923076924,4.009703099208185,0.47337382386873905,28.838905465024357,10.695652173913043,15.138461538461538,0.05434782608695652
2020,Courtland Sutton,courtland sutton,DEN,WR,1,6,3,66,0,0,2,106,7,-4.61644256112127,0.5,11,22,0,17.666666666666668,2.3333333333333335,NA,NA,NA,NA,NA,NA,NA,NA,NA,NA,NA,NA,NA,NA,NA
2020,Curtis Samuel,curtis samuel,CAR,WR,15,97,77,851,3,1,39,711,320,37.836861780344236,0.7938144329896907,8.77319587628866,11.051948051948052,0.030927835051546393,7.329896907216495,4.1558441558441555,97,77,851,3,79.38144329896907,6.805316455696203,3.473624456270824,7.058041237113401,4.562987012987013,4.752918988072676,-0.1899319750856634,17.1250403343814,8.77319587628866,11.051948051948052,0.030927835051546393
2020,Cyril Grayson,cyril grayson,TB,WR,2,3,0,0,0,0,0,71,0,-3.0834270485211164,0,0,NA,0,23.666666666666668,NA,NA,NA,NA,NA,NA,NA,NA,NA,NA,NA,NA,NA,NA,NA,NA
2020,D.J. Moore,d j moore,CAR,WR,NA,NA,NA,NA,NA,NA,NA,NA,NA,NA,NA,NA,NA,NA,NA,NA,118,66,1193,4,55.932203389830505,6.029230769230769,2.510260779717669,13.407881355932204,6.09621212121212,4.254826102503714,1.8413860187084055,39.574719285212225,10.110169491525424,18.075757575757574,0.03389830508474576
2020,DJ Chark,dj chark,JAX,WR,13,93,53,706,5,0,37,1300,165,9.889873072498416,0.5698924731182796,7.591397849462366,13.320754716981131,0.053763440860215055,13.978494623655914,3.1132075471698113,NA,NA,NA,NA,NA,NA,NA,NA,NA,NA,NA,NA,NA,NA,NA
2020,DaeSean Hamilton,daesean hamilton,DEN,WR,12,44,23,293,2,1,16,591,95,-8.628780534589879,0.5227272727272727,6.659090909090909,12.73913043478261,0.045454545454545456,13.431818181818182,4.130434782608695,44,23,293,2,52.27272727272727,6.087142857142857,2.8051718209543752,13.82909090909091,3.969130434782609,4.224010739611987,-0.25488030482937774,12.051972745999054,6.659090909090909,12.73913043478261,0.045454545454545456
2020,Damiere Byrd,damiere byrd,NE,WR,15,77,47,604,1,1,30,882,172,16.151309471417342,0.6103896103896104,7.8441558441558445,12.851063829787234,0.012987012987012988,11.454545454545455,3.6595744680851063,77,47,604,1,61.038961038961034,5.806184210526317,2.981461597646663,11.854415584415584,3.493617021276596,4.2802818110909975,-0.7866647898144015,30.98541347717313,7.8441558441558445,12.851063829787234,0.012987012987012988
2020,Damion Ratley,damion ratley,NYG,WR,5,10,4,63,0,1,2,104,10,-3.5606625072019993,0.4,6.3,15.75,0,10.4,2.5,NA,NA,NA,NA,NA,NA,NA,NA,NA,NA,NA,NA,NA,NA,NA
2020,Dan Chisena,dan chisena,MIN,WR,7,0,0,0,0,0,0,0,0,NA,NA,NA,NA,NA,NA,NA,NA,NA,NA,NA,NA,NA,NA,NA,NA,NA,NA,NA,NA,NA,NA
2020,Danny Amendola,danny amendola,DET,WR,14,69,46,602,0,0,30,558,290,12.317427298847228,0.6666666666666666,8.72463768115942,13.08695652173913,0,8.08695652173913,6.304347826086956,69,46,602,0,66.66666666666666,6.6728125,3.4342340432477467,8.304202898550724,6.553260869565217,5.39282229410541,1.160438575459807,11.518752977740073,8.72463768115942,13.08695652173913,0
2020,Dante Pettis,dante pettis,NYG,WR,6,6,4,76,1,0,3,110,6,4.824209358668044,0.6666666666666666,12.666666666666666,19,0.16666666666666666,18.333333333333332,1.5,NA,NA,NA,NA,NA,NA,NA,NA,NA,NA,NA,NA,NA,NA,NA
2020,Darius Slayton,darius slayton,NYG,WR,16,96,50,751,3,1,40,1303,159,16.846943651304876,0.5208333333333334,7.822916666666667,15.02,0.03125,13.572916666666666,3.18,96,50,751,3,52.083333333333336,5.419894736842105,2.3150101130325997,14.059791666666667,3.2064000000000004,2.939752340649394,0.2666476593506064,34.440401524855446,7.822916666666667,15.02,0.03125
2020,Darnell Mooney,darnell mooney,CHI,WR,16,98,61,631,4,1,33,1128,254,11.089569511422168,0.6224489795918368,6.438775510204081,10.344262295081966,0.04081632653061224,11.510204081632653,4.163934426229508,98,61,631,4,62.244897959183675,7.62752808988764,3.219063439899961,11.735408163265308,4.420327868852459,3.913009416524956,0.5073184523275027,24.448922931056114,6.438775510204081,10.344262295081966,0.04081632653061224
2020,Darrius Shepherd,darrius shepherd,GB,WR,8,8,5,46,0,0,1,120,18,0.5665892803226598,0.625,5.75,9.2,0,15,3.6,NA,NA,NA,NA,NA,NA,NA,NA,NA,NA,NA,NA,NA,NA,NA
2020,Daurice Fountain,daurice fountain,IND,WR,2,3,2,23,0,0,2,28,0,0.5846643310505897,0.6666666666666666,7.666666666666667,11.5,0,9.333333333333334,0,NA,NA,NA,NA,NA,NA,NA,NA,NA,NA,NA,NA,NA,NA,NA
2020,Davante Adams,davante adams,GB,WR,14,149,115,1374,18,1,73,1330,597,77.43359819182902,0.7718120805369127,9.221476510067115,11.947826086956521,0.12080536912751678,8.926174496644295,5.191304347826087,149,115,1374,18,77.18120805369128,4.977142857142858,3.166504884077351,9.086912751677854,5.345739130434782,5.196027881215745,0.14971124921903733,33.466065540543894,9.221476510067115,11.947826086956521,0.12080536912751678
2020,David Moore,david moore,SEA,WR,16,47,35,417,6,0,18,416,169,25.611138898638462,0.7446808510638298,8.872340425531915,11.914285714285715,0.1276595744680851,8.851063829787234,4.828571428571428,47,35,417,6,74.46808510638297,6.7175,4.093774476688737,9.26872340425532,5.173428571428572,4.939943265579102,0.23348530584947014,9.43516370701026,8.872340425531915,11.914285714285715,0.1276595744680851
2020,De'Michael Harris,de michael harris,IND,WR,6,10,10,79,0,0,3,16,63,4.228856289701071,1,7.9,7.9,0,1.6,6.3,NA,NA,NA,NA,NA,NA,NA,NA,NA,NA,NA,NA,NA,NA,NA
2020,DeAndre Carter,deandre carter,CHI,WR,13,2,1,8,0,0,0,16,4,1.1507289875298738,0.5,4,8,0,8,4,NA,NA,NA,NA,NA,NA,NA,NA,NA,NA,NA,NA,NA,NA,NA
2020,DeAndre Hopkins,deandre hopkins,ARI,WR,16,160,115,1407,6,3,76,1432,519,52.76243513266094,0.71875,8.79375,12.234782608695653,0.0375,8.95,4.51304347826087,160,115,1407,6,71.875,6.30496855345912,3.142846883761298,8.9670625,4.690782608695652,3.629404293483714,1.0613783152119378,33.2071916936309,8.79375,12.234782608695653,0.0375
2020,DeSean Jackson,desean jackson,PHI,WR,5,26,14,236,1,0,10,432,65,7.337002054729991,0.5384615384615384,9.076923076923077,16.857142857142858,0.038461538461538464,16.615384615384617,4.642857142857143,NA,NA,NA,NA,NA,NA,NA,NA,NA,NA,NA,NA,NA,NA,NA
2020,DeVante Parker,devante parker,MIA,WR,14,103,63,793,4,1,45,1010,173,18.370443866528525,0.6116504854368932,7.699029126213592,12.587301587301587,0.038834951456310676,9.805825242718447,2.746031746031746,103,63,793,4,61.165048543689316,4.826504854368933,1.7382519083106531,10.31504854368932,2.9528571428571424,2.2397456150430957,0.7131115278140467,25.003294706818163,7.699029126213592,12.587301587301587,0.038834951456310676
2020,Dede Westbrook,dede westbrook,JAX,WR,2,1,1,4,0,0,0,4,0,-0.041800702281761914,1,4,4,0,4,0,NA,NA,NA,NA,NA,NA,NA,NA,NA,NA,NA,NA,NA,NA,NA
2020,Deebo Samuel,deebo samuel,SF,WR,NA,NA,NA,NA,NA,NA,NA,NA,NA,NA,NA,NA,NA,NA,NA,NA,44,33,391,1,75,6.914634146341462,4.60005230039468,2.106818181818182,12.269393939393941,7.829263578780611,4.44013036061333,2.459362157659175,8.886363636363637,11.848484848484848,0.022727272727272728
2020,Demarcus Robinson,demarcus robinson,KC,WR,15,59,45,466,3,1,26,525,173,20.569485662534134,0.7627118644067796,7.898305084745763,10.355555555555556,0.05084745762711865,8.898305084745763,3.8444444444444446,59,45,466,3,76.27118644067797,6.608245614035087,4.223176900745077,9.587118644067795,3.8628888888888877,3.6068188052671037,0.25607008362178396,11.274062321862079,7.898305084745763,10.355555555555556,0.05084745762711865
2020,Denzel Mims,denzel mims,NYJ,WR,9,44,23,357,0,0,15,675,106,4.711854636186287,0.5227272727272727,8.113636363636363,15.521739130434783,0,15.340909090909092,4.608695652173913,44,23,357,0,52.27272727272727,4.953255813953489,2.134927897603069,15.111136363636364,4.959130434782607,3.4924579198816197,1.4666725149009876,16.356175908409945,8.113636363636363,15.521739130434783,0
2020,Deontay Burnett,deontay burnett,PHI,WR,1,4,3,19,0,0,1,15,4,-0.3903473241953179,0.75,4.75,6.333333333333333,0,3.75,1.3333333333333333,NA,NA,NA,NA,NA,NA,NA,NA,NA,NA,NA,NA,NA,NA,NA
2020,Deonte Harty,deonte harty,NO,WR,9,25,20,186,1,0,10,101,127,12.096646738180425,0.8,7.44,9.3,0.04,4.04,6.35,NA,NA,NA,NA,NA,NA,NA,NA,NA,NA,NA,NA,NA,NA,NA
2020,Devin Duvernay,devin duvernay,BAL,WR,15,26,20,201,0,0,8,161,118,4.225897641823394,0.7692307692307693,7.730769230769231,10.05,0,6.1923076923076925,5.9,NA,NA,NA,NA,NA,NA,NA,NA,NA,NA,NA,NA,NA,NA,NA
2020,Dez Bryant,dez bryant,BAL,WR,4,11,6,47,2,0,3,52,34,1.4943519641621994,0.5454545454545454,4.2727272727272725,7.833333333333333,0.18181818181818182,4.7272727272727275,5.666666666666667,NA,NA,NA,NA,NA,NA,NA,NA,NA,NA,NA,NA,NA,NA,NA
2020,Diontae Johnson,diontae johnson,PIT,WR,15,144,88,923,7,1,46,1140,394,18.395281626645158,0.6111111111111112,6.409722222222222,10.488636363636363,0.04861111111111111,7.916666666666667,4.4772727272727275,144,88,923,7,61.111111111111114,5.420699300699301,3.16699427028552,8.051388888888887,4.6330681818181825,4.3409898100548245,0.29207837176335794,24.429507574959434,6.409722222222222,10.488636363636363,0.04861111111111111
2020,Diontae Spencer,diontae spencer,DEN,WR,11,6,3,26,0,0,1,33,12,0.7865765070467853,0.5,4.333333333333333,8.666666666666666,0,5.5,4,NA,NA,NA,NA,NA,NA,NA,NA,NA,NA,NA,NA,NA,NA,NA
2020,Donovan Peoples-Jones,donovan peoples jones,CLE,WR,12,20,14,304,2,0,10,344,77,19.96815910770977,0.7,15.2,21.714285714285715,0.1,17.2,5.5,NA,NA,NA,NA,NA,NA,NA,NA,NA,NA,NA,NA,NA,NA,NA
2020,Donte Moncrief,donte moncrief,NE,WR,5,2,1,15,0,0,1,5,14,1.103159950580448,0.5,7.5,15,0,2.5,14,NA,NA,NA,NA,NA,NA,NA,NA,NA,NA,NA,NA,NA,NA,NA
2020,Dontrelle Inman,dontrelle inman,WAS,WR,7,28,18,163,2,1,11,231,44,5.135408563350327,0.6428571428571429,5.821428571428571,9.055555555555555,0.07142857142857142,8.25,2.4444444444444446,NA,NA,NA,NA,NA,NA,NA,NA,NA,NA,NA,NA,NA,NA,NA
2020,Dwayne Harris,dwayne harris,CHI,WR,3,0,0,0,0,0,0,0,0,NA,NA,NA,NA,NA,NA,NA,NA,NA,NA,NA,NA,NA,NA,NA,NA,NA,NA,NA,NA,NA,NA
2020,Emmanuel Sanders,emmanuel sanders,NO,WR,14,82,61,726,5,1,34,723,170,32.73749560655138,0.7439024390243902,8.853658536585366,11.901639344262295,0.06097560975609756,8.817073170731707,2.7868852459016393,82,61,726,5,74.39024390243902,6.559506172839505,3.1250955253671084,9.351829268292683,2.860655737704917,3.3306203287555327,-0.4699645910506156,23.495690592838393,8.853658536585366,11.901639344262295,0.06097560975609756
2020,Equanimeous St. Brown,equanimeous st brown,GB,WR,8,13,7,117,1,0,6,157,59,5.776400765753351,0.5384615384615384,9,16.714285714285715,0.07692307692307693,12.076923076923077,8.428571428571429,NA,NA,NA,NA,NA,NA,NA,NA,NA,NA,NA,NA,NA,NA,NA
2020,Freddie Swain,freddie swain,SEA,WR,13,21,13,159,2,0,6,225,101,4.559376681790892,0.6190476190476191,7.571428571428571,12.23076923076923,0.09523809523809523,10.714285714285714,7.769230769230769,NA,NA,NA,NA,NA,NA,NA,NA,NA,NA,NA,NA,NA,NA,NA
2020,Gabriel Davis,gabriel davis,BUF,WR,NA,NA,NA,NA,NA,NA,NA,NA,NA,NA,NA,NA,NA,NA,NA,NA,62,35,599,7,56.451612903225815,6.266885245901639,3.167483879569995,15.904999999999998,3.9342857142857146,3.7027487231820926,0.23153699110362203,19.454122196137224,9.661290322580646,17.114285714285714,0.11290322580645161
2020,Gehrig Dieter,gehrig dieter,KC,WR,1,2,1,10,0,0,1,15,5,0.053238297696225345,0.5,5,10,0,7.5,5,NA,NA,NA,NA,NA,NA,NA,NA,NA,NA,NA,NA,NA,NA,NA
2020,Golden Tate,golden tate,NYG,WR,12,52,35,388,2,0,19,464,75,13.469360281098071,0.6730769230769231,7.461538461538462,11.085714285714285,0.038461538461538464,8.923076923076923,2.142857142857143,52,35,388,2,67.3076923076923,6.578958333333335,2.1363611776062816,9.095,2.4134285714285713,2.5540160683995183,-0.14058749697094708,12.067689701101795,7.461538461538462,11.085714285714285,0.038461538461538464
2020,Greg Little,greg little,CAR,OT,1,0,0,0,0,0,0,0,0,NA,NA,NA,NA,NA,NA,NA,NA,NA,NA,NA,NA,NA,NA,NA,NA,NA,NA,NA,NA,NA,NA
2020,Greg Ward,greg ward,PHI,WR,16,79,53,419,6,1,25,444,164,14.49471095384639,0.6708860759493671,5.30379746835443,7.90566037735849,0.0759493670886076,5.620253164556962,3.0943396226415096,79,53,419,6,67.08860759493672,5.821,3.5234527034270933,6.059240506329114,3.032830188679246,3.5792203805890046,-0.5463901919097585,9.189938449605856,5.30379746835443,7.90566037735849,0.0759493670886076
2020,Gunner Olszewski,gunner olszewski,NE,WR,13,5,5,62,1,0,3,27,35,6.976626084244344,1,12.4,12.4,0.2,5.4,7,NA,NA,NA,NA,NA,NA,NA,NA,NA,NA,NA,NA,NA,NA,NA
2020,Hakeem Butler,hakeem butler,PHI,TE,1,1,0,0,0,0,0,3,0,-2.6381635736324824,0,0,NA,0,3,NA,NA,NA,NA,NA,NA,NA,NA,NA,NA,NA,NA,NA,NA,NA,NA
2020,Henry Ruggs,henry ruggs,LV,WR,NA,NA,NA,NA,NA,NA,NA,NA,NA,NA,NA,NA,NA,NA,NA,NA,43,26,452,2,60.46511627906976,6.963589743589744,3.3474026702350392,16.91953488372093,5.998076923076924,5.83080015370688,0.16727676937004432,16.758381609407213,10.511627906976743,17.384615384615383,0.046511627906976744
2020,Hunter Renfrow,hunter renfrow,LV,WR,16,77,56,656,2,1,32,547,338,27.794448672879632,0.7272727272727273,8.519480519480519,11.714285714285714,0.025974025974025976,7.103896103896104,6.035714285714286,77,56,656,2,72.72727272727273,6.631029411764706,3.4774215288126977,6.841688311688312,6.495892857142855,5.711911941267915,0.78398091587494,12.1347046425651,8.519480519480519,11.714285714285714,0.025974025974025976
2020,Isaiah Ford,isaiah ford,MIA,WR,9,44,28,276,0,0,18,405,68,4.657289844949446,0.6363636363636364,6.2727272727272725,9.857142857142858,0,9.204545454545455,2.4285714285714284,44,28,276,0,63.63636363636363,5.609210526315789,2.7608451319256404,9.224772727272727,2.876071428571428,2.780870324597042,0.0952011039743863,9.552061074450961,6.2727272727272725,9.857142857142858,0
2020,Isaiah McKenzie,isaiah mckenzie,BUF,WR,15,34,30,282,5,0,17,149,190,21.49181298541686,0.8823529411764706,8.294117647058824,9.4,0.14705882352941177,4.382352941176471,6.333333333333333,NA,NA,NA,NA,NA,NA,NA,NA,NA,NA,NA,NA,NA,NA,NA
2020,Isaiah Wright,isaiah wright,WAS,WR,11,35,27,197,0,0,10,136,143,0.9226537626974105,0.7714285714285715,5.628571428571429,7.296296296296297,0,3.8857142857142857,5.296296296296297,NA,NA,NA,NA,NA,NA,NA,NA,NA,NA,NA,NA,NA,NA,NA
2020,Isaiah Zuber,isaiah zuber,NE,WR,4,2,2,29,0,0,1,-1,30,1.0644603648688644,1,14.5,14.5,0,-0.5,15,NA,NA,NA,NA,NA,NA,NA,NA,NA,NA,NA,NA,NA,NA,NA
2020,J.J. Arcega-Whiteside,j j arcega whiteside,PHI,WR,5,8,4,85,0,0,4,121,11,-1.575963614377426,0.5,10.625,21.25,0,15.125,2.75,NA,NA,NA,NA,NA,NA,NA,NA,NA,NA,NA,NA,NA,NA,NA
2020,Jake Kumerow,jake kumerow,BUF,WR,1,1,1,22,1,0,1,22,0,3.948037074704189,1,22,22,1,22,0,NA,NA,NA,NA,NA,NA,NA,NA,NA,NA,NA,NA,NA,NA,NA
2020,Jakeem Grant,jakeem grant,MIA,WR,14,54,36,373,1,0,22,567,172,6.3093393336996275,0.6666666666666666,6.907407407407407,10.36111111111111,0.018518518518518517,10.5,4.777777777777778,54,36,373,1,66.66666666666666,6.589245283018867,3.1467739735857205,10.117777777777778,4.798888888888889,3.566878881840959,1.2320100070479305,12.857828694072355,6.907407407407407,10.36111111111111,0.018518518518518517
2020,Jakobi Meyers,jakobi meyers,NE,WR,12,81,59,729,0,1,37,826,216,25.61967516175825,0.7283950617283951,9,12.35593220338983,0,10.197530864197532,3.6610169491525424,81,59,729,0,72.8395061728395,6.290133333333334,3.4127916360903354,10.290864197530865,3.8045762711864413,3.8641313807546895,-0.05955510956824828,28.29588542603713,9,12.35593220338983,0
2020,Jaleel Scott,jaleel scott,NYJ,WR,1,1,1,16,0,0,1,13,3,1.1558837895281613,1,16,16,0,13,3,NA,NA,NA,NA,NA,NA,NA,NA,NA,NA,NA,NA,NA,NA,NA
2020,Jalen Guyton,jalen guyton,LAC,WR,16,55,28,511,3,0,18,895,179,8.435678717515177,0.509090909090909,9.290909090909091,18.25,0.05454545454545454,16.272727272727273,6.392857142857143,55,28,511,3,50.90909090909091,6.191090909090909,3.0701127569768443,16.405272727272724,6.755357142857145,4.957030787958173,1.7983263548989719,19.188351182830452,9.290909090909091,18.25,0.05454545454545454
2020,Jalen Reagor,jalen reagor,PHI,WR,11,54,31,396,1,0,19,705,173,3.80148724858878,0.5740740740740741,7.333333333333333,12.774193548387096,0.018518518518518517,13.055555555555555,5.580645161290323,54,31,396,1,57.407407407407405,6.53076923076923,3.281032594239553,13.851481481481482,5.553225806451613,5.470692287826298,0.08253351862531577,14.360094763800845,7.333333333333333,12.774193548387096,0.018518518518518517
2020,Jamal Agnew,jamal agnew,DET,WR,14,20,13,89,0,0,4,97,101,-5.324974207825944,0.65,4.45,6.846153846153846,0,4.85,7.769230769230769,NA,NA,NA,NA,NA,NA,NA,NA,NA,NA,NA,NA,NA,NA,NA
2020,James Proche,james proche,BAL,WR,13,3,1,14,0,0,1,12,8,-11.361122009344399,0.3333333333333333,4.666666666666667,14,0,4,8,NA,NA,NA,NA,NA,NA,NA,NA,NA,NA,NA,NA,NA,NA,NA
2020,James Washington,james washington,PIT,WR,16,56,30,392,5,0,19,699,139,6.91602764633717,0.5357142857142857,7,13.066666666666666,0.08928571428571429,12.482142857142858,4.633333333333334,56,30,392,5,53.57142857142857,5.671454545454545,2.2765616170010192,12.993571428571428,4.607333333333333,3.324876512479745,1.282456820853588,15.331970753703198,7,13.066666666666666,0.08928571428571429
2020,Jamison Crowder,jamison crowder,NYJ,WR,12,89,59,699,6,0,32,673,327,24.324352867736742,0.6629213483146067,7.853932584269663,11.847457627118644,0.06741573033707865,7.561797752808989,5.5423728813559325,89,59,699,6,66.29213483146067,6.0845,3.2318027797125466,7.553595505617977,5.589491525423728,4.298200759258664,1.2912907661650639,16.537722597642848,7.853932584269663,11.847457627118644,0.06741573033707865
2020,Jarvis Landry,jarvis landry,CLE,WR,15,101,72,840,3,1,46,826,347,48.56912168855472,0.7128712871287128,8.316831683168317,11.666666666666666,0.0297029702970297,8.178217821782178,4.819444444444445,101,72,840,3,71.28712871287128,6.269239130434783,3.2089577951429136,8.78980198019802,4.885833333333333,4.1865927124205715,0.6992406209127617,21.146141496715313,8.316831683168317,11.666666666666666,0.0297029702970297
2020,Javon Wims,javon wims,CHI,WR,10,12,6,48,1,0,4,177,4,-1.2713892628124062,0.5,4,8,0.08333333333333333,14.75,0.6666666666666666,NA,NA,NA,NA,NA,NA,NA,NA,NA,NA,NA,NA,NA,NA,NA
2020,Jaydon Mickens,jaydon mickens,TB,WR,10,10,7,58,0,0,6,73,31,4.593217787790051,0.7,5.8,8.285714285714286,0,7.3,4.428571428571429,NA,NA,NA,NA,NA,NA,NA,NA,NA,NA,NA,NA,NA,NA,NA
2020,Jeff Badet,jeff badet,WAS,WR,1,1,0,0,0,0,0,25,0,-0.22888036421500146,0,0,NA,0,25,NA,NA,NA,NA,NA,NA,NA,NA,NA,NA,NA,NA,NA,NA,NA,NA
2020,Jeff Smith,jeff smith,NYJ,WR,9,37,17,167,0,0,9,468,49,-10.767100835695368,0.4594594594594595,4.513513513513513,9.823529411764707,0,12.64864864864865,2.8823529411764706,NA,NA,NA,NA,NA,NA,NA,NA,NA,NA,NA,NA,NA,NA,NA
2020,Jerry Jeudy,jerry jeudy,DEN,WR,16,113,52,856,3,2,39,1529,284,-0.6760956838539612,0.46017699115044247,7.575221238938053,16.46153846153846,0.02654867256637168,13.530973451327434,5.461538461538462,113,52,856,3,46.017699115044245,5.096880733944955,2.6999388325775073,13.915486725663717,5.454999999999998,4.0829796622107315,1.3720203377892668,31.145024560291567,7.575221238938053,16.46153846153846,0.02654867256637168
2020,JoJo Natson,jojo natson,CLE,WR,3,0,0,0,0,0,0,0,0,NA,NA,NA,NA,NA,NA,NA,NA,NA,NA,NA,NA,NA,NA,NA,NA,NA,NA,NA,NA,NA,NA
2020,Joe Reed,joe reed,LAC,WR,10,1,0,0,0,0,0,-9,0,-0.9312107772566378,0,0,NA,0,-9,NA,NA,NA,NA,NA,NA,NA,NA,NA,NA,NA,NA,NA,NA,NA,NA
2020,Joe Walker,joe walker,SF,LB,3,0,0,0,0,0,0,0,0,NA,NA,NA,NA,NA,NA,NA,NA,NA,NA,NA,NA,NA,NA,NA,NA,NA,NA,NA,NA,NA,NA
2020,John Brown,john brown,BUF,WR,9,52,33,458,3,0,22,643,177,27.627609191676296,0.6346153846153846,8.807692307692308,13.878787878787879,0.057692307692307696,12.365384615384615,5.363636363636363,52,33,458,3,63.46153846153846,4.743076923076924,3.26218547868259,12.843846153846156,5.0621212121212125,3.719866683515924,1.3422545286052885,13.176034248061711,8.807692307692308,13.878787878787879,0.057692307692307696
2020,John Hightower,john hightower,PHI,WR,10,29,10,167,0,0,5,655,57,-8.496545789835974,0.3448275862068966,5.758620689655173,16.7,0,22.586206896551722,5.7,NA,NA,NA,NA,NA,NA,NA,NA,NA,NA,NA,NA,NA,NA,NA
2020,John Ross,john ross,CIN,WR,2,7,2,17,0,0,1,84,3,-2.3238688118872233,0.2857142857142857,2.4285714285714284,8.5,0,12,1.5,NA,NA,NA,NA,NA,NA,NA,NA,NA,NA,NA,NA,NA,NA,NA
2020,Josh Malone,josh malone,NYJ,WR,3,6,4,16,0,0,1,17,8,-4.075895040819887,0.6666666666666666,2.6666666666666665,4,0,2.8333333333333335,2,NA,NA,NA,NA,NA,NA,NA,NA,NA,NA,NA,NA,NA,NA,NA
2020,Josh Reynolds,josh reynolds,LA,WR,16,81,52,618,2,1,31,886,225,9.792746040639628,0.6419753086419753,7.62962962962963,11.884615384615385,0.024691358024691357,10.938271604938272,4.326923076923077,81,52,618,2,64.19753086419753,5.343205128205128,2.4674975656596208,10.782716049382715,4.179230769230769,4.101332660837345,0.07789810839342426,22.892759974627676,7.62962962962963,11.884615384615385,0.024691358024691357
2020,JuJu Smith-Schuster,juju smith schuster,PIT,WR,16,128,97,831,9,3,49,703,409,25.034840247974817,0.7578125,6.4921875,8.56701030927835,0.0703125,5.4921875,4.216494845360825,128,97,831,9,75.78125,6.138846153846154,3.0567270458840814,5.827265625,4.38618556701031,4.141888591958335,0.24429697505197545,15.716513200868118,6.4921875,8.56701030927835,0.0703125
2020,Julian Edelman,julian edelman,NE,WR,6,39,21,315,0,0,18,401,64,-0.34573898459212193,0.5384615384615384,8.076923076923077,15,0,10.282051282051283,3.0476190476190474,NA,NA,NA,NA,NA,NA,NA,NA,NA,NA,NA,NA,NA,NA,NA
2020,Julio Jones,julio jones,ATL,WR,9,68,51,771,3,0,36,764,231,53.42866038358502,0.75,11.338235294117647,15.117647058823529,0.04411764705882353,11.235294117647058,4.529411764705882,68,51,771,3,75,6.172769230769231,2.7329357101143965,11.734411764705882,4.7086274509803925,3.284252101176808,1.4243753498035843,14.58130419289702,11.338235294117647,15.117647058823529,0.04411764705882353
2020,Justin Jefferson,justin jefferson,MIN,WR,16,125,88,1400,7,1,58,1430,453,66.18497520993378,0.704,11.2,15.909090909090908,0.056,11.44,5.1477272727272725,125,88,1400,7,70.39999999999999,5.797131147540983,2.6343901965568284,11.500080000000002,5.318977272727273,3.374740373766634,1.944236898960639,35.614547977107755,11.2,15.909090909090908,0.056
2020,Justin Watson,justin watson,TB,WR,7,11,7,94,0,0,5,106,19,-12.898699100071099,0.6363636363636364,8.545454545454545,13.428571428571429,0,9.636363636363637,2.7142857142857144,NA,NA,NA,NA,NA,NA,NA,NA,NA,NA,NA,NA,NA,NA,NA
2020,K.J. Hamler,k j hamler,DEN,WR,NA,NA,NA,NA,NA,NA,NA,NA,NA,NA,NA,NA,NA,NA,NA,NA,56,30,381,3,53.57142857142857,6.141764705882352,3.1892486267052083,11.018392857142857,4.418333333333333,3.5583349030476588,0.8599984302856742,12.221319917604188,6.803571428571429,12.7,0.05357142857142857
2020,K.J. Hill,k j hill,LAC,WR,12,11,7,73,0,0,2,79,18,0.0636240232270211,0.6363636363636364,6.636363636363637,10.428571428571429,0,7.181818181818182,2.5714285714285716,NA,NA,NA,NA,NA,NA,NA,NA,NA,NA,NA,NA,NA,NA,NA
2020,K.J. Osborn,k j osborn,MIN,WR,8,0,0,0,0,0,0,0,0,NA,NA,NA,NA,NA,NA,NA,NA,NA,NA,NA,NA,NA,NA,NA,NA,NA,NA,NA,NA,NA,NA
2020,Kalif Raymond,kalif raymond,TEN,WR,15,15,9,187,0,0,7,263,38,6.811269694606538,0.6,12.466666666666667,20.77777777777778,0,17.533333333333335,4.222222222222222,NA,NA,NA,NA,NA,NA,NA,NA,NA,NA,NA,NA,NA,NA,NA
2020,KeeSean Johnson,keesean johnson,ARI,WR,8,23,15,173,0,0,7,250,50,-2.4878906927187927,0.6521739130434783,7.521739130434782,11.533333333333333,0,10.869565217391305,3.3333333333333335,NA,NA,NA,NA,NA,NA,NA,NA,NA,NA,NA,NA,NA,NA,NA
2020,Keelan Cole,keelan cole,JAX,WR,16,88,55,642,5,0,34,957,174,26.07806036502677,0.625,7.295454545454546,11.672727272727272,0.056818181818181816,10.875,3.1636363636363636,88,55,642,5,62.5,6.579012345679012,3.2609386382485868,11.389204545454545,3.462727272727273,3.1027834240453487,0.3599438486819242,20.826276953638803,7.295454545454546,11.672727272727272,0.056818181818181816
2020,Keenan Allen,keenan allen,LAC,WR,14,147,100,992,8,3,61,1052,437,29.982660581923728,0.6802721088435374,6.7482993197278915,9.92,0.05442176870748299,7.156462585034014,4.37,147,100,992,8,68.02721088435374,5.726766917293234,2.9445020194984743,7.237823129251701,4.651500000000001,4.642977006155443,0.008522993844557902,22.626470563216138,6.7482993197278915,9.92,0.05442176870748299
2020,Keith Kirkwood,keith kirkwood,CAR,WR,1,2,1,13,0,0,0,32,9,-0.9609215835037486,0.5,6.5,13,0,16,9,NA,NA,NA,NA,NA,NA,NA,NA,NA,NA,NA,NA,NA,NA,NA
2020,Keke Coutee,keke coutee,HOU,WR,8,40,33,400,3,3,19,377,148,11.695675106250839,0.825,10,12.121212121212121,0.075,9.425,4.484848484848484,NA,NA,NA,NA,NA,NA,NA,NA,NA,NA,NA,NA,NA,NA,NA
2020,Kendall Hinton,kendall hinton,DEN,WR,1,0,0,0,0,0,0,0,0,NA,NA,NA,NA,NA,NA,NA,NA,NA,NA,NA,NA,NA,NA,NA,NA,NA,NA,NA,NA,NA,NA
2020,Kendrick Bourne,kendrick bourne,SF,WR,15,74,49,667,2,0,35,686,219,31.191795847122773,0.6621621621621622,9.013513513513514,13.612244897959183,0.02702702702702703,9.27027027027027,4.469387755102041,74,49,667,2,66.21621621621621,6.218,2.8452337081016608,9.648783783783784,4.544897959183674,3.472188840655485,1.0727091185281887,18.942925287920474,9.013513513513514,13.612244897959183,0.02702702702702703
2020,Kenny Golladay,kenny golladay,DET,WR,5,32,20,338,2,0,16,466,38,21.662456989948417,0.625,10.5625,16.9,0.0625,14.5625,1.9,NA,NA,NA,NA,NA,NA,NA,NA,NA,NA,NA,NA,NA,NA,NA
2020,Kenny Stills,kenny stills,HOU,WR,7,19,11,144,1,0,8,238,17,4.0013313359813765,0.5789473684210527,7.578947368421052,13.090909090909092,0.05263157894736842,12.526315789473685,1.5454545454545454,NA,NA,NA,NA,NA,NA,NA,NA,NA,NA,NA,NA,NA,NA,NA
2020,Kevin White,kevin white,SF,WR,1,0,0,0,0,0,0,0,0,NA,NA,NA,NA,NA,NA,NA,NA,NA,NA,NA,NA,NA,NA,NA,NA,NA,NA,NA,NA,NA,NA
2020,KhaDarel Hodge,khadarel hodge,CLE,WR,7,17,11,180,0,0,11,278,23,10.484842254576506,0.6470588235294118,10.588235294117647,16.363636363636363,0,16.352941176470587,2.090909090909091,NA,NA,NA,NA,NA,NA,NA,NA,NA,NA,NA,NA,NA,NA,NA
2020,Laquon Treadwell,laquon treadwell,ATL,WR,4,7,6,49,2,0,4,39,13,3.866599450383584,0.8571428571428571,7,8.166666666666666,0.2857142857142857,5.571428571428571,2.1666666666666665,NA,NA,NA,NA,NA,NA,NA,NA,NA,NA,NA,NA,NA,NA,NA
2020,Larry Fitzgerald,larry fitzgerald,ARI,WR,13,72,54,409,1,0,25,432,185,-1.7713509171222102,0.75,5.680555555555555,7.574074074074074,0.013888888888888888,6,3.425925925925926,72,54,409,1,75,6.143000000000001,3.3120211133093282,5.915277777777779,3.557407407407407,3.645406925339284,-0.08799951793187688,9.857564100783703,5.680555555555555,7.574074074074074,0.013888888888888888
2020,Laviska Shenault,laviska shenault,JAX,WR,NA,NA,NA,NA,NA,NA,NA,NA,NA,NA,NA,NA,NA,NA,NA,NA,79,58,600,5,73.41772151898735,7.064571428571428,3.3113755128203812,6.410253164556963,5.222068965517241,4.135107290009778,1.0869616755074638,10.522958256016192,7.594936708860759,10.344827586206897,0.06329113924050633
2020,Lawrence Cager,lawrence cager,NYJ,TE,2,6,2,35,0,0,2,84,14,-13.18233124940889,0.3333333333333333,5.833333333333333,17.5,0,14,7,NA,NA,NA,NA,NA,NA,NA,NA,NA,NA,NA,NA,NA,NA,NA
2020,Lil'Jordan Humphrey,lil jordan humphrey,NO,WR,2,5,3,46,1,0,3,53,10,-1.9649074470507912,0.6,9.2,15.333333333333334,0.2,10.6,3.3333333333333335,NA,NA,NA,NA,NA,NA,NA,NA,NA,NA,NA,NA,NA,NA,NA
2020,Mack Hollins,mack hollins,MIA,WR,11,25,16,176,1,1,7,240,29,-1.6465793714394619,0.64,7.04,11,0.04,9.6,1.8125,NA,NA,NA,NA,NA,NA,NA,NA,NA,NA,NA,NA,NA,NA,NA
2020,Malik Taylor,malik taylor,GB,WR,10,6,5,66,1,0,4,40,47,7.335954393295479,0.8333333333333334,11,13.2,0.16666666666666666,6.666666666666667,9.4,NA,NA,NA,NA,NA,NA,NA,NA,NA,NA,NA,NA,NA,NA,NA
2020,Malik Turner,malik turner,DAL,WR,1,0,0,0,0,0,0,0,0,NA,NA,NA,NA,NA,NA,NA,NA,NA,NA,NA,NA,NA,NA,NA,NA,NA,NA,NA,NA,NA,NA
2020,Marcus Johnson,marcus johnson,IND,WR,9,28,14,255,0,0,11,487,49,8.794779760514768,0.5,9.107142857142858,18.214285714285715,0,17.392857142857142,3.5,NA,NA,NA,NA,NA,NA,NA,NA,NA,NA,NA,NA,NA,NA,NA
2020,Marcus Kemp,marcus kemp,KC,WR,4,1,1,11,0,0,1,1,10,0.9683585079037584,1,11,11,0,1,10,NA,NA,NA,NA,NA,NA,NA,NA,NA,NA,NA,NA,NA,NA,NA
2020,Marquez Callaway,marquez callaway,NO,WR,9,27,21,213,0,0,10,226,58,10.63859724550221,0.7777777777777778,7.888888888888889,10.142857142857142,0,8.37037037037037,2.761904761904762,NA,NA,NA,NA,NA,NA,NA,NA,NA,NA,NA,NA,NA,NA,NA
2020,Marquez Valdes-Scantling,marquez valdes scantling,GB,WR,14,63,33,690,6,1,27,1153,241,29.160337658657227,0.5238095238095238,10.952380952380953,20.90909090909091,0.09523809523809523,18.3015873015873,7.303030303030303,63,33,690,6,52.38095238095239,5.532666666666667,3.120286621298216,18.028253968253967,7.623939393939393,6.453174686102682,1.1707647078367112,28.07347975895634,10.952380952380953,20.90909090909091,0.09523809523809523
2020,Marquise Brown,marquise brown,BAL,WR,16,100,58,769,8,0,35,1291,274,26.96447493026773,0.58,7.69,13.258620689655173,0.08,12.91,4.724137931034483,100,58,769,8,57.99999999999999,7.455670103092784,3.2657447915639746,13.7479,4.845344827586207,3.8761056868566284,0.9692391407295791,39.2965556667143,7.69,13.258620689655173,0.08
2020,Marvin Hall,marvin hall,CLE,WR,11,32,18,302,2,0,10,549,58,17.01694719522493,0.5625,9.4375,16.77777777777778,0.0625,17.15625,3.2222222222222223,NA,NA,NA,NA,NA,NA,NA,NA,NA,NA,NA,NA,NA,NA,NA
2020,Marvin Jones,marvin jones,DET,WR,16,115,76,978,9,0,52,1461,196,25.59572630227832,0.6608695652173913,8.504347826086956,12.868421052631579,0.0782608695652174,12.704347826086957,2.5789473684210527,115,76,978,9,66.08695652173913,6.661071428571428,2.5339970249728228,12.866695652173913,2.7855263157894727,2.525771339184228,0.2597549766052447,29.745638176185725,8.504347826086956,12.868421052631579,0.0782608695652174
2020,Matt Cole,matt cole,SF,WR,1,0,0,0,0,0,0,0,0,NA,NA,NA,NA,NA,NA,NA,NA,NA,NA,NA,NA,NA,NA,NA,NA,NA,NA,NA,NA,NA,NA
2020,Matthew Slater,matthew slater,NE,WR,6,0,0,0,0,0,0,0,0,NA,NA,NA,NA,NA,NA,NA,NA,NA,NA,NA,NA,NA,NA,NA,NA,NA,NA,NA,NA,NA,NA
2020,Mecole Hardman,mecole hardman,KC,WR,16,62,41,560,4,1,23,660,285,31.62693694727216,0.6612903225806451,9.03225806451613,13.658536585365853,0.06451612903225806,10.64516129032258,6.951219512195122,62,41,560,4,66.12903225806451,6.343035714285713,3.408409829710322,10.56032258064516,7.199024390243902,6.400721649058064,0.7983027411858377,13.049960336284524,9.03225806451613,13.658536585365853,0.06451612903225806
2020,Michael Gallup,michael gallup,DAL,WR,16,105,59,843,5,0,44,1237,252,29.17307774765558,0.5619047619047619,8.028571428571428,14.288135593220339,0.047619047619047616,11.780952380952382,4.271186440677966,105,59,843,5,56.19047619047619,5.55695238095238,2.7186194355352193,12.126190476190478,4.511016949152542,3.2637270450657967,1.2472899040867453,27.284084480482747,8.028571428571428,14.288135593220339,0.047619047619047616
2020,Michael Thomas,michael thomas,HOU/NO,DB,14,55,40,438,0,0,25,528,82,15.378163100121979,0.7272727272727273,7.963636363636364,10.95,0,9.6,2.05,55,40,438,0,72.72727272727273,5.10377358490566,2.4856983902568803,9.644909090909092,2.0787500000000008,2.3561068975012898,-0.277356897501289,16.25319030942555,7.963636363636364,10.95,0
2020,Mike Evans,mike evans,TB,WR,16,109,70,1006,13,0,55,1320,265,49.982845885751466,0.6422018348623854,9.229357798165138,14.371428571428572,0.11926605504587157,12.110091743119266,3.7857142857142856,109,70,1006,13,64.22018348623854,5.217102803738319,2.8136680383904884,12.765137614678903,3.814,3.6347371961049504,0.17926280389504967,24.843544945675937,9.229357798165138,14.371428571428572,0.11926605504587157
2020,Mike Thomas,mike thomas,CIN,WR,12,21,13,132,1,1,7,181,28,-6.5722332806908526,0.6190476190476191,6.285714285714286,10.153846153846153,0.047619047619047616,8.619047619047619,2.1538461538461537,NA,NA,NA,NA,NA,NA,NA,NA,NA,NA,NA,NA,NA,NA,NA
2020,Mike Williams,mike williams,LAC,WR,14,85,48,756,5,0,35,1236,162,29.817666042266257,0.5647058823529412,8.894117647058824,15.75,0.058823529411764705,14.541176470588235,3.375,85,48,756,5,56.470588235294116,5.493647058823529,2.081118824413792,15.071176470588238,3.4270833333333335,2.656320162509759,0.7707631708235745,27.243167144449075,8.894117647058824,15.75,0.058823529411764705
2020,Miles Boykin,miles boykin,BAL,WR,14,33,19,266,4,0,14,383,80,10.527551754531254,0.5757575757575758,8.06060606060606,14,0.12121212121212122,11.606060606060606,4.2105263157894735,NA,NA,NA,NA,NA,NA,NA,NA,NA,NA,NA,NA,NA,NA,NA
2020,Mohamed Sanu,mohamed sanu,DET,WR,7,24,17,187,1,0,13,289,37,17.233491204996312,0.7083333333333334,7.791666666666667,11,0.041666666666666664,12.041666666666666,2.176470588235294,NA,NA,NA,NA,NA,NA,NA,NA,NA,NA,NA,NA,NA,NA,NA
2020,N'Keal Harry,n keal harry,NE,TE,13,57,33,309,2,1,16,457,105,-5.77965460617097,0.5789473684210527,5.421052631578948,9.363636363636363,0.03508771929824561,8.017543859649123,3.1818181818181817,57,33,309,2,57.89473684210527,6.038035714285714,2.854030523473694,8.152982456140352,3.3327272727272725,2.9321064608299467,0.4006208118973258,15.775305767056933,5.421052631578948,9.363636363636363,0.03508771929824561
2020,Nelson Agholor,nelson agholor,LV,WR,16,82,48,896,8,0,37,1269,230,36.94452028729543,0.5853658536585366,10.926829268292684,18.666666666666668,0.0975609756097561,15.475609756097562,4.791666666666667,82,48,896,8,58.536585365853654,5.183461538461539,2.439920333974401,15.340243902439026,5.2593749999999995,4.181145426771966,1.0782295732280334,28.974858051067066,10.926829268292684,18.666666666666668,0.0975609756097561
2020,Nick Williams,nick williams,DET,DT,12,0,0,0,0,0,0,0,0,NA,NA,NA,NA,NA,NA,NA,NA,NA,NA,NA,NA,NA,NA,NA,NA,NA,NA,NA,NA,NA,NA
2020,Noah Brown,noah brown,DAL,WR,10,24,14,154,0,0,6,247,47,5.429197339218726,0.5833333333333334,6.416666666666667,11,0,10.291666666666666,3.357142857142857,NA,NA,NA,NA,NA,NA,NA,NA,NA,NA,NA,NA,NA,NA,NA
2020,Nsimba Webster,nsimba webster,LA,WR,16,0,0,0,0,0,0,0,0,NA,NA,NA,NA,NA,NA,NA,NA,NA,NA,NA,NA,NA,NA,NA,NA,NA,NA,NA,NA,NA,NA
2020,Odell Beckham Jr.,odell beckham jr,CLE,WR,7,43,23,319,3,0,17,584,46,2.1501875737073535,0.5348837209302325,7.4186046511627906,13.869565217391305,0.06976744186046512,13.581395348837209,2,NA,NA,NA,NA,NA,NA,NA,NA,NA,NA,NA,NA,NA,NA,NA
2020,Olamide Zaccheaus,olamide zaccheaus,ATL,WR,10,32,20,274,1,0,16,440,63,12.340582720455858,0.625,8.5625,13.7,0.03125,13.75,3.15,NA,NA,NA,NA,NA,NA,NA,NA,NA,NA,NA,NA,NA,NA,NA
2020,Parris Campbell,parris campbell,IND,WR,2,9,6,71,0,0,4,107,18,-0.544535634398926,0.6666666666666666,7.888888888888889,11.833333333333334,0,11.88888888888889,3,NA,NA,NA,NA,NA,NA,NA,NA,NA,NA,NA,NA,NA,NA,NA
2020,Penny Hart,penny hart,SEA,WR,5,1,1,3,0,0,0,-1,4,-0.20425559463910758,1,3,3,0,-1,4,NA,NA,NA,NA,NA,NA,NA,NA,NA,NA,NA,NA,NA,NA,NA
2020,Pharoh Cooper,pharoh cooper,CAR,WR,15,8,5,73,0,0,3,79,35,2.664461337553803,0.625,9.125,14.6,0,9.875,7,NA,NA,NA,NA,NA,NA,NA,NA,NA,NA,NA,NA,NA,NA,NA
2020,Preston Williams,preston williams,MIA,WR,8,35,18,288,4,0,14,508,42,6.211110540545777,0.5142857142857142,8.228571428571428,16,0.11428571428571428,14.514285714285714,2.3333333333333335,NA,NA,NA,NA,NA,NA,NA,NA,NA,NA,NA,NA,NA,NA,NA
2020,Quez Watkins,quez watkins,PHI,WR,4,13,7,106,1,0,4,123,58,1.8359698799904436,0.5384615384615384,8.153846153846153,15.142857142857142,0.07692307692307693,9.461538461538462,8.285714285714286,NA,NA,NA,NA,NA,NA,NA,NA,NA,NA,NA,NA,NA,NA,NA
2020,Quintez Cephus,quintez cephus,DET,WR,12,35,20,349,2,0,16,509,85,14.935999359607035,0.5714285714285714,9.971428571428572,17.45,0.05714285714285714,14.542857142857143,4.25,NA,NA,NA,NA,NA,NA,NA,NA,NA,NA,NA,NA,NA,NA,NA
2020,Randall Cobb,randall cobb,HOU,WR,10,48,38,441,3,0,20,323,171,23.973501427764166,0.7916666666666666,9.1875,11.605263157894736,0.0625,6.729166666666667,4.5,48,38,441,3,79.16666666666666,6.458292682926828,2.8636152896080707,6.974374999999999,4.723421052631578,4.732513176151268,-0.009092123519689466,7.098751033736936,9.1875,11.605263157894736,0.0625
2020,Rashard Higgins,rashard higgins,CLE,WR,12,52,37,599,4,2,26,733,78,36.121477919022574,0.7115384615384616,11.51923076923077,16.18918918918919,0.07692307692307693,14.096153846153847,2.108108108108108,52,37,599,4,71.15384615384616,4.819615384615384,2.802317658729074,14.38269230769231,2.4702702702702695,2.6541109937644256,-0.18384072349415614,17.814523159594696,11.51923076923077,16.18918918918919,0.07692307692307693
2020,Ray-Ray McCloud,ray ray mccloud,PIT,WR,16,22,20,77,0,0,4,-33,105,0.09034955844981596,0.9090909090909091,3.5,3.85,0,-1.5,5.25,NA,NA,NA,NA,NA,NA,NA,NA,NA,NA,NA,NA,NA,NA,NA
2020,Richie James,richie james,SF,WR,10,35,23,394,1,0,14,373,193,23.662511031026952,0.6571428571428571,11.257142857142858,17.130434782608695,0.02857142857142857,10.657142857142857,8.391304347826088,NA,NA,NA,NA,NA,NA,NA,NA,NA,NA,NA,NA,NA,NA,NA
2020,Rico Gafford,rico gafford,LV,WR,3,2,0,0,0,0,0,64,0,-2.364953874028288,0,0,NA,0,32,NA,NA,NA,NA,NA,NA,NA,NA,NA,NA,NA,NA,NA,NA,NA,NA
2020,Riley Ridley,riley ridley,CHI,WR,2,4,4,39,0,0,3,36,3,4.779556889494415,1,9.75,9.75,0,9,0.75,NA,NA,NA,NA,NA,NA,NA,NA,NA,NA,NA,NA,NA,NA,NA
2020,River Cracraft,river cracraft,SF,WR,5,9,6,41,0,0,2,58,11,0.23572055560310945,0.6666666666666666,4.555555555555555,6.833333333333333,0,6.444444444444445,1.8333333333333333,NA,NA,NA,NA,NA,NA,NA,NA,NA,NA,NA,NA,NA,NA,NA
2020,Robbie Chosen,robbie chosen,CAR,WR,16,136,95,1096,3,1,49,1318,497,28.139570654186716,0.6985294117647058,8.058823529411764,11.536842105263158,0.022058823529411766,9.691176470588236,5.231578947368421,NA,NA,NA,NA,NA,NA,NA,NA,NA,NA,NA,NA,NA,NA,NA
2020,Robert Foster,robert foster,WAS,WR,3,6,2,37,0,0,2,84,32,1.6460745032527484,0.3333333333333333,6.166666666666667,18.5,0,14,16,NA,NA,NA,NA,NA,NA,NA,NA,NA,NA,NA,NA,NA,NA,NA
2020,Robert Woods,robert woods,LA,WR,16,129,90,936,6,1,46,898,494,12.133043187420958,0.6976744186046512,7.255813953488372,10.4,0.046511627906976744,6.961240310077519,5.488888888888889,129,90,936,6,69.76744186046511,6.900932203389831,3.4120911201123416,7.077906976744186,5.669888888888888,5.717379116319747,-0.047490227430858845,23.93202941931967,7.255813953488372,10.4,0.046511627906976744
2020,Rodney Smith,rodney smith,CAR,RB,7,11,9,59,0,0,1,16,46,-1.757329558080528,0.8181818181818182,5.363636363636363,6.555555555555555,0,1.4545454545454546,5.111111111111111,NA,NA,NA,NA,NA,NA,NA,NA,NA,NA,NA,NA,NA,NA,NA
2020,Russell Gage,russell gage,ATL,WR,16,109,72,786,4,0,50,927,281,31.42884212508111,0.6605504587155964,7.2110091743119265,10.916666666666666,0.03669724770642202,8.504587155963304,3.9027777777777777,109,72,786,4,66.05504587155964,5.4821,2.8195981696227568,8.802660550458715,4.086666666666667,4.093116497275221,-0.006449830608554308,17.53341800140707,7.2110091743119265,10.916666666666666,0.03669724770642202
2020,Sammy Watkins,sammy watkins,KC,WR,10,55,37,421,2,1,27,443,157,21.287328498766737,0.6727272727272727,7.654545454545454,11.378378378378379,0.03636363636363636,8.054545454545455,4.243243243243243,55,37,421,2,67.27272727272727,5.48,3.6185620963211145,8.076545454545455,4.497297297297298,4.850102844428309,-0.35280554713101075,8.853778417357958,7.654545454545454,11.378378378378379,0.03636363636363636
2020,Seth Roberts,seth roberts,CAR,WR,3,6,4,31,0,0,2,44,22,-1.0353864721608304,0.6666666666666666,5.166666666666667,7.75,0,7.333333333333333,5.5,NA,NA,NA,NA,NA,NA,NA,NA,NA,NA,NA,NA,NA,NA,NA
2020,Stanley Morgan,stanley morgan,CIN,WR,2,0,0,0,0,0,0,0,0,NA,NA,NA,NA,NA,NA,NA,NA,NA,NA,NA,NA,NA,NA,NA,NA,NA,NA,NA,NA,NA,NA
2020,Stefon Diggs,stefon diggs,BUF,WR,16,166,127,1535,8,0,73,1674,464,84.82890373178043,0.7650602409638554,9.24698795180723,12.086614173228346,0.04819277108433735,10.08433734939759,3.6535433070866143,166,127,1535,8,76.50602409638554,5.470379746835444,2.9518911362621414,10.242289156626507,3.6747244094488187,3.532189457700051,0.14253495174876774,33.542188640533446,9.24698795180723,12.086614173228346,0.04819277108433735
2020,Stephen Sullivan,stephen sullivan,SEA,TE,1,0,0,0,0,0,0,0,0,NA,NA,NA,NA,NA,NA,NA,NA,NA,NA,NA,NA,NA,NA,NA,NA,NA,NA,NA,NA,NA,NA
2020,Sterling Shepard,sterling shepard,NYG,WR,12,90,66,656,3,0,37,746,204,25.966774109460182,0.7333333333333333,7.288888888888889,9.93939393939394,0.03333333333333333,8.28888888888889,3.090909090909091,90,66,656,3,73.33333333333333,6.4868539325842685,3.026044201664412,8.160222222222222,3.1839393939393936,3.4922379862569866,-0.30829859231759293,18.739697784672853,7.288888888888889,9.93939393939394,0.03333333333333333
2020,Steven Mitchell,steven mitchell,HOU,WR,4,8,5,60,0,0,3,110,10,4.716525048483163,0.625,7.5,12,0,13.75,2,NA,NA,NA,NA,NA,NA,NA,NA,NA,NA,NA,NA,NA,NA,NA
2020,T.Y. Hilton,t y hilton,IND,WR,15,93,56,762,5,0,42,1166,194,29.483317407048336,0.6021505376344086,8.193548387096774,13.607142857142858,0.053763440860215055,12.53763440860215,3.4642857142857144,93,56,762,5,60.215053763440864,5.206666666666667,2.460379168662627,12.689784946236557,3.5967857142857147,3.4076815145068706,0.18910419977884407,29.62521337483683,8.193548387096774,13.607142857142858,0.053763440860215055
2020,Tajae Sharpe,tajae sharpe,MIN,WR,3,3,0,0,0,0,0,112,0,-4.866008272161707,0,0,NA,0,37.333333333333336,NA,NA,NA,NA,NA,NA,NA,NA,NA,NA,NA,NA,NA,NA,NA,NA
2020,Tavon Austin,tavon austin,GB,WR,4,5,5,20,0,0,1,-22,42,-0.30719311494613066,1,4,4,0,-4.4,8.4,NA,NA,NA,NA,NA,NA,NA,NA,NA,NA,NA,NA,NA,NA,NA
2020,Taywan Taylor,taywan taylor,CLE,WR,1,1,0,0,0,0,0,15,0,-0.49715586588717997,0,0,NA,0,15,NA,NA,NA,NA,NA,NA,NA,NA,NA,NA,NA,NA,NA,NA,NA,NA
2020,Tee Higgins,tee higgins,CIN,WR,15,108,67,908,6,1,52,1241,310,52.87847781305133,0.6203703703703703,8.407407407407407,13.552238805970148,0.05555555555555555,11.49074074074074,4.626865671641791,108,67,908,6,62.03703703703704,6.4280188679245285,2.4799228597399954,12.045,4.621492537313433,3.244749659403016,1.376742877910417,27.291265435595335,8.407407407407407,13.552238805970148,0.05555555555555555
2020,Terry Godwin,terry godwin,JAX,WR,2,6,3,32,0,0,2,70,3,-2.034411488682963,0.5,5.333333333333333,10.666666666666666,0,11.666666666666666,1,NA,NA,NA,NA,NA,NA,NA,NA,NA,NA,NA,NA,NA,NA,NA
2020,Terry McLaurin,terry mclaurin,WAS,WR,15,134,87,1118,4,1,51,1300,478,28.037404904104164,0.6492537313432836,8.343283582089553,12.850574712643677,0.029850746268656716,9.701492537313433,5.494252873563219,134,87,1118,4,64.92537313432835,5.235546875000001,2.8262907833157573,9.58455223880597,5.816781609195403,4.12553097835819,1.6912506308372128,35.63208505113167,8.343283582089553,12.850574712643677,0.029850746268656716
2020,Tim Patrick,tim patrick,DEN,WR,15,79,51,742,6,0,33,986,238,34.38974193332603,0.6455696202531646,9.39240506329114,14.549019607843137,0.0759493670886076,12.481012658227849,4.666666666666667,79,51,742,6,64.55696202531645,5.700263157894736,2.595981617564615,12.461898734177216,4.995098039215687,3.9085194590968158,1.0865785801188714,19.499485026144836,9.39240506329114,14.549019607843137,0.0759493670886076
2020,Tommylee Lewis,tommylee lewis,NO,WR,5,3,1,5,0,0,0,38,0,-1.68247993348632,0.3333333333333333,1.6666666666666667,5,0,12.666666666666666,0,NA,NA,NA,NA,NA,NA,NA,NA,NA,NA,NA,NA,NA,NA,NA
2020,Tony Brown,tony brown,CIN,DB,5,0,0,0,0,0,0,0,0,NA,NA,NA,NA,NA,NA,NA,NA,NA,NA,NA,NA,NA,NA,NA,NA,NA,NA,NA,NA,NA,NA
2020,Tony Jones,tony jones,NO,RB,1,0,0,0,0,0,0,0,0,NA,NA,NA,NA,NA,NA,NA,NA,NA,NA,NA,NA,NA,NA,NA,NA,NA,NA,NA,NA,NA,NA
2020,Travis Fulgham,travis fulgham,PHI,WR,12,67,38,539,4,0,26,803,100,23.91789065169523,0.5671641791044776,8.044776119402986,14.18421052631579,0.05970149253731343,11.985074626865671,2.6315789473684212,67,38,539,4,56.71641791044776,6.100909090909091,2.4917131578078013,13.06313432835821,2.8984210526315795,2.3867680857351408,0.5116529668964387,16.80310401363862,8.044776119402986,14.18421052631579,0.05970149253731343
2020,Tre'Quan Smith,tre quan smith,NO,WR,13,50,34,448,4,1,22,450,135,24.341424969179037,0.68,8.96,13.176470588235293,0.08,9,3.9705882352941178,50,34,448,4,68,6.680000000000001,3.484883469912088,9.507800000000001,3.8558823529411757,2.8928126062000303,0.9630697467411453,14.565581731667788,8.96,13.176470588235293,0.08
2020,Trent Sherfield,trent sherfield,ARI,WR,9,7,5,50,0,0,2,82,27,-7.4889869700418785,0.7142857142857143,7.142857142857143,10,0,11.714285714285714,5.4,NA,NA,NA,NA,NA,NA,NA,NA,NA,NA,NA,NA,NA,NA,NA
2020,Trent Taylor,trent taylor,SF,WR,12,21,10,86,0,0,5,117,43,-12.918861228424461,0.47619047619047616,4.095238095238095,8.6,0,5.571428571428571,4.3,NA,NA,NA,NA,NA,NA,NA,NA,NA,NA,NA,NA,NA,NA,NA
2020,Trenton Irwin,trenton irwin,CIN,WR,1,2,1,5,0,0,0,12,1,-0.8627662873182,0.5,2.5,5,0,6,1,NA,NA,NA,NA,NA,NA,NA,NA,NA,NA,NA,NA,NA,NA,NA
2020,Trey Quinn,trey quinn,JAX,WR,1,0,0,0,0,0,0,0,0,NA,NA,NA,NA,NA,NA,NA,NA,NA,NA,NA,NA,NA,NA,NA,NA,NA,NA,NA,NA,NA,NA
2020,Ty Montgomery,ty montgomery,NO,WR,4,6,3,27,0,0,1,10,33,-2.394389351422433,0.5,4.5,9,0,1.6666666666666667,11,NA,NA,NA,NA,NA,NA,NA,NA,NA,NA,NA,NA,NA,NA,NA
2020,Tyler Boyd,tyler boyd,CIN,WR,15,110,79,841,4,1,43,940,350,37.62876973810486,0.7181818181818181,7.6454545454545455,10.645569620253164,0.03636363636363636,8.545454545454545,4.430379746835443,110,79,841,4,71.81818181818181,5.903253012048195,2.741550116144465,8.620636363636363,4.76253164556962,3.5931478683363207,1.1693837772332993,19.894137935375053,7.6454545454545455,10.645569620253164,0.03636363636363636
2020,Tyler Johnson,tyler johnson,TB,WR,10,17,12,169,2,0,9,169,72,11.56046851416574,0.7058823529411765,9.941176470588236,14.083333333333334,0.11764705882352941,9.941176470588236,6,NA,NA,NA,NA,NA,NA,NA,NA,NA,NA,NA,NA,NA,NA,NA
2020,Tyler Lockett,tyler lockett,SEA,WR,16,132,100,1054,10,1,57,1285,327,73.64311364111445,0.7575757575757576,7.984848484848484,10.54,0.07575757575757576,9.734848484848484,3.27,132,100,1054,10,75.75757575757575,6.205583333333335,3.3953803506450804,10.005454545454546,3.4657999999999998,4.0285117504045544,-0.5627117504045547,28.605030441251948,7.984848484848484,10.54,0.07575757575757576
2020,Tyreek Hill,tyreek hill,KC,WR,15,135,87,1276,15,0,57,1739,434,75.19457852968284,0.6444444444444445,9.451851851851853,14.666666666666666,0.1111111111111111,12.881481481481481,4.988505747126437,135,87,1276,15,64.44444444444444,5.626465517241378,3.4330638514174847,13.22511111111111,5.2218390804597705,4.217577847953602,1.0042612325061686,35.58552812536126,9.451851851851853,14.666666666666666,0.1111111111111111
2020,Tyrie Cleveland,tyrie cleveland,DEN,WR,7,9,6,63,0,0,4,79,18,2.9151737425709143,0.6666666666666666,7,10.5,0,8.777777777777779,3,NA,NA,NA,NA,NA,NA,NA,NA,NA,NA,NA,NA,NA,NA,NA
2020,Tyron Johnson,tyron johnson,LAC,WR,11,26,20,398,3,0,15,534,59,29.332042717229342,0.7692307692307693,15.307692307692308,19.9,0.11538461538461539,20.53846153846154,2.95,NA,NA,NA,NA,NA,NA,NA,NA,NA,NA,NA,NA,NA,NA,NA
2020,Van Jefferson,van jefferson,LA,WR,14,31,19,220,1,0,11,351,46,1.7644151145989286,0.6129032258064516,7.096774193548387,11.578947368421053,0.03225806451612903,11.32258064516129,2.4210526315789473,NA,NA,NA,NA,NA,NA,NA,NA,NA,NA,NA,NA,NA,NA,NA
2020,Vyncint Smith,vyncint smith,NYJ,WR,4,3,1,13,0,0,1,39,1,-0.7697453142609447,0.3333333333333333,4.333333333333333,13,0,13,1,NA,NA,NA,NA,NA,NA,NA,NA,NA,NA,NA,NA,NA,NA,NA
2020,Will Fuller,will fuller,HOU,WR,11,75,53,879,8,0,38,940,291,58.204213190034345,0.7066666666666667,11.72,16.58490566037736,0.10666666666666667,12.533333333333333,5.490566037735849,75,53,879,8,70.66666666666667,5.07527027027027,2.976643360066983,12.544,5.898679245283018,4.969613797571675,0.9290654477113431,19.949532432833617,11.72,16.58490566037736,0.10666666666666667
2020,Willie Snead,willie snead,BAL,WR,13,48,33,432,3,1,23,428,187,18.345950578026663,0.6875,9,13.090909090909092,0.0625,8.916666666666666,5.666666666666667,48,33,432,3,68.75,6.159512195121951,3.2268457660593928,8.636458333333332,6.026969696969696,4.489490310584889,1.537479386384807,11.849364013148488,9,13.090909090909092,0.0625
2020,Zach Pascal,zach pascal,IND,WR,16,71,44,629,5,0,29,772,233,21.678771989918136,0.6197183098591549,8.859154929577464,14.295454545454545,0.07042253521126761,10.873239436619718,5.295454545454546,71,44,629,5,61.97183098591549,5.831290322580644,2.9433158098848864,10.938873239436619,5.5847727272727274,4.654480276147283,0.9302924511254442,19.496435385078822,8.859154929577464,14.295454545454545,0.07042253521126761
2020,Zay Jones,zay jones,LV,WR,11,20,14,154,1,0,6,142,65,-1.1626644140924327,0.7,7.7,11,0.05,7.1,4.642857142857143,NA,NA,NA,NA,NA,NA,NA,NA,NA,NA,NA,NA,NA,NA,NA
2021,A.J. Brown,a j brown,TEN,WR,13,105,63,869,5,0,45,1218,235,33.827210485994684,0.6,8.276190476190477,13.793650793650794,0.047619047619047616,11.6,3.7301587301587302,105,63,869,5,60,6.111111111111111,2.640335918704501,12.049904761904761,3.6536507936507943,3.486857002234314,0.1667937914164801,32.10902308112017,8.276190476190477,13.793650793650794,0.047619047619047616
2021,A.J. Green,a j green,ARI/CLE,WR,24,92,54,848,3,0,37,1109,181,28.473385656513347,0.5869565217391305,9.217391304347826,15.703703703703704,0.03260869565217391,12.054347826086957,3.3518518518518516,92,54,848,3,58.69565217391305,6.052087912087912,2.512337025728572,12.363043478260874,4.001296296296297,3.541295591133527,0.4600007051627699,26.936712697957837,9.217391304347826,15.703703703703704,0.03260869565217391
2021,Adam Humphries,adam humphries,WAS,WR,17,62,41,383,0,0,23,411,158,-6.258268998434428,0.6612903225806451,6.17741935483871,9.341463414634147,0,6.629032258064516,3.8536585365853657,62,41,383,0,66.12903225806451,6.722264150943396,3.2064886385923006,7.122258064516129,3.889024390243902,4.3112525547659395,-0.4222281645220374,10.599310629554598,6.17741935483871,9.341463414634147,0
2021,Adam Thielen,adam thielen,MIN,WR,13,95,67,726,10,1,38,903,239,24.06156817936718,0.7052631578947368,7.6421052631578945,10.835820895522389,0.10526315789473684,9.505263157894737,3.5671641791044775,95,67,726,10,70.52631578947368,6.061868131868132,3.1240155458580188,9.747263157894738,3.77776119402985,3.635868096493071,0.1418930975367787,20.35975145883812,7.6421052631578945,10.835820895522389,0.10526315789473684
2021,Albert Wilson,albert wilson,MIA,WR,10,39,25,213,0,0,10,210,143,-5.400652059959029,0.6410256410256411,5.461538461538462,8.52,0,5.384615384615385,5.72,NA,NA,NA,NA,NA,NA,NA,NA,NA,NA,NA,NA,NA,NA,NA
2021,Alex Bachman,alex bachman,NYG,WR,2,0,0,0,0,0,0,0,0,NA,NA,NA,NA,NA,NA,NA,NA,NA,NA,NA,NA,NA,NA,NA,NA,NA,NA,NA,NA,NA,NA
2021,Alex Erickson,alex erickson,CAR,WR,17,4,3,55,0,0,2,33,30,1.9176059016608633,0.75,13.75,18.333333333333332,0,8.25,10,NA,NA,NA,NA,NA,NA,NA,NA,NA,NA,NA,NA,NA,NA,NA
2021,Allen Lazard,allen lazard,GB,WR,14,60,40,513,8,0,28,647,174,36.58736934207987,0.6666666666666666,8.55,12.825,0.13333333333333333,10.783333333333333,4.35,60,40,513,8,66.66666666666666,5.751666666666667,2.6435074301034764,10.923666666666668,5.183750000000002,4.601709294546308,0.5820407054536938,15.05930252328675,8.55,12.825,0.13333333333333333
2021,Allen Robinson,allen robinson,CHI,WR,12,66,38,410,1,0,22,755,92,9.734412072468036,0.5757575757575758,6.212121212121212,10.789473684210526,0.015151515151515152,11.43939393939394,2.4210526315789473,66,38,410,1,57.57575757575758,7.097878787878789,1.9389784472967626,11.347878787878788,2.629210526315789,2.976438712422824,-0.347228186107035,17.289929982432124,6.212121212121212,10.789473684210526,0.015151515151515152
2021,Amari Cooper,amari cooper,DAL,WR,15,104,68,865,8,1,45,1152,229,48.26934522552408,0.6538461538461539,8.317307692307692,12.720588235294118,0.07692307692307693,11.076923076923077,3.3676470588235294,104,68,865,8,65.38461538461539,6.786153846153845,2.607778832721773,11.202596153846155,3.713088235294118,3.4184878687269125,0.29460036656720545,22.68716762375448,8.317307692307692,12.720588235294118,0.07692307692307693
2021,Amari Rodgers,amari rodgers,GB,WR,16,8,4,45,0,0,2,40,24,-4.549814701367112,0.5,5.625,11.25,0,5,6,NA,NA,NA,NA,NA,NA,NA,NA,NA,NA,NA,NA,NA,NA,NA
2021,Amon-Ra St. Brown,amon ra st brown,DET,WR,16,119,90,912,5,0,48,831,424,53.23664180432879,0.7563025210084033,7.663865546218488,10.133333333333333,0.04201680672268908,6.983193277310924,4.711111111111111,119,90,912,5,75.63025210084034,6.662577319587627,3.4853048317583735,7.2039495798319315,4.825444444444443,4.113220312176523,0.7122241322679201,23.007165669198358,7.663865546218488,10.133333333333333,0.04201680672268908
2021,Andre Roberts,andre roberts,LAC,WR,16,2,1,35,0,0,1,29,16,-0.8368861800990999,0.5,17.5,35,0,14.5,16,NA,NA,NA,NA,NA,NA,NA,NA,NA,NA,NA,NA,NA,NA,NA
2021,Andy Isabella,andy isabella,ARI,WR,3,1,1,13,0,0,1,6,7,0.8104088391410187,1,13,13,0,6,7,NA,NA,NA,NA,NA,NA,NA,NA,NA,NA,NA,NA,NA,NA,NA
2021,Anthony Miller,anthony miller,PIT,WR,3,12,6,25,1,0,3,76,10,-11.383189313637558,0.5,2.0833333333333335,4.166666666666667,0.08333333333333333,6.333333333333333,1.6666666666666667,NA,NA,NA,NA,NA,NA,NA,NA,NA,NA,NA,NA,NA,NA,NA
2021,Anthony Schwartz,anthony schwartz,CLE,WR,13,23,10,135,1,0,6,396,10,-7.83959086597315,0.43478260869565216,5.869565217391305,13.5,0.043478260869565216,17.217391304347824,1,NA,NA,NA,NA,NA,NA,NA,NA,NA,NA,NA,NA,NA,NA,NA
2021,Antoine Wesley,antoine wesley,ARI,WR,8,32,19,208,3,0,9,317,61,-3.424818518032093,0.59375,6.5,10.947368421052632,0.09375,9.90625,3.210526315789474,NA,NA,NA,NA,NA,NA,NA,NA,NA,NA,NA,NA,NA,NA,NA
2021,Antonio Brown,antonio brown,TB,WR,7,62,42,545,4,0,29,734,190,33.95373083089263,0.6774193548387096,8.790322580645162,12.976190476190476,0.06451612903225806,11.838709677419354,4.523809523809524,62,42,545,4,67.74193548387096,6.337118644067798,3.4108880178849326,11.16225806451613,4.892380952380951,4.281868842906537,0.6105121094744144,12.106422320068159,8.790322580645162,12.976190476190476,0.06451612903225806
2021,Antonio Gandy-Golden,antonio gandy golden,WAS,WR,1,0,0,0,0,0,0,0,0,NA,NA,NA,NA,NA,NA,NA,NA,NA,NA,NA,NA,NA,NA,NA,NA,NA,NA,NA,NA,NA,NA
2021,Ashton Dulin,ashton dulin,IND,WR,16,22,13,173,2,0,9,304,50,5.9716478186892346,0.5909090909090909,7.863636363636363,13.307692307692308,0.09090909090909091,13.818181818181818,3.8461538461538463,NA,NA,NA,NA,NA,NA,NA,NA,NA,NA,NA,NA,NA,NA,NA
2021,Auden Tate,auden tate,CIN,WR,4,4,3,39,1,0,3,45,21,0.003112844016868621,0.75,9.75,13,0.25,11.25,7,NA,NA,NA,NA,NA,NA,NA,NA,NA,NA,NA,NA,NA,NA,NA
2021,Ben Skowronek,ben skowronek,LA,WR,12,20,11,133,0,0,7,210,53,1.4085599618961386,0.55,6.65,12.090909090909092,0,10.5,4.818181818181818,NA,NA,NA,NA,NA,NA,NA,NA,NA,NA,NA,NA,NA,NA,NA
2021,Brandin Cooks,brandin cooks,HOU,WR,16,134,90,1037,6,0,45,1423,344,24.50105738538634,0.6716417910447762,7.7388059701492535,11.522222222222222,0.04477611940298507,10.619402985074627,3.8222222222222224,134,90,1028,6,67.16417910447761,6.35568,3.257264016889394,10.6305223880597,3.8865555555555558,3.6059085397828907,0.28064701577266504,36.7483244503836,7.6716417910447765,11.422222222222222,0.04477611940298507
2021,Brandon Aiyuk,brandon aiyuk,SF,WR,17,84,56,826,5,1,37,813,349,40.75678996943231,0.6666666666666666,9.833333333333334,14.75,0.05952380952380952,9.678571428571429,6.232142857142857,84,56,826,5,66.66666666666666,5.5196202531645575,2.9427785694705513,9.886428571428572,6.712142857142857,4.166543338285306,2.545599518857551,21.11126081352813,9.833333333333334,14.75,0.05952380952380952
2021,Brandon Jones,brandon jones,MIA,SAF,14,0,0,0,0,0,0,0,0,NA,NA,NA,NA,NA,NA,NA,NA,NA,NA,NA,NA,NA,NA,NA,NA,NA,NA,NA,NA,NA,NA
2021,Brandon Powell,brandon powell,LA,WR,6,0,0,0,0,0,0,0,0,NA,NA,NA,NA,NA,NA,NA,NA,NA,NA,NA,NA,NA,NA,NA,NA,NA,NA,NA,NA,NA,NA
2021,Brandon Zylstra,brandon zylstra,CAR,WR,12,25,18,250,1,0,10,262,118,9.140306190529373,0.72,10,13.88888888888889,0.04,10.48,6.555555555555555,NA,NA,NA,NA,NA,NA,NA,NA,NA,NA,NA,NA,NA,NA,NA
2021,Braxton Berrios,braxton berrios,NYJ,WR,16,65,46,431,2,1,21,332,264,7.82737549621379,0.7076923076923077,6.630769230769231,9.369565217391305,0.03076923076923077,5.107692307692307,5.739130434782608,65,46,409,2,70.76923076923077,6.6355172413793095,4.0922357067118424,4.74123076923077,5.578478260869565,5.10654811857684,0.4719301422927247,7.204793532565115,6.292307692307692,8.891304347826088,0.03076923076923077
2021,Breshad Perriman,breshad perriman,TB,WR,5,18,11,167,1,0,5,169,102,7.000882647704898,0.6111111111111112,9.277777777777779,15.181818181818182,0.05555555555555555,9.38888888888889,9.272727272727273,NA,NA,NA,NA,NA,NA,NA,NA,NA,NA,NA,NA,NA,NA,NA
2021,Bryan Edwards,bryan edwards,LV,WR,16,59,34,571,3,1,26,827,190,17.335616587656475,0.576271186440678,9.677966101694915,16.794117647058822,0.05084745762711865,14.016949152542374,5.588235294117647,58,33,559,3,56.896551724137936,5.088448275862069,1.9906150814578067,14.112758620689654,6.154848484848484,3.6104541130801024,2.544394371768382,16.825422927501076,9.637931034482758,16.939393939393938,0.05172413793103448
2021,Byron Pringle,byron pringle,KC,WR,16,60,42,568,5,0,32,641,187,36.73909083536926,0.7,9.466666666666667,13.523809523809524,0.08333333333333333,10.683333333333334,4.4523809523809526,60,42,568,5,70,5.333260869565217,4.11533941172175,10.748499999999998,4.760238095238097,3.9935024025296704,0.7667356927084263,13.845420605290334,9.466666666666667,13.523809523809524,0.08333333333333333
2021,C.J. Board,c j board,NYG,WR,6,6,4,51,0,0,3,102,13,-0.5555203012190759,0.6666666666666666,8.5,12.75,0,17,3.25,NA,NA,NA,NA,NA,NA,NA,NA,NA,NA,NA,NA,NA,NA,NA
2021,C.J. Saunders,c j saunders,CAR,WR,1,2,2,11,0,0,1,11,0,-0.3376889335922897,1,5.5,5.5,0,5.5,0,NA,NA,NA,NA,NA,NA,NA,NA,NA,NA,NA,NA,NA,NA,NA
2021,Calvin Ridley,calvin ridley,ATL,WR,5,52,31,281,2,0,16,521,91,7.901234673704039,0.5961538461538461,5.403846153846154,9.064516129032258,0.038461538461538464,10.01923076923077,2.935483870967742,52,31,281,2,59.61538461538461,5.933269230769231,3.0348152815582257,9.90326923076923,3.056129032258066,3.479749933338793,-0.42362090108072703,12.73250538381468,5.403846153846154,9.064516129032258,0.038461538461538464
2021,Cam Sims,cam sims,WAS,WR,12,23,15,211,2,0,11,267,42,8.951436545556941,0.6521739130434783,9.173913043478262,14.066666666666666,0.08695652173913043,11.608695652173912,2.8,NA,NA,NA,NA,NA,NA,NA,NA,NA,NA,NA,NA,NA,NA,NA
2021,Cameron Batson,cameron batson,TEN,WR,4,5,2,15,1,0,2,84,1,0.9303044960252009,0.4,3,7.5,0.2,16.8,0.5,NA,NA,NA,NA,NA,NA,NA,NA,NA,NA,NA,NA,NA,NA,NA
2021,Cedrick Wilson,cedrick wilson,DAL,WR,NA,NA,NA,NA,NA,NA,NA,NA,NA,NA,NA,NA,NA,NA,NA,NA,61,45,602,6,73.77049180327869,6.2971111111111115,3.641353164570318,9.479672131147542,6.2091111111111115,4.969084761360317,1.2400263497507948,11.260337619295203,9.868852459016393,13.377777777777778,0.09836065573770492
2021,CeeDee Lamb,ceedee lamb,DAL,WR,16,120,79,1102,6,0,54,1233,441,27.878307176290985,0.6583333333333333,9.183333333333334,13.949367088607595,0.05,10.275,5.582278481012659,120,79,1102,6,65.83333333333333,6.310090909090909,3.0678401352748037,10.629,5.651772151898734,3.6198266823483065,2.0319454695504273,24.837158763633397,9.183333333333334,13.949367088607595,0.05
2021,Chandler Jones,chandler jones,ARI,DE,15,0,0,0,0,0,0,0,0,NA,NA,NA,NA,NA,NA,NA,NA,NA,NA,NA,NA,NA,NA,NA,NA,NA,NA,NA,NA,NA,NA
2021,Chase Claypool,chase claypool,PIT,WR,15,105,59,860,2,0,35,1202,295,9.79091478392468,0.5619047619047619,8.19047619047619,14.576271186440678,0.01904761904761905,11.447619047619048,5,105,59,848,2,56.19047619047619,5.123823529411765,2.350317682242599,11.32504761904762,5.442881355932204,4.043812137879622,1.3990692180525812,27.250123746493855,8.076190476190476,14.372881355932204,0.01904761904761905
2021,Chester Rogers,chester rogers,TEN,WR,16,43,30,301,1,0,12,323,103,2.8218427654397105,0.6976744186046512,7,10.033333333333333,0.023255813953488372,7.511627906976744,3.433333333333333,NA,NA,NA,NA,NA,NA,NA,NA,NA,NA,NA,NA,NA,NA,NA
2021,Chris Conley,chris conley,HOU,WR,14,37,22,323,2,1,15,340,126,10.734472966737542,0.5945945945945946,8.72972972972973,14.681818181818182,0.05405405405405406,9.18918918918919,5.7272727272727275,NA,NA,NA,NA,NA,NA,NA,NA,NA,NA,NA,NA,NA,NA,NA
2021,Chris Godwin,chris godwin,TB,WR,NA,NA,NA,NA,NA,NA,NA,NA,NA,NA,NA,NA,NA,NA,NA,NA,127,98,1103,5,77.16535433070865,6.347079646017698,3.290494590203812,7.308661417322834,6.263877551020408,5.361638865662791,0.9022386853576165,16.23729329463813,8.68503937007874,11.255102040816327,0.03937007874015748
2021,Chris Hogan,chris hogan,NO,WR,5,8,4,41,1,0,2,49,13,0.032242007087916136,0.5,5.125,10.25,0.125,6.125,3.25,NA,NA,NA,NA,NA,NA,NA,NA,NA,NA,NA,NA,NA,NA,NA
2021,Chris Moore,chris moore,HOU,WR,10,22,21,227,2,0,6,90,150,7.926040963793639,0.9545454545454546,10.318181818181818,10.80952380952381,0.09090909090909091,4.090909090909091,7.142857142857143,NA,NA,NA,NA,NA,NA,NA,NA,NA,NA,NA,NA,NA,NA,NA
2021,Chris Williams,chris williams,IND,DL,3,0,0,0,0,0,0,0,0,NA,NA,NA,NA,NA,NA,NA,NA,NA,NA,NA,NA,NA,NA,NA,NA,NA,NA,NA,NA,NA,NA
2021,Christian Blake,christian blake,ATL,WR,9,9,4,25,0,0,2,58,2,-4.044391768111382,0.4444444444444444,2.7777777777777777,6.25,0,6.444444444444445,0.5,NA,NA,NA,NA,NA,NA,NA,NA,NA,NA,NA,NA,NA,NA,NA
2021,Christian Kirk,christian kirk,ARI,WR,17,103,77,982,5,0,44,1201,231,51.099387971530916,0.7475728155339806,9.533980582524272,12.753246753246753,0.04854368932038835,11.660194174757281,3,103,77,982,5,74.75728155339806,5.999787234042554,3.379195378249628,11.434271844660197,3.263896103896104,4.109475585394576,-0.8455794814984721,27.89183633353779,9.533980582524272,12.753246753246753,0.04854368932038835
2021,Cody Hollister,cody hollister,TEN,WR,3,7,4,33,0,0,4,72,17,-1.7773421431193128,0.5714285714285714,4.714285714285714,8.25,0,10.285714285714286,4.25,NA,NA,NA,NA,NA,NA,NA,NA,NA,NA,NA,NA,NA,NA,NA
2021,Cody Thompson,cody thompson,SEA,WR,2,0,0,0,0,0,0,0,0,NA,NA,NA,NA,NA,NA,NA,NA,NA,NA,NA,NA,NA,NA,NA,NA,NA,NA,NA,NA,NA,NA
2021,Cody White,cody white,PIT,WR,6,6,5,33,0,0,3,38,14,2.2627104824059643,0.8333333333333334,5.5,6.6,0,6.333333333333333,2.8,NA,NA,NA,NA,NA,NA,NA,NA,NA,NA,NA,NA,NA,NA,NA
2021,Cole Beasley,cole beasley,BUF,WR,16,112,82,693,1,1,35,630,305,6.190129305082185,0.7321428571428571,6.1875,8.451219512195122,0.008928571428571428,5.625,3.7195121951219514,112,82,693,1,73.21428571428571,6.769278350515464,4.00100735319073,5.363482142857144,3.9499999999999997,4.4226351130323325,-0.47263511303233274,11.229378721176941,6.1875,8.451219512195122,0.008928571428571428
2021,Collin Johnson,collin johnson,NYG,WR,8,21,11,105,0,0,6,178,18,-12.104881962764281,0.5238095238095238,5,9.545454545454545,0,8.476190476190476,1.6363636363636365,NA,NA,NA,NA,NA,NA,NA,NA,NA,NA,NA,NA,NA,NA,NA
2021,Cooper Kupp,cooper kupp,LA,WR,17,191,145,1947,16,0,89,1641,846,112.93584767521602,0.7591623036649214,10.193717277486911,13.427586206896551,0.08376963350785341,8.591623036649215,5.834482758620689,191,145,1947,16,75.91623036649214,6.565126582278481,3.6306120900679146,8.382879581151833,6.156896551724138,4.849522867847579,1.307373683876559,31.314148699815362,10.193717277486911,13.427586206896551,0.08376963350785341
2021,Corey Davis,corey davis,NYJ,WR,9,59,34,492,4,2,23,765,129,-0.8347992301747356,0.576271186440678,8.3389830508474585,14.470588235294118,0.06779661016949153,12.966101694915254,3.7941176470588234,59,34,492,4,57.6271186440678,6.759473684210525,2.6700590654322283,13.097118644067796,3.6023529411764694,2.6478314037131483,0.9545215374633211,18.06528686617899,8.3389830508474585,14.470588235294118,0.06779661016949153
2021,Courtland Sutton,courtland sutton,DEN,WR,17,98,58,776,2,0,35,1509,135,20.20711837010122,0.5918367346938775,7.918367346938775,13.379310344827585,0.02040816326530612,15.39795918367347,2.3275862068965516,98,58,776,2,59.183673469387756,5.151063829787234,2.4701778485874994,15.431122448979592,2.4898275862068955,2.9842418747201584,-0.49441428851326297,34.4865725284148,7.918367346938775,13.379310344827585,0.02040816326530612
2021,Curtis Samuel,curtis samuel,WAS,WR,5,9,6,27,0,0,4,21,40,-0.04461636405903846,0.6666666666666666,3,4.5,0,2.3333333333333335,6.666666666666667,NA,NA,NA,NA,NA,NA,NA,NA,NA,NA,NA,NA,NA,NA,NA
2021,Cyril Grayson,cyril grayson,TB,WR,3,12,10,212,2,0,8,185,70,17.28436093009077,0.8333333333333334,17.666666666666668,21.2,0.16666666666666666,15.416666666666666,7,NA,NA,NA,NA,NA,NA,NA,NA,NA,NA,NA,NA,NA,NA,NA
2021,D.J. Moore,d j moore,CAR,WR,NA,NA,NA,NA,NA,NA,NA,NA,NA,NA,NA,NA,NA,NA,NA,NA,163,93,1157,4,57.05521472392638,5.607682119205299,2.656482565158929,10.57355828220859,4.996236559139784,4.556255618657085,0.4399809404826991,40.25989801233849,7.098159509202454,12.440860215053764,0.024539877300613498
2021,DJ Chark,dj chark,JAX,WR,3,22,7,154,2,0,7,359,24,-0.6727991132660601,0.3181818181818182,7,22,0.09090909090909091,16.318181818181817,3.4285714285714284,NA,NA,NA,NA,NA,NA,NA,NA,NA,NA,NA,NA,NA,NA,NA
2021,Damiere Byrd,damiere byrd,CHI,WR,11,38,26,329,1,0,18,325,116,8.973832560497478,0.6842105263157895,8.657894736842104,12.653846153846153,0.02631578947368421,8.552631578947368,4.461538461538462,NA,NA,NA,NA,NA,NA,NA,NA,NA,NA,NA,NA,NA,NA,NA
2021,Dan Chisena,dan chisena,MIN,WR,2,0,0,0,0,0,0,0,0,NA,NA,NA,NA,NA,NA,NA,NA,NA,NA,NA,NA,NA,NA,NA,NA,NA,NA,NA,NA,NA,NA
2021,Danny Amendola,danny amendola,HOU,WR,8,38,24,248,3,1,11,321,105,0.9343841800807087,0.631578947368421,6.526315789473684,10.333333333333334,0.07894736842105263,8.447368421052632,4.375,NA,NA,NA,NA,NA,NA,NA,NA,NA,NA,NA,NA,NA,NA,NA
2021,Dante Pettis,dante pettis,NYG,WR,3,16,10,87,1,0,5,103,38,-1.9642320835057556,0.625,5.4375,8.7,0.0625,6.4375,3.8,NA,NA,NA,NA,NA,NA,NA,NA,NA,NA,NA,NA,NA,NA,NA
2021,Darius Slayton,darius slayton,NYG,WR,13,58,26,339,2,1,14,773,65,-14.252361351251919,0.4482758620689655,5.844827586206897,13.038461538461538,0.034482758620689655,13.327586206896552,2.5,58,26,339,2,44.827586206896555,6.762241379310345,2.9677173400443895,13.423448275862066,2.6230769230769218,3.034228005007341,-0.41115108193041916,18.703425213685478,5.844827586206897,13.038461538461538,0.034482758620689655
2021,Darnell Mooney,darnell mooney,CHI,WR,17,140,81,1055,4,0,49,1556,381,0.5429042949728003,0.5785714285714286,7.535714285714286,13.024691358024691,0.02857142857142857,11.114285714285714,4.703703703703703,140,81,1055,4,57.85714285714286,7.105238095238095,2.9021977255486555,11.271,5.073703703703704,4.090608236121748,0.9830954675819559,36.427141791923404,7.535714285714286,13.024691358024691,0.02857142857142857
2021,Daurice Fountain,daurice fountain,KC,WR,1,0,0,0,0,0,0,0,0,NA,NA,NA,NA,NA,NA,NA,NA,NA,NA,NA,NA,NA,NA,NA,NA,NA,NA,NA,NA,NA,NA
2021,Davante Adams,davante adams,GB,WR,16,169,123,1553,11,0,84,1614,601,71.96588018300136,0.727810650887574,9.189349112426035,12.626016260162602,0.0650887573964497,9.550295857988166,4.8861788617886175,169,123,1553,11,72.7810650887574,5.294171779141104,2.9521246706389666,9.073313609467457,5.41439024390244,4.849339048544954,0.5650511953574853,35.23204036523553,9.189349112426035,12.626016260162602,0.0650887573964497
2021,David Moore,david moore,GB,WR,2,2,0,0,0,0,0,28,0,-0.9738130733603612,0,0,NA,0,14,NA,NA,NA,NA,NA,NA,NA,NA,NA,NA,NA,NA,NA,NA,NA,NA
2021,David Sills,david sills,NYG,WR,4,6,2,17,0,0,1,58,2,-2.9543511403899174,0.3333333333333333,2.8333333333333335,8.5,0,9.666666666666666,1,NA,NA,NA,NA,NA,NA,NA,NA,NA,NA,NA,NA,NA,NA,NA
2021,Davion Davis,davion davis,HOU,WR,2,3,1,17,0,0,1,14,13,-4.320512734120712,0.3333333333333333,5.666666666666667,17,0,4.666666666666667,13,NA,NA,NA,NA,NA,NA,NA,NA,NA,NA,NA,NA,NA,NA,NA
2021,Dax Milne,dax milne,WAS,WR,9,14,9,83,0,1,4,102,39,-5.622943584632594,0.6428571428571429,5.928571428571429,9.222222222222221,0,7.285714285714286,4.333333333333333,NA,NA,NA,NA,NA,NA,NA,NA,NA,NA,NA,NA,NA,NA,NA
2021,Dazz Newsome,dazz newsome,CHI,WR,3,5,2,23,0,0,1,36,15,-9.422695572604425,0.4,4.6,11.5,0,7.2,7.5,NA,NA,NA,NA,NA,NA,NA,NA,NA,NA,NA,NA,NA,NA,NA
2021,DeAndre Carter,deandre carter,WAS,WR,17,44,24,296,3,0,17,485,78,9.942710329416977,0.5454545454545454,6.7272727272727275,12.333333333333334,0.06818181818181818,11.022727272727273,3.25,NA,NA,NA,NA,NA,NA,NA,NA,NA,NA,NA,NA,NA,NA,NA
2021,DeAndre Hopkins,deandre hopkins,ARI,WR,10,64,42,572,8,0,32,788,140,42.37796969614686,0.65625,8.9375,13.619047619047619,0.125,12.3125,3.3333333333333335,64,42,572,8,65.625,5.2915624999999995,2.829417514372512,12.639062500000001,3.4569047619047617,2.9441063439138713,0.5127984179908904,19.1569429412503,8.9375,13.619047619047619,0.125
2021,DeSean Jackson,desean jackson,LV,WR,14,34,20,454,2,1,12,647,175,11.046789813728537,0.5882352941176471,13.352941176470589,22.7,0.058823529411764705,19.029411764705884,8.75,NA,NA,NA,NA,NA,NA,NA,NA,NA,NA,NA,NA,NA,NA,NA
2021,DeVante Parker,devante parker,MIA,WR,9,73,40,515,2,0,29,856,104,24.061896761366867,0.547945205479452,7.054794520547945,12.875,0.0273972602739726,11.726027397260275,2.6,73,40,515,2,54.794520547945204,5.186164383561643,1.709465776863593,11.846027397260274,3.2029999999999994,2.6260761891859112,0.5769238108140882,20.003192146394618,7.054794520547945,12.875,0.0273972602739726
2021,DeVonta Smith,devonta smith,PHI,WR,17,104,64,916,5,1,43,1476,208,29.674990696259094,0.6153846153846154,8.807692307692308,14.3125,0.04807692307692308,14.192307692307692,3.25,104,64,916,5,61.53846153846154,6.097920792079208,2.3200671310559837,14.811153846153843,2.9459374999999994,2.6702383455055956,0.27569915449440385,37.992304656669305,8.807692307692308,14.3125,0.04807692307692308
2021,Dede Westbrook,dede westbrook,MIN,WR,15,15,10,68,0,0,3,110,17,-1.9098853867621823,0.6666666666666666,4.533333333333333,6.8,0,7.333333333333333,1.7,NA,NA,NA,NA,NA,NA,NA,NA,NA,NA,NA,NA,NA,NA,NA
2021,Deebo Samuel,deebo samuel,NA,WR,NA,NA,NA,NA,NA,NA,NA,NA,NA,NA,NA,NA,NA,NA,NA,NA,121,77,1397,6,63.63636363636363,6.697747747747746,3.320780213898697,8.65190082644628,10.3712987012987,5.173695638553282,5.197603062745419,26.61290937608834,11.545454545454545,18.142857142857142,0.049586776859504134
2021,Demarcus Robinson,demarcus robinson,KC,WR,14,41,25,264,3,0,13,427,62,9.856429052995656,0.6097560975609756,6.439024390243903,10.56,0.07317073170731707,10.414634146341463,2.48,NA,NA,NA,NA,NA,NA,NA,NA,NA,NA,NA,NA,NA,NA,NA
2021,Demetric Felton,demetric felton,CLE,RB,15,21,18,181,2,0,10,9,201,9.55242118309252,0.8571428571428571,8.619047619047619,10.055555555555555,0.09523809523809523,0.42857142857142855,11.166666666666666,NA,NA,NA,NA,NA,NA,NA,NA,NA,NA,NA,NA,NA,NA,NA
2021,Denzel Mims,denzel mims,NYJ,WR,10,23,8,133,0,0,5,268,49,-6.652713170672055,0.34782608695652173,5.782608695652174,16.625,0,11.652173913043478,6.125,NA,NA,NA,NA,NA,NA,NA,NA,NA,NA,NA,NA,NA,NA,NA
2021,Deonte Harty,deonte harty,NO,WR,13,59,36,570,3,0,23,585,246,9.929468594910395,0.6101694915254238,9.6610169491525415,15.833333333333334,0.05084745762711865,9.915254237288135,6.833333333333333,NA,NA,NA,NA,NA,NA,NA,NA,NA,NA,NA,NA,NA,NA,NA
2021,Devin Duvernay,devin duvernay,BAL,WR,16,47,33,272,2,0,14,284,141,7.4482302006255114,0.7021276595744681,5.787234042553192,8.242424242424242,0.0425531914893617,6.042553191489362,4.2727272727272725,47,33,272,2,70.2127659574468,7.904749999999998,3.7302892755766934,6.885106382978724,4.539999999999998,4.713766498233957,-0.17376649823395862,6.1607115659934815,5.787234042553192,8.242424242424242,0.0425531914893617
2021,Devin Smith,devin smith,JAX,WR,1,1,0,0,0,0,0,19,0,-4.469863481936045,0,0,NA,0,19,NA,NA,NA,NA,NA,NA,NA,NA,NA,NA,NA,NA,NA,NA,NA,NA
2021,Dez Fitzpatrick,dez fitzpatrick,TEN,WR,3,8,5,49,1,0,4,109,3,-4.218251272744965,0.625,6.125,9.8,0.125,13.625,0.6,NA,NA,NA,NA,NA,NA,NA,NA,NA,NA,NA,NA,NA,NA,NA
2021,Dezmon Patmon,dezmon patmon,IND,WR,4,4,2,21,1,0,1,36,3,1.1738232796196826,0.5,5.25,10.5,0.25,9,1.5,NA,NA,NA,NA,NA,NA,NA,NA,NA,NA,NA,NA,NA,NA,NA
2021,Dillon Stoner,dillon stoner,LV,WR,2,0,0,0,0,0,0,0,0,NA,NA,NA,NA,NA,NA,NA,NA,NA,NA,NA,NA,NA,NA,NA,NA,NA,NA,NA,NA,NA,NA
2021,Diontae Johnson,diontae johnson,PIT,WR,16,169,107,1161,8,2,59,1440,527,22.046528781486174,0.6331360946745562,6.8698224852071,10.850467289719626,0.047337278106508875,8.520710059171599,4.925233644859813,169,107,1161,8,63.31360946745562,4.6364024390243905,3.1734949230497023,8.385562130177517,5.141121495327103,5.132354796208329,0.008766699118774035,32.47566318954298,6.8698224852071,10.850467289719626,0.047337278106508875
2021,Diontae Spencer,diontae spencer,DEN,WR,15,4,1,-3,0,0,0,9,0,-3.410681068256963,0.25,-0.75,-3,0,2.25,0,NA,NA,NA,NA,NA,NA,NA,NA,NA,NA,NA,NA,NA,NA,NA
2021,Donovan Peoples-Jones,donovan peoples jones,CLE,WR,13,58,34,597,3,1,26,904,146,25.022869365793994,0.5862068965517241,10.293103448275861,17.558823529411764,0.05172413793103448,15.586206896551724,4.294117647058823,58,34,597,3,58.620689655172406,5.722068965517242,2.1144548401272063,14.998448275862069,4.8955882352941185,3.6011883003023835,1.294399934991735,21.26570952924582,10.293103448275861,17.558823529411764,0.05172413793103448
2021,Dyami Brown,dyami brown,WAS,WR,10,25,12,165,0,0,6,381,34,-1.5833218638767814,0.48,6.6,13.75,0,15.24,2.8333333333333335,NA,NA,NA,NA,NA,NA,NA,NA,NA,NA,NA,NA,NA,NA,NA
2021,Easop Winston,easop winston,NO,WR,3,1,1,5,0,0,0,-4,9,-0.50927493860945106,1,5,5,0,-4,9,NA,NA,NA,NA,NA,NA,NA,NA,NA,NA,NA,NA,NA,NA,NA
2021,Elijah Moore,elijah moore,NYJ,WR,11,77,43,538,5,0,24,899,207,-1.2907747868831332,0.5584415584415584,6.987012987012987,12.511627906976743,0.06493506493506493,11.675324675324676,4.813953488372093,77,43,538,5,55.84415584415584,5.850526315789474,3.4411460129809357,11.91831168831169,5.097906976744186,4.662041136477697,0.435865840266489,21.454705278636936,6.987012987012987,12.511627906976743,0.06493506493506493
2021,Emmanuel Sanders,emmanuel sanders,BUF,WR,14,72,42,626,4,0,31,1077,85,24.830480036758914,0.5833333333333334,8.694444444444445,14.904761904761905,0.05555555555555555,14.958333333333334,2.0238095238095237,72,42,626,4,58.333333333333336,5.714305555555556,2.9177028261877918,15.002777777777778,2.5576190476190477,2.6958310009649433,-0.13821195334589564,20.192730093747947,8.694444444444445,14.904761904761905,0.05555555555555555
2021,Equanimeous St. Brown,equanimeous st brown,GB,WR,12,17,9,98,0,0,6,175,58,4.694028524769237,0.5294117647058824,5.764705882352941,10.88888888888889,0,10.294117647058824,6.444444444444445,NA,NA,NA,NA,NA,NA,NA,NA,NA,NA,NA,NA,NA,NA,NA
2021,Frank Darby,frank darby,ATL,WR,4,4,1,14,0,0,1,83,11,-3.1446534376009367,0.25,3.5,14,0,20.75,11,NA,NA,NA,NA,NA,NA,NA,NA,NA,NA,NA,NA,NA,NA,NA
2021,Freddie Swain,freddie swain,SEA,WR,17,40,25,343,4,0,12,324,206,12.286259284678149,0.625,8.575,13.72,0.1,8.1,8.24,NA,NA,NA,NA,NA,NA,NA,NA,NA,NA,NA,NA,NA,NA,NA
2021,Gabriel Davis,gabriel davis,BUF,WR,NA,NA,NA,NA,NA,NA,NA,NA,NA,NA,NA,NA,NA,NA,NA,NA,63,35,549,6,55.55555555555556,5.255322580645162,2.5960470479559143,14.08904761904762,4.026571428571429,3.5838759595586662,0.44269546901276247,16.59254689734458,8.714285714285714,15.685714285714285,0.09523809523809523
2021,Geronimo Allison,geronimo allison,DET,WR,1,2,0,0,0,0,0,20,0,-1.2163728820083386,0,0,NA,0,10,NA,NA,NA,NA,NA,NA,NA,NA,NA,NA,NA,NA,NA,NA,NA,NA
2021,Greg Dortch,greg dortch,ARI,WR,5,3,3,15,0,0,0,-16,31,-0.3387913668411784,1,5,5,0,-5.333333333333333,10.333333333333334,NA,NA,NA,NA,NA,NA,NA,NA,NA,NA,NA,NA,NA,NA,NA
2021,Greg Ward,greg ward,PHI,WR,10,11,7,95,3,0,4,85,16,10.643124117166735,0.6363636363636364,8.636363636363637,13.571428571428571,0.2727272727272727,7.7272727272727275,2.2857142857142856,NA,NA,NA,NA,NA,NA,NA,NA,NA,NA,NA,NA,NA,NA,NA
2021,Gunner Olszewski,gunner olszewski,NE,WR,16,3,2,31,0,0,2,29,14,1.6776933936052956,0.6666666666666666,10.333333333333334,15.5,0,9.666666666666666,7,NA,NA,NA,NA,NA,NA,NA,NA,NA,NA,NA,NA,NA,NA,NA
2021,Hunter Renfrow,hunter renfrow,LV,WR,17,128,103,1038,9,1,51,828,452,50.453046968609016,0.8046875,8.109375,10.077669902912621,0.0703125,6.46875,4.388349514563107,128,103,1038,9,80.46875,6.583805309734515,3.393140888393014,6.5453125,4.64135922330097,4.614241637024221,0.027117586276749428,17.221320068243948,8.109375,10.077669902912621,0.0703125
2021,Ihmir Smith-Marsette,ihmir smith marsette,MIN,WR,6,6,5,116,2,0,4,128,17,11.404099471285008,0.8333333333333334,19.333333333333332,23.2,0.3333333333333333,21.333333333333332,3.4,NA,NA,NA,NA,NA,NA,NA,NA,NA,NA,NA,NA,NA,NA,NA
2021,Isaiah Coulter,isaiah coulter,CHI,WR,1,1,0,0,0,0,0,22,0,-0.8571832496672869,0,0,NA,0,22,NA,NA,NA,NA,NA,NA,NA,NA,NA,NA,NA,NA,NA,NA,NA,NA
2021,Isaiah Ford,isaiah ford,MIA,WR,10,17,12,161,2,0,7,144,60,10.600430672289804,0.7058823529411765,9.470588235294118,13.416666666666666,0.11764705882352941,8.470588235294118,5,NA,NA,NA,NA,NA,NA,NA,NA,NA,NA,NA,NA,NA,NA,NA
2021,Isaiah McKenzie,isaiah mckenzie,BUF,WR,15,26,20,178,1,0,13,157,81,16.954948930360842,0.7692307692307693,6.846153846153846,8.9,0.038461538461538464,6.038461538461538,4.05,NA,NA,NA,NA,NA,NA,NA,NA,NA,NA,NA,NA,NA,NA,NA
2021,Isaiah Williams,isaiah williams,NYJ,OT,1,0,0,0,0,0,0,0,0,NA,NA,NA,NA,NA,NA,NA,NA,NA,NA,NA,NA,NA,NA,NA,NA,NA,NA,NA,NA,NA,NA
2021,J.J. Arcega-Whiteside,j j arcega whiteside,PHI,WR,7,5,2,36,0,0,2,41,29,-3.3505652281455696,0.4,7.2,18,0,8.2,14.5,NA,NA,NA,NA,NA,NA,NA,NA,NA,NA,NA,NA,NA,NA,NA
2021,J.J. Koski,j j koski,LA,WR,3,0,0,0,0,0,0,0,0,NA,NA,NA,NA,NA,NA,NA,NA,NA,NA,NA,NA,NA,NA,NA,NA,NA,NA,NA,NA,NA,NA
2021,Ja'Marr Chase,ja marr chase,CIN,WR,17,128,81,1455,13,2,56,1617,651,65.33957198970779,0.6328125,11.3671875,17.962962962962962,0.1015625,12.6328125,8.037037037037036,128,81,1455,13,63.28125,5.0419841269841275,2.3546604835947185,12.785703125000001,8.325802469135802,3.9292358569258834,4.396566612209918,37.4750692108475,11.3671875,17.962962962962962,0.1015625
2021,Jacob Harris,jacob harris,LA,WR,2,0,0,0,0,0,0,0,0,NA,NA,NA,NA,NA,NA,NA,NA,NA,NA,NA,NA,NA,NA,NA,NA,NA,NA,NA,NA,NA,NA
2021,Jaelon Darden,jaelon darden,TB,WR,9,12,6,43,0,0,1,156,24,-9.377901166287083,0.5,3.5833333333333335,7.166666666666667,0,13,4,NA,NA,NA,NA,NA,NA,NA,NA,NA,NA,NA,NA,NA,NA,NA
2021,Jake Kumerow,jake kumerow,BUF,WR,7,6,2,28,0,0,2,86,7,-1.3694363178364002,0.3333333333333333,4.666666666666667,14,0,14.333333333333334,3.5,NA,NA,NA,NA,NA,NA,NA,NA,NA,NA,NA,NA,NA,NA,NA
2021,Jakeem Grant,jakeem grant,CHI,WR,15,17,11,132,2,1,7,80,103,2.442662993678823,0.6470588235294118,7.764705882352941,12,0.11764705882352941,4.705882352941177,9.363636363636363,NA,NA,NA,NA,NA,NA,NA,NA,NA,NA,NA,NA,NA,NA,NA
2021,Jakobi Meyers,jakobi meyers,NE,WR,16,126,83,866,2,1,42,1221,222,19.095091447288684,0.6587301587301587,6.873015873015873,10.433734939759036,0.015873015873015872,9.69047619047619,2.674698795180723,126,83,866,2,65.87301587301587,5.368695652173912,2.753380933897082,9.587222222222222,2.988915662650603,3.2171216639582223,-0.22820600130761948,28.492077344365452,6.873015873015873,10.433734939759036,0.015873015873015872
2021,Jalen Camp,jalen camp,HOU,WR,1,0,0,0,0,0,0,0,0,NA,NA,NA,NA,NA,NA,NA,NA,NA,NA,NA,NA,NA,NA,NA,NA,NA,NA,NA,NA,NA,NA
2021,Jalen Guyton,jalen guyton,LAC,WR,16,48,31,448,3,0,21,503,149,26.991135289979866,0.6458333333333334,9.333333333333334,14.451612903225806,0.0625,10.479166666666666,4.806451612903226,48,31,448,3,64.58333333333334,7.003555555555555,3.4221027409155726,11.016458333333334,4.840967741935484,3.9501030321749813,0.8908647097605025,10.499864976490025,9.333333333333334,14.451612903225806,0.0625
2021,Jalen Reagor,jalen reagor,PHI,WR,17,57,33,299,2,0,13,549,151,-10.805154635583914,0.5789473684210527,5.245614035087719,9.06060606060606,0.03508771929824561,9.631578947368421,4.575757575757576,57,33,299,2,57.89473684210527,6.696315789473685,2.8799380316634937,10.051929824561402,4.440303030303031,4.800664831138769,-0.36036180083573743,14.13180741910024,5.245614035087719,9.06060606060606,0.03508771929824561
2021,Jamal Agnew,jamal agnew,JAX,WR,10,39,24,229,1,0,14,291,118,5.709054323579577,0.6153846153846154,5.871794871794871,9.541666666666666,0.02564102564102564,7.461538461538462,4.916666666666667,NA,NA,NA,NA,NA,NA,NA,NA,NA,NA,NA,NA,NA,NA,NA
2021,James Proche,james proche,BAL,WR,7,20,16,202,0,0,10,192,55,14.315364896436222,0.8,10.1,12.625,0,9.6,3.4375,NA,NA,NA,NA,NA,NA,NA,NA,NA,NA,NA,NA,NA,NA,NA
2021,James Washington,james washington,PIT,WR,15,44,24,285,2,0,9,514,79,-7.22128224318722,0.5454545454545454,6.4772727272727275,11.875,0.045454545454545456,11.681818181818182,3.2916666666666665,NA,NA,NA,NA,NA,NA,NA,NA,NA,NA,NA,NA,NA,NA,NA
2021,Jamison Crowder,jamison crowder,NYJ,WR,12,71,51,447,2,1,24,448,174,6.700944275106748,0.7183098591549296,6.295774647887324,8.764705882352942,0.028169014084507043,6.309859154929577,3.411764705882353,71,51,447,2,71.83098591549296,6.373174603174602,3.445735907780116,5.9877464788732375,3.4298039215686273,3.3085162384349305,0.12128768313369687,9.938911916735044,6.295774647887324,8.764705882352942,0.028169014084507043
2021,Jarvis Landry,jarvis landry,CLE,WR,12,87,52,570,2,1,29,696,273,-13.1820960384178,0.5977011494252874,6.551724137931035,10.961538461538462,0.022988505747126436,8,5.25,87,52,570,2,59.77011494252874,6.118765432098766,2.9965228876779557,8.287356321839082,5.259038461538462,4.833968133212803,0.42507032832565894,17.625474555512916,6.551724137931035,10.961538461538462,0.022988505747126436
2021,Jason Moore,jason moore,LAC,WR,1,4,3,56,0,0,3,60,26,2.601492775778752,0.75,14,18.666666666666668,0,15,8.666666666666666,NA,NA,NA,NA,NA,NA,NA,NA,NA,NA,NA,NA,NA,NA,NA
2021,Jauan Jennings,jauan jennings,SF,WR,13,38,24,282,5,1,15,355,103,18.174912513681285,0.631578947368421,7.421052631578948,11.75,0.13157894736842105,9.342105263157896,4.291666666666667,NA,NA,NA,NA,NA,NA,NA,NA,NA,NA,NA,NA,NA,NA,NA
2021,Jaydon Mickens,jaydon mickens,JAX,WR,11,3,2,10,0,0,1,58,3,0.5903129952494055,0.6666666666666666,3.3333333333333335,5,0,19.333333333333332,1.5,NA,NA,NA,NA,NA,NA,NA,NA,NA,NA,NA,NA,NA,NA,NA
2021,Jaylen Waddle,jaylen waddle,MIA,WR,16,140,104,1015,6,1,59,993,439,20.223480459799163,0.7428571428571429,7.25,9.759615384615385,0.04285714285714286,7.0928571428571425,4.221153846153846,140,104,1015,6,74.28571428571429,6.519593495934959,3.3368771186152197,6.790785714285715,4.5749038461538465,4.2261415203388175,0.348762325815029,21.99134419434158,7.25,9.759615384615385,0.04285714285714286
2021,Jaylon Moore,jaylon moore,SF,OT,1,0,0,0,0,0,0,0,0,NA,NA,NA,NA,NA,NA,NA,NA,NA,NA,NA,NA,NA,NA,NA,NA,NA,NA,NA,NA,NA,NA
2021,Jeff Smith,jeff smith,NYJ,WR,9,17,8,113,0,0,6,192,15,5.477149774771166,0.47058823529411764,6.647058823529412,14.125,0,11.294117647058824,1.875,NA,NA,NA,NA,NA,NA,NA,NA,NA,NA,NA,NA,NA,NA,NA
2021,Jerry Jeudy,jerry jeudy,DEN,WR,10,56,38,467,0,1,22,595,178,15.39769679902086,0.6785714285714286,8.339285714285714,12.289473684210526,0,10.625,4.684210526315789,56,38,467,0,67.85714285714286,6.382093023255814,3.5815596715801434,10.39375,5.0894736842105255,4.0478168767373806,1.041656807473145,13.273539123930458,8.339285714285714,12.289473684210526,0
2021,JoJo Natson,jojo natson,CLE,WR,3,0,0,0,0,0,0,0,0,NA,NA,NA,NA,NA,NA,NA,NA,NA,NA,NA,NA,NA,NA,NA,NA,NA,NA,NA,NA,NA,NA
2021,Joe Walker,joe walker,ARI,LB,6,0,0,0,0,0,0,0,0,NA,NA,NA,NA,NA,NA,NA,NA,NA,NA,NA,NA,NA,NA,NA,NA,NA,NA,NA,NA,NA,NA
2021,John Brown,john brown,JAX,WR,3,3,0,0,0,0,0,93,0,-5.6706744490657,0,0,NA,0,31,NA,NA,NA,NA,NA,NA,NA,NA,NA,NA,NA,NA,NA,NA,NA,NA
2021,John Hightower,john hightower,PHI,WR,1,0,0,0,0,0,0,0,0,NA,NA,NA,NA,NA,NA,NA,NA,NA,NA,NA,NA,NA,NA,NA,NA,NA,NA,NA,NA,NA,NA
2021,John Ross,john ross,NYG,WR,9,20,11,224,1,1,8,314,40,12.21210288227303,0.55,11.2,20.363636363636363,0.05,15.7,3.6363636363636362,NA,NA,NA,NA,NA,NA,NA,NA,NA,NA,NA,NA,NA,NA,NA
2021,Jordan Veasy,jordan veasy,HOU,WR,1,0,0,0,0,0,0,0,0,NA,NA,NA,NA,NA,NA,NA,NA,NA,NA,NA,NA,NA,NA,NA,NA,NA,NA,NA,NA,NA,NA
2021,Josh Gordon,josh gordon,KC,WR,9,14,5,32,1,0,3,153,5,-12.496325224316571,0.35714285714285715,2.2857142857142856,6.4,0.07142857142857142,10.928571428571429,1,NA,NA,NA,NA,NA,NA,NA,NA,NA,NA,NA,NA,NA,NA,NA
2021,Josh Johnson,josh johnson,BAL/SEA,QB,5,0,0,0,0,0,0,0,0,NA,NA,NA,NA,NA,NA,NA,NA,NA,NA,NA,NA,NA,NA,NA,NA,NA,NA,NA,NA,NA,NA
2021,Josh Palmer,josh palmer,LAC,WR,15,49,33,353,4,0,18,489,100,12.51690165518087,0.673469387755102,7.204081632653061,10.696969696969697,0.08163265306122448,9.979591836734693,3.0303030303030303,49,33,353,4,67.3469387755102,5.252727272727272,2.545687352465583,10.13469387755102,3.045454545454545,3.043100260666396,0.0023542847881490303,9.86068750794256,7.204081632653061,10.696969696969697,0.08163265306122448
2021,Josh Reynolds,josh reynolds,DET,WR,11,49,29,396,2,0,21,668,119,18.884278442147465,0.5918367346938775,8.081632653061224,13.655172413793103,0.04081632653061224,13.63265306122449,4.103448275862069,49,29,396,2,59.183673469387756,5.883333333333333,2.690538669932927,13.787551020408165,4.127586206896551,3.2249543136317236,0.9026318932648278,18.131290088832834,8.081632653061224,13.655172413793103,0.04081632653061224
2021,JuJu Smith-Schuster,juju smith schuster,PIT,WR,5,28,15,129,0,0,6,183,68,-8.17464221835365,0.5357142857142857,4.607142857142857,8.6,0,6.535714285714286,4.533333333333333,NA,NA,NA,NA,NA,NA,NA,NA,NA,NA,NA,NA,NA,NA,NA
2021,Julio Jones,julio jones,TEN,WR,10,48,31,434,1,0,19,579,112,15.380997685733822,0.6458333333333334,9.041666666666666,14,0.020833333333333332,12.0625,3.6129032258064515,48,31,434,1,64.58333333333334,5.460212765957447,2.427074285897147,12.073958333333337,3.9222580645161274,2.9311966030209287,0.9910614614951987,14.707711048230534,9.041666666666666,14,0.020833333333333332
2021,Justin Jefferson,justin jefferson,MIN,WR,17,167,108,1616,10,1,75,2063,490,77.73013027379446,0.6467065868263473,9.676646706586826,14.962962962962964,0.059880239520958084,12.353293413173652,4.537037037037037,167,108,1616,10,64.67065868263472,5.664424242424243,2.979162932406609,12.33994011976048,4.73787037037037,3.95846814644729,0.7794022239230798,45.31017075112023,9.676646706586826,14.962962962962964,0.059880239520958084
2021,Juwann Winfree,juwann winfree,GB,WR,5,13,8,58,0,2,6,75,31,-1.6387730676215142,0.6153846153846154,4.461538461538462,7.25,0,5.769230769230769,3.875,NA,NA,NA,NA,NA,NA,NA,NA,NA,NA,NA,NA,NA,NA,NA
2021,K.J. Hill,k j hill,LAC,WR,6,3,3,30,0,0,1,18,12,1.762588310695719,1,10,10,0,6,4,NA,NA,NA,NA,NA,NA,NA,NA,NA,NA,NA,NA,NA,NA,NA
2021,K.J. Osborn,k j osborn,MIN,WR,17,82,50,655,7,0,26,861,179,14.607148827083604,0.6097560975609756,7.987804878048781,13.1,0.08536585365853659,10.5,3.58,82,50,655,7,60.97560975609756,5.628552631578948,2.7642276002737436,10.492195121951218,3.898,3.4055439674080916,0.4924560325919085,18.91674398765209,7.987804878048781,13.1,0.08536585365853659
2021,Kadarius Toney,kadarius toney,NYG,WR,9,57,39,420,0,0,21,367,228,14.437597982451354,0.6842105263157895,7.368421052631579,10.76923076923077,0,6.43859649122807,5.846153846153846,57,39,420,0,68.42105263157895,7.138979591836735,3.363215457039522,6.6992982456140355,6.1038461538461535,4.498181098648355,1.6056650551977985,9.173461200290198,7.368421052631579,10.76923076923077,0
2021,Kalif Raymond,kalif raymond,DET,WR,16,71,48,576,4,0,28,725,262,17.047283275853175,0.676056338028169,8.112676056338028,12,0.056338028169014086,10.211267605633802,5.458333333333333,71,48,576,4,67.6056338028169,6.809130434782608,3.703546754644781,10.012957746478873,6.010625,5.449962812429114,0.5606621875708857,19.07946646627842,8.112676056338028,12,0.056338028169014086
2021,Kawaan Baker,kawaan baker,NO,WR,1,0,0,0,0,0,0,0,0,NA,NA,NA,NA,NA,NA,NA,NA,NA,NA,NA,NA,NA,NA,NA,NA,NA,NA,NA,NA,NA,NA
2021,Keelan Cole,keelan cole,NYJ,WR,14,51,28,449,1,0,20,686,85,7.281594383905823,0.5490196078431373,8.803921568627452,16.035714285714285,0.0196078431372549,13.450980392156863,3.0357142857142856,51,28,449,1,54.90196078431373,5.6126,2.657046183911194,13.666274509803921,3.201785714285713,2.0025349425243903,1.1992507717613226,16.294363671643953,8.803921568627452,16.035714285714285,0.0196078431372549
2021,Keenan Allen,keenan allen,LAC,WR,16,157,106,1138,6,1,66,1306,341,30.701160211185925,0.6751592356687898,7.248407643312102,10.735849056603774,0.03821656050955414,8.318471337579618,3.2169811320754715,157,106,1138,6,67.51592356687898,5.984397163120567,3.154428759718232,8.53248407643312,3.4380188679245283,3.834647703470501,-0.3966288355459726,26.599631465243355,7.248407643312102,10.735849056603774,0.03821656050955414
2021,Keith Kirkwood,keith kirkwood,CAR,WR,3,7,3,17,0,0,1,55,16,-0.8913638396188617,0.42857142857142855,2.4285714285714284,5.666666666666667,0,7.857142857142857,5.333333333333333,NA,NA,NA,NA,NA,NA,NA,NA,NA,NA,NA,NA,NA,NA,NA
2021,Keke Coutee,keke coutee,IND,WR,1,1,1,5,0,0,0,5,0,-0.1689153602346778,1,5,5,0,5,0,NA,NA,NA,NA,NA,NA,NA,NA,NA,NA,NA,NA,NA,NA,NA
2021,Kendall Hinton,kendall hinton,DEN,WR,11,23,15,175,1,0,10,185,57,10.06909498119787,0.6521739130434783,7.608695652173913,11.666666666666666,0.043478260869565216,8.043478260869565,3.8,NA,NA,NA,NA,NA,NA,NA,NA,NA,NA,NA,NA,NA,NA,NA
2021,Kendrick Bourne,kendrick bourne,NE,WR,17,70,55,800,5,1,27,592,385,42.377612264712354,0.7857142857142857,11.428571428571429,14.545454545454545,0.07142857142857142,8.457142857142857,7,70,55,800,5,78.57142857142857,6.433970588235293,3.298332501040528,8.481571428571426,7.117636363636364,4.389565524616543,2.7280708390198205,14.00345304193181,11.428571428571429,14.545454545454545,0.07142857142857142
2021,Kenny Golladay,kenny golladay,NYG,WR,14,76,37,521,0,0,27,1050,119,-3.4490646329655883,0.4868421052631579,6.855263157894737,14.08108108108108,0,13.81578947368421,3.2162162162162162,76,37,521,0,48.68421052631579,5.979600000000001,1.7375851345858915,13.700263157894737,3.2489189189189185,3.4471065068891065,-0.19818758797018798,25.01333282084052,6.855263157894737,14.08108108108108,0
2021,Kenny Stills,kenny stills,NO,WR,7,23,6,68,1,0,4,430,10,-9.398541503527667,0.2608695652173913,2.9565217391304346,11.333333333333334,0.043478260869565216,18.695652173913043,1.6666666666666667,NA,NA,NA,NA,NA,NA,NA,NA,NA,NA,NA,NA,NA,NA,NA
2021,Kevin White,kevin white,NO,WR,4,5,1,38,0,0,1,158,9,-1.2480545353610069,0.2,7.6,38,0,31.6,9,NA,NA,NA,NA,NA,NA,NA,NA,NA,NA,NA,NA,NA,NA,NA
2021,KhaDarel Hodge,khadarel hodge,DET,WR,12,27,13,157,0,0,7,304,37,-6.31410539101227,0.48148148148148145,5.814814814814815,12.076923076923077,0,11.25925925925926,2.8461538461538463,NA,NA,NA,NA,NA,NA,NA,NA,NA,NA,NA,NA,NA,NA,NA
2021,Kirk Merritt,kirk merritt,MIA,WR,1,3,1,13,0,0,1,56,6,-0.2178100550081581,0.3333333333333333,4.333333333333333,13,0,18.666666666666668,6,NA,NA,NA,NA,NA,NA,NA,NA,NA,NA,NA,NA,NA,NA,NA
2021,Kristian Wilkerson,kristian wilkerson,NE,WR,1,8,4,42,2,0,2,132,5,1.9433473990065977,0.5,5.25,10.5,0.25,16.5,1.25,NA,NA,NA,NA,NA,NA,NA,NA,NA,NA,NA,NA,NA,NA,NA
2021,Landen Akers,landen akers,LA,WR,1,0,0,0,0,0,0,0,0,NA,NA,NA,NA,NA,NA,NA,NA,NA,NA,NA,NA,NA,NA,NA,NA,NA,NA,NA,NA,NA,NA
2021,Laquon Treadwell,laquon treadwell,JAX,WR,12,51,33,434,1,0,22,613,122,23.1323142503435,0.6470588235294118,8.509803921568627,13.151515151515152,0.0196078431372549,12.019607843137255,3.696969696969697,51,33,434,1,64.70588235294117,5.627551020408164,2.944829729854694,12.28,3.778484848484849,3.140774433491888,0.6377104149929607,13.310210275308915,8.509803921568627,13.151515151515152,0.0196078431372549
2021,Laviska Shenault,laviska shenault,JAX,WR,NA,NA,NA,NA,NA,NA,NA,NA,NA,NA,NA,NA,NA,NA,NA,NA,100,63,619,0,63,6.692584269662921,3.6496709514602172,5.762399999999999,6.566507936507937,4.834031740866362,1.732476195641575,12.246719628670894,6.19,9.825396825396826,0
2021,Lil'Jordan Humphrey,lil jordan humphrey,NO,WR,8,18,13,249,2,0,9,192,101,4.856066745662363,0.7222222222222222,13.833333333333334,19.153846153846153,0.1111111111111111,10.666666666666666,7.769230769230769,NA,NA,NA,NA,NA,NA,NA,NA,NA,NA,NA,NA,NA,NA,NA
2021,Mack Hollins,mack hollins,MIA,WR,15,28,14,223,4,0,11,425,41,12.595832518130205,0.5,7.964285714285714,15.928571428571429,0.14285714285714285,15.178571428571429,2.9285714285714284,NA,NA,NA,NA,NA,NA,NA,NA,NA,NA,NA,NA,NA,NA,NA
2021,Malik Taylor,malik taylor,GB,WR,7,3,2,14,0,0,1,30,8,-0.4294887233118061,0.6666666666666666,4.666666666666667,7,0,10,4,NA,NA,NA,NA,NA,NA,NA,NA,NA,NA,NA,NA,NA,NA,NA
2021,Malik Turner,malik turner,DAL,WR,7,16,12,149,3,0,8,149,74,6.502443870471325,0.75,9.3125,12.416666666666666,0.1875,9.3125,6.166666666666667,NA,NA,NA,NA,NA,NA,NA,NA,NA,NA,NA,NA,NA,NA,NA
2021,Marcus Johnson,marcus johnson,TEN,WR,7,19,9,160,0,0,7,171,95,0.2852655313326977,0.47368421052631576,8.421052631578947,17.77777777777778,0,9,10.555555555555555,NA,NA,NA,NA,NA,NA,NA,NA,NA,NA,NA,NA,NA,NA,NA
2021,Marcus Kemp,marcus kemp,KC,WR,12,5,2,24,0,0,1,62,8,-0.5244607966160402,0.4,4.8,12,0,12.4,4,NA,NA,NA,NA,NA,NA,NA,NA,NA,NA,NA,NA,NA,NA,NA
2021,Marquez Callaway,marquez callaway,NO,WR,17,84,46,698,6,0,32,1060,144,27.968855190039477,0.5476190476190477,8.30952380952381,15.173913043478262,0.07142857142857142,12.619047619047619,3.130434782608696,84,46,698,6,54.761904761904766,5.755180722891566,2.833434106805715,12.91095238095238,3.108695652173913,2.714443245554135,0.3942524066197781,28.706649655632432,8.30952380952381,15.173913043478262,0.07142857142857142
2021,Marquez Stevenson,marquez stevenson,BUF,WR,5,0,0,0,0,0,0,0,0,NA,NA,NA,NA,NA,NA,NA,NA,NA,NA,NA,NA,NA,NA,NA,NA,NA,NA,NA,NA,NA,NA
2021,Marquez Valdes-Scantling,marquez valdes scantling,GB,WR,11,55,26,430,3,0,18,985,146,9.810256269082616,0.4727272727272727,7.818181818181818,16.53846153846154,0.05454545454545454,17.90909090909091,5.615384615384615,55,26,430,3,47.27272727272727,5.941698113207546,2.3729497686210688,17.12690909090909,6.002307692307694,5.1158226488222445,0.8864850434854494,21.643467991342426,7.818181818181818,16.53846153846154,0.05454545454545454
2021,Marquise Brown,marquise brown,BAL,WR,16,146,91,1008,6,2,42,1622,388,11.889530107876274,0.6232876712328768,6.904109589041096,11.076923076923077,0.0410958904109589,11.10958904109589,4.263736263736264,146,91,1008,6,62.328767123287676,7.661544117647058,3.547443575365998,11.52013698630137,4.337032967032966,4.553452978384384,-0.21642001135141786,32.020850467574405,6.904109589041096,11.076923076923077,0.0410958904109589
2021,Marquise Goodwin,marquise goodwin,CHI,WR,14,40,20,313,1,1,12,475,83,11.874486479927489,0.5,7.825,15.65,0.025,11.875,4.15,NA,NA,NA,NA,NA,NA,NA,NA,NA,NA,NA,NA,NA,NA,NA
2021,Marvin Hall,marvin hall,ATL,WR,1,1,1,10,0,0,1,5,5,1.1529732060153037,1,10,10,0,5,5,NA,NA,NA,NA,NA,NA,NA,NA,NA,NA,NA,NA,NA,NA,NA
2021,Marvin Jones,marvin jones,JAX,WR,17,120,73,832,4,0,42,1438,120,25.553950244378097,0.6083333333333333,6.933333333333334,11.397260273972602,0.03333333333333333,11.983333333333333,1.643835616438356,120,73,832,4,60.83333333333333,6.125966386554622,2.4602012466168253,12.780666666666667,1.8457534246575344,2.614532536861155,-0.7687791122036207,32.59501069016379,6.933333333333334,11.397260273972602,0.03333333333333333
2021,Mason Kinsey,mason kinsey,TEN,WR,1,0,0,0,0,0,0,0,0,NA,NA,NA,NA,NA,NA,NA,NA,NA,NA,NA,NA,NA,NA,NA,NA,NA,NA,NA,NA,NA,NA
2021,Matt Cole,matt cole,CAR,WR,1,0,0,0,0,0,0,0,0,NA,NA,NA,NA,NA,NA,NA,NA,NA,NA,NA,NA,NA,NA,NA,NA,NA,NA,NA,NA,NA,NA
2021,Matthew Slater,matthew slater,NE,WR,10,0,0,0,0,0,0,0,0,NA,NA,NA,NA,NA,NA,NA,NA,NA,NA,NA,NA,NA,NA,NA,NA,NA,NA,NA,NA,NA,NA
2021,Maurice Ffrench,maurice ffrench,LAC,WR,2,0,0,0,0,0,0,0,0,NA,NA,NA,NA,NA,NA,NA,NA,NA,NA,NA,NA,NA,NA,NA,NA,NA,NA,NA,NA,NA,NA
2021,Mecole Hardman,mecole hardman,KC,WR,17,83,59,693,2,1,33,612,502,17.99454054358648,0.7108433734939759,8.349397590361447,11.745762711864407,0.024096385542168676,7.373493975903615,8.508474576271187,83,59,693,2,71.08433734939759,6.82927536231884,4.122586127723884,7.163132530120483,8.750677966101694,6.538327236941041,2.2123507291606535,12.764038961512952,8.349397590361447,11.745762711864407,0.024096385542168676
2021,Michael Bandy,michael bandy,LAC,WR,1,0,0,0,0,0,0,0,0,NA,NA,NA,NA,NA,NA,NA,NA,NA,NA,NA,NA,NA,NA,NA,NA,NA,NA,NA,NA,NA,NA
2021,Michael Gallup,michael gallup,DAL,WR,9,62,35,445,2,0,23,722,123,18.40413693504282,0.5645161290322581,7.17741935483871,12.714285714285714,0.03225806451612903,11.64516129032258,3.5142857142857142,62,35,445,2,56.451612903225815,5.278548387096774,2.3762068327001495,11.889354838709677,3.8068571428571416,3.3513052543688255,0.45555188848831607,14.354175064308903,7.17741935483871,12.714285714285714,0.03225806451612903
2021,Michael Thomas,michael thomas,CIN,DB,6,0,0,0,0,0,0,0,0,NA,NA,NA,NA,NA,NA,NA,NA,NA,NA,NA,NA,NA,NA,NA,NA,NA,NA,NA,NA,NA,NA
2021,Mike Evans,mike evans,TB,WR,16,114,74,1035,14,0,56,1497,239,65.69545162617443,0.6491228070175439,9.078947368421053,13.986486486486486,0.12280701754385964,13.131578947368421,3.22972972972973,114,74,1035,14,64.91228070175438,4.903839285714286,2.7433316341126144,13.117982456140346,3.576756756756757,3.6280638000979164,-0.05130704334115954,26.16037519658111,9.078947368421053,13.986486486486486,0.12280701754385964
2021,Mike Strachan,mike strachan,IND,WR,2,3,2,26,0,0,2,54,0,4.277141111512052,0.6666666666666666,8.666666666666666,13,0,18,0,NA,NA,NA,NA,NA,NA,NA,NA,NA,NA,NA,NA,NA,NA,NA
2021,Mike Thomas,mike thomas,CIN,WR,7,11,5,52,0,0,3,109,13,-2.6988665318174827,0.45454545454545453,4.7272727272727275,10.4,0,9.909090909090908,2.6,NA,NA,NA,NA,NA,NA,NA,NA,NA,NA,NA,NA,NA,NA,NA
2021,Mike Williams,mike williams,LAC,WR,16,129,76,1146,9,0,51,1497,415,66.66828882257889,0.5891472868217055,8.883720930232558,15.078947368421053,0.06976744186046512,11.604651162790697,5.4605263157894735,129,76,1146,9,58.91472868217055,5.2667441860465125,2.4632850504922827,11.564651162790701,5.850263157894737,4.446411903093125,1.4038512548016122,29.622569576820446,8.883720930232558,15.078947368421053,0.06976744186046512
2021,Miles Boykin,miles boykin,BAL,WR,1,1,1,6,0,0,0,6,0,0.08530826517380774,1,6,6,0,6,0,NA,NA,NA,NA,NA,NA,NA,NA,NA,NA,NA,NA,NA,NA,NA
2021,Milton Williams,milton williams,PHI,DE,16,0,0,0,0,0,0,0,0,NA,NA,NA,NA,NA,NA,NA,NA,NA,NA,NA,NA,NA,NA,NA,NA,NA,NA,NA,NA,NA,NA
2021,Mohamed Sanu,mohamed sanu,SF,WR,8,24,15,177,0,0,12,227,44,12.058742377809107,0.625,7.375,11.8,0,9.458333333333334,2.933333333333333,NA,NA,NA,NA,NA,NA,NA,NA,NA,NA,NA,NA,NA,NA,NA
2021,N'Keal Harry,n keal harry,NE,TE,10,22,12,184,0,0,7,327,25,7.7237242978590075,0.5454545454545454,8.363636363636363,15.333333333333334,0,14.863636363636363,2.0833333333333335,NA,NA,NA,NA,NA,NA,NA,NA,NA,NA,NA,NA,NA,NA,NA
2021,Nelson Agholor,nelson agholor,NE,WR,14,64,37,473,3,0,23,914,104,3.639473476525111,0.578125,7.390625,12.783783783783784,0.046875,14.28125,2.810810810810811,64,37,473,3,57.8125,4.756031746031745,2.490758301129977,14.53828125,2.77918918918919,3.101571591354334,-0.322382402165144,21.9459212121498,7.390625,12.783783783783784,0.046875
2021,Nick Williams,nick williams,DET,DT,14,0,0,0,0,0,0,0,0,NA,NA,NA,NA,NA,NA,NA,NA,NA,NA,NA,NA,NA,NA,NA,NA,NA,NA,NA,NA,NA,NA
2021,Nico Collins,nico collins,HOU,WR,14,60,33,446,1,0,22,637,131,-0.25164409651455055,0.55,7.433333333333334,13.515151515151516,0.016666666666666666,10.616666666666667,3.9696969696969697,60,33,448,1,55.00000000000001,5.288500000000001,2.360439686621562,11.310166666666666,3.731818181818182,3.407342215413615,0.3244759664045671,17.506462281430416,7.466666666666667,13.575757575757576,0.016666666666666666
2021,Noah Brown,noah brown,DAL,WR,9,25,16,184,0,0,6,227,68,0.19712335924850777,0.64,7.36,11.5,0,9.08,4.25,NA,NA,NA,NA,NA,NA,NA,NA,NA,NA,NA,NA,NA,NA,NA
2021,Nsimba Webster,nsimba webster,CHI,WR,6,0,0,0,0,0,0,0,0,NA,NA,NA,NA,NA,NA,NA,NA,NA,NA,NA,NA,NA,NA,NA,NA,NA,NA,NA,NA,NA,NA
2021,Odell Beckham Jr.,odell beckham jr,LA,WR,14,82,44,537,5,0,27,1092,151,8.331478546044837,0.5365853658536586,6.548780487804878,12.204545454545455,0.06097560975609756,13.317073170731707,3.4318181818181817,NA,NA,NA,NA,NA,NA,NA,NA,NA,NA,NA,NA,NA,NA,NA
2021,Olamide Zaccheaus,olamide zaccheaus,ATL,WR,15,53,31,406,3,0,22,477,96,11.59271291705966,0.5849056603773585,7.660377358490566,13.096774193548388,0.05660377358490566,9,3.096774193548387,53,31,406,3,58.490566037735846,6.504000000000001,2.454409475956601,9.651132075471699,3.087741935483871,2.6384069762309115,0.44933495925295963,12.646957742926865,7.660377358490566,13.096774193548388,0.05660377358490566
2021,Parris Campbell,parris campbell,IND,WR,6,20,10,162,1,0,7,334,17,2.3772227646550164,0.5,8.1,16.2,0.05,16.7,1.7,NA,NA,NA,NA,NA,NA,NA,NA,NA,NA,NA,NA,NA,NA,NA
2021,Penny Hart,penny hart,SEA,WR,11,12,7,59,0,0,3,108,41,-3.16131397546269,0.5833333333333334,4.916666666666667,8.428571428571429,0,9,5.857142857142857,NA,NA,NA,NA,NA,NA,NA,NA,NA,NA,NA,NA,NA,NA,NA
2021,Pharoh Cooper,pharoh cooper,NYG,WR,8,11,4,33,0,0,1,79,7,-10.620481441050325,0.36363636363636365,3,8.25,0,7.181818181818182,1.75,NA,NA,NA,NA,NA,NA,NA,NA,NA,NA,NA,NA,NA,NA,NA
2021,Phillip Dorsett,phillip dorsett,HOU,WR,5,14,7,110,0,0,3,210,27,-0.9020297382123899,0.5,7.857142857142857,15.714285714285714,0,15,3.857142857142857,NA,NA,NA,NA,NA,NA,NA,NA,NA,NA,NA,NA,NA,NA,NA
2021,Preston Williams,preston williams,MIA,WR,6,16,6,71,0,0,3,137,38,-5.443816471208018,0.375,4.4375,11.833333333333334,0,8.5625,6.333333333333333,NA,NA,NA,NA,NA,NA,NA,NA,NA,NA,NA,NA,NA,NA,NA
2021,Quez Watkins,quez watkins,PHI,WR,17,62,43,647,1,0,25,746,253,30.81724546715188,0.6935483870967742,10.435483870967742,15.046511627906977,0.016129032258064516,12.03225806451613,5.883720930232558,62,43,647,1,69.35483870967742,5.997636363636364,3.3748816275932096,12.328225806451615,6.040000000000001,4.238913016454524,1.8010869835454768,18.852357932123134,10.435483870967742,15.046511627906977,0.016129032258064516
2021,Quintez Cephus,quintez cephus,DET,WR,5,22,15,204,2,0,9,251,95,9.401441617881094,0.6818181818181818,9.272727272727273,13.6,0.09090909090909091,11.409090909090908,6.333333333333333,NA,NA,NA,NA,NA,NA,NA,NA,NA,NA,NA,NA,NA,NA,NA
2021,Racey McMath,racey mcmath,TEN,WR,6,6,2,8,0,1,0,67,9,-6.968731027736794,0.3333333333333333,1.3333333333333333,4,0,11.166666666666666,4.5,NA,NA,NA,NA,NA,NA,NA,NA,NA,NA,NA,NA,NA,NA,NA
2021,Randall Cobb,randall cobb,GB,WR,11,39,28,375,5,0,21,307,138,21.414158601906966,0.717948717948718,9.615384615384615,13.392857142857142,0.1282051282051282,7.871794871794871,4.928571428571429,NA,NA,NA,NA,NA,NA,NA,NA,NA,NA,NA,NA,NA,NA,NA
2021,Rashard Higgins,rashard higgins,CLE,WR,12,47,24,275,1,0,16,546,41,5.273095316000005,0.5106382978723404,5.851063829787234,11.458333333333334,0.02127659574468085,11.617021276595745,1.7083333333333333,47,24,275,1,51.06382978723404,6.292,2.7902344878836436,11.670638297872342,1.7587499999999994,2.244507042158325,-0.4857570421583255,13.409050351164971,5.851063829787234,11.458333333333334,0.02127659574468085
2021,Rashod Bateman,rashod bateman,BAL,WR,12,68,46,515,1,0,29,606,163,14.884151672314442,0.6764705882352942,7.573529411764706,11.195652173913043,0.014705882352941176,8.911764705882353,3.5434782608695654,68,46,515,1,67.64705882352942,6.907272727272726,2.6628426843064412,9.174264705882353,3.8791304347826085,3.1370070981118117,0.7421233366707969,11.876884766517408,7.573529411764706,11.195652173913043,0.014705882352941176
2021,Ray-Ray McCloud,ray ray mccloud,PIT,WR,16,66,39,277,0,1,18,421,116,-14.2788928315848,0.5909090909090909,4.196969696969697,7.102564102564102,0,6.378787878787879,2.9743589743589745,66,39,277,0,59.09090909090909,5.506610169491526,3.0799188070387933,6.19621212121212,3.05025641025641,3.270465886143322,-0.2202094758869122,9.371505307349624,4.196969696969697,7.102564102564102,0
2021,River Cracraft,river cracraft,SF,WR,3,0,0,0,0,0,0,0,0,NA,NA,NA,NA,NA,NA,NA,NA,NA,NA,NA,NA,NA,NA,NA,NA,NA,NA,NA,NA,NA,NA
2021,Robbie Chosen,robbie chosen,CAR,WR,17,110,53,519,5,0,27,1156,158,-28.594330022858593,0.4818181818181818,4.718181818181818,9.79245283018868,0.045454545454545456,10.50909090909091,2.981132075471698,NA,NA,NA,NA,NA,NA,NA,NA,NA,NA,NA,NA,NA,NA,NA
2021,Robert Woods,robert woods,LA,WR,9,69,45,556,4,0,34,563,198,30.61831766193761,0.6521739130434783,8.057971014492754,12.355555555555556,0.057971014492753624,8.159420289855072,4.4,69,45,556,4,65.21739130434783,6.201515151515153,3.780679239585852,8.500144927536232,4.764222222222222,4.7187625349715425,0.045459687250679615,11.470687173389235,8.057971014492754,12.355555555555556,0.057971014492753624
2021,Rodney Adams,rodney adams,CHI,WR,1,1,0,0,0,0,0,15,0,-0.815943880006671,0,0,NA,0,15,NA,NA,NA,NA,NA,NA,NA,NA,NA,NA,NA,NA,NA,NA,NA,NA
2021,Rodney Smith,rodney smith,CAR,RB,1,5,5,48,0,0,2,16,32,2.8780167452641763,1,9.6,9.6,0,3.2,6.4,NA,NA,NA,NA,NA,NA,NA,NA,NA,NA,NA,NA,NA,NA,NA
2021,Rondale Moore,rondale moore,ARI,WR,14,64,54,435,1,1,19,92,438,1.4988294399605682,0.84375,6.796875,8.055555555555555,0.015625,1.4375,8.11111111111111,64,54,435,1,84.375,7.957272727272727,5.663636697806378,1.1118749999999997,8.371296296296295,6.849621543283773,1.5216747530125225,1.6852615399918047,6.796875,8.055555555555555,0.015625
2021,Russell Gage,russell gage,ATL,WR,13,94,66,770,4,2,37,882,248,9.49708630586398,0.7021276595744681,8.191489361702128,11.666666666666666,0.0425531914893617,9.382978723404255,3.757575757575758,94,66,771,4,70.2127659574468,6.081358024691359,3.101704611897956,9.420744680851065,4.130606060606061,3.7133669675434318,0.4172390930626291,21.895003869423647,8.202127659574469,11.681818181818182,0.0425531914893617
2021,Sammy Watkins,sammy watkins,BAL,WR,11,49,27,394,1,1,17,630,107,-1.9972376012962414,0.5510204081632653,8.040816326530612,14.592592592592593,0.02040816326530612,12.857142857142858,3.962962962962963,49,27,394,1,55.10204081632652,5.891632653061224,3.069747674039801,12.666530612244898,4.462962962962961,3.883620931922595,0.5793420310403659,11.81615340095647,8.040816326530612,14.592592592592593,0.02040816326530612
2021,Seth Williams,seth williams,DEN,WR,1,1,1,34,0,0,1,30,4,2.065914782579057,1,34,34,0,30,4,NA,NA,NA,NA,NA,NA,NA,NA,NA,NA,NA,NA,NA,NA,NA
2021,Shi Smith,shi smith,CAR,WR,5,11,6,104,0,0,3,74,71,-2.5148959513753653,0.5454545454545454,9.454545454545455,17.333333333333332,0,6.7272727272727275,11.833333333333334,NA,NA,NA,NA,NA,NA,NA,NA,NA,NA,NA,NA,NA,NA,NA
2021,Stanley Morgan,stanley morgan,CIN,WR,11,4,2,11,0,0,0,32,20,-1.1837685892824084,0.5,2.75,5.5,0,8,10,NA,NA,NA,NA,NA,NA,NA,NA,NA,NA,NA,NA,NA,NA,NA
2021,Stefon Diggs,stefon diggs,BUF,WR,17,164,103,1225,10,1,66,1827,326,31.989855666641777,0.6280487804878049,7.469512195121951,11.893203883495145,0.06097560975609756,11.140243902439025,3.1650485436893203,164,103,1225,10,62.80487804878049,5.056352201257862,2.654973991803642,11.615766871165647,3.2840776699029126,3.050578552535772,0.23349911736714057,35.393732065913305,7.469512195121951,11.893203883495145,0.06097560975609756
2021,Stephen Sullivan,stephen sullivan,CAR,TE,1,1,0,0,0,0,0,-2,0,-0.37562500091735274,0,0,NA,0,-2,NA,NA,NA,NA,NA,NA,NA,NA,NA,NA,NA,NA,NA,NA,NA,NA
2021,Sterling Shepard,sterling shepard,NYG,WR,7,53,36,366,1,0,19,404,111,1.8174775529000091,0.6792452830188679,6.90566037735849,10.166666666666666,0.018867924528301886,7.622641509433962,3.0833333333333335,53,36,366,1,67.9245283018868,7.694693877551021,2.618812387855782,7.94811320754717,3.259722222222222,3.515493990423016,-0.25577176820079384,10.119731133457934,6.90566037735849,10.166666666666666,0.018867924528301886
2021,T.Y. Hilton,t y hilton,IND,WR,10,37,23,331,3,0,15,476,71,20.310024556005374,0.6216216216216216,8.945945945945946,14.391304347826088,0.08108108108108109,12.864864864864865,3.0869565217391304,NA,NA,NA,NA,NA,NA,NA,NA,NA,NA,NA,NA,NA,NA,NA
2021,Tajae Sharpe,tajae sharpe,ATL,WR,14,37,25,230,0,0,14,347,69,4.768193417044516,0.6756756756756757,6.216216216216216,9.2,0,9.378378378378379,2.76,NA,NA,NA,NA,NA,NA,NA,NA,NA,NA,NA,NA,NA,NA,NA
2021,Tarik Black,tarik black,NYJ,WR,1,2,1,10,0,0,1,18,0,1.0964359322097152,0.5,5,10,0,9,0,NA,NA,NA,NA,NA,NA,NA,NA,NA,NA,NA,NA,NA,NA,NA
2021,Tavon Austin,tavon austin,JAX,WR,11,37,24,213,1,0,11,320,68,-9.35806463314757,0.6486486486486487,5.756756756756757,8.875,0.02702702702702703,8.64864864864865,2.8333333333333335,NA,NA,NA,NA,NA,NA,NA,NA,NA,NA,NA,NA,NA,NA,NA
2021,Tee Higgins,tee higgins,CIN,WR,14,110,74,1091,6,1,53,1323,285,58.07817947462154,0.6727272727272727,9.918181818181818,14.743243243243244,0.05454545454545454,12.027272727272727,3.8513513513513513,110,74,1091,6,67.27272727272727,6.000733944954128,2.268951119376171,12.096818181818183,4.0082432432432435,2.9197578876309733,1.0884853556122702,30.46994680668363,9.918181818181818,14.743243243243244,0.05454545454545454
2021,Terry McLaurin,terry mclaurin,WAS,WR,17,130,77,1053,5,0,47,1707,307,12.17581440386006,0.5923076923076923,8.1,13.675324675324676,0.038461538461538464,13.13076923076923,3.987012987012987,130,77,1053,5,59.23076923076923,5.588487394957982,2.4483050759453833,13.354230769230767,4.13896103896104,3.265498465983591,0.873462572977449,41.67066719153553,8.1,13.675324675324676,0.038461538461538464
2021,Tim Patrick,tim patrick,DEN,WR,16,85,53,734,5,0,39,995,202,37.65879882428589,0.6235294117647059,8.635294117647058,13.849056603773585,0.058823529411764705,11.705882352941176,3.811320754716981,85,53,734,5,62.35294117647059,6.0382278481012674,2.7579117542053315,11.990235294117648,4.145849056603775,3.0891518377596427,1.0566972188441324,23.241977268166316,8.635294117647058,13.849056603773585,0.058823529411764705
2021,Tom Kennedy,tom kennedy,DET,WR,6,10,6,54,0,0,2,77,17,-4.6357488874928094,0.6,5.4,9,0,7.7,2.8333333333333335,NA,NA,NA,NA,NA,NA,NA,NA,NA,NA,NA,NA,NA,NA,NA
2021,Tommylee Lewis,tommylee lewis,MIA,WR,2,2,1,7,0,0,1,6,11,0.25353055144660175,0.5,3.5,7,0,3,11,NA,NA,NA,NA,NA,NA,NA,NA,NA,NA,NA,NA,NA,NA,NA
2021,Tony Jones,tony jones,NO,RB,10,8,5,29,0,0,2,1,28,-1.5437731991405599,0.625,3.625,5.8,0,0.125,5.6,NA,NA,NA,NA,NA,NA,NA,NA,NA,NA,NA,NA,NA,NA,NA
2021,Travis Benjamin,travis benjamin,SF,WR,5,5,0,0,0,0,0,141,0,-9.597965894034132,0,0,NA,0,28.2,NA,NA,NA,NA,NA,NA,NA,NA,NA,NA,NA,NA,NA,NA,NA,NA
2021,Tre'Quan Smith,tre quan smith,NO,WR,10,50,32,377,3,1,19,480,113,12.518628092726908,0.64,7.54,11.78125,0.06,9.6,3.53125,50,32,377,3,64,6.61,2.356899085133115,9.934800000000001,3.6821875000000004,2.7936857200944027,0.8885017799055976,13.148435390715576,7.54,11.78125,0.06
2021,Trent Sherfield,trent sherfield,SF,WR,12,20,9,87,1,0,7,174,23,-5.662714003073322,0.45,4.35,9.666666666666666,0.05,8.7,2.5555555555555554,NA,NA,NA,NA,NA,NA,NA,NA,NA,NA,NA,NA,NA,NA,NA
2021,Trent Taylor,trent taylor,CIN,WR,4,3,2,41,0,0,2,39,7,3.1954914814997464,0.6666666666666666,13.666666666666666,20.5,0,13,3.5,NA,NA,NA,NA,NA,NA,NA,NA,NA,NA,NA,NA,NA,NA,NA
2021,Trenton Irwin,trenton irwin,CIN,WR,5,5,2,34,0,0,1,86,5,-1.706758976506535,0.4,6.8,17,0,17.2,2.5,NA,NA,NA,NA,NA,NA,NA,NA,NA,NA,NA,NA,NA,NA,NA
2021,Trinity Benson,trinity benson,DET,WR,7,22,10,103,0,0,4,175,59,-9.613334177061915,0.45454545454545453,4.681818181818182,10.3,0,7.954545454545454,5.9,NA,NA,NA,NA,NA,NA,NA,NA,NA,NA,NA,NA,NA,NA,NA
2021,Tutu Atwell,tutu atwell,LA,WR,6,0,0,0,0,0,0,0,0,NA,NA,NA,NA,NA,NA,NA,NA,NA,NA,NA,NA,NA,NA,NA,NA,NA,NA,NA,NA,NA,NA
2021,Ty Montgomery,ty montgomery,NO,WR,14,26,16,95,0,0,5,46,87,-4.376274906502047,0.6153846153846154,3.6538461538461537,5.9375,0,1.7692307692307692,5.4375,NA,NA,NA,NA,NA,NA,NA,NA,NA,NA,NA,NA,NA,NA,NA
2021,Tylan Wallace,tylan wallace,BAL,WR,10,6,2,23,0,0,1,38,14,-2.7527126162312925,0.3333333333333333,3.8333333333333335,11.5,0,6.333333333333333,7,NA,NA,NA,NA,NA,NA,NA,NA,NA,NA,NA,NA,NA,NA,NA
2021,Tyler Boyd,tyler boyd,CIN,WR,16,94,67,828,5,1,37,744,389,19.29710014353026,0.7127659574468085,8.808510638297872,12.35820895522388,0.05319148936170213,7.914893617021277,5.8059701492537314,94,67,828,5,71.27659574468085,6.34407894736842,3.169977055618785,8.028936170212768,5.873432835820894,5.157607702295264,0.7158251335256294,17.28198869269926,8.808510638297872,12.35820895522388,0.05319148936170213
2021,Tyler Johnson,tyler johnson,TB,WR,16,55,36,360,0,0,14,432,137,6.540266867442439,0.6545454545454545,6.545454545454546,10,0,7.8545454545454545,3.8055555555555554,55,36,360,0,65.45454545454545,5.903076923076924,2.920683237790749,8.002727272727274,4.076388888888889,3.42456444965433,0.6518244392345593,7.699681796633239,6.545454545454546,10,0
2021,Tyler Lockett,tyler lockett,SEA,WR,16,107,73,1175,8,0,41,1562,277,53.62214624355258,0.6822429906542056,10.981308411214954,16.095890410958905,0.07476635514018691,14.598130841121495,3.7945205479452055,107,73,1175,8,68.22429906542055,6.986736842105263,3.2250078353518954,14.878037383177567,4.151780821917808,3.9310103380404793,0.22077048387732878,35.576527693352865,10.981308411214954,16.095890410958905,0.07476635514018691
2021,Tyreek Hill,tyreek hill,KC,WR,17,159,111,1239,9,2,75,1647,444,62.36571529114821,0.6981132075471698,7.7924528301886795,11.162162162162161,0.05660377358490566,10.358490566037736,4,159,111,1239,9,69.81132075471697,6.119591836734694,3.5866316882727016,10.401132075471699,4.098198198198198,3.763652824775516,0.3345453734226824,35.5046125639501,7.7924528301886795,11.162162162162161,0.05660377358490566
2021,Tyrell Williams,tyrell williams,DET,WR,1,3,2,14,0,0,1,13,8,0.7994729118198198,0.6666666666666666,4.666666666666667,7,0,4.333333333333333,4,NA,NA,NA,NA,NA,NA,NA,NA,NA,NA,NA,NA,NA,NA,NA
2021,Tyrie Cleveland,tyrie cleveland,DEN,WR,4,1,0,0,0,0,0,5,0,-0.6472259720321745,0,0,NA,0,5,NA,NA,NA,NA,NA,NA,NA,NA,NA,NA,NA,NA,NA,NA,NA,NA
2021,Tyron Johnson,tyron johnson,LV,WR,7,5,2,16,0,0,1,102,9,-3.6356850985321216,0.4,3.2,8,0,20.4,4.5,NA,NA,NA,NA,NA,NA,NA,NA,NA,NA,NA,NA,NA,NA,NA
2021,Van Jefferson,van jefferson,LA,WR,17,89,50,802,6,0,32,1195,220,33.406992377025105,0.5617977528089888,9.01123595505618,16.04,0.06741573033707865,13.426966292134832,4.4,89,50,802,6,56.17977528089888,6.081379310344826,2.5438563258612215,13.629662921348315,4.6786,4.631354445990845,0.0472455540091552,23.724066714647797,9.01123595505618,16.04,0.06741573033707865
2021,Vyncint Smith,vyncint smith,NYJ,WR,1,1,0,0,0,0,0,18,0,-0.44284594018245116,0,0,NA,0,18,NA,NA,NA,NA,NA,NA,NA,NA,NA,NA,NA,NA,NA,NA,NA,NA
2021,Will Fuller,will fuller,MIA,WR,2,8,4,26,0,0,3,131,10,0.30389932035189116,0.5,3.25,6.5,0,16.375,2.5,NA,NA,NA,NA,NA,NA,NA,NA,NA,NA,NA,NA,NA,NA,NA
2021,Willie Snead,willie snead,CAR,WR,7,8,4,38,0,0,3,67,12,-4.782851389725693,0.5,4.75,9.5,0,8.375,3,NA,NA,NA,NA,NA,NA,NA,NA,NA,NA,NA,NA,NA,NA,NA
2021,Zach Pascal,zach pascal,IND,WR,16,69,38,384,3,1,16,608,121,-12.86810332951071,0.5507246376811594,5.565217391304348,10.105263157894736,0.043478260869565216,8.81159420289855,3.1842105263157894,69,38,384,3,55.072463768115945,6.0660655737704925,3.200508008891377,9.4168115942029,3.2584210526315793,3.407687024305554,-0.14926597167397482,16.25371159267663,5.565217391304348,10.105263157894736,0.043478260869565216
2021,Zay Jones,zay jones,LV,WR,15,70,47,546,1,1,29,979,170,6.003509571934941,0.6714285714285714,7.8,11.617021276595745,0.014285714285714285,13.985714285714286,3.617021276595745,70,47,546,1,67.14285714285714,7.063970588235294,3.3394613197323717,13.853,3.892553191489362,2.691524910029428,1.201028281459934,19.932783818783527,7.8,11.617021276595745,0.014285714285714285
2022,A.J. Brown,a j brown,PHI,WR,17,145,88,1496,11,2,59,1750,552,55.87002713848922,0.6068965517241379,10.317241379310344,17,0.07586206896551724,12.068965517241379,6.2727272727272725,145,88,1496,11,60.689655172413794,5.582708333333335,2.6036546557724924,12.238344827586207,6.622954545454544,4.629289544457863,1.993665000996681,41.290154451833274,10.317241379310344,17,0.07586206896551724
2022,A.J. Green,a j green,ARI/CLE,WR,22,47,24,236,2,0,11,515,56,-17.96692251307027,0.5106382978723404,5.0212765957446805,9.833333333333334,0.0425531914893617,10.957446808510639,2.3333333333333335,47,24,236,2,51.06382978723404,6.154893617021277,2.338413590720807,11.11127659574468,2.5091666666666668,1.752109092883744,0.7570575737829228,12.0069986986651,5.0212765957446805,9.833333333333334,0.0425531914893617
2022,Adam Thielen,adam thielen,MIN,WR,17,107,70,716,6,0,45,1036,152,11.184383340258071,0.6542056074766355,6.691588785046729,10.228571428571428,0.056074766355140186,9.682242990654206,2.1714285714285713,107,70,716,6,65.42056074766354,6.0571568627450985,2.7000781859567837,10.145233644859815,2.224142857142857,3.0810433476936585,-0.8569004905508013,22.2539750223454,6.691588785046729,10.228571428571428,0.056074766355140186
2022,Alec Pierce,alec pierce,IND,WR,16,78,41,593,2,1,28,914,113,19.428831803716417,0.5256410256410257,7.602564102564102,14.463414634146341,0.02564102564102564,11.717948717948717,2.7560975609756095,78,41,593,2,52.56410256410257,6.146025641025642,1.9436413699632846,12.086410256410254,2.7909756097560976,2.4830225038245444,0.30795310593155323,24.38837623818726,7.602564102564102,14.463414634146341,0.02564102564102564
2022,Alex Erickson,alex erickson,WAS,WR,2,0,0,0,0,0,0,0,0,NA,NA,NA,NA,NA,NA,NA,NA,NA,NA,NA,NA,NA,NA,NA,NA,NA,NA,NA,NA,NA,NA
2022,Allen Lazard,allen lazard,GB,WR,15,100,60,788,6,0,45,1249,248,11.311200733877264,0.6,7.88,13.133333333333333,0.06,12.49,4.133333333333334,100,60,788,6,60,5.217755102040816,2.6631272077367725,12.279600000000002,4.761166666666667,4.438444126897679,0.32272253976898835,28.46367633798704,7.88,13.133333333333333,0.06
2022,Allen Robinson,allen robinson,LA,WR,10,52,33,339,3,0,23,502,71,9.003204972820457,0.6346153846153846,6.519230769230769,10.272727272727273,0.057692307692307696,9.653846153846153,2.1515151515151514,52,33,339,3,63.46153846153846,4.843653846153846,2.14428141218037,9.45903846153846,2.6190909090909096,3.001418481334705,-0.38232757224379554,13.64539235323165,6.519230769230769,10.272727272727273,0.057692307692307696
2022,Amari Cooper,amari cooper,CLE,WR,17,132,78,1160,9,0,61,1642,299,52.517987040827116,0.5909090909090909,8.787878787878787,14.871794871794872,0.06818181818181818,12.43939393939394,3.8333333333333335,132,78,1160,9,59.09090909090909,5.725348837209302,2.471199962663058,12.869545454545458,4.034358974358974,3.3768823965510024,0.6574765778079716,38.70689910522851,8.787878787878787,14.871794871794872,0.06818181818181818
2022,Amari Rodgers,amari rodgers,HOU,WR,15,25,16,204,1,1,13,240,63,3.755423111128155,0.64,8.16,12.75,0.04,9.6,3.9375,NA,NA,NA,NA,NA,NA,NA,NA,NA,NA,NA,NA,NA,NA,NA
2022,Amon-Ra St. Brown,amon ra st brown,DET,WR,16,146,106,1161,6,0,68,933,531,57.19009879805758,0.726027397260274,7.9520547945205475,10.952830188679245,0.0410958904109589,6.390410958904109,5.009433962264151,146,106,1161,6,72.6027397260274,6.477822580645161,3.1029682752208707,6.298082191780822,5.167641509433962,4.5428303858204355,0.6248111236135268,22.794192379295048,7.9520547945205475,10.952830188679245,0.0410958904109589
2022,Andre Baccellia,andre baccellia,ARI,WR,5,10,7,45,0,0,4,91,11,1.4270980003959286,0.7,4.5,6.428571428571429,0,9.1,1.5714285714285714,NA,NA,NA,NA,NA,NA,NA,NA,NA,NA,NA,NA,NA,NA,NA
2022,Andre Roberts,andre roberts,CAR,WR,3,0,0,0,0,0,0,0,0,NA,NA,NA,NA,NA,NA,NA,NA,NA,NA,NA,NA,NA,NA,NA,NA,NA,NA,NA,NA,NA,NA
2022,Andy Isabella,andy isabella,BAL,WR,4,5,2,21,0,0,2,70,5,0.3533556764500596,0.4,4.2,10.5,0,14,2.5,NA,NA,NA,NA,NA,NA,NA,NA,NA,NA,NA,NA,NA,NA,NA
2022,Anthony Schwartz,anthony schwartz,CLE,WR,7,10,4,51,0,1,2,142,27,-7.990639030584134,0.4,5.1,12.75,0,14.2,6.75,NA,NA,NA,NA,NA,NA,NA,NA,NA,NA,NA,NA,NA,NA,NA
2022,Ashton Dulin,ashton dulin,IND,WR,10,22,15,207,1,0,12,252,35,8.30038729403168,0.6818181818181818,9.409090909090908,13.8,0.045454545454545456,11.454545454545455,2.3333333333333335,NA,NA,NA,NA,NA,NA,NA,NA,NA,NA,NA,NA,NA,NA,NA
2022,Austin Trammell,austin trammell,LA,WR,2,4,2,13,0,0,1,30,0,0.3555282881716266,0.5,3.25,6.5,0,7.5,0,NA,NA,NA,NA,NA,NA,NA,NA,NA,NA,NA,NA,NA,NA,NA
2022,Ben Skowronek,ben skowronek,LA,WR,14,61,39,376,0,0,16,475,142,-5.488619681622367,0.639344262295082,6.163934426229508,9.64102564102564,0,7.786885245901639,3.641025641025641,61,39,376,0,63.934426229508205,7.234893617021277,3.378432049189742,7.495901639344261,3.9669230769230763,4.089147788652326,-0.12222471172924987,12.684968901366563,6.163934426229508,9.64102564102564,0
2022,Brandin Cooks,brandin cooks,HOU,WR,13,93,57,699,3,0,29,1013,205,5.043835464450634,0.6129032258064516,7.516129032258065,12.263157894736842,0.03225806451612903,10.89247311827957,3.5964912280701755,93,57,699,3,61.29032258064516,7.031910112359551,2.8550997149162085,10.937204301075269,3.876842105263157,4.476720792476406,-0.5998786872132484,24.34748472836599,7.516129032258065,12.263157894736842,0.03225806451612903
2022,Brandon Aiyuk,brandon aiyuk,SF,WR,17,114,78,1015,8,1,47,1143,375,41.961446469648976,0.6842105263157895,8.903508771929825,13.012820512820513,0.07017543859649122,10.026315789473685,4.8076923076923075,114,78,1015,8,68.42105263157895,6.16557522123894,2.8892674173921553,9.861315789473686,4.9011538461538455,4.280629367267246,0.6205244788865993,32.635258120422336,8.903508771929825,13.012820512820513,0.07017543859649122
2022,Brandon Johnson,brandon johnson,DEN,WR,5,14,6,42,1,0,2,180,13,-12.879826729331398,0.42857142857142855,3,7,0.07142857142857142,12.857142857142858,2.1666666666666665,NA,NA,NA,NA,NA,NA,NA,NA,NA,NA,NA,NA,NA,NA,NA
2022,Brandon Jones,brandon jones,MIA,SAF,7,0,0,0,0,0,0,0,0,NA,NA,NA,NA,NA,NA,NA,NA,NA,NA,NA,NA,NA,NA,NA,NA,NA,NA,NA,NA,NA,NA
2022,Brandon Powell,brandon powell,LA,WR,17,32,24,156,0,0,7,48,184,0.10276000197735069,0.75,4.875,6.5,0,1.5,7.666666666666667,NA,NA,NA,NA,NA,NA,NA,NA,NA,NA,NA,NA,NA,NA,NA
2022,Brandon Smith,brandon smith,CAR,LB,5,0,0,0,0,0,0,0,0,NA,NA,NA,NA,NA,NA,NA,NA,NA,NA,NA,NA,NA,NA,NA,NA,NA,NA,NA,NA,NA,NA
2022,Brandon Zylstra,brandon zylstra,DET,WR,1,0,0,0,0,0,0,0,0,NA,NA,NA,NA,NA,NA,NA,NA,NA,NA,NA,NA,NA,NA,NA,NA,NA,NA,NA,NA,NA,NA
2022,Braxton Berrios,braxton berrios,NYJ,WR,17,32,18,145,0,0,8,218,92,-8.999093093793949,0.5625,4.53125,8.055555555555555,0,6.8125,5.111111111111111,NA,NA,NA,NA,NA,NA,NA,NA,NA,NA,NA,NA,NA,NA,NA
2022,Braylon Sanders,braylon sanders,MIA,WR,2,3,2,17,0,1,0,42,3,-5.948913088068366,0.6666666666666666,5.666666666666667,8.5,0,14,1.5,NA,NA,NA,NA,NA,NA,NA,NA,NA,NA,NA,NA,NA,NA,NA
2022,Breshad Perriman,breshad perriman,TB,WR,8,19,9,110,1,1,5,269,52,-2.4256956706636768,0.47368421052631576,5.7894736842105265,12.222222222222221,0.05263157894736842,14.157894736842104,5.777777777777778,NA,NA,NA,NA,NA,NA,NA,NA,NA,NA,NA,NA,NA,NA,NA
2022,Britain Covey,britain covey,PHI,WR,17,0,0,0,0,0,0,0,0,NA,NA,NA,NA,NA,NA,NA,NA,NA,NA,NA,NA,NA,NA,NA,NA,NA,NA,NA,NA,NA,NA
2022,Bryan Edwards,bryan edwards,ATL,WR,4,5,3,15,0,0,0,39,9,-5.9509937554339745,0.6,3,5,0,7.8,3,NA,NA,NA,NA,NA,NA,NA,NA,NA,NA,NA,NA,NA,NA,NA
2022,Byron Pringle,byron pringle,CHI,WR,10,16,10,135,2,0,8,225,14,8.891196727927309,0.625,8.4375,13.5,0.125,14.0625,1.4,NA,NA,NA,NA,NA,NA,NA,NA,NA,NA,NA,NA,NA,NA,NA
2022,C.J. Board,c j board,TEN,WR,4,1,1,6,0,0,0,6,0,0.20860908593749627,1,6,6,0,6,0,NA,NA,NA,NA,NA,NA,NA,NA,NA,NA,NA,NA,NA,NA,NA
2022,Cade Johnson,cade johnson,SEA,WR,2,4,2,21,0,0,2,36,6,-0.3890964424936101,0.5,5.25,10.5,0,9,3,NA,NA,NA,NA,NA,NA,NA,NA,NA,NA,NA,NA,NA,NA,NA
2022,Cam Sims,cam sims,WAS,WR,13,18,8,89,0,0,5,232,18,-8.603708994982298,0.4444444444444444,4.944444444444445,11.125,0,12.88888888888889,2.25,NA,NA,NA,NA,NA,NA,NA,NA,NA,NA,NA,NA,NA,NA,NA
2022,CeeDee Lamb,ceedee lamb,DAL,WR,17,156,107,1359,9,0,67,1565,494,61.797073013132525,0.6858974358974359,8.711538461538462,12.700934579439252,0.057692307692307696,10.032051282051283,4.616822429906542,156,107,1359,9,68.58974358974359,6.55781690140845,3.074781935692017,10.271538461538464,4.824672897196263,4.031016109431396,0.793656787764867,35.42332639174438,8.711538461538462,12.700934579439252,0.057692307692307696
2022,Chandler Jones,chandler jones,LV,DE,15,0,0,0,0,0,0,0,0,NA,NA,NA,NA,NA,NA,NA,NA,NA,NA,NA,NA,NA,NA,NA,NA,NA,NA,NA,NA,NA,NA
2022,Chase Claypool,chase claypool,CHI,WR,15,79,46,451,1,1,24,817,143,-5.912490091524573,0.5822784810126582,5.708860759493671,9.804347826086957,0.012658227848101266,10.341772151898734,3.108695652173913,79,46,457,1,58.22784810126582,5.624933333333335,2.797708808789563,10.385569620253165,3.1415217391304346,3.255594393477846,-0.11407265434741154,25.34693474043226,5.784810126582278,9.934782608695652,0.012658227848101266
2022,Chester Rogers,chester rogers,CLE,WR,3,0,0,0,0,0,0,0,0,NA,NA,NA,NA,NA,NA,NA,NA,NA,NA,NA,NA,NA,NA,NA,NA,NA,NA,NA,NA,NA,NA
2022,Chris Conley,chris conley,TEN,WR,4,7,4,46,0,0,2,87,3,0.42514541291166097,0.5714285714285714,6.571428571428571,11.5,0,12.428571428571429,0.75,NA,NA,NA,NA,NA,NA,NA,NA,NA,NA,NA,NA,NA,NA,NA
2022,Chris Godwin,chris godwin,TB,WR,NA,NA,NA,NA,NA,NA,NA,NA,NA,NA,NA,NA,NA,NA,NA,NA,142,104,1019,3,73.23943661971832,6.684656488549619,2.9848232734696025,5.770845070422537,5.2373076923076916,4.363654397404411,0.8736532949032805,16.14317796777117,7.176056338028169,9.798076923076923,0.02112676056338028
2022,Chris Moore,chris moore,HOU,WR,15,74,48,548,2,0,24,639,267,7.128327410024395,0.6486486486486487,7.405405405405405,11.416666666666666,0.02702702702702703,8.635135135135135,5.5625,74,48,548,2,64.86486486486487,6.111111111111112,3.008335296461404,9.307297297297298,5.713125000000001,4.067874434938204,1.6452505650617963,16.48618371919343,7.405405405405405,11.416666666666666,0.02702702702702703
2022,Chris Olave,chris olave,NO,WR,15,119,72,1042,4,2,48,1686,210,24.856349911270897,0.6050420168067226,8.756302521008404,14.472222222222221,0.03361344537815126,14.168067226890756,2.9166666666666665,119,72,1042,4,60.50420168067227,7.224000000000001,2.759257762631483,14.183529411764708,2.971388888888889,3.135672119540194,-0.16428323065130535,38.63607229842329,8.756302521008404,14.472222222222221,0.03361344537815126
2022,Chris Williams,chris williams,IND,DL,3,0,0,0,0,0,0,0,0,NA,NA,NA,NA,NA,NA,NA,NA,NA,NA,NA,NA,NA,NA,NA,NA,NA,NA,NA,NA,NA,NA
2022,Christian Kirk,christian kirk,JAX,WR,17,133,84,1108,8,1,54,1216,371,31.983595938659242,0.631578947368421,8.330827067669173,13.19047619047619,0.06015037593984962,9.142857142857142,4.416666666666667,133,84,1102,8,63.1578947368421,6.391999999999999,3.2314417583512403,9.479774436090224,4.684047619047618,4.826045938865478,-0.14199831981786026,29.668281686428887,8.285714285714286,13.119047619047619,0.06015037593984962
2022,Christian Watson,christian watson,GB,WR,14,66,41,611,7,0,28,923,264,30.71060199712872,0.6212121212121212,9.257575757575758,14.902439024390244,0.10606060606060606,13.984848484848484,6.439024390243903,66,41,611,7,62.121212121212125,6.1003448275862064,2.890829454703176,13.950909090909093,6.799999999999999,5.311347528173213,1.4886524718267857,21.342889528131977,9.257575757575758,14.902439024390244,0.10606060606060606
2022,Cody Hollister,cody hollister,TEN,WR,6,5,3,54,0,0,2,78,8,-4.383588089811383,0.6,10.8,18,0,15.6,2.6666666666666665,NA,NA,NA,NA,NA,NA,NA,NA,NA,NA,NA,NA,NA,NA,NA
2022,Cody White,cody white,PIT,WR,1,1,1,2,0,0,0,0,2,-0.4159273165278137,1,2,2,0,0,2,NA,NA,NA,NA,NA,NA,NA,NA,NA,NA,NA,NA,NA,NA,NA
2022,Cole Beasley,cole beasley,BUF,WR,4,7,6,35,0,0,1,26,14,0.32574742403812706,0.8571428571428571,5,5.833333333333333,0,3.7142857142857144,2.3333333333333335,NA,NA,NA,NA,NA,NA,NA,NA,NA,NA,NA,NA,NA,NA,NA
2022,Cooper Kupp,cooper kupp,LA,WR,9,98,75,812,6,2,42,713,413,16.34206747923786,0.7653061224489796,8.285714285714286,10.826666666666666,0.061224489795918366,7.275510204081633,5.506666666666667,98,75,812,6,76.53061224489795,6.469882352941177,3.2298062294451877,7.342040816326531,5.658266666666667,4.427833843307677,1.2304328233589903,19.96082848313017,8.285714285714286,10.826666666666666,0.061224489795918366
2022,Corey Davis,corey davis,NYJ,WR,13,64,32,536,2,0,28,861,109,11.822724843409087,0.5,8.375,16.75,0.03125,13.453125,3.40625,64,32,536,2,50,6.66890625,2.3243764320212215,13.84671875,3.9040625,2.808204067126588,1.095858432873412,17.928253806408275,8.375,16.75,0.03125
2022,Courtland Sutton,courtland sutton,DEN,WR,15,109,64,829,2,0,38,1343,147,23.830661869054634,0.5871559633027523,7.605504587155964,12.953125,0.01834862385321101,12.321100917431192,2.296875,109,64,829,2,58.71559633027523,5.756944444444445,2.6589590762681605,12.636422018348624,2.2806250000000006,2.770052886500677,-0.4894278865006765,29.217160736066187,7.605504587155964,12.953125,0.01834862385321101
2022,Curtis Samuel,curtis samuel,WAS,WR,17,92,64,656,4,0,36,615,289,24.736758419933494,0.6956521739130435,7.130434782608695,10.25,0.043478260869565216,6.684782608695652,4.515625,92,64,656,4,69.56521739130434,6.749390243902438,3.4912978851453222,7.005978260869566,4.673906250000001,3.827664859592801,0.8462413904071999,14.404671712939068,7.130434782608695,10.25,0.043478260869565216
2022,D.J. Moore,d j moore,CAR,WR,NA,NA,NA,NA,NA,NA,NA,NA,NA,NA,NA,NA,NA,NA,NA,NA,118,63,892,7,53.38983050847458,6.716434782608696,2.8019472409594113,13.237203389830508,3.3926984126984125,3.3155648303323897,0.07713358236602286,48.7409039280053,7.559322033898305,14.158730158730158,0.059322033898305086
2022,DJ Chark,dj chark,DET,WR,11,52,30,502,3,0,24,799,132,21.15313317053699,0.5769230769230769,9.653846153846153,16.733333333333334,0.057692307692307696,15.365384615384615,4.4,NA,NA,NA,NA,NA,NA,NA,NA,NA,NA,NA,NA,NA,NA,NA
2022,Damiere Byrd,damiere byrd,ATL,WR,12,23,13,268,2,0,9,468,105,7.558480436913669,0.5652173913043478,11.652173913043478,20.615384615384617,0.08695652173913043,20.347826086956523,8.076923076923077,NA,NA,NA,NA,NA,NA,NA,NA,NA,NA,NA,NA,NA,NA,NA
2022,Dan Chisena,dan chisena,MIN,WR,2,0,0,0,0,0,0,0,0,NA,NA,NA,NA,NA,NA,NA,NA,NA,NA,NA,NA,NA,NA,NA,NA,NA,NA,NA,NA,NA,NA
2022,Danny Gray,danny gray,SF,WR,7,7,1,10,0,0,1,160,4,-2.9469830194721,0.14285714285714285,1.4285714285714286,10,0,22.857142857142858,4,NA,NA,NA,NA,NA,NA,NA,NA,NA,NA,NA,NA,NA,NA,NA
2022,Dante Pettis,dante pettis,CHI,WR,17,41,19,245,3,0,9,371,63,-16.316224520156858,0.4634146341463415,5.975609756097561,12.894736842105264,0.07317073170731707,9.048780487804878,3.3157894736842106,NA,NA,NA,NA,NA,NA,NA,NA,NA,NA,NA,NA,NA,NA,NA
2022,Dareke Young,dareke young,SEA,WR,6,2,2,24,0,0,2,1,23,2.090640461887233,1,12,12,0,0.5,11.5,NA,NA,NA,NA,NA,NA,NA,NA,NA,NA,NA,NA,NA,NA,NA
2022,Darius Slayton,darius slayton,NYG,WR,13,71,46,724,2,2,30,884,262,35.254165374586414,0.647887323943662,10.19718309859155,15.73913043478261,0.028169014084507043,12.450704225352112,5.695652173913044,71,46,724,2,64.7887323943662,6.734782608695651,2.5451484224755907,12.289436619718307,5.936956521739131,4.457593213961872,1.479363307777259,27.93152127635735,10.19718309859155,15.73913043478261,0.028169014084507043
2022,Darnell Mooney,darnell mooney,CHI,WR,11,61,40,493,2,0,20,727,168,14.498919421472998,0.6557377049180327,8.081967213114755,12.325,0.03278688524590164,11.918032786885245,4.2,61,40,493,2,65.57377049180327,6.525862068965517,3.579335805562361,11.678196721311476,4.526750000000001,4.459485682535883,0.06726431746411787,22.007649246814868,8.081967213114755,12.325,0.03278688524590164
2022,Davante Adams,davante adams,LV,WR,17,180,100,1516,14,1,65,2129,493,34.0245853953429,0.5555555555555556,8.422222222222222,15.16,0.07777777777777778,11.827777777777778,4.93,180,100,1516,14,55.55555555555556,5.549885057471265,2.9486018846777635,12.116833333333334,5.185599999999999,4.617899138975443,0.567700861024556,41.77098096296013,8.422222222222222,15.16,0.07777777777777778
2022,David Bell,david bell,CLE,WR,15,35,24,214,0,0,7,256,69,-11.099134047195548,0.6857142857142857,6.114285714285714,8.916666666666666,0,7.314285714285714,2.875,NA,NA,NA,NA,NA,NA,NA,NA,NA,NA,NA,NA,NA,NA,NA
2022,David Sills,david sills,NYG,WR,7,17,11,106,0,0,7,133,40,4.902425638021668,0.6470588235294118,6.235294117647059,9.636363636363637,0,7.823529411764706,3.6363636363636362,NA,NA,NA,NA,NA,NA,NA,NA,NA,NA,NA,NA,NA,NA,NA
2022,Dax Milne,dax milne,WAS,WR,15,7,6,37,1,0,2,38,13,2.4906449001282454,0.8571428571428571,5.285714285714286,6.166666666666667,0.14285714285714285,5.428571428571429,2.1666666666666665,NA,NA,NA,NA,NA,NA,NA,NA,NA,NA,NA,NA,NA,NA,NA
2022,Daylen Baldwin,daylen baldwin,CLE,WR,1,2,2,25,0,0,2,25,0,1.7913616475998424,1,12.5,12.5,0,12.5,0,NA,NA,NA,NA,NA,NA,NA,NA,NA,NA,NA,NA,NA,NA,NA
2022,DeAndre Carter,deandre carter,LAC,WR,17,65,46,538,3,1,29,576,206,13.81492393538428,0.7076923076923077,8.276923076923078,11.695652173913043,0.046153846153846156,8.861538461538462,4.478260869565218,65,46,538,3,70.76923076923077,6.844035087719298,3.286056532949389,8.689076923076923,5.212173913043479,4.853308987790785,0.35886492525269365,12.491070539969705,8.276923076923078,11.695652173913043,0.046153846153846156
2022,DeAndre Hopkins,deandre hopkins,ARI,WR,9,96,64,717,3,2,35,976,165,6.7717179560614715,0.6666666666666666,7.46875,11.203125,0.03125,10.166666666666666,2.578125,96,64,717,3,66.66666666666666,6.912826086956521,2.8099471651423453,9.9125,2.94578125,2.9241551045618883,0.0216261454381117,21.878980452386322,7.46875,11.203125,0.03125
2022,DeSean Jackson,desean jackson,BAL,WR,7,17,9,153,0,0,5,302,23,1.6338267779265516,0.5294117647058824,9,17,0,17.764705882352942,2.5555555555555554,NA,NA,NA,NA,NA,NA,NA,NA,NA,NA,NA,NA,NA,NA,NA
2022,DeVante Parker,devante parker,NE,WR,12,47,31,539,3,0,25,745,105,15.64754109456332,0.6595744680851063,11.46808510638298,17.387096774193548,0.06382978723404255,15.851063829787234,3.3870967741935485,47,31,539,3,65.95744680851064,4.207659574468085,1.7292110932998248,15.663829787234043,4.1009677419354835,2.8109387052517145,1.290029036683769,18.663300073010465,11.46808510638298,17.387096774193548,0.06382978723404255
2022,DeVonta Smith,devonta smith,PHI,WR,17,136,95,1196,7,0,57,1315,476,59.69536659034412,0.6985294117647058,8.794117647058824,12.589473684210526,0.051470588235294115,9.669117647058824,5.010526315789473,136,95,1210,7,69.85294117647058,6.496821705426357,2.9366545396199824,9.867647058823529,5.235157894736842,4.72534485379332,0.5098130409435218,31.225423358105814,8.897058823529411,12.736842105263158,0.051470588235294115
2022,Deebo Samuel,deebo samuel,SF,WR,NA,NA,NA,NA,NA,NA,NA,NA,NA,NA,NA,NA,NA,NA,NA,NA,94,56,632,2,59.57446808510638,6.698356164383562,3.582165655251973,4.337021276595746,8.999464285714284,6.4232279295587125,2.5762363561555714,11.834958530616513,6.723404255319149,11.285714285714286,0.02127659574468085
2022,Demarcus Robinson,demarcus robinson,BAL,WR,16,75,48,458,2,2,24,676,150,3.598600458722443,0.64,6.1066666666666665,9.541666666666666,0.02666666666666667,9.013333333333334,3.125,75,48,458,2,64,7.038000000000002,2.9752947975297497,9.250133333333334,3.3335416666666675,3.0606059086400097,0.2729357580266578,17.534024995892995,6.1066666666666665,9.541666666666666,0.02666666666666667
2022,Demetric Felton,demetric felton,CLE,RB,6,4,2,8,0,0,0,16,11,-1.4629614923615009,0.5,2,4,0,4,5.5,NA,NA,NA,NA,NA,NA,NA,NA,NA,NA,NA,NA,NA,NA,NA
2022,Dennis Houston,dennis houston,DAL,WR,2,6,2,16,0,0,0,79,6,-5.053622178034857,0.3333333333333333,2.6666666666666665,8,0,13.166666666666666,3,NA,NA,NA,NA,NA,NA,NA,NA,NA,NA,NA,NA,NA,NA,NA
2022,Denzel Mims,denzel mims,NYJ,WR,9,25,11,186,0,0,7,313,75,-2.842088099441946,0.44,7.44,16.90909090909091,0,12.52,6.818181818181818,NA,NA,NA,NA,NA,NA,NA,NA,NA,NA,NA,NA,NA,NA,NA
2022,Deonte Harty,deonte harty,NO,WR,4,2,2,13,0,0,0,5,8,-1.210729691607412,1,6.5,6.5,0,2.5,4,NA,NA,NA,NA,NA,NA,NA,NA,NA,NA,NA,NA,NA,NA,NA
2022,Deven Thompkins,deven thompkins,TB,WR,5,10,5,32,0,0,1,79,32,-5.980001142423134,0.5,3.2,6.4,0,7.9,6.4,NA,NA,NA,NA,NA,NA,NA,NA,NA,NA,NA,NA,NA,NA,NA
2022,Devin Duvernay,devin duvernay,BAL,WR,14,49,37,407,3,0,19,437,159,19.672693191823782,0.7551020408163265,8.306122448979592,11,0.061224489795918366,8.918367346938776,4.297297297297297,49,37,407,3,75.51020408163265,7.132444444444444,3.35542421137511,9.924489795918369,4.678108108108107,4.352525534683977,0.3255825734241302,12.290700466303567,8.306122448979592,11,0.061224489795918366
2022,Dez Fitzpatrick,dez fitzpatrick,TEN,WR,1,0,0,0,0,0,0,0,0,NA,NA,NA,NA,NA,NA,NA,NA,NA,NA,NA,NA,NA,NA,NA,NA,NA,NA,NA,NA,NA,NA
2022,Dezmon Patmon,dezmon patmon,IND,WR,1,6,2,24,0,0,1,73,7,-7.643115597777069,0.3333333333333333,4,12,0,12.166666666666666,3.5,NA,NA,NA,NA,NA,NA,NA,NA,NA,NA,NA,NA,NA,NA,NA
2022,Diontae Johnson,diontae johnson,PIT,WR,17,147,86,882,0,1,46,1499,236,-4.805297742808783,0.5850340136054422,6,10.255813953488373,0,10.197278911564625,2.744186046511628,147,86,882,0,58.50340136054422,5.304652777777778,2.820296642406143,10.566802721088436,2.5840697674418602,2.725778079087956,-0.14170831164609599,33.61487839028074,6,10.255813953488373,0
2022,Donovan Peoples-Jones,donovan peoples jones,CLE,WR,17,96,61,839,3,1,33,1107,191,18.412429526132733,0.6354166666666666,8.739583333333334,13.754098360655737,0.03125,11.53125,3.1311475409836067,96,61,839,3,63.541666666666664,5.684315789473684,2.5061793617866015,12.1615625,3.159508196721311,3.471111970786795,-0.311603774065484,26.601850607109412,8.739583333333334,13.754098360655737,0.03125
2022,Drake London,drake london,ATL,WR,17,117,72,866,4,3,48,1219,224,12.79535431805301,0.6153846153846154,7.401709401709402,12.027777777777779,0.03418803418803419,10.418803418803419,3.111111111111111,117,72,866,4,61.53846153846154,7.006909090909091,2.5471164237012642,10.836324786324786,3.303194444444445,3.2668157009909624,0.0363787434534828,32.699891417326285,7.401709401709402,12.027777777777779,0.03418803418803419
2022,Dyami Brown,dyami brown,WAS,WR,9,14,5,143,2,0,5,361,31,4.948256991163362,0.35714285714285715,10.214285714285714,28.6,0.14285714285714285,25.785714285714285,6.2,NA,NA,NA,NA,NA,NA,NA,NA,NA,NA,NA,NA,NA,NA,NA
2022,Elijah Moore,elijah moore,NYJ,WR,14,65,37,446,1,0,22,785,93,1.4694274856722445,0.5692307692307692,6.861538461538461,12.054054054054054,0.015384615384615385,12.076923076923077,2.5135135135135136,65,37,450,1,56.92307692307692,6.121475409836064,3.1008574073609885,12.029999999999998,2.776756756756757,3.069804724633875,-0.29304796787711807,15.819404488790154,6.923076923076923,12.162162162162161,0.015384615384615385
2022,Equanimeous St. Brown,equanimeous st brown,CHI,WR,16,38,21,323,1,0,14,495,98,2.969664967786953,0.5526315789473685,8.5,15.380952380952381,0.02631578947368421,13.026315789473685,4.666666666666667,NA,NA,NA,NA,NA,NA,NA,NA,NA,NA,NA,NA,NA,NA,NA
2022,Erik Ezukanma,erik ezukanma,MIA,WR,1,1,1,3,0,0,0,-4,7,-1.0125225936062634,1,3,3,0,-4,7,NA,NA,NA,NA,NA,NA,NA,NA,NA,NA,NA,NA,NA,NA,NA
2022,Frank Darby,frank darby,ATL,WR,1,1,1,15,0,0,1,14,1,1.2657943648518994,1,15,15,0,14,1,NA,NA,NA,NA,NA,NA,NA,NA,NA,NA,NA,NA,NA,NA,NA
2022,Freddie Swain,freddie swain,DEN,WR,3,6,4,74,0,0,3,62,27,-3.900425541854929,0.6666666666666666,12.333333333333334,18.5,0,10.333333333333334,6.75,NA,NA,NA,NA,NA,NA,NA,NA,NA,NA,NA,NA,NA,NA,NA
2022,Garrett Wilson,garrett wilson,NYJ,WR,17,147,83,1103,4,1,57,1548,384,33.51924622376474,0.564625850340136,7.503401360544218,13.289156626506024,0.027210884353741496,10.53061224489796,4.626506024096385,147,83,1103,4,56.4625850340136,5.844042553191489,2.633355710021772,10.70312925170068,4.967831325301205,3.927964203493184,1.039867121808021,31.830191503910587,7.503401360544218,13.289156626506024,0.027210884353741496
2022,George Pickens,george pickens,PIT,WR,17,84,52,801,4,0,38,1240,104,45.349109522304204,0.6190476190476191,9.535714285714286,15.403846153846153,0.047619047619047616,14.761904761904763,2,84,52,801,4,61.904761904761905,4.730952380952381,2.3704907088551113,14.758928571428571,2.3625000000000007,1.7678520125127142,0.5946479874872865,26.82901493855132,9.535714285714286,15.403846153846153,0.047619047619047616
2022,Greg Dortch,greg dortch,ARI,WR,16,64,52,467,2,0,19,316,293,12.061898299110204,0.8125,7.296875,8.98076923076923,0.03125,4.9375,5.634615384615385,64,52,467,2,81.25,7.3021666666666665,4.227482851265514,4.4415625,6.070000000000001,4.930360148193406,1.1396398518065949,6.535644160776939,7.296875,8.98076923076923,0.03125
2022,Greg Little,greg little,MIA,OT,3,0,0,0,0,0,0,0,0,NA,NA,NA,NA,NA,NA,NA,NA,NA,NA,NA,NA,NA,NA,NA,NA,NA,NA,NA,NA,NA,NA
2022,Gunner Olszewski,gunner olszewski,PIT,WR,15,7,5,53,0,0,1,57,13,0.9955764255428221,0.7142857142857143,7.571428571428571,10.6,0,8.142857142857142,2.6,NA,NA,NA,NA,NA,NA,NA,NA,NA,NA,NA,NA,NA,NA,NA
2022,Hunter Renfrow,hunter renfrow,LV,WR,10,50,36,330,2,3,18,339,149,3.097914962097703,0.72,6.6,9.166666666666666,0.04,6.78,4.138888888888889,50,36,330,2,72,6.180851063829787,3.075739864737292,6.504999999999999,4.167222222222223,4.236986591440543,-0.06976436921832008,6.229172252652545,6.6,9.166666666666666,0.04
2022,Ihmir Smith-Marsette,ihmir smith marsette,CHI,WR,4,4,1,15,0,1,0,28,5,-8.025093835021835,0.25,3.75,15,0,7,5,NA,NA,NA,NA,NA,NA,NA,NA,NA,NA,NA,NA,NA,NA,NA
2022,Isaiah Hodgins,isaiah hodgins,NYG,WR,9,48,37,392,4,1,24,435,88,10.570879366526295,0.7708333333333334,8.166666666666666,10.594594594594595,0.08333333333333333,9.0625,2.3783783783783785,48,37,392,4,77.08333333333334,6.70191489361702,2.8115727274069564,9.052083333333334,2.8908108108108106,2.8361500754824363,0.054660735328374344,13.908940455649846,8.166666666666666,10.594594594594595,0.08333333333333333
2022,Isaiah McKenzie,isaiah mckenzie,BUF,WR,15,65,42,423,4,0,27,564,128,11.355487141730395,0.6461538461538462,6.507692307692308,10.071428571428571,0.06153846153846154,8.676923076923076,3.0476190476190474,65,42,423,4,64.61538461538461,4.942586206896552,3.345523539891503,8.413384615384615,3.2676190476190476,3.5769900289602456,-0.309370981341198,10.569905524716651,6.507692307692308,10.071428571428571,0.06153846153846154
2022,Ja'Marr Chase,ja marr chase,CIN,WR,12,134,87,1046,9,2,58,1220,421,30.303484140081736,0.6492537313432836,7.8059701492537314,12.022988505747126,0.06716417910447761,9.104477611940299,4.839080459770115,134,87,1046,9,64.92537313432835,5.509212598425196,2.602489956679346,9.548507462686569,4.8278160919540225,3.1303416515912215,1.697474440362801,29.95189437831386,7.8059701492537314,12.022988505747126,0.06716417910447761
2022,Jacob Harris,jacob harris,LA,WR,3,1,1,6,0,0,1,4,2,2.770695556886494,1,6,6,0,4,2,NA,NA,NA,NA,NA,NA,NA,NA,NA,NA,NA,NA,NA,NA,NA
2022,Jaelon Darden,jaelon darden,CLE,WR,14,2,2,26,0,0,1,10,16,0.8616639436222613,1,13,13,0,5,8,NA,NA,NA,NA,NA,NA,NA,NA,NA,NA,NA,NA,NA,NA,NA
2022,Jahan Dotson,jahan dotson,WAS,WR,12,61,35,523,7,0,26,853,137,21.872810560561252,0.5737704918032787,8.573770491803279,14.942857142857143,0.11475409836065574,13.98360655737705,3.914285714285714,61,35,523,7,57.377049180327866,5.9905,2.7821913681191486,14.69344262295082,4.276285714285715,3.6593493643540067,0.616936349931708,20.03088551129825,8.573770491803279,14.942857142857143,0.11475409836065574
2022,Jake Kumerow,jake kumerow,BUF,WR,5,7,4,64,0,0,4,90,17,2.8402738700388,0.5714285714285714,9.142857142857142,16,0,12.857142857142858,4.25,NA,NA,NA,NA,NA,NA,NA,NA,NA,NA,NA,NA,NA,NA,NA
2022,Jakobi Meyers,jakobi meyers,NE,WR,14,96,67,804,6,1,38,950,238,37.045144056010734,0.6979166666666666,8.375,12,0.0625,9.895833333333334,3.5522388059701493,96,67,804,6,69.79166666666666,5.635232558139534,3.024350821870904,9.714375000000002,3.934925373134328,4.534393251732921,-0.5994678785985932,23.641701143830616,8.375,12,0.0625
2022,Jalen Camp,jalen camp,HOU,WR,1,1,1,7,0,0,1,7,0,0.5108519167988561,1,7,7,0,7,0,NA,NA,NA,NA,NA,NA,NA,NA,NA,NA,NA,NA,NA,NA,NA
2022,Jalen Guyton,jalen guyton,LAC,WR,2,4,2,64,0,0,2,115,7,4.264032681277691,0.5,16,32,0,28.75,3.5,NA,NA,NA,NA,NA,NA,NA,NA,NA,NA,NA,NA,NA,NA,NA
2022,Jalen Nailor,jalen nailor,MIN,WR,8,13,9,179,1,0,7,151,67,7.696757680212613,0.6923076923076923,13.76923076923077,19.88888888888889,0.07692307692307693,11.615384615384615,7.444444444444445,NA,NA,NA,NA,NA,NA,NA,NA,NA,NA,NA,NA,NA,NA,NA
2022,Jalen Reagor,jalen reagor,MIN,WR,17,13,8,104,1,0,5,176,28,-0.13737014075741172,0.6153846153846154,8,13,0.07692307692307693,13.538461538461538,3.5,NA,NA,NA,NA,NA,NA,NA,NA,NA,NA,NA,NA,NA,NA,NA
2022,Jalen Tolbert,jalen tolbert,DAL,WR,3,3,2,12,0,0,0,45,2,-0.6873334759147838,0.6666666666666666,4,6,0,15,1,NA,NA,NA,NA,NA,NA,NA,NA,NA,NA,NA,NA,NA,NA,NA
2022,Jalen Virgil,jalen virgil,DEN,WR,7,5,2,75,1,0,2,70,43,5.6061608234304,0.4,15,37.5,0.2,14,21.5,NA,NA,NA,NA,NA,NA,NA,NA,NA,NA,NA,NA,NA,NA,NA
2022,Jamal Agnew,jamal agnew,JAX,WR,15,30,23,187,3,0,9,178,125,7.7840157297821,0.7666666666666667,6.233333333333333,8.130434782608695,0.1,5.933333333333334,5.434782608695652,NA,NA,NA,NA,NA,NA,NA,NA,NA,NA,NA,NA,NA,NA,NA
2022,James Proche,james proche,BAL,WR,11,17,8,62,0,0,3,155,16,-9.627682750840904,0.47058823529411764,3.6470588235294117,7.75,0,9.117647058823529,2,NA,NA,NA,NA,NA,NA,NA,NA,NA,NA,NA,NA,NA,NA,NA
2022,James Washington,james washington,DAL,WR,1,1,0,0,0,0,0,6,0,-0.3206392116844654,0,0,NA,0,6,NA,NA,NA,NA,NA,NA,NA,NA,NA,NA,NA,NA,NA,NA,NA,NA
2022,Jameson Williams,jameson williams,DET,WR,6,9,1,41,1,0,1,148,5,-1.3496521239867434,0.1111111111111111,4.555555555555555,41,0.1111111111111111,16.444444444444443,5,NA,NA,NA,NA,NA,NA,NA,NA,NA,NA,NA,NA,NA,NA,NA
2022,Jamison Crowder,jamison crowder,BUF,WR,4,13,6,60,0,0,4,121,30,-1.0964831524179317,0.46153846153846156,4.615384615384615,10,0,9.307692307692308,5,NA,NA,NA,NA,NA,NA,NA,NA,NA,NA,NA,NA,NA,NA,NA
2022,Jarvis Landry,jarvis landry,NO,WR,9,39,25,272,1,0,12,374,61,-7.741342624677978,0.6410256410256411,6.9743589743589745,10.88,0.02564102564102564,9.58974358974359,2.44,NA,NA,NA,NA,NA,NA,NA,NA,NA,NA,NA,NA,NA,NA,NA
2022,Jason Moore,jason moore,LAC,WR,1,2,1,5,0,0,0,24,0,-0.7422923792619258,0.5,2.5,5,0,12,0,NA,NA,NA,NA,NA,NA,NA,NA,NA,NA,NA,NA,NA,NA,NA
2022,Jauan Jennings,jauan jennings,SF,WR,16,56,35,416,1,1,23,468,176,13.955326858104126,0.625,7.428571428571429,11.885714285714286,0.017857142857142856,8.357142857142858,5.0285714285714285,56,35,416,1,62.5,6.23811320754717,3.53274118862366,8.280714285714287,5.097142857142856,3.8916911562019956,1.2054517009408605,13.461800848257182,7.428571428571429,11.885714285714286,0.017857142857142856
2022,Jaylen Waddle,jaylen waddle,MIA,WR,17,117,75,1356,8,1,60,1415,510,75.9575872573306,0.6410256410256411,11.58974358974359,18.08,0.06837606837606838,12.094017094017094,6.8,117,75,1356,8,64.1025641025641,5.762123893805309,2.9652117293459694,11.98940170940171,7.2046666666666654,4.382012739320711,2.8226539273459545,27.223098763203907,11.58974358974359,18.08,0.06837606837606838
2022,Jaylon Moore,jaylon moore,SF,OT,1,0,0,0,0,0,0,0,0,NA,NA,NA,NA,NA,NA,NA,NA,NA,NA,NA,NA,NA,NA,NA,NA,NA,NA,NA,NA,NA,NA
2022,Jeff Smith,jeff smith,NYJ,WR,7,11,8,134,0,0,5,144,37,6.636773693899158,0.7272727272727273,12.181818181818182,16.75,0,13.090909090909092,4.625,NA,NA,NA,NA,NA,NA,NA,NA,NA,NA,NA,NA,NA,NA,NA
2022,Jerry Jeudy,jerry jeudy,DEN,WR,15,100,67,972,6,0,41,1146,396,47.38234580733356,0.67,9.72,14.507462686567164,0.06,11.46,5.91044776119403,100,67,972,6,67,6.460978260869565,3.6899449233771056,11.5622,6.304029850746269,5.197485518942161,1.1065443318041082,24.52606459139843,9.72,14.507462686567164,0.06
2022,John Brown,john brown,BUF,WR,2,2,1,42,1,0,1,86,0,3.6592344772070646,0.5,21,42,0.5,43,0,NA,NA,NA,NA,NA,NA,NA,NA,NA,NA,NA,NA,NA,NA,NA
2022,Josh Ali,josh ali,ATL,WR,1,1,0,0,0,0,0,45,0,-0.5190199017524719,0,0,NA,0,45,NA,NA,NA,NA,NA,NA,NA,NA,NA,NA,NA,NA,NA,NA,NA,NA
2022,Josh Gordon,josh gordon,TEN,WR,1,1,0,0,0,0,0,12,0,-0.4884473676793277,0,0,NA,0,12,NA,NA,NA,NA,NA,NA,NA,NA,NA,NA,NA,NA,NA,NA,NA,NA
2022,Josh Johnson,josh johnson,SF,QB,1,0,0,0,0,0,0,0,0,NA,NA,NA,NA,NA,NA,NA,NA,NA,NA,NA,NA,NA,NA,NA,NA,NA,NA,NA,NA,NA,NA
2022,Josh Palmer,josh palmer,LAC,WR,16,107,72,769,3,1,39,929,252,23.628483592745216,0.6728971962616822,7.186915887850467,10.680555555555555,0.028037383177570093,8.682242990654206,3.5,107,72,769,3,67.28971962616822,6.307941176470588,3.4635611913344766,8.719065420560748,3.581944444444445,3.6056670970214872,-0.023722652577042425,20.633189945925633,7.186915887850467,10.680555555555555,0.028037383177570093
2022,Josh Reynolds,josh reynolds,DET,WR,12,59,38,479,3,0,25,704,115,11.604702909754556,0.6440677966101694,8.11864406779661,12.605263157894736,0.05084745762711865,11.932203389830509,3.026315789473684,59,38,479,3,64.40677966101694,6.922280701754387,2.781045549895267,12.682372881355928,3.1207894736842103,3.0119767138786075,0.10881275980560279,18.548788922189082,8.11864406779661,12.605263157894736,0.05084745762711865
2022,JuJu Smith-Schuster,juju smith schuster,KC,WR,16,101,78,933,3,3,48,750,457,48.642162269153296,0.7722772277227723,9.237623762376238,11.961538461538462,0.0297029702970297,7.425742574257426,5.858974358974359,101,78,933,3,77.22772277227723,5.703020833333333,3.3265782560314987,7.357920792079208,6.102948717948719,4.320394501115351,1.7825542168333675,16.29211143045681,9.237623762376238,11.961538461538462,0.0297029702970297
2022,Julio Jones,julio jones,TB,WR,10,43,24,299,2,0,13,603,114,7.485836521878732,0.5581395348837209,6.953488372093023,12.458333333333334,0.046511627906976744,14.023255813953488,4.75,NA,NA,NA,NA,NA,NA,NA,NA,NA,NA,NA,NA,NA,NA,NA
2022,Justin Jefferson,justin jefferson,MIN,WR,17,184,128,1809,8,0,80,1867,613,75.37003681422581,0.6956521739130435,9.831521739130435,14.1328125,0.043478260869565216,10.146739130434783,4.7890625,184,128,1809,8,69.56521739130434,5.432613636363636,3.094315914232406,10.342228260869566,5.051015625,4.10653126895733,0.9444843560426701,39.01159501102919,9.831521739130435,14.1328125,0.043478260869565216
2022,Justin Watson,justin watson,KC,WR,17,34,15,315,2,0,12,637,60,7.577325679885094,0.4411764705882353,9.264705882352942,21,0.058823529411764705,18.735294117647058,4,NA,NA,NA,NA,NA,NA,NA,NA,NA,NA,NA,NA,NA,NA,NA
2022,Juwann Winfree,juwann winfree,GB,WR,3,4,1,17,0,0,1,52,5,-0.9984831518377177,0.25,4.25,17,0,13,5,NA,NA,NA,NA,NA,NA,NA,NA,NA,NA,NA,NA,NA,NA,NA
2022,K.J. Osborn,k j osborn,MIN,WR,17,90,60,650,5,1,32,753,300,21.834048940413645,0.6666666666666666,7.222222222222222,10.833333333333334,0.05555555555555555,8.366666666666667,5,90,60,650,5,66.66666666666666,6.229090909090909,3.366566119250483,8.313777777777778,5.245333333333332,4.429919410564485,0.8154139227688475,15.33919917342495,7.222222222222222,10.833333333333334,0.05555555555555555
2022,KaVontae Turpin,kavontae turpin,DAL,WR,17,2,1,9,0,0,0,13,5,-1.638943190847054,0.5,4.5,9,0,6.5,5,NA,NA,NA,NA,NA,NA,NA,NA,NA,NA,NA,NA,NA,NA,NA
2022,Kadarius Toney,kadarius toney,KC,WR,9,20,16,171,2,0,8,75,108,7.4545686305277465,0.8,8.55,10.6875,0.1,3.75,6.75,NA,NA,NA,NA,NA,NA,NA,NA,NA,NA,NA,NA,NA,NA,NA
2022,Kalif Raymond,kalif raymond,DET,WR,17,64,47,616,0,1,24,638,218,21.02153123925591,0.734375,9.625,13.106382978723405,0,9.96875,4.638297872340425,64,47,616,0,73.4375,7.091551724137932,3.143329748506889,9.74203125,4.953404255319149,5.845250096235961,-0.8918458409168117,15.455836748049709,9.625,13.106382978723405,0
2022,Keelan Cole,keelan cole,LV,WR,12,21,10,141,1,0,8,345,20,6.316290947957896,0.47619047619047616,6.714285714285714,14.1,0.047619047619047616,16.428571428571427,2,NA,NA,NA,NA,NA,NA,NA,NA,NA,NA,NA,NA,NA,NA,NA
2022,Keenan Allen,keenan allen,LAC,WR,10,89,66,752,4,1,39,770,257,27.14227377292331,0.7415730337078652,8.44943820224719,11.393939393939394,0.0449438202247191,8.651685393258427,3.893939393939394,89,66,752,4,74.15730337078652,6.087625000000001,3.561398633532926,8.405730337078651,4.08060606060606,4.640409387866622,-0.5598033272605623,16.545432429144878,8.44943820224719,11.393939393939394,0.0449438202247191
2022,Keith Kirkwood,keith kirkwood,NO,WR,3,4,2,18,0,0,1,55,4,-1.6444360294844955,0.5,4.5,9,0,13.75,2,NA,NA,NA,NA,NA,NA,NA,NA,NA,NA,NA,NA,NA,NA,NA
2022,Keke Coutee,keke coutee,IND,WR,7,1,1,20,0,1,0,12,8,-3.799164329539053,1,20,20,0,12,8,NA,NA,NA,NA,NA,NA,NA,NA,NA,NA,NA,NA,NA,NA,NA
2022,Kendall Hinton,kendall hinton,DEN,WR,11,33,24,311,0,0,14,303,139,16.512483252125094,0.7272727272727273,9.424242424242424,12.958333333333334,0,9.181818181818182,5.791666666666667,NA,NA,NA,NA,NA,NA,NA,NA,NA,NA,NA,NA,NA,NA,NA
2022,Kendrick Bourne,kendrick bourne,NE,WR,16,48,35,434,1,2,22,493,145,13.377406082941615,0.7291666666666666,9.041666666666666,12.4,0.020833333333333332,10.270833333333334,4.142857142857143,48,35,434,1,72.91666666666666,6.980425531914893,3.4368221152376948,9.989166666666668,4.2291428571428575,3.638273914945884,0.5908689421969737,12.155228360509449,9.041666666666666,12.4,0.020833333333333332
2022,Kenny Golladay,kenny golladay,NYG,WR,6,17,6,81,1,0,4,164,11,-1.7573862481870193,0.35294117647058826,4.764705882352941,13.5,0.058823529411764705,9.647058823529411,1.8333333333333333,NA,NA,NA,NA,NA,NA,NA,NA,NA,NA,NA,NA,NA,NA,NA
2022,Kevin White,kevin white,NO,WR,6,5,2,74,0,0,2,91,68,2.513822603505105,0.4,14.8,37,0,18.2,34,NA,NA,NA,NA,NA,NA,NA,NA,NA,NA,NA,NA,NA,NA,NA
2022,KhaDarel Hodge,khadarel hodge,ATL,WR,13,20,13,202,1,0,7,268,61,13.562926854167134,0.65,10.1,15.538461538461538,0.05,13.4,4.6923076923076925,NA,NA,NA,NA,NA,NA,NA,NA,NA,NA,NA,NA,NA,NA,NA
2022,Khalil Shakir,khalil shakir,BUF,WR,10,20,10,161,1,0,7,204,74,7.746274182645771,0.5,8.05,16.1,0.05,10.2,7.4,NA,NA,NA,NA,NA,NA,NA,NA,NA,NA,NA,NA,NA,NA,NA
2022,Kyle Philips,kyle philips,TEN,WR,4,13,8,78,0,0,3,100,21,-1.9355736239813268,0.6153846153846154,6,9.75,0,7.6923076923076925,2.625,NA,NA,NA,NA,NA,NA,NA,NA,NA,NA,NA,NA,NA,NA,NA
2022,Lance McCutcheon,lance mccutcheon,LA,WR,4,5,0,0,0,0,0,71,0,-4.001597410067916,0,0,NA,0,14.2,NA,NA,NA,NA,NA,NA,NA,NA,NA,NA,NA,NA,NA,NA,NA,NA
2022,Laquon Treadwell,laquon treadwell,SEA,WR,3,10,6,42,0,0,3,52,11,-3.099431679554982,0.6,4.2,7,0,5.2,1.8333333333333333,NA,NA,NA,NA,NA,NA,NA,NA,NA,NA,NA,NA,NA,NA,NA
2022,Lawrence Cager,lawrence cager,NYG,TE,6,19,13,118,1,0,8,110,78,-5.217745262387209,0.6842105263157895,6.2105263157894735,9.076923076923077,0.05263157894736842,5.7894736842105265,6,NA,NA,NA,NA,NA,NA,NA,NA,NA,NA,NA,NA,NA,NA,NA
2022,Lil'Jordan Humphrey,lil jordan humphrey,NE,WR,4,4,2,20,0,0,0,27,15,0.31961415556725115,0.5,5,10,0,6.75,7.5,NA,NA,NA,NA,NA,NA,NA,NA,NA,NA,NA,NA,NA,NA,NA
2022,Mack Hollins,mack hollins,LV,WR,17,94,57,690,4,0,34,1196,192,31.43468787536654,0.6063829787234043,7.340425531914893,12.105263157894736,0.0425531914893617,12.72340425531915,3.3684210526315788,94,57,690,4,60.63829787234043,6.590322580645163,2.996536330566694,12.68212765957447,3.5035087719298246,3.111759026306293,0.3917497456235317,22.831424522158812,7.340425531914893,12.105263157894736,0.0425531914893617
2022,Malik Turner,malik turner,SF,WR,2,0,0,0,0,0,0,0,0,NA,NA,NA,NA,NA,NA,NA,NA,NA,NA,NA,NA,NA,NA,NA,NA,NA,NA,NA,NA,NA,NA
2022,Marcus Johnson,marcus johnson,NYG,WR,8,22,9,99,0,0,6,233,36,-6.112587836323539,0.4090909090909091,4.5,11,0,10.590909090909092,4,NA,NA,NA,NA,NA,NA,NA,NA,NA,NA,NA,NA,NA,NA,NA
2022,Marcus Kemp,marcus kemp,KC,WR,2,0,0,0,0,0,0,0,0,NA,NA,NA,NA,NA,NA,NA,NA,NA,NA,NA,NA,NA,NA,NA,NA,NA,NA,NA,NA,NA,NA
2022,Marquez Callaway,marquez callaway,NO,WR,10,32,16,158,1,0,11,389,35,-6.193596414298177,0.5,4.9375,9.875,0.03125,12.15625,2.1875,NA,NA,NA,NA,NA,NA,NA,NA,NA,NA,NA,NA,NA,NA,NA
2022,Marquez Valdes-Scantling,marquez valdes scantling,KC,WR,17,81,42,687,2,0,32,1153,122,17.297868028928427,0.5185185185185185,8.481481481481481,16.357142857142858,0.024691358024691357,14.234567901234568,2.9047619047619047,81,42,687,2,51.85185185185185,6.366025641025641,2.8326130121571196,13.94246913580247,3.3780952380952387,4.419107004579358,-1.041011766484119,24.758572458954582,8.481481481481481,16.357142857142858,0.024691358024691357
2022,Marquise Brown,marquise brown,ARI,WR,12,107,67,709,3,1,33,1205,236,-3.331899893946776,0.6261682242990654,6.626168224299065,10.582089552238806,0.028037383177570093,11.261682242990654,3.5223880597014925,107,67,709,3,62.616822429906534,6.8048,3.3356818473589986,10.924018691588786,3.777014925373135,3.824110657202627,-0.04709573182949223,26.874405087621696,6.626168224299065,10.582089552238806,0.028037383177570093
2022,Marquise Goodwin,marquise goodwin,SEA,WR,13,42,27,387,4,0,18,442,114,20.900176979249792,0.6428571428571429,9.214285714285714,14.333333333333334,0.09523809523809523,10.523809523809524,4.222222222222222,NA,NA,NA,NA,NA,NA,NA,NA,NA,NA,NA,NA,NA,NA,NA
2022,Marvin Jones,marvin jones,JAX,WR,16,81,46,529,3,0,30,1071,95,11.479467955404148,0.5679012345679012,6.530864197530864,11.5,0.037037037037037035,13.222222222222221,2.0652173913043477,81,46,529,3,56.79012345679012,5.868000000000001,2.0546859109491464,13.524691358024691,2.3147826086956518,2.548189269598273,-0.23340666090262108,25.778350891476787,6.530864197530864,11.5,0.037037037037037035
2022,Mason Kinsey,mason kinsey,TEN,WR,2,1,1,3,0,0,0,3,0,0.004852446261793375,1,3,3,0,3,0,NA,NA,NA,NA,NA,NA,NA,NA,NA,NA,NA,NA,NA,NA,NA
2022,Matthew Slater,matthew slater,NE,WR,8,0,0,0,0,0,0,0,0,NA,NA,NA,NA,NA,NA,NA,NA,NA,NA,NA,NA,NA,NA,NA,NA,NA,NA,NA,NA,NA,NA
2022,Maurice Alexander,maurice alexander,DET,WR,3,1,1,7,0,0,0,3,4,-0.6631927502994128,1,7,7,0,3,4,NA,NA,NA,NA,NA,NA,NA,NA,NA,NA,NA,NA,NA,NA,NA
2022,Mecole Hardman,mecole hardman,KC,WR,8,34,25,297,4,0,14,275,160,18.585516858866452,0.7352941176470589,8.735294117647058,11.88,0.11764705882352941,8.088235294117647,6.4,NA,NA,NA,NA,NA,NA,NA,NA,NA,NA,NA,NA,NA,NA,NA
2022,Michael Bandy,michael bandy,LAC,WR,8,21,10,89,0,0,5,184,25,-2.3061191533342935,0.47619047619047616,4.238095238095238,8.9,0,8.761904761904763,2.5,NA,NA,NA,NA,NA,NA,NA,NA,NA,NA,NA,NA,NA,NA,NA
2022,Michael Gallup,michael gallup,DAL,WR,14,74,39,424,4,0,25,819,107,-0.47733926229543444,0.527027027027027,5.72972972972973,10.871794871794872,0.05405405405405406,11.067567567567568,2.7435897435897436,74,39,424,4,52.702702702702695,6.088243243243243,2.3976046169568153,11.69391891891892,2.961025641025641,2.9949724667416318,-0.03394682571599095,19.13026753856561,5.72972972972973,10.871794871794872,0.05405405405405406
2022,Michael Thomas,michael thomas,CIN/NO,DB,10,22,16,171,3,0,13,237,21,16.696307317644823,0.7272727272727273,7.7727272727272725,10.6875,0.13636363636363635,10.772727272727273,1.3125,NA,NA,NA,NA,NA,NA,NA,NA,NA,NA,NA,NA,NA,NA,NA
2022,Mike Brown,mike brown,CLE,SAF,1,0,0,0,0,0,0,0,0,NA,NA,NA,NA,NA,NA,NA,NA,NA,NA,NA,NA,NA,NA,NA,NA,NA,NA,NA,NA,NA,NA
2022,Mike Evans,mike evans,TB,WR,15,127,77,1124,6,0,53,1677,216,26.091298192754156,0.6062992125984252,8.850393700787402,14.597402597402597,0.047244094488188976,13.204724409448819,2.8051948051948052,127,77,1124,6,60.629921259842526,5.703577235772357,2.594674022537763,13.445118110236221,3.294545454545454,2.8549764248872758,0.43956902965817823,33.637957527284186,8.850393700787402,14.597402597402597,0.047244094488188976
2022,Mike Strachan,mike strachan,IND,WR,5,9,3,59,0,0,3,129,13,-2.6660449231769827,0.3333333333333333,6.555555555555555,19.666666666666668,0,14.333333333333334,4.333333333333333,NA,NA,NA,NA,NA,NA,NA,NA,NA,NA,NA,NA,NA,NA,NA
2022,Mike Thomas,mike thomas,CIN,WR,5,10,2,38,0,0,1,122,24,-3.8829947583870963,0.2,3.8,19,0,12.2,12,NA,NA,NA,NA,NA,NA,NA,NA,NA,NA,NA,NA,NA,NA,NA
2022,Mike Williams,mike williams,LAC,WR,13,93,63,895,4,0,39,1111,324,31.584319500410423,0.6774193548387096,9.623655913978494,14.206349206349206,0.043010752688172046,11.946236559139784,5.142857142857143,93,63,895,4,67.74193548387096,5.426989247311829,2.819758358696051,12.2152688172043,5.337460317460318,4.397326919597082,0.940133397863236,25.12457011423075,9.623655913978494,14.206349206349206,0.043010752688172046
2022,Mike Woods,mike woods,CLE,WR,7,10,5,45,0,0,3,159,17,-7.736738331062952,0.5,4.5,9,0,15.9,3.4,NA,NA,NA,NA,NA,NA,NA,NA,NA,NA,NA,NA,NA,NA,NA
2022,Miles Boykin,miles boykin,PIT,WR,10,3,2,11,0,0,1,46,0,-0.8803758839494549,0.6666666666666666,3.6666666666666665,5.5,0,15.333333333333334,0,NA,NA,NA,NA,NA,NA,NA,NA,NA,NA,NA,NA,NA,NA,NA
2022,Milton Williams,milton williams,PHI,DE,15,0,0,0,0,0,0,0,0,NA,NA,NA,NA,NA,NA,NA,NA,NA,NA,NA,NA,NA,NA,NA,NA,NA,NA,NA,NA,NA,NA
2022,Montrell Washington,montrell washington,DEN,WR,15,9,4,2,0,0,0,153,13,-7.784386477782391,0.4444444444444444,0.2222222222222222,0.5,0,17,3.25,NA,NA,NA,NA,NA,NA,NA,NA,NA,NA,NA,NA,NA,NA,NA
2022,N'Keal Harry,n keal harry,CHI,TE,6,9,7,116,1,0,4,153,16,8.584231152955908,0.7777777777777778,12.88888888888889,16.571428571428573,0.1111111111111111,17,2.2857142857142856,NA,NA,NA,NA,NA,NA,NA,NA,NA,NA,NA,NA,NA,NA,NA
2022,Nelson Agholor,nelson agholor,NE,WR,14,53,31,362,2,2,12,653,147,-12.491907305548832,0.5849056603773585,6.830188679245283,11.67741935483871,0.03773584905660377,12.320754716981131,4.741935483870968,53,31,362,2,58.490566037735846,6.110196078431372,3.3540598383855267,11.722075471698114,5.081612903225807,4.148897220683461,0.9327156825423462,15.749726210756872,6.830188679245283,11.67741935483871,0.03773584905660377
2022,Nick Williams,nick williams,NYG,DT,6,0,0,0,0,0,0,0,0,NA,NA,NA,NA,NA,NA,NA,NA,NA,NA,NA,NA,NA,NA,NA,NA,NA,NA,NA,NA,NA,NA
2022,Nico Collins,nico collins,HOU,WR,10,66,37,481,2,0,21,775,143,-1.3270556627888639,0.5606060606060606,7.287878787878788,13,0.030303030303030304,11.742424242424242,3.864864864864865,66,37,481,2,56.060606060606055,5.8990909090909085,2.9005587279897145,11.908181818181818,4.158648648648648,3.835576415295732,0.3230722333529159,18.81283391738956,7.287878787878788,13,0.030303030303030304
2022,Noah Brown,noah brown,DAL,WR,16,74,43,555,3,1,25,800,128,-3.5267449333169063,0.581081081081081,7.5,12.906976744186046,0.04054054054054054,10.81081081081081,2.9767441860465116,74,43,555,3,58.108108108108105,6.786388888888889,2.351979024894406,11.293783783783784,3.049767441860465,2.767250334185014,0.2825171076754507,18.475680120969347,7.5,12.906976744186046,0.04054054054054054
2022,Nsimba Webster,nsimba webster,CHI,WR,1,3,2,14,0,1,2,22,4,0.3813299947651103,0.6666666666666666,4.666666666666667,7,0,7.333333333333333,2,NA,NA,NA,NA,NA,NA,NA,NA,NA,NA,NA,NA,NA,NA,NA
2022,Olamide Zaccheaus,olamide zaccheaus,ATL,WR,16,61,40,533,3,1,25,718,193,23.677558913227276,0.6557377049180327,8.737704918032787,13.325,0.04918032786885246,11.770491803278688,4.825,61,40,533,3,65.57377049180327,6.684313725490195,3.3029839034497,11.448852459016393,5.010999999999998,4.354841828480309,0.6561581715196896,18.01234386404727,8.737704918032787,13.325,0.04918032786885246
2022,Parris Campbell,parris campbell,IND,WR,17,91,63,623,3,1,32,582,276,-7.994461106525233,0.6923076923076923,6.846153846153846,9.88888888888889,0.03296703296703297,6.395604395604396,4.380952380952381,91,63,623,3,69.23076923076923,6.495058823529409,3.5060415038812813,6.421428571428571,4.54936507936508,4.0175685761639945,0.5317965032010852,15.11694386022098,6.846153846153846,9.88888888888889,0.03296703296703297
2022,Penny Hart,penny hart,SEA,WR,4,4,3,20,0,0,1,31,12,-1.825406166622881,0.75,5,6.666666666666667,0,7.75,4,NA,NA,NA,NA,NA,NA,NA,NA,NA,NA,NA,NA,NA,NA,NA
2022,Pharoh Cooper,pharoh cooper,ARI,WR,5,2,2,6,0,0,0,-6,12,-0.7791096055880189,1,3,3,0,-3,6,NA,NA,NA,NA,NA,NA,NA,NA,NA,NA,NA,NA,NA,NA,NA
2022,Phillip Dorsett,phillip dorsett,HOU,WR,15,40,20,257,1,0,11,445,62,-3.7097915057484996,0.5,6.425,12.85,0.025,11.125,3.1,NA,NA,NA,NA,NA,NA,NA,NA,NA,NA,NA,NA,NA,NA,NA
2022,Quez Watkins,quez watkins,PHI,WR,17,51,33,354,3,1,13,476,146,-12.772953875300066,0.6470588235294118,6.9411764705882355,10.727272727272727,0.058823529411764705,9.333333333333334,4.424242424242424,51,33,354,3,64.70588235294117,7.046744186046511,3.5614518785359994,9.386862745098039,4.673939393939394,6.152144322365725,-1.4782049284263312,11.139006649944855,6.9411764705882355,10.727272727272727,0.058823529411764705
2022,Quintez Cephus,quintez cephus,DET,WR,3,3,2,15,0,0,1,14,4,2.9725595135823824,0.6666666666666666,5,7.5,0,4.666666666666667,2,NA,NA,NA,NA,NA,NA,NA,NA,NA,NA,NA,NA,NA,NA,NA
2022,Racey McMath,racey mcmath,TEN,WR,4,8,2,40,0,0,1,176,7,-5.562793552991934,0.25,5,20,0,22,3.5,NA,NA,NA,NA,NA,NA,NA,NA,NA,NA,NA,NA,NA,NA,NA
2022,Raleigh Webb,raleigh webb,NE,WR,3,0,0,0,0,0,0,0,0,NA,NA,NA,NA,NA,NA,NA,NA,NA,NA,NA,NA,NA,NA,NA,NA,NA,NA,NA,NA,NA,NA
2022,Randall Cobb,randall cobb,GB,WR,13,50,34,417,1,1,19,475,185,22.56483781379832,0.68,8.34,12.264705882352942,0.02,9.5,5.4411764705882355,50,34,417,1,68,5.99139534883721,2.8815060537327275,9.688600000000001,5.526470588235293,4.114972755529478,1.4114978327058152,11.22891521581408,8.34,12.264705882352942,0.02
2022,Rashid Shaheed,rashid shaheed,NO,WR,12,34,28,488,2,1,18,397,175,31.05510401758989,0.8235294117647058,14.352941176470589,17.428571428571427,0.058823529411764705,11.676470588235293,6.25,NA,NA,NA,NA,NA,NA,NA,NA,NA,NA,NA,NA,NA,NA,NA
2022,Rashod Bateman,rashod bateman,BAL,WR,6,28,15,285,2,1,7,374,133,2.6476170575045197,0.5357142857142857,10.178571428571429,19,0.07142857142857142,13.357142857142858,8.866666666666667,NA,NA,NA,NA,NA,NA,NA,NA,NA,NA,NA,NA,NA,NA,NA
2022,Ray-Ray McCloud,ray ray mccloud,SF,WR,17,25,14,243,1,0,11,295,92,12.392493324063253,0.56,9.72,17.357142857142858,0.04,11.8,6.571428571428571,NA,NA,NA,NA,NA,NA,NA,NA,NA,NA,NA,NA,NA,NA,NA
2022,Richie James,richie james,NYG,WR,16,70,57,569,4,0,29,509,176,24.495805307908885,0.8142857142857143,8.128571428571428,9.982456140350877,0.05714285714285714,7.271428571428571,3.087719298245614,70,57,569,4,81.42857142857143,6.744999999999999,3.1903275387012253,7.174857142857144,3.308596491228071,4.102729336694177,-0.7941328454661054,16.077390689172795,8.128571428571428,9.982456140350877,0.05714285714285714
2022,River Cracraft,river cracraft,MIA,WR,8,14,9,102,2,0,8,122,26,1.4560171206831,0.6428571428571429,7.285714285714286,11.333333333333334,0.14285714285714285,8.714285714285714,2.888888888888889,NA,NA,NA,NA,NA,NA,NA,NA,NA,NA,NA,NA,NA,NA,NA
2022,Robbie Chosen,robbie chosen,ARI,WR,12,44,20,282,1,1,10,625,92,-7.144595923484226,0.45454545454545453,6.409090909090909,14.1,0.022727272727272728,14.204545454545455,4.6,NA,NA,NA,NA,NA,NA,NA,NA,NA,NA,NA,NA,NA,NA,NA
2022,Robert Woods,robert woods,TEN,WR,17,91,53,527,2,0,31,716,156,8.946638316698975,0.5824175824175825,5.791208791208791,9.943396226415095,0.02197802197802198,7.868131868131868,2.943396226415094,91,53,527,2,58.24175824175825,6.918292682926829,2.7537809768196464,8.652857142857142,2.974339622641509,2.9005457125498744,0.07379391009163472,22.845197753226245,5.791208791208791,9.943396226415095,0.02197802197802198
2022,Romeo Doubs,romeo doubs,GB,WR,13,67,42,425,3,2,20,637,191,-2.379796117582551,0.6268656716417911,6.343283582089552,10.119047619047619,0.04477611940298507,9.507462686567164,4.5476190476190474,67,42,425,3,62.68656716417911,6.419682539682539,3.348993098873621,9.23134328358209,4.848333333333334,4.711694961000636,0.1366383723326976,14.336610162419769,6.343283582089552,10.119047619047619,0.04477611940298507
2022,Rondale Moore,rondale moore,ARI,WR,8,56,41,414,1,0,16,309,281,11.375221044392879,0.7321428571428571,7.392857142857143,10.097560975609756,0.017857142857142856,5.517857142857143,6.853658536585366,56,41,414,1,73.21428571428571,7.497959183673469,3.8327139788323796,5.265535714285714,7.124390243902438,5.373338158953026,1.7510520849494116,6.779586975614917,7.392857142857143,10.097560975609756,0.017857142857142856
2022,Russell Gage,russell gage,TB,WR,13,70,51,426,5,1,31,383,171,20.507765041897308,0.7285714285714285,6.085714285714285,8.352941176470589,0.07142857142857142,5.4714285714285715,3.3529411764705883,70,51,426,5,72.85714285714285,7.0065625,3.3276377794921714,5.930285714285716,3.5082352941176462,4.048322118103929,-0.5400868239862828,8.177770773413185,6.085714285714285,8.352941176470589,0.07142857142857142
2022,Sammy Watkins,sammy watkins,BAL,WR,9,27,16,325,0,1,11,354,126,10.209629020801316,0.5925925925925926,12.037037037037036,20.3125,0,13.11111111111111,7.875,NA,NA,NA,NA,NA,NA,NA,NA,NA,NA,NA,NA,NA,NA,NA
2022,Samori Toure,samori toure,GB,WR,4,10,5,82,1,1,2,174,11,3.206173419358109,0.5,8.2,16.4,0.1,17.4,2.2,NA,NA,NA,NA,NA,NA,NA,NA,NA,NA,NA,NA,NA,NA,NA
2022,Shi Smith,shi smith,CAR,WR,17,41,22,296,2,1,14,351,97,-9.333155053369486,0.5365853658536586,7.219512195121951,13.454545454545455,0.04878048780487805,8.560975609756097,4.409090909090909,NA,NA,NA,NA,NA,NA,NA,NA,NA,NA,NA,NA,NA,NA,NA
2022,Simi Fehoko,simi fehoko,DAL,WR,3,4,3,24,0,0,1,51,10,-1.1463221836526871,0.75,6,8,0,12.75,3.3333333333333335,NA,NA,NA,NA,NA,NA,NA,NA,NA,NA,NA,NA,NA,NA,NA
2022,Skyy Moore,skyy moore,KC,WR,16,33,22,250,0,0,13,258,151,5.486092451597976,0.6666666666666666,7.575757575757576,11.363636363636363,0,7.818181818181818,6.863636363636363,NA,NA,NA,NA,NA,NA,NA,NA,NA,NA,NA,NA,NA,NA,NA
2022,Stanley Berryhill,stanley berryhill,DET,WR,1,0,0,0,0,0,0,0,0,NA,NA,NA,NA,NA,NA,NA,NA,NA,NA,NA,NA,NA,NA,NA,NA,NA,NA,NA,NA,NA,NA
2022,Stanley Morgan,stanley morgan,CIN,WR,9,1,0,0,0,0,0,0,0,-3.1803987219464034,0,0,NA,0,0,NA,NA,NA,NA,NA,NA,NA,NA,NA,NA,NA,NA,NA,NA,NA,NA
2022,Stefon Diggs,stefon diggs,BUF,WR,16,154,108,1429,11,1,72,1729,419,75.10441460938806,0.7012987012987013,9.279220779220779,13.231481481481481,0.07142857142857142,11.227272727272727,3.8796296296296298,154,108,1429,11,70.12987012987013,5.359929078014184,2.828388766050926,11.616038961038964,4.1161111111111115,3.3569227903771095,0.759188320734002,34.57528644101867,9.279220779220779,13.231481481481481,0.07142857142857142
2022,Stephen Sullivan,stephen sullivan,CAR,TE,8,6,2,46,0,0,2,87,21,-2.4585835977923125,0.3333333333333333,7.666666666666667,23,0,14.5,10.5,NA,NA,NA,NA,NA,NA,NA,NA,NA,NA,NA,NA,NA,NA,NA
2022,Sterling Shepard,sterling shepard,NYG,WR,3,24,13,154,1,0,4,225,55,-3.1267536524625905,0.5416666666666666,6.416666666666667,11.846153846153847,0.041666666666666664,9.375,4.230769230769231,NA,NA,NA,NA,NA,NA,NA,NA,NA,NA,NA,NA,NA,NA,NA
2022,T.Y. Hilton,t y hilton,DAL,WR,3,10,7,121,0,0,5,175,33,10.084503951016814,0.7,12.1,17.285714285714285,0,17.5,4.714285714285714,NA,NA,NA,NA,NA,NA,NA,NA,NA,NA,NA,NA,NA,NA,NA
2022,Tanner Conner,tanner conner,MIA,TE,2,3,0,0,0,0,0,20,0,-2.6595457083312795,0,0,NA,0,6.666666666666667,NA,NA,NA,NA,NA,NA,NA,NA,NA,NA,NA,NA,NA,NA,NA,NA
2022,Tanner Gentry,tanner gentry,BUF,WR,1,1,0,0,0,0,0,7,0,-0.7896298202686012,0,0,NA,0,7,NA,NA,NA,NA,NA,NA,NA,NA,NA,NA,NA,NA,NA,NA,NA,NA
2022,Tay Martin,tay martin,SF,WR,1,0,0,0,0,0,0,0,0,NA,NA,NA,NA,NA,NA,NA,NA,NA,NA,NA,NA,NA,NA,NA,NA,NA,NA,NA,NA,NA,NA
2022,Tee Higgins,tee higgins,CIN,WR,14,109,74,1029,7,0,46,1185,286,54.56832947387763,0.6788990825688074,9.440366972477063,13.905405405405405,0.06422018348623854,10.871559633027523,3.864864864864865,109,74,1029,7,67.88990825688074,5.7642592592592585,2.543515705121587,11.31954128440367,3.944324324324325,3.179018081278591,0.765306243045734,28.88280253286048,9.440366972477063,13.905405405405405,0.06422018348623854
2022,Terrace Marshall,terrace marshall,CAR,WR,NA,NA,NA,NA,NA,NA,NA,NA,NA,NA,NA,NA,NA,NA,NA,NA,47,28,490,1,59.57446808510638,5.102391304347826,2.581705838573924,12.461914893617022,5.697500000000001,4.456214233557595,1.241285766442406,18.276707814820828,10.425531914893616,17.5,0.02127659574468085
2022,Terry McLaurin,terry mclaurin,WAS,WR,17,120,77,1191,5,0,56,1549,382,48.660015074449284,0.6416666666666667,9.925,15.467532467532468,0.041666666666666664,12.908333333333333,4.961038961038961,120,77,1191,5,64.16666666666667,6.247777777777777,2.4726463000932486,13.033999999999999,5.177922077922077,4.123595806690196,1.054326271231881,34.95471093440965,9.925,15.467532467532468,0.041666666666666664
2022,Tim Jones,tim jones,JAX,WR,7,4,3,30,0,0,1,7,21,1.1887424494489096,0.75,7.5,10,0,1.75,7,NA,NA,NA,NA,NA,NA,NA,NA,NA,NA,NA,NA,NA,NA,NA
2022,Tom Kennedy,tom kennedy,DET,WR,5,15,8,141,0,0,7,134,73,7.931223585629738,0.5333333333333333,9.4,17.625,0,8.933333333333334,9.125,NA,NA,NA,NA,NA,NA,NA,NA,NA,NA,NA,NA,NA,NA,NA
2022,Tony Brown,tony brown,IND,DB,7,0,0,0,0,0,0,0,0,NA,NA,NA,NA,NA,NA,NA,NA,NA,NA,NA,NA,NA,NA,NA,NA,NA,NA,NA,NA,NA,NA
2022,Tony Jones,tony jones,SEA,RB,3,8,5,30,0,0,0,-22,34,-5.515736845671199,0.625,3.75,6,0,-2.75,6.8,NA,NA,NA,NA,NA,NA,NA,NA,NA,NA,NA,NA,NA,NA,NA
2022,Tre'Quan Smith,tre quan smith,NO,WR,10,27,19,278,1,0,14,331,66,7.385662595776214,0.7037037037037037,10.296296296296296,14.631578947368421,0.037037037037037035,12.25925925925926,3.473684210526316,NA,NA,NA,NA,NA,NA,NA,NA,NA,NA,NA,NA,NA,NA,NA
2022,Trent Sherfield,trent sherfield,MIA,WR,16,51,30,417,2,0,18,561,138,6.536412975165587,0.5882352941176471,8.176470588235293,13.9,0.0392156862745098,11,4.6,51,30,417,2,58.82352941176471,5.9,2.864272470289376,10.474901960784313,5.112666666666668,3.0546211603171924,2.058045506349475,10.367506787532287,8.176470588235293,13.9,0.0392156862745098
2022,Trent Taylor,trent taylor,CIN,WR,16,10,6,62,0,0,1,45,43,-0.3390488504928677,0.6,6.2,10.333333333333334,0,4.5,7.166666666666667,NA,NA,NA,NA,NA,NA,NA,NA,NA,NA,NA,NA,NA,NA,NA
2022,Trenton Irwin,trenton irwin,CIN,WR,9,23,15,231,4,0,12,259,59,19.67878938527383,0.6521739130434783,10.043478260869565,15.4,0.17391304347826086,11.26086956521739,3.933333333333333,NA,NA,NA,NA,NA,NA,NA,NA,NA,NA,NA,NA,NA,NA,NA
2022,Treylon Burks,treylon burks,TEN,WR,11,54,33,444,1,0,19,624,165,3.9022393491599328,0.6111111111111112,8.222222222222221,13.454545454545455,0.018518518518518517,11.555555555555555,5,54,33,444,1,61.111111111111114,7.1043396226415085,3.1167939277387027,11.25574074074074,5.389393939393939,4.329049907784465,1.0603440316094739,17.63444666233404,8.222222222222221,13.454545454545455,0.018518518518518517
2022,Trinity Benson,trinity benson,DET,WR,1,0,0,0,0,0,0,0,0,NA,NA,NA,NA,NA,NA,NA,NA,NA,NA,NA,NA,NA,NA,NA,NA,NA,NA,NA,NA,NA,NA
2022,Tutu Atwell,tutu atwell,LA,WR,12,35,18,298,1,0,11,622,60,4.0469003132936034,0.5142857142857142,8.514285714285714,16.555555555555557,0.02857142857142857,17.771428571428572,3.3333333333333335,NA,NA,NA,NA,NA,NA,NA,NA,NA,NA,NA,NA,NA,NA,NA
2022,Ty Montgomery,ty montgomery,NE,WR,1,4,3,15,1,0,1,13,7,2.1808464441564865,0.75,3.75,5,0.25,3.25,2.3333333333333335,NA,NA,NA,NA,NA,NA,NA,NA,NA,NA,NA,NA,NA,NA,NA
2022,Tylan Wallace,tylan wallace,BAL,WR,5,7,4,33,0,0,1,94,9,-2.95119739335496,0.5714285714285714,4.714285714285714,8.25,0,13.428571428571429,2.25,NA,NA,NA,NA,NA,NA,NA,NA,NA,NA,NA,NA,NA,NA,NA
2022,Tyler Boyd,tyler boyd,CIN,WR,16,82,58,762,5,0,41,755,249,28.99062020583348,0.7073170731707317,9.292682926829269,13.137931034482758,0.06097560975609756,9.207317073170731,4.293103448275862,82,58,762,5,70.73170731707317,5.09611111111111,2.7046388866001694,9.414512195121953,4.472241379310344,3.452727490466085,1.0195138888442594,18.07156150145722,9.292682926829269,13.137931034482758,0.06097560975609756
2022,Tyler Lockett,tyler lockett,SEA,WR,16,117,84,1033,9,1,50,1242,272,38.25288152779134,0.717948717948718,8.82905982905983,12.297619047619047,0.07692307692307693,10.615384615384615,3.238095238095238,117,84,1033,9,71.7948717948718,7.531454545454545,3.5437860450145537,10.93991452991453,3.368571428571429,4.229633691532824,-0.8610622629613944,29.014854593635174,8.82905982905983,12.297619047619047,0.07692307692307693
2022,Tyquan Thornton,tyquan thornton,NE,WR,12,45,22,247,2,0,13,646,63,-2.893325515402396,0.4888888888888889,5.488888888888889,11.227272727272727,0.044444444444444446,14.355555555555556,2.8636363636363638,45,22,247,2,48.888888888888886,5.939555555555557,3.147385115001464,13.993333333333332,3.2613636363636362,4.386157325720117,-1.1247936893564812,15.963433925529321,5.488888888888889,11.227272727272727,0.044444444444444446
2022,Tyreek Hill,tyreek hill,MIA,WR,17,170,119,1710,7,1,77,2107,482,64.06243745761115,0.7,10.058823529411764,14.369747899159664,0.041176470588235294,12.394117647058824,4.050420168067227,170,119,1710,7,70,6.379797297297297,3.3101329104494246,12.171117647058821,4.331092436974789,4.085669471703847,0.24542296527094187,40.154439405142405,10.058823529411764,14.369747899159664,0.041176470588235294
2022,Tyrie Cleveland,tyrie cleveland,DEN,WR,5,7,2,28,0,0,1,99,17,-4.329919437528258,0.2857142857142857,4,14,0,14.142857142857142,8.5,NA,NA,NA,NA,NA,NA,NA,NA,NA,NA,NA,NA,NA,NA,NA
2022,Tyron Johnson,tyron johnson,HOU,WR,2,1,1,8,0,0,0,-2,10,0.6337599324760959,1,8,8,0,-2,10,NA,NA,NA,NA,NA,NA,NA,NA,NA,NA,NA,NA,NA,NA,NA
2022,Van Jefferson,van jefferson,LA,WR,10,44,24,369,3,0,20,695,38,11.800790292327292,0.5454545454545454,8.386363636363637,15.375,0.06818181818181818,15.795454545454545,1.5833333333333333,NA,NA,NA,NA,NA,NA,NA,NA,NA,NA,NA,NA,NA,NA,NA
2022,Wan'Dale Robinson,wan dale robinson,NYG,WR,6,31,23,227,1,0,13,192,126,11.781825616408776,0.7419354838709677,7.32258064516129,9.869565217391305,0.03225806451612903,6.193548387096774,5.478260869565218,NA,NA,NA,NA,NA,NA,NA,NA,NA,NA,NA,NA,NA,NA,NA
2022,Zach Pascal,zach pascal,PHI,WR,15,19,15,150,1,0,9,115,86,0.30220998800359666,0.7894736842105263,7.894736842105263,10,0.05263157894736842,6.052631578947368,5.733333333333333,NA,NA,NA,NA,NA,NA,NA,NA,NA,NA,NA,NA,NA,NA,NA
2022,Zay Jones,zay jones,JAX,WR,16,121,82,823,5,0,44,1018,293,41.48386222549859,0.6776859504132231,6.801652892561983,10.036585365853659,0.04132231404958678,8.413223140495868,3.573170731707317,121,82,834,5,67.76859504132231,6.598290598290596,3.540296186865175,8.533223140495867,3.9345121951219513,3.9363979738126296,-0.001885778690678297,24.29636044040859,6.892561983471074,10.170731707317072,0.04132231404958678
2023,A.J. Brown,a j brown,PHI,WR,17,158,106,1456,7,2,70,1853,473,65.87283749351664,0.6708860759493671,9.2151898734177209,13.735849056603774,0.04430379746835443,11.727848101265822,4.462264150943396,158,106,1456,7,67.08860759493672,6.579358974358975,2.436500003793638,12.156582278481013,4.522075471698113,2.754841859450974,1.7672336122471388,41.787284590131115,9.2151898734177209,13.735849056603774,0.04430379746835443
2023,A.J. Green,a j green,CLE,CB,1,0,0,0,0,0,0,0,0,NA,NA,NA,NA,NA,NA,NA,NA,NA,NA,NA,NA,NA,NA,NA,NA,NA,NA,NA,NA,NA,NA
2023,A.T. Perry,a t perry,NO,WR,8,18,12,246,4,0,10,293,20,19.071494034456784,0.6666666666666666,13.666666666666666,20.5,0.2222222222222222,16.27777777777778,1.6666666666666667,NA,NA,NA,NA,NA,NA,NA,NA,NA,NA,NA,NA,NA,NA,NA
2023,Adam Thielen,adam thielen,CAR,WR,17,137,103,1014,4,2,57,1058,340,60.728397488386285,0.7518248175182481,7.401459854014599,9.844660194174757,0.029197080291970802,7.7226277372262775,3.3009708737864076,137,103,1014,4,75.18248175182481,6.30520325203252,2.88760037104662,7.6350364963503665,3.4421359223300967,4.513196068744899,-1.0710601464148026,26.349465453482875,7.401459854014599,9.844660194174757,0.029197080291970802
2023,Alec Pierce,alec pierce,IND,WR,17,65,32,514,2,0,24,977,97,17.1916585591053,0.49230769230769234,7.907692307692308,16.0625,0.03076923076923077,15.03076923076923,3.03125,65,32,514,2,49.23076923076923,6.241076923076923,2.1531582713154367,15.014923076923077,3.371249999999999,3.4087338932165405,-0.03748389321654155,23.733466919247807,7.907692307692308,16.0625,0.03076923076923077
2023,Alex Erickson,alex erickson,LAC,WR,8,29,16,232,1,0,12,295,58,5.394800698268227,0.5517241379310345,8,14.5,0.034482758620689655,10.172413793103448,3.625,NA,NA,NA,NA,NA,NA,NA,NA,NA,NA,NA,NA,NA,NA,NA
2023,Allen Lazard,allen lazard,NYJ,WR,14,49,23,311,1,0,17,597,56,0.37687926477519795,0.46938775510204084,6.346938775510204,13.521739130434783,0.02040816326530612,12.183673469387756,2.4347826086956523,49,23,311,1,46.93877551020408,6.3046938775510215,2.209960657840716,12.02795918367347,2.4143478260869577,2.301296873140357,0.11305095294660061,15.389214989973263,6.346938775510204,13.521739130434783,0.02040816326530612
2023,Allen Robinson,allen robinson,PIT,WR,15,49,34,280,0,0,9,370,68,-4.572062466759873,0.6938775510204082,5.714285714285714,8.235294117647058,0,7.551020408163265,2,48,33,273,0,68.75,6.691276595744681,2.5720438307195455,7.605,2.1799999999999997,2.3026620394752637,-0.122662039475264,10.025321461723948,5.6875,8.272727272727273,0
2023,Amari Cooper,amari cooper,CLE,WR,15,128,72,1250,5,2,50,1834,271,46.09748478105425,0.5625,9.765625,17.36111111111111,0.0390625,14.328125,3.763888888888889,128,72,1250,5,56.25,5.39536,2.1661048539902095,14.031640625000001,4.271666666666667,2.654604355379979,1.6170623112866882,35.06430880722197,9.765625,17.36111111111111,0.0390625
2023,Amari Rodgers,amari rodgers,IND,WR,1,2,0,0,0,0,0,30,0,-2.0035566507140175,0,0,NA,0,15,NA,NA,NA,NA,NA,NA,NA,NA,NA,NA,NA,NA,NA,NA,NA,NA
2023,Amon-Ra St. Brown,amon ra st brown,DET,WR,16,164,119,1515,10,1,75,1271,668,71.34393314206709,0.725609756097561,9.237804878048781,12.731092436974789,0.06097560975609756,7.75,5.61344537815126,164,119,1515,10,72.5609756097561,6.702364864864865,3.2143896515204062,7.6571341463414635,5.752268907563025,4.702549366044615,1.0497195415184093,31.26979621107991,9.237804878048781,12.731092436974789,0.06097560975609756
2023,Andre Baccellia,andre baccellia,ARI,WR,1,0,0,0,0,0,0,0,0,NA,NA,NA,NA,NA,NA,NA,NA,NA,NA,NA,NA,NA,NA,NA,NA,NA,NA,NA,NA,NA,NA
2023,Andrei Iosivas,andrei iosivas,CIN,WR,11,25,15,116,4,0,11,215,35,5.361129631346557,0.6,4.64,7.733333333333333,0.16,8.6,2.3333333333333335,NA,NA,NA,NA,NA,NA,NA,NA,NA,NA,NA,NA,NA,NA,NA
2023,Andy Isabella,andy isabella,BUF,WR,1,0,0,0,0,0,0,0,0,NA,NA,NA,NA,NA,NA,NA,NA,NA,NA,NA,NA,NA,NA,NA,NA,NA,NA,NA,NA,NA,NA
2023,Antoine Green,antoine green,DET,WR,2,2,1,2,0,0,0,11,1,-3.5383273064508103,0.5,1,2,0,5.5,1,NA,NA,NA,NA,NA,NA,NA,NA,NA,NA,NA,NA,NA,NA,NA
2023,Austin Trammell,austin trammell,LA,WR,15,7,4,29,0,0,2,25,35,-3.0054264192585833,0.5714285714285714,4.142857142857143,7.25,0,3.5714285714285716,8.75,NA,NA,NA,NA,NA,NA,NA,NA,NA,NA,NA,NA,NA,NA,NA
2023,Ben Skowronek,ben skowronek,LA,WR,13,12,8,66,1,0,3,88,30,1.4252855206141248,0.6666666666666666,5.5,8.25,0.08333333333333333,7.333333333333333,3.75,NA,NA,NA,NA,NA,NA,NA,NA,NA,NA,NA,NA,NA,NA,NA
2023,Bo Melton,bo melton,GB,CB,4,24,16,218,1,0,13,267,37,8.540199223249303,0.6666666666666666,9.083333333333334,13.625,0.041666666666666664,11.125,2.3125,NA,NA,NA,NA,NA,NA,NA,NA,NA,NA,NA,NA,NA,NA,NA
2023,Brandin Cooks,brandin cooks,DAL,WR,16,81,54,657,8,1,39,1069,125,35.82621821005463,0.6666666666666666,8.11111111111111,12.166666666666666,0.09876543209876543,13.197530864197532,2.314814814814815,81,54,657,8,66.66666666666666,6.225844155844156,2.6307468618744485,13.360875000000002,2.42037037037037,2.5458696226366526,-0.12549925226628256,22.29520438365765,8.11111111111111,12.166666666666666,0.09876543209876543
2023,Brandon Aiyuk,brandon aiyuk,SF,WR,16,105,75,1342,7,1,61,1467,362,81.7904670821315,0.7142857142857143,12.780952380952382,17.893333333333334,0.06666666666666667,13.971428571428572,4.826666666666667,105,75,1342,7,71.42857142857143,5.748058252427185,2.895383651341387,14.090095238095241,5.1179999999999986,3.2573604113830474,1.8606395886169511,37.60166321011752,12.780952380952382,17.893333333333334,0.06666666666666667
2023,Brandon Johnson,brandon johnson,DEN,WR,10,30,19,284,4,0,12,328,89,21.36165455165671,0.6333333333333333,9.466666666666667,14.947368421052632,0.13333333333333333,10.933333333333334,4.684210526315789,NA,NA,NA,NA,NA,NA,NA,NA,NA,NA,NA,NA,NA,NA,NA
2023,Brandon Jones,brandon jones,MIA,SAF,10,0,0,0,0,0,0,0,0,NA,NA,NA,NA,NA,NA,NA,NA,NA,NA,NA,NA,NA,NA,NA,NA,NA,NA,NA,NA,NA,NA
2023,Brandon Powell,brandon powell,MIN,WR,17,44,29,324,1,0,18,332,104,-1.467711050703791,0.6590909090909091,7.363636363636363,11.172413793103448,0.022727272727272728,7.545454545454546,3.586206896551724,NA,NA,NA,NA,NA,NA,NA,NA,NA,NA,NA,NA,NA,NA,NA
2023,Brandon Smith,brandon smith,PHI,LB,1,0,0,0,0,0,0,0,0,NA,NA,NA,NA,NA,NA,NA,NA,NA,NA,NA,NA,NA,NA,NA,NA,NA,NA,NA,NA,NA,NA
2023,Braxton Berrios,braxton berrios,MIA,WR,16,33,27,238,1,0,15,229,85,10.86630826399778,0.8181818181818182,7.212121212121212,8.814814814814815,0.030303030303030304,6.9393939393939394,3.1481481481481484,NA,NA,NA,NA,NA,NA,NA,NA,NA,NA,NA,NA,NA,NA,NA
2023,Britain Covey,britain covey,PHI,WR,15,6,4,42,0,0,2,52,26,0.5605941915431587,0.6666666666666666,7,10.5,0,8.666666666666666,6.5,NA,NA,NA,NA,NA,NA,NA,NA,NA,NA,NA,NA,NA,NA,NA
2023,Byron Pringle,byron pringle,WAS,WR,13,22,14,161,0,0,7,297,31,1.0596630637301132,0.6363636363636364,7.318181818181818,11.5,0,13.5,2.2142857142857144,NA,NA,NA,NA,NA,NA,NA,NA,NA,NA,NA,NA,NA,NA,NA
2023,Calvin Ridley,calvin ridley,JAX,WR,17,136,76,1016,8,1,49,1771,194,32.38094421554435,0.5588235294117647,7.470588235294118,13.368421052631579,0.058823529411764705,13.022058823529411,2.5526315789473686,136,76,1016,8,55.88235294117647,5.580962962962964,2.2906645676241943,13.753235294117646,2.7048684210526317,3.136831703162853,-0.4319632821102215,38.02302392854166,7.470588235294118,13.368421052631579,0.058823529411764705
2023,Cedric Tillman,cedric tillman,CLE,WR,11,44,21,224,0,0,12,468,88,-26.516042324695917,0.4772727272727273,5.090909090909091,10.666666666666666,0,10.636363636363637,4.190476190476191,NA,NA,NA,NA,NA,NA,NA,NA,NA,NA,NA,NA,NA,NA,NA
2023,CeeDee Lamb,ceedee lamb,DAL,WR,17,181,135,1749,12,3,81,1722,680,103.5199851185705,0.7458563535911602,9.662983425414364,12.955555555555556,0.06629834254143646,9.513812154696133,5.037037037037037,181,135,1749,12,74.58563535911603,5.5458181818181815,2.710044245469009,9.6685635359116,5.220222222222222,4.466668216701805,0.7535540055204164,36.502877453240075,9.662983425414364,12.955555555555556,0.06629834254143646
2023,Charlie Jones,charlie jones,CIN,WR,11,9,7,64,0,0,3,79,38,2.376261502795387,0.7777777777777778,7.111111111111111,9.142857142857142,0,8.777777777777779,5.428571428571429,NA,NA,NA,NA,NA,NA,NA,NA,NA,NA,NA,NA,NA,NA,NA
2023,Chase Claypool,chase claypool,MIA,WR,11,21,8,77,1,0,4,230,25,-13.195911553726338,0.38095238095238093,3.6666666666666665,9.625,0.047619047619047616,10.952380952380953,3.125,NA,NA,NA,NA,NA,NA,NA,NA,NA,NA,NA,NA,NA,NA,NA
2023,Chris Conley,chris conley,SF,WR,1,6,3,69,0,0,2,74,28,1.337810616765637,0.5,11.5,23,0,12.333333333333334,9.333333333333334,NA,NA,NA,NA,NA,NA,NA,NA,NA,NA,NA,NA,NA,NA,NA
2023,Chris Godwin,chris godwin,TB,WR,NA,NA,NA,NA,NA,NA,NA,NA,NA,NA,NA,NA,NA,NA,NA,NA,130,83,1024,2,63.84615384615384,6.940731707317076,2.9221610769328694,9.345615384615385,4.781927710843373,4.131302451876124,0.6506252589672492,25.63841214170101,7.876923076923077,12.337349397590362,0.015384615384615385
2023,Chris Moore,chris moore,TEN,WR,15,35,22,424,0,1,16,641,57,18.269116410272552,0.6285714285714286,12.114285714285714,19.272727272727273,0,18.314285714285713,2.590909090909091,NA,NA,NA,NA,NA,NA,NA,NA,NA,NA,NA,NA,NA,NA,NA
2023,Chris Olave,chris olave,NO,WR,16,138,87,1123,5,0,57,1834,347,43.398492794719395,0.6304347826086957,8.13768115942029,12.908045977011493,0.036231884057971016,13.289855072463768,3.9885057471264367,138,87,1123,5,63.04347826086957,6.290930232558139,2.9562174364804776,13.260652173913044,4.0537931034482755,4.314998608790422,-0.26120550534214626,37.148077098748516,8.13768115942029,12.908045977011493,0.036231884057971016
2023,Christian Kirk,christian kirk,JAX,WR,12,85,57,787,3,2,34,842,247,23.392445049216278,0.6705882352941176,9.258823529411766,13.807017543859649,0.03529411764705882,9.905882352941177,4.333333333333333,85,57,787,3,67.05882352941175,6.069625,3.1287428175873155,9.938823529411765,4.696666666666665,4.4858077150461195,0.2108589516205459,17.173419417266526,9.258823529411766,13.807017543859649,0.03529411764705882
2023,Christian Watson,christian watson,GB,WR,9,53,28,422,5,0,20,817,105,1.8825399146626935,0.5283018867924528,7.962264150943396,15.071428571428571,0.09433962264150944,15.415094339622641,3.75,53,28,422,5,52.83018867924528,6.401,2.913774136445268,16.26811320754717,3.7060714285714296,1.8670894164674061,1.8389820121040235,17.90526228350708,7.962264150943396,15.071428571428571,0.09433962264150944
2023,Cody Thompson,cody thompson,SEA,WR,2,1,1,10,0,0,0,6,4,0.41286147478967905,1,10,10,0,6,4,NA,NA,NA,NA,NA,NA,NA,NA,NA,NA,NA,NA,NA,NA,NA
2023,Collin Johnson,collin johnson,CHI,WR,1,1,1,11,0,0,1,7,4,1.250328631605953,1,11,11,0,7,4,NA,NA,NA,NA,NA,NA,NA,NA,NA,NA,NA,NA,NA,NA,NA
2023,Colton Dowell,colton dowell,TEN,WR,4,2,1,3,0,0,0,40,0,-2.652739236073103,0.5,1.5,3,0,20,0,NA,NA,NA,NA,NA,NA,NA,NA,NA,NA,NA,NA,NA,NA,NA
2023,Cooper Kupp,cooper kupp,LA,WR,12,95,59,737,5,0,33,781,322,9.771191192790091,0.6210526315789474,7.757894736842105,12.491525423728813,0.05263157894736842,8.221052631578948,5.4576271186440675,95,59,737,5,62.10526315789474,7.09406976744186,3.3519765706679183,8.138842105263157,5.816610169491526,4.61507445529143,1.2015357142000962,18.019338645362616,7.757894736842105,12.491525423728813,0.05263157894736842
2023,Courtland Sutton,courtland sutton,DEN,WR,16,90,59,772,10,3,37,1060,156,22.047587154528944,0.6555555555555556,8.577777777777778,13.084745762711865,0.1111111111111111,11.777777777777779,2.6440677966101696,90,59,772,10,65.55555555555556,6.368977272727273,2.9192387594368774,12.706555555555555,3.080508474576272,3.186886052609805,-0.10637757803353276,32.0485945688423,8.577777777777778,13.084745762711865,0.1111111111111111
2023,Curtis Samuel,curtis samuel,WAS,WR,16,91,62,613,4,0,26,598,260,6.00624226880546,0.6813186813186813,6.736263736263736,9.887096774193548,0.04395604395604396,6.571428571428571,4.193548387096774,91,62,613,4,68.13186813186813,6.842162162162162,3.28831749243485,7.140659340659339,4.412741935483871,4.120330881905434,0.2924110535784372,14.589722979375006,6.736263736263736,9.887096774193548,0.04395604395604396
2023,D.J. Moore,d j moore,CHI,WR,NA,NA,NA,NA,NA,NA,NA,NA,NA,NA,NA,NA,NA,NA,NA,NA,136,96,1364,8,70.58823529411765,6.275075757575757,2.737857989088661,11.488823529411766,5.904062500000001,4.328296013823823,1.5757664861761782,41.50476281550665,10.029411764705882,14.208333333333334,0.058823529411764705
2023,DJ Chark,dj chark,CAR,WR,14,66,35,525,5,2,22,1016,84,15.333778778289522,0.5303030303030303,7.954545454545454,15,0.07575757575757576,15.393939393939394,2.4,NA,NA,NA,NA,NA,NA,NA,NA,NA,NA,NA,NA,NA,NA,NA
2023,Damiere Byrd,damiere byrd,ATL,WR,1,2,0,0,0,0,0,45,0,-6.793155206134543,0,0,NA,0,22.5,NA,NA,NA,NA,NA,NA,NA,NA,NA,NA,NA,NA,NA,NA,NA,NA
2023,Dan Chisena,dan chisena,ARI,WR,1,0,0,0,0,0,0,0,0,NA,NA,NA,NA,NA,NA,NA,NA,NA,NA,NA,NA,NA,NA,NA,NA,NA,NA,NA,NA,NA,NA
2023,Dareke Young,dareke young,SEA,WR,1,0,0,0,0,0,0,0,0,NA,NA,NA,NA,NA,NA,NA,NA,NA,NA,NA,NA,NA,NA,NA,NA,NA,NA,NA,NA,NA,NA
2023,Darius Slayton,darius slayton,NYG,WR,17,79,50,770,4,0,29,967,298,29.193758920556547,0.6329113924050633,9.746835443037975,15.4,0.05063291139240506,12.240506329113924,5.96,79,50,770,4,63.29113924050633,6.545,2.867353654183732,12.377468354430379,6.171200000000002,4.285543233297966,1.8856567667020352,27.502003965742727,9.746835443037975,15.4,0.05063291139240506
2023,Darnell Mooney,darnell mooney,CHI,WR,14,61,31,414,1,0,20,630,181,-4.804643356433066,0.5081967213114754,6.786885245901639,13.35483870967742,0.01639344262295082,10.327868852459016,5.838709677419355,61,31,414,1,50.81967213114754,5.909999999999999,3.0754228055485706,10.59934426229508,6.174838709677419,4.722360336693859,1.4524783729835606,17.174824283186968,6.786885245901639,13.35483870967742,0.01639344262295082
2023,Davante Adams,davante adams,LV,WR,17,175,103,1144,8,0,59,1896,336,13.481438699578932,0.5885714285714285,6.537142857142857,11.106796116504855,0.045714285714285714,10.834285714285715,3.262135922330097,175,103,1144,8,58.857142857142854,5.252865497076024,2.551200385892476,10.426914285714286,3.4702912621359223,3.1265960632043384,0.34369519893158396,44.49101504401043,6.537142857142857,11.106796116504855,0.045714285714285714
2023,David Bell,david bell,CLE,WR,9,23,14,167,3,0,9,142,73,8.862044934998266,0.6086956521739131,7.260869565217392,11.928571428571429,0.13043478260869565,6.173913043478261,5.214285714285714,NA,NA,NA,NA,NA,NA,NA,NA,NA,NA,NA,NA,NA,NA,NA
2023,David Moore,david moore,TB,WR,6,7,5,94,1,0,3,49,62,2.777235616638791,0.7142857142857143,13.428571428571429,18.8,0.14285714285714285,7,12.4,NA,NA,NA,NA,NA,NA,NA,NA,NA,NA,NA,NA,NA,NA,NA
2023,DeAndre Carter,deandre carter,LV,WR,17,7,4,39,0,0,0,4,50,-2.609521462970684,0.5714285714285714,5.571428571428571,9.75,0,0.5714285714285714,12.5,NA,NA,NA,NA,NA,NA,NA,NA,NA,NA,NA,NA,NA,NA,NA
2023,DeAndre Hopkins,deandre hopkins,TEN,WR,17,137,75,1057,7,0,48,1934,223,19.165303081635933,0.5474452554744526,7.7153284671532845,14.093333333333334,0.051094890510948905,14.116788321167883,2.973333333333333,137,75,1057,7,54.74452554744526,5.7894656488549625,2.271084470396227,14.190510948905109,3.3619999999999997,3.5594040097784805,-0.19740400977848083,43.815641199008326,7.7153284671532845,14.093333333333334,0.051094890510948905
2023,DeMario Douglas,demario douglas,NE,WR,14,79,49,561,0,1,26,648,336,-5.602887880623224,0.620253164556962,7.10126582278481,11.448979591836734,0,8.20253164556962,6.857142857142857,79,49,561,0,62.0253164556962,6.782602739726027,3.0733747606638384,8.114810126582277,6.970204081632653,6.969532827809275,6.712538233779597e-4,16.31711302630306,7.10126582278481,11.448979591836734,0
2023,DeVante Parker,devante parker,NE,WR,13,55,33,394,0,0,17,640,126,1.0191893047730458,0.6,7.163636363636364,11.93939393939394,0,11.636363636363637,3.8181818181818183,55,33,394,0,60,5.841272727272728,1.994365960655412,10.968363636363636,4.203333333333333,3.882395272665118,0.3209380606682153,15.354737554787443,7.163636363636364,11.93939393939394,0
2023,DeVonta Smith,devonta smith,PHI,WR,16,112,81,1066,7,1,47,1350,294,34.021787702105996,0.7232142857142857,9.517857142857142,13.160493827160494,0.0625,12.053571428571429,3.6296296296296298,112,81,1066,7,72.32142857142857,6.725047619047618,2.8183215114185023,12.455892857142858,3.58246913580247,3.3807397849825884,0.20172935081988141,30.350682153913766,9.517857142857142,13.160493827160494,0.0625
2023,Deebo Samuel,deebo samuel,SF,WR,NA,NA,NA,NA,NA,NA,NA,NA,NA,NA,NA,NA,NA,NA,NA,NA,89,60,892,7,67.41573033707866,6.773552631578947,3.6988329008754164,6.787640449438203,8.8665,4.939954389052084,3.926545610947916,15.35368630799886,10.02247191011236,14.866666666666667,0.07865168539325842
2023,Demarcus Robinson,demarcus robinson,LA,WR,8,39,26,371,4,2,20,478,89,16.264673426186366,0.6666666666666666,9.512820512820513,14.26923076923077,0.10256410256410256,12.256410256410257,3.423076923076923,NA,NA,NA,NA,NA,NA,NA,NA,NA,NA,NA,NA,NA,NA,NA
2023,Deonte Harty,deonte harty,BUF,WR,16,21,15,150,1,0,9,227,79,6.185579963892329,0.7142857142857143,7.142857142857143,10,0.047619047619047616,10.80952380952381,5.266666666666667,NA,NA,NA,NA,NA,NA,NA,NA,NA,NA,NA,NA,NA,NA,NA
2023,Derius Davis,derius davis,LAC,WR,17,17,15,66,0,0,0,-38,115,-5.932091548147568,0.8823529411764706,3.8823529411764706,4.4,0,-2.235294117647059,7.666666666666667,NA,NA,NA,NA,NA,NA,NA,NA,NA,NA,NA,NA,NA,NA,NA
2023,Deven Thompkins,deven thompkins,TB,WR,17,25,17,83,1,1,5,163,74,-8.702345053430081,0.68,3.32,4.882352941176471,0.04,6.52,4.352941176470588,NA,NA,NA,NA,NA,NA,NA,NA,NA,NA,NA,NA,NA,NA,NA
2023,Devin Duvernay,devin duvernay,BAL,WR,13,9,4,18,0,0,0,81,17,-4.006126745357719,0.4444444444444444,2,4.5,0,9,4.25,NA,NA,NA,NA,NA,NA,NA,NA,NA,NA,NA,NA,NA,NA,NA
2023,Devon Allen,devon allen,PHI,WR,1,0,0,0,0,0,0,0,0,NA,NA,NA,NA,NA,NA,NA,NA,NA,NA,NA,NA,NA,NA,NA,NA,NA,NA,NA,NA,NA,NA
2023,Diontae Johnson,diontae johnson,PIT,WR,13,87,51,717,5,1,37,1106,261,25.97815332977907,0.5862068965517241,8.241379310344827,14.058823529411764,0.05747126436781609,12.71264367816092,5.117647058823529,87,51,710,5,58.620689655172406,6.955529411764705,2.9033799106617955,12.482298850574711,5.040196078431372,3.993679082424847,1.0465169960065253,29.82439758539814,8.160919540229886,13.92156862745098,0.05747126436781609
2023,Donovan Peoples-Jones,donovan peoples jones,DET,WR,14,25,13,155,0,0,7,273,35,-3.968731564570747,0.52,6.2,11.923076923076923,0,10.92,2.6923076923076925,NA,NA,NA,NA,NA,NA,NA,NA,NA,NA,NA,NA,NA,NA,NA
2023,Dontayvion Wicks,dontayvion wicks,GB,WR,15,58,39,581,4,3,29,591,211,29.157121740925746,0.6724137931034483,10.017241379310345,14.897435897435898,0.06896551724137931,10.189655172413794,5.410256410256411,58,39,581,4,67.24137931034483,7.1657142857142855,3.1723428820324013,10.272758620689654,5.646923076923078,3.491224749100244,2.155698327822834,12.373219254890557,10.017241379310345,14.897435897435898,0.06896551724137931
2023,Drake London,drake london,ATL,WR,16,110,69,905,2,0,45,1264,188,11.86987583838163,0.6272727272727273,8.227272727272727,13.115942028985508,0.01818181818181818,11.49090909090909,2.7246376811594204,110,69,905,2,62.727272727272734,6.327870370370371,2.2239363759101027,11.36718181818182,3.037101449275362,2.754265736881031,0.28283571239433103,30.04105932580059,8.227272727272727,13.115942028985508,0.01818181818181818
2023,Dyami Brown,dyami brown,WAS,WR,16,23,12,168,1,0,8,387,76,8.516261250188109,0.5217391304347826,7.304347826086956,14,0.043478260869565216,16.82608695652174,6.333333333333333,NA,NA,NA,NA,NA,NA,NA,NA,NA,NA,NA,NA,NA,NA,NA
2023,Elijah Cooks,elijah cooks,JAX,WR,4,4,3,38,0,0,2,33,8,3.9043628774344454,0.75,9.5,12.666666666666666,0,8.25,2.6666666666666665,NA,NA,NA,NA,NA,NA,NA,NA,NA,NA,NA,NA,NA,NA,NA
2023,Elijah Higgins,elijah higgins,ARI,TE,11,19,14,163,1,0,9,128,67,10.236289127060445,0.7368421052631579,8.578947368421053,11.642857142857142,0.05263157894736842,6.7368421052631575,4.785714285714286,NA,NA,NA,NA,NA,NA,NA,NA,NA,NA,NA,NA,NA,NA,NA
2023,Elijah Moore,elijah moore,CLE,WR,16,104,59,640,2,1,29,1155,191,-1.7487402335777857,0.5673076923076923,6.153846153846154,10.847457627118644,0.019230769230769232,11.10576923076923,3.23728813559322,104,59,640,2,56.730769230769226,7.149148936170213,3.6944083650887194,11.010576923076922,3.5438983050847455,3.7462336709182105,-0.202335365833465,22.355803020600685,6.153846153846154,10.847457627118644,0.019230769230769232
2023,Equanimeous St. Brown,equanimeous st brown,CHI,WR,5,6,5,62,0,0,3,53,7,2.9717228445224464,0.8333333333333334,10.333333333333334,12.4,0,8.833333333333334,1.4,NA,NA,NA,NA,NA,NA,NA,NA,NA,NA,NA,NA,NA,NA,NA
2023,Erik Ezukanma,erik ezukanma,MIA,WR,2,1,0,0,0,0,0,8,0,-0.9126537921924407,0,0,NA,0,8,NA,NA,NA,NA,NA,NA,NA,NA,NA,NA,NA,NA,NA,NA,NA,NA
2023,Garrett Wilson,garrett wilson,NYJ,WR,17,168,95,1042,3,2,47,1707,327,-10.460633023866336,0.5654761904761905,6.2023809523809526,10.968421052631578,0.017857142857142856,10.160714285714286,3.442105263157895,168,95,1042,3,56.547619047619044,5.552670807453415,2.4560430800553723,10.21154761904762,3.5825263157894733,3.1155671375856677,0.4669591782038056,44.794974097593595,6.2023809523809526,10.968421052631578,0.017857142857142856
2023,George Pickens,george pickens,PIT,WR,17,106,63,1140,5,3,43,1428,388,28.604735998749263,0.5943396226415094,10.754716981132075,18.095238095238095,0.04716981132075472,13.471698113207546,6.158730158730159,106,63,1140,5,59.43396226415094,5.0578095238095235,2.270821970280402,13.19,6.6466666666666665,3.7060502696805933,2.9406163969860732,38.39799185978172,10.754716981132075,18.095238095238095,0.04716981132075472
2023,Greg Dortch,greg dortch,ARI,WR,16,41,24,280,2,0,14,383,152,4.755318414332578,0.5853658536585366,6.829268292682927,11.666666666666666,0.04878048780487805,9.341463414634147,6.333333333333333,NA,NA,NA,NA,NA,NA,NA,NA,NA,NA,NA,NA,NA,NA,NA
2023,Gunner Olszewski,gunner olszewski,NYG,WR,12,1,1,0,0,1,0,-1,0,-6.185572614893317,1,0,0,0,-1,0,NA,NA,NA,NA,NA,NA,NA,NA,NA,NA,NA,NA,NA,NA,NA
2023,Hunter Renfrow,hunter renfrow,LV,WR,14,37,25,255,0,1,11,207,152,-0.2694767814949546,0.6756756756756757,6.891891891891892,10.2,0,5.594594594594595,6.08,NA,NA,NA,NA,NA,NA,NA,NA,NA,NA,NA,NA,NA,NA,NA
2023,Ihmir Smith-Marsette,ihmir smith marsette,CAR,WR,17,10,8,51,0,0,5,9,48,1.515756132430397,0.8,5.1,6.375,0,0.9,6,NA,NA,NA,NA,NA,NA,NA,NA,NA,NA,NA,NA,NA,NA,NA
2023,Irvin Charles,irvin charles,NYJ,WR,6,1,0,0,0,0,0,4,0,-1.5179237490519881,0,0,NA,0,4,NA,NA,NA,NA,NA,NA,NA,NA,NA,NA,NA,NA,NA,NA,NA,NA
2023,Isaiah Hodgins,isaiah hodgins,NYG,WR,14,33,21,230,3,1,12,269,75,3.9315880485913994,0.6363636363636364,6.96969696969697,10.952380952380953,0.09090909090909091,8.151515151515152,3.5714285714285716,NA,NA,NA,NA,NA,NA,NA,NA,NA,NA,NA,NA,NA,NA,NA
2023,Isaiah McKenzie,isaiah mckenzie,IND,WR,13,14,11,82,0,0,4,35,72,2.2149172026048127,0.7857142857142857,5.857142857142857,7.454545454545454,0,2.5,6.545454545454546,NA,NA,NA,NA,NA,NA,NA,NA,NA,NA,NA,NA,NA,NA,NA
2023,Ja'Marr Chase,ja marr chase,CIN,WR,16,145,100,1216,7,1,63,1254,541,60.54723269477342,0.6896551724137931,8.386206896551725,12.16,0.04827586206896552,8.648275862068965,5.41,145,100,1216,7,68.96551724137932,5.9384732824427475,3.1961065643824584,8.601310344827585,5.5698,4.346315288918142,1.2234847110818583,33.24457025877235,8.386206896551725,12.16,0.04827586206896552
2023,Jaelon Darden,jaelon darden,CLE,WR,1,0,0,0,0,0,0,0,0,NA,NA,NA,NA,NA,NA,NA,NA,NA,NA,NA,NA,NA,NA,NA,NA,NA,NA,NA,NA,NA,NA
2023,Jahan Dotson,jahan dotson,WAS,WR,17,83,49,518,4,0,27,768,115,-15.9861186813161,0.5903614457831325,6.240963855421687,10.571428571428571,0.04819277108433735,9.25301204819277,2.3469387755102042,83,49,518,4,59.036144578313255,7.126538461538462,2.586194076625611,9.839397590361447,2.3300000000000005,2.868707727311854,-0.5387077273118535,18.336394376063698,6.240963855421687,10.571428571428571,0.04819277108433735
2023,Jake Bobo,jake bobo,SEA,WR,14,25,19,196,2,0,9,150,87,8.033546223537996,0.76,7.84,10.31578947368421,0.08,6,4.578947368421052,NA,NA,NA,NA,NA,NA,NA,NA,NA,NA,NA,NA,NA,NA,NA
2023,Jakobi Meyers,jakobi meyers,LV,WR,16,106,71,807,8,0,46,1028,242,18.46127164592127,0.6698113207547169,7.613207547169812,11.366197183098592,0.07547169811320754,9.69811320754717,3.408450704225352,106,71,807,8,66.98113207547169,7.315252525252526,2.7319104935965197,9.59179245283019,3.5307042253521126,3.664057657346567,-0.13335343199445449,24.79043230195304,7.613207547169812,11.366197183098592,0.07547169811320754
2023,Jalen Brooks,jalen brooks,DAL,WR,3,6,6,64,0,0,4,36,28,3.8548707699228544,1,10.666666666666666,10.666666666666666,0,6,4.666666666666667,NA,NA,NA,NA,NA,NA,NA,NA,NA,NA,NA,NA,NA,NA,NA
2023,Jalen Guyton,jalen guyton,LAC,WR,7,21,10,89,1,0,6,218,32,-2.365805578621803,0.47619047619047616,4.238095238095238,8.9,0.047619047619047616,10.380952380952381,3.2,NA,NA,NA,NA,NA,NA,NA,NA,NA,NA,NA,NA,NA,NA,NA
2023,Jalen Nailor,jalen nailor,MIN,WR,3,6,3,29,0,0,1,54,21,-2.0255367812351324,0.5,4.833333333333333,9.666666666666666,0,9,7,NA,NA,NA,NA,NA,NA,NA,NA,NA,NA,NA,NA,NA,NA,NA
2023,Jalen Reagor,jalen reagor,NE,WR,9,23,7,138,0,0,5,359,18,-11.385845331475139,0.30434782608695654,6,19.714285714285715,0,15.608695652173912,2.5714285714285716,NA,NA,NA,NA,NA,NA,NA,NA,NA,NA,NA,NA,NA,NA,NA
2023,Jalen Tolbert,jalen tolbert,DAL,WR,14,36,22,268,2,0,13,474,34,3.3950989600425427,0.6111111111111112,7.444444444444445,12.181818181818182,0.05555555555555555,13.166666666666666,1.5454545454545454,NA,NA,NA,NA,NA,NA,NA,NA,NA,NA,NA,NA,NA,NA,NA
2023,Jalin Hyatt,jalin hyatt,NYG,WR,13,40,23,373,0,1,11,841,48,3.0651579910464024,0.575,9.325,16.217391304347824,0,21.025,2.0869565217391304,NA,NA,NA,NA,NA,NA,NA,NA,NA,NA,NA,NA,NA,NA,NA
2023,Jamal Agnew,jamal agnew,JAX,WR,11,21,14,225,1,1,8,253,76,2.579681091464221,0.6666666666666666,10.714285714285714,16.071428571428573,0.047619047619047616,12.047619047619047,5.428571428571429,NA,NA,NA,NA,NA,NA,NA,NA,NA,NA,NA,NA,NA,NA,NA
2023,James Proche,james proche,CLE,WR,10,5,0,0,0,0,0,86,0,-7.283761017082725,0,0,NA,0,17.2,NA,NA,NA,NA,NA,NA,NA,NA,NA,NA,NA,NA,NA,NA,NA,NA
2023,Jameson Williams,jameson williams,DET,WR,12,42,24,354,2,1,14,665,105,13.631020210159477,0.5714285714285714,8.428571428571429,14.75,0.047619047619047616,15.833333333333334,4.375,NA,NA,NA,NA,NA,NA,NA,NA,NA,NA,NA,NA,NA,NA,NA
2023,Jamison Crowder,jamison crowder,WAS,WR,16,20,16,159,1,0,8,122,80,5.320990374864893,0.8,7.95,9.9375,0.05,6.1,5,NA,NA,NA,NA,NA,NA,NA,NA,NA,NA,NA,NA,NA,NA,NA
2023,Jason Brownlee,jason brownlee,NYJ,WR,4,8,5,56,1,0,2,62,20,-4.2100681482988875,0.625,7,11.2,0.125,7.75,4,NA,NA,NA,NA,NA,NA,NA,NA,NA,NA,NA,NA,NA,NA,NA
2023,Jauan Jennings,jauan jennings,SF,WR,13,33,19,265,1,0,12,340,89,7.912213970729925,0.5757575757575758,8.030303030303031,13.947368421052632,0.030303030303030304,10.303030303030303,4.684210526315789,NA,NA,NA,NA,NA,NA,NA,NA,NA,NA,NA,NA,NA,NA,NA
2023,Jaxon Smith-Njigba,jaxon smith njigba,SEA,WR,17,93,63,628,4,0,29,569,366,12.165431976956652,0.6774193548387096,6.752688172043011,9.968253968253968,0.043010752688172046,6.118279569892473,5.809523809523809,93,63,628,4,67.74193548387096,7.028426966292136,3.7858879094775504,6.213440860215052,5.916190476190475,5.616324505481724,0.2998659707087512,13.533706036241336,6.752688172043011,9.968253968253968,0.043010752688172046
2023,Jayden Reed,jayden reed,GB,WR,16,94,64,793,8,0,32,970,335,34.3522616618623,0.6808510638297872,8.436170212765957,12.390625,0.0851063829787234,10.319148936170214,5.234375,94,64,793,8,68.08510638297872,6.5816470588235285,3.444667961961241,9.965851063829785,5.59359375,5.308712973978235,0.2848807760217653,19.454043277816996,8.436170212765957,12.390625,0.0851063829787234
2023,Jaylen Waddle,jaylen waddle,MIA,WR,14,104,72,1014,4,0,47,1051,421,45.95691770556518,0.6923076923076923,9.75,14.083333333333334,0.038461538461538464,10.10576923076923,5.847222222222222,104,72,1014,4,69.23076923076923,6.708163265306122,3.422396920632551,10.001923076923077,6.176111111111111,5.0442734680156995,1.1318376430954116,24.382411472531697,9.75,14.083333333333334,0.038461538461538464
2023,Jerry Jeudy,jerry jeudy,DEN,WR,16,87,54,758,2,1,28,1109,323,16.952773686104997,0.6206896551724138,8.71264367816092,14.037037037037036,0.022988505747126436,12.74712643678161,5.981481481481482,87,54,758,2,62.06896551724138,7.224875,3.6293528534451753,12.650574712643676,6.215000000000002,5.317385990388565,0.8976140096114369,30.843819185606584,8.71264367816092,14.037037037037036,0.022988505747126436
2023,Jonathan Mingo,jonathan mingo,CAR,WR,15,85,43,418,0,1,15,921,155,-24.645943882652734,0.5058823529411764,4.91764705882353,9.720930232558139,0,10.83529411764706,3.604651162790698,85,43,418,0,50.588235294117645,6.17345238095238,2.76853596969463,10.28376470588235,3.695813953488373,4.364936336585179,-0.6691223830968065,22.01968904607881,4.91764705882353,9.720930232558139,0
2023,Jordan Addison,jordan addison,MIN,WR,17,108,70,911,10,0,38,1347,262,26.098682321514307,0.6481481481481481,8.435185185185185,13.014285714285714,0.09259259259259259,12.472222222222221,3.742857142857143,108,70,911,10,64.81481481481481,6.434134615384616,2.7593986201497493,12.408148148148147,3.8542857142857136,2.4167099140357435,1.4375758002499701,28.132669106085313,8.435185185185185,13.014285714285714,0.09259259259259259
2023,Josh Downs,josh downs,IND,WR,17,98,68,771,2,0,30,707,371,26.50760102279591,0.6938775510204082,7.86734693877551,11.338235294117647,0.02040816326530612,7.214285714285714,5.455882352941177,98,68,771,2,69.38775510204081,6.0894318181818186,3.252041622825177,6.937244897959182,5.655147058823529,5.0905534744864145,0.5645935843371142,16.53247280659305,7.86734693877551,11.338235294117647,0.02040816326530612
2023,Josh Palmer,josh palmer,LAC,WR,10,61,38,581,2,1,22,693,196,8.454436657690362,0.6229508196721312,9.524590163934427,15.289473684210526,0.03278688524590164,11.360655737704919,5.157894736842105,61,38,581,2,62.295081967213115,6.777894736842107,2.610418173436483,11.401803278688522,5.628947368421053,5.063283970482872,0.5656633979381809,14.76099418270261,9.524590163934427,15.289473684210526,0.03278688524590164
2023,Josh Reynolds,josh reynolds,DET,WR,16,64,40,608,5,1,32,645,173,14.700263801555883,0.625,9.5,15.2,0.078125,10.078125,4.325,64,40,608,5,62.5,5.765,2.4974598711844074,11.148124999999999,4.96475,4.0006322476732,0.9641177523268007,17.766290165142735,9.5,15.2,0.078125
2023,JuJu Smith-Schuster,juju smith schuster,NE,WR,11,47,29,260,1,0,13,338,94,-10.345766047132201,0.6170212765957447,5.531914893617022,8.96551724137931,0.02127659574468085,7.191489361702128,3.2413793103448274,47,29,260,1,61.702127659574465,7.014888888888888,2.4220562074219356,7.197872340425533,3.3879310344827585,4.099745854290936,-0.7118148198081777,8.6107279030345,5.531914893617022,8.96551724137931,0.02127659574468085
2023,Julio Jones,julio jones,PHI,WR,8,19,11,74,3,0,4,131,28,2.2336344543156166,0.5789473684210527,3.8947368421052633,6.7272727272727275,0.15789473684210525,6.894736842105263,2.5454545454545454,NA,NA,NA,NA,NA,NA,NA,NA,NA,NA,NA,NA,NA,NA,NA
2023,Justin Jefferson,justin jefferson,MIN,WR,10,100,68,1074,5,1,52,1258,260,42.82270591843974,0.68,10.74,15.794117647058824,0.05,12.58,3.823529411764706,100,68,1074,5,68,6.570744680851064,2.7057248300904826,12.523399999999999,4.1061764705882355,3.517767338649681,0.5884091319385547,26.29071908267781,10.74,15.794117647058824,0.05
2023,Justin Watson,justin watson,KC,WR,15,53,27,460,3,1,21,928,47,4.295495750731789,0.5094339622641509,8.679245283018869,17.037037037037038,0.05660377358490566,17.50943396226415,1.7407407407407407,52,26,449,3,50,6.009183673469387,2.480391722434109,17.542307692307695,2.281153846153846,3.2326761635915813,-0.9515223174377354,23.362547188657313,8.634615384615385,17.26923076923077,0.057692307692307696
2023,Justyn Ross,justyn ross,KC,WR,6,11,6,53,0,0,2,117,15,1.1094381852308288,0.5454545454545454,4.818181818181818,8.833333333333334,0,10.636363636363637,2.5,NA,NA,NA,NA,NA,NA,NA,NA,NA,NA,NA,NA,NA,NA,NA
2023,Juwann Winfree,juwann winfree,IND,WR,1,1,0,0,0,0,0,26,0,-1.0963185988366604,0,0,NA,0,26,NA,NA,NA,NA,NA,NA,NA,NA,NA,NA,NA,NA,NA,NA,NA,NA
2023,K.J. Osborn,k j osborn,MIN,WR,15,75,48,540,3,1,28,659,185,6.300214012577381,0.64,7.2,11.25,0.04,8.786666666666667,3.8541666666666665,75,48,540,3,64,5.884931506849315,3.273960466134413,8.998666666666667,3.967708333333334,3.734539317801738,0.23316901553159575,14.168361873691854,7.2,11.25,0.04
2023,KaVontae Turpin,kavontae turpin,DAL,WR,16,18,12,127,3,0,9,163,39,12.217260575415434,0.6666666666666666,7.055555555555555,10.583333333333334,0.16666666666666666,9.055555555555555,3.25,NA,NA,NA,NA,NA,NA,NA,NA,NA,NA,NA,NA,NA,NA,NA
2023,Kadarius Toney,kadarius toney,KC,WR,13,38,27,169,1,1,12,112,128,-8.356740063003516,0.7105263157894737,4.447368421052632,6.2592592592592595,0.02631578947368421,2.9473684210526314,4.7407407407407405,NA,NA,NA,NA,NA,NA,NA,NA,NA,NA,NA,NA,NA,NA,NA
2023,Kalif Raymond,kalif raymond,DET,WR,17,44,35,489,1,0,20,388,214,29.94192427557341,0.7954545454545454,11.113636363636363,13.971428571428572,0.022727272727272728,8.818181818181818,6.114285714285714,NA,NA,NA,NA,NA,NA,NA,NA,NA,NA,NA,NA,NA,NA,NA
2023,Kayshon Boutte,kayshon boutte,NE,WR,3,7,2,19,0,0,1,125,10,-2.6910366584779695,0.2857142857142857,2.7142857142857144,9.5,0,17.857142857142858,5,NA,NA,NA,NA,NA,NA,NA,NA,NA,NA,NA,NA,NA,NA,NA
2023,Kearis Jackson,kearis jackson,TEN,WR,2,0,0,0,0,0,0,0,0,NA,NA,NA,NA,NA,NA,NA,NA,NA,NA,NA,NA,NA,NA,NA,NA,NA,NA,NA,NA,NA,NA
2023,Keelan Doss,keelan doss,LAC,WR,2,13,6,33,0,0,1,97,14,-3.0227712826710764,0.46153846153846156,2.5384615384615383,5.5,0,7.461538461538462,2.3333333333333335,NA,NA,NA,NA,NA,NA,NA,NA,NA,NA,NA,NA,NA,NA,NA
2023,Keenan Allen,keenan allen,LAC,WR,13,150,108,1243,7,2,57,1452,396,60.83327256819727,0.72,8.286666666666667,11.50925925925926,0.04666666666666667,9.68,3.6666666666666665,150,108,1243,7,72,6.78274074074074,3.0652255961221413,9.456199999999999,4.035740740740741,3.919318986116947,0.11642175462379445,30.103718104083143,8.286666666666667,11.50925925925926,0.04666666666666667
2023,Keith Kirkwood,keith kirkwood,NO,WR,7,9,5,37,1,0,3,91,1,2.2577621507807635,0.5555555555555556,4.111111111111111,7.4,0.1111111111111111,10.11111111111111,0.2,NA,NA,NA,NA,NA,NA,NA,NA,NA,NA,NA,NA,NA,NA,NA
2023,Kendrick Bourne,kendrick bourne,NE,WR,8,55,37,406,4,1,15,574,203,-9.540425373947777,0.6727272727272727,7.381818181818182,10.972972972972974,0.07272727272727272,10.436363636363636,5.486486486486487,55,37,406,4,67.27272727272727,7.143272727272727,2.7471220936956757,10.090000000000002,5.406756756756757,3.793554141119025,1.6132026156377326,14.125106266003534,7.381818181818182,10.972972972972974,0.07272727272727272
2023,KhaDarel Hodge,khadarel hodge,ATL,WR,14,23,14,232,0,0,13,330,83,5.243100800266969,0.6086956521739131,10.08695652173913,16.571428571428573,0,14.347826086956522,5.928571428571429,NA,NA,NA,NA,NA,NA,NA,NA,NA,NA,NA,NA,NA,NA,NA
2023,Khalil Shakir,khalil shakir,BUF,WR,16,45,39,611,2,0,26,402,282,43.20398259095673,0.8666666666666667,13.577777777777778,15.666666666666666,0.044444444444444446,8.933333333333334,7.230769230769231,45,39,611,2,86.66666666666667,5.6899999999999995,3.5099802895777232,8.300222222222223,7.648717948717947,4.607449878110796,3.041268070607151,7.976483351271933,13.577777777777778,15.666666666666666,0.044444444444444446
2023,Kyle Philips,kyle philips,TEN,WR,8,22,15,181,0,0,9,197,79,6.535338858000354,0.6818181818181818,8.227272727272727,12.066666666666666,0,8.954545454545455,5.266666666666667,NA,NA,NA,NA,NA,NA,NA,NA,NA,NA,NA,NA,NA,NA,NA
2023,Laquon Treadwell,laquon treadwell,BAL,WR,3,3,1,16,0,0,1,36,0,0.20309738523792475,0.3333333333333333,5.333333333333333,16,0,12,0,NA,NA,NA,NA,NA,NA,NA,NA,NA,NA,NA,NA,NA,NA,NA
2023,Lawrence Cager,lawrence cager,NYG,TE,5,5,4,36,1,0,2,21,27,3.254882011679001,0.8,7.2,9,0.2,4.2,6.75,NA,NA,NA,NA,NA,NA,NA,NA,NA,NA,NA,NA,NA,NA,NA
2023,Lil'Jordan Humphrey,lil jordan humphrey,DEN,WR,11,19,13,162,3,0,9,186,99,14.200789617898408,0.6842105263157895,8.526315789473685,12.461538461538462,0.15789473684210525,9.789473684210526,7.615384615384615,NA,NA,NA,NA,NA,NA,NA,NA,NA,NA,NA,NA,NA,NA,NA
2023,Mack Hollins,mack hollins,ATL,WR,12,30,18,251,0,0,9,375,55,9.698308007929825,0.6,8.366666666666667,13.944444444444445,0,12.5,3.0555555555555554,NA,NA,NA,NA,NA,NA,NA,NA,NA,NA,NA,NA,NA,NA,NA
2023,Malik Cunningham,malik cunningham,NE,WR,1,0,0,0,0,0,0,0,0,NA,NA,NA,NA,NA,NA,NA,NA,NA,NA,NA,NA,NA,NA,NA,NA,NA,NA,NA,NA,NA,NA
2023,Malik Heath,malik heath,GB,WR,12,24,15,125,1,0,6,210,35,4.743851487571687,0.625,5.208333333333333,8.333333333333334,0.041666666666666664,8.75,2.3333333333333335,NA,NA,NA,NA,NA,NA,NA,NA,NA,NA,NA,NA,NA,NA,NA
2023,Malik Taylor,malik taylor,NYJ,WR,2,4,2,13,0,0,0,89,7,-2.06693132489454,0.5,3.25,6.5,0,22.25,3.5,NA,NA,NA,NA,NA,NA,NA,NA,NA,NA,NA,NA,NA,NA,NA
2023,Marquez Valdes-Scantling,marquez valdes scantling,KC,WR,16,42,21,315,1,1,14,742,92,0.6663176012461647,0.5,7.5,15,0.023809523809523808,17.666666666666668,4.380952380952381,NA,NA,NA,NA,NA,NA,NA,NA,NA,NA,NA,NA,NA,NA,NA
2023,Marquise Brown,marquise brown,ARI,WR,13,101,51,574,4,0,32,1186,164,-7.5753404949496375,0.504950495049505,5.683168316831683,11.254901960784315,0.039603960396039604,11.742574257425742,3.215686274509804,101,51,574,4,50.495049504950494,6.064591836734693,2.5148956893887444,11.86178217821782,3.385294117647059,3.803695691253705,-0.4184015736066464,30.485021361703634,5.683168316831683,11.254901960784315,0.039603960396039604
2023,Marquise Goodwin,marquise goodwin,CLE,WR,10,13,4,67,0,0,1,391,21,-8.266660540830372,0.3076923076923077,5.153846153846154,16.75,0,30.076923076923077,5.25,NA,NA,NA,NA,NA,NA,NA,NA,NA,NA,NA,NA,NA,NA,NA
2023,Marvin Jones,marvin jones,DET,WR,4,10,5,35,0,1,2,80,9,-5.426966988511735,0.5,3.5,7,0,8,1.8,NA,NA,NA,NA,NA,NA,NA,NA,NA,NA,NA,NA,NA,NA,NA
2023,Mason Kinsey,mason kinsey,TEN,WR,6,1,1,6,0,0,0,-2,8,-1.066386302234605,1,6,6,0,-2,8,NA,NA,NA,NA,NA,NA,NA,NA,NA,NA,NA,NA,NA,NA,NA
2023,Matthew Slater,matthew slater,NE,WR,5,0,0,0,0,0,0,0,0,NA,NA,NA,NA,NA,NA,NA,NA,NA,NA,NA,NA,NA,NA,NA,NA,NA,NA,NA,NA,NA,NA
2023,Mecole Hardman,mecole hardman,KC,WR,7,24,15,124,0,0,8,137,108,0.7286804677598284,0.625,5.166666666666667,8.266666666666667,0,5.708333333333333,7.2,NA,NA,NA,NA,NA,NA,NA,NA,NA,NA,NA,NA,NA,NA,NA
2023,Michael Bandy,michael bandy,DEN,WR,1,0,0,0,0,0,0,0,0,NA,NA,NA,NA,NA,NA,NA,NA,NA,NA,NA,NA,NA,NA,NA,NA,NA,NA,NA,NA,NA,NA
2023,Michael Gallup,michael gallup,DAL,WR,16,57,34,418,2,0,19,624,104,5.54470849578704,0.5964912280701754,7.333333333333333,12.294117647058824,0.03508771929824561,10.947368421052632,3.0588235294117645,57,34,418,2,59.64912280701754,6.134736842105264,2.3062134999520603,10.862105263157893,3.130588235294118,2.9070451469240584,0.22354308837005954,12.914435658309987,7.333333333333333,12.294117647058824,0.03508771929824561
2023,Michael Thomas,michael thomas,NO,WR,10,64,39,448,1,0,21,650,100,12.60810909650738,0.609375,7,11.487179487179487,0.015625,10.15625,2.5641025641025643,64,39,448,1,60.9375,5.113833333333333,1.9965129264071915,10.17125,2.8933333333333326,2.5124562542642357,0.38087707906909696,13.214376338519942,7,11.487179487179487,0.015625
2023,Michael Wilson,michael wilson,ARI,WR,13,58,38,565,3,0,29,720,139,19.10879741826415,0.6551724137931034,9.741379310344827,14.868421052631579,0.05172413793103448,12.413793103448276,3.6578947368421053,57,37,561,3,64.91228070175438,6.301454545454545,2.6488132385599372,12.617894736842105,3.9810810810810797,2.8111865367577447,1.169894544323335,18.301089332379963,9.842105263157896,15.162162162162161,0.05263157894736842
2023,Mike Brown,mike brown,TEN,SAF,4,0,0,0,0,0,0,0,0,NA,NA,NA,NA,NA,NA,NA,NA,NA,NA,NA,NA,NA,NA,NA,NA,NA,NA,NA,NA,NA,NA
2023,Mike Evans,mike evans,TB,WR,17,136,79,1255,13,0,54,1906,322,54.08850365635298,0.5808823529411765,9.227941176470589,15.886075949367088,0.09558823529411764,14.014705882352942,4.075949367088608,136,79,1255,13,58.08823529411765,6.5689473684210515,2.370892184852302,14.374999999999998,4.552784810126583,3.6714221989243585,0.8813626112022241,41.255953624509615,9.227941176470589,15.886075949367088,0.09558823529411764
2023,Mike Strachan,mike strachan,CAR,WR,2,3,1,45,0,0,1,73,8,1.1621588364942,0.3333333333333333,15,45,0,24.333333333333332,8,NA,NA,NA,NA,NA,NA,NA,NA,NA,NA,NA,NA,NA,NA,NA
2023,Mike Williams,mike williams,LAC,WR,3,26,19,249,1,0,9,307,108,12.852714901445927,0.7307692307692307,9.576923076923077,13.105263157894736,0.038461538461538464,11.807692307692308,5.684210526315789,NA,NA,NA,NA,NA,NA,NA,NA,NA,NA,NA,NA,NA,NA,NA
2023,Miles Boykin,miles boykin,PIT,WR,8,4,3,17,0,0,0,19,2,-1.6712805205169134,0.75,4.25,5.666666666666667,0,4.75,0.6666666666666666,NA,NA,NA,NA,NA,NA,NA,NA,NA,NA,NA,NA,NA,NA,NA
2023,Milton Williams,milton williams,PHI,DE,15,0,0,0,0,0,0,0,0,NA,NA,NA,NA,NA,NA,NA,NA,NA,NA,NA,NA,NA,NA,NA,NA,NA,NA,NA,NA,NA,NA
2023,Montrell Washington,montrell washington,KC,WR,4,0,0,0,0,0,0,0,0,NA,NA,NA,NA,NA,NA,NA,NA,NA,NA,NA,NA,NA,NA,NA,NA,NA,NA,NA,NA,NA,NA
2023,Nelson Agholor,nelson agholor,BAL,WR,16,45,35,381,4,1,19,418,141,17.871011294482273,0.7777777777777778,8.466666666666667,10.885714285714286,0.08888888888888889,9.28888888888889,4.0285714285714285,45,35,381,4,77.77777777777779,6.395348837209302,3.5799465724612403,9.390000000000002,4.260000000000001,4.3074649168500185,-0.04746491685001786,10.325968754505622,8.466666666666667,10.885714285714286,0.08888888888888889
2023,Nick Williams,nick williams,LAC,DT,13,0,0,0,0,0,0,0,0,NA,NA,NA,NA,NA,NA,NA,NA,NA,NA,NA,NA,NA,NA,NA,NA,NA,NA,NA,NA,NA,NA
2023,Nico Collins,nico collins,HOU,WR,15,109,80,1297,8,1,53,1186,549,72.15688174884806,0.7339449541284404,11.899082568807339,16.2125,0.07339449541284404,10.880733944954128,6.8625,109,80,1297,8,73.39449541284404,5.8057943925233655,3.0195786656265766,11.175321100917433,7.0005,4.5269986945302385,2.473501305469761,24.06176480464916,11.899082568807339,16.2125,0.07339449541284404
2023,Noah Brown,noah brown,HOU,WR,10,55,33,567,2,0,24,658,223,20.87416976229356,0.6,10.309090909090909,17.181818181818183,0.03636363636363636,11.963636363636363,6.757575757575758,55,33,567,2,60,6.723269230769231,3.1158447851991857,12.267272727272728,6.909090909090907,3.851183452361014,3.0579074567298936,13.327591690156709,10.309090909090909,17.181818181818183,0.03636363636363636
2023,Odell Beckham Jr.,odell beckham jr,BAL,WR,14,64,35,565,3,1,27,888,155,21.68043598897827,0.546875,8.828125,16.142857142857142,0.046875,13.875,4.428571428571429,NA,NA,NA,NA,NA,NA,NA,NA,NA,NA,NA,NA,NA,NA,NA
2023,Olamide Zaccheaus,olamide zaccheaus,PHI,WR,11,20,10,164,2,0,7,207,52,11.092271303525195,0.5,8.2,16.4,0.1,10.35,5.2,NA,NA,NA,NA,NA,NA,NA,NA,NA,NA,NA,NA,NA,NA,NA
2023,Parker Washington,parker washington,JAX,WR,8,21,16,132,2,1,5,155,34,-1.5196061322349124,0.7619047619047619,6.285714285714286,8.25,0.09523809523809523,7.380952380952381,2.125,NA,NA,NA,NA,NA,NA,NA,NA,NA,NA,NA,NA,NA,NA,NA
2023,Parris Campbell,parris campbell,NYG,WR,10,27,20,104,0,0,2,91,65,-22.297170607696668,0.7407407407407407,3.8518518518518516,5.2,0,3.3703703703703702,3.25,NA,NA,NA,NA,NA,NA,NA,NA,NA,NA,NA,NA,NA,NA,NA
2023,Phillip Dorsett,phillip dorsett,DEN,WR,2,3,0,0,0,0,0,78,0,-1.748801541980356,0,0,NA,0,26,NA,NA,NA,NA,NA,NA,NA,NA,NA,NA,NA,NA,NA,NA,NA,NA
2023,Puka Nacua,puka nacua,LA,WR,17,160,105,1486,6,1,68,1453,639,67.80774026007683,0.65625,9.2875,14.152380952380952,0.0375,9.08125,6.085714285714285,160,105,1486,6,65.625,5.996315789473686,2.890085917127662,8.9824375,6.342952380952381,4.402659577029722,1.9402928039226595,33.49398376560574,9.2875,14.152380952380952,0.0375
2023,Quentin Johnston,quentin johnston,LAC,WR,17,67,38,431,2,0,20,861,152,7.059383286199804,0.5671641791044776,6.432835820895522,11.342105263157896,0.029850746268656716,12.850746268656716,4,67,38,431,2,56.71641791044776,6.0782089552238805,2.3844210874041636,13.080895522388062,3.8905263157894736,3.2215256877116474,0.6690006280778262,18.60049535104345,6.432835820895522,11.342105263157896,0.029850746268656716
2023,Quez Watkins,quez watkins,PHI,WR,5,21,15,142,1,0,8,245,46,-3.3150641940333117,0.7142857142857143,6.761904761904762,9.466666666666667,0.047619047619047616,11.666666666666666,3.066666666666667,NA,NA,NA,NA,NA,NA,NA,NA,NA,NA,NA,NA,NA,NA,NA
2023,Rakim Jarrett,rakim jarrett,TB,WR,7,9,4,60,0,0,1,142,27,-1.1475128345191479,0.4444444444444444,6.666666666666667,15,0,15.777777777777779,6.75,NA,NA,NA,NA,NA,NA,NA,NA,NA,NA,NA,NA,NA,NA,NA
2023,Randall Cobb,randall cobb,NYJ,WR,9,17,5,39,1,0,3,165,23,-14.41447042973763,0.29411764705882354,2.2941176470588234,7.8,0.058823529411764705,9.705882352941176,4.6,NA,NA,NA,NA,NA,NA,NA,NA,NA,NA,NA,NA,NA,NA,NA
2023,Rashee Rice,rashee rice,KC,WR,16,102,79,938,7,2,44,491,654,39.4724151469952,0.7745098039215687,9.196078431372548,11.873417721518987,0.06862745098039216,4.813725490196078,8.278481012658228,102,79,938,7,77.45098039215686,6.355957446808511,4.154307669667891,4.994411764705883,8.406455696202531,6.544876055216359,1.8615796409861725,13.0471195070354,9.196078431372548,11.873417721518987,0.06862745098039216
2023,Rashid Shaheed,rashid shaheed,NO,WR,15,75,46,719,5,0,27,1094,151,12.090541416417992,0.6133333333333333,9.586666666666666,15.630434782608695,0.06666666666666667,14.586666666666666,3.282608695652174,75,46,719,5,61.33333333333333,6.603750000000001,2.821496012206108,14.519866666666667,3.552826086956522,4.107798483661812,-0.55497239670528975,22.1063102016788,9.586666666666666,15.630434782608695,0.06666666666666667
2023,Rashod Bateman,rashod bateman,BAL,WR,15,56,32,367,1,0,20,811,59,3.5081551851469532,0.5714285714285714,6.553571428571429,11.46875,0.017857142857142856,14.482142857142858,1.84375,56,32,367,1,57.14285714285714,5.542727272727273,2.5042399791084753,14.243035714285716,1.7765624999999996,2.2661838246674595,-0.4896213246674599,19.491411521195666,6.553571428571429,11.46875,0.017857142857142856
2023,Ray-Ray McCloud,ray ray mccloud,SF,WR,12,15,12,135,0,0,7,94,87,2.3845920271705836,0.8,9,11.25,0,6.266666666666667,7.25,NA,NA,NA,NA,NA,NA,NA,NA,NA,NA,NA,NA,NA,NA,NA
2023,Richie James,richie james,KC,WR,9,14,10,114,0,0,5,129,61,4.2132022925361525,0.7142857142857143,8.142857142857142,11.4,0,9.214285714285714,6.1,NA,NA,NA,NA,NA,NA,NA,NA,NA,NA,NA,NA,NA,NA,NA
2023,River Cracraft,river cracraft,MIA,WR,6,12,9,121,1,0,8,92,49,5.9576272064005025,0.75,10.083333333333334,13.444444444444445,0.08333333333333333,7.666666666666667,5.444444444444445,NA,NA,NA,NA,NA,NA,NA,NA,NA,NA,NA,NA,NA,NA,NA
2023,Robbie Chosen,robbie chosen,MIA,WR,6,6,4,126,1,0,3,141,31,2.1532594937016256,0.6666666666666666,21,31.5,0.16666666666666666,23.5,7.75,NA,NA,NA,NA,NA,NA,NA,NA,NA,NA,NA,NA,NA,NA,NA
2023,Robert Woods,robert woods,HOU,WR,14,75,40,426,1,0,26,732,126,2.1483266097997857,0.5333333333333333,5.68,10.65,0.013333333333333334,9.76,3.15,75,40,426,1,53.333333333333336,7.074848484848485,2.6228678300843162,9.988,3.3567500000000003,3.132723177813903,0.22402682218609726,14.797241640872075,5.68,10.65,0.013333333333333334
2023,Romeo Doubs,romeo doubs,GB,WR,17,96,59,674,8,1,41,1126,134,25.05756660561879,0.6145833333333334,7.020833333333333,11.423728813559322,0.08333333333333333,11.729166666666666,2.2711864406779663,96,59,674,8,61.458333333333336,5.904,2.7151352640385693,12.163854166666667,2.398644067796609,2.606293386064356,-0.2076493182677468,24.24990654981933,7.020833333333333,11.423728813559322,0.08333333333333333
2023,Rondale Moore,rondale moore,ARI,WR,17,62,40,352,1,1,17,322,216,-4.296013924347385,0.6451612903225806,5.67741935483871,8.8,0.016129032258064516,5.193548387096774,5.4,62,40,352,1,64.51612903225806,7.297755102040817,4.4956080947627575,5.064838709677419,5.4735,5.674917814881669,-0.201417814881669,7.9904731127526425,5.67741935483871,8.8,0.016129032258064516
2023,Ronnie Bell,ronnie bell,SF,WR,13,13,6,68,3,0,5,160,10,6.735426280842981,0.46153846153846156,5.230769230769231,11.333333333333334,0.23076923076923078,12.307692307692308,1.6666666666666667,NA,NA,NA,NA,NA,NA,NA,NA,NA,NA,NA,NA,NA,NA,NA
2023,Samori Toure,samori toure,GB,WR,8,18,8,78,0,0,4,316,18,-2.534043906098644,0.4444444444444444,4.333333333333333,9.75,0,17.555555555555557,2.25,NA,NA,NA,NA,NA,NA,NA,NA,NA,NA,NA,NA,NA,NA,NA
2023,Shedrick Jackson,shedrick jackson,CIN,WR,2,1,0,0,0,0,0,30,0,-0.856143947923556,0,0,NA,0,30,NA,NA,NA,NA,NA,NA,NA,NA,NA,NA,NA,NA,NA,NA,NA,NA
2023,Simi Fehoko,simi fehoko,LAC,WR,2,2,1,9,1,0,1,18,7,1.0416169919772074,0.5,4.5,9,0.5,9,7,NA,NA,NA,NA,NA,NA,NA,NA,NA,NA,NA,NA,NA,NA,NA
2023,Skyy Moore,skyy moore,KC,WR,13,38,21,244,1,0,13,339,109,-9.6188584768043075,0.5526315789473685,6.421052631578948,11.619047619047619,0.02631578947368421,8.921052631578947,5.190476190476191,NA,NA,NA,NA,NA,NA,NA,NA,NA,NA,NA,NA,NA,NA,NA
2023,Stanley Morgan,stanley morgan,CIN,WR,1,0,0,0,0,0,0,0,0,NA,NA,NA,NA,NA,NA,NA,NA,NA,NA,NA,NA,NA,NA,NA,NA,NA,NA,NA,NA,NA,NA
2023,Stefon Diggs,stefon diggs,BUF,WR,17,160,107,1183,8,2,59,1658,399,39.284095169305964,0.66875,7.39375,11.05607476635514,0.05,10.3625,3.7289719626168223,160,107,1183,8,66.875,5.956666666666667,2.8111488611452033,10.102187499999998,3.9614953271028037,3.6623475355368162,0.2991477915659875,34.517921514359415,7.39375,11.05607476635514,0.05
2023,Stephen Sullivan,stephen sullivan,CAR,TE,10,24,12,125,0,0,5,255,8,-1.629873273887861,0.5,5.208333333333333,10.416666666666666,0,10.625,0.6666666666666666,NA,NA,NA,NA,NA,NA,NA,NA,NA,NA,NA,NA,NA,NA,NA
2023,Sterling Shepard,sterling shepard,NYG,WR,10,22,10,57,1,0,4,160,33,-11.138027666812537,0.45454545454545453,2.590909090909091,5.7,0.045454545454545456,7.2727272727272725,3.3,NA,NA,NA,NA,NA,NA,NA,NA,NA,NA,NA,NA,NA,NA,NA
2023,Tank Dell,tank dell,HOU,WR,10,75,47,709,7,0,34,1070,152,30.07528327010287,0.6266666666666667,9.453333333333333,15.085106382978724,0.09333333333333334,14.266666666666667,3.234042553191489,75,47,709,7,62.66666666666667,6.899866666666667,2.946577120404939,14.231333333333332,3.1906382978723404,2.97705863581291,0.21357966205943058,21.083748318495275,9.453333333333333,15.085106382978724,0.09333333333333334
2023,Tee Higgins,tee higgins,CIN,WR,12,76,42,656,5,0,33,973,235,26.474022851910785,0.5526315789473685,8.631578947368421,15.619047619047619,0.06578947368421052,12.802631578947368,5.595238095238095,76,42,656,5,55.26315789473685,5.940675675675675,2.3280172055338837,13.094078947368422,5.437380952380953,3.4750294206585552,1.9623515317223976,26.526298393201763,8.631578947368421,15.619047619047619,0.06578947368421052
2023,Terry McLaurin,terry mclaurin,WAS,WR,17,132,79,1002,4,0,47,1514,350,9.272234423388017,0.5984848484848485,7.590909090909091,12.683544303797468,0.030303030303030304,11.469696969696969,4.430379746835443,132,79,1002,4,59.84848484848485,5.750472440944881,2.6397086943460537,11.435151515151516,4.558987341772152,3.93883858413503,0.6201487576371219,33.8909071314063,7.590909090909091,12.683544303797468,0.030303030303030304
2023,Tim Jones,tim jones,JAX,WR,10,18,11,83,0,0,4,152,31,-1.0348130930853312,0.6111111111111112,4.611111111111111,7.545454545454546,0,8.444444444444445,2.8181818181818183,NA,NA,NA,NA,NA,NA,NA,NA,NA,NA,NA,NA,NA,NA,NA
2023,Tony Brown,tony brown,IND,DB,4,0,0,0,0,0,0,0,0,NA,NA,NA,NA,NA,NA,NA,NA,NA,NA,NA,NA,NA,NA,NA,NA,NA,NA,NA,NA,NA,NA
2023,Tony Jones,tony jones,ARI,RB,6,10,7,37,0,0,1,-18,44,-4.623583573488871,0.7,3.7,5.285714285714286,0,-1.8,6.285714285714286,NA,NA,NA,NA,NA,NA,NA,NA,NA,NA,NA,NA,NA,NA,NA
2023,Tre Tucker,tre tucker,LV,WR,13,34,19,331,2,0,12,624,28,6.242420197464526,0.5588235294117647,9.735294117647058,17.42105263157895,0.058823529411764705,18.352941176470587,1.4736842105263157,NA,NA,NA,NA,NA,NA,NA,NA,NA,NA,NA,NA,NA,NA,NA
2023,Trent Sherfield,trent sherfield,BUF,WR,11,22,11,86,1,0,4,190,49,-2.21938811756037,0.5,3.909090909090909,7.818181818181818,0.045454545454545456,8.636363636363637,4.454545454545454,NA,NA,NA,NA,NA,NA,NA,NA,NA,NA,NA,NA,NA,NA,NA
2023,Trent Taylor,trent taylor,CHI,WR,15,2,0,0,0,0,0,0,0,-1.2993067152565345,0,0,NA,0,0,NA,NA,NA,NA,NA,NA,NA,NA,NA,NA,NA,NA,NA,NA,NA,NA
2023,Trenton Irwin,trenton irwin,CIN,WR,12,32,25,316,1,1,16,337,110,19.366652398907792,0.78125,9.875,12.64,0.03125,10.53125,4.4,NA,NA,NA,NA,NA,NA,NA,NA,NA,NA,NA,NA,NA,NA,NA
2023,Trey Palmer,trey palmer,TB,WR,17,68,39,385,3,3,17,736,103,-9.260565892752012,0.5735294117647058,5.661764705882353,9.871794871794872,0.04411764705882353,10.823529411764707,2.641025641025641,68,39,385,3,57.35294117647059,6.416212121212121,3.070626674677751,10.158823529411766,3.0753846153846154,3.64057688110388,-0.5651922657192645,14.57780704031266,5.661764705882353,9.871794871794872,0.04411764705882353
2023,Treylon Burks,treylon burks,TEN,WR,9,30,16,221,0,0,8,547,71,-0.7511070060006744,0.5333333333333333,7.366666666666666,13.8125,0,18.233333333333334,4.4375,NA,NA,NA,NA,NA,NA,NA,NA,NA,NA,NA,NA,NA,NA,NA
2023,Trishton Jackson,trishton jackson,MIN,WR,2,4,2,9,0,0,0,16,7,-1.6050638459699047,0.5,2.25,4.5,0,4,3.5,NA,NA,NA,NA,NA,NA,NA,NA,NA,NA,NA,NA,NA,NA,NA
2023,Tutu Atwell,tutu atwell,LA,WR,14,67,39,483,3,0,26,767,104,9.334208720669695,0.582089552238806,7.208955223880597,12.384615384615385,0.04477611940298507,11.447761194029852,2.6666666666666665,67,39,483,3,58.2089552238806,6.6187499999999995,2.612631787522305,11.21507462686567,2.6676923076923087,2.863889600831324,-0.19619729313901546,17.511751641267896,7.208955223880597,12.384615384615385,0.04477611940298507
2023,Ty Montgomery,ty montgomery,NE,WR,11,12,5,40,0,0,3,90,27,-8.515426965081133,0.4166666666666667,3.3333333333333335,8,0,7.5,5.4,NA,NA,NA,NA,NA,NA,NA,NA,NA,NA,NA,NA,NA,NA,NA
2023,Tylan Wallace,tylan wallace,BAL,WR,6,2,1,11,0,0,1,23,0,-0.7508965742890723,0.5,5.5,11,0,11.5,0,NA,NA,NA,NA,NA,NA,NA,NA,NA,NA,NA,NA,NA,NA,NA
2023,Tyler Boyd,tyler boyd,CIN,WR,17,98,67,667,2,0,28,629,279,5.828839830407998,0.6836734693877551,6.8061224489795915,9.955223880597014,0.02040816326530612,6.418367346938775,4.164179104477612,98,67,667,2,68.36734693877551,6.135444444444444,3.093340407220002,6.739693877551019,4.486567164179106,3.419008793415187,1.0675583707639187,17.605742677712737,6.8061224489795915,9.955223880597014,0.02040816326530612
2023,Tyler Johnson,tyler johnson,LA,WR,1,3,2,8,1,0,1,16,1,1.852269433264155,0.6666666666666666,2.6666666666666665,4,0.3333333333333333,5.333333333333333,0.5,NA,NA,NA,NA,NA,NA,NA,NA,NA,NA,NA,NA,NA,NA,NA
2023,Tyler Lockett,tyler lockett,SEA,WR,17,122,79,894,5,0,47,1322,210,41.28231917026342,0.6475409836065574,7.327868852459017,11.316455696202532,0.040983606557377046,10.836065573770492,2.6582278481012658,122,79,894,5,64.75409836065575,6.754347826086957,2.8155919124350035,11.501967213114753,2.7499999999999996,2.994652692906812,-0.24465269290681224,32.86499551491787,7.327868852459017,11.316455696202532,0.040983606557377046
2023,Tyler Scott,tyler scott,CHI,WR,13,32,17,168,0,1,10,370,70,-11.053834886963601,0.53125,5.25,9.882352941176471,0,11.5625,4.117647058823529,NA,NA,NA,NA,NA,NA,NA,NA,NA,NA,NA,NA,NA,NA,NA
2023,Tyquan Thornton,tyquan thornton,NE,WR,9,23,13,91,0,0,3,230,50,-13.239605868468061,0.5652173913043478,3.9565217391304346,7,0,10,3.8461538461538463,NA,NA,NA,NA,NA,NA,NA,NA,NA,NA,NA,NA,NA,NA,NA
2023,Tyreek Hill,tyreek hill,MIA,WR,16,171,119,1799,13,1,83,1847,652,91.74883128512815,0.695906432748538,10.52046783625731,15.117647058823529,0.07602339181286549,10.801169590643275,5.4789915966386555,171,119,1799,13,69.5906432748538,5.756883116883117,3.2584266384584817,10.837251461988304,5.770504201680673,5.0039547432324385,0.7665494584482344,43.43852477268945,10.52046783625731,15.117647058823529,0.07602339181286549
2023,Van Jefferson,van jefferson,ATL,WR,14,43,20,209,0,0,10,686,25,-17.639562277257596,0.46511627906976744,4.8604651162790695,10.45,0,15.953488372093023,1.25,NA,NA,NA,NA,NA,NA,NA,NA,NA,NA,NA,NA,NA,NA,NA
2023,Wan'Dale Robinson,wan dale robinson,NYG,WR,15,78,60,525,1,0,29,410,287,21.910620719088797,0.7692307692307693,6.730769230769231,8.75,0.01282051282051282,5.256410256410256,4.783333333333333,78,60,525,1,76.92307692307693,6.9703389830508495,3.973480571288485,5.239102564102563,5.0440000000000005,4.384356634702925,0.6596433652970752,11.493622466916984,6.730769230769231,8.75,0.01282051282051282
2023,Willie Snead,willie snead,SF,WR,2,3,2,14,0,0,0,18,3,-0.5363106988370419,0.6666666666666666,4.666666666666667,7,0,6,1.5,NA,NA,NA,NA,NA,NA,NA,NA,NA,NA,NA,NA,NA,NA,NA
2023,Xavier Gipson,xavier gipson,NYJ,WR,17,38,21,229,0,0,9,358,109,-0.6364557228929271,0.5526315789473685,6.026315789473684,10.904761904761905,0,9.421052631578947,5.190476190476191,NA,NA,NA,NA,NA,NA,NA,NA,NA,NA,NA,NA,NA,NA,NA
2023,Xavier Hutchinson,xavier hutchinson,HOU,WR,12,19,8,90,0,0,3,216,20,-6.574253347999138,0.42105263157894735,4.7368421052631575,11.25,0,11.368421052631579,2.5,NA,NA,NA,NA,NA,NA,NA,NA,NA,NA,NA,NA,NA,NA,NA
2023,Zach Pascal,zach pascal,ARI,WR,10,15,4,19,0,0,1,160,12,-17.391983720619464,0.26666666666666666,1.2666666666666666,4.75,0,10.666666666666666,3,NA,NA,NA,NA,NA,NA,NA,NA,NA,NA,NA,NA,NA,NA,NA
2023,Zay Flowers,zay flowers,BAL,WR,16,108,77,858,5,0,41,921,387,28.935609554954237,0.7129629629629629,7.944444444444445,11.142857142857142,0.046296296296296294,8.527777777777779,5.025974025974026,108,77,858,5,71.29629629629629,7.666698113207548,3.6810160964910574,8.651944444444444,5.084415584415586,4.108854807018525,0.9755607773970612,22.834430159502062,7.944444444444445,11.142857142857142,0.046296296296296294
2023,Zay Jones,zay jones,JAX,WR,9,64,34,321,2,0,14,871,51,-4.416608735239675,0.53125,5.015625,9.441176470588236,0.03125,13.609375,1.5,64,34,321,2,53.125,6.69393442622951,2.4790105738790205,13.430000000000001,1.9041176470588237,1.9868346562572023,-0.08271700919837865,17.47265324044617,5.015625,9.441176470588236,0.03125
2024,A.J. Brown,a j brown,PHI,WR,13,97,67,1079,7,0,51,1168,353,61.81116601604732,0.6907216494845361,11.123711340206185,16.104477611940297,0.07216494845360824,12.041237113402062,5.268656716417911,97,67,1079,7,69.0721649484536,5.621030927835051,2.097740166108409,11.994536082474227,5.402835820895523,3.000230973773025,2.4026048471224977,34.85029115046369,11.123711340206185,16.104477611940297,0.07216494845360824
2024,Adam Thielen,adam thielen,CAR,WR,10,62,48,615,5,0,28,692,152,40.429083193776734,0.7741935483870968,9.919354838709678,12.8125,0.08064516129032258,11.161290322580646,3.1666666666666665,62,48,615,5,77.41935483870968,6.4055,3.004133022666709,10.9491935483871,3.508333333333333,3.6864382538569607,-0.1781049205236278,16.231771088629753,9.919354838709678,12.8125,0.08064516129032258
2024,Adonai Mitchell,adonai mitchell,IND,WR,17,55,23,312,0,1,16,775,101,-4.951546875899231,0.41818181818181815,5.672727272727273,13.565217391304348,0,14.090909090909092,4.391304347826087,55,23,312,0,41.81818181818181,6.012075471698114,2.6281684808362327,14.716181818181818,4.552173913043476,4.943017201357579,-0.39084328831410264,15.821469690779685,5.672727272727273,13.565217391304348,0
2024,Ainias Smith,ainias smith,PHI,WR,3,9,7,41,1,0,1,38,23,-0.6391997685423121,0.7777777777777778,4.555555555555555,5.857142857142857,0.1111111111111111,4.222222222222222,3.2857142857142856,NA,NA,NA,NA,NA,NA,NA,NA,NA,NA,NA,NA,NA,NA,NA
2024,Alec Pierce,alec pierce,IND,WR,16,69,37,824,7,0,32,1500,118,40.30308590596193,0.5362318840579711,11.942028985507246,22.27027027027027,0.10144927536231885,21.73913043478261,3.189189189189189,69,37,824,7,53.62318840579711,5.748985507246376,2.406297044963777,21.450289855072462,3.6445945945945937,2.887647507241973,0.7569470873526205,28.931519595290638,11.942028985507246,22.27027027027027,0.10144927536231885
2024,Alex Bachman,alex bachman,LV,WR,5,3,3,31,0,0,2,21,10,0.07557450111210351,1,10.333333333333334,10.333333333333334,0,7,3.3333333333333335,NA,NA,NA,NA,NA,NA,NA,NA,NA,NA,NA,NA,NA,NA,NA
2024,Alex Erickson,alex erickson,NE,WR,3,0,0,0,0,0,0,0,0,NA,NA,NA,NA,NA,NA,NA,NA,NA,NA,NA,NA,NA,NA,NA,NA,NA,NA,NA,NA,NA,NA
2024,Allen Lazard,allen lazard,NYJ,WR,12,61,37,530,6,0,29,686,155,29.926232110356914,0.6065573770491803,8.688524590163935,14.324324324324325,0.09836065573770492,11.245901639344263,4.1891891891891895,60,37,530,6,61.66666666666667,5.3021052631578955,2.6047981292468405,10.6735,4.729729729729728,4.213815871521045,0.5159138582086831,16.328575580950634,8.833333333333334,14.324324324324325,0.1
2024,Allen Robinson,allen robinson,DET,WR,6,7,3,30,0,0,3,51,4,1.3374940109000493,0.42857142857142855,4.285714285714286,10,0,7.285714285714286,1.3333333333333333,NA,NA,NA,NA,NA,NA,NA,NA,NA,NA,NA,NA,NA,NA,NA
2024,Amari Cooper,amari cooper,BUF,WR,13,85,44,547,4,0,25,1161,111,6.906823084573158,0.5176470588235295,6.435294117647059,12.431818181818182,0.047058823529411764,13.658823529411764,2.522727272727273,85,44,547,4,51.76470588235295,6.0304761904761905,2.6037789190710265,12.779058823529413,2.9238636363636363,3.3558318245029026,-0.4319681881392663,22.048960701526468,6.435294117647059,12.431818181818182,0.047058823529411764
2024,Amon-Ra St. Brown,amon ra st brown,DET,WR,17,141,115,1263,12,1,75,1081,412,96.38150294092755,0.8156028368794326,8.957446808510639,10.982608695652173,0.0851063829787234,7.666666666666667,3.582608695652174,141,115,1263,12,81.56028368794325,6.542890624999999,3.091643513003559,8.03418439716312,3.7073043478260868,3.2094389241852985,0.49786542364078823,31.897483837541955,8.957446808510639,10.982608695652173,0.0851063829787234
2024,Andrei Iosivas,andrei iosivas,CIN,WR,17,61,36,479,6,0,26,692,67,23.963512064683744,0.5901639344262295,7.852459016393443,13.305555555555555,0.09836065573770492,11.344262295081966,1.8611111111111112,61,36,479,6,59.01639344262295,5.021186440677966,2.7648879849053922,11.278688524590166,2.342777777777778,2.052703980429317,0.29007379734846106,14.712140295654144,7.852459016393443,13.305555555555555,0.09836065573770492
2024,Anthony Gould,anthony gould,IND,WR,8,1,1,23,0,0,1,18,5,1.8886133068008348,1,23,23,0,18,5,NA,NA,NA,NA,NA,NA,NA,NA,NA,NA,NA,NA,NA,NA,NA
2024,Anthony Miller,anthony miller,BAL,WR,1,1,1,16,0,0,1,15,1,2.180934162577614,1,16,16,0,15,1,NA,NA,NA,NA,NA,NA,NA,NA,NA,NA,NA,NA,NA,NA,NA
2024,Ashton Dulin,ashton dulin,IND,WR,13,8,2,67,1,0,2,154,43,-6.190151987073477,0.25,8.375,33.5,0.125,19.25,21.5,NA,NA,NA,NA,NA,NA,NA,NA,NA,NA,NA,NA,NA,NA,NA
2024,Austin Trammell,austin trammell,JAX,WR,1,3,2,40,0,0,2,44,9,2.7444012030318845,0.6666666666666666,13.333333333333334,20,0,14.666666666666666,4.5,NA,NA,NA,NA,NA,NA,NA,NA,NA,NA,NA,NA,NA,NA,NA
2024,Ben Skowronek,ben skowronek,PIT,WR,9,5,5,69,0,0,4,40,29,6.3531590475467965,1,13.8,13.8,0,8,5.8,NA,NA,NA,NA,NA,NA,NA,NA,NA,NA,NA,NA,NA,NA,NA
2024,Bo Melton,bo melton,GB,CB,13,17,8,91,0,0,5,303,7,-1.1558007349667605,0.47058823529411764,5.352941176470588,11.375,0,17.823529411764707,0.875,NA,NA,NA,NA,NA,NA,NA,NA,NA,NA,NA,NA,NA,NA,NA
2024,Brandin Cooks,brandin cooks,DAL,WR,10,54,26,259,3,0,19,634,55,-11.122766286566897,0.48148148148148145,4.796296296296297,9.961538461538462,0.05555555555555555,11.74074074074074,2.1153846153846154,54,26,259,3,48.148148148148145,6.237924528301886,2.1633950295248603,12.583703703703703,2.3646153846153846,2.9965910200593324,-0.6319756354439479,14.664960301103022,4.796296296296297,9.961538461538462,0.05555555555555555
2024,Brandon Aiyuk,brandon aiyuk,SF,WR,7,47,25,374,0,0,19,556,107,12.814397382476514,0.5319148936170213,7.957446808510638,14.96,0,11.829787234042554,4.28,47,25,369,0,53.191489361702125,5.195744680851064,2.3546868965845733,12.632978723404257,3.7124,2.8622835629764505,0.8501164370235497,13.496956223261828,7.851063829787234,14.76,0
2024,Brandon Coleman,brandon coleman,WAS,OT,3,0,0,0,0,0,0,0,0,NA,NA,NA,NA,NA,NA,NA,NA,NA,NA,NA,NA,NA,NA,NA,NA,NA,NA,NA,NA,NA,NA
2024,Brandon Johnson,brandon johnson,PIT,WR,1,1,1,9,0,0,0,5,4,0.7032771672820672,1,9,9,0,5,4,NA,NA,NA,NA,NA,NA,NA,NA,NA,NA,NA,NA,NA,NA,NA
2024,Brandon Jones,brandon jones,DEN,SAF,16,0,0,0,0,0,0,0,0,NA,NA,NA,NA,NA,NA,NA,NA,NA,NA,NA,NA,NA,NA,NA,NA,NA,NA,NA,NA,NA,NA
2024,Brandon Powell,brandon powell,MIN,WR,16,10,7,71,0,0,5,102,12,5.094511381350458,0.7,7.1,10.142857142857142,0,10.2,1.7142857142857142,NA,NA,NA,NA,NA,NA,NA,NA,NA,NA,NA,NA,NA,NA,NA
2024,Braxton Berrios,braxton berrios,MIA,WR,6,4,0,0,0,0,0,26,0,-9.013496233848855,0,0,NA,0,6.5,NA,NA,NA,NA,NA,NA,NA,NA,NA,NA,NA,NA,NA,NA,NA,NA
2024,Brian Thomas Jr.,brian thomas jr,JAX,WR,17,133,87,1282,10,0,53,1542,562,54.242993103261064,0.6541353383458647,9.639097744360901,14.735632183908047,0.07518796992481203,11.593984962406015,6.459770114942529,NA,NA,NA,NA,NA,NA,NA,NA,NA,NA,NA,NA,NA,NA,NA
2024,Britain Covey,britain covey,PHI,WR,5,8,7,34,0,0,2,9,28,-0.0438859926071018,0.875,4.25,4.857142857142857,0,1.125,4,NA,NA,NA,NA,NA,NA,NA,NA,NA,NA,NA,NA,NA,NA,NA
2024,Bryce Ford-Wheaton,bryce ford wheaton,NYG,WR,5,0,0,0,0,0,0,0,0,NA,NA,NA,NA,NA,NA,NA,NA,NA,NA,NA,NA,NA,NA,NA,NA,NA,NA,NA,NA,NA,NA
2024,Bryce Oliver,bryce oliver,TEN,WR,8,9,6,95,0,0,4,95,26,4.337509178032633,0.6666666666666666,10.555555555555555,15.833333333333334,0,10.555555555555555,4.333333333333333,NA,NA,NA,NA,NA,NA,NA,NA,NA,NA,NA,NA,NA,NA,NA
2024,Bub Means,bub means,NO,WR,4,15,9,118,1,0,7,170,20,3.358492489263881,0.6,7.866666666666666,13.11111111111111,0.06666666666666667,11.333333333333334,2.2222222222222223,NA,NA,NA,NA,NA,NA,NA,NA,NA,NA,NA,NA,NA,NA,NA
2024,Calvin Austin,calvin austin,PIT,WR,NA,NA,NA,NA,NA,NA,NA,NA,NA,NA,NA,NA,NA,NA,NA,NA,58,36,548,4,62.06896551724138,6.4069230769230785,2.958910182762406,12.60637931034483,4.716944444444445,3.678598499887814,1.0383459445566308,20.665261039636423,9.448275862068966,15.222222222222221,0.06896551724137931
2024,Calvin Ridley,calvin ridley,TEN,WR,17,120,64,1017,4,0,40,1883,231,28.17815911828616,0.5333333333333333,8.475,15.890625,0.03333333333333333,15.691666666666666,3.609375,120,64,1017,4,53.333333333333336,6.006347826086954,2.744836643924202,15.289,4.066562500000001,3.765521079650674,0.30104142034932657,44.57737649791531,8.475,15.890625,0.03333333333333333
2024,Casey Washington,casey washington,ATL,WR,2,2,1,14,0,0,1,36,11,0.9507967630634084,0.5,7,14,0,18,11,NA,NA,NA,NA,NA,NA,NA,NA,NA,NA,NA,NA,NA,NA,NA
2024,Cedric Tillman,cedric tillman,CLE,WR,9,49,29,339,3,1,15,552,104,-1.2665879018350807,0.5918367346938775,6.918367346938775,11.689655172413794,0.061224489795918366,11.26530612244898,3.586206896551724,49,29,339,3,59.183673469387756,6.1244444444444435,2.920522131983175,11.666122448979591,3.9127586206896536,3.1150766838395216,0.797681936850132,11.603605066580057,6.918367346938775,11.689655172413794,0.061224489795918366
2024,CeeDee Lamb,ceedee lamb,DAL,WR,15,152,101,1194,6,1,54,1190,537,19.784045063838462,0.6644736842105263,7.855263157894737,11.821782178217822,0.039473684210526314,7.828947368421052,5.316831683168317,152,101,1194,6,66.44736842105263,5.83264705882353,2.8854620804636872,7.953092105263159,5.596633663366338,3.3913175849794652,2.2053160783868724,26.08904897456206,7.855263157894737,11.821782178217822,0.039473684210526314
2024,Charlie Jones,charlie jones,CIN,WR,7,1,1,5,0,0,0,5,0,0.16390190861420706,1,5,5,0,5,0,NA,NA,NA,NA,NA,NA,NA,NA,NA,NA,NA,NA,NA,NA,NA
2024,Chris Blair,chris blair,ATL,WR,2,2,1,17,0,0,1,37,0,-3.7777424185769632,0.5,8.5,17,0,18.5,0,NA,NA,NA,NA,NA,NA,NA,NA,NA,NA,NA,NA,NA,NA,NA
2024,Chris Conley,chris conley,SF,WR,9,12,6,76,0,0,3,207,19,-1.8939166229683906,0.5,6.333333333333333,12.666666666666666,0,17.25,3.1666666666666665,NA,NA,NA,NA,NA,NA,NA,NA,NA,NA,NA,NA,NA,NA,NA
2024,Chris Godwin,chris godwin,TB,WR,NA,NA,NA,NA,NA,NA,NA,NA,NA,NA,NA,NA,NA,NA,NA,NA,62,50,576,5,80.64516129032258,6.390701754385964,3.233242610841702,5.581129032258065,7.3256,5.047980963331976,2.277619036668024,9.034607903291079,9.290322580645162,11.52,0.08064516129032258
2024,Chris Olave,chris olave,NO,WR,8,44,32,400,1,1,22,455,121,1.4877366393345328,0.7272727272727273,9.090909090909092,12.5,0.022727272727272728,10.340909090909092,3.78125,NA,NA,NA,NA,NA,NA,NA,NA,NA,NA,NA,NA,NA,NA,NA
2024,Chris Williams,chris williams,CHI,DL,16,0,0,0,0,0,0,0,0,NA,NA,NA,NA,NA,NA,NA,NA,NA,NA,NA,NA,NA,NA,NA,NA,NA,NA,NA,NA,NA,NA
2024,Christian Kirk,christian kirk,JAX,WR,8,47,27,379,1,0,18,644,113,8.420426437177847,0.574468085106383,8.063829787234043,14.037037037037036,0.02127659574468085,13.702127659574469,4.185185185185185,47,27,379,1,57.446808510638306,6.582820512820513,2.7862910270696193,13.16340425531915,4.929259259259259,4.825258604006904,0.10400065525235469,14.299284665965589,8.063829787234043,14.037037037037036,0.02127659574468085
2024,Christian Watson,christian watson,GB,WR,14,53,29,620,2,1,21,944,149,19.813962031477995,0.5471698113207547,11.69811320754717,21.379310344827587,0.03773584905660377,17.81132075471698,5.137931034482759,53,29,620,2,54.71698113207547,5.259615384615385,2.3829016929203037,17.544528301886793,6.12448275862069,6.069630790719859,0.05485196790083169,23.095570447128022,11.69811320754717,21.379310344827587,0.03773584905660377
2024,Cody Thompson,cody thompson,TB,WR,1,0,0,0,0,0,0,0,0,NA,NA,NA,NA,NA,NA,NA,NA,NA,NA,NA,NA,NA,NA,NA,NA,NA,NA,NA,NA,NA,NA
2024,Cody White,cody white,SEA,WR,2,3,2,44,0,0,2,40,13,2.547461475885939,0.6666666666666666,14.666666666666666,22,0,13.333333333333334,6.5,NA,NA,NA,NA,NA,NA,NA,NA,NA,NA,NA,NA,NA,NA,NA
2024,Collin Johnson,collin johnson,CHI,WR,6,2,1,6,0,0,1,16,3,-0.3189183409558609,0.5,3,6,0,8,3,NA,NA,NA,NA,NA,NA,NA,NA,NA,NA,NA,NA,NA,NA,NA
2024,Cooper Kupp,cooper kupp,LA,WR,12,100,67,710,6,1,29,758,269,3.8681466335284114,0.67,7.1,10.597014925373134,0.06,7.58,4.014925373134329,100,67,710,6,67,7.11934065934066,3.2635752640753366,7.8189,4.2429850746268665,4.007833425403783,0.2351516492230834,19.166225438286855,7.1,10.597014925373134,0.06
2024,Courtland Sutton,courtland sutton,DEN,WR,16,135,81,1081,8,1,57,1787,179,37.14292305415117,0.6,8.007407407407408,13.345679012345679,0.05925925925925926,13.237037037037037,2.2098765432098766,135,81,1081,8,60,5.976917293233083,2.472155025066519,13.21237037037037,2.4745679012345687,2.551023613082588,-0.07645571184801936,43.94304085931439,8.007407407407408,13.345679012345679,0.05925925925925926
2024,Curtis Samuel,curtis samuel,BUF,WR,14,46,31,253,1,0,9,212,160,-10.305069814420941,0.6739130434782609,5.5,8.161290322580646,0.021739130434782608,4.608695652173913,5.161290322580645,46,31,253,1,67.3913043478261,6.607567567567568,4.056089405564893,4.4852173913043485,5.3990322580645165,5.309485449262343,0.08954680880217314,5.067469654620211,5.5,8.161290322580646,0.021739130434782608
2024,D.J. Moore,d j moore,CHI,WR,NA,NA,NA,NA,NA,NA,NA,NA,NA,NA,NA,NA,NA,NA,NA,NA,140,98,966,6,70,5.777984496124031,3.4436736229439004,7.4205000000000005,6.212857142857142,5.488773911733834,0.7240832311233074,24.960116479102005,6.9,9.857142857142858,0.04285714285714286
2024,DJ Chark,dj chark,LAC,WR,4,10,4,31,1,0,1,115,7,-4.062413258827291,0.4,3.1,7.75,0.1,11.5,1.75,NA,NA,NA,NA,NA,NA,NA,NA,NA,NA,NA,NA,NA,NA,NA
2024,Dan Chisena,dan chisena,CAR,WR,4,4,3,37,0,0,2,30,9,2.039961123140529,0.75,9.25,12.333333333333334,0,7.5,3,NA,NA,NA,NA,NA,NA,NA,NA,NA,NA,NA,NA,NA,NA,NA
2024,Dante Pettis,dante pettis,NO,WR,8,28,12,120,1,0,8,282,36,-1.7816817793437045,0.42857142857142855,4.285714285714286,10,0.03571428571428571,10.071428571428571,3,NA,NA,NA,NA,NA,NA,NA,NA,NA,NA,NA,NA,NA,NA,NA
2024,Dareke Young,dareke young,SEA,WR,7,1,0,0,0,0,0,9,0,-1.76345443446689,0,0,NA,0,9,NA,NA,NA,NA,NA,NA,NA,NA,NA,NA,NA,NA,NA,NA,NA,NA
2024,Darius Slayton,darius slayton,NYG,WR,16,71,39,573,2,0,30,928,124,14.51692875208025,0.5492957746478874,8.070422535211268,14.692307692307692,0.028169014084507043,13.070422535211268,3.1794871794871793,71,39,573,2,54.929577464788736,5.56927536231884,2.41465559684947,13.410985915492958,3.717948717948718,2.732981346804213,0.984967371144505,24.241884195599102,8.070422535211268,14.692307692307692,0.028169014084507043
2024,Darnell Mooney,darnell mooney,ATL,WR,16,106,64,992,5,0,48,1294,275,43.90698854503186,0.6037735849056604,9.358490566037736,15.5,0.04716981132075472,12.20754716981132,4.296875,106,64,992,5,60.37735849056604,6.457171717171717,2.9777865475755743,12.671981132075471,4.433906250000001,4.6921197881920715,-0.25821353819207093,29.99044399690993,9.358490566037736,15.5,0.04716981132075472
2024,Davante Adams,davante adams,NYJ,WR,14,141,85,1063,8,0,49,1172,473,20.73202473900241,0.6028368794326241,7.539007092198582,12.505882352941176,0.05673758865248227,8.312056737588652,5.564705882352941,141,85,1063,8,60.28368794326241,5.461353383458647,3.2460858681193367,8.617304964539006,5.773411764705882,4.751070429767443,1.0223413349384387,30.979954207270737,7.539007092198582,12.505882352941176,0.05673758865248227
2024,David Bell,david bell,CLE,WR,1,3,3,27,0,0,1,19,8,3.214173211832531,1,9,9,0,6.333333333333333,2.6666666666666665,NA,NA,NA,NA,NA,NA,NA,NA,NA,NA,NA,NA,NA,NA,NA
2024,David Moore,david moore,CAR,WR,15,57,32,351,3,0,18,631,60,8.29301634245876,0.5614035087719298,6.157894736842105,10.96875,0.05263157894736842,11.070175438596491,1.875,57,32,351,3,56.14035087719298,5.861851851851852,2.2660789733529554,11.558245614035089,2.071875,2.20392283383569,-0.1320478338356903,15.752839992061652,6.157894736842105,10.96875,0.05263157894736842
2024,DeAndre Carter,deandre carter,CHI,WR,13,14,9,72,0,0,3,155,32,-4.037748288712464,0.6428571428571429,5.142857142857143,8,0,11.071428571428571,3.5555555555555554,NA,NA,NA,NA,NA,NA,NA,NA,NA,NA,NA,NA,NA,NA,NA
2024,DeAndre Hopkins,deandre hopkins,KC,WR,16,80,56,610,5,0,35,896,109,19.209225964236232,0.7,7.625,10.892857142857142,0.0625,11.2,1.9464285714285714,80,56,618,5,70,5.575128205128205,2.7079566212781927,10.83925,2.6367857142857143,2.9925817912470087,-0.35579607696129445,24.07578622376593,7.725,11.035714285714286,0.0625
2024,DeMario Douglas,demario douglas,NE,WR,16,87,66,621,3,1,31,531,359,20.82534351814231,0.7586206896551724,7.137931034482759,9.409090909090908,0.034482758620689655,6.103448275862069,5.4393939393939394,87,66,621,3,75.86206896551724,6.8672499999999985,4.010061826531089,5.7924137931034485,5.817878787878787,5.518932041033413,0.2989467468453748,13.555811401149153,7.137931034482759,9.409090909090908,0.034482758620689655
2024,DeVonta Smith,devonta smith,PHI,WR,13,89,68,833,8,0,42,809,299,56.79894755193605,0.7640449438202247,9.359550561797754,12.25,0.0898876404494382,9.089887640449438,4.397058823529412,89,68,833,8,76.40449438202246,6.536785714285713,2.957029785309726,9.605280898876403,4.303676470588236,4.036818202239138,0.26685826834909854,25.60656346600848,9.359550561797754,12.25,0.0898876404494382
2024,Dee Williams,dee williams,NYG,CB,13,0,0,0,0,0,0,0,0,NA,NA,NA,NA,NA,NA,NA,NA,NA,NA,NA,NA,NA,NA,NA,NA,NA,NA,NA,NA,NA,NA
2024,Deebo Samuel,deebo samuel,SF,WR,NA,NA,NA,NA,NA,NA,NA,NA,NA,NA,NA,NA,NA,NA,NA,NA,81,51,670,3,62.96296296296296,5.648333333333333,3.1397865544736616,6.44074074074074,8.416862745098042,6.1502140339164955,2.2666487111815465,11.859136103874851,8.271604938271604,13.137254901960784,0.037037037037037035
2024,Demarcus Robinson,demarcus robinson,LA,WR,17,64,31,505,7,0,27,983,71,8.234387025030207,0.484375,7.890625,16.29032258064516,0.109375,15.359375,2.2903225806451615,64,31,505,7,48.4375,4.065555555555555,2.66492023403923,15.736875,2.6325806451612896,2.3162087901319226,0.31637185502936704,24.68819861160136,7.890625,16.29032258064516,0.109375
2024,Deonte Harty,deonte harty,BAL,WR,5,0,0,0,0,0,0,0,0,NA,NA,NA,NA,NA,NA,NA,NA,NA,NA,NA,NA,NA,NA,NA,NA,NA,NA,NA,NA,NA,NA
2024,Derius Davis,derius davis,LAC,WR,15,17,13,112,2,0,5,65,119,5.425932061683852,0.7647058823529411,6.588235294117647,8.615384615384615,0.11764705882352941,3.823529411764706,9.153846153846153,NA,NA,NA,NA,NA,NA,NA,NA,NA,NA,NA,NA,NA,NA,NA
2024,Devaughn Vele,devaughn vele,DEN,WR,13,55,41,475,3,0,26,461,127,35.08660535645322,0.7454545454545455,8.636363636363637,11.585365853658537,0.05454545454545454,8.381818181818181,3.097560975609756,55,41,475,3,74.54545454545455,5.808039215686275,3.1093440975647324,8.217818181818183,3.5029268292682927,3.647971240798387,-0.1450444115300944,11.135117823135959,8.636363636363637,11.585365853658537,0.05454545454545454
2024,Deven Thompkins,deven thompkins,CAR,WR,5,4,4,20,0,0,2,-8,28,-0.12848315184237435,1,5,5,0,-2,7,NA,NA,NA,NA,NA,NA,NA,NA,NA,NA,NA,NA,NA,NA,NA
2024,Devin Duvernay,devin duvernay,JAX,WR,13,16,11,79,0,0,7,183,63,3.422312750655692,0.6875,4.9375,7.181818181818182,0,11.4375,5.7272727272727275,NA,NA,NA,NA,NA,NA,NA,NA,NA,NA,NA,NA,NA,NA,NA
2024,Devontez Walker,devontez walker,BAL,WR,3,3,1,21,1,0,1,84,0,1.2227359302341938,0.3333333333333333,7,21,0.3333333333333333,28,0,NA,NA,NA,NA,NA,NA,NA,NA,NA,NA,NA,NA,NA,NA,NA
2024,Diontae Johnson,diontae johnson,HOU,WR,11,67,33,375,3,0,21,731,91,-17.98220351655812,0.4925373134328358,5.597014925373134,11.363636363636363,0.04477611940298507,10.91044776119403,2.757575757575758,67,33,375,3,49.25373134328358,5.21246153846154,2.6821615965763,11.011044776119403,2.9587878787878794,3.6916525666517557,-0.7328646878638763,17.63987155177979,5.597014925373134,11.363636363636363,0.04477611940298507
2024,Dontayvion Wicks,dontayvion wicks,GB,WR,17,76,39,415,5,0,25,880,139,-7.7587960267081595,0.5131578947368421,5.4605263157894735,10.64102564102564,0.06578947368421052,11.578947368421053,3.5641025641025643,76,39,415,5,51.31578947368421,6.365616438356164,2.971322299092621,11.674473684210525,3.8176923076923073,2.7126729972299213,1.105019310462386,22.037485035294353,5.4605263157894735,10.64102564102564,0.06578947368421052
2024,Drake London,drake london,ATL,WR,17,158,100,1271,9,0,67,1723,327,36.73072831476383,0.6329113924050633,8.044303797468354,12.71,0.056962025316455694,10.905063291139241,3.27,158,100,1271,9,63.29113924050633,6.6970833333333335,2.4186223045925064,10.837088607594938,3.512199999999999,2.760216772440635,0.7519832275593643,38.229817408894235,8.044303797468354,12.71,0.056962025316455694
2024,Dyami Brown,dyami brown,WAS,WR,15,40,30,308,1,1,13,293,218,1.8323590611617766,0.75,7.7,10.266666666666667,0.025,7.325,7.266666666666667,NA,NA,NA,NA,NA,NA,NA,NA,NA,NA,NA,NA,NA,NA,NA
2024,Elijah Higgins,elijah higgins,ARI,TE,15,24,20,172,2,0,10,108,90,9.530997933354229,0.8333333333333334,7.166666666666667,8.6,0.08333333333333333,4.5,4.5,NA,NA,NA,NA,NA,NA,NA,NA,NA,NA,NA,NA,NA,NA,NA
2024,Elijah Moore,elijah moore,CLE,WR,17,102,61,538,1,0,25,950,133,-36.91097573652386,0.5980392156862745,5.2745098039215685,8.819672131147541,0.00980392156862745,9.313725490196079,2.180327868852459,102,61,538,1,59.80392156862745,6.143118279569892,3.093441668841841,9.086470588235294,2.525409836065574,2.8096889002176395,-0.2842790641520656,18.813332250730753,5.2745098039215685,8.819672131147541,0.00980392156862745
2024,Erik Ezukanma,erik ezukanma,MIA,WR,1,2,0,0,0,0,0,59,0,-2.4191449070349336,0,0,NA,0,29.5,NA,NA,NA,NA,NA,NA,NA,NA,NA,NA,NA,NA,NA,NA,NA,NA
2024,Garrett Wilson,garrett wilson,NYJ,WR,17,153,101,1104,7,2,60,1378,442,22.76757248401531,0.6601307189542484,7.215686274509804,10.930693069306932,0.0457516339869281,9.006535947712418,4.376237623762377,154,101,1104,7,65.5844155844156,5.256712328767122,3.2653282684268232,8.913506493506492,5.023267326732673,4.747016659391977,0.2762506673406957,34.99931157923722,7.1688311688311686,10.930693069306932,0.045454545454545456
2024,George Pickens,george pickens,PIT,WR,14,103,59,900,3,1,37,1411,215,27.91763200609961,0.5728155339805825,8.737864077669903,15.254237288135593,0.02912621359223301,13.699029126213592,3.6440677966101696,103,59,900,3,57.28155339805825,5.751881188118812,2.3220798412801456,13.533398058252427,4.500338983050846,3.4317534193652333,1.068585563685613,39.397313858050516,8.737864077669903,15.254237288135593,0.02912621359223301
2024,Grant DuBose,grant dubose,MIA,WR,2,4,2,11,0,0,1,47,3,-4.104269569506869,0.5,2.75,5.5,0,11.75,1.5,NA,NA,NA,NA,NA,NA,NA,NA,NA,NA,NA,NA,NA,NA,NA
2024,Greg Dortch,greg dortch,ARI,WR,17,50,37,342,3,1,16,207,294,7.380935106859431,0.74,6.84,9.243243243243244,0.06,4.14,7.945945945945946,50,37,342,3,74,7.47525,3.688801355792188,4.2516,8.034324324324327,5.521060629666562,2.5132636946577653,5.757698870561468,6.84,9.243243243243244,0.06
2024,Ihmir Smith-Marsette,ihmir smith marsette,NYG,WR,15,0,0,0,0,0,0,0,0,NA,NA,NA,NA,NA,NA,NA,NA,NA,NA,NA,NA,NA,NA,NA,NA,NA,NA,NA,NA,NA,NA
2024,Irvin Charles,irvin charles,NYJ,WR,8,1,0,0,0,0,0,3,0,-0.4098327741958201,0,0,NA,0,3,NA,NA,NA,NA,NA,NA,NA,NA,NA,NA,NA,NA,NA,NA,NA,NA
2024,Isaiah Hodgins,isaiah hodgins,NYG,WR,2,2,2,12,0,0,0,11,1,0.5176436412148178,1,6,6,0,5.5,0.5,NA,NA,NA,NA,NA,NA,NA,NA,NA,NA,NA,NA,NA,NA,NA
2024,Isaiah Williams,isaiah williams,CIN,WR,8,3,2,6,0,0,0,15,7,-2.3470915579237044,0.6666666666666666,2,3,0,5,3.5,NA,NA,NA,NA,NA,NA,NA,NA,NA,NA,NA,NA,NA,NA,NA
2024,Ja'Lynn Polk,ja lynn polk,NE,WR,14,33,12,87,2,0,4,395,13,-20.74777425544374,0.36363636363636365,2.6363636363636362,7.25,0.06060606060606061,11.969696969696969,1.0833333333333333,NA,NA,NA,NA,NA,NA,NA,NA,NA,NA,NA,NA,NA,NA,NA
2024,Ja'Marr Chase,ja marr chase,CIN,WR,17,175,127,1708,17,0,75,1526,787,77.01044129782667,0.7257142857142858,9.76,13.448818897637794,0.09714285714285714,8.72,6.196850393700787,175,127,1708,17,72.57142857142857,5.449999999999999,3.0274632477253545,8.869314285714283,6.25275590551181,3.9274429387200365,2.3253129667917736,33.19063127484544,9.76,13.448818897637794,0.09714285714285714
2024,Jacob Cowing,jacob cowing,SF,WR,15,6,4,80,0,0,3,86,26,4.25527123385109,0.6666666666666666,13.333333333333334,20,0,14.333333333333334,6.5,NA,NA,NA,NA,NA,NA,NA,NA,NA,NA,NA,NA,NA,NA,NA
2024,Jaelon Darden,jaelon darden,SEA,WR,11,1,1,6,0,0,1,-3,9,0.7367906065192074,1,6,6,0,-3,9,NA,NA,NA,NA,NA,NA,NA,NA,NA,NA,NA,NA,NA,NA,NA
2024,Jahan Dotson,jahan dotson,PHI,WR,14,33,19,216,0,0,12,327,72,-1.1443664636740785,0.5757575757575758,6.545454545454546,11.368421052631579,0,9.909090909090908,3.789473684210526,NA,NA,NA,NA,NA,NA,NA,NA,NA,NA,NA,NA,NA,NA,NA
2024,Jake Bobo,jake bobo,SEA,WR,12,17,13,107,1,0,8,138,27,3.863579474491533,0.7647058823529411,6.294117647058823,8.23076923076923,0.058823529411764705,8.117647058823529,2.076923076923077,NA,NA,NA,NA,NA,NA,NA,NA,NA,NA,NA,NA,NA,NA,NA
2024,Jakobi Meyers,jakobi meyers,LV,WR,15,129,87,1027,4,0,52,1281,293,32.401305825246496,0.6744186046511628,7.961240310077519,11.804597701149426,0.031007751937984496,9.930232558139535,3.367816091954023,129,87,1027,4,67.44186046511628,6.4472,2.731501328602795,9.809379844961239,3.5316091954022997,3.359381169979856,0.17222802542244375,30.862077796015324,7.961240310077519,11.804597701149426,0.031007751937984496
2024,Jalen Brooks,jalen brooks,DAL,WR,12,30,12,177,1,0,8,409,37,-17.67517785263065,0.4,5.9,14.75,0.03333333333333333,13.633333333333333,3.0833333333333335,NA,NA,NA,NA,NA,NA,NA,NA,NA,NA,NA,NA,NA,NA,NA
2024,Jalen Coker,jalen coker,CAR,WR,11,46,32,478,2,0,23,516,171,29.074603088482547,0.6956521739130435,10.391304347826088,14.9375,0.043478260869565216,11.217391304347826,5.34375,46,32,478,2,69.56521739130434,6.430000000000001,2.669252053979642,11.380652173913044,5.601562499999999,3.4185336161594084,2.1830288838405907,12.517484691181496,10.391304347826088,14.9375,0.043478260869565216
2024,Jalen McMillan,jalen mcmillan,TB,WR,13,58,37,461,8,0,23,704,133,10.131911177256264,0.6379310344827587,7.948275862068965,12.45945945945946,0.13793103448275862,12.137931034482758,3.5945945945945947,58,37,461,8,63.793103448275865,7.17490909090909,3.2762200694816372,12.167586206896555,3.7989189189189183,3.9761300146720604,-0.1772110957531421,18.425869113980237,7.948275862068965,12.45945945945946,0.13793103448275862
2024,Jalen Nailor,jalen nailor,MIN,WR,15,42,28,414,6,0,22,487,106,24.563125994595126,0.6666666666666666,9.857142857142858,14.785714285714286,0.14285714285714285,11.595238095238095,3.7857142857142856,NA,NA,NA,NA,NA,NA,NA,NA,NA,NA,NA,NA,NA,NA,NA
2024,Jalen Reagor,jalen reagor,LAC,WR,7,12,7,100,0,1,3,123,26,-7.275862330124428,0.5833333333333334,8.333333333333334,14.285714285714286,0,10.25,3.7142857142857144,NA,NA,NA,NA,NA,NA,NA,NA,NA,NA,NA,NA,NA,NA,NA
2024,Jalen Tolbert,jalen tolbert,DAL,WR,17,79,49,610,7,0,29,906,166,25.219016282343407,0.620253164556962,7.7215189873417724,12.448979591836734,0.08860759493670886,11.468354430379748,3.3877551020408165,79,49,610,7,62.0253164556962,6.544594594594595,2.7227795481580093,11.91518987341772,3.4726530612244892,3.377135760038563,0.09551730118592605,20.314526623834873,7.7215189873417724,12.448979591836734,0.08860759493670886
2024,Jalen Virgil,jalen virgil,BUF,WR,3,0,0,0,0,0,0,0,0,NA,NA,NA,NA,NA,NA,NA,NA,NA,NA,NA,NA,NA,NA,NA,NA,NA,NA,NA,NA,NA,NA
2024,Jalin Hyatt,jalin hyatt,NYG,WR,10,19,8,62,0,0,3,363,6,-6.58760229247855,0.42105263157894735,3.263157894736842,7.75,0,19.105263157894736,0.75,NA,NA,NA,NA,NA,NA,NA,NA,NA,NA,NA,NA,NA,NA,NA
2024,Jamari Thrash,jamari thrash,CLE,WR,6,7,3,22,0,0,2,51,14,-2.1402778712799773,0.42857142857142855,3.142857142857143,7.333333333333333,0,7.285714285714286,4.666666666666667,NA,NA,NA,NA,NA,NA,NA,NA,NA,NA,NA,NA,NA,NA,NA
2024,James Proche,james proche,CLE,WR,9,3,3,21,0,0,1,17,4,0.9430871069780551,1,7,7,0,5.666666666666667,1.3333333333333333,NA,NA,NA,NA,NA,NA,NA,NA,NA,NA,NA,NA,NA,NA,NA
2024,Jameson Williams,jameson williams,DET,WR,15,91,58,1001,7,0,40,1037,497,37.617236418510416,0.6373626373626373,11,17.25862068965517,0.07692307692307693,11.395604395604396,8.568965517241379,91,58,992,7,63.73626373626373,6.517386363636363,3.36673002446728,11.328901098901099,7.7843103448275865,6.1631244563231045,1.621185888504482,29.028506746559145,10.901098901098901,17.103448275862068,0.07692307692307693
2024,Jamison Crowder,jamison crowder,WAS,WR,5,13,9,72,2,0,4,108,11,2.0736022491999746,0.6923076923076923,5.538461538461538,8,0.15384615384615385,8.307692307692308,1.2222222222222223,NA,NA,NA,NA,NA,NA,NA,NA,NA,NA,NA,NA,NA,NA,NA
2024,Jauan Jennings,jauan jennings,SF,WR,15,113,77,975,6,1,48,1119,238,43.23980611464997,0.6814159292035398,8.628318584070797,12.662337662337663,0.05309734513274336,9.902654867256636,3.090909090909091,113,77,975,6,68.14159292035397,5.329449541284403,2.4917435586970256,10.44221238938053,3.0401298701298707,2.538628286633916,0.5015015834959549,26.822742626968004,8.628318584070797,12.662337662337663,0.05309734513274336
2024,Javon Baker,javon baker,NE,WR,6,4,1,12,0,0,1,50,0,-0.8412758953636512,0.25,3,12,0,12.5,0,NA,NA,NA,NA,NA,NA,NA,NA,NA,NA,NA,NA,NA,NA,NA
2024,Jaxon Smith-Njigba,jaxon smith njigba,SEA,WR,17,137,100,1130,6,1,57,1186,477,48.44434049367878,0.7299270072992701,8.248175182481752,11.3,0.043795620437956206,8.656934306569344,4.77,137,100,1130,6,72.99270072992701,6.228250000000001,3.295539909218757,8.820510948905111,4.904,4.330446171919262,0.5735538280807377,29.64252160496099,8.248175182481752,11.3,0.043795620437956206
2024,Jayden Reed,jayden reed,GB,WR,17,75,55,857,6,0,29,680,380,41.130441204358625,0.7333333333333333,11.426666666666666,15.581818181818182,0.08,9.066666666666666,6.909090909090909,75,55,857,6,73.33333333333333,7.012711864406779,3.996402117259854,8.156533333333334,7.520181818181818,6.490640493207048,1.0295413249747707,15.194205864674357,11.426666666666666,15.581818181818182,0.08
2024,Jaylen Waddle,jaylen waddle,MIA,WR,15,83,58,744,2,0,38,827,236,40.15584197024369,0.6987951807228916,8.963855421686747,12.827586206896552,0.024096385542168676,9.963855421686747,4.068965517241379,83,58,767,2,69.87951807228916,4.759113924050633,3.419876842566599,9.399156626506022,4.865689655172414,4.822512503459544,0.04317715171286984,22.221430992591245,9.240963855421686,13.224137931034482,0.024096385542168676
2024,Jermaine Burton,jermaine burton,CIN,WR,8,14,4,107,0,0,4,296,22,-4.540557391491651,0.2857142857142857,7.642857142857143,26.75,0,21.142857142857142,5.5,NA,NA,NA,NA,NA,NA,NA,NA,NA,NA,NA,NA,NA,NA,NA
2024,Jermaine Jackson,jermaine jackson,NO,WR,4,0,0,0,0,0,0,0,0,NA,NA,NA,NA,NA,NA,NA,NA,NA,NA,NA,NA,NA,NA,NA,NA,NA,NA,NA,NA,NA,NA
2024,Jerry Jeudy,jerry jeudy,CLE,WR,17,145,90,1229,4,0,57,1611,387,38.79855886689231,0.6206896551724138,8.475862068965517,13.655555555555555,0.027586206896551724,11.110344827586207,4.3,145,90,1229,4,62.06896551724138,5.96581560283688,2.7656987620610693,11.175172413793103,4.490888888888889,4.485357525469912,0.005531363418977087,32.89217278337122,8.475862068965517,13.655555555555555,0.027586206896551724
2024,Jha'Quan Jackson,jha quan jackson,TEN,WR,12,3,1,8,0,0,1,78,2,-1.8484907689853571,0.3333333333333333,2.6666666666666665,8,0,26,2,NA,NA,NA,NA,NA,NA,NA,NA,NA,NA,NA,NA,NA,NA,NA
2024,John Ross,john ross,PHI,WR,1,2,1,6,0,0,1,47,2,0.0889839306473732,0.5,3,6,0,23.5,2,NA,NA,NA,NA,NA,NA,NA,NA,NA,NA,NA,NA,NA,NA,NA
2024,Johnny Wilson,johnny wilson,PHI,WR,10,15,5,38,1,0,3,147,15,-1.154108721046577,0.3333333333333333,2.533333333333333,7.6,0.06666666666666667,9.8,3,NA,NA,NA,NA,NA,NA,NA,NA,NA,NA,NA,NA,NA,NA,NA
2024,Jonathan Mingo,jonathan mingo,DAL,WR,14,42,17,167,0,0,6,462,67,-13.365285038730876,0.40476190476190477,3.9761904761904763,9.823529411764707,0,11,3.9411764705882355,NA,NA,NA,NA,NA,NA,NA,NA,NA,NA,NA,NA,NA,NA,NA
2024,Jordan Addison,jordan addison,MIN,WR,15,99,63,875,9,0,39,1284,213,35.261808667586095,0.6363636363636364,8.83838383838384,13.88888888888889,0.09090909090909091,12.969696969696969,3.380952380952381,99,63,875,9,63.63636363636363,6.3459574468085105,2.9958312128217406,13.366868686868688,3.5577777777777775,2.912267740051747,0.64551003772603055,28.82541425151553,8.83838383838384,13.88888888888889,0.09090909090909091
2024,Jordan Matthews,jordan matthews,CAR,TE,2,1,0,0,0,0,0,16,0,-0.5819352744147182,0,0,NA,0,16,NA,NA,NA,NA,NA,NA,NA,NA,NA,NA,NA,NA,NA,NA,NA,NA
2024,Jordan Whittington,jordan whittington,LA,WR,14,28,22,293,0,0,14,151,203,16.51188130240189,0.7857142857142857,10.464285714285714,13.318181818181818,0,5.392857142857143,9.227272727272727,NA,NA,NA,NA,NA,NA,NA,NA,NA,NA,NA,NA,NA,NA,NA
2024,Josh Downs,josh downs,IND,WR,14,107,72,803,5,0,40,734,396,25.597263740516762,0.6728971962616822,7.5046728971962615,11.152777777777779,0.04672897196261682,6.859813084112149,5.5,107,72,803,5,67.28971962616822,6.043522727272728,3.2853027487737334,6.420934579439252,5.82875,5.43881185627578,0.38993814372422,13.42984536052246,7.5046728971962615,11.152777777777779,0.04672897196261682
2024,Josh Johnson,josh johnson,BAL,QB,4,0,0,0,0,0,0,0,0,NA,NA,NA,NA,NA,NA,NA,NA,NA,NA,NA,NA,NA,NA,NA,NA,NA,NA,NA,NA,NA,NA
2024,Josh Palmer,josh palmer,LAC,WR,15,65,39,584,1,0,28,991,101,27.32570903005195,0.6,8.984615384615385,14.974358974358974,0.015384615384615385,15.246153846153845,2.58974358974359,65,39,575,1,60,6.607500000000001,2.555612455667099,15.21476923076923,2.5892307692307686,2.4475277456403175,0.14170302359045106,23.37690580309656,8.846153846153847,14.743589743589743,0.015384615384615385
2024,Josh Reynolds,josh reynolds,JAX,WR,8,24,13,194,1,0,8,270,35,8.287608537243461,0.5416666666666666,8.083333333333334,14.923076923076923,0.041666666666666664,11.25,2.6923076923076925,NA,NA,NA,NA,NA,NA,NA,NA,NA,NA,NA,NA,NA,NA,NA
2024,JuJu Smith-Schuster,juju smith schuster,KC,WR,11,26,18,231,2,0,11,143,155,1.2846852903427872,0.6923076923076923,8.884615384615385,12.833333333333334,0.07692307692307693,5.5,8.61111111111111,NA,NA,NA,NA,NA,NA,NA,NA,NA,NA,NA,NA,NA,NA,NA
2024,Justin Jefferson,justin jefferson,MIN,WR,17,154,103,1533,10,1,63,1682,487,64.19311160311119,0.6688311688311688,9.954545454545455,14.883495145631068,0.06493506493506493,10.922077922077921,4.728155339805825,154,103,1533,10,66.88311688311688,5.762721088435375,3.0790871730858984,11.3,4.988932038834951,4.4511427816258085,0.537789257209143,37.906164707317444,9.954545454545455,14.883495145631068,0.06493506493506493
2024,Justin Watson,justin watson,KC,WR,15,32,22,289,2,0,13,486,68,19.086959395985367,0.6875,9.03125,13.136363636363637,0.0625,15.1875,3.090909090909091,NA,NA,NA,NA,NA,NA,NA,NA,NA,NA,NA,NA,NA,NA,NA
2024,Justyn Ross,justyn ross,KC,WR,1,1,0,0,0,0,0,10,0,-1.2165282016349956,0,0,NA,0,10,NA,NA,NA,NA,NA,NA,NA,NA,NA,NA,NA,NA,NA,NA,NA,NA
2024,K.J. Osborn,k j osborn,WAS,WR,7,18,7,57,1,0,2,107,16,-7.306763498627287,0.3888888888888889,3.1666666666666665,8.142857142857142,0.05555555555555555,5.944444444444445,2.2857142857142856,NA,NA,NA,NA,NA,NA,NA,NA,NA,NA,NA,NA,NA,NA,NA
2024,KaVontae Turpin,kavontae turpin,DAL,WR,17,52,31,420,2,1,18,439,260,9.198658747604764,0.5961538461538461,8.076923076923077,13.548387096774194,0.038461538461538464,8.442307692307692,8.387096774193548,52,31,420,2,59.61538461538461,6.316363636363636,3.3728610555409193,8.846153846153847,8.721612903225807,7.41994816294951,1.3016647402762977,9.927421913273179,8.076923076923077,13.548387096774194,0.038461538461538464
2024,Kadarius Toney,kadarius toney,CLE,WR,3,1,0,0,0,0,0,-5,0,-0.5141766218002886,0,0,NA,0,-5,NA,NA,NA,NA,NA,NA,NA,NA,NA,NA,NA,NA,NA,NA,NA,NA
2024,Kaden Davis,kaden davis,CLE,WR,1,0,0,0,0,0,0,0,0,NA,NA,NA,NA,NA,NA,NA,NA,NA,NA,NA,NA,NA,NA,NA,NA,NA,NA,NA,NA,NA,NA
2024,Kalif Raymond,kalif raymond,DET,WR,12,22,17,215,2,0,10,176,137,13.291553911174425,0.7727272727272727,9.772727272727273,12.647058823529411,0.09090909090909091,8,8.058823529411764,NA,NA,NA,NA,NA,NA,NA,NA,NA,NA,NA,NA,NA,NA,NA
2024,Kameron Johnson,kameron johnson,TB,WR,4,1,0,0,0,0,0,3,0,-1.6478445230446175,0,0,NA,0,3,NA,NA,NA,NA,NA,NA,NA,NA,NA,NA,NA,NA,NA,NA,NA,NA
2024,Kayshon Boutte,kayshon boutte,NE,WR,15,68,43,589,3,0,25,1011,150,20.736525434125156,0.6323529411764706,8.661764705882353,13.69767441860465,0.04411764705882353,14.867647058823529,3.488372093023256,68,43,589,3,63.23529411764706,4.533880597014926,2.4151571901920157,14.176764705882352,3.4606976744186047,2.5069118962273964,0.9537857781912082,25.9318039983645,8.661764705882353,13.69767441860465,0.04411764705882353
2024,Keenan Allen,keenan allen,CHI,WR,15,121,70,744,7,1,43,1115,240,21.270839895550488,0.5785123966942148,6.148760330578512,10.628571428571428,0.05785123966942149,9.214876033057852,3.4285714285714284,121,70,744,7,57.85123966942148,6.491150442477876,3.0022840319087076,9.747520661157026,3.7638571428571423,3.868565738071702,-0.10470859521455944,28.33772212237995,6.148760330578512,10.628571428571428,0.05785123966942149
2024,Kendric Pryor,kendric pryor,CIN,WR,1,1,1,9,0,0,0,9,0,0.6801677733892575,1,9,9,0,9,0,NA,NA,NA,NA,NA,NA,NA,NA,NA,NA,NA,NA,NA,NA,NA
2024,Kendrick Bourne,kendrick bourne,NE,WR,12,38,28,305,1,0,13,353,94,8.128402362737233,0.7368421052631579,8.026315789473685,10.892857142857142,0.02631578947368421,9.289473684210526,3.357142857142857,NA,NA,NA,NA,NA,NA,NA,NA,NA,NA,NA,NA,NA,NA,NA
2024,Keon Coleman,keon coleman,BUF,WR,13,57,29,556,4,0,22,864,215,25.26914595579427,0.5087719298245614,9.75438596491228,19.17241379310345,0.07017543859649122,15.157894736842104,7.413793103448276,57,29,556,4,50.877192982456144,4.651249999999999,2.0177499312176668,15.394385964912281,7.822413793103447,4.289272679748168,3.5331411133552786,21.551973984762228,9.75438596491228,19.17241379310345,0.07017543859649122
2024,KhaDarel Hodge,khadarel hodge,ATL,WR,10,12,7,131,1,0,6,126,89,8.256850501289591,0.5833333333333334,10.916666666666666,18.714285714285715,0.08333333333333333,10.5,12.714285714285714,NA,NA,NA,NA,NA,NA,NA,NA,NA,NA,NA,NA,NA,NA,NA
2024,Khalil Shakir,khalil shakir,BUF,WR,15,100,76,821,4,1,35,548,597,44.17583134297296,0.76,8.21,10.802631578947368,0.04,5.48,7.855263157894737,100,76,821,4,76,6.673404255319147,4.253743736038472,5.4061,8.158026315789474,6.73766774542652,1.4203585703629544,13.278037853742886,8.21,10.802631578947368,0.04
2024,Kristian Wilkerson,kristian wilkerson,LV,WR,1,3,2,18,1,0,2,16,11,2.8614929061732255,0.6666666666666666,6,9,0.3333333333333333,5.333333333333333,5.5,NA,NA,NA,NA,NA,NA,NA,NA,NA,NA,NA,NA,NA,NA,NA
2024,Ladd McConkey,ladd mcconkey,LAC,WR,16,112,82,1149,7,2,53,1114,390,65.70744334692658,0.7321428571428571,10.258928571428571,14.012195121951219,0.0625,9.946428571428571,4.7560975609756095,112,82,1155,7,73.21428571428571,5.947009345794392,3.100955626421623,9.869821428571429,5.10829268292683,4.097037299786076,1.011255383140754,26.12977189457511,10.3125,14.085365853658537,0.0625
2024,Lil'Jordan Humphrey,lil jordan humphrey,DEN,WR,14,45,31,293,1,2,12,293,192,-8.642496813287035,0.6888888888888889,6.511111111111111,9.451612903225806,0.022222222222222223,6.511111111111111,6.193548387096774,45,31,293,1,68.88888888888889,6.786666666666667,3.359991106858923,6.391111111111112,6.155161290322579,4.61677894442788,1.538382345894699,7.085401756568658,6.511111111111111,9.451612903225806,0.022222222222222223
2024,Luke McCaffrey,luke mccaffrey,WAS,WR,13,24,18,168,0,0,8,170,97,3.363106011154052,0.75,7,9.333333333333334,0,7.083333333333333,5.388888888888889,NA,NA,NA,NA,NA,NA,NA,NA,NA,NA,NA,NA,NA,NA,NA
2024,Mack Hollins,mack hollins,BUF,WR,17,50,31,378,5,0,25,649,90,24.44057267723045,0.62,7.56,12.193548387096774,0.1,12.98,2.903225806451613,50,31,378,5,62,5.817199999999999,2.9889089434892746,13.0892,3.329677419354838,3.574764247325211,-0.24508682797037284,16.074332057787625,7.56,12.193548387096774,0.1
2024,Malachi Corley,malachi corley,NYJ,WR,5,6,3,16,0,0,1,50,5,-3.643815412768163,0.5,2.6666666666666665,5.333333333333333,0,8.333333333333334,1.6666666666666667,NA,NA,NA,NA,NA,NA,NA,NA,NA,NA,NA,NA,NA,NA,NA
2024,Malik Heath,malik heath,GB,WR,5,13,10,97,2,0,5,84,23,8.319539334159344,0.7692307692307693,7.461538461538462,9.7,0.15384615384615385,6.461538461538462,2.3,NA,NA,NA,NA,NA,NA,NA,NA,NA,NA,NA,NA,NA,NA,NA
2024,Malik Nabers,malik nabers,NYG,WR,15,170,109,1204,7,1,55,1609,462,45.6944160882511,0.6411764705882353,7.08235294117647,11.045871559633028,0.041176470588235294,9.464705882352941,4.238532110091743,170,109,1204,7,64.11764705882354,6.115975609756098,2.812611932483602,9.45229411764706,4.481834862385321,3.7314270631665534,0.7504077992187672,40.9103754490393,7.08235294117647,11.045871559633028,0.041176470588235294
2024,Malik Washington,malik washington,MIA,WR,14,36,26,223,0,0,13,195,123,7.022316479822621,0.7222222222222222,6.194444444444445,8.576923076923077,0,5.416666666666667,4.730769230769231,NA,NA,NA,NA,NA,NA,NA,NA,NA,NA,NA,NA,NA,NA,NA
2024,Marquez Valdes-Scantling,marquez valdes scantling,NO,WR,13,44,19,411,4,0,14,765,143,10.253649778934479,0.4318181818181818,9.340909090909092,21.63157894736842,0.09090909090909091,17.386363636363637,7.526315789473684,NA,NA,NA,NA,NA,NA,NA,NA,NA,NA,NA,NA,NA,NA,NA
2024,Marquise Brown,marquise brown,KC,WR,2,15,9,91,0,0,5,123,46,4.157604897452984,0.6,6.066666666666666,10.11111111111111,0,8.2,5.111111111111111,NA,NA,NA,NA,NA,NA,NA,NA,NA,NA,NA,NA,NA,NA,NA
2024,Marvin Harrison Jr.,marvin harrison jr,ARI,WR,17,116,62,885,8,1,43,1566,148,27.308877169188353,0.5344827586206896,7.629310344827586,14.274193548387096,0.06896551724137931,13.5,2.3870967741935485,NA,NA,NA,NA,NA,NA,NA,NA,NA,NA,NA,NA,NA,NA,NA
2024,Marvin Mims,marvin mims,DEN,WR,NA,NA,NA,NA,NA,NA,NA,NA,NA,NA,NA,NA,NA,NA,NA,NA,52,39,501,6,75,7.996363636363636,5.205587753915061,7.139807692307692,12.414102564102564,9.636652786159798,2.777449777942765,9.146721523509198,9.634615384615385,12.846153846153847,0.11538461538461539
2024,Mason Kinsey,mason kinsey,TEN,WR,6,2,2,17,0,0,1,17,0,0.798377008002717,1,8.5,8.5,0,8.5,0,NA,NA,NA,NA,NA,NA,NA,NA,NA,NA,NA,NA,NA,NA,NA
2024,Mason Tipton,mason tipton,NO,WR,9,26,14,99,0,0,2,326,27,-10.480804391489038,0.5384615384615384,3.8076923076923075,7.071428571428571,0,12.538461538461538,1.9285714285714286,NA,NA,NA,NA,NA,NA,NA,NA,NA,NA,NA,NA,NA,NA,NA
2024,Maurice Alexander,maurice alexander,DET,WR,2,0,0,0,0,0,0,0,0,NA,NA,NA,NA,NA,NA,NA,NA,NA,NA,NA,NA,NA,NA,NA,NA,NA,NA,NA,NA,NA,NA
2024,Mecole Hardman,mecole hardman,KC,WR,12,14,12,90,0,0,6,-14,99,4.308099643734749,0.8571428571428571,6.428571428571429,7.5,0,-1,8.25,NA,NA,NA,NA,NA,NA,NA,NA,NA,NA,NA,NA,NA,NA,NA
2024,Michael Wilson,michael wilson,ARI,WR,16,71,47,548,4,1,27,805,130,10.123561753464637,0.6619718309859155,7.71830985915493,11.659574468085106,0.056338028169014086,11.338028169014084,2.765957446808511,71,47,548,4,66.19718309859155,6.030714285714286,2.580553943158636,11.429859154929579,2.936808510638298,2.519757026612914,0.41705148402538406,21.979903036212452,7.71830985915493,11.659574468085106,0.056338028169014086
2024,Mike Brown,mike brown,TEN,SAF,14,0,0,0,0,0,0,0,0,NA,NA,NA,NA,NA,NA,NA,NA,NA,NA,NA,NA,NA,NA,NA,NA,NA,NA,NA,NA,NA,NA
2024,Mike Evans,mike evans,TB,WR,14,110,74,1004,11,0,53,1274,226,38.52560734764584,0.6727272727272727,9.127272727272727,13.567567567567568,0.1,11.581818181818182,3.054054054054054,110,74,1004,11,67.27272727272727,6.558440366972477,2.491417273611868,11.874454545454546,3.3959459459459462,2.629450588885462,0.7664953570604842,34.10373232725421,9.127272727272727,13.567567567567568,0.1
2024,Mike Williams,mike williams,PIT,WR,14,34,21,298,1,0,14,518,35,14.53535466580683,0.6176470588235294,8.764705882352942,14.19047619047619,0.029411764705882353,15.235294117647058,1.6666666666666667,NA,NA,NA,NA,NA,NA,NA,NA,NA,NA,NA,NA,NA,NA,NA
2024,Mike Woods,mike woods,CLE,WR,5,17,7,65,0,0,4,187,35,-9.09170924811042,0.4117647058823529,3.823529411764706,9.285714285714286,0,11,5,NA,NA,NA,NA,NA,NA,NA,NA,NA,NA,NA,NA,NA,NA,NA
2024,Milton Williams,milton williams,PHI,DE,16,0,0,0,0,0,0,0,0,NA,NA,NA,NA,NA,NA,NA,NA,NA,NA,NA,NA,NA,NA,NA,NA,NA,NA,NA,NA,NA,NA
2024,Montrell Washington,montrell washington,KC,WR,1,0,0,0,0,0,0,0,0,NA,NA,NA,NA,NA,NA,NA,NA,NA,NA,NA,NA,NA,NA,NA,NA,NA,NA,NA,NA,NA,NA
2024,Nelson Agholor,nelson agholor,BAL,WR,13,29,14,231,2,0,10,387,85,7.090263242885357,0.4827586206896552,7.9655172413793105,16.5,0.06896551724137931,13.344827586206897,6.071428571428571,NA,NA,NA,NA,NA,NA,NA,NA,NA,NA,NA,NA,NA,NA,NA
2024,Nico Collins,nico collins,HOU,WR,12,99,68,1006,7,0,48,1083,365,42.83286833071891,0.6868686868686869,10.16161616161616,14.794117647058824,0.0707070707070707,10.93939393939394,5.367647058823529,99,68,1006,7,68.68686868686868,5.228367346938775,3.07948798626782,11.339696969696972,5.641323529411765,5.074514839134359,0.5668086902774059,24.85063674457832,10.16161616161616,14.794117647058824,0.0707070707070707
2024,Nikko Remigio,nikko remigio,KC,WR,5,6,2,48,0,0,2,64,14,-0.4014542973600328,0.3333333333333333,8,24,0,10.666666666666666,7,NA,NA,NA,NA,NA,NA,NA,NA,NA,NA,NA,NA,NA,NA,NA
2024,Noah Brown,noah brown,WAS,WR,11,56,35,453,1,0,21,637,83,12.031629731719004,0.625,8.089285714285714,12.942857142857143,0.017857142857142856,11.375,2.3714285714285714,56,35,453,1,62.5,6.589230769230768,2.6139237058800577,11.59,2.485714285714286,3.091674051618528,-0.6059597659042417,16.330556387269493,8.089285714285714,12.942857142857143,0.017857142857142856
2024,Odell Beckham Jr.,odell beckham jr,MIA,WR,8,19,9,55,0,0,3,164,14,-11.280472586230427,0.47368421052631576,2.8947368421052633,6.111111111111111,0,8.631578947368421,1.5555555555555556,NA,NA,NA,NA,NA,NA,NA,NA,NA,NA,NA,NA,NA,NA,NA
2024,Olamide Zaccheaus,olamide zaccheaus,WAS,WR,16,64,45,506,3,0,26,406,284,25.082292633426693,0.703125,7.90625,11.244444444444444,0.046875,6.34375,6.311111111111111,64,45,506,3,70.3125,7.107333333333333,3.9944681268748887,6.35921875,6.414666666666666,5.678746020517229,0.7359206461494372,10.240313607874416,7.90625,11.244444444444444,0.046875
2024,Parker Washington,parker washington,JAX,WR,14,51,32,390,3,1,19,601,108,13.440562373751664,0.6274509803921569,7.647058823529412,12.1875,0.058823529411764705,11.784313725490197,3.375,51,32,390,3,62.745098039215684,6.541,3.165127913263332,11.233333333333333,3.5253125,2.7282400598533125,0.7970724401466875,13.241191221846002,7.647058823529412,12.1875,0.058823529411764705
2024,Parris Campbell,parris campbell,PHI,WR,4,8,6,30,1,0,1,34,9,0.38846751931123435,0.75,3.75,5,0.125,4.25,1.5,NA,NA,NA,NA,NA,NA,NA,NA,NA,NA,NA,NA,NA,NA,NA
2024,Puka Nacua,puka nacua,LA,WR,11,106,79,990,3,0,47,839,518,52.345289923626964,0.7452830188679245,9.339622641509434,12.531645569620252,0.02830188679245283,7.915094339622642,6.556962025316456,106,79,990,3,74.52830188679245,6.509191919191918,3.319900838167648,7.691320754716981,6.726582278481012,5.239685190830669,1.486897087650343,19.98470408283327,9.339622641509434,12.531645569620252,0.02830188679245283
2024,Quentin Johnston,quentin johnston,LAC,WR,15,91,55,711,8,0,32,986,306,34.90808236158111,0.6043956043956044,7.813186813186813,12.927272727272728,0.08791208791208792,10.835164835164836,5.5636363636363635,91,55,711,8,60.43956043956044,5.963626373626373,3.171256976360084,11.047472527472527,5.603818181818182,4.4426349747841005,1.1611832070340817,23.763621321356812,7.813186813186813,12.927272727272728,0.08791208791208792
2024,Rakim Jarrett,rakim jarrett,TB,WR,8,11,9,124,0,0,5,127,18,7.4145855561285785,0.8181818181818182,11.272727272727273,13.777777777777779,0,11.545454545454545,2,NA,NA,NA,NA,NA,NA,NA,NA,NA,NA,NA,NA,NA,NA,NA
2024,Ramel Keyton,ramel keyton,LV,WR,3,3,1,7,0,0,1,30,0,0.06258599541615695,0.3333333333333333,2.3333333333333335,7,0,10,0,NA,NA,NA,NA,NA,NA,NA,NA,NA,NA,NA,NA,NA,NA,NA
2024,Rashee Rice,rashee rice,KC,WR,4,29,24,288,2,0,15,151,186,16.473272208531853,0.8275862068965517,9.931034482758621,12,0.06896551724137931,5.206896551724138,7.75,NA,NA,NA,NA,NA,NA,NA,NA,NA,NA,NA,NA,NA,NA,NA
2024,Rashid Shaheed,rashid shaheed,NO,WR,6,41,20,349,3,0,12,721,106,-5.933859090629678,0.4878048780487805,8.512195121951219,17.45,0.07317073170731707,17.585365853658537,5.3,NA,NA,NA,NA,NA,NA,NA,NA,NA,NA,NA,NA,NA,NA,NA
2024,Rashod Bateman,rashod bateman,BAL,WR,16,72,45,756,9,0,35,973,184,44.981979110995624,0.625,10.5,16.8,0.125,13.51388888888889,4.088888888888889,72,45,756,9,62.5,6.005,3.596526447505863,14.716944444444445,4.2362222222222226,3.8714160098434056,0.36480621237881694,25.575658688705026,10.5,16.8,0.125
2024,Ray-Ray McCloud,ray ray mccloud,ATL,WR,17,87,62,686,1,3,30,589,335,5.625330584082679,0.7126436781609196,7.885057471264368,11.064516129032258,0.011494252873563218,6.7701149425287355,5.403225806451613,87,62,686,1,71.26436781609196,8.143947368421053,3.187889198014638,6.720459770114944,5.6366129032258065,4.465058947621886,1.1715539556039207,13.054214688559146,7.885057471264368,11.064516129032258,0.011494252873563218
2024,Ricky Pearsall,ricky pearsall,SF,WR,11,46,31,400,3,0,19,528,114,7.521673774945366,0.6739130434782609,8.695652173913043,12.903225806451612,0.06521739130434782,11.478260869565217,3.6774193548387095,46,31,400,3,67.3913043478261,5.980227272727273,2.4240357325886457,10.994782608695653,3.660322580645161,3.8689725471769116,-0.2086499665317505,11.496792554908463,8.695652173913043,12.903225806451612,0.06521739130434782
2024,River Cracraft,river cracraft,MIA,WR,5,9,7,66,0,0,4,71,11,4.595730058965273,0.7777777777777778,7.333333333333333,9.428571428571429,0,7.888888888888889,1.5714285714285714,NA,NA,NA,NA,NA,NA,NA,NA,NA,NA,NA,NA,NA,NA,NA
2024,Robbie Chosen,robbie chosen,MIA,WR,1,4,1,5,0,0,0,47,1,-8.406382423301693,0.25,1.25,5,0,11.75,1,NA,NA,NA,NA,NA,NA,NA,NA,NA,NA,NA,NA,NA,NA,NA
2024,Robert Woods,robert woods,HOU,WR,14,30,20,203,0,3,12,284,73,0.9846309969664491,0.6666666666666666,6.766666666666667,10.15,0,9.466666666666667,3.65,NA,NA,NA,NA,NA,NA,NA,NA,NA,NA,NA,NA,NA,NA,NA
2024,Rome Odunze,rome odunze,CHI,WR,17,101,54,734,3,2,37,1398,253,16.061161296314502,0.5346534653465347,7.267326732673268,13.592592592592593,0.0297029702970297,13.841584158415841,4.685185185185185,101,54,734,3,53.46534653465347,5.683870967741934,2.9607346385893925,13.686336633663368,4.981851851851853,4.482638835050708,0.4992130168011446,33.21192084802938,7.267326732673268,13.592592592592593,0.0297029702970297
2024,Romeo Doubs,romeo doubs,GB,WR,13,72,46,601,4,0,33,886,135,29.73358125259811,0.6388888888888888,8.347222222222221,13.065217391304348,0.05555555555555555,12.305555555555555,2.9347826086956523,72,46,601,4,63.888888888888886,6.0943055555555565,2.5664642248203933,12.457500000000001,3.0889130434782617,2.890176474410672,0.19873656906758974,22.27791383310069,8.347222222222221,13.065217391304348,0.05555555555555555
2024,Ronnie Bell,ronnie bell,SF,WR,4,6,2,22,0,0,2,65,2,-4.306386332027614,0.3333333333333333,3.6666666666666665,11,0,10.833333333333334,1,NA,NA,NA,NA,NA,NA,NA,NA,NA,NA,NA,NA,NA,NA,NA
2024,Ryan Flournoy,ryan flournoy,DAL,WR,9,14,10,102,0,1,5,115,34,-2.804956874344498,0.7142857142857143,7.285714285714286,10.2,0,8.214285714285714,3.4,NA,NA,NA,NA,NA,NA,NA,NA,NA,NA,NA,NA,NA,NA,NA
2024,Ryan Miller,ryan miller,TB,WR,9,20,12,128,2,0,7,195,55,4.8478659505378845,0.6,6.4,10.666666666666666,0.1,9.75,4.583333333333333,NA,NA,NA,NA,NA,NA,NA,NA,NA,NA,NA,NA,NA,NA,NA
2024,Simi Fehoko,simi fehoko,LAC,WR,6,16,6,106,0,0,6,236,16,2.6842536491641606,0.375,6.625,17.666666666666668,0,14.75,2.6666666666666665,NA,NA,NA,NA,NA,NA,NA,NA,NA,NA,NA,NA,NA,NA,NA
2024,Skyy Moore,skyy moore,KC,WR,3,3,0,0,0,0,0,18,0,-2.9197579972678795,0,0,NA,0,6,NA,NA,NA,NA,NA,NA,NA,NA,NA,NA,NA,NA,NA,NA,NA,NA
2024,Stefon Diggs,stefon diggs,HOU,WR,8,64,47,496,3,0,31,556,185,18.081069017473652,0.734375,7.75,10.553191489361701,0.046875,8.6875,3.9361702127659575,64,47,496,3,73.4375,6.933220338983051,3.021883810509726,8.716406249999999,4.06468085106383,3.906554492479935,0.15812635858389523,12.348616826526113,7.75,10.553191489361701,0.046875
2024,Stephen Sullivan,stephen sullivan,CAR,TE,1,1,0,0,0,0,0,16,0,-0.5321595503482968,0,0,NA,0,16,NA,NA,NA,NA,NA,NA,NA,NA,NA,NA,NA,NA,NA,NA,NA,NA
2024,Sterling Shepard,sterling shepard,TB,WR,13,51,32,334,1,0,16,473,99,15.6184279738549,0.6274509803921569,6.549019607843137,10.4375,0.0196078431372549,9.27450980392157,3.09375,51,32,334,1,62.745098039215684,6.904285714285714,3.1058601324461725,9.600392156862744,2.9543749999999998,3.4961925779700125,-0.5418175779700127,12.783645122126341,6.549019607843137,10.4375,0.0196078431372549
2024,Tank Dell,tank dell,HOU,WR,14,81,51,667,3,0,35,1016,164,21.898456696416915,0.6296296296296297,8.234567901234568,13.07843137254902,0.037037037037037035,12.54320987654321,3.215686274509804,81,51,667,3,62.96296296296296,6.05474358974359,2.6679110861756405,12.879135802469136,3.62078431372549,3.8669140382217706,-0.24612972449628057,23.09258861629526,8.234567901234568,13.07843137254902,0.037037037037037035
2024,Tanner Conner,tanner conner,MIA,TE,4,4,3,16,0,0,1,46,5,-0.8357988308998756,0.75,4,5.333333333333333,0,11.5,1.6666666666666667,NA,NA,NA,NA,NA,NA,NA,NA,NA,NA,NA,NA,NA,NA,NA
2024,Tay Martin,tay martin,TEN,WR,1,2,1,49,1,0,1,63,5,5.3682950005168095,0.5,24.5,49,0.5,31.5,5,NA,NA,NA,NA,NA,NA,NA,NA,NA,NA,NA,NA,NA,NA,NA
2024,Tee Higgins,tee higgins,CIN,WR,12,109,73,911,10,1,48,1067,228,56.40129599279861,0.6697247706422018,8.357798165137615,12.479452054794521,0.09174311926605505,9.788990825688073,3.1232876712328768,109,73,911,10,66.97247706422019,6.22211009174312,2.3719850756602376,10.538990825688071,3.2075342465753423,2.026651924792704,1.1808823217826383,24.564783669524264,8.357798165137615,12.479452054794521,0.09174311926605505
2024,Terry McLaurin,terry mclaurin,WAS,WR,17,117,82,1096,13,0,56,1561,292,70.81990818604919,0.7008547008547008,9.367521367521368,13.365853658536585,0.1111111111111111,13.341880341880342,3.5609756097560976,117,82,1096,13,70.08547008547008,6.540357142857144,2.7326569820340496,13.67025641025641,3.6980487804878064,2.8021144777413616,0.8959343027464448,40.24315681148554,9.367521367521368,13.365853658536585,0.1111111111111111
2024,Tim Jones,tim jones,JAX,WR,8,5,3,41,0,0,3,40,17,1.9941945006139576,0.6,8.2,13.666666666666666,0,8,5.666666666666667,NA,NA,NA,NA,NA,NA,NA,NA,NA,NA,NA,NA,NA,NA,NA
2024,Tim Patrick,tim patrick,DET,WR,15,44,33,394,3,0,20,439,141,19.74853268615203,0.75,8.954545454545455,11.93939393939394,0.06818181818181818,9.977272727272727,4.2727272727272725,NA,NA,NA,NA,NA,NA,NA,NA,NA,NA,NA,NA,NA,NA,NA
2024,Tom Kennedy,tom kennedy,DET,WR,3,1,0,0,0,0,0,11,0,-2.2307364916196093,0,0,NA,0,11,NA,NA,NA,NA,NA,NA,NA,NA,NA,NA,NA,NA,NA,NA,NA,NA
2024,Tony Brown,tony brown,CLE,DB,4,0,0,0,0,0,0,0,0,NA,NA,NA,NA,NA,NA,NA,NA,NA,NA,NA,NA,NA,NA,NA,NA,NA,NA,NA,NA,NA,NA
2024,Tony Jones,tony jones,ARI,RB,1,0,0,0,0,0,0,0,0,NA,NA,NA,NA,NA,NA,NA,NA,NA,NA,NA,NA,NA,NA,NA,NA,NA,NA,NA,NA,NA,NA
2024,Tre Tucker,tre tucker,LV,WR,17,81,47,539,3,0,24,1017,208,12.27349475010778,0.5802469135802469,6.654320987654321,11.46808510638298,0.037037037037037035,12.555555555555555,4.425531914893617,81,47,539,3,58.0246913580247,6.159999999999998,2.8012876434862855,12.500493827160492,4.52,4.539111352806705,-0.019111352806705284,24.694832703690782,6.654320987654321,11.46808510638298,0.037037037037037035
2024,Trent Sherfield,trent sherfield,MIN,WR,13,9,8,83,1,0,4,54,40,1.973562387865968,0.8888888888888888,9.222222222222221,10.375,0.1111111111111111,6,5,NA,NA,NA,NA,NA,NA,NA,NA,NA,NA,NA,NA,NA,NA,NA
2024,Trent Taylor,trent taylor,SF,WR,2,1,1,11,0,0,0,9,2,0.504246017197147,1,11,11,0,9,2,NA,NA,NA,NA,NA,NA,NA,NA,NA,NA,NA,NA,NA,NA,NA
2024,Trenton Irwin,trenton irwin,CIN,WR,6,10,3,15,0,0,1,62,4,-6.57105825309387,0.3,1.5,5,0,6.2,1.3333333333333333,NA,NA,NA,NA,NA,NA,NA,NA,NA,NA,NA,NA,NA,NA,NA
2024,Trey Palmer,trey palmer,TB,WR,15,22,12,172,1,0,7,315,42,5.945010595227359,0.5454545454545454,7.818181818181818,14.333333333333334,0.045454545454545456,14.318181818181818,3.5,NA,NA,NA,NA,NA,NA,NA,NA,NA,NA,NA,NA,NA,NA,NA
2024,Treylon Burks,treylon burks,TEN,WR,5,8,4,34,0,0,3,135,5,0.17075724701862782,0.5,4.25,8.5,0,16.875,1.25,NA,NA,NA,NA,NA,NA,NA,NA,NA,NA,NA,NA,NA,NA,NA
2024,Troy Franklin,troy franklin,DEN,WR,16,53,28,263,2,0,11,690,163,-18.429685633488514,0.5283018867924528,4.962264150943396,9.392857142857142,0.03773584905660377,13.018867924528301,5.821428571428571,53,28,263,2,52.83018867924528,7.358235294117648,3.805752775194941,13.236603773584907,6.086785714285715,5.645540720035366,0.4412449942503489,17.283354479496442,4.962264150943396,9.392857142857142,0.03773584905660377
2024,Tutu Atwell,tutu atwell,LA,WR,15,62,42,562,0,0,29,741,126,18.690671786649013,0.6774193548387096,9.064516129032258,13.380952380952381,0,11.951612903225806,3,62,42,562,0,67.74193548387096,7.494035087719299,3.3689980065504876,11.851451612903226,2.897142857142857,3.496919408193282,-0.5997765510504252,18.011677844452286,9.064516129032258,13.380952380952381,0
2024,Tylan Wallace,tylan wallace,BAL,WR,12,12,11,193,1,0,5,74,127,12.686041927838232,0.9166666666666666,16.083333333333332,17.545454545454547,0.08333333333333333,6.166666666666667,11.545454545454545,NA,NA,NA,NA,NA,NA,NA,NA,NA,NA,NA,NA,NA,NA,NA
2024,Tyler Boyd,tyler boyd,TEN,WR,15,57,39,390,0,0,20,420,189,2.8788736898387164,0.6842105263157895,6.842105263157895,10,0,7.368421052631579,4.846153846153846,57,39,390,0,68.42105263157895,6.431555555555555,2.774185579386632,7.127543859649122,5.16076923076923,4.029816659021234,1.1309525717479953,9.871176853624638,6.842105263157895,10,0
2024,Tyler Johnson,tyler johnson,LA,WR,11,41,26,291,1,0,10,229,183,-2.6642196009207817,0.6341463414634146,7.097560975609756,11.192307692307692,0.024390243902439025,5.585365853658536,7.038461538461538,NA,NA,NA,NA,NA,NA,NA,NA,NA,NA,NA,NA,NA,NA,NA
2024,Tyler Lockett,tyler lockett,SEA,WR,17,74,49,600,2,0,36,783,134,12.303688607082538,0.6621621621621622,8.108108108108109,12.244897959183673,0.02702702702702703,10.58108108108108,2.7346938775510203,74,49,600,2,66.21621621621621,6.4013888888888895,2.664344589976156,11.09364864864865,2.997959183673469,3.892384137000493,-0.8944249533270239,20.137565280956483,8.108108108108109,12.244897959183673,0.02702702702702703
2024,Tyler Scott,tyler scott,CHI,WR,4,1,1,5,0,0,0,-2,7,-0.072181174706202,1,5,5,0,-2,7,NA,NA,NA,NA,NA,NA,NA,NA,NA,NA,NA,NA,NA,NA,NA
2024,Tyquan Thornton,tyquan thornton,NE,WR,4,8,4,47,0,0,2,126,24,-4.84829464572249,0.5,5.875,11.75,0,15.75,6,NA,NA,NA,NA,NA,NA,NA,NA,NA,NA,NA,NA,NA,NA,NA
2024,Tyreek Hill,tyreek hill,MIA,WR,17,122,81,959,6,0,54,1369,292,27.086697996261123,0.6639344262295082,7.860655737704918,11.839506172839506,0.04918032786885246,11.221311475409836,3.6049382716049383,123,81,959,6,65.85365853658537,5.854122807017543,3.159804801014422,11.585203252032523,3.757530864197531,4.022245333014223,-0.26471446881669225,40.58951038393945,7.796747967479675,11.839506172839506,0.04878048780487805
2024,Tyrell Shavers,tyrell shavers,BUF,WR,1,1,1,69,1,0,1,-2,71,7.094042852520943,1,69,69,1,-2,71,NA,NA,NA,NA,NA,NA,NA,NA,NA,NA,NA,NA,NA,NA,NA
2024,Van Jefferson,van jefferson,PIT,WR,15,40,24,276,2,0,12,465,78,2.069952699894431,0.6,6.9,11.5,0.05,11.625,3.25,NA,NA,NA,NA,NA,NA,NA,NA,NA,NA,NA,NA,NA,NA,NA
2024,Wan'Dale Robinson,wan dale robinson,NYG,WR,17,140,93,699,3,0,36,656,361,-24.239516190521087,0.6642857142857143,4.992857142857143,7.516129032258065,0.02142857142857143,4.685714285714286,3.881720430107527,140,93,699,3,66.42857142857143,6.646017699115045,3.247169975782151,4.940214285714286,4.054623655913978,3.7100160601510055,0.3446075957629722,17.60845046756097,4.992857142857143,7.516129032258065,0.02142857142857143
2024,Xavier Gipson,xavier gipson,NYJ,WR,17,10,6,39,1,0,3,112,22,-2.6579581913682633,0.6,3.9,6.5,0.1,11.2,3.6666666666666665,NA,NA,NA,NA,NA,NA,NA,NA,NA,NA,NA,NA,NA,NA,NA
2024,Xavier Hutchinson,xavier hutchinson,HOU,WR,14,26,12,117,0,0,6,264,37,-7.808886946424382,0.46153846153846156,4.5,9.75,0,10.153846153846153,3.0833333333333335,NA,NA,NA,NA,NA,NA,NA,NA,NA,NA,NA,NA,NA,NA,NA
2024,Xavier Legette,xavier legette,CAR,WR,15,84,49,497,4,0,27,1030,112,4.517763540836107,0.5833333333333334,5.916666666666667,10.142857142857142,0.047619047619047616,12.261904761904763,2.2857142857142856,84,49,497,4,58.333333333333336,6.355063291139241,2.619110107955592,12.29654761904762,2.5199999999999996,2.4602070073881013,0.0597929926118983,24.697589563462554,5.916666666666667,10.142857142857142,0.047619047619047616
2024,Xavier Smith,xavier smith,LA,WR,14,2,2,6,0,0,1,1,5,-0.0994464058894664,1,3,3,0,0.5,2.5,NA,NA,NA,NA,NA,NA,NA,NA,NA,NA,NA,NA,NA,NA,NA
2024,Xavier Weaver,xavier weaver,ARI,WR,2,2,0,0,0,0,0,39,0,-1.6448100185267425,0,0,NA,0,19.5,NA,NA,NA,NA,NA,NA,NA,NA,NA,NA,NA,NA,NA,NA,NA,NA
2024,Xavier Worthy,xavier worthy,KC,WR,16,98,59,638,6,0,36,904,407,19.35543148920299,0.6020408163265306,6.510204081632653,10.813559322033898,0.061224489795918366,9.224489795918368,6.898305084745763,98,59,638,6,60.204081632653065,6.321868131868132,3.7734579572632674,8.992551020408163,7.085762711864408,6.639783540419275,0.4459791714451331,24.468099874781696,6.510204081632653,10.813559322033898,0.061224489795918366
2024,Zach Pascal,zach pascal,ARI,WR,3,0,0,0,0,0,0,0,0,NA,NA,NA,NA,NA,NA,NA,NA,NA,NA,NA,NA,NA,NA,NA,NA,NA,NA,NA,NA,NA,NA
2024,Zay Flowers,zay flowers,BAL,WR,17,116,74,1059,4,0,48,1207,463,44.65668916783794,0.6379310344827587,9.129310344827585,14.31081081081081,0.034482758620689655,10.405172413793103,6.256756756756757,116,74,1059,4,63.793103448275865,7.253076923076923,3.9155002147205766,10.62301724137931,6.233648648648649,4.596885334031022,1.6367633146176273,29.742848315745775,9.129310344827585,14.31081081081081,0.034482758620689655
2024,Zay Jones,zay jones,ARI,WR,6,11,8,84,0,0,5,119,19,-0.47508573124650866,0.7272727272727273,7.636363636363637,10.5,0,10.818181818181818,2.375,NA,NA,NA,NA,NA,NA,NA,NA,NA,NA,NA,NA,NA,NA,NA
2025,A.J. Brown,a j brown,PHI,WR,15,121,78,1003,7,0,47,1425,268,33.68347278376969,0.6446280991735537,8.289256198347108,12.85897435897436,0.05785123966942149,11.776859504132231,3.4358974358974357,121,78,1003,7,64.46280991735537,5.740588235294118,2.2443304359534424,11.571074380165292,3.439999999999999,2.3799447538817087,1.0600552461182904,33.38356406086821,8.289256198347108,12.85897435897436,0.05785123966942149
2025,A.J. Green,a j green,MIA,CB,1,0,0,0,0,0,0,0,0,NA,NA,NA,NA,NA,NA,NA,NA,NA,NA,NA,NA,NA,NA,NA,NA,NA,NA,NA,NA,NA,NA
2025,Adam Thielen,adam thielen,PIT,WR,14,35,19,186,0,0,10,306,44,5.179502845028881,0.5428571428571428,5.314285714285714,9.789473684210526,0,8.742857142857142,2.3157894736842106,NA,NA,NA,NA,NA,NA,NA,NA,NA,NA,NA,NA,NA,NA,NA
2025,Adonai Mitchell,adonai mitchell,NYJ,WR,16,74,33,453,2,1,16,1102,80,-16.11009648335977,0.44594594594594594,6.121621621621622,13.727272727272727,0.02702702702702703,14.891891891891891,2.4242424242424243,74,33,453,2,44.5945945945946,5.787567567567566,2.7551420698697213,14.778378378378378,2.5360606060606066,1.6989911217097202,0.8370694843508864,33.49720499272532,6.121621621621622,13.727272727272727,0.02702702702702703
2025,Alec Pierce,alec pierce,IND,WR,15,84,47,1003,6,0,41,1593,174,55.77911305843583,0.5595238095238095,11.94047619047619,21.340425531914892,0.07142857142857142,18.964285714285715,3.702127659574468,84,47,1003,6,55.952380952380956,6.278333333333333,2.0751778712475626,19.052619047619046,4.280425531914893,3.0026972315845697,1.277728300330323,37.32897320949586,11.94047619047619,21.340425531914892,0.07142857142857142
2025,Alex Bachman,alex bachman,LV,WR,11,3,2,12,0,0,2,14,2,1.0650289835757576,0.6666666666666666,4,6,0,4.666666666666667,1,NA,NA,NA,NA,NA,NA,NA,NA,NA,NA,NA,NA,NA,NA,NA
2025,Allen Lazard,allen lazard,NYJ,WR,9,18,10,70,1,0,4,142,33,-9.657388184568845,0.5555555555555556,3.888888888888889,7,0.05555555555555555,7.888888888888889,3.3,NA,NA,NA,NA,NA,NA,NA,NA,NA,NA,NA,NA,NA,NA,NA
2025,Amon-Ra St. Brown,amon ra st brown,DET,WR,17,172,117,1401,11,1,72,1390,570,55.614716241154795,0.6802325581395349,8.145348837209303,11.974358974358974,0.06395348837209303,8.081395348837209,4.871794871794871,172,117,1401,11,68.02325581395348,6.096335403726709,2.9500046050969084,8.346686046511627,5.16153846153846,4.817071116951077,0.3444673445873834,38.42517872580745,8.145348837209303,11.974358974358974,0.06395348837209303
2025,Andre Baccellia,andre baccellia,ARI,WR,4,4,2,8,0,0,0,7,7,-1.8098246662411839,0.5,2,4,0,1.75,3.5,NA,NA,NA,NA,NA,NA,NA,NA,NA,NA,NA,NA,NA,NA,NA
2025,Andrei Iosivas,andrei iosivas,CIN,WR,15,58,33,435,2,0,24,606,103,11.676757565341108,0.5689655172413793,7.5,13.181818181818182,0.034482758620689655,10.448275862068966,3.121212121212121,58,33,435,2,56.896551724137936,5.551272727272727,2.457515997985491,9.867241379310345,3.44939393939394,3.5493435499500565,-0.0999496105561164,12.523277365538336,7.5,13.181818181818182,0.034482758620689655
2025,Anthony Gould,anthony gould,IND,WR,11,2,2,6,0,0,0,-2,8,-0.9898295255261473,1,3,3,0,-1,4,NA,NA,NA,NA,NA,NA,NA,NA,NA,NA,NA,NA,NA,NA,NA
2025,Arian Smith,arian smith,NYJ,WR,13,16,7,52,0,0,4,216,33,-6.329420673835557,0.4375,3.25,7.428571428571429,0,13.5,4.714285714285714,NA,NA,NA,NA,NA,NA,NA,NA,NA,NA,NA,NA,NA,NA,NA
2025,Ashton Dulin,ashton dulin,IND,WR,12,10,5,106,0,0,4,158,53,5.759459519234952,0.5,10.6,21.2,0,15.8,10.6,NA,NA,NA,NA,NA,NA,NA,NA,NA,NA,NA,NA,NA,NA,NA
2025,Austin Trammell,austin trammell,JAX,WR,6,10,3,46,0,0,2,130,2,-4.970840585587128,0.3,4.6,15.333333333333334,0,13,0.6666666666666666,NA,NA,NA,NA,NA,NA,NA,NA,NA,NA,NA,NA,NA,NA,NA
2025,Beaux Collins,beaux collins,NYG,WR,4,6,2,25,0,0,1,73,6,-5.74455542647047,0.3333333333333333,4.166666666666667,12.5,0,12.166666666666666,3,NA,NA,NA,NA,NA,NA,NA,NA,NA,NA,NA,NA,NA,NA,NA
2025,Ben Skowronek,ben skowronek,PIT,WR,16,6,4,69,1,0,4,61,23,5.408946100738831,0.6666666666666666,11.5,17.25,0.16666666666666666,10.166666666666666,5.75,NA,NA,NA,NA,NA,NA,NA,NA,NA,NA,NA,NA,NA,NA,NA
2025,Bo Melton,bo melton,GB,CB,13,13,4,107,1,0,4,222,7,-2.578225619858131,0.3076923076923077,8.23076923076923,26.75,0.07692307692307693,17.076923076923077,1.75,NA,NA,NA,NA,NA,NA,NA,NA,NA,NA,NA,NA,NA,NA,NA
2025,Brandin Cooks,brandin cooks,BUF,WR,13,36,24,279,0,0,14,516,43,16.035737761522906,0.6666666666666666,7.75,11.625,0,14.333333333333334,1.7916666666666667,NA,NA,NA,NA,NA,NA,NA,NA,NA,NA,NA,NA,NA,NA,NA
2025,Brandon Coleman,brandon coleman,WAS,OT,4,0,0,0,0,0,0,0,0,NA,NA,NA,NA,NA,NA,NA,NA,NA,NA,NA,NA,NA,NA,NA,NA,NA,NA,NA,NA,NA,NA
2025,Brandon Johnson,brandon johnson,PHI,CB,2,0,0,0,0,0,0,0,0,NA,NA,NA,NA,NA,NA,NA,NA,NA,NA,NA,NA,NA,NA,NA,NA,NA,NA,NA,NA,NA,NA
2025,Brandon Jones,brandon jones,DEN,SAF,14,0,0,0,0,0,0,0,0,NA,NA,NA,NA,NA,NA,NA,NA,NA,NA,NA,NA,NA,NA,NA,NA,NA,NA,NA,NA,NA,NA
2025,Braxton Berrios,braxton berrios,HOU,WR,4,8,6,37,0,0,3,24,18,2.3596400750102475,0.75,4.625,6.166666666666667,0,3,3,NA,NA,NA,NA,NA,NA,NA,NA,NA,NA,NA,NA,NA,NA,NA
2025,Brian Thomas Jr.,brian thomas jr,JAX,WR,14,91,48,707,2,0,33,1315,159,17.201031782087778,0.5274725274725275,7.769230769230769,14.729166666666666,0.02197802197802198,14.45054945054945,3.3125,NA,NA,NA,NA,NA,NA,NA,NA,NA,NA,NA,NA,NA,NA,NA
2025,Britain Covey,britain covey,PHI,WR,6,4,2,20,0,0,2,8,20,0.5963683022642061,0.5,5,10,0,2,10,NA,NA,NA,NA,NA,NA,NA,NA,NA,NA,NA,NA,NA,NA,NA
2025,Bryce Oliver,bryce oliver,TEN,WR,2,1,1,8,0,0,0,6,2,0.5178800749126822,1,8,8,0,6,2,NA,NA,NA,NA,NA,NA,NA,NA,NA,NA,NA,NA,NA,NA,NA
2025,Calvin Austin,calvin austin,PIT,WR,NA,NA,NA,NA,NA,NA,NA,NA,NA,NA,NA,NA,NA,NA,NA,NA,55,31,372,3,56.36363636363636,5.521702127659574,2.8208495940763205,10.246181818181816,4.643225806451613,3.9702717132507375,0.6729540932008757,18.31274717204311,6.763636363636364,12,0.05454545454545454
2025,Calvin Ridley,calvin ridley,TEN,WR,7,36,17,303,0,0,13,453,84,12.221225031865272,0.4722222222222222,8.416666666666666,17.823529411764707,0,12.583333333333334,4.9411764705882355,NA,NA,NA,NA,NA,NA,NA,NA,NA,NA,NA,NA,NA,NA,NA
2025,Casey Washington,casey washington,ATL,WR,5,14,6,94,0,0,6,262,12,3.7288784982520156,0.42857142857142855,6.714285714285714,15.666666666666666,0,18.714285714285715,2,NA,NA,NA,NA,NA,NA,NA,NA,NA,NA,NA,NA,NA,NA,NA
2025,Cedric Tillman,cedric tillman,CLE,WR,12,39,21,270,2,0,13,463,62,6.527347081549641,0.5384615384615384,6.923076923076923,12.857142857142858,0.05128205128205128,11.871794871794872,2.9523809523809526,NA,NA,NA,NA,NA,NA,NA,NA,NA,NA,NA,NA,NA,NA,NA
2025,CeeDee Lamb,ceedee lamb,DAL,WR,13,117,75,1077,3,0,43,1403,323,28.990819384612788,0.6410256410256411,9.205128205128204,14.36,0.02564102564102564,11.991452991452991,4.306666666666667,117,75,1077,3,64.1025641025641,6.139826086956522,2.778540830165139,12.271965811965813,4.461333333333334,3.964039590841371,0.497293742491963,28.335458101286303,9.205128205128204,14.36,0.02564102564102564
2025,Charlie Jones,charlie jones,CIN,WR,14,1,0,0,0,0,0,42,0,-0.5337089993990958,0,0,NA,0,42,NA,NA,NA,NA,NA,NA,NA,NA,NA,NA,NA,NA,NA,NA,NA,NA
2025,Chimere Dike,chimere dike,TEN,WR,17,74,48,423,4,0,20,599,220,1.5662332190759594,0.6486486486486487,5.716216216216216,8.8125,0.05405405405405406,8.094594594594595,4.583333333333333,74,48,423,4,64.86486486486487,6.772238805970149,3.8035171337537883,8.205810810810812,4.776666666666667,5.002598585238759,-0.22593191857209138,15.646870265200313,5.716216216216216,8.8125,0.05405405405405406
2025,Chris Blair,chris blair,ATL,WR,1,0,0,0,0,0,0,0,0,NA,NA,NA,NA,NA,NA,NA,NA,NA,NA,NA,NA,NA,NA,NA,NA,NA,NA,NA,NA,NA,NA
2025,Chris Godwin,chris godwin,TB,WR,NA,NA,NA,NA,NA,NA,NA,NA,NA,NA,NA,NA,NA,NA,NA,NA,51,33,360,2,64.70588235294117,6.597083333333334,2.817862940990965,7.82,6.502121212121214,4.30395807014725,2.1981631419739633,9.140664750615382,7.0588235294117645,10.909090909090908,0.0392156862745098
2025,Chris Moore,chris moore,WAS,WR,10,23,11,207,1,0,10,332,53,12.282829990267677,0.4782608695652174,9,18.818181818181817,0.043478260869565216,14.434782608695652,4.818181818181818,NA,NA,NA,NA,NA,NA,NA,NA,NA,NA,NA,NA,NA,NA,NA
2025,Chris Olave,chris olave,NO,WR,16,156,100,1163,9,0,53,1841,289,35.62936226270581,0.6410256410256411,7.455128205128205,11.63,0.057692307692307696,11.801282051282051,2.89,156,100,1163,9,64.1025641025641,6.809133333333334,2.9450615111098863,11.639871794871798,3.0335999999999994,3.5547326790836498,-0.5211326790836504,39.277533230226815,7.455128205128205,11.63,0.057692307692307696
2025,Chris Williams,chris williams,CHI,DL,10,0,0,0,0,0,0,0,0,NA,NA,NA,NA,NA,NA,NA,NA,NA,NA,NA,NA,NA,NA,NA,NA,NA,NA,NA,NA,NA,NA
2025,Christian Kirk,christian kirk,HOU,WR,11,52,28,239,1,0,12,365,115,-21.167927348362852,0.5384615384615384,4.596153846153846,8.535714285714286,0.019230769230769232,7.019230769230769,4.107142857142857,52,28,239,1,53.84615384615385,5.711162790697674,2.539941257185657,7.239807692307693,4.165,4.414072859662677,-0.249072859662677,8.288876608093142,4.596153846153846,8.535714285714286,0.019230769230769232
2025,Christian Watson,christian watson,GB,WR,10,55,35,611,6,0,28,977,118,32.272833978563845,0.6363636363636364,11.10909090909091,17.457142857142856,0.10909090909090909,17.763636363636362,3.3714285714285714,55,35,611,6,63.63636363636363,6.379272727272728,2.0044605380606146,17.632545454545454,3.585714285714286,2.840744717988148,0.7449695677261379,24.12100922268761,11.10909090909091,17.457142857142856,0.10909090909090909
2025,Cody White,cody white,SEA,WR,8,4,3,90,1,0,2,39,58,4.8423199583776295,0.75,22.5,30,0.25,9.75,19.333333333333332,NA,NA,NA,NA,NA,NA,NA,NA,NA,NA,NA,NA,NA,NA,NA
2025,Coleman Owen,coleman owen,IND,WR,2,1,0,0,0,0,0,2,0,-3.259766154224053,0,0,NA,0,2,NA,NA,NA,NA,NA,NA,NA,NA,NA,NA,NA,NA,NA,NA,NA,NA
2025,Cooper Kupp,cooper kupp,SEA,WR,16,70,47,593,2,1,26,525,293,7.638549692919277,0.6714285714285714,8.471428571428572,12.617021276595745,0.02857142857142857,7.5,6.23404255319149,70,47,593,2,67.14285714285714,6.144923076923076,3.022840901078542,8.280571428571427,6.18468085106383,4.110675730722097,2.0740051203417336,15.355556203126532,8.471428571428572,12.617021276595745,0.02857142857142857
2025,Courtland Sutton,courtland sutton,DEN,WR,17,124,74,1017,7,0,52,1542,222,45.593916971176796,0.5967741935483871,8.201612903225806,13.743243243243244,0.056451612903225805,12.435483870967742,3,124,74,1017,7,59.67741935483871,5.272857142857143,2.278537905950315,12.563387096774195,3.295,3.1799108542486247,0.11508914575137519,35.580658643930754,8.201612903225806,13.743243243243244,0.056451612903225805
2025,Curtis Samuel,curtis samuel,BUF,WR,6,9,7,81,1,0,5,145,27,8.805984938517213,0.7777777777777778,9,11.571428571428571,0.1111111111111111,16.11111111111111,3.857142857142857,NA,NA,NA,NA,NA,NA,NA,NA,NA,NA,NA,NA,NA,NA,NA
2025,D.J. Moore,d j moore,CHI,WR,NA,NA,NA,NA,NA,NA,NA,NA,NA,NA,NA,NA,NA,NA,NA,NA,85,50,667,6,58.82352941176471,6.812857142857141,3.2717651910296515,11.408000000000001,4.7307999999999995,4.120880524416065,0.6099194755839346,21.65300439678715,7.847058823529411,13.34,0.07058823529411765
2025,Dalen Cambre,dalen cambre,NYG,WR,3,0,0,0,0,0,0,0,0,NA,NA,NA,NA,NA,NA,NA,NA,NA,NA,NA,NA,NA,NA,NA,NA,NA,NA,NA,NA,NA,NA
2025,Dalevon Campbell,dalevon campbell,CAR,WR,1,0,0,0,0,0,0,0,0,NA,NA,NA,NA,NA,NA,NA,NA,NA,NA,NA,NA,NA,NA,NA,NA,NA,NA,NA,NA,NA,NA
2025,Dante Pettis,dante pettis,NO,WR,8,11,9,127,0,1,4,105,86,-4.032648357970084,0.8181818181818182,11.545454545454545,14.11111111111111,0,9.545454545454545,9.555555555555555,NA,NA,NA,NA,NA,NA,NA,NA,NA,NA,NA,NA,NA,NA,NA
2025,Dareke Young,dareke young,SEA,WR,8,3,2,48,0,0,2,57,0,1.9701104544801638,0.6666666666666666,16,24,0,19,0,NA,NA,NA,NA,NA,NA,NA,NA,NA,NA,NA,NA,NA,NA,NA
2025,Darius Cooper,darius cooper,PHI,WR,6,11,9,92,0,0,6,109,22,3.887109417555621,0.8181818181818182,8.363636363636363,10.222222222222221,0,9.909090909090908,2.4444444444444446,NA,NA,NA,NA,NA,NA,NA,NA,NA,NA,NA,NA,NA,NA,NA
2025,Darius Slayton,darius slayton,NYG,WR,14,63,37,538,1,1,23,843,198,18.001405174971303,0.5873015873015873,8.53968253968254,14.54054054054054,0.015873015873015872,13.380952380952381,5.351351351351352,63,37,538,1,58.730158730158735,5.72047619047619,2.7084140568845028,13.384920634920636,5.379729729729728,4.5973848378681055,0.7823448918616229,19.218497162522514,8.53968253968254,14.54054054054054,0.015873015873015872
2025,Darnell Mooney,darnell mooney,ATL,WR,15,72,32,443,1,2,25,1019,73,3.6679175114696045,0.4444444444444444,6.152777777777778,13.84375,0.013888888888888888,14.152777777777779,2.28125,72,32,443,1,44.44444444444444,6.569305555555555,3.0181906158822347,14.167777777777777,2.4853124999999996,2.7105554101691314,-0.22524291016913178,24.951812533633376,6.152777777777778,13.84375,0.013888888888888888
2025,Davante Adams,davante adams,LA,WR,14,114,60,789,14,0,51,1444,117,27.033441679594226,0.5263157894736842,6.921052631578948,13.15,0.12280701754385964,12.666666666666666,1.95,114,60,789,14,52.63157894736842,5.161592920353982,2.167408852757707,13.18605263157895,2.059999999999999,2.6702296754580894,-0.6102296754580903,28.432891294849316,6.921052631578948,13.15,0.12280701754385964
2025,David Moore,david moore,CAR,WR,3,1,1,5,0,0,0,5,0,-0.30323291127569973,1,5,5,0,5,0,NA,NA,NA,NA,NA,NA,NA,NA,NA,NA,NA,NA,NA,NA,NA
2025,David Sills,david sills,ATL,WR,12,36,18,191,2,0,9,404,56,-1.7800313001570753,0.5,5.305555555555555,10.61111111111111,0.05555555555555555,11.222222222222221,3.111111111111111,NA,NA,NA,NA,NA,NA,NA,NA,NA,NA,NA,NA,NA,NA,NA
2025,DeAndre Carter,deandre carter,CLE,WR,4,0,0,0,0,0,0,0,0,NA,NA,NA,NA,NA,NA,NA,NA,NA,NA,NA,NA,NA,NA,NA,NA,NA,NA,NA,NA,NA,NA
2025,DeAndre Hopkins,deandre hopkins,BAL,WR,17,39,22,330,2,0,15,513,65,9.447229077659696,0.5641025641025641,8.461538461538462,15,0.05128205128205128,13.153846153846153,2.9545454545454546,NA,NA,NA,NA,NA,NA,NA,NA,NA,NA,NA,NA,NA,NA,NA
2025,DeMario Douglas,demario douglas,NE,WR,16,46,31,447,3,0,17,445,214,28.142252345996887,0.6739130434782609,9.717391304347826,14.419354838709678,0.06521739130434782,9.673913043478262,6.903225806451613,46,31,447,3,67.3913043478261,6.59951219512195,3.936569641062554,9.940652173913042,7.039354838709676,6.198655219182785,0.840699619526891,10.384593548094063,9.717391304347826,14.419354838709678,0.06521739130434782
2025,DeVonta Smith,devonta smith,PHI,WR,17,113,77,1008,4,0,44,1355,293,54.36954212163124,0.6814159292035398,8.920353982300885,13.090909090909092,0.035398230088495575,11.991150442477876,3.8051948051948052,113,77,1008,4,68.14159292035397,6.363398058252427,2.821832849657288,12.015132743362832,3.813896103896105,3.931662799899279,-0.11776669600317424,32.3728296272276,8.920353982300885,13.090909090909092,0.035398230088495575
2025,Deebo Samuel,deebo samuel,WAS,WR,NA,NA,NA,NA,NA,NA,NA,NA,NA,NA,NA,NA,NA,NA,NA,NA,99,72,727,5,72.72727272727273,6.291604938271605,3.542143377984201,5.321818181818182,6.423749999999999,5.335037472445612,1.088712527554387,13.985453387131026,7.343434343434343,10.097222222222221,0.050505050505050504
2025,Demarcus Robinson,demarcus robinson,SF,WR,14,35,22,276,1,0,15,472,36,7.571534263031625,0.6285714285714286,7.885714285714286,12.545454545454545,0.02857142857142857,13.485714285714286,1.6363636363636365,NA,NA,NA,NA,NA,NA,NA,NA,NA,NA,NA,NA,NA,NA,NA
2025,Derius Davis,derius davis,LAC,WR,11,3,2,10,0,0,0,33,8,-1.0258204450365156,0.6666666666666666,3.3333333333333335,5,0,11,4,NA,NA,NA,NA,NA,NA,NA,NA,NA,NA,NA,NA,NA,NA,NA
2025,Devaughn Vele,devaughn vele,NO,WR,9,39,25,293,2,0,19,432,34,16.811545222313843,0.6410256410256411,7.512820512820513,11.72,0.05128205128205128,11.076923076923077,1.36,NA,NA,NA,NA,NA,NA,NA,NA,NA,NA,NA,NA,NA,NA,NA
2025,Deven Thompkins,deven thompkins,ATL,WR,7,3,3,27,0,0,1,7,20,0.9335535314166918,1,9,9,0,2.3333333333333335,6.666666666666667,NA,NA,NA,NA,NA,NA,NA,NA,NA,NA,NA,NA,NA,NA,NA
2025,Devin Duvernay,devin duvernay,CHI,WR,17,5,2,26,0,0,1,75,0,-0.3087802017147605,0.4,5.2,13,0,15,0,NA,NA,NA,NA,NA,NA,NA,NA,NA,NA,NA,NA,NA,NA,NA
2025,Devontez Walker,devontez walker,BAL,WR,8,8,6,136,3,0,5,196,23,17.93757535755867,0.75,17,22.666666666666668,0.375,24.5,3.8333333333333335,NA,NA,NA,NA,NA,NA,NA,NA,NA,NA,NA,NA,NA,NA,NA
2025,Dominic Lovett,dominic lovett,DET,WR,2,0,0,0,0,0,0,0,0,NA,NA,NA,NA,NA,NA,NA,NA,NA,NA,NA,NA,NA,NA,NA,NA,NA,NA,NA,NA,NA,NA
2025,Dont'e Thornton Jr.,dont e thornton jr,LV,WR,11,30,10,135,0,0,7,497,38,-12.038327714126549,0.3333333333333333,4.5,13.5,0,16.566666666666666,3.8,NA,NA,NA,NA,NA,NA,NA,NA,NA,NA,NA,NA,NA,NA,NA
2025,Dontayvion Wicks,dontayvion wicks,GB,WR,13,46,30,332,2,0,21,517,67,14.157983337128767,0.6521739130434783,7.217391304347826,11.066666666666666,0.043478260869565216,11.23913043478261,2.2333333333333334,46,30,332,2,65.21739130434783,5.9111627906976745,2.1693210690095976,11.311086956521738,2.418333333333334,2.009416015000086,0.40891731833324796,12.941360818998538,7.217391304347826,11.066666666666666,0.043478260869565216
2025,Drake London,drake london,ATL,WR,12,112,68,919,7,1,46,1221,229,24.780595332661015,0.6071428571428571,8.205357142857142,13.514705882352942,0.0625,10.901785714285714,3.3676470588235294,112,68,919,7,60.71428571428571,5.783055555555555,2.6590676286690837,10.785357142857142,3.983823529411765,3.339193655639866,0.6446298737718994,29.547478107724668,8.205357142857142,13.514705882352942,0.0625
2025,Dyami Brown,dyami brown,JAX,WR,11,37,20,227,1,0,13,518,31,-2.0839201905844327,0.5405405405405406,6.135135135135135,11.35,0.02702702702702703,14,1.55,NA,NA,NA,NA,NA,NA,NA,NA,NA,NA,NA,NA,NA,NA,NA
2025,Dylan Drummond,dylan drummond,ATL,WR,6,11,7,42,0,0,2,85,14,-7.062778018525137,0.6363636363636364,3.8181818181818183,6,0,7.7272727272727275,2,NA,NA,NA,NA,NA,NA,NA,NA,NA,NA,NA,NA,NA,NA,NA
2025,Efton Chism III,efton chism iii,NE,WR,8,3,3,75,1,0,3,35,40,6.780070101725869,1,25,25,0.3333333333333333,11.666666666666666,13.333333333333334,NA,NA,NA,NA,NA,NA,NA,NA,NA,NA,NA,NA,NA,NA,NA
2025,Elic Ayomanor,elic ayomanor,TEN,WR,16,89,41,515,4,0,30,1126,115,-9.59570349645603,0.4606741573033708,5.786516853932584,12.560975609756097,0.0449438202247191,12.651685393258427,2.8048780487804876,89,41,515,4,46.06741573033708,5.820843373493976,2.6574799351235754,12.244606741573037,3.0490243902439023,3.1780201654662443,-0.12899577522234207,28.080776326774615,5.786516853932584,12.560975609756097,0.0449438202247191
2025,Elijah Higgins,elijah higgins,ARI,TE,17,37,30,301,0,1,15,148,209,1.4276832967298105,0.8108108108108109,8.135135135135135,10.033333333333333,0,4,6.966666666666667,NA,NA,NA,NA,NA,NA,NA,NA,NA,NA,NA,NA,NA,NA,NA
2025,Elijah Moore,elijah moore,BUF,WR,9,17,9,112,0,0,4,142,58,-3.889523251040373,0.5294117647058824,6.588235294117647,12.444444444444445,0,8.352941176470589,6.444444444444445,NA,NA,NA,NA,NA,NA,NA,NA,NA,NA,NA,NA,NA,NA,NA
2025,Emeka Egbuka,emeka egbuka,TB,WR,17,127,63,938,6,0,34,1572,335,7.143142977189891,0.49606299212598426,7.3858267716535435,14.88888888888889,0.047244094488188976,12.377952755905511,5.317460317460317,127,63,938,6,49.60629921259843,6.229839999999999,2.582663817611587,12.197952755905513,5.409365079365079,4.7292270579582,0.6801380214068793,35.50516371237229,7.3858267716535435,14.88888888888889,0.047244094488188976
2025,Gage Larvadain,gage larvadain,CLE,WR,13,14,7,71,0,0,3,125,28,-4.781514537156792,0.5,5.071428571428571,10.142857142857142,0,8.928571428571429,4,NA,NA,NA,NA,NA,NA,NA,NA,NA,NA,NA,NA,NA,NA,NA
2025,Garrett Wilson,garrett wilson,NYJ,WR,7,59,36,395,4,1,18,535,100,-2.065128048153619,0.6101694915254238,6.694915254237288,10.972222222222221,0.06779661016949153,9.067796610169491,2.7777777777777777,59,36,395,4,61.016949152542374,6.484912280701755,3.057975170073708,9.4447457627118645,2.8594444444444442,2.8862005748812454,-0.02675613043680114,17.06838195880236,6.694915254237288,10.972222222222221,0.06779661016949153
2025,George Pickens,george pickens,DAL,WR,17,137,93,1429,9,4,73,1547,479,88.7427112801041,0.6788321167883211,10.430656934306569,15.365591397849462,0.06569343065693431,11.291970802919709,5.150537634408602,137,93,1429,9,67.88321167883211,5.171386861313867,2.3122277471058705,11.722700729927006,5.275591397849462,3.1169406956502943,2.158650702199168,31.694104459644528,10.430656934306569,15.365591397849462,0.06569343065693431
2025,Greg Dortch,greg dortch,ARI,WR,12,33,29,206,3,0,10,58,194,4.251081109633556,0.8787878787878788,6.242424242424242,7.103448275862069,0.09090909090909091,1.7575757575757576,6.689655172413793,NA,NA,NA,NA,NA,NA,NA,NA,NA,NA,NA,NA,NA,NA,NA
2025,Gunner Olszewski,gunner olszewski,NYG,WR,16,13,10,145,1,0,7,130,74,10.609890480312094,0.7692307692307693,11.153846153846153,14.5,0.07692307692307693,10,7.4,NA,NA,NA,NA,NA,NA,NA,NA,NA,NA,NA,NA,NA,NA,NA
2025,Hunter Renfrow,hunter renfrow,CAR,WR,6,26,15,89,2,0,8,194,24,-2.0028398223078985,0.5769230769230769,3.423076923076923,5.933333333333334,0.07692307692307693,7.461538461538462,1.6,NA,NA,NA,NA,NA,NA,NA,NA,NA,NA,NA,NA,NA,NA,NA
2025,Isaac TeSlaa,isaac teslaa,DET,WR,14,27,16,239,6,0,14,352,55,17.83113294077018,0.5925925925925926,8.851851851851851,14.9375,0.2222222222222222,13.037037037037036,3.4375,NA,NA,NA,NA,NA,NA,NA,NA,NA,NA,NA,NA,NA,NA,NA
2025,Isaiah Bond,isaiah bond,CLE,WR,15,44,18,338,0,0,11,751,79,-0.8045055419750642,0.4090909090909091,7.681818181818182,18.77777777777778,0,17.068181818181817,4.388888888888889,NA,NA,NA,NA,NA,NA,NA,NA,NA,NA,NA,NA,NA,NA,NA
2025,Isaiah Hodgins,isaiah hodgins,NYG,WR,6,19,10,115,1,0,6,207,17,5.5144292789116545,0.5263157894736842,6.052631578947368,11.5,0.05263157894736842,10.894736842105264,1.7,NA,NA,NA,NA,NA,NA,NA,NA,NA,NA,NA,NA,NA,NA,NA
2025,Isaiah Williams,isaiah williams,NYJ,WR,15,36,26,193,0,0,10,122,119,1.1812743464005453,0.7222222222222222,5.361111111111111,7.423076923076923,0,3.388888888888889,4.576923076923077,NA,NA,NA,NA,NA,NA,NA,NA,NA,NA,NA,NA,NA,NA,NA
2025,Ja'Marr Chase,ja marr chase,CIN,WR,16,185,125,1412,8,1,73,1570,640,41.379473743756826,0.6756756756756757,7.632432432432433,11.296,0.043243243243243246,8.486486486486486,5.12,185,125,1412,8,67.56756756756756,5.726342857142857,3.1733631580962807,8.423513513513514,5.198320000000001,3.88989198228647,1.3084280177135308,34.10038316020735,7.632432432432433,11.296,0.043243243243243246
2025,Jack Bech,jack bech,LV,WR,14,29,20,224,0,0,11,240,68,-2.0305611165089203,0.6896551724137931,7.724137931034483,11.2,0,8.275862068965518,3.4,NA,NA,NA,NA,NA,NA,NA,NA,NA,NA,NA,NA,NA,NA,NA
2025,Jacoby Jones,jacoby jones,WAS,WR,1,1,1,25,0,0,1,3,22,1.5626438096514903,1,25,25,0,3,22,NA,NA,NA,NA,NA,NA,NA,NA,NA,NA,NA,NA,NA,NA,NA
2025,Jahan Dotson,jahan dotson,PHI,WR,15,36,18,262,1,0,10,555,50,-15.057267140948838,0.5,7.277777777777778,14.555555555555555,0.027777777777777776,15.416666666666666,2.7777777777777777,NA,NA,NA,NA,NA,NA,NA,NA,NA,NA,NA,NA,NA,NA,NA
2025,Jahdae Walker,jahdae walker,CHI,WR,6,10,6,87,2,0,4,130,8,6.853540320356842,0.6,8.7,14.5,0.2,13,1.3333333333333333,NA,NA,NA,NA,NA,NA,NA,NA,NA,NA,NA,NA,NA,NA,NA
2025,Jake Bobo,jake bobo,SEA,WR,5,2,2,20,0,0,1,14,6,1.1352619304088876,1,10,10,0,7,3,NA,NA,NA,NA,NA,NA,NA,NA,NA,NA,NA,NA,NA,NA,NA
2025,Jakobi Meyers,jakobi meyers,JAX,WR,16,110,75,835,3,1,43,1008,282,10.014071694386388,0.6818181818181818,7.590909090909091,11.133333333333333,0.02727272727272727,9.163636363636364,3.76,110,75,835,3,68.18181818181817,6.408333333333333,2.73208851411209,9.421727272727274,3.830933333333334,3.4959063865324698,0.3350269468008644,31.790031624699782,7.590909090909091,11.133333333333333,0.02727272727272727
2025,Jakobie Keeney-James,jakobie keeney james,GB,WR,1,2,2,15,0,0,0,15,0,-0.05045412038452923,1,7.5,7.5,0,7.5,0,NA,NA,NA,NA,NA,NA,NA,NA,NA,NA,NA,NA,NA,NA,NA
2025,Jalen Brooks,jalen brooks,ARI,WR,5,6,3,51,0,0,3,68,19,1.8382254684111103,0.5,8.5,17,0,11.333333333333334,6.333333333333333,NA,NA,NA,NA,NA,NA,NA,NA,NA,NA,NA,NA,NA,NA,NA
2025,Jalen Coker,jalen coker,CAR,WR,11,43,33,394,3,1,22,435,102,21.855756275938127,0.7674418604651163,9.162790697674419,11.93939393939394,0.06976744186046512,10.116279069767442,3.090909090909091,NA,NA,NA,NA,NA,NA,NA,NA,NA,NA,NA,NA,NA,NA,NA
2025,Jalen Cropper,jalen cropper,DAL,WR,2,0,0,0,0,0,0,0,0,NA,NA,NA,NA,NA,NA,NA,NA,NA,NA,NA,NA,NA,NA,NA,NA,NA,NA,NA,NA,NA,NA
2025,Jalen McMillan,jalen mcmillan,TB,WR,4,15,12,178,0,0,8,179,59,12.489781276620626,0.8,11.866666666666667,14.833333333333334,0,11.933333333333334,4.916666666666667,NA,NA,NA,NA,NA,NA,NA,NA,NA,NA,NA,NA,NA,NA,NA
2025,Jalen Nailor,jalen nailor,MIN,WR,17,53,29,444,4,0,23,656,112,11.562589095304297,0.5471698113207547,8.377358490566039,15.310344827586206,0.07547169811320754,12.377358490566039,3.8620689655172415,53,29,444,4,54.71698113207547,5.551632653061224,2.4318935683424603,12.969056603773582,4.420689655172414,3.045533865892135,1.3751557892802793,18.07063574271638,8.377358490566039,15.310344827586206,0.07547169811320754
2025,Jalen Royals,jalen royals,KC,WR,2,3,2,4,0,0,0,22,4,-1.6252292616991326,0.6666666666666666,1.3333333333333333,2,0,7.333333333333333,2,NA,NA,NA,NA,NA,NA,NA,NA,NA,NA,NA,NA,NA,NA,NA
2025,Jalen Tolbert,jalen tolbert,DAL,WR,12,34,18,203,1,0,12,408,46,4.911031921774263,0.5294117647058824,5.970588235294118,11.277777777777779,0.029411764705882353,12,2.5555555555555554,NA,NA,NA,NA,NA,NA,NA,NA,NA,NA,NA,NA,NA,NA,NA
2025,Jalin Hyatt,jalin hyatt,NYG,WR,6,14,5,35,0,0,2,280,2,-9.084065895585809,0.35714285714285715,2.5,7,0,20,0.4,NA,NA,NA,NA,NA,NA,NA,NA,NA,NA,NA,NA,NA,NA,NA
2025,Jamal Agnew,jamal agnew,ATL,WR,11,0,0,0,0,0,0,0,0,NA,NA,NA,NA,NA,NA,NA,NA,NA,NA,NA,NA,NA,NA,NA,NA,NA,NA,NA,NA,NA,NA
2025,Jamari Thrash,jamari thrash,CLE,WR,8,15,10,107,0,0,5,102,39,2.350799160922179,0.6666666666666666,7.133333333333334,10.7,0,6.8,3.9,NA,NA,NA,NA,NA,NA,NA,NA,NA,NA,NA,NA,NA,NA,NA
2025,James Proche,james proche,TEN,WR,6,12,6,65,0,0,2,175,2,1.6769203548901714,0.5,5.416666666666667,10.833333333333334,0,14.583333333333334,0.3333333333333333,NA,NA,NA,NA,NA,NA,NA,NA,NA,NA,NA,NA,NA,NA,NA
2025,Jameson Williams,jameson williams,DET,WR,17,102,65,1117,7,0,49,1289,441,56.1684345240439,0.6372549019607843,10.950980392156863,17.184615384615384,0.06862745098039216,12.637254901960784,6.7846153846153845,102,65,1109,7,63.725490196078425,6.055306122448979,3.18467772579633,12.379215686274508,6.811846153846155,4.970863491244859,1.8409826626012968,33.79610670820653,10.872549019607844,17.06153846153846,0.06862745098039216
2025,Jared Wayne,jared wayne,HOU,WR,1,2,2,20,0,0,1,17,3,0.594522395520471,1,10,10,0,8.5,1.5,NA,NA,NA,NA,NA,NA,NA,NA,NA,NA,NA,NA,NA,NA,NA
2025,Jason Brownlee,jason brownlee,KC,WR,3,1,0,0,0,0,0,9,0,-0.7134253880445582,0,0,NA,0,9,NA,NA,NA,NA,NA,NA,NA,NA,NA,NA,NA,NA,NA,NA,NA,NA
2025,Jauan Jennings,jauan jennings,SF,WR,15,90,55,643,9,1,36,905,181,-2.2711951457619803,0.6111111111111112,7.144444444444445,11.690909090909091,0.1,10.055555555555555,3.290909090909091,90,55,643,9,61.111111111111114,5.648352941176472,2.2130390894813177,10.163555555555554,3.3510909090909093,2.6405213190758174,0.7105695900150919,22.422025904754424,7.144444444444445,11.690909090909091,0.1
2025,Jaxon Smith-Njigba,jaxon smith njigba,SEA,WR,17,163,119,1793,10,3,81,1833,528,90.67234604483376,0.7300613496932515,11,15.067226890756302,0.06134969325153374,11.245398773006135,4.436974789915967,163,119,1793,10,73.00613496932516,6.295649350649351,3.017568233126393,11.263742331288343,4.8147899159663865,4.020349704162295,0.7944402118040914,48.638202390066745,11,15.067226890756302,0.06134969325153374
2025,Jayden Higgins,jayden higgins,HOU,WR,17,68,41,525,6,0,28,839,123,16.757682784795296,0.6029411764705882,7.720588235294118,12.804878048780488,0.08823529411764706,12.338235294117647,3,68,41,525,6,60.29411764705882,5.73820895522388,2.698871699101625,12.034411764705885,3.2392682926829277,3.33158057704798,-0.09231228436505212,18.017688749347734,7.720588235294118,12.804878048780488,0.08823529411764706
2025,Jayden Reed,jayden reed,GB,WR,5,22,19,207,1,0,8,179,85,11.54951262965493,0.8636363636363636,9.409090909090908,10.894736842105264,0.045454545454545456,8.136363636363637,4.473684210526316,NA,NA,NA,NA,NA,NA,NA,NA,NA,NA,NA,NA,NA,NA,NA
2025,Jaylen Waddle,jaylen waddle,MIA,WR,16,100,64,910,6,1,48,1306,228,34.451660055798726,0.64,9.1,14.21875,0.06,13.06,3.5625,100,64,910,6,64,6.1867346938775505,2.734334202299694,12.2635,4.122187499999999,3.9764421349623675,0.14574536503763147,38.66160573264271,9.1,14.21875,0.06
2025,Jaylin Lane,jaylin lane,WAS,WR,15,32,16,225,0,0,10,427,39,-5.651687835667194,0.5,7.03125,14.0625,0,13.34375,2.4375,NA,NA,NA,NA,NA,NA,NA,NA,NA,NA,NA,NA,NA,NA,NA
2025,Jaylin Noel,jaylin noel,HOU,WR,17,35,26,292,2,0,13,327,99,14.1749713203277,0.7428571428571429,8.342857142857143,11.23076923076923,0.05714285714285714,9.342857142857143,3.8076923076923075,NA,NA,NA,NA,NA,NA,NA,NA,NA,NA,NA,NA,NA,NA,NA
2025,Jerry Jeudy,jerry jeudy,CLE,WR,17,106,50,602,2,1,31,1288,166,-32.30545349802261,0.4716981132075472,5.679245283018868,12.04,0.018867924528301886,12.150943396226415,3.32,106,50,602,2,47.16981132075472,5.626857142857142,2.472050607213956,11.944999999999999,3.479800000000001,3.5047336892853878,-0.024933689285386862,36.49157290417781,5.679245283018868,12.04,0.018867924528301886
2025,Jeshaun Jones,jeshaun jones,MIN,WR,1,0,0,0,0,0,0,0,0,NA,NA,NA,NA,NA,NA,NA,NA,NA,NA,NA,NA,NA,NA,NA,NA,NA,NA,NA,NA,NA,NA
2025,Jimmy Horn Jr.,jimmy horn jr,CAR,WR,10,15,11,108,0,0,4,90,71,3.458589691873493,0.7333333333333333,7.2,9.818181818181818,0,6,6.454545454545454,NA,NA,NA,NA,NA,NA,NA,NA,NA,NA,NA,NA,NA,NA,NA
2025,John Metchie,john metchie,NYJ,WR,NA,NA,NA,NA,NA,NA,NA,NA,NA,NA,NA,NA,NA,NA,NA,NA,48,33,274,2,68.75,7.00219512195122,3.833602894849868,5.223125,4.565757575757576,5.4329540812170505,-0.8671965054594741,7.679301631059039,5.708333333333333,8.303030303030303,0.041666666666666664
2025,Jonathan Mingo,jonathan mingo,DAL,WR,5,5,1,25,0,0,1,97,4,-4.196077800996136,0.2,5,25,0,19.4,4,NA,NA,NA,NA,NA,NA,NA,NA,NA,NA,NA,NA,NA,NA,NA
2025,Jordan Addison,jordan addison,MIN,WR,14,79,42,610,3,0,26,1083,139,13.98937148091309,0.5316455696202531,7.7215189873417724,14.523809523809524,0.0379746835443038,13.708860759493671,3.3095238095238093,79,42,610,3,53.16455696202531,7.27987012987013,2.867290530063287,14.40151898734177,3.5892857142857135,2.962784087354806,0.6265016269309074,29.910561710316692,7.7215189873417724,14.523809523809524,0.0379746835443038
2025,Jordan Watkins,jordan watkins,SF,WR,2,3,2,26,0,0,1,43,1,0.9922397133777849,0.6666666666666666,8.666666666666666,13,0,14.333333333333334,0.5,NA,NA,NA,NA,NA,NA,NA,NA,NA,NA,NA,NA,NA,NA,NA
2025,Jordan Whittington,jordan whittington,LA,WR,15,25,18,171,0,0,7,171,88,2.5636294847566576,0.72,6.84,9.5,0,6.84,4.888888888888889,NA,NA,NA,NA,NA,NA,NA,NA,NA,NA,NA,NA,NA,NA,NA
2025,Josh Downs,josh downs,IND,WR,16,88,58,566,4,0,36,659,144,8.65751017263293,0.6590909090909091,6.431818181818182,9.758620689655173,0.045454545454545456,7.488636363636363,2.4827586206896552,88,58,559,4,65.9090909090909,7.213918918918919,2.6805034029614965,7.7382954545454545,2.677241379310345,2.54290742878229,0.13433395052805475,15.8832749443711,6.3522727272727275,9.637931034482758,0.045454545454545456
2025,Josh Johnson,josh johnson,WAS,QB,3,0,0,0,0,0,0,0,0,NA,NA,NA,NA,NA,NA,NA,NA,NA,NA,NA,NA,NA,NA,NA,NA,NA,NA,NA,NA,NA,NA
2025,Josh Palmer,josh palmer,BUF,WR,12,37,22,303,0,0,14,424,54,6.743612439486232,0.5945945945945946,8.18918918918919,13.772727272727273,0,11.45945945945946,2.4545454545454546,NA,NA,NA,NA,NA,NA,NA,NA,NA,NA,NA,NA,NA,NA,NA
2025,Josh Reynolds,josh reynolds,NYJ,WR,5,21,11,101,0,0,4,276,14,-2.4222081790647936,0.5238095238095238,4.809523809523809,9.181818181818182,0,13.142857142857142,1.2727272727272727,NA,NA,NA,NA,NA,NA,NA,NA,NA,NA,NA,NA,NA,NA,NA
2025,JuJu Smith-Schuster,juju smith schuster,KC,WR,17,45,33,345,1,0,19,244,191,2.62107560196893,0.7333333333333333,7.666666666666667,10.454545454545455,0.022222222222222223,5.4222222222222225,5.787878787878788,45,33,345,1,73.33333333333333,6.032682926829268,3.457517239604082,5.08,6.098181818181819,6.064027137494542,0.03415468068727634,5.5492710209590586,7.666666666666667,10.454545454545455,0.022222222222222223
2025,Justin Jefferson,justin jefferson,MIN,WR,17,141,84,1048,2,0,47,1438,451,-13.828682236003711,0.5957446808510638,7.432624113475177,12.476190476190476,0.014184397163120567,10.198581560283689,5.369047619047619,141,84,1048,2,59.57446808510638,5.848560606060605,3.2330355043776238,10.352978723404256,5.267619047619048,4.488937379782848,0.7786816678362003,38.37722872751556,7.432624113475177,12.476190476190476,0.014184397163120567
2025,Justin Watson,justin watson,HOU,WR,3,4,3,30,0,0,1,33,14,1.3515022930677918,0.75,7.5,10,0,8.25,4.666666666666667,NA,NA,NA,NA,NA,NA,NA,NA,NA,NA,NA,NA,NA,NA,NA
2025,KaVontae Turpin,kavontae turpin,DAL,WR,15,38,26,396,2,0,16,339,214,16.721002287897193,0.6842105263157895,10.421052631578947,15.23076923076923,0.05263157894736842,8.921052631578947,8.23076923076923,NA,NA,NA,NA,NA,NA,NA,NA,NA,NA,NA,NA,NA,NA,NA
2025,Kaden Davis,kaden davis,CLE,WR,1,0,0,0,0,0,0,0,0,NA,NA,NA,NA,NA,NA,NA,NA,NA,NA,NA,NA,NA,NA,NA,NA,NA,NA,NA,NA,NA,NA
2025,Kalif Raymond,kalif raymond,DET,WR,15,30,24,289,1,0,14,169,157,15.205083017843219,0.8,9.633333333333333,12.041666666666666,0.03333333333333333,5.633333333333334,6.541666666666667,NA,NA,NA,NA,NA,NA,NA,NA,NA,NA,NA,NA,NA,NA,NA
2025,Kameron Johnson,kameron johnson,TB,WR,17,7,4,64,1,0,3,88,20,0.5218187012884652,0.5714285714285714,9.142857142857142,16,0.14285714285714285,12.571428571428571,5,NA,NA,NA,NA,NA,NA,NA,NA,NA,NA,NA,NA,NA,NA,NA
2025,Kayshon Boutte,kayshon boutte,NE,WR,14,46,33,551,6,0,27,781,38,36.86034117618686,0.717391304347826,11.978260869565217,16.696969696969695,0.13043478260869565,16.97826086956522,1.1515151515151516,46,33,551,6,71.73913043478261,4.895217391304347,2.3216219655954746,17.247173913043476,1.2630303030303032,1.6914035875225768,-0.42837328449227363,18.01741855632643,11.978260869565217,16.696969696969695,0.13043478260869565
2025,Ke'Shawn Williams,ke shawn williams,CIN,WR,11,1,1,5,0,0,0,5,0,0.0076984986662864685,1,5,5,0,5,0,NA,NA,NA,NA,NA,NA,NA,NA,NA,NA,NA,NA,NA,NA,NA
2025,KeAndre Lambert-Smith,keandre lambert smith,LAC,WR,10,12,5,51,1,0,3,211,21,-4.9158868087072864,0.4166666666666667,4.25,10.2,0.08333333333333333,17.583333333333332,4.2,NA,NA,NA,NA,NA,NA,NA,NA,NA,NA,NA,NA,NA,NA,NA
2025,Keenan Allen,keenan allen,LAC,WR,17,122,81,777,4,2,49,1027,231,34.920523438576666,0.6639344262295082,6.368852459016393,9.592592592592593,0.03278688524590164,8.418032786885245,2.8518518518518516,122,81,777,4,66.39344262295081,6.175677966101696,2.5631738400655673,8.481967213114753,3.0514814814814812,2.7374944046974914,0.31398707678398985,23.367619993902913,6.368852459016393,9.592592592592593,0.03278688524590164
2025,Kendrick Bourne,kendrick bourne,SF,WR,14,53,37,551,0,0,27,584,165,20.54687538966086,0.6981132075471698,10.39622641509434,14.891891891891891,0,11.018867924528301,4.45945945945946,53,37,551,0,69.81132075471697,6.504705882352942,2.8762101841501995,10.627924528301888,4.777027027027029,3.0935046486991986,1.6835223783278304,13.80737138318838,10.39622641509434,14.891891891891891,0
2025,Keon Coleman,keon coleman,BUF,WR,12,59,38,404,4,1,26,659,88,12.39113741616928,0.6440677966101694,6.8474576271186445,10.631578947368421,0.06779661016949153,11.169491525423728,2.3157894736842106,59,38,404,4,64.40677966101694,5.7076271186440675,2.775886624942675,11.962542372881359,2.6076315789473687,3.0045989355643594,-0.3969673566169907,20.578887826269508,6.8474576271186445,10.631578947368421,0.06779661016949153
2025,KhaDarel Hodge,khadarel hodge,ATL,WR,8,10,3,31,0,0,2,150,9,-2.792162029421752,0.3,3.1,10.333333333333334,0,15,3,NA,NA,NA,NA,NA,NA,NA,NA,NA,NA,NA,NA,NA,NA,NA
2025,Khalil Shakir,khalil shakir,BUF,WR,16,95,72,719,4,1,28,349,541,7.502132030080418,0.7578947368421053,7.568421052631579,9.98611111111111,0.042105263157894736,3.6736842105263157,7.513888888888889,95,72,686,4,75.78947368421053,6.6916,3.8039981933559166,3.536526315789474,7.375694444444444,5.491952738039616,1.8837417064048285,9.79595764036295,7.221052631578948,9.527777777777779,0.042105263157894736
2025,Konata Mumpfield,konata mumpfield,LA,WR,10,23,10,92,1,0,7,296,25,-8.764106865245363,0.43478260869565216,4,9.2,0.043478260869565216,12.869565217391305,2.5,NA,NA,NA,NA,NA,NA,NA,NA,NA,NA,NA,NA,NA,NA,NA
2025,Kyle Williams,kyle williams,NE,WR,14,21,10,209,3,0,7,400,79,9.837597537944696,0.47619047619047616,9.952380952380953,20.9,0.14285714285714285,19.047619047619047,7.9,NA,NA,NA,NA,NA,NA,NA,NA,NA,NA,NA,NA,NA,NA,NA
2025,LaJohntay Wester,lajohntay wester,BAL,WR,14,0,0,0,0,0,0,0,0,NA,NA,NA,NA,NA,NA,NA,NA,NA,NA,NA,NA,NA,NA,NA,NA,NA,NA,NA,NA,NA,NA
2025,Ladd McConkey,ladd mcconkey,LAC,WR,16,106,66,789,6,0,35,1046,310,7.235227504492885,0.6226415094339622,7.443396226415095,11.954545454545455,0.05660377358490566,9.867924528301886,4.696969696969697,106,66,789,6,62.264150943396224,5.7957281553398055,3.2648420915847884,9.984622641509436,4.769393939393939,3.7608559203086176,1.008538019085321,23.899872412975483,7.443396226415095,11.954545454545455,0.05660377358490566
2025,Laquon Treadwell,laquon treadwell,IND,WR,6,0,0,0,0,0,0,0,0,NA,NA,NA,NA,NA,NA,NA,NA,NA,NA,NA,NA,NA,NA,NA,NA,NA,NA,NA,NA,NA,NA
2025,Lil'Jordan Humphrey,lil jordan humphrey,DEN,WR,7,25,13,156,1,0,9,277,29,7.935661617713379,0.52,6.24,12,0.04,11.08,2.230769230769231,NA,NA,NA,NA,NA,NA,NA,NA,NA,NA,NA,NA,NA,NA,NA
2025,Luke McCaffrey,luke mccaffrey,WAS,WR,9,15,11,203,3,0,6,218,69,9.45131037094779,0.7333333333333333,13.533333333333333,18.454545454545453,0.2,14.533333333333333,6.2727272727272725,NA,NA,NA,NA,NA,NA,NA,NA,NA,NA,NA,NA,NA,NA,NA
2025,Luther Burden III,luther burden iii,CHI,WR,15,60,47,652,2,0,27,460,334,30.07064408043516,0.7833333333333333,10.866666666666667,13.872340425531915,0.03333333333333333,7.666666666666667,7.1063829787234045,NA,NA,NA,NA,NA,NA,NA,NA,NA,NA,NA,NA,NA,NA,NA
2025,Mack Hollins,mack hollins,NE,WR,14,65,46,550,2,1,29,851,108,27.20059189906663,0.7076923076923077,8.461538461538462,11.956521739130435,0.03076923076923077,13.092307692307692,2.347826086956522,65,46,550,2,70.76923076923077,6.18723076923077,2.665801481627102,12.99676923076923,2.2780434782608694,2.541906688566809,-0.2638632103059395,19.185165839644814,8.461538461538462,11.956521739130435,0.03076923076923077
2025,Malachi Corley,malachi corley,CLE,WR,12,14,11,79,0,0,5,-7,68,-3.2238153658108786,0.7857142857142857,5.642857142857143,7.181818181818182,0,-0.5,6.181818181818182,NA,NA,NA,NA,NA,NA,NA,NA,NA,NA,NA,NA,NA,NA,NA
2025,Malik Cunningham,malik cunningham,DET,WR,1,0,0,0,0,0,0,0,0,NA,NA,NA,NA,NA,NA,NA,NA,NA,NA,NA,NA,NA,NA,NA,NA,NA,NA,NA,NA,NA,NA
2025,Malik Heath,malik heath,GB,WR,7,7,6,86,0,0,4,65,29,6.949825530622253,0.8571428571428571,12.285714285714286,14.333333333333334,0,9.285714285714286,4.833333333333333,NA,NA,NA,NA,NA,NA,NA,NA,NA,NA,NA,NA,NA,NA,NA
2025,Malik Nabers,malik nabers,NYG,WR,4,35,18,271,2,0,11,555,52,2.3088885260292957,0.5142857142857142,7.742857142857143,15.055555555555555,0.05714285714285714,15.857142857142858,2.888888888888889,NA,NA,NA,NA,NA,NA,NA,NA,NA,NA,NA,NA,NA,NA,NA
2025,Malik Turner,malik turner,SF,WR,2,1,0,0,0,0,0,-5,0,-0.5652746770065278,0,0,NA,0,-5,NA,NA,NA,NA,NA,NA,NA,NA,NA,NA,NA,NA,NA,NA,NA,NA
2025,Malik Washington,malik washington,MIA,WR,17,65,46,317,3,0,16,337,253,-9.825857283310667,0.7076923076923077,4.876923076923077,6.891304347826087,0.046153846153846156,5.184615384615385,5.5,65,46,317,3,70.76923076923077,6.425272727272726,3.6508982788645628,5.191076923076922,5.751739130434783,4.855719981711576,0.896019148723207,10.637419175853795,4.876923076923077,6.891304347826087,0.046153846153846156
2025,Marcus Harris,marcus harris,TEN,CB,11,0,0,0,0,0,0,0,0,NA,NA,NA,NA,NA,NA,NA,NA,NA,NA,NA,NA,NA,NA,NA,NA,NA,NA,NA,NA,NA,NA
2025,Marquez Valdes-Scantling,marquez valdes scantling,PIT,WR,9,29,14,120,1,1,6,354,28,-3.0449687097139573,0.4827586206896552,4.137931034482759,8.571428571428571,0.034482758620689655,12.206896551724139,2,NA,NA,NA,NA,NA,NA,NA,NA,NA,NA,NA,NA,NA,NA,NA
2025,Marquise Brown,marquise brown,KC,WR,16,74,49,587,5,1,29,836,190,22.347303343925745,0.6621621621621622,7.9324324324324325,11.979591836734693,0.06756756756756757,11.297297297297296,3.877551020408163,74,49,587,5,66.21621621621621,6.352714285714287,3.2097319185748905,11.161486486486487,4.332040816326531,4.929119774180571,-0.5970789578540403,20.049958004204434,7.9324324324324325,11.979591836734693,0.06756756756756757
2025,Marvin Harrison Jr.,marvin harrison jr,ARI,WR,12,73,41,608,4,0,30,946,119,31.114757475455512,0.5616438356164384,8.32876712328767,14.829268292682928,0.0547945205479452,12.95890410958904,2.902439024390244,NA,NA,NA,NA,NA,NA,NA,NA,NA,NA,NA,NA,NA,NA,NA
2025,Marvin Mims,marvin mims,DEN,WR,NA,NA,NA,NA,NA,NA,NA,NA,NA,NA,NA,NA,NA,NA,NA,NA,51,37,322,1,72.54901960784314,7.816410256410257,4.528699894119982,8.96686274509804,6.515135135135136,6.0426059766027445,0.4725291585323914,10.444706844296645,6.313725490196078,8.702702702702704,0.0196078431372549
2025,Mason Kinsey,mason kinsey,TEN,WR,6,4,2,48,0,0,2,92,3,3.3984646108583547,0.5,12,24,0,23,1.5,NA,NA,NA,NA,NA,NA,NA,NA,NA,NA,NA,NA,NA,NA,NA
2025,Mason Tipton,mason tipton,NO,WR,8,17,11,76,0,0,4,149,37,-7.460746831760796,0.6470588235294118,4.470588235294118,6.909090909090909,0,8.764705882352942,3.3636363636363638,NA,NA,NA,NA,NA,NA,NA,NA,NA,NA,NA,NA,NA,NA,NA
2025,Matthew Golden,matthew golden,GB,WR,14,44,29,361,0,0,16,552,101,16.79884555261497,0.6590909090909091,8.204545454545455,12.448275862068966,0,12.545454545454545,3.4827586206896552,NA,NA,NA,NA,NA,NA,NA,NA,NA,NA,NA,NA,NA,NA,NA
2025,Mecole Hardman,mecole hardman,BUF,WR,2,1,0,0,0,0,0,46,0,-0.5083634960465133,0,0,NA,0,46,NA,NA,NA,NA,NA,NA,NA,NA,NA,NA,NA,NA,NA,NA,NA,NA
2025,Michael Bandy,michael bandy,DEN,WR,4,4,4,50,1,0,3,24,26,7.25989974103868,1,12.5,12.5,0.25,6,6.5,NA,NA,NA,NA,NA,NA,NA,NA,NA,NA,NA,NA,NA,NA,NA
2025,Michael Wilson,michael wilson,ARI,WR,17,126,78,1006,7,0,51,1502,273,25.752180702367646,0.6190476190476191,7.984126984126984,12.897435897435898,0.05555555555555555,11.920634920634921,3.5,126,78,1006,7,61.904761904761905,5.981370967741934,2.4353189951454493,11.377063492063492,3.8056410256410262,3.2319162655995797,0.5737247600414466,31.859884162847656,7.984126984126984,12.897435897435898,0.05555555555555555
2025,Mike Brown,mike brown,TEN,SAF,4,0,0,0,0,0,0,0,0,NA,NA,NA,NA,NA,NA,NA,NA,NA,NA,NA,NA,NA,NA,NA,NA,NA,NA,NA,NA,NA,NA
2025,Mike Evans,mike evans,TB,WR,8,62,30,368,3,0,23,824,37,5.266324962874822,0.4838709677419355,5.935483870967742,12.266666666666667,0.04838709677419355,13.290322580645162,1.2333333333333334,62,30,368,3,48.38709677419355,5.4312903225806455,1.920256516214609,13.597903225806451,1.650666666666666,2.2691462593936746,-0.6184795927270086,19.322552106968832,5.935483870967742,12.266666666666667,0.04838709677419355
2025,Milton Williams,milton williams,NE,DE,11,0,0,0,0,0,0,0,0,NA,NA,NA,NA,NA,NA,NA,NA,NA,NA,NA,NA,NA,NA,NA,NA,NA,NA,NA,NA,NA,NA
2025,Mitchell Tinsley,mitchell tinsley,CIN,WR,8,24,8,116,2,0,6,354,16,2.628396723910416,0.3333333333333333,4.833333333333333,14.5,0.08333333333333333,14.75,2,NA,NA,NA,NA,NA,NA,NA,NA,NA,NA,NA,NA,NA,NA,NA
2025,Myles Price,myles price,MIN,WR,16,0,0,0,0,0,0,0,0,NA,NA,NA,NA,NA,NA,NA,NA,NA,NA,NA,NA,NA,NA,NA,NA,NA,NA,NA,NA,NA,NA
2025,Nico Collins,nico collins,HOU,WR,15,120,71,1117,6,1,48,1529,324,39.31019932264183,0.5916666666666667,9.308333333333334,15.732394366197184,0.05,12.741666666666667,4.563380281690141,120,71,1117,6,59.166666666666664,4.872136752136753,2.3131666031317173,12.904249999999998,4.8759154929577475,3.1877460011890717,1.6881694917686758,34.09410661247458,9.308333333333334,15.732394366197184,0.05
2025,Nikko Remigio,nikko remigio,KC,WR,14,1,1,21,0,0,1,18,3,2.176661997975316,1,21,21,0,18,3,NA,NA,NA,NA,NA,NA,NA,NA,NA,NA,NA,NA,NA,NA,NA
2025,Noah Brown,noah brown,WAS,WR,4,10,5,83,0,0,3,145,11,2.284025734901661,0.5,8.3,16.6,0,14.5,2.2,NA,NA,NA,NA,NA,NA,NA,NA,NA,NA,NA,NA,NA,NA,NA
2025,Olamide Zaccheaus,olamide zaccheaus,CHI,WR,14,65,39,313,2,0,15,462,138,-3.7957926920527654,0.6,4.815384615384615,8.025641025641026,0.03076923076923077,7.107692307692307,3.5384615384615383,65,39,313,2,60,6.349344262295081,3.4631324818214266,6.990000000000001,3.959487179487179,4.568729195114362,-0.6092420156271832,10.145658926326462,4.815384615384615,8.025641025641026,0.03076923076923077
2025,Parker Washington,parker washington,JAX,WR,16,95,58,847,5,0,37,1187,265,29.718381770590817,0.6105263157894737,8.91578947368421,14.60344827586207,0.05263157894736842,12.494736842105263,4.568965517241379,95,58,847,5,61.05263157894737,6.4245652173913035,2.3909522431815406,12.607368421052632,4.932241379310344,3.202053836615306,1.7301875426950382,24.55037777695786,8.91578947368421,14.60344827586207,0.05263157894736842
2025,Parris Campbell,parris campbell,DAL,WR,1,0,0,0,0,0,0,0,0,NA,NA,NA,NA,NA,NA,NA,NA,NA,NA,NA,NA,NA,NA,NA,NA,NA,NA,NA,NA,NA,NA
2025,Pat Bryant,pat bryant,DEN,WR,13,49,31,378,1,0,22,410,147,14.231253681904544,0.6326530612244898,7.714285714285714,12.193548387096774,0.02040816326530612,8.36734693877551,4.741935483870968,49,31,378,1,63.26530612244898,6.329583333333333,2.4050974668202705,8.71204081632653,4.810645161290323,3.976836461631594,0.8338086996587295,9.74993091067721,7.714285714285714,12.193548387096774,0.02040816326530612
2025,Puka Nacua,puka nacua,LA,WR,16,166,129,1715,10,1,80,1566,666,115.70040865301243,0.7771084337349398,10.331325301204819,13.294573643410853,0.060240963855421686,9.433734939759036,5.162790697674419,166,129,1715,10,77.71084337349397,6.020314465408805,2.8798760710269504,8.893614457831324,5.627054263565891,4.285594428109051,1.3414598354568401,27.92465106953641,10.331325301204819,13.294573643410853,0.060240963855421686
2025,Quentin Johnston,quentin johnston,LAC,WR,13,84,51,735,8,1,27,989,221,23.91051853808693,0.6071428571428571,8.75,14.411764705882353,0.09523809523809523,11.773809523809524,4.333333333333333,84,51,735,8,60.71428571428571,5.252682926829268,2.3646944838775346,12.307738095238093,4.712549019607842,3.9609909165822885,0.7515581030255531,23.34616730836541,8.75,14.411764705882353,0.09523809523809523
2025,Quentin Skinner,quentin skinner,NYJ,WR,1,1,1,10,0,0,1,4,6,2.3122854901449754,1,10,10,0,4,6,NA,NA,NA,NA,NA,NA,NA,NA,NA,NA,NA,NA,NA,NA,NA
2025,Rashee Rice,rashee rice,KC,WR,8,78,53,571,5,1,28,338,414,16.019448061033202,0.6794871794871795,7.32051282051282,10.773584905660377,0.0641025641025641,4.333333333333333,7.811320754716981,78,53,571,5,67.94871794871796,6.310588235294117,3.595441456947875,4.4164102564102565,8.166792452830189,7.55017194123299,0.6166205115971986,8.362261073053265,7.32051282051282,10.773584905660377,0.0641025641025641
2025,Rashid Shaheed,rashid shaheed,SEA,WR,18,92,59,687,2,1,29,1053,177,-4.27938954224811,0.6413043478260869,7.467391304347826,11.64406779661017,0.021739130434782608,11.445652173913043,3,92,59,687,2,64.13043478260869,6.370222222222223,2.761699422870211,11.54336956521739,3.1733898305084747,3.4254921517137396,-0.2521023212052649,22.971631282378517,7.467391304347826,11.64406779661017,0.021739130434782608
2025,Rashod Bateman,rashod bateman,BAL,WR,13,38,19,224,2,0,12,468,39,-1.6757597344176505,0.5,5.894736842105263,11.789473684210526,0.05263157894736842,12.31578947368421,2.0526315789473686,NA,NA,NA,NA,NA,NA,NA,NA,NA,NA,NA,NA,NA,NA,NA
2025,Ray-Ray McCloud,ray ray mccloud,NYG,WR,6,15,7,69,0,0,4,84,46,-9.451976196961434,0.4666666666666667,4.6,9.857142857142858,0,5.6,6.571428571428571,NA,NA,NA,NA,NA,NA,NA,NA,NA,NA,NA,NA,NA,NA,NA
2025,Ricky Pearsall,ricky pearsall,SF,WR,9,53,36,528,0,0,28,748,74,26.707000381800015,0.6792452830188679,9.962264150943396,14.666666666666666,0,14.11320754716981,2.0555555555555554,53,36,528,0,67.9245283018868,6.718627450980391,2.3382271929190335,13.946603773584904,2.1919444444444443,2.9294835500662066,-0.7375391056217624,18.118865760032936,9.962264150943396,14.666666666666666,0
2025,River Cracraft,river cracraft,WAS,WR,2,0,0,0,0,0,0,0,0,NA,NA,NA,NA,NA,NA,NA,NA,NA,NA,NA,NA,NA,NA,NA,NA,NA,NA,NA,NA,NA,NA
2025,Robbie Chosen,robbie chosen,WAS,WR,3,9,5,53,0,0,2,131,5,-0.27111587714171037,0.5555555555555556,5.888888888888889,10.6,0,14.555555555555555,1,NA,NA,NA,NA,NA,NA,NA,NA,NA,NA,NA,NA,NA,NA,NA
2025,Roman Wilson,roman wilson,PIT,WR,9,21,12,166,2,1,7,277,66,4.069125154677604,0.5714285714285714,7.904761904761905,13.833333333333334,0.09523809523809523,13.19047619047619,5.5,NA,NA,NA,NA,NA,NA,NA,NA,NA,NA,NA,NA,NA,NA,NA
2025,Rome Odunze,rome odunze,CHI,WR,12,90,44,661,6,0,37,1252,214,20.892721082810432,0.4888888888888889,7.344444444444444,15.022727272727273,0.06666666666666667,13.911111111111111,4.863636363636363,90,44,661,6,48.888888888888886,6.439529411764706,2.9815803100765113,14.078333333333335,5.000909090909089,4.0259801419290735,0.9749289489800157,28.293291829210837,7.344444444444444,15.022727272727273,0.06666666666666667
2025,Romeo Doubs,romeo doubs,GB,WR,16,85,55,724,6,1,41,1085,163,34.645472560090084,0.6470588235294118,8.51764705882353,13.163636363636364,0.07058823529411765,12.764705882352942,2.963636363636364,85,55,724,6,64.70588235294117,5.987176470588235,2.266009533159455,12.795176470588231,3.220909090909092,2.858490799186507,0.3624182917225851,27.050978480395564,8.51764705882353,13.163636363636364,0.07058823529411765
2025,Ronnie Bell,ronnie bell,NO,WR,2,4,2,23,1,0,1,78,1,1.188012222701218,0.5,5.75,11.5,0.25,19.5,0.5,NA,NA,NA,NA,NA,NA,NA,NA,NA,NA,NA,NA,NA,NA,NA
2025,Ryan Flournoy,ryan flournoy,DAL,WR,15,56,40,475,4,0,29,466,204,28.6348330703759,0.7142857142857143,8.482142857142858,11.875,0.07142857142857142,8.321428571428571,5.1,56,40,475,4,71.42857142857143,6.304716981132075,3.040814833749964,8.791785714285714,5.02675,4.37439124750571,0.6523587524942895,9.716175733439636,8.482142857142858,11.875,0.07142857142857142
2025,Ryan Miller,ryan miller,TB,WR,9,4,2,34,1,0,1,70,0,-0.7049306242245401,0.5,8.5,17,0.25,17.5,0,NA,NA,NA,NA,NA,NA,NA,NA,NA,NA,NA,NA,NA,NA,NA
2025,Samori Toure,samori toure,NO,WR,1,3,1,3,0,0,0,30,0,-8.685179700725712,0.3333333333333333,1,3,0,10,0,NA,NA,NA,NA,NA,NA,NA,NA,NA,NA,NA,NA,NA,NA,NA
2025,Savion Williams,savion williams,GB,WR,12,10,10,78,1,0,3,17,61,4.625004964240361,1,7.8,7.8,0.1,1.7,6.1,NA,NA,NA,NA,NA,NA,NA,NA,NA,NA,NA,NA,NA,NA,NA
2025,Shedrick Jackson,shedrick jackson,LV,WR,3,5,4,56,1,0,2,81,4,4.502880117041059,0.8,11.2,14,0.2,16.2,1,NA,NA,NA,NA,NA,NA,NA,NA,NA,NA,NA,NA,NA,NA,NA
2025,Simi Fehoko,simi fehoko,ARI,WR,7,0,0,0,0,0,0,0,0,NA,NA,NA,NA,NA,NA,NA,NA,NA,NA,NA,NA,NA,NA,NA,NA,NA,NA,NA,NA,NA,NA
2025,Skyy Moore,skyy moore,SF,WR,17,7,5,87,0,0,5,110,29,4.717117530817632,0.7142857142857143,12.428571428571429,17.4,0,15.714285714285714,5.8,NA,NA,NA,NA,NA,NA,NA,NA,NA,NA,NA,NA,NA,NA,NA
2025,Stefon Diggs,stefon diggs,NE,WR,17,102,85,1013,4,0,51,871,354,70.37037388862554,0.8333333333333334,9.931372549019608,11.91764705882353,0.0392156862745098,8.53921568627451,4.1647058823529415,102,85,1013,4,83.33333333333334,5.835773195876288,3.020775824593219,8.530098039215687,4.4202352941176475,3.574381760728974,0.8458535333886736,19.759274188969762,9.931372549019608,11.91764705882353,0.0392156862745098
2025,Sterling Shepard,sterling shepard,TB,WR,13,53,39,371,1,1,18,453,149,-2.8266655006483474,0.7358490566037735,7,9.512820512820513,0.018867924528301886,8.547169811320755,3.8205128205128207,53,39,371,1,73.58490566037736,6.029423076923076,3.205955018260777,8.698867924528301,3.8694871794871792,3.646006466478947,0.22348071300823236,10.566701962348215,7,9.512820512820513,0.018867924528301886
2025,Tahj Washington,tahj washington,MIA,WR,2,5,3,37,0,1,1,124,8,-5.326549560180865,0.6,7.4,12.333333333333334,0,24.8,2.6666666666666665,NA,NA,NA,NA,NA,NA,NA,NA,NA,NA,NA,NA,NA,NA,NA
2025,Tai Felton,tai felton,MIN,WR,12,3,3,25,0,0,2,11,14,1.3819832485169172,1,8.333333333333334,8.333333333333334,0,3.6666666666666665,4.666666666666667,NA,NA,NA,NA,NA,NA,NA,NA,NA,NA,NA,NA,NA,NA,NA
2025,Tanner Conner,tanner conner,MIA,TE,8,15,9,91,0,0,3,119,39,-6.508350265794434,0.6,6.066666666666666,10.11111111111111,0,7.933333333333334,4.333333333333333,NA,NA,NA,NA,NA,NA,NA,NA,NA,NA,NA,NA,NA,NA,NA
2025,Tay Martin,tay martin,WAS,WR,2,2,2,23,0,0,1,18,5,2.5324949176283553,1,11.5,11.5,0,9,2.5,NA,NA,NA,NA,NA,NA,NA,NA,NA,NA,NA,NA,NA,NA,NA
2025,Tee Higgins,tee higgins,CIN,WR,15,98,59,846,11,0,41,1314,166,35.986866589897986,0.6020408163265306,8.63265306122449,14.338983050847459,0.11224489795918367,13.408163265306122,2.8135593220338984,98,59,846,11,60.204081632653065,5.22721649484536,1.8328989708439571,13.532551020408164,3.2142372881355925,2.8321249910339064,0.38211229710168615,29.02017335209381,8.63265306122449,14.338983050847459,0.11224489795918367
2025,Terry McLaurin,terry mclaurin,WAS,WR,10,60,38,582,3,0,33,839,93,31.749826540501754,0.6333333333333333,9.7,15.31578947368421,0.05,13.983333333333333,2.4473684210526314,60,38,582,3,63.33333333333333,6.691833333333333,2.3780530890909906,14.059333333333335,2.7744736842105264,2.6908732851494332,0.08360039906109318,22.392227649182416,9.7,15.31578947368421,0.05
2025,Tez Johnson,tez johnson,TB,WR,15,44,28,322,5,0,16,516,110,16.342394185250168,0.6363636363636364,7.318181818181818,11.5,0.11363636363636363,11.727272727272727,3.9285714285714284,NA,NA,NA,NA,NA,NA,NA,NA,NA,NA,NA,NA,NA,NA,NA
2025,Theo Wease Jr.,theo wease jr,MIA,WR,3,10,6,139,1,0,6,137,63,2.137158262950834,0.6,13.9,23.166666666666668,0.1,13.7,10.5,NA,NA,NA,NA,NA,NA,NA,NA,NA,NA,NA,NA,NA,NA,NA
2025,Tim Jones,tim jones,JAX,WR,2,1,1,15,0,0,1,4,11,1.0751921531627886,1,15,15,0,4,11,NA,NA,NA,NA,NA,NA,NA,NA,NA,NA,NA,NA,NA,NA,NA
2025,Tim Patrick,tim patrick,JAX,WR,13,24,15,187,3,0,10,258,54,5.696503462025859,0.625,7.791666666666667,12.466666666666667,0.125,10.75,3.6,NA,NA,NA,NA,NA,NA,NA,NA,NA,NA,NA,NA,NA,NA,NA
2025,Tom Kennedy,tom kennedy,DET,WR,6,4,4,36,0,0,2,32,4,4.502742598298937,1,9,9,0,8,1,NA,NA,NA,NA,NA,NA,NA,NA,NA,NA,NA,NA,NA,NA,NA
2025,Tory Horton,tory horton,SEA,WR,8,22,13,161,5,0,7,337,33,10.245775616387846,0.5909090909090909,7.318181818181818,12.384615384615385,0.22727272727272727,15.318181818181818,2.5384615384615383,NA,NA,NA,NA,NA,NA,NA,NA,NA,NA,NA,NA,NA,NA,NA
2025,Travis Hunter,travis hunter,JAX,WR,7,45,28,298,1,1,12,354,140,-2.307090115044134,0.6222222222222222,6.622222222222222,10.642857142857142,0.022222222222222223,7.866666666666666,5,45,28,298,1,62.22222222222222,7.03475,3.318525980266503,7.594666666666667,5.498928571428572,4.736819089659643,0.7621094817689293,7.005374558781929,6.622222222222222,10.642857142857142,0.022222222222222223
2025,Tre Harris,tre harris,LAC,WR,16,43,30,324,1,0,18,398,139,15.32728224309757,0.6976744186046512,7.534883720930233,10.8,0.023255813953488372,9.255813953488373,4.633333333333334,NA,NA,NA,NA,NA,NA,NA,NA,NA,NA,NA,NA,NA,NA,NA
2025,Tre Tucker,tre tucker,LV,WR,17,92,57,696,5,0,32,935,291,21.81887260248699,0.6195652173913043,7.565217391304348,12.210526315789474,0.05434782608695652,10.16304347826087,5.105263157894737,92,57,696,5,61.95652173913043,7.618735632183907,3.6219217863116024,10.305434782608698,5.249824561403509,5.017804735462975,0.23201982594053394,29.08184079678293,7.565217391304348,12.210526315789474,0.05434782608695652
2025,Trent Sherfield,trent sherfield,ARI,WR,4,5,3,21,0,0,1,45,14,-0.8546745961648412,0.6,4.2,7,0,9,4.666666666666667,NA,NA,NA,NA,NA,NA,NA,NA,NA,NA,NA,NA,NA,NA,NA
2025,Treylon Burks,treylon burks,WAS,WR,8,22,10,130,1,0,7,296,34,-8.81426042576667,0.45454545454545453,5.909090909090909,13,0.045454545454545456,13.454545454545455,3.4,NA,NA,NA,NA,NA,NA,NA,NA,NA,NA,NA,NA,NA,NA,NA
2025,Troy Franklin,troy franklin,DEN,WR,17,104,65,709,6,1,32,1321,282,9.788528783931133,0.625,6.8173076923076925,10.907692307692308,0.057692307692307696,12.701923076923077,4.338461538461538,104,65,709,6,62.5,6.690531914893617,3.008025890829162,12.681346153846153,4.330923076923077,4.033374873771905,0.29754820315117225,30.12203115757161,6.8173076923076925,10.907692307692308,0.057692307692307696
2025,Tutu Atwell,tutu atwell,LA,WR,8,15,6,192,1,0,4,302,67,2.775519557569714,0.4,12.8,32,0.06666666666666667,20.133333333333333,11.166666666666666,NA,NA,NA,NA,NA,NA,NA,NA,NA,NA,NA,NA,NA,NA,NA
2025,Tylan Wallace,tylan wallace,BAL,WR,11,8,4,45,1,0,3,107,17,1.511378120412774,0.5,5.625,11.25,0.125,13.375,4.25,NA,NA,NA,NA,NA,NA,NA,NA,NA,NA,NA,NA,NA,NA,NA
2025,Tyler Johnson,tyler johnson,NYJ,WR,9,18,12,197,1,0,8,210,64,10.579077500229882,0.6666666666666666,10.944444444444445,16.416666666666668,0.05555555555555555,11.666666666666666,5.333333333333333,NA,NA,NA,NA,NA,NA,NA,NA,NA,NA,NA,NA,NA,NA,NA
2025,Tyler Lockett,tyler lockett,LV,WR,17,55,32,291,1,0,14,426,79,-8.545786031314679,0.5818181818181818,5.290909090909091,9.09375,0.01818181818181818,7.745454545454545,2.46875,55,32,291,1,58.18181818181818,6.275094339622641,2.7826098049365333,7.525818181818181,2.74375,3.7804426846943335,-1.0366926846943336,12.696504105689685,5.290909090909091,9.09375,0.01818181818181818
2025,Tyquan Thornton,tyquan thornton,KC,WR,12,37,19,438,3,0,15,995,59,26.24813281281208,0.5135135135135135,11.837837837837839,23.05263157894737,0.08108108108108109,26.89189189189189,3.1052631578947367,NA,NA,NA,NA,NA,NA,NA,NA,NA,NA,NA,NA,NA,NA,NA
2025,Tyreek Hill,tyreek hill,MIA,WR,4,29,21,265,1,0,17,399,57,19.8345950107323,0.7241379310344828,9.137931034482758,12.619047619047619,0.034482758620689655,13.758620689655173,2.7142857142857144,NA,NA,NA,NA,NA,NA,NA,NA,NA,NA,NA,NA,NA,NA,NA
2025,Tyrell Shavers,tyrell shavers,BUF,WR,11,23,15,245,1,0,11,298,64,12.273498607915826,0.6521739130434783,10.652173913043478,16.333333333333332,0.043478260869565216,12.956521739130435,4.266666666666667,NA,NA,NA,NA,NA,NA,NA,NA,NA,NA,NA,NA,NA,NA,NA
2025,Van Jefferson,van jefferson,TEN,WR,14,52,29,350,1,0,17,623,83,8.938446541217816,0.5576923076923077,6.730769230769231,12.068965517241379,0.019230769230769232,11.98076923076923,2.8620689655172415,52,29,350,1,55.769230769230774,6.0706,2.633552020665373,12.02403846153846,3.09103448275862,2.52735979131191,0.5636746914467099,16.111202729306022,6.730769230769231,12.068965517241379,0.019230769230769232
2025,Wan'Dale Robinson,wan dale robinson,NYG,WR,16,140,92,1014,4,1,40,1187,386,19.46254311013073,0.6571428571428571,7.242857142857143,11.021739130434783,0.02857142857142857,8.478571428571428,4.195652173913044,140,92,1014,4,65.71428571428571,6.710916666666668,3.365855718834662,8.654928571428572,4.5775,4.232682747537389,0.34481725246261075,27.615607265765675,7.242857142857143,11.021739130434783,0.02857142857142857
2025,Xavier Gipson,xavier gipson,PHI,WR,6,2,2,6,0,0,0,-9,15,-0.6137133189477026,1,3,3,0,-4.5,7.5,NA,NA,NA,NA,NA,NA,NA,NA,NA,NA,NA,NA,NA,NA,NA
2025,Xavier Hutchinson,xavier hutchinson,HOU,WR,16,57,35,428,3,0,19,584,146,12.88556666651169,0.6140350877192983,7.508771929824562,12.228571428571428,0.05263157894736842,10.24561403508772,4.171428571428572,57,35,428,3,61.40350877192983,5.520909090909091,3.045248814335496,9.077017543859649,4.554857142857143,4.008151917155871,0.5467052257012721,11.391563386886897,7.508771929824562,12.228571428571428,0.05263157894736842
2025,Xavier Legette,xavier legette,CAR,WR,15,64,35,363,3,1,18,633,75,-4.082821242714836,0.546875,5.671875,10.371428571428572,0.046875,9.890625,2.142857142857143,64,35,363,3,54.6875,6.733448275862068,2.599621613011182,10.80453125,2.4494285714285717,3.0210836777560526,-0.5716551063274808,20.307897434090158,5.671875,10.371428571428572,0.046875
2025,Xavier Restrepo,xavier restrepo,TEN,WR,2,7,3,41,0,0,3,77,9,3.0452236733108293,0.42857142857142855,5.857142857142857,13.666666666666666,0,11,3,NA,NA,NA,NA,NA,NA,NA,NA,NA,NA,NA,NA,NA,NA,NA
2025,Xavier Smith,xavier smith,LA,WR,16,24,18,303,0,0,11,405,107,21.934939986560494,0.75,12.625,16.833333333333332,0,16.875,5.944444444444445,NA,NA,NA,NA,NA,NA,NA,NA,NA,NA,NA,NA,NA,NA,NA
2025,Xavier Weaver,xavier weaver,ARI,WR,7,13,7,67,0,0,2,192,20,1.14794683235327,0.5384615384615384,5.153846153846154,9.571428571428571,0,14.76923076923077,2.857142857142857,NA,NA,NA,NA,NA,NA,NA,NA,NA,NA,NA,NA,NA,NA,NA
2025,Xavier Worthy,xavier worthy,KC,WR,14,73,42,532,1,0,22,944,193,14.82801236860376,0.5753424657534246,7.287671232876712,12.666666666666666,0.0136986301369863,12.931506849315069,4.595238095238095,73,42,532,1,57.534246575342465,6.294428571428572,3.45903024945309,12.358219178082189,5.117380952380951,5.579427383416141,-0.4620464310351906,21.899715011190786,7.287671232876712,12.666666666666666,0.0136986301369863
2025,Zavier Scott,zavier scott,MIN,RB,11,16,14,98,1,0,7,17,105,-0.7624529692693613,0.875,6.125,7,0.0625,1.0625,7.5,NA,NA,NA,NA,NA,NA,NA,NA,NA,NA,NA,NA,NA,NA,NA
2025,Zay Flowers,zay flowers,BAL,WR,17,118,86,1211,5,3,48,1204,458,46.3842026584022,0.7288135593220338,10.26271186440678,14.081395348837209,0.0423728813559322,10.203389830508474,5.325581395348837,118,86,1211,5,72.88135593220339,6.454454545454546,3.579677557341893,9.922881355932205,5.58267441860465,5.386771908808303,0.1959025097963476,34.7383130156677,10.26271186440678,14.081395348837209,0.0423728813559322
2025,Zay Jones,zay jones,ARI,WR,6,18,12,183,0,0,7,241,36,5.602521057240665,0.6666666666666666,10.166666666666666,15.25,0,13.38888888888889,3,NA,NA,NA,NA,NA,NA,NA,NA,NA,NA,NA,NA,NA,NA,NA
