season,player_key,player,team,pos,reg_games,reg_targets,reg_receptions,reg_receiving_yards,reg_receiving_tds,reg_receiving_fumbles,reg_receiving_first_downs,reg_receiving_air_yards,reg_receiving_yards_after_catch,reg_receiving_epa,reg_catch_rate,reg_yards_per_target,reg_yards_per_reception,reg_td_per_target,reg_air_yards_per_target,reg_yac_per_reception
2010,adrian arrington,Adrian Arrington,NO,WR,1,9,7,79,0,0,3,87,25,4.866324236383662,0.7777777777777778,8.777777777777779,11.285714285714286,0,9.666666666666666,3.5714285714285716
2010,andre caldwell,Andre Caldwell,CIN,WR,13,37,25,345,0,0,16,410,106,14.966496227429221,0.6756756756756757,9.324324324324325,13.8,0,11.08108108108108,4.24
2010,andre johnson,Andre Johnson,HOU,WR,13,138,86,1216,8,1,59,1558,350,46.19893050184536,0.6231884057971014,8.81159420289855,14.13953488372093,0.057971014492753624,11.289855072463768,4.069767441860465
2010,andre roberts,Andre Roberts,ARI,WR,14,49,24,307,2,1,10,433,138,-7.976714661546753,0.4897959183673469,6.26530612244898,12.791666666666666,0.04081632653061224,8.83673469387755,5.75
2010,anquan boldin,Anquan Boldin,BAL,WR,16,109,64,837,7,1,43,1289,221,26.51351046963789,0.5871559633027523,7.678899082568807,13.078125,0.06422018348623854,11.825688073394495,3.453125
2010,anthony armstrong,Anthony Armstrong,WAS,WR,15,86,44,871,3,1,32,1481,160,21.072579265792314,0.5116279069767442,10.127906976744185,19.795454545454547,0.03488372093023256,17.22093023255814,3.6363636363636362
2010,anthony gonzalez,Anthony Gonzalez,IND,WR,2,9,5,67,0,0,3,94,16,-0.7158242938729638,0.5555555555555556,7.444444444444445,13.4,0,10.444444444444445,3.2
2010,antonio brown,Antonio Brown,PIT,WR,9,19,16,167,0,0,10,113,111,8.633751073037274,0.8421052631578947,8.789473684210526,10.4375,0,5.947368421052632,6.9375
2010,armanti edwards,Armanti Edwards,CAR,WR,3,2,0,0,0,0,0,22,0,-3.8193546401453204,0,0,NA,0,11,NA
2010,arrelious benn,Arrelious Benn,TB,WR,14,38,25,395,2,1,18,475,159,27.744288316374877,0.6578947368421053,10.394736842105264,15.8,0.05263157894736842,12.5,6.36
2010,austin collie,Austin Collie,IND,WR,9,70,57,617,8,0,32,583,281,48.5708645224513,0.8142857142857143,8.814285714285715,10.824561403508772,0.11428571428571428,8.32857142857143,4.9298245614035086
2010,ben obomanu,Ben Obomanu,SEA,WR,13,49,30,494,4,0,17,560,169,7.2317189182797454,0.6122448979591837,10.081632653061224,16.466666666666665,0.08163265306122448,11.428571428571429,5.633333333333334
2010,brad smith,Brad Smith,NYJ,WR,16,7,4,44,0,0,2,43,10,-2.015045953191056,0.5714285714285714,6.285714285714286,11,0,6.142857142857143,2.5
2010,brandon gibson,Brandon Gibson,LA,WR,14,91,53,620,2,0,33,966,206,-0.33428664224543425,0.5824175824175825,6.813186813186813,11.69811320754717,0.02197802197802198,10.615384615384615,3.8867924528301887
2010,brandon johnson,Brandon Johnson,CIN,LB,14,0,0,0,0,0,0,0,0,NA,NA,NA,NA,NA,NA,NA
2010,brandon lafell,Brandon LaFell,CAR,WR,14,77,38,468,1,0,23,792,133,2.8972169793588254,0.4935064935064935,6.077922077922078,12.31578947368421,0.012987012987012988,10.285714285714286,3.5
2010,brandon lloyd,Brandon Lloyd,DEN,WR,16,153,77,1448,11,0,72,2603,180,64.75087099705448,0.5032679738562091,9.4640522875817,18.805194805194805,0.0718954248366013,17.013071895424837,2.3376623376623376
2010,brandon marshall,Brandon Marshall,MIA,WR,14,146,86,1014,3,2,57,1553,235,15.524893255409339,0.589041095890411,6.945205479452055,11.790697674418604,0.02054794520547945,10.636986301369863,2.7325581395348837
2010,brandon stokley,Brandon Stokley,SEA,WR,11,43,31,354,0,0,23,394,89,7.54296840775914,0.7209302325581395,8.232558139534884,11.419354838709678,0,9.162790697674419,2.870967741935484
2010,brandon tate,Brandon Tate,NE,WR,16,46,24,432,3,1,14,631,139,9.416830251087099,0.5217391304347826,9.391304347826088,18,0.06521739130434782,13.717391304347826,5.791666666666667
2010,braylon edwards,Braylon Edwards,NYJ,WR,16,101,53,904,7,1,40,1588,285,34.566938072643666,0.5247524752475248,8.950495049504951,17.056603773584907,0.06930693069306931,15.722772277227723,5.377358490566038
2010,brett swain,Brett Swain,GB,WR,7,9,6,72,0,0,3,63,59,2.905478346045129,0.6666666666666666,8,12,0,7,9.833333333333334
2010,brian hartline,Brian Hartline,MIA,WR,12,73,43,615,1,1,27,941,211,6.169470790248708,0.589041095890411,8.424657534246576,14.30232558139535,0.0136986301369863,12.89041095890411,4.906976744186046
2010,brian robiskie,Brian Robiskie,CLE,WR,13,49,29,310,3,0,12,546,58,3.5726276979327953,0.5918367346938775,6.326530612244898,10.689655172413794,0.061224489795918366,11.142857142857142,2
2010,britt davis,Britt Davis,DEN,WR,3,0,0,0,0,0,0,0,0,NA,NA,NA,NA,NA,NA,NA
2010,bryant johnson,Bryant Johnson,DET,WR,14,49,18,210,0,0,11,600,63,-9.187930692823581,0.3673469387755102,4.285714285714286,11.666666666666666,0,12.244897959183673,3.5
2010,calvin johnson,Calvin Johnson,DET,WR,15,137,77,1120,12,1,57,1930,304,48.059409606635214,0.5620437956204379,8.175182481751825,14.545454545454545,0.08759124087591241,14.087591240875913,3.948051948051948
2010,carlton mitchell,Carlton Mitchell,CLE,WR,1,1,0,0,0,0,0,12,0,-0.7861207851674408,0,0,NA,0,12,NA
2010,chad hall,Chad Hall,PHI,WR,7,18,11,115,1,0,5,186,21,1.7195435432367958,0.6111111111111112,6.388888888888889,10.454545454545455,0.05555555555555555,10.333333333333334,1.9090909090909092
2010,chad johnson,Chad Johnson,CIN,WR,14,126,67,831,4,0,47,1472,189,27.928935589048482,0.5317460317460317,6.595238095238095,12.402985074626866,0.031746031746031744,11.682539682539682,2.8208955223880596
2010,chansi stuckey,Chansi Stuckey,CLE,WR,15,63,40,346,0,2,21,368,204,-20.939103924137278,0.6349206349206349,5.492063492063492,8.65,0,5.841269841269841,5.1
2010,charles johnson,Charles Johnson,CAR,DE,16,0,0,0,0,0,0,0,0,NA,NA,NA,NA,NA,NA,NA
2010,charly martin,Charly Martin,CAR,WR,1,0,0,0,0,0,0,0,0,NA,NA,NA,NA,NA,NA,NA
2010,chaz schilens,Chaz Schilens,LV,WR,4,9,5,40,1,0,4,108,13,0.6094117271713912,0.5555555555555556,4.444444444444445,8,0.1111111111111111,12,2.6
2010,chris williams,Chris Williams,CHI,G,6,1,1,4,0,0,0,4,0,-0.4211618462577462,1,4,4,0,4,0
2010,courtney roby,Courtney Roby,NO,WR,13,0,0,0,0,0,0,0,0,NA,NA,NA,NA,NA,NA,NA
2010,d j moore,D.J. Moore,CHI,CB,16,0,0,0,0,0,0,0,0,NA,NA,NA,NA,NA,NA,NA
2010,damian williams,Damian Williams,TEN,WR,10,28,16,219,0,0,10,317,40,9.718540560529672,0.5714285714285714,7.821428571428571,13.6875,0,11.321428571428571,2.5
2010,danario alexander,Danario Alexander,LA,WR,8,37,20,306,1,0,12,484,113,6.2370916324442085,0.5405405405405406,8.27027027027027,15.3,0.02702702702702703,13.08108108108108,5.65
2010,danny amendola,Danny Amendola,LA,WR,16,123,85,689,3,1,35,630,363,-1.3210895460810868,0.6910569105691057,5.6016260162601625,8.105882352941176,0.024390243902439025,5.121951219512195,4.270588235294118
2010,darrius heyward bey,Darrius Heyward-Bey,LV,WR,14,65,26,366,1,0,17,960,101,0.16626566520183506,0.4,5.630769230769231,14.076923076923077,0.015384615384615385,14.76923076923077,3.8846153846153846
2010,david anderson,David Anderson,HOU,WR,9,18,11,117,0,0,5,189,53,5.177842349075945,0.6111111111111112,6.5,10.636363636363637,0,10.5,4.818181818181818
2010,david clowney,David Clowney,CAR,WR,8,16,7,124,0,0,4,240,39,3.438570545229595,0.4375,7.75,17.714285714285715,0,15,5.571428571428571
2010,david nelson,David Nelson,BUF,WR,14,47,31,353,3,0,19,493,78,15.815953446751408,0.6595744680851063,7.51063829787234,11.387096774193548,0.06382978723404255,10.48936170212766,2.5161290322580645
2010,david reed,David Reed,BAL,WR,10,1,0,0,0,0,0,8,0,-0.405287898669485,0,0,NA,0,8,NA
2010,davone bess,Davone Bess,MIA,WR,16,126,80,817,5,0,43,993,310,13.288797235576162,0.6349206349206349,6.484126984126984,10.2125,0.03968253968253968,7.880952380952381,3.875
2010,deion branch,Deion Branch,NE,WR,15,92,61,818,6,1,44,1025,276,40.566539283230654,0.6630434782608695,8.891304347826088,13.40983606557377,0.06521739130434782,11.141304347826088,4.524590163934426
2010,demaryius thomas,Demaryius Thomas,DEN,WR,10,39,22,283,2,1,15,350,139,8.934065710793512,0.5641025641025641,7.256410256410256,12.863636363636363,0.05128205128205128,8.974358974358974,6.318181818181818
2010,demetrius williams,Demetrius Williams,CLE,WR,1,2,0,0,0,0,0,48,0,-1.7399623778183013,0,0,NA,0,24,NA
2010,deon butler,Deon Butler,SEA,WR,13,70,36,385,4,0,20,807,116,6.881774467572714,0.5142857142857142,5.5,10.694444444444445,0.05714285714285714,11.528571428571428,3.2222222222222223
2010,derek hagan,Derek Hagan,NYG,WR,7,43,24,223,1,0,15,427,32,3.4282495416118763,0.5581395348837209,5.186046511627907,9.291666666666666,0.023255813953488372,9.930232558139535,1.3333333333333333
2010,derrick johnson,Derrick Johnson,KC,LB,16,0,0,0,0,0,0,0,0,NA,NA,NA,NA,NA,NA,NA
2010,derrick mason,Derrick Mason,BAL,WR,16,100,61,802,7,0,44,1299,128,41.22107891320619,0.61,8.02,13.147540983606557,0.07,12.99,2.098360655737705
2010,derrick williams,Derrick Williams,DET,WR,4,5,3,30,0,0,1,32,8,-1.5549101974465884,0.6,6,10,0,6.4,2.6666666666666665
2010,desean jackson,DeSean Jackson,PHI,WR,14,96,47,1056,6,2,34,1572,341,44.70394644015113,0.4895833333333333,11,22.46808510638298,0.0625,16.375,7.25531914893617
2010,devery henderson,Devery Henderson,NO,WR,16,59,34,464,1,0,21,803,130,8.021086199880257,0.576271186440678,7.864406779661017,13.647058823529411,0.01694915254237288,13.610169491525424,3.823529411764706
2010,devin aromashodu,Devin Aromashodu,CHI,WR,9,24,10,149,0,0,8,271,51,-0.6847352747716942,0.4166666666666667,6.208333333333333,14.9,0,11.291666666666666,5.1
2010,devin hester,Devin Hester,CHI,WR,16,73,40,475,4,0,23,768,221,3.4884840100967196,0.547945205479452,6.506849315068493,11.875,0.0547945205479452,10.520547945205479,5.525
2010,dez bryant,Dez Bryant,DAL,WR,12,72,45,561,6,0,27,789,192,24.838974221461953,0.625,7.791666666666667,12.466666666666667,0.08333333333333333,10.958333333333334,4.266666666666667
2010,dominique curry,Dominique Curry,LA,WR,2,0,0,0,0,0,0,0,0,NA,NA,NA,NA,NA,NA,NA
2010,donald jones,Donald Jones,BUF,WR,13,41,18,213,1,0,8,365,86,-14.448975845190164,0.43902439024390244,5.195121951219512,11.833333333333334,0.024390243902439025,8.902439024390244,4.777777777777778
2010,donte stallworth,Donte' Stallworth,BAL,WR,6,5,2,82,0,0,2,129,22,4.447325490240473,0.4,16.4,41,0,25.8,11
2010,duke calhoun,Duke Calhoun,NYG,WR,6,2,1,4,0,0,0,7,4,-0.6225139488233253,0.5,2,4,0,3.5,4
2010,dwayne bowe,Dwayne Bowe,KC,WR,16,133,72,1162,15,1,55,1756,368,61.86893111660419,0.5413533834586466,8.736842105263158,16.13888888888889,0.11278195488721804,13.203007518796992,5.111111111111111
2010,earl bennett,Earl Bennett,CHI,WR,14,70,46,561,3,1,27,561,205,18.746576087220223,0.6571428571428571,8.014285714285714,12.195652173913043,0.04285714285714286,8.014285714285714,4.456521739130435
2010,early doucet,Early Doucet,ARI,WR,10,59,26,291,1,0,10,503,80,-19.47443257266162,0.4406779661016949,4.932203389830509,11.192307692307692,0.01694915254237288,8.525423728813559,3.076923076923077
2010,eddie royal,Eddie Royal,DEN,WR,16,105,59,627,3,1,32,738,367,-3.1543380223871633,0.5619047619047619,5.9714285714285715,10.627118644067796,0.02857142857142857,7.0285714285714285,6.220338983050848
2010,emmanuel sanders,Emmanuel Sanders,PIT,WR,13,50,28,376,2,0,18,631,71,14.455570673589445,0.56,7.52,13.428571428571429,0.04,12.62,2.5357142857142856
2010,eric decker,Eric Decker,DEN,WR,10,8,6,106,1,1,4,120,24,3.6737283742404543,0.75,13.25,17.666666666666668,0.125,15,4
2010,eric weems,Eric Weems,ATL,WR,16,6,6,61,0,0,3,39,22,5.950147785100853,1,10.166666666666666,10.166666666666666,0,6.5,3.6666666666666665
2010,golden tate,Golden Tate,SEA,WR,11,39,21,227,0,0,8,393,109,-6.213847230787289,0.5384615384615384,5.82051282051282,10.80952380952381,0,10.076923076923077,5.190476190476191
2010,greg camarillo,Greg Camarillo,MIN,WR,16,34,20,240,1,0,12,310,87,-5.763514095682051,0.5882352941176471,7.0588235294117645,12,0.029411764705882353,9.117647058823529,4.35
2010,greg jennings,Greg Jennings,GB,WR,16,125,76,1265,12,2,52,1805,401,56.41908689842097,0.608,10.12,16.644736842105264,0.096,14.44,5.276315789473684
2010,hakeem nicks,Hakeem Nicks,NYG,WR,13,128,79,1052,11,1,55,1537,294,30.221483515104868,0.6171875,8.21875,13.316455696202532,0.0859375,12.0078125,3.721518987341772
2010,harry douglas,Harry Douglas,ATL,WR,15,53,22,294,1,0,15,655,121,-3.949247424704276,0.41509433962264153,5.547169811320755,13.363636363636363,0.018867924528301886,12.358490566037736,5.5
2010,jabar gaffney,Jabar Gaffney,DEN,WR,16,112,65,875,2,1,42,1301,213,14.256974336138073,0.5803571428571429,7.8125,13.461538461538462,0.017857142857142856,11.616071428571429,3.276923076923077
2010,jacoby ford,Jacoby Ford,LV,WR,15,54,25,470,2,0,19,792,103,2.42999188277375,0.46296296296296297,8.703703703703704,18.8,0.037037037037037035,14.666666666666666,4.12
2010,jacoby jones,Jacoby Jones,HOU,WR,15,78,51,562,3,1,31,648,231,19.18777579524597,0.6538461538461539,7.205128205128205,11.019607843137255,0.038461538461538464,8.307692307692308,4.529411764705882
2010,james butler,James Butler,LA,DB,9,0,0,0,0,0,0,0,0,NA,NA,NA,NA,NA,NA,NA
2010,james holt,James Holt,LAC,LB,2,0,0,0,0,0,0,0,0,NA,NA,NA,NA,NA,NA,NA
2010,james jones,James Jones,GB,WR,16,87,50,679,5,3,33,994,284,22.087331054825146,0.5747126436781609,7.804597701149425,13.58,0.05747126436781609,11.425287356321839,5.68
2010,jason avant,Jason Avant,PHI,WR,16,75,51,573,1,0,31,741,157,28.932743431295044,0.68,7.64,11.235294117647058,0.013333333333333334,9.88,3.0784313725490198
2010,jason hill,Jason Hill,JAX,WR,6,21,11,248,1,0,9,371,42,9.742939415789584,0.5238095238095238,11.80952380952381,22.545454545454547,0.047619047619047616,17.666666666666668,3.8181818181818183
2010,jeremy horne,Jeremy Horne,KC,WR,2,1,0,0,0,0,0,21,0,-0.26172204423346557,0,0,NA,0,21,NA
2010,jeremy maclin,Jeremy Maclin,PHI,WR,16,115,70,964,10,1,45,1495,273,29.484026817715517,0.6086956521739131,8.382608695652173,13.771428571428572,0.08695652173913043,13,3.9
2010,jerome simpson,Jerome Simpson,CIN,WR,4,25,20,277,3,2,14,278,78,14.839194085717798,0.8,11.08,13.85,0.12,11.12,3.9
2010,jerricho cotchery,Jerricho Cotchery,NYJ,WR,14,86,41,433,2,0,26,899,110,-6.035352309142292,0.47674418604651164,5.034883720930233,10.560975609756097,0.023255813953488372,10.453488372093023,2.682926829268293
2010,jesse holley,Jesse Holley,DAL,WR,5,0,0,0,0,0,0,0,0,NA,NA,NA,NA,NA,NA,NA
2010,john matthews,John Matthews,JAX,WR,1,1,0,0,0,0,0,21,0,-1.6278212014585733,0,0,NA,0,21,NA
2010,jordan shipley,Jordan Shipley,CIN,WR,15,74,52,600,3,0,30,570,206,21.662556347302456,0.7027027027027027,8.108108108108109,11.538461538461538,0.04054054054054054,7.702702702702703,3.9615384615384617
2010,jordy nelson,Jordy Nelson,GB,WR,16,64,45,582,2,1,25,662,250,29.47735917653153,0.703125,9.09375,12.933333333333334,0.03125,10.34375,5.555555555555555
2010,josh johnson,Josh Johnson,TB,QB,8,1,0,0,0,0,0,15,0,-0.5398355391807854,0,0,NA,0,15,NA
2010,josh morgan,Josh Morgan,SF,WR,16,80,44,698,2,1,27,1007,299,15.573699591026884,0.55,8.725,15.863636363636363,0.025,12.5875,6.795454545454546
2010,julian edelman,Julian Edelman,NE,WR,15,14,7,86,0,0,3,46,99,-3.1107580961620425,0.5,6.142857142857143,12.285714285714286,0,3.2857142857142856,14.142857142857142
2010,kassim osgood,Kassim Osgood,JAX,WR,14,16,6,60,1,0,4,166,20,-2.0973997811379377,0.375,3.75,10,0.0625,10.375,3.3333333333333335
2010,kenny britt,Kenny Britt,TEN,WR,11,73,42,775,9,1,33,1223,123,45.8736838792588,0.5753424657534246,10.616438356164384,18.452380952380953,0.1232876712328767,16.753424657534246,2.9285714285714284
2010,kevin ogletree,Kevin Ogletree,DAL,WR,3,6,3,34,0,0,2,56,6,-0.48188009092906414,0.5,5.666666666666667,11.333333333333334,0,9.333333333333334,2
2010,kevin smith,Kevin Smith,DET,RB,6,16,11,123,0,0,7,25,104,7.264903415541725,0.6875,7.6875,11.181818181818182,0,1.5625,9.454545454545455
2010,kevin walter,Kevin Walter,HOU,WR,14,80,51,621,5,0,33,829,131,14.49722873036536,0.6375,7.7625,12.176470588235293,0.0625,10.3625,2.5686274509803924
2010,kyle williams,Kyle Williams,BUF/SF,DT,19,1,1,8,0,0,0,4,4,0.202227862784639,1,8,8,0,4,4
2010,lance moore,Lance Moore,NO,WR,15,94,66,763,8,1,40,774,290,37.01323981135933,0.7021276595744681,8.117021276595745,11.56060606060606,0.0851063829787234,8.23404255319149,4.393939393939394
2010,larry fitzgerald,Larry Fitzgerald,ARI,WR,16,173,90,1137,6,0,59,2147,210,-14.19838841126304,0.5202312138728323,6.572254335260116,12.633333333333333,0.03468208092485549,12.410404624277456,2.3333333333333335
2010,laurent robinson,Laurent Robinson,LA,WR,13,75,34,344,2,0,20,731,109,-3.928657187974045,0.4533333333333333,4.586666666666667,10.117647058823529,0.02666666666666667,9.746666666666666,3.2058823529411766
2010,lavelle hawkins,Lavelle Hawkins,TEN,WR,3,6,5,61,0,0,3,89,5,6.125845308066346,0.8333333333333334,10.166666666666666,12.2,0,14.833333333333334,1
2010,lee evans,Lee Evans,BUF,WR,13,83,37,578,4,2,27,1317,120,6.5482539242074544,0.4457831325301205,6.963855421686747,15.621621621621621,0.04819277108433735,15.867469879518072,3.2432432432432434
2010,legedu naanee,Legedu Naanee,LAC,WR,9,46,23,371,1,1,20,548,106,10.47646458958155,0.5,8.065217391304348,16.130434782608695,0.021739130434782608,11.91304347826087,4.608695652173913
2010,louis murphy,Louis Murphy,LV,WR,14,78,41,609,2,2,27,1001,206,8.697059760471419,0.5256410256410257,7.8076923076923075,14.853658536585366,0.02564102564102564,12.833333333333334,5.024390243902439
2010,malcom floyd,Malcom Floyd,LAC,WR,11,77,37,717,6,1,33,1343,110,25.013185104145844,0.4805194805194805,9.311688311688311,19.37837837837838,0.07792207792207792,17.441558441558442,2.972972972972973
2010,marc mariani,Marc Mariani,TEN,WR,16,2,0,0,0,0,0,-4,0,-1.74084458546713,0,0,NA,0,-2,NA
2010,marcus smith,Marcus Smith,BAL,WR,7,0,0,0,0,0,0,0,0,NA,NA,NA,NA,NA,NA,NA
2010,mardy gilyard,Mardy Gilyard,LA,WR,7,16,6,63,0,0,4,143,20,-2.856499487158773,0.375,3.9375,10.5,0,8.9375,3.3333333333333335
2010,mario manningham,Mario Manningham,NYG,WR,16,92,60,944,9,1,32,1184,350,29.29505440610106,0.6521739130434783,10.26086956521739,15.733333333333333,0.09782608695652174,12.869565217391305,5.833333333333333
2010,mario williams,Mario Williams,HOU,DE,12,0,0,0,0,0,0,0,0,NA,NA,NA,NA,NA,NA,NA
2010,mark clayton,Mark Clayton,LA,WR,5,42,23,306,2,0,15,399,96,2.3106656852469314,0.5476190476190477,7.285714285714286,13.304347826086957,0.047619047619047616,9.5,4.173913043478261
2010,marlon moore,Marlon Moore,MIA,WR,7,19,6,128,1,0,4,241,72,0.9951624850779082,0.3157894736842105,6.7368421052631575,21.333333333333332,0.05263157894736842,12.68421052631579,12
2010,marques colston,Marques Colston,NO,WR,15,132,84,1023,7,0,57,1350,268,53.4741703962455,0.6363636363636364,7.75,12.178571428571429,0.05303030303030303,10.227272727272727,3.1904761904761907
2010,matt willis,Matt Willis,DEN,WR,2,2,1,17,0,0,1,34,0,2.9976286574383266,0.5,8.5,17,0,17,0
2010,matthew slater,Matthew Slater,NE,WR,10,1,0,0,0,0,0,51,0,-0.7686098669655621,0,0,NA,0,51,NA
2010,maurice stovall,Maurice Stovall,TB,WR,7,9,7,81,1,0,4,38,56,2.8308128486270183,0.7777777777777778,9,11.571428571428571,0.1111111111111111,4.222222222222222,8
2010,max komar,Max Komar,ARI,WR,8,22,12,117,0,1,6,212,40,-19.236176968435757,0.5454545454545454,5.318181818181818,9.75,0,9.636363636363637,3.3333333333333335
2010,michael bennett,Michael Bennett,LV/TB,RB,16,2,2,9,0,0,0,6,3,-0.6108029537135735,1,4.5,4.5,0,3,1.5
2010,michael clayton,Michael Clayton,NYG,WR,2,4,2,19,0,0,1,45,2,-1.8575260508805513,0.5,4.75,9.5,0,11.25,1
2010,michael crabtree,Michael Crabtree,SF,WR,16,101,55,741,6,0,40,1043,292,0.6494371160988548,0.5445544554455446,7.336633663366337,13.472727272727273,0.0594059405940594,10.326732673267326,5.3090909090909095
2010,michael jenkins,Michael Jenkins,ATL,WR,11,73,41,505,2,0,29,985,83,22.893269946448466,0.5616438356164384,6.917808219178082,12.317073170731707,0.0273972602739726,13.493150684931507,2.024390243902439
2010,michael johnson,Michael Johnson,NYG/CIN,FS,15,0,0,0,0,0,0,0,0,NA,NA,NA,NA,NA,NA,NA
2010,micheal spurlock,Micheal Spurlock,TB,WR,16,33,17,250,2,0,12,516,33,11.326934967524718,0.5151515151515151,7.575757575757576,14.705882352941176,0.06060606060606061,15.636363636363637,1.9411764705882353
2010,mike sims walker,Mike Sims-Walker,JAX,WR,14,80,43,562,7,1,33,906,117,18.18035129863115,0.5375,7.025,13.069767441860465,0.0875,11.325,2.7209302325581395
2010,mike thomas,Mike Thomas,JAX,WR,16,101,66,820,4,0,38,1101,300,34.58294258362218,0.6534653465346535,8.118811881188119,12.424242424242424,0.039603960396039604,10.900990099009901,4.545454545454546
2010,mike wallace,Mike Wallace,PIT,WR,16,98,60,1257,10,1,48,1532,361,69.54921622401743,0.6122448979591837,12.826530612244898,20.95,0.10204081632653061,15.63265306122449,6.016666666666667
2010,mike williams,Mike Williams,SEA/TB,WR,29,239,130,1715,13,3,84,2898,528,55.65100203371874,0.5439330543933054,7.175732217573222,13.192307692307692,0.05439330543933055,12.125523012552302,4.061538461538461
2010,miles austin,Miles Austin,DAL,WR,16,119,69,1041,7,1,50,1196,448,26.75571457474291,0.5798319327731093,8.747899159663865,15.08695652173913,0.058823529411764705,10.050420168067227,6.492753623188406
2010,mohamed massaquoi,Mohamed Massaquoi,CLE,WR,15,73,36,483,2,1,24,946,137,-19.540664531924307,0.4931506849315068,6.616438356164384,13.416666666666666,0.0273972602739726,12.95890410958904,3.8055555555555554
2010,naaman roosevelt,Naaman Roosevelt,BUF,WR,4,17,9,139,0,0,7,194,33,1.29299389445805,0.5294117647058824,8.176470588235293,15.444444444444445,0,11.411764705882353,3.6666666666666665
2010,nate washington,Nate Washington,TEN,WR,16,94,42,687,6,0,34,1544,114,5.368553891969495,0.44680851063829785,7.308510638297872,16.357142857142858,0.06382978723404255,16.425531914893618,2.7142857142857144
2010,nick miller,Nick Miller,LV,WR,9,4,3,40,0,0,1,59,3,1.8616041866855808,0.75,10,13.333333333333334,0,14.75,1
2010,patrick turner,Patrick Turner,NYJ,WR,3,2,2,26,0,0,0,23,3,1.1849205968901515,1,13,13,0,11.5,1.5
2010,percy harvin,Percy Harvin,MIN,WR,14,109,71,868,5,0,41,1006,425,19.621970850930783,0.6513761467889908,7.963302752293578,12.225352112676056,0.045871559633027525,9.229357798165138,5.985915492957746
2010,pierre garcon,Pierre Garcon,IND,WR,14,120,68,816,6,1,41,1449,251,24.200592247392024,0.5666666666666667,6.8,12,0.05,12.075,3.6911764705882355
2010,preston parker,Preston Parker,TB,WR,8,9,4,42,0,0,3,76,31,-0.7451995250411896,0.4444444444444444,4.666666666666667,10.5,0,8.444444444444445,7.75
2010,quan cosby,Quan Cosby,CIN,WR,16,2,2,16,0,0,1,8,8,1.3719272289890796,1,8,8,0,4,4
2010,ramses barden,Ramses Barden,NYG,WR,4,7,5,64,0,0,2,71,10,0.1013964122994766,0.7142857142857143,9.142857142857142,12.8,0,10.142857142857142,2
2010,randy moss,Randy Moss,TEN,WR,13,63,28,393,5,0,20,1084,63,7.991318517534431,0.4444444444444444,6.238095238095238,14.035714285714286,0.07936507936507936,17.206349206349206,2.25
2010,rashied davis,Rashied Davis,CHI,WR,12,14,9,84,1,0,6,85,26,3.1585019763442688,0.6428571428571429,6,9.333333333333334,0.07142857142857142,6.071428571428571,2.888888888888889
2010,reggie wayne,Reggie Wayne,IND,WR,16,175,111,1355,6,1,72,1922,412,39.18794987708322,0.6342857142857142,7.742857142857143,12.207207207207206,0.03428571428571429,10.982857142857142,3.7117117117117115
2010,richard goodman,Richard Goodman,LAC,WR,3,2,1,25,0,1,0,47,4,-3.6411778100268117,0.5,12.5,25,0,23.5,4
2010,robert meachem,Robert Meachem,NO,WR,16,66,44,638,5,0,27,948,130,19.0228751117523,0.6666666666666666,9.666666666666666,14.5,0.07575757575757576,14.363636363636363,2.9545454545454546
2010,roberto wallace,Roberto Wallace,MIA,WR,9,10,6,62,0,0,1,84,16,3.1272480277407047,0.6,6.2,10.333333333333334,0,8.4,2.6666666666666665
2010,roscoe parrish,Roscoe Parrish,BUF,WR,8,53,33,392,2,1,20,479,109,7.965574502499276,0.6226415094339622,7.39622641509434,11.878787878787879,0.03773584905660377,9.037735849056604,3.303030303030303
2010,roy williams,Roy Williams,CIN/DAL,S,27,64,37,530,5,3,26,686,205,-3.594058156959246,0.578125,8.28125,14.324324324324325,0.078125,10.71875,5.54054054054054
2010,ruvell martin,Ruvell Martin,SEA,WR,2,9,7,158,1,0,6,146,51,9.476959789113607,0.7777777777777778,17.555555555555557,22.571428571428573,0.1111111111111111,16.22222222222222,7.285714285714286
2010,ryan grant,Ryan Grant,GB,RB,1,0,0,0,0,0,0,0,0,NA,NA,NA,NA,NA,NA,NA
2010,sam hurd,Sam Hurd,DAL,WR,13,23,14,120,0,0,11,158,67,4.077764906991204,0.6086956521739131,5.217391304347826,8.571428571428571,0,6.869565217391305,4.785714285714286
2010,santana moss,Santana Moss,WAS,WR,16,145,93,1115,6,3,61,1385,477,17.795227047988185,0.6413793103448275,7.689655172413793,11.989247311827956,0.041379310344827586,9.551724137931034,5.129032258064516
2010,santonio holmes,Santonio Holmes,NYJ,WR,12,96,52,746,6,0,36,1205,216,18.69991564298158,0.5416666666666666,7.770833333333333,14.346153846153847,0.0625,12.552083333333334,4.153846153846154
2010,seyi ajirotutu,Seyi Ajirotutu,LAC,WR,6,23,13,262,2,0,12,377,70,17.054872180856204,0.5652173913043478,11.391304347826088,20.153846153846153,0.08695652173913043,16.391304347826086,5.384615384615385
2010,sidney rice,Sidney Rice,MIN,WR,6,42,17,280,2,0,14,734,43,0.014654859166628675,0.40476190476190477,6.666666666666667,16.470588235294116,0.047619047619047616,17.476190476190474,2.5294117647058822
2010,stefan logan,Stefan Logan,DET,WR,16,1,0,0,0,0,0,-1,0,-0.5400788827100769,0,0,NA,0,-1,NA
2010,stephen williams,Stephen Williams,ARI,WR,6,23,9,101,0,0,5,246,33,-6.039842060068622,0.391304347826087,4.391304347826087,11.222222222222221,0,10.695652173913043,3.6666666666666665
2010,steve breaston,Steve Breaston,ARI,WR,13,87,47,718,1,0,32,1171,168,13.046860372783154,0.5402298850574713,8.25287356321839,15.27659574468085,0.011494252873563218,13.459770114942529,3.574468085106383
2010,steve smith,Steve Smith,CAR/NYG,WR,23,174,94,1083,5,2,53,1921,322,1.8678180056094114,0.5402298850574713,6.224137931034483,11.52127659574468,0.028735632183908046,11.040229885057471,3.425531914893617
2010,t j houshmandzadeh,T.J. Houshmandzadeh,BAL,WR,16,57,30,398,3,1,20,750,76,9.772874890665017,0.5263157894736842,6.982456140350878,13.266666666666667,0.05263157894736842,13.157894736842104,2.533333333333333
2010,terrance copper,Terrance Copper,KC,WR,14,28,18,157,0,0,9,174,62,-2.5582082065584983,0.6428571428571429,5.607142857142857,8.722222222222221,0,6.214285714285714,3.4444444444444446
2010,terrell owens,Terrell Owens,CIN,WR,13,139,72,983,9,0,47,1769,333,-14.367789510476706,0.5179856115107914,7.071942446043166,13.652777777777779,0.06474820143884892,12.726618705035971,4.625
2010,terrence austin,Terrence Austin,WAS,WR,4,5,3,47,0,0,3,59,20,2.699447052727919,0.6,9.4,15.666666666666666,0,11.8,6.666666666666667
2010,tiquan underwood,Tiquan Underwood,JAX,WR,10,22,8,111,0,0,6,374,19,-16.030996969464063,0.36363636363636365,5.045454545454546,13.875,0,17,2.375
2010,tom nelson,Tom Nelson,CIN,DB,6,0,0,0,0,0,0,0,0,NA,NA,NA,NA,NA,NA,NA
2010,tony brown,Tony Brown,TEN,DT,10,0,0,0,0,0,0,0,0,NA,NA,NA,NA,NA,NA,NA
2010,verran tucker,Verran Tucker,KC,WR,11,19,6,114,1,0,5,281,22,3.8101672588304742,0.3157894736842105,6,19,0.05263157894736842,14.789473684210526,3.6666666666666665
2010,vincent jackson,Vincent Jackson,LAC,WR,4,24,14,248,3,0,12,269,48,13.649365491982492,0.5833333333333334,10.333333333333334,17.714285714285715,0.125,11.208333333333334,3.4285714285714284
2010,wes welker,Wes Welker,NE,WR,15,123,86,848,7,0,47,676,403,35.59554309893115,0.6991869918699187,6.894308943089431,9.86046511627907,0.056910569105691054,5.495934959349594,4.686046511627907
2010,yamon figurs,Yamon Figurs,CLE,WR,2,2,2,17,0,0,1,10,7,1.0525475612375885,1,8.5,8.5,0,5,3.5
2011,a j green,A.J. Green,CIN,WR,15,115,65,1057,7,0,43,1559,265,35.892678518775256,0.5652173913043478,9.191304347826087,16.26153846153846,0.06086956521739131,13.556521739130435,4.076923076923077
2011,adrian arrington,Adrian Arrington,NO,WR,2,3,2,31,0,0,2,36,0,1.460955959977582,0.6666666666666666,10.333333333333334,15.5,0,12,0
2011,andre caldwell,Andre Caldwell,CIN,WR,12,68,37,317,3,0,15,494,113,-29.241009142930434,0.5441176470588235,4.661764705882353,8.567567567567568,0.04411764705882353,7.264705882352941,3.054054054054054
2011,andre johnson,Andre Johnson,HOU,WR,7,51,33,492,2,0,23,677,137,14.084437563022707,0.6470588235294118,9.647058823529411,14.909090909090908,0.0392156862745098,13.27450980392157,4.151515151515151
2011,andre roberts,Andre Roberts,ARI,WR,16,98,51,586,2,1,29,894,226,-22.894454399205504,0.5204081632653061,5.979591836734694,11.490196078431373,0.02040816326530612,9.122448979591837,4.431372549019608
2011,andrew hawkins,Andrew Hawkins,CIN,WR,12,34,23,263,0,0,12,227,144,3.226013612756981,0.6764705882352942,7.735294117647059,11.434782608695652,0,6.676470588235294,6.260869565217392
2011,anquan boldin,Anquan Boldin,BAL,WR,14,106,57,887,3,0,44,1255,222,29.295171325863897,0.5377358490566038,8.367924528301886,15.56140350877193,0.02830188679245283,11.839622641509434,3.8947368421052633
2011,anthony armstrong,Anthony Armstrong,WAS,WR,11,27,7,103,2,0,4,571,7,-12.724322887900104,0.25925925925925924,3.814814814814815,14.714285714285714,0.07407407407407407,21.14814814814815,1
2011,anthony gonzalez,Anthony Gonzalez,IND,WR,2,2,0,0,0,0,0,10,0,-2.8056930518359877,0,0,NA,0,5,NA
2011,antonio brown,Antonio Brown,PIT,WR,16,124,69,1108,2,0,57,1566,338,50.94378099640247,0.5564516129032258,8.935483870967742,16.057971014492754,0.016129032258064516,12.629032258064516,4.898550724637682
2011,armanti edwards,Armanti Edwards,CAR,WR,15,0,0,0,0,0,0,0,0,NA,NA,NA,NA,NA,NA,NA
2011,arrelious benn,Arrelious Benn,TB,WR,14,51,30,441,3,0,15,602,174,4.645924152218676,0.5882352941176471,8.647058823529411,14.7,0.058823529411764705,11.803921568627452,5.8
2011,austin collie,Austin Collie,IND,WR,16,97,54,514,1,0,35,732,212,-12.717881501694578,0.5567010309278351,5.298969072164948,9.518518518518519,0.010309278350515464,7.546391752577319,3.925925925925926
2011,austin pettis,Austin Pettis,LA,WR,12,48,27,256,0,0,14,385,95,-8.25141979433829,0.5625,5.333333333333333,9.481481481481481,0,8.020833333333334,3.5185185185185186
2011,ben obomanu,Ben Obomanu,SEA,WR,16,61,37,436,2,0,16,710,124,5.834152125147028,0.6065573770491803,7.147540983606557,11.783783783783784,0.03278688524590164,11.639344262295081,3.3513513513513513
2011,brad smith,Brad Smith,BUF,WR,15,42,23,240,1,0,10,419,110,-0.7948657024381389,0.5476190476190477,5.714285714285714,10.434782608695652,0.023809523809523808,9.976190476190476,4.782608695652174
2011,brandon gibson,Brandon Gibson,LA,WR,14,71,36,431,1,0,28,762,103,9.323730893342123,0.5070422535211268,6.070422535211268,11.972222222222221,0.014084507042253521,10.732394366197184,2.861111111111111
2011,brandon johnson,Brandon Johnson,CIN,LB,10,0,0,0,0,0,0,0,0,NA,NA,NA,NA,NA,NA,NA
2011,brandon lafell,Brandon LaFell,CAR,WR,15,56,36,613,3,0,23,728,235,29.816233242780392,0.6428571428571429,10.946428571428571,17.02777777777778,0.05357142857142857,13,6.527777777777778
2011,brandon lloyd,Brandon Lloyd,LA,WR,15,148,70,966,5,1,46,2178,128,5.778630321045745,0.47297297297297297,6.527027027027027,13.8,0.033783783783783786,14.716216216216216,1.8285714285714285
2011,brandon marshall,Brandon Marshall,MIA,WR,16,142,81,1214,6,1,53,1779,293,33.04059299984003,0.5704225352112676,8.549295774647888,14.987654320987655,0.04225352112676056,12.528169014084508,3.617283950617284
2011,brandon stokley,Brandon Stokley,NYG,WR,2,3,1,7,0,0,0,26,4,-2.991515776142478,0.3333333333333333,2.3333333333333335,7,0,8.666666666666666,4
2011,brandon tate,Brandon Tate,CIN,WR,16,0,0,0,0,0,0,0,0,NA,NA,NA,NA,NA,NA,NA
2011,braylon edwards,Braylon Edwards,SF,WR,9,34,15,181,0,0,9,307,47,-0.392127259857062,0.4411764705882353,5.323529411764706,12.066666666666666,0,9.029411764705882,3.1333333333333333
2011,brett swain,Brett Swain,SF,WR,2,7,2,15,0,0,1,46,15,-5.944456645228075,0.2857142857142857,2.142857142857143,7.5,0,6.571428571428571,7.5
2011,brian hartline,Brian Hartline,MIA,WR,15,66,35,549,1,0,30,950,94,16.647598928151393,0.5303030303030303,8.318181818181818,15.685714285714285,0.015151515151515152,14.393939393939394,2.6857142857142855
2011,brian robiskie,Brian Robiskie,CLE,WR,5,9,3,25,0,0,2,114,2,-4.203752335563489,0.3333333333333333,2.7777777777777777,8.333333333333334,0,12.666666666666666,0.6666666666666666
2011,bryan walters,Bryan Walters,LAC,WR,3,4,3,27,0,0,2,34,15,0.7969103823998012,0.75,6.75,9,0,8.5,5
2011,bryant johnson,Bryant Johnson,HOU,WR,9,12,6,90,1,0,4,169,11,4.659992717059695,0.5,7.5,15,0.08333333333333333,14.083333333333334,1.8333333333333333
2011,calvin johnson,Calvin Johnson,DET,WR,16,161,97,1686,16,1,77,2246,496,63.492137329415044,0.6024844720496895,10.472049689440993,17.38144329896907,0.09937888198757763,13.950310559006212,5.11340206185567
2011,carlton mitchell,Carlton Mitchell,CLE,WR,3,4,3,31,0,0,2,36,3,2.3716366341686808,0.75,7.75,10.333333333333334,0,9,1
2011,cecil shorts,Cecil Shorts,JAX,WR,10,12,2,30,1,0,2,168,3,-11.360435497597791,0.16666666666666666,2.5,15,0.08333333333333333,14,1.5
2011,chad hall,Chad Hall,PHI,WR,7,9,3,20,1,0,1,80,11,-2.203318700834643,0.3333333333333333,2.2222222222222223,6.666666666666667,0.1111111111111111,8.88888888888889,3.6666666666666665
2011,chad johnson,Chad Johnson,NE,WR,14,32,15,276,1,0,13,585,53,7.313057675123754,0.46875,8.625,18.4,0.03125,18.28125,3.533333333333333
2011,chansi stuckey,Chansi Stuckey,ARI,WR,4,8,4,39,0,1,2,62,10,-3.967360663227737,0.5,4.875,9.75,0,7.75,2.5
2011,charles johnson,Charles Johnson,CAR,DE,15,0,0,0,0,0,0,0,0,NA,NA,NA,NA,NA,NA,NA
2011,chastin west,Chastin West,JAX,WR,10,27,13,163,2,0,9,297,49,0.4311311878846027,0.48148148148148145,6.037037037037037,12.538461538461538,0.07407407407407407,11,3.769230769230769
2011,chaz schilens,Chaz Schilens,LV,WR,11,34,23,271,2,0,13,430,36,13.847940611844765,0.6764705882352942,7.970588235294118,11.782608695652174,0.058823529411764705,12.647058823529411,1.565217391304348
2011,chris williams,Chris Williams,CHI,G,2,0,0,0,0,0,0,0,0,NA,NA,NA,NA,NA,NA,NA
2011,clyde gates,Clyde Gates,MIA,WR,13,12,2,19,0,0,1,240,1,-8.025503374577966,0.16666666666666666,1.5833333333333333,9.5,0,20,0.5
2011,courtney roby,Courtney Roby,NO,WR,6,0,0,0,0,0,0,0,0,NA,NA,NA,NA,NA,NA,NA
2011,d j moore,D.J. Moore,CHI,CB,13,0,0,0,0,0,0,0,0,NA,NA,NA,NA,NA,NA,NA
2011,damian williams,Damian Williams,TEN,WR,15,94,45,592,5,0,27,1152,213,15.867291047607353,0.4787234042553192,6.297872340425532,13.155555555555555,0.05319148936170213,12.25531914893617,4.733333333333333
2011,danario alexander,Danario Alexander,LA,WR,10,60,26,431,2,0,19,759,132,2.134388498650722,0.43333333333333335,7.183333333333334,16.576923076923077,0.03333333333333333,12.65,5.076923076923077
2011,dane sanzenbacher,Dane Sanzenbacher,CHI,WR,14,54,27,276,3,0,16,404,58,2.1148387016539045,0.5,5.111111111111111,10.222222222222221,0.05555555555555555,7.481481481481482,2.1481481481481484
2011,danny amendola,Danny Amendola,LA,WR,1,6,5,45,0,0,3,26,25,2.6531828099074093,0.8333333333333334,7.5,9,0,4.333333333333333,5
2011,darrius heyward bey,Darrius Heyward-Bey,LV,WR,15,115,64,975,4,1,44,1652,250,30.021985551656268,0.5565217391304348,8.478260869565217,15.234375,0.034782608695652174,14.365217391304348,3.90625
2011,darvin adams,Darvin Adams,CAR,WR,1,0,0,0,0,0,0,0,0,NA,NA,NA,NA,NA,NA,NA
2011,david anderson,David Anderson,WAS,WR,5,16,7,79,1,0,5,167,16,3.0474024728677427,0.4375,4.9375,11.285714285714286,0.0625,10.4375,2.2857142857142856
2011,david nelson,David Nelson,BUF,WR,16,98,61,658,5,0,32,833,199,-1.7816536445246816,0.6224489795918368,6.714285714285714,10.78688524590164,0.05102040816326531,8.5,3.262295081967213
2011,david reed,David Reed,BAL,WR,9,2,0,0,0,0,0,42,0,-0.48358935688156635,0,0,NA,0,21,NA
2011,davone bess,Davone Bess,MIA,WR,16,86,51,537,3,2,25,652,227,-9.533810827183961,0.5930232558139535,6.244186046511628,10.529411764705882,0.03488372093023256,7.5813953488372094,4.450980392156863
2011,deion branch,Deion Branch,NE,WR,14,90,51,702,5,0,37,827,331,25.00376253864166,0.5666666666666667,7.8,13.764705882352942,0.05555555555555555,9.188888888888888,6.490196078431373
2011,demarco sampson,DeMarco Sampson,ARI,WR,6,8,3,36,0,0,3,75,7,0.6178668949287385,0.375,4.5,12,0,9.375,2.3333333333333335
2011,demaryius thomas,Demaryius Thomas,DEN,WR,10,70,32,551,4,0,24,1089,113,21.740402376381663,0.45714285714285713,7.871428571428571,17.21875,0.05714285714285714,15.557142857142857,3.53125
2011,denarius moore,Denarius Moore,LV,WR,13,76,33,618,5,0,26,1344,126,1.9994004480572571,0.4342105263157895,8.131578947368421,18.727272727272727,0.06578947368421052,17.68421052631579,3.8181818181818183
2011,deon butler,Deon Butler,SEA,WR,4,7,6,51,0,0,3,60,10,1.9948473790333554,0.8571428571428571,7.285714285714286,8.5,0,8.571428571428571,1.6666666666666667
2011,derek hagan,Derek Hagan,BUF,WR,9,42,24,252,1,0,15,483,42,4.47856271292173,0.5714285714285714,6,10.5,0.023809523809523808,11.5,1.75
2011,derrick johnson,Derrick Johnson,KC,LB,16,0,0,0,0,0,0,0,0,NA,NA,NA,NA,NA,NA,NA
2011,derrick mason,Derrick Mason,HOU,WR,11,35,19,170,0,0,11,282,38,-3.5756000230085774,0.5428571428571428,4.857142857142857,8.947368421052632,0,8.057142857142857,2
2011,desean jackson,DeSean Jackson,PHI,WR,15,104,58,961,4,0,39,1577,227,26.99340957077804,0.5576923076923077,9.240384615384615,16.56896551724138,0.038461538461538464,15.163461538461538,3.913793103448276
2011,devery henderson,Devery Henderson,NO,WR,15,50,32,503,2,1,23,628,174,26.4595234744945,0.64,10.06,15.71875,0.04,12.56,5.4375
2011,devin aromashodu,Devin Aromashodu,MIN,WR,15,84,26,468,1,1,21,1395,115,-18.786511232744562,0.30952380952380953,5.571428571428571,18,0.011904761904761904,16.607142857142858,4.423076923076923
2011,devin hester,Devin Hester,CHI,WR,16,56,26,369,1,1,15,592,148,6.63180796497228,0.4642857142857143,6.589285714285714,14.192307692307692,0.017857142857142856,10.571428571428571,5.6923076923076925
2011,dez bryant,Dez Bryant,DAL,WR,15,103,63,928,9,1,48,1256,299,44.71565703590148,0.6116504854368932,9.009708737864077,14.73015873015873,0.08737864077669903,12.194174757281553,4.746031746031746
2011,domenik hixon,Domenik Hixon,NYG,WR,2,6,4,50,1,0,3,61,0,2.8132945217075758,0.6666666666666666,8.333333333333334,12.5,0.16666666666666666,10.166666666666666,0
2011,dominique curry,Dominique Curry,LA,WR,8,0,0,0,0,0,0,0,0,NA,NA,NA,NA,NA,NA,NA
2011,donald jones,Donald Jones,BUF,WR,8,46,23,231,1,0,9,561,68,-17.623828129034244,0.5,5.021739130434782,10.043478260869565,0.021739130434782608,12.195652173913043,2.9565217391304346
2011,donnie avery,Donnie Avery,TEN,WR,4,11,3,45,1,0,3,106,21,-12.190264128762045,0.2727272727272727,4.090909090909091,15,0.09090909090909091,9.636363636363637,7
2011,donte stallworth,Donte' Stallworth,WAS,WR,11,38,22,309,2,0,15,408,104,12.970755913394651,0.5789473684210527,8.131578947368421,14.045454545454545,0.05263157894736842,10.736842105263158,4.7272727272727275
2011,doug baldwin,Doug Baldwin,SEA,WR,16,87,51,788,4,0,40,974,310,47.8119087008869,0.5862068965517241,9.057471264367816,15.450980392156863,0.04597701149425287,11.195402298850574,6.078431372549019
2011,dwayne bowe,Dwayne Bowe,KC,WR,16,141,81,1159,5,1,57,1643,344,26.706898198721152,0.574468085106383,8.21985815602837,14.308641975308642,0.03546099290780142,11.652482269503546,4.246913580246914
2011,dwayne harris,Dwayne Harris,DAL,WR,7,0,0,0,0,0,0,0,0,NA,NA,NA,NA,NA,NA,NA
2011,earl bennett,Earl Bennett,CHI,WR,11,43,24,381,1,1,14,514,125,3.435724074684522,0.5581395348837209,8.86046511627907,15.875,0.023255813953488372,11.953488372093023,5.208333333333333
2011,early doucet,Early Doucet,ARI,WR,16,98,54,689,5,1,35,843,323,3.335517229082681,0.5510204081632653,7.030612244897959,12.75925925925926,0.05102040816326531,8.60204081632653,5.981481481481482
2011,eddie royal,Eddie Royal,DEN,WR,12,50,19,155,1,0,8,583,66,-19.54328170430381,0.38,3.1,8.157894736842104,0.02,11.66,3.473684210526316
2011,emmanuel arceneaux,Emmanuel Arceneaux,MIN,WR,1,2,1,10,0,0,1,19,3,0.46464651927817613,0.5,5,10,0,9.5,3
2011,emmanuel sanders,Emmanuel Sanders,PIT,WR,11,43,22,288,2,0,17,570,128,4.275051134101508,0.5116279069767442,6.6976744186046515,13.090909090909092,0.046511627906976744,13.255813953488373,5.818181818181818
2011,eric decker,Eric Decker,DEN,WR,16,97,44,612,8,1,29,1370,170,-21.74068154551044,0.4536082474226804,6.309278350515464,13.909090909090908,0.08247422680412371,14.123711340206185,3.8636363636363638
2011,eric weems,Eric Weems,ATL,WR,16,14,11,90,0,0,5,100,30,4.739085825568146,0.7857142857142857,6.428571428571429,8.181818181818182,0,7.142857142857143,2.727272727272727
2011,golden tate,Golden Tate,SEA,WR,15,58,35,382,3,1,16,662,155,15.678558092100662,0.603448275862069,6.586206896551724,10.914285714285715,0.05172413793103448,11.413793103448276,4.428571428571429
2011,greg camarillo,Greg Camarillo,MIN,WR,8,24,9,121,0,0,6,260,12,-1.2252435268019326,0.375,5.041666666666667,13.444444444444445,0,10.833333333333334,1.3333333333333333
2011,greg jennings,Greg Jennings,GB,WR,13,101,67,949,9,0,43,1200,276,54.08876946634971,0.6633663366336634,9.396039603960396,14.164179104477611,0.0891089108910891,11.881188118811881,4.119402985074627
2011,greg little,Greg Little,CLE,WR,16,121,61,709,2,0,35,1147,243,-0.5586647082560654,0.5041322314049587,5.859504132231405,11.62295081967213,0.01652892561983471,9.479338842975206,3.9836065573770494
2011,greg salas,Greg Salas,LA,WR,6,38,27,264,0,2,11,141,218,1.6155293707484537,0.7105263157894737,6.947368421052632,9.777777777777779,0,3.710526315789474,8.074074074074074
2011,hakeem nicks,Hakeem Nicks,NYG,WR,15,133,76,1192,7,0,54,1843,349,41.49460821891736,0.5714285714285714,8.962406015037594,15.68421052631579,0.05263157894736842,13.857142857142858,4.592105263157895
2011,harry douglas,Harry Douglas,ATL,WR,13,62,39,498,1,0,20,649,232,10.831724938991002,0.6290322580645161,8.03225806451613,12.76923076923077,0.016129032258064516,10.46774193548387,5.948717948717949
2011,jabar gaffney,Jabar Gaffney,WAS,WR,16,115,68,947,5,1,50,1521,181,28.184646497102715,0.591304347826087,8.234782608695653,13.926470588235293,0.043478260869565216,13.226086956521739,2.661764705882353
2011,jacoby ford,Jacoby Ford,LV,WR,8,33,19,279,1,2,14,340,126,-7.573401432624908,0.5757575757575758,8.454545454545455,14.68421052631579,0.030303030303030304,10.303030303030303,6.631578947368421
2011,jacoby jones,Jacoby Jones,HOU,WR,16,65,31,512,2,0,23,930,140,2.6250171024357023,0.47692307692307695,7.876923076923077,16.516129032258064,0.03076923076923077,14.307692307692308,4.516129032258065
2011,jamar newsome,Jamar Newsome,JAX,WR,1,1,0,0,0,0,0,16,0,-1.5706022027879953,0,0,NA,0,16,NA
2011,james butler,James Butler,LA,DB,8,0,0,0,0,0,0,0,0,NA,NA,NA,NA,NA,NA,NA
2011,james jones,James Jones,GB,WR,15,55,38,635,7,1,27,664,270,35.32960490889636,0.6909090909090909,11.545454545454545,16.710526315789473,0.12727272727272726,12.072727272727272,7.105263157894737
2011,jarett dillard,Jarett Dillard,JAX,WR,13,50,29,292,1,0,16,508,42,8.497943922714096,0.58,5.84,10.068965517241379,0.02,10.16,1.4482758620689655
2011,jason avant,Jason Avant,PHI,WR,16,81,52,679,1,2,34,856,173,21.696534264758522,0.6419753086419753,8.382716049382717,13.057692307692308,0.012345679012345678,10.567901234567902,3.326923076923077
2011,jason hill,Jason Hill,JAX,WR,10,55,25,367,3,0,17,644,121,-3.84937100938987,0.45454545454545453,6.672727272727273,14.68,0.05454545454545454,11.709090909090909,4.84
2011,jeff maehl,Jeff Maehl,HOU,WR,1,1,0,0,0,0,0,3,0,-1.185208440758288,0,0,NA,0,3,NA
2011,jeremy horne,Jeremy Horne,KC,WR,4,2,0,0,0,0,0,-9,0,-2.0623648755718023,0,0,NA,0,-4.5,NA
2011,jeremy kerley,Jeremy Kerley,NYJ,WR,14,47,29,314,1,0,19,473,100,6.921788753720734,0.6170212765957447,6.680851063829787,10.827586206896552,0.02127659574468085,10.063829787234043,3.4482758620689653
2011,jeremy maclin,Jeremy Maclin,PHI,WR,13,97,63,859,5,1,43,1155,260,31.99105058866951,0.6494845360824743,8.855670103092784,13.634920634920634,0.05154639175257732,11.907216494845361,4.126984126984127
2011,jerheme urban,Jerheme Urban,KC,WR,5,13,4,35,1,0,1,140,3,-12.309528522904536,0.3076923076923077,2.6923076923076925,8.75,0.07692307692307693,10.76923076923077,0.75
2011,jerome simpson,Jerome Simpson,CIN,WR,16,105,50,725,4,0,34,1185,232,18.06844260583057,0.47619047619047616,6.904761904761905,14.5,0.0380952380952381,11.285714285714286,4.64
2011,jerrel jernigan,Jerrel Jernigan,NYG,WR,6,2,0,0,0,0,0,13,0,-2.754602469066496,0,0,NA,0,6.5,NA
2011,jerricho cotchery,Jerricho Cotchery,PIT,WR,10,30,16,237,2,0,13,310,64,12.171012315077139,0.5333333333333333,7.9,14.8125,0.06666666666666667,10.333333333333334,4
2011,jesse holley,Jesse Holley,DAL,WR,11,7,7,169,0,0,6,109,60,10.807029061273118,1,24.142857142857142,24.142857142857142,0,15.571428571428571,8.571428571428571
2011,joe hastings,Joe Hastings,SF,WR,1,1,0,0,0,0,0,2,0,-0.9113211445510023,0,0,NA,0,2,NA
2011,jordan norwood,Jordan Norwood,CLE,WR,11,34,23,268,1,0,15,305,84,12.361564967175372,0.6764705882352942,7.882352941176471,11.652173913043478,0.029411764705882353,8.970588235294118,3.652173913043478
2011,jordan shipley,Jordan Shipley,CIN,WR,2,5,4,14,0,1,1,30,0,-1.5414767403854057,0.8,2.8,3.5,0,6,0
2011,jordy nelson,Jordy Nelson,GB,WR,16,96,68,1263,15,0,47,1196,411,83.62540231530768,0.7083333333333334,13.15625,18.573529411764707,0.15625,12.458333333333334,6.044117647058823
2011,josh johnson,Josh Johnson,TB,QB,9,2,0,0,0,0,0,84,0,-0.9848452892620116,0,0,NA,0,42,NA
2011,josh morgan,Josh Morgan,SF,WR,5,20,15,220,1,0,12,163,96,15.13133492981433,0.75,11,14.666666666666666,0.05,8.15,6.4
2011,julian edelman,Julian Edelman,NE,WR,13,8,4,34,0,0,0,55,8,-16.30373589840019,0.5,4.25,8.5,0,6.875,2
2011,julio jones,Julio Jones,ATL,WR,13,95,54,959,8,1,34,1295,404,36.875017048569035,0.5684210526315789,10.094736842105263,17.75925925925926,0.08421052631578947,13.631578947368421,7.481481481481482
2011,julius pruitt,Julius Pruitt,MIA,WR,4,0,0,0,0,0,0,0,0,NA,NA,NA,NA,NA,NA,NA
2011,kamar aiken,Kamar Aiken,BUF,WR,1,0,0,0,0,0,0,0,0,NA,NA,NA,NA,NA,NA,NA
2011,kassim osgood,Kassim Osgood,JAX,WR,8,11,5,42,0,0,2,80,18,-4.8834694206598215,0.45454545454545453,3.8181818181818183,8.4,0,7.2727272727272725,3.6
2011,kealoha pilares,Kealoha Pilares,CAR,WR,11,0,0,0,0,0,0,0,0,NA,NA,NA,NA,NA,NA,NA
2011,kenny britt,Kenny Britt,TEN,WR,3,26,17,289,3,1,14,332,125,19.158495548501378,0.6538461538461539,11.115384615384615,17,0.11538461538461539,12.76923076923077,7.352941176470588
2011,kevin ogletree,Kevin Ogletree,DAL,WR,13,26,15,164,0,1,11,252,55,-4.016700238832276,0.5769230769230769,6.3076923076923075,10.933333333333334,0,9.692307692307692,3.6666666666666665
2011,kevin smith,Kevin Smith,DET,RB,7,30,24,202,3,1,10,-5,211,1.9373012449359521,0.8,6.733333333333333,8.416666666666666,0.1,-0.16666666666666666,8.791666666666666
2011,kevin walter,Kevin Walter,HOU,WR,15,59,39,474,3,0,26,625,130,21.35944676516488,0.6610169491525424,8.033898305084746,12.153846153846153,0.05084745762711865,10.59322033898305,3.3333333333333335
2011,kris durham,Kris Durham,SEA,WR,2,4,3,30,0,0,2,46,3,-5.229258378065424,0.75,7.5,10,0,11.5,1
2011,kyle williams,Kyle Williams,BUF/SF,DT,16,31,20,241,3,0,14,237,107,15.594320090005047,0.6451612903225806,7.774193548387097,12.05,0.0967741935483871,7.645161290322581,5.35
2011,lance moore,Lance Moore,NO,WR,14,73,52,627,8,0,35,740,157,47.704732153125796,0.7123287671232876,8.58904109589041,12.057692307692308,0.1095890410958904,10.136986301369863,3.019230769230769
2011,laquan williams,LaQuan Williams,BAL,WR,9,12,4,46,0,0,3,133,6,-4.8725451721452995,0.3333333333333333,3.8333333333333335,11.5,0,11.083333333333334,1.5
2011,larry fitzgerald,Larry Fitzgerald,ARI,WR,16,154,80,1411,8,0,61,2054,488,32.12663688450368,0.5194805194805194,9.162337662337663,17.6375,0.05194805194805195,13.337662337662337,6.1
2011,laurent robinson,Laurent Robinson,DAL,WR,14,81,54,858,11,0,36,981,266,40.3331059766987,0.6666666666666666,10.592592592592593,15.88888888888889,0.13580246913580246,12.11111111111111,4.925925925925926
2011,lavelle hawkins,Lavelle Hawkins,TEN,WR,15,77,47,470,1,1,23,663,199,-6.524376515416295,0.6103896103896104,6.103896103896104,10,0.012987012987012988,8.61038961038961,4.23404255319149
2011,lee evans,Lee Evans,BAL,WR,9,26,4,74,0,0,4,464,9,-22.26922761627346,0.15384615384615385,2.8461538461538463,18.5,0,17.846153846153847,2.25
2011,legedu naanee,Legedu Naanee,CAR,WR,15,76,44,467,1,0,20,897,167,1.7414260314155472,0.5789473684210527,6.144736842105263,10.613636363636363,0.013157894736842105,11.802631578947368,3.7954545454545454
2011,leonard hankerson,Leonard Hankerson,WAS,WR,4,20,13,163,0,0,8,240,29,3.1064405835787765,0.65,8.15,12.538461538461538,0,12,2.230769230769231
2011,louis murphy,Louis Murphy,LV,WR,9,33,15,241,0,0,11,478,81,-5.512544071218791,0.45454545454545453,7.303030303030303,16.066666666666666,0,14.484848484848484,5.4
2011,malcom floyd,Malcom Floyd,LAC,WR,12,70,43,856,5,0,41,1153,181,63.13497313763021,0.6142857142857143,12.228571428571428,19.906976744186046,0.07142857142857142,16.47142857142857,4.209302325581396
2011,marc mariani,Marc Mariani,TEN,WR,16,12,5,24,0,0,0,84,15,-8.008759608404944,0.4166666666666667,2,4.8,0,7,3
2011,mario manningham,Mario Manningham,NYG,WR,11,77,39,523,4,0,25,1138,107,7.025958200887042,0.5064935064935064,6.792207792207792,13.41025641025641,0.05194805194805195,14.779220779220779,2.7435897435897436
2011,mario williams,Mario Williams,HOU,DE,5,0,0,0,0,0,0,0,0,NA,NA,NA,NA,NA,NA,NA
2011,mark clayton,Mark Clayton,LA,WR,1,4,3,26,0,0,1,28,5,0.50284649059176445,0.75,6.5,8.666666666666666,0,7,1.6666666666666667
2011,marlon moore,Marlon Moore,MIA,WR,3,0,0,0,0,0,0,0,0,NA,NA,NA,NA,NA,NA,NA
2011,marques colston,Marques Colston,NO,WR,14,109,82,1164,8,1,56,1239,276,81.84231375330718,0.7522935779816514,10.678899082568808,14.195121951219512,0.07339449541284404,11.36697247706422,3.3658536585365852
2011,matt willis,Matt Willis,DEN,WR,15,36,18,267,1,0,15,406,93,8.069926949043293,0.5,7.416666666666667,14.833333333333334,0.027777777777777776,11.277777777777779,5.166666666666667
2011,matthew slater,Matthew Slater,NE,WR,14,3,1,46,0,0,1,126,0,2.0806750777410343,0.3333333333333333,15.333333333333334,46,0,42,0
2011,maurice stovall,Maurice Stovall,DET,WR,7,3,1,8,0,0,1,16,10,-0.5530220477376133,0.3333333333333333,2.6666666666666665,8,0,5.333333333333333,10
2011,michael bennett,Michael Bennett,TB,DE,14,0,0,0,0,0,0,0,0,NA,NA,NA,NA,NA,NA,NA
2011,michael clayton,Michael Clayton,NYG,WR,3,1,0,0,0,0,0,2,0,-0.43911413091700524,0,0,NA,0,2,NA
2011,michael crabtree,Michael Crabtree,SF,WR,15,114,72,874,4,0,40,1068,358,28.102469574152458,0.631578947368421,7.666666666666667,12.13888888888889,0.03508771929824561,9.368421052631579,4.972222222222222
2011,michael jenkins,Michael Jenkins,MIN,WR,11,55,38,466,3,2,23,634,101,0.77853113978074,0.6909090909090909,8.472727272727273,12.263157894736842,0.05454545454545454,11.527272727272727,2.6578947368421053
2011,michael johnson,Michael Johnson,CIN,DE,13,0,0,0,0,0,0,0,0,NA,NA,NA,NA,NA,NA,NA
2011,micheal spurlock,Micheal Spurlock,TB,WR,10,6,2,13,0,0,0,100,4,-9.334054234845098,0.3333333333333333,2.1666666666666665,6.5,0,16.666666666666668,2
2011,mike sims walker,Mike Sims-Walker,JAX,WR,6,33,12,150,0,0,8,351,32,-5.2512951426324435,0.36363636363636365,4.545454545454546,12.5,0,10.636363636363637,2.6666666666666665
2011,mike thomas,Mike Thomas,JAX,WR,15,91,44,415,1,0,20,827,196,-24.51782811901122,0.4835164835164835,4.56043956043956,9.431818181818182,0.01098901098901099,9.087912087912088,4.454545454545454
2011,mike wallace,Mike Wallace,PIT,WR,16,113,72,1193,8,1,54,1456,466,52.46066182281857,0.6371681415929203,10.557522123893806,16.569444444444443,0.07079646017699115,12.88495575221239,6.472222222222222
2011,mike williams,Mike Williams,SEA/TB,WR,27,162,83,1007,4,2,54,1699,269,1.8893517933262949,0.5123456790123457,6.216049382716049,12.132530120481928,0.024691358024691357,10.487654320987655,3.2409638554216866
2011,miles austin,Miles Austin,DAL,WR,10,73,43,579,7,0,31,749,205,26.053331423610242,0.589041095890411,7.931506849315069,13.465116279069768,0.0958904109589041,10.26027397260274,4.767441860465116
2011,mohamed massaquoi,Mohamed Massaquoi,CLE,WR,14,74,31,384,2,0,19,773,75,-15.07832690839673,0.4189189189189189,5.1891891891891895,12.387096774193548,0.02702702702702703,10.445945945945946,2.4193548387096775
2011,naaman roosevelt,Naaman Roosevelt,BUF,WR,10,26,16,257,1,0,11,235,131,9.19084599026246,0.6153846153846154,9.884615384615385,16.0625,0.038461538461538464,9.038461538461538,8.1875
2011,nate washington,Nate Washington,TEN,WR,16,121,74,1023,7,0,47,1339,318,31.16205657580775,0.6115702479338843,8.454545454545455,13.824324324324325,0.05785123966942149,11.066115702479339,4.297297297297297
2011,nick miller,Nick Miller,LA,WR,7,1,1,8,0,0,0,-2,10,-0.5131278880871832,1,8,8,0,-2,10
2011,patrick turner,Patrick Turner,NYJ,WR,12,15,8,96,1,0,6,172,24,3.7035400686637425,0.5333333333333333,6.4,12,0.06666666666666667,11.466666666666667,3
2011,percy harvin,Percy Harvin,MIN,WR,16,122,87,967,6,2,45,697,544,23.898900235119505,0.7131147540983607,7.926229508196721,11.114942528735632,0.04918032786885246,5.713114754098361,6.252873563218391
2011,pierre garcon,Pierre Garcon,IND,WR,16,134,70,947,6,2,42,1551,351,0.9055101964295109,0.5223880597014925,7.067164179104478,13.528571428571428,0.04477611940298507,11.574626865671641,5.014285714285714
2011,plaxico burress,Plaxico Burress,NYJ,WR,16,96,45,612,8,0,38,1246,144,14.791305483312762,0.46875,6.375,13.6,0.08333333333333333,12.979166666666666,3.2
2011,preston parker,Preston Parker,TB,WR,16,64,40,554,3,0,25,452,287,15.622872932587674,0.625,8.65625,13.85,0.046875,7.0625,7.175
2011,quan cosby,Quan Cosby,DEN,WR,10,0,0,0,0,0,0,0,0,NA,NA,NA,NA,NA,NA,NA
2011,ramses barden,Ramses Barden,NYG,WR,6,19,9,94,0,0,5,174,27,-0.47856483308714814,0.47368421052631576,4.947368421052632,10.444444444444445,0,9.157894736842104,3
2011,randall cobb,Randall Cobb,GB,WR,15,31,25,375,1,0,15,268,188,25.438285695158505,0.8064516129032258,12.096774193548388,15,0.03225806451612903,8.64516129032258,7.52
2011,rashied davis,Rashied Davis,DET,WR,7,5,4,63,0,0,4,30,35,1.4966231061262079,0.8,12.6,15.75,0,6,8.75
2011,reggie wayne,Reggie Wayne,IND,WR,16,131,75,960,4,0,50,1451,276,19.354803935468833,0.5725190839694656,7.32824427480916,12.8,0.030534351145038167,11.076335877862595,3.68
2011,ricardo lockette,Ricardo Lockette,SEA,WR,2,4,2,105,1,0,2,135,19,6.981862183660269,0.5,26.25,52.5,0.25,33.75,9.5
2011,richard goodman,Richard Goodman,LAC,WR,13,2,0,0,0,0,0,29,0,-1.4861419727913954,0,0,NA,0,14.5,NA
2011,robert meachem,Robert Meachem,NO,WR,15,61,41,658,6,0,30,963,109,29.647977708664257,0.6721311475409836,10.78688524590164,16.048780487804876,0.09836065573770492,15.78688524590164,2.658536585365854
2011,roscoe parrish,Roscoe Parrish,BUF,WR,2,4,1,16,0,0,1,59,16,-2.2255252189934254,0.25,4,16,0,14.75,16
2011,roy williams,Roy Williams,CHI,WR,15,63,37,507,2,0,29,812,117,10.276177774518374,0.5873015873015873,8.047619047619047,13.702702702702704,0.031746031746031744,12.88888888888889,3.1621621621621623
2011,ruvell martin,Ruvell Martin,BUF,WR,10,16,7,82,0,0,5,132,30,-3.3238660654670786,0.4375,5.125,11.714285714285714,0,8.25,4.285714285714286
2011,ryan grant,Ryan Grant,GB,RB,15,24,19,268,1,0,10,-10,275,16.485689468390774,0.7916666666666666,11.166666666666666,14.105263157894736,0.041666666666666664,-0.4166666666666667,14.473684210526315
2011,ryan whalen,Ryan Whalen,CIN,WR,3,5,4,27,0,0,2,19,8,0.7364255904416592,0.8,5.4,6.75,0,3.8,2
2011,sam hurd,Sam Hurd,CHI,WR,10,15,8,109,0,1,5,188,35,-1.1061012181619112,0.5333333333333333,7.266666666666667,13.625,0,12.533333333333333,4.375
2011,santana moss,Santana Moss,WAS,WR,12,96,46,584,4,0,35,1058,185,0.29570686897419896,0.4791666666666667,6.083333333333333,12.695652173913043,0.041666666666666664,11.020833333333334,4.021739130434782
2011,santonio holmes,Santonio Holmes,NYJ,WR,16,101,51,654,8,2,35,1060,187,-6.974731859254158,0.504950495049505,6.475247524752476,12.823529411764707,0.07920792079207921,10.495049504950495,3.6666666666666665
2011,seyi ajirotutu,Seyi Ajirotutu,CAR,WR,3,2,1,4,0,0,1,20,2,0.17974936892278492,0.5,2,4,0,10,2
2011,sidney rice,Sidney Rice,SEA,WR,9,57,32,484,2,0,19,915,123,14.767467387360718,0.5614035087719298,8.491228070175438,15.125,0.03508771929824561,16.05263157894737,3.84375
2011,stefan logan,Stefan Logan,DET,WR,16,1,1,19,0,0,1,-4,23,1.325738473329693,1,19,19,0,-4,23
2011,stephen burton,Stephen Burton,MIN,WR,1,3,2,38,0,0,2,47,6,3.0764547105063684,0.6666666666666666,12.666666666666666,19,0,15.666666666666666,3
2011,steve breaston,Steve Breaston,KC,WR,16,98,61,785,2,0,39,994,311,13.818270151085619,0.6224489795918368,8.010204081632653,12.868852459016393,0.02040816326530612,10.142857142857142,5.098360655737705
2011,steve smith,Steve Smith,CAR/PHI,WR,21,149,90,1518,8,3,58,2051,492,37.78708935397642,0.6040268456375839,10.187919463087248,16.866666666666667,0.053691275167785234,13.765100671140939,5.466666666666667
2011,t j houshmandzadeh,T.J. Houshmandzadeh,LV,WR,7,19,11,146,1,0,5,226,31,3.817589976479738,0.5789473684210527,7.684210526315789,13.272727272727273,0.05263157894736842,11.894736842105264,2.8181818181818183
2011,tandon doss,Tandon Doss,BAL,WR,2,2,0,0,0,0,0,24,0,-1.5095719455076506,0,0,NA,0,12,NA
2011,terrance copper,Terrance Copper,KC,WR,9,12,8,114,0,0,6,134,36,9.320481252639777,0.6666666666666666,9.5,14.25,0,11.166666666666666,4.5
2011,terrelle pryor,Terrelle Pryor,LV,WR,1,0,0,0,0,0,0,0,0,NA,NA,NA,NA,NA,NA,NA
2011,terrence austin,Terrence Austin,WAS,WR,10,26,12,137,0,1,6,258,34,-13.003895254563876,0.46153846153846156,5.269230769230769,11.416666666666666,0,9.923076923076923,2.8333333333333335
2011,tiquan underwood,Tiquan Underwood,NE,WR,4,6,3,30,0,0,2,74,6,-4.00557082722662,0.5,5,10,0,12.333333333333334,2
2011,titus young,Titus Young,DET,WR,16,87,50,616,6,0,33,1117,128,23.770552260320315,0.5747126436781609,7.080459770114943,12.32,0.06896551724137931,12.839080459770114,2.56
2011,tom nelson,Tom Nelson,PHI,DB,3,0,0,0,0,0,0,0,0,NA,NA,NA,NA,NA,NA,NA
2011,torrey smith,Torrey Smith,BAL,WR,15,96,50,841,7,1,34,1702,228,35.62839465485662,0.5208333333333334,8.760416666666666,16.82,0.07291666666666667,17.729166666666668,4.56
2011,victor cruz,Victor Cruz,NYG,WR,16,131,82,1536,9,1,59,1558,588,77.9856511617817,0.6259541984732825,11.725190839694656,18.73170731707317,0.06870229007633588,11.893129770992367,7.170731707317073
2011,vincent brown,Vincent Brown,LAC,WR,10,40,19,329,2,0,17,587,77,8.838977949460968,0.475,8.225,17.31578947368421,0.05,14.675,4.052631578947368
2011,vincent jackson,Vincent Jackson,LAC,WR,16,115,60,1106,9,0,54,1998,192,22.679118100308415,0.5217391304347826,9.617391304347827,18.433333333333334,0.0782608695652174,17.37391304347826,3.2
2011,wes welker,Wes Welker,NE,WR,16,173,122,1569,9,0,77,1315,708,100.34451682560183,0.7052023121387283,9.06936416184971,12.860655737704919,0.05202312138728324,7.601156069364162,5.80327868852459
2011,weslye saunders,Weslye Saunders,PIT,TE,8,8,4,29,1,0,3,60,8,-1.2601246200346128,0.5,3.625,7.25,0.125,7.5,2
2012,a j green,A.J. Green,CIN,WR,16,164,97,1350,11,2,61,2235,381,34.729629609446135,0.5914634146341463,8.231707317073171,13.917525773195877,0.06707317073170732,13.628048780487806,3.9278350515463916
2012,a j jenkins,A.J. Jenkins,SF,WR,1,1,0,0,0,0,0,2,0,-1.3883628994226456,0,0,NA,0,2,NA
2012,aldrick robinson,Aldrick Robinson,WAS,WR,9,19,11,237,3,0,9,407,62,16.610648700705497,0.5789473684210527,12.473684210526315,21.545454545454547,0.15789473684210525,21.42105263157895,5.636363636363637
2012,alshon jeffery,Alshon Jeffery,CHI,WR,10,48,24,367,3,0,17,797,65,4.3391066482995395,0.5,7.645833333333333,15.291666666666666,0.0625,16.604166666666668,2.7083333333333335
2012,andre caldwell,Andre Caldwell,DEN,WR,3,4,1,18,0,0,1,47,2,-1.5118413403397426,0.25,4.5,18,0,11.75,2
2012,andre holmes,Andre Holmes,DAL,WR,4,2,2,11,0,0,1,8,3,0.3676606980734505,1,5.5,5.5,0,4,1.5
2012,andre johnson,Andre Johnson,HOU,WR,16,163,112,1598,4,0,79,1848,548,75.89157542759922,0.6871165644171779,9.803680981595091,14.267857142857142,0.024539877300613498,11.337423312883436,4.892857142857143
2012,andre roberts,Andre Roberts,ARI,WR,15,114,64,759,5,1,41,1091,221,9.292032774682532,0.5614035087719298,6.657894736842105,11.859375,0.043859649122807015,9.570175438596491,3.453125
2012,andrew hawkins,Andrew Hawkins,CIN,WR,14,80,51,533,4,1,25,455,342,9.977513549001813,0.6375,6.6625,10.450980392156863,0.05,5.6875,6.705882352941177
2012,anquan boldin,Anquan Boldin,BAL,WR,15,112,65,921,4,0,45,1206,237,21.714355805425253,0.5803571428571429,8.223214285714286,14.169230769230769,0.03571428571428571,10.767857142857142,3.646153846153846
2012,anthony armstrong,Anthony Armstrong,MIA,WR,2,9,3,12,0,0,0,107,3,-4.806849356449675,0.3333333333333333,1.3333333333333333,4,0,11.88888888888889,1
2012,antonio brown,Antonio Brown,PIT,WR,13,106,66,787,5,2,43,1059,348,32.017921072817664,0.6226415094339622,7.4245283018867925,11.924242424242424,0.04716981132075472,9.99056603773585,5.2727272727272725
2012,armanti edwards,Armanti Edwards,CAR,WR,10,9,5,121,0,0,3,147,72,3.25833437768021,0.5555555555555556,13.444444444444445,24.2,0,16.333333333333332,14.4
2012,armon binns,Armon Binns,MIA,WR,9,40,24,277,1,1,11,348,112,4.612006646140623,0.6,6.925,11.541666666666666,0.025,8.7,4.666666666666667
2012,arrelious benn,Arrelious Benn,TB,WR,8,6,4,26,0,0,0,20,23,-0.7237925790250301,0.6666666666666666,4.333333333333333,6.5,0,3.3333333333333335,5.75
2012,austin collie,Austin Collie,IND,WR,1,1,1,6,0,0,0,4,2,-0.024938778020441532,1,6,6,0,4,2
2012,austin pettis,Austin Pettis,LA,WR,13,48,30,261,4,0,16,428,79,5.071383630030567,0.625,5.4375,8.7,0.08333333333333333,8.916666666666666,2.6333333333333333
2012,ben obomanu,Ben Obomanu,SEA,WR,7,9,4,58,0,0,1,132,21,-5.031775506067298,0.4444444444444444,6.444444444444445,14.5,0,14.666666666666666,5.25
2012,brad smith,Brad Smith,BUF,WR,15,22,14,152,2,0,7,192,44,7.463922283711432,0.6363636363636364,6.909090909090909,10.857142857142858,0.09090909090909091,8.727272727272727,3.142857142857143
2012,brandon gibson,Brandon Gibson,LA,WR,15,82,51,691,5,0,43,1017,112,37.02839684813051,0.6219512195121951,8.426829268292684,13.549019607843137,0.06097560975609756,12.402439024390244,2.196078431372549
2012,brandon johnson,Brandon Johnson,PIT,LB,9,0,0,0,0,0,0,0,0,NA,NA,NA,NA,NA,NA,NA
2012,brandon lafell,Brandon LaFell,CAR,WR,13,76,44,677,4,1,32,765,312,13.314639939415219,0.5789473684210527,8.907894736842104,15.386363636363637,0.05263157894736842,10.06578947368421,7.090909090909091
2012,brandon lloyd,Brandon Lloyd,NE,WR,16,130,74,911,4,0,50,1740,168,38.34446139442915,0.5692307692307692,7.007692307692308,12.31081081081081,0.03076923076923077,13.384615384615385,2.27027027027027
2012,brandon marshall,Brandon Marshall,CHI/JAX,WR,18,194,118,1508,11,2,75,2411,347,33.75140515690591,0.6082474226804123,7.77319587628866,12.779661016949152,0.05670103092783505,12.427835051546392,2.940677966101695
2012,brandon stokley,Brandon Stokley,DEN,WR,14,59,45,544,5,0,30,589,148,27.58515383366095,0.7627118644067796,9.220338983050848,12.088888888888889,0.0847457627118644,9.983050847457626,3.2888888888888888
2012,brandon tate,Brandon Tate,CIN,WR,16,25,13,211,1,0,6,309,64,-7.90135353969148,0.52,8.44,16.23076923076923,0.04,12.36,4.923076923076923
2012,braylon edwards,Braylon Edwards,NYJ,WR,9,35,18,199,1,0,12,486,33,-0.9127246692624857,0.5142857142857142,5.685714285714286,11.055555555555555,0.02857142857142857,13.885714285714286,1.8333333333333333
2012,brian hartline,Brian Hartline,MIA,WR,15,131,74,1083,1,1,48,1661,240,34.8765149542535,0.5648854961832062,8.267175572519085,14.635135135135135,0.007633587786259542,12.679389312977099,3.2432432432432434
2012,brian quick,Brian Quick,LA,WR,14,27,11,156,2,0,6,344,23,-14.925004862752688,0.4074074074074074,5.777777777777778,14.181818181818182,0.07407407407407407,12.74074074074074,2.090909090909091
2012,brian robiskie,Brian Robiskie,DET,WR,3,6,4,44,1,0,3,61,8,2.608697541116271,0.6666666666666666,7.333333333333333,11,0.16666666666666666,10.166666666666666,2
2012,calvin johnson,Calvin Johnson,DET,WR,16,204,122,1964,5,3,92,2753,503,70.46058241009307,0.5980392156862745,9.627450980392156,16.098360655737704,0.024509803921568627,13.495098039215685,4.122950819672131
2012,cecil shorts,Cecil Shorts,JAX,WR,14,105,55,979,7,1,36,1307,360,34.07454398414238,0.5238095238095238,9.323809523809524,17.8,0.06666666666666667,12.447619047619048,6.545454545454546
2012,chandler jones,Chandler Jones,NE,DE,13,0,0,0,0,0,0,0,0,NA,NA,NA,NA,NA,NA,NA
2012,charles johnson,Charles Johnson,CAR,DE,16,0,0,0,0,0,0,0,0,NA,NA,NA,NA,NA,NA,NA
2012,charly martin,Charly Martin,SEA,WR,4,6,4,42,0,0,2,58,12,0.5805877280363347,0.6666666666666666,7,10.5,0,9.666666666666666,3
2012,chaz schilens,Chaz Schilens,NYJ,WR,12,41,28,289,2,1,16,420,49,5.063176411315284,0.6829268292682927,7.048780487804878,10.321428571428571,0.04878048780487805,10.24390243902439,1.75
2012,chris givens,Chris Givens,LA,WR,15,80,42,698,3,0,25,1188,277,21.071805253569686,0.525,8.725,16.61904761904762,0.0375,14.85,6.595238095238095
2012,chris owusu,Chris Owusu,TB,WR,2,3,1,24,0,0,1,27,11,-2.5295790926902555,0.3333333333333333,8,24,0,9,11
2012,chris williams,Chris Williams,LA,G,1,0,0,0,0,0,0,0,0,NA,NA,NA,NA,NA,NA,NA
2012,clyde gates,Clyde Gates,NYJ,WR,10,35,16,224,0,0,12,393,20,-4.750636399423098,0.45714285714285713,6.4,14,0,11.228571428571428,1.25
2012,cole beasley,Cole Beasley,DAL,WR,8,24,15,128,0,0,8,125,59,-2.7552196567431735,0.625,5.333333333333333,8.533333333333333,0,5.208333333333333,3.933333333333333
2012,courtney roby,Courtney Roby,NO,WR,8,2,1,9,0,0,0,7,5,-0.015248131472617388,0.5,4.5,9,0,3.5,5
2012,d j moore,D.J. Moore,CHI,CB,11,0,0,0,0,0,0,0,0,NA,NA,NA,NA,NA,NA,NA
2012,damaris johnson,Damaris Johnson,PHI,WR,14,31,19,256,0,0,14,321,100,16.814294840331268,0.6129032258064516,8.258064516129032,13.473684210526315,0,10.35483870967742,5.2631578947368425
2012,damian williams,Damian Williams,TEN,WR,13,45,30,324,0,0,18,422,75,-14.392911106149791,0.6666666666666666,7.2,10.8,0,9.377777777777778,2.5
2012,danario alexander,Danario Alexander,LAC,WR,10,62,37,658,7,0,29,727,283,40.83284600870684,0.5967741935483871,10.612903225806452,17.783783783783782,0.11290322580645161,11.725806451612904,7.648648648648648
2012,dane sanzenbacher,Dane Sanzenbacher,CHI,WR,2,3,1,7,0,0,1,14,4,-0.05106776609318331,0.3333333333333333,2.3333333333333335,7,0,4.666666666666667,4
2012,danny amendola,Danny Amendola,LA,WR,11,101,63,666,3,2,38,785,230,6.053093373148263,0.6237623762376238,6.594059405940594,10.571428571428571,0.0297029702970297,7.772277227722772,3.6507936507936507
2012,darrius heyward bey,Darrius Heyward-Bey,LV,WR,15,80,41,606,5,0,25,1017,231,7.2797325454871,0.5125,7.575,14.78048780487805,0.0625,12.7125,5.634146341463414
2012,david gilreath,David Gilreath,PIT,WR,3,2,0,0,0,0,0,50,0,-0.17905523459194228,0,0,NA,0,25,NA
2012,david nelson,David Nelson,BUF,WR,1,5,2,31,0,0,2,40,10,-8.760747626773082,0.4,6.2,15.5,0,8,5
2012,david reed,David Reed,BAL,WR,4,6,5,66,0,0,2,60,23,3.182970132002369,0.8333333333333334,11,13.2,0,10,4.6
2012,davone bess,Davone Bess,MIA,WR,13,105,61,778,1,1,38,1057,249,13.590951625461523,0.580952380952381,7.40952380952381,12.754098360655737,0.009523809523809525,10.066666666666666,4.081967213114754
2012,deion branch,Deion Branch,NE,WR,9,29,16,145,0,0,10,281,44,3.542257391153134,0.5517241379310345,5,9.0625,0,9.689655172413794,2.75
2012,demaryius thomas,Demaryius Thomas,DEN,WR,16,141,94,1434,10,2,60,1571,544,77.95963783584382,0.6666666666666666,10.170212765957446,15.25531914893617,0.07092198581560284,11.141843971631205,5.787234042553192
2012,denarius moore,Denarius Moore,LV,WR,15,114,51,741,7,1,33,1417,258,-9.705032874631767,0.4473684210526316,6.5,14.529411764705882,0.06140350877192982,12.429824561403509,5.0588235294117645
2012,deonte thompson,Deonte Thompson,BAL,WR,6,6,5,51,0,0,2,45,23,1.3683530354187843,0.8333333333333334,8.5,10.2,0,7.5,4.6
2012,derek hagan,Derek Hagan,LV,WR,12,36,20,259,0,0,14,421,68,4.081546990291923,0.5555555555555556,7.194444444444445,12.95,0,11.694444444444445,3.4
2012,derrick johnson,Derrick Johnson,KC,LB,16,0,0,0,0,0,0,0,0,NA,NA,NA,NA,NA,NA,NA
2012,desean jackson,DeSean Jackson,PHI,WR,11,88,45,700,2,1,30,1323,223,15.66767732098377,0.5113636363636364,7.954545454545454,15.555555555555555,0.022727272727272728,15.034090909090908,4.955555555555556
2012,devery henderson,Devery Henderson,NO,WR,15,47,22,316,1,1,10,747,79,-10.59022464471646,0.46808510638297873,6.723404255319149,14.363636363636363,0.02127659574468085,15.893617021276595,3.590909090909091
2012,devier posey,DeVier Posey,HOU,WR,8,14,6,87,0,0,3,160,29,3.9149483688815963,0.42857142857142855,6.214285714285714,14.5,0,11.428571428571429,4.833333333333333
2012,devin aromashodu,Devin Aromashodu,MIN,WR,11,22,11,182,0,0,10,324,38,-0.40559553167858153,0.5,8.272727272727273,16.545454545454547,0,14.727272727272727,3.4545454545454546
2012,devin hester,Devin Hester,CHI,WR,15,40,23,242,1,0,9,394,103,-8.880966413824353,0.575,6.05,10.521739130434783,0.025,9.85,4.478260869565218
2012,devon wylie,Devon Wylie,KC,WR,5,12,6,53,0,0,2,76,11,-4.001003760035314,0.5,4.416666666666667,8.833333333333334,0,6.333333333333333,1.8333333333333333
2012,dez bryant,Dez Bryant,DAL,WR,16,136,90,1371,12,2,53,1651,455,50.60329032203477,0.6617647058823529,10.080882352941176,15.233333333333333,0.08823529411764706,12.139705882352942,5.055555555555555
2012,domenik hixon,Domenik Hixon,NYG,WR,13,59,39,567,2,0,24,754,135,30.459737108543315,0.6610169491525424,9.610169491525424,14.538461538461538,0.03389830508474576,12.779661016949152,3.4615384615384617
2012,donald jones,Donald Jones,BUF,WR,12,67,41,443,4,1,25,627,179,4.120553753956594,0.6119402985074627,6.611940298507463,10.804878048780488,0.05970149253731343,9.35820895522388,4.365853658536586
2012,donnie avery,Donnie Avery,IND,WR,16,126,60,781,3,1,37,1584,207,10.8596066907553,0.47619047619047616,6.198412698412699,13.016666666666667,0.023809523809523808,12.571428571428571,3.45
2012,donte stallworth,Donte' Stallworth,NE,WR,1,2,1,63,1,0,1,64,30,4.907645060680807,0.5,31.5,63,0.5,32,30
2012,doug baldwin,Doug Baldwin,SEA,WR,14,50,29,366,3,0,18,622,78,15.563612062007124,0.58,7.32,12.620689655172415,0.06,12.44,2.689655172413793
2012,drew davis,Drew Davis,ATL,WR,8,6,4,40,1,0,2,76,23,2.7922543381573632,0.6666666666666666,6.666666666666667,10,0.16666666666666666,12.666666666666666,5.75
2012,dwayne bowe,Dwayne Bowe,KC,WR,13,114,59,801,3,1,43,1433,237,10.226470222248906,0.5175438596491229,7.026315789473684,13.576271186440678,0.02631578947368421,12.570175438596491,4.016949152542373
2012,dwayne harris,Dwayne Harris,DAL,WR,15,31,17,222,1,0,9,308,110,7.870396702725481,0.5483870967741935,7.161290322580645,13.058823529411764,0.03225806451612903,9.935483870967742,6.470588235294118
2012,earl bennett,Earl Bennett,CHI,WR,12,49,29,375,2,0,20,405,187,7.427614756006779,0.5918367346938775,7.653061224489796,12.931034482758621,0.04081632653061224,8.26530612244898,6.448275862068965
2012,early doucet,Early Doucet,ARI,WR,12,53,28,207,0,0,11,291,81,-12.791953994504462,0.5283018867924528,3.9056603773584904,7.392857142857143,0,5.490566037735849,2.892857142857143
2012,eddie royal,Eddie Royal,LAC,WR,10,44,23,234,1,0,15,325,90,-19.847140303427413,0.5227272727272727,5.318181818181818,10.173913043478262,0.022727272727272728,7.386363636363637,3.9130434782608696
2012,emmanuel sanders,Emmanuel Sanders,PIT,WR,16,74,44,626,1,1,31,850,218,19.761540087277456,0.5945945945945946,8.45945945945946,14.227272727272727,0.013513513513513514,11.486486486486486,4.954545454545454
2012,eric decker,Eric Decker,DEN,WR,16,122,85,1064,13,0,52,1403,263,68.49342565654544,0.6967213114754098,8.721311475409836,12.51764705882353,0.10655737704918032,11.5,3.0941176470588236
2012,eric weems,Eric Weems,CHI,WR,11,4,2,27,0,0,2,42,1,0.8421428230358288,0.5,6.75,13.5,0,10.5,0.5
2012,golden tate,Golden Tate,SEA,WR,15,67,45,688,7,0,29,935,259,42.324191871096424,0.6716417910447762,10.26865671641791,15.28888888888889,0.1044776119402985,13.955223880597014,5.7555555555555555
2012,greg camarillo,Greg Camarillo,NO,WR,1,5,4,44,0,0,3,34,10,4.27646872762125,0.8,8.8,11,0,6.8,2.5
2012,greg jennings,Greg Jennings,GB,WR,8,62,36,366,4,0,22,619,164,5.798703784130596,0.5806451612903226,5.903225806451613,10.166666666666666,0.06451612903225806,9.983870967741936,4.555555555555555
2012,greg little,Greg Little,CLE,WR,16,92,53,647,4,0,35,930,197,2.9508574907282537,0.5760869565217391,7.032608695652174,12.20754716981132,0.043478260869565216,10.108695652173912,3.7169811320754715
2012,hakeem nicks,Hakeem Nicks,NYG,WR,12,100,53,692,3,0,35,1202,195,4.602737210843611,0.53,6.92,13.056603773584905,0.03,12.02,3.6792452830188678
2012,harry douglas,Harry Douglas,ATL,WR,15,59,38,395,1,1,18,519,152,-1.8760985210186891,0.6440677966101694,6.694915254237288,10.394736842105264,0.01694915254237288,8.796610169491526,4
2012,jabar gaffney,Jabar Gaffney,MIA,WR,3,10,4,68,0,0,3,131,11,-4.684047598508187,0.4,6.8,17,0,13.1,2.75
2012,jacoby jones,Jacoby Jones,BAL,WR,16,55,30,406,1,0,16,786,83,15.373729582591032,0.5454545454545454,7.381818181818182,13.533333333333333,0.01818181818181818,14.290909090909091,2.7666666666666666
2012,jamar newsome,Jamar Newsome,KC,WR,6,16,5,73,0,0,3,251,19,-4.959424167871475,0.3125,4.5625,14.6,0,15.6875,3.8
2012,james jones,James Jones,GB,WR,15,98,64,784,14,0,45,1068,230,46.24822131813862,0.6530612244897959,8,12.25,0.14285714285714285,10.89795918367347,3.59375
2012,jarius wright,Jarius Wright,MIN,WR,7,36,22,310,2,0,13,383,109,14.35607644767223,0.6111111111111112,8.61111111111111,14.090909090909092,0.05555555555555555,10.63888888888889,4.954545454545454
2012,jarrett boykin,Jarrett Boykin,GB,WR,7,6,5,27,0,0,1,50,6,1.519088433360197,0.8333333333333334,4.5,5.4,0,8.333333333333334,1.2
2012,jason avant,Jason Avant,PHI,WR,14,76,53,648,0,0,31,771,162,30.045014229588677,0.6973684210526315,8.526315789473685,12.226415094339623,0,10.144736842105264,3.056603773584906
2012,jason hill,Jason Hill,NYJ,WR,2,3,2,15,1,0,2,46,1,1.347903523594141,0.6666666666666666,5,7.5,0.3333333333333333,15.333333333333334,0.5
2012,jeremy kerley,Jeremy Kerley,NYJ,WR,16,96,56,827,2,2,31,929,292,6.063924288273304,0.5833333333333334,8.614583333333334,14.767857142857142,0.020833333333333332,9.677083333333334,5.214285714285714
2012,jeremy maclin,Jeremy Maclin,PHI,WR,15,122,69,857,7,1,37,1313,255,14.478116624436725,0.5655737704918032,7.024590163934426,12.420289855072463,0.05737704918032787,10.762295081967213,3.6956521739130435
2012,jeremy ross,Jeremy Ross,GB,WR,2,0,0,0,0,0,0,0,0,NA,NA,NA,NA,NA,NA,NA
2012,jermaine kearse,Jermaine Kearse,SEA,WR,5,7,3,31,0,0,2,93,1,0.068417594069615,0.42857142857142855,4.428571428571429,10.333333333333334,0,13.285714285714286,0.3333333333333333
2012,jerome simpson,Jerome Simpson,MIN,WR,12,51,26,274,0,2,16,594,56,-5.489253765609781,0.5098039215686274,5.372549019607843,10.538461538461538,0,11.647058823529411,2.1538461538461537
2012,jerrel jernigan,Jerrel Jernigan,NYG,WR,7,5,3,22,0,0,2,38,7,-8.99206684762612,0.6,4.4,7.333333333333333,0,7.6,2.3333333333333335
2012,jerrell jackson,Jerrell Jackson,JAX,WR,1,0,0,0,0,0,0,0,0,NA,NA,NA,NA,NA,NA,NA
2012,jerricho cotchery,Jerricho Cotchery,PIT,WR,12,27,17,205,0,0,12,286,43,10.54036138578354,0.6296296296296297,7.592592592592593,12.058823529411764,0,10.592592592592593,2.5294117647058822
2012,joe adams,Joe Adams,CAR,WR,9,1,1,7,0,0,0,2,5,0.3128176190657541,1,7,7,0,2,5
2012,jordan norwood,Jordan Norwood,CLE,WR,2,19,13,137,0,0,5,171,62,2.605233015086556,0.6842105263157895,7.2105263157894735,10.538461538461538,0,9,4.769230769230769
2012,jordan shipley,Jordan Shipley,JAX,WR,7,39,23,244,1,0,10,373,42,-2.2579060451970436,0.5897435897435898,6.256410256410256,10.608695652173912,0.02564102564102564,9.564102564102564,1.826086956521739
2012,jordan white,Jordan White,NYJ,WR,1,3,1,13,0,0,1,52,3,-1.594077618792653,0.3333333333333333,4.333333333333333,13,0,17.333333333333332,3
2012,jordy nelson,Jordy Nelson,GB,WR,12,73,49,745,7,0,36,898,251,48.93409224068466,0.6712328767123288,10.205479452054794,15.204081632653061,0.0958904109589041,12.301369863013699,5.122448979591836
2012,joseph morgan,Joseph Morgan,NO,WR,11,20,10,379,3,0,9,548,87,23.010008064622525,0.5,18.95,37.9,0.15,27.4,8.7
2012,josh bellamy,Josh Bellamy,KC,WR,2,0,0,0,0,0,0,0,0,NA,NA,NA,NA,NA,NA,NA
2012,josh cooper,Josh Cooper,CLE,WR,6,18,8,106,0,0,6,136,58,2.95323841459507,0.4444444444444444,5.888888888888889,13.25,0,7.555555555555555,7.25
2012,josh gordon,Josh Gordon,CLE,WR,16,95,50,805,5,1,40,1259,310,20.951260281804558,0.5263157894736842,8.473684210526315,16.1,0.05263157894736842,13.25263157894737,6.2
2012,josh johnson,Josh Johnson,CLE,QB,1,0,0,0,0,0,0,0,0,NA,NA,NA,NA,NA,NA,NA
2012,josh morgan,Josh Morgan,WAS,WR,16,73,48,510,2,1,29,581,234,12.704764228899245,0.6575342465753424,6.986301369863014,10.625,0.0273972602739726,7.958904109589041,4.875
2012,julian edelman,Julian Edelman,NE,WR,9,32,21,235,3,0,12,229,141,19.4842320948991,0.65625,7.34375,11.19047619047619,0.09375,7.15625,6.714285714285714
2012,julio jones,Julio Jones,ATL,WR,16,129,79,1198,10,0,56,1574,464,60.737704004636,0.6124031007751938,9.286821705426357,15.164556962025317,0.07751937984496124,12.2015503875969,5.8734177215189876
2012,juron criner,Juron Criner,LV,WR,9,33,16,151,1,1,10,232,80,-1.856999082400319,0.48484848484848486,4.575757575757576,9.4375,0.030303030303030304,7.03030303030303,5
2012,justin blackmon,Justin Blackmon,JAX,WR,16,132,64,865,5,1,41,1420,284,10.487503464107423,0.48484848484848486,6.553030303030303,13.515625,0.03787878787878788,10.757575757575758,4.4375
2012,kassim osgood,Kassim Osgood,DET,WR,6,0,0,0,0,0,0,0,0,NA,NA,NA,NA,NA,NA,NA
2012,kealoha pilares,Kealoha Pilares,CAR,WR,8,4,2,42,1,0,1,-8,49,3.480043191520963,0.5,10.5,21,0.25,-2,24.5
2012,kendall wright,Kendall Wright,TEN,WR,15,104,64,626,4,1,38,700,314,10.477169149865675,0.6153846153846154,6.019230769230769,9.78125,0.038461538461538464,6.730769230769231,4.90625
2012,kenny britt,Kenny Britt,TEN,WR,14,90,45,589,4,2,24,1133,137,2.3478398410319437,0.5,6.544444444444444,13.088888888888889,0.044444444444444446,12.588888888888889,3.0444444444444443
2012,keshawn martin,Keshawn Martin,HOU,WR,16,28,10,85,1,0,6,209,37,-12.955422624118984,0.35714285714285715,3.0357142857142856,8.5,0.03571428571428571,7.464285714285714,3.7
2012,kevin cone,Kevin Cone,ATL,WR,4,1,0,0,0,0,0,1,0,-0.5679637647117488,0,0,NA,0,1,NA
2012,kevin elliott,Kevin Elliott,JAX,WR,9,31,10,108,0,0,6,322,27,-14.877699647494593,0.3225806451612903,3.4838709677419355,10.8,0,10.387096774193548,2.7
2012,kevin ogletree,Kevin Ogletree,DAL,WR,14,55,32,436,4,0,19,706,84,3.985203319337418,0.5818181818181818,7.927272727272728,13.625,0.07272727272727272,12.836363636363636,2.625
2012,kevin smith,Kevin Smith,DET,RB,9,16,10,79,1,0,6,-9,100,1.6522135413929284,0.625,4.9375,7.9,0.0625,-0.5625,10
2012,kevin walter,Kevin Walter,HOU,WR,16,68,41,518,2,0,27,806,94,17.346721720543286,0.6029411764705882,7.617647058823529,12.634146341463415,0.029411764705882353,11.852941176470589,2.292682926829268
2012,kris adams,Kris Adams,IND,WR,3,8,2,26,0,0,2,98,5,-2.5019794308464043,0.25,3.25,13,0,12.25,2.5
2012,kris durham,Kris Durham,DET,WR,4,21,8,125,1,0,7,304,25,-11.121973300111371,0.38095238095238093,5.9523809523809526,15.625,0.047619047619047616,14.476190476190476,3.125
2012,kyle williams,Kyle Williams,BUF/SF,DT,27,22,14,212,1,1,10,258,73,7.290399827527644,0.6363636363636364,9.636363636363637,15.142857142857142,0.045454545454545456,11.727272727272727,5.214285714285714
2012,lance moore,Lance Moore,NO,WR,15,104,65,1041,6,0,55,1427,143,49.8427829922465,0.625,10.009615384615385,16.015384615384615,0.057692307692307696,13.721153846153847,2.2
2012,laquan williams,LaQuan Williams,BAL,WR,6,0,0,0,0,0,0,0,0,NA,NA,NA,NA,NA,NA,NA
2012,laron byrd,LaRon Byrd,ARI,WR,3,2,1,8,0,0,1,12,2,0.8869227133982349,0.5,4,8,0,6,2
2012,larry fitzgerald,Larry Fitzgerald,ARI,WR,16,156,71,798,4,0,44,1649,272,-53.09827388064946,0.4551282051282051,5.115384615384615,11.23943661971831,0.02564102564102564,10.570512820512821,3.8309859154929575
2012,laurent robinson,Laurent Robinson,JAX,WR,7,43,24,252,0,1,8,479,54,-2.117123289441224,0.5581395348837209,5.8604651162790695,10.5,0,11.13953488372093,2.25
2012,lavelle hawkins,Lavelle Hawkins,TEN,WR,7,11,5,62,0,0,2,106,7,-1.5434411944588646,0.45454545454545453,5.636363636363637,12.4,0,9.636363636363637,1.4
2012,lavon brazill,LaVon Brazill,IND,WR,12,24,11,186,1,0,7,426,72,3.384206424885094,0.4583333333333333,7.75,16.90909090909091,0.041666666666666664,17.75,6.545454545454546
2012,legedu naanee,Legedu Naanee,MIA,WR,4,5,1,19,0,1,0,53,0,-21.047885014209896,0.2,3.8,19,0,10.6,0
2012,leonard hankerson,Leonard Hankerson,WAS,WR,15,57,38,543,3,0,25,763,150,33.947997898244644,0.6666666666666666,9.526315789473685,14.289473684210526,0.05263157894736842,13.385964912280702,3.9473684210526314
2012,lestar jean,Lestar Jean,HOU,WR,7,12,6,151,1,0,5,228,83,9.687233931559604,0.5,12.583333333333334,25.166666666666668,0.08333333333333333,19,13.833333333333334
2012,louis murphy,Louis Murphy,CAR,WR,15,61,25,336,1,1,16,882,61,-4.171228911081844,0.4098360655737705,5.508196721311475,13.44,0.01639344262295082,14.459016393442623,2.44
2012,malcom floyd,Malcom Floyd,LAC,WR,14,85,56,814,5,0,47,1237,98,46.77350610056683,0.6588235294117647,9.576470588235294,14.535714285714286,0.058823529411764705,14.552941176470588,1.75
2012,marcus easley,Marcus Easley,BUF,WR,3,0,0,0,0,0,0,0,0,NA,NA,NA,NA,NA,NA,NA
2012,marcus thigpen,Marcus Thigpen,MIA,WR,15,2,1,15,0,0,1,33,3,1.5468260757625103,0.5,7.5,15,0,16.5,3
2012,mardy gilyard,Mardy Gilyard,NYJ,WR,7,6,2,15,0,0,0,42,11,-2.3122764674481004,0.3333333333333333,2.5,7.5,0,7,5.5
2012,mario manningham,Mario Manningham,SF,WR,12,57,42,449,1,2,22,543,173,7.717845295920871,0.7368421052631579,7.87719298245614,10.69047619047619,0.017543859649122806,9.526315789473685,4.119047619047619
2012,mario williams,Mario Williams,BUF,DE,16,0,0,0,0,0,0,0,0,NA,NA,NA,NA,NA,NA,NA
2012,marlon moore,Marlon Moore,MIA,WR,12,11,6,116,1,0,5,156,23,4.845680373056044,0.5454545454545454,10.545454545454545,19.333333333333332,0.09090909090909091,14.181818181818182,3.8333333333333335
2012,marques colston,Marques Colston,NO,WR,16,130,83,1154,10,4,66,1405,292,52.891335486808174,0.6384615384615384,8.876923076923077,13.903614457831326,0.07692307692307693,10.807692307692308,3.5180722891566263
2012,marvin jones,Marvin Jones,CIN,WR,8,32,18,201,1,0,11,397,34,-3.2807753354694573,0.5625,6.28125,11.166666666666666,0.03125,12.40625,1.8888888888888888
2012,marvin mcnutt,Marvin McNutt,PHI,WR,3,2,0,0,0,0,0,64,0,-1.1759169403230771,0,0,NA,0,32,NA
2012,matt willis,Matt Willis,DEN,WR,14,22,10,90,0,0,5,127,28,-23.64608750290174,0.45454545454545453,4.090909090909091,9,0,5.7727272727272725,2.8
2012,matthew slater,Matthew Slater,NE,WR,13,0,0,0,0,0,0,0,0,NA,NA,NA,NA,NA,NA,NA
2012,maurice stovall,Maurice Stovall,JAX,WR,1,0,0,0,0,0,0,0,0,NA,NA,NA,NA,NA,NA,NA
2012,michael bennett,Michael Bennett,TB,DE,16,0,0,0,0,0,0,0,0,NA,NA,NA,NA,NA,NA,NA
2012,michael crabtree,Michael Crabtree,SF,WR,16,126,85,1105,9,0,57,953,544,65.74570165790446,0.6746031746031746,8.76984126984127,13,0.07142857142857142,7.563492063492063,6.4
2012,michael floyd,Michael Floyd,ARI,WR,15,86,45,562,2,1,26,992,156,4.906877060329425,0.5232558139534884,6.534883720930233,12.488888888888889,0.023255813953488372,11.534883720930232,3.466666666666667
2012,michael jenkins,Michael Jenkins,MIN,WR,16,72,40,449,2,0,25,775,128,1.1928553450737907,0.5555555555555556,6.236111111111111,11.225,0.027777777777777776,10.76388888888889,3.2
2012,michael johnson,Michael Johnson,CIN,DE,15,0,0,0,0,0,0,0,0,NA,NA,NA,NA,NA,NA,NA
2012,michael preston,Michael Preston,TEN,WR,3,7,5,59,0,0,3,126,9,2.315463617153,0.7142857142857143,8.428571428571429,11.8,0,18,1.8
2012,michael smith,Michael Smith,TB,RB,1,0,0,0,0,0,0,0,0,NA,NA,NA,NA,NA,NA,NA
2012,micheal spurlock,Micheal Spurlock,LAC,WR,13,29,23,200,1,0,12,157,65,11.198640700613183,0.7931034482758621,6.896551724137931,8.695652173913043,0.034482758620689655,5.413793103448276,2.8260869565217392
2012,mike brown,Mike Brown,JAX,WR,1,1,0,0,0,0,0,6,0,-0.5276055545546114,0,0,NA,0,6,NA
2012,mike thomas,Mike Thomas,DET,WR,14,40,18,108,1,0,6,256,27,-11.588837367173266,0.45,2.7,6,0.025,6.4,1.5
2012,mike wallace,Mike Wallace,PIT,WR,15,119,64,836,8,2,33,1621,266,6.489959246187855,0.5378151260504201,7.025210084033613,13.0625,0.06722689075630252,13.621848739495798,4.15625
2012,mike williams,Mike Williams,TB,WR,16,126,63,996,9,0,44,1634,324,22.53764550205322,0.5,7.904761904761905,15.80952380952381,0.07142857142857142,12.968253968253968,5.142857142857143
2012,miles austin,Miles Austin,DAL,WR,16,119,66,943,6,1,48,1470,292,35.54358289795378,0.5546218487394958,7.92436974789916,14.287878787878787,0.05042016806722689,12.352941176470589,4.424242424242424
2012,mohamed massaquoi,Mohamed Massaquoi,CLE,WR,9,33,17,254,0,0,11,400,103,2.123837354397187,0.5151515151515151,7.696969696969697,14.941176470588236,0,12.121212121212121,6.0588235294117645
2012,mohamed sanu,Mohamed Sanu,CIN,WR,6,25,16,154,4,0,10,167,71,15.625436233437423,0.64,6.16,9.625,0.16,6.68,4.4375
2012,nate washington,Nate Washington,TEN,WR,16,90,46,746,4,1,32,1223,243,20.71511348276839,0.5111111111111111,8.28888888888889,16.217391304347824,0.044444444444444446,13.588888888888889,5.282608695652174
2012,nathan palmer,Nathan Palmer,IND,WR,3,4,1,-4,0,0,0,44,-1,-2.873345629103338,0.25,-1,-4,0,11,-1
2012,patrick turner,Patrick Turner,NYJ,WR,1,5,0,0,0,0,0,28,0,-1.226083303161431,0,0,NA,0,5.6,NA
2012,percy harvin,Percy Harvin,MIN,WR,9,85,62,677,3,0,36,367,537,33.23909593480592,0.7294117647058823,7.964705882352941,10.919354838709678,0.03529411764705882,4.317647058823529,8.661290322580646
2012,pierre garcon,Pierre Garcon,WAS,WR,10,67,44,633,4,0,26,622,309,22.11332904262113,0.6567164179104478,9.447761194029852,14.386363636363637,0.05970149253731343,9.283582089552239,7.0227272727272725
2012,plaxico burress,Plaxico Burress,PIT,WR,3,7,3,42,1,0,3,95,4,2.2288091346272267,0.42857142857142855,6,14,0.14285714285714285,13.571428571428571,1.3333333333333333
2012,preston parker,Preston Parker,TB,WR,2,2,0,0,0,0,0,7,0,-1.8138746604011122,0,0,NA,0,3.5,NA
2012,quan cosby,Quan Cosby,JAX,WR,2,0,0,0,0,0,0,0,0,NA,NA,NA,NA,NA,NA,NA
2012,ramses barden,Ramses Barden,NYG,WR,7,21,14,220,0,0,11,231,48,7.805378865392413,0.6666666666666666,10.476190476190476,15.714285714285714,0,11,3.4285714285714284
2012,randall cobb,Randall Cobb,GB,WR,15,104,80,954,8,0,45,817,455,48.26742458698032,0.7692307692307693,9.173076923076923,11.925,0.07692307692307693,7.855769230769231,5.6875
2012,randy moss,Randy Moss,SF,WR,16,50,28,434,3,1,22,704,83,11.48047409797677,0.56,8.68,15.5,0.06,14.08,2.9642857142857144
2012,reggie wayne,Reggie Wayne,IND,WR,16,195,106,1355,5,1,73,2068,360,3.300844159345924,0.5435897435897435,6.948717948717949,12.783018867924529,0.02564102564102564,10.605128205128205,3.3962264150943398
2012,richard goodman,Richard Goodman,LAC,WR,7,2,0,0,0,0,0,48,0,-0.9168917902279645,0,0,NA,0,24,NA
2012,rishard matthews,Rishard Matthews,MIA,WR,7,20,11,151,0,0,7,241,30,-2.9904754443958783,0.55,7.55,13.727272727272727,0,12.05,2.727272727272727
2012,robert meachem,Robert Meachem,LAC,WR,9,32,14,207,2,0,8,526,34,-0.49244368175277486,0.4375,6.46875,14.785714285714286,0.0625,16.4375,2.4285714285714284
2012,rod streater,Rod Streater,LV,WR,15,75,39,584,3,1,27,983,140,16.144202499800343,0.52,7.786666666666667,14.974358974358974,0.04,13.106666666666667,3.58974358974359
2012,roscoe parrish,Roscoe Parrish,TB,WR,13,0,0,0,0,0,0,0,0,NA,NA,NA,NA,NA,NA,NA
2012,rueben randle,Rueben Randle,NYG,WR,13,32,19,298,3,0,13,379,73,12.980296857162307,0.59375,9.3125,15.68421052631579,0.09375,11.84375,3.8421052631578947
2012,ruvell martin,Ruvell Martin,BUF,WR,8,6,4,41,0,0,3,47,10,1.0013163640105631,0.6666666666666666,6.833333333333333,10.25,0,7.833333333333333,2.5
2012,ryan broyles,Ryan Broyles,DET,WR,8,32,22,310,2,0,16,296,152,18.225180428184103,0.6875,9.6875,14.090909090909092,0.0625,9.25,6.909090909090909
2012,ryan grant,Ryan Grant,GB,RB,5,2,1,34,0,0,1,4,35,2.631798288610298,0.5,17,34,0,2,35
2012,ryan whalen,Ryan Whalen,CIN,WR,7,12,7,53,0,0,3,104,14,-5.097260725335218,0.5833333333333334,4.416666666666667,7.571428571428571,0,8.666666666666666,2
2012,santana moss,Santana Moss,WAS,WR,16,62,41,573,8,2,27,589,235,34.11222600307568,0.6612903225806451,9.241935483870968,13.975609756097562,0.12903225806451613,9.5,5.7317073170731705
2012,santonio holmes,Santonio Holmes,NYJ,WR,4,41,20,272,1,1,15,515,104,2.3148004845065286,0.4878048780487805,6.634146341463414,13.6,0.024390243902439025,12.560975609756097,5.2
2012,seyi ajirotutu,Seyi Ajirotutu,LAC,WR,3,4,3,45,0,0,2,45,0,1.374685199931264,0.75,11.25,15,0,11.25,0
2012,sidney rice,Sidney Rice,SEA,WR,16,82,50,748,7,0,37,1104,143,40.73178182384186,0.6097560975609756,9.121951219512194,14.96,0.08536585365853659,13.463414634146341,2.86
2012,stefan logan,Stefan Logan,DET,WR,15,7,6,28,0,0,2,6,26,1.1278786821640097,0.8571428571428571,4,4.666666666666667,0,0.8571428571428571,4.333333333333333
2012,stephen burton,Stephen Burton,MIN,WR,8,11,5,35,1,0,1,59,21,-1.5129054794451438,0.45454545454545453,3.1818181818181817,7,0.09090909090909091,5.363636363636363,4.2
2012,stephen hill,Stephen Hill,NYJ,WR,11,47,21,252,3,0,17,636,32,0.2176044114485598,0.44680851063829785,5.361702127659575,12,0.06382978723404255,13.53191489361702,1.5238095238095237
2012,steve breaston,Steve Breaston,KC,WR,7,15,7,74,0,0,5,169,6,-5.3538903510198,0.4666666666666667,4.933333333333334,10.571428571428571,0,11.266666666666667,0.8571428571428571
2012,steve smith,Steve Smith,CAR/LA,WR,25,163,87,1305,4,0,58,2023,307,18.578510916761807,0.5337423312883436,8.006134969325153,15,0.024539877300613498,12.411042944785276,3.528735632183908
2012,t y hilton,T.Y. Hilton,IND,WR,15,90,50,861,7,0,30,1090,387,37.467066775829096,0.5555555555555556,9.566666666666666,17.22,0.07777777777777778,12.11111111111111,7.74
2012,tandon doss,Tandon Doss,BAL,WR,10,17,7,123,1,0,6,196,52,2.467403394649805,0.4117647058823529,7.235294117647059,17.571428571428573,0.058823529411764705,11.529411764705882,7.428571428571429
2012,terrance copper,Terrance Copper,KC,WR,9,12,8,79,0,0,3,127,16,-0.37671398376034215,0.6666666666666666,6.583333333333333,9.875,0,10.583333333333334,2
2012,terrelle pryor,Terrelle Pryor,LV,WR,3,1,1,22,0,0,1,1,21,2.1302671949379146,1,22,22,0,1,21
2012,tiquan underwood,Tiquan Underwood,TB,WR,14,55,28,425,2,0,20,694,102,4.252328608627601,0.509090909090909,7.7272727272727275,15.178571428571429,0.03636363636363636,12.618181818181819,3.642857142857143
2012,titus young,Titus Young,DET,WR,10,56,33,383,4,0,20,620,79,9.012252256484388,0.5892857142857143,6.839285714285714,11.606060606060606,0.07142857142857142,11.071428571428571,2.393939393939394
2012,toney clemons,Toney Clemons,JAX,WR,4,11,3,41,0,0,2,163,2,-5.682515264838003,0.2727272727272727,3.727272727272727,13.666666666666666,0,14.818181818181818,0.6666666666666666
2012,torrey smith,Torrey Smith,BAL,WR,16,110,49,855,8,0,38,2042,211,17.458745794904285,0.44545454545454544,7.7727272727272725,17.448979591836736,0.07272727272727272,18.563636363636363,4.3061224489795915
2012,travis benjamin,Travis Benjamin,CLE,WR,13,37,18,298,2,1,13,560,65,-7.007796253078609,0.4864864864864865,8.054054054054054,16.555555555555557,0.05405405405405406,15.135135135135135,3.611111111111111
2012,victor cruz,Victor Cruz,NYG,WR,16,143,86,1092,10,0,52,1546,328,34.08312442989265,0.6013986013986014,7.636363636363637,12.69767441860465,0.06993006993006994,10.811188811188812,3.813953488372093
2012,vincent jackson,Vincent Jackson,TB,WR,16,147,72,1384,8,0,61,2314,361,58.27934213325422,0.4897959183673469,9.414965986394558,19.22222222222222,0.05442176870748299,15.741496598639456,5.013888888888889
2012,wes welker,Wes Welker,NE,WR,16,175,118,1354,6,2,73,1347,687,55.588955676263645,0.6742857142857143,7.7371428571428575,11.474576271186441,0.03428571428571429,7.6971428571428575,5.822033898305085
2012,weslye saunders,Weslye Saunders,IND,TE,3,4,2,15,0,0,1,63,2,-0.5158967812894844,0.5,3.75,7.5,0,15.75,1
2013,a j green,A.J. Green,CIN,WR,16,178,98,1426,11,1,65,2256,393,20.288706546290356,0.550561797752809,8.01123595505618,14.551020408163266,0.06179775280898876,12.674157303370787,4.010204081632653
2013,a j jenkins,A.J. Jenkins,KC,WR,7,17,8,130,0,0,4,200,44,2.7084732656562363,0.47058823529411764,7.647058823529412,16.25,0,11.764705882352942,5.5
2013,aaron dobson,Aaron Dobson,NE,WR,11,72,37,519,4,1,25,995,185,17.9513813513628,0.5138888888888888,7.208333333333333,14.027027027027026,0.05555555555555555,13.819444444444445,5
2013,ace sanders,Ace Sanders,JAX,WR,15,86,51,484,1,0,22,502,297,-15.350898191194496,0.5930232558139535,5.627906976744186,9.490196078431373,0.011627906976744186,5.837209302325581,5.823529411764706
2013,aldrick robinson,Aldrick Robinson,WAS,WR,13,46,18,365,2,0,14,862,86,7.439029673949026,0.391304347826087,7.934782608695652,20.27777777777778,0.043478260869565216,18.73913043478261,4.777777777777778
2013,alshon jeffery,Alshon Jeffery,CHI,WR,16,150,89,1421,7,3,62,1867,415,57.34551608264324,0.5933333333333334,9.473333333333333,15.96629213483146,0.04666666666666667,12.446666666666667,4.662921348314606
2013,andre caldwell,Andre Caldwell,DEN,WR,15,29,16,200,3,0,11,416,41,13.230667291203947,0.5517241379310345,6.896551724137931,12.5,0.10344827586206896,14.344827586206897,2.5625
2013,andre holmes,Andre Holmes,LV,WR,10,52,25,431,1,0,21,750,111,6.181473678491173,0.4807692307692308,8.288461538461538,17.24,0.019230769230769232,14.423076923076923,4.44
2013,andre johnson,Andre Johnson,HOU,WR,16,181,109,1407,5,0,69,2004,405,10.841439816444035,0.6022099447513812,7.773480662983426,12.908256880733944,0.027624309392265192,11.07182320441989,3.7155963302752295
2013,andre roberts,Andre Roberts,ARI,WR,16,76,43,471,2,0,22,850,113,0.7901000131372555,0.5657894736842105,6.197368421052632,10.953488372093023,0.02631578947368421,11.18421052631579,2.627906976744186
2013,andrew hawkins,Andrew Hawkins,CIN,WR,8,18,12,199,0,0,7,112,136,7.198369963023876,0.6666666666666666,11.055555555555555,16.583333333333332,0,6.222222222222222,11.333333333333334
2013,anquan boldin,Anquan Boldin,SF,WR,16,129,85,1179,7,0,62,1230,425,88.2882880564765,0.6589147286821705,9.13953488372093,13.870588235294118,0.05426356589147287,9.534883720930232,5
2013,antonio brown,Antonio Brown,PIT,WR,16,166,110,1499,8,0,69,1763,620,63.5396334082687,0.6626506024096386,9.03012048192771,13.627272727272727,0.04819277108433735,10.620481927710843,5.636363636363637
2013,armanti edwards,Armanti Edwards,CLE,WR,4,5,1,10,0,0,0,28,6,-2.0222963099949993,0.2,2,10,0,5.6,6
2013,austin collie,Austin Collie,NE,WR,4,11,6,63,0,0,6,130,4,1.160565002790503,0.5454545454545454,5.7272727272727275,10.5,0,11.818181818181818,0.6666666666666666
2013,austin pettis,Austin Pettis,LA,WR,14,63,38,399,4,0,25,628,118,21.265889154065828,0.6031746031746031,6.333333333333333,10.5,0.06349206349206349,9.968253968253968,3.1052631578947367
2013,ben obomanu,Ben Obomanu,NYJ,WR,1,1,1,8,0,0,0,6,2,0.24004194233566523,1,8,8,0,6,2
2013,brad smith,Brad Smith,PHI,WR,5,2,2,27,0,0,2,11,16,2.4103349851211533,1,13.5,13.5,0,5.5,8
2013,brandon gibson,Brandon Gibson,MIA,WR,7,43,30,326,3,0,19,373,113,14.553035963222513,0.6976744186046512,7.5813953488372094,10.866666666666667,0.06976744186046512,8.674418604651162,3.7666666666666666
2013,brandon lafell,Brandon LaFell,CAR,WR,15,85,49,627,5,1,31,977,257,3.232636253317544,0.5764705882352941,7.3764705882352946,12.795918367346939,0.058823529411764705,11.494117647058824,5.244897959183674
2013,brandon marshall,Brandon Marshall,CHI/DEN,WR,17,163,100,1295,12,0,70,1986,283,57.09361340452292,0.6134969325153374,7.9447852760736195,12.95,0.0736196319018405,12.184049079754601,2.83
2013,brandon stokley,Brandon Stokley,BAL,WR,6,21,13,115,0,0,8,174,60,-0.05466551659628749,0.6190476190476191,5.476190476190476,8.846153846153847,0,8.285714285714286,4.615384615384615
2013,brandon tate,Brandon Tate,CIN,WR,16,2,1,6,0,0,0,13,0,-0.06795862142462283,0.5,3,6,0,6.5,0
2013,brian hartline,Brian Hartline,MIA,WR,16,133,76,1016,4,0,53,1485,269,22.198547666356266,0.5714285714285714,7.639097744360902,13.368421052631579,0.03007518796992481,11.165413533834586,3.539473684210526
2013,brian quick,Brian Quick,LA,WR,14,34,18,302,2,0,15,371,105,4.21670917540043,0.5294117647058824,8.882352941176471,16.77777777777778,0.058823529411764705,10.911764705882353,5.833333333333333
2013,brian robiskie,Brian Robiskie,ATL,WR,1,1,0,0,0,0,0,5,0,-0.9778281515464187,0,0,NA,0,5,NA
2013,brian tyms,Brian Tyms,CLE,WR,4,5,2,12,0,0,2,43,0,0.6380355362780392,0.4,2.4,6,0,8.6,0
2013,brice butler,Brice Butler,LV,WR,8,17,9,103,0,0,4,188,31,-5.565106644253776,0.5294117647058824,6.0588235294117645,11.444444444444445,0,11.058823529411764,3.4444444444444446
2013,brittan golden,Brittan Golden,ARI,WR,5,10,4,136,0,0,3,180,75,5.984645637101494,0.4,13.6,34,0,18,18.75
2013,calvin johnson,Calvin Johnson,DET,WR,14,157,84,1492,12,1,69,2184,458,36.46829114799034,0.535031847133758,9.503184713375797,17.761904761904763,0.07643312101910828,13.910828025477707,5.4523809523809526
2013,cam johnson,Cam Johnson,IND,OLB,4,0,0,0,0,0,0,0,0,NA,NA,NA,NA,NA,NA,NA
2013,cecil shorts,Cecil Shorts,JAX,WR,13,125,66,777,3,0,41,1293,275,-11.104332994680123,0.528,6.216,11.772727272727273,0.024,10.344,4.166666666666667
2013,chad hall,Chad Hall,KC,WR,4,7,2,20,0,0,2,39,17,-3.610963366905004,0.2857142857142857,2.857142857142857,10,0,5.571428571428571,8.5
2013,chandler jones,Chandler Jones,NE,DE,16,0,0,0,0,0,0,0,0,NA,NA,NA,NA,NA,NA,NA
2013,charles johnson,Charles Johnson,CAR,DE,13,0,0,0,0,0,0,0,0,NA,NA,NA,NA,NA,NA,NA
2013,chris givens,Chris Givens,LA,WR,16,83,34,569,0,1,27,1095,257,-10.226842683328618,0.40963855421686746,6.855421686746988,16.735294117647058,0,13.19277108433735,7.5588235294117645
2013,chris harper,Chris Harper,GB,WR,1,0,0,0,0,0,0,0,0,NA,NA,NA,NA,NA,NA,NA
2013,chris hogan,Chris Hogan,BUF,WR,11,17,10,83,0,0,4,132,27,-0.12997818722801324,0.5882352941176471,4.882352941176471,8.3,0,7.764705882352941,2.7
2013,chris owusu,Chris Owusu,TB,WR,7,20,13,114,0,0,5,210,39,-0.4656305927783251,0.65,5.7,8.76923076923077,0,10.5,3
2013,chris thompson,Chris Thompson,WAS,RB,4,0,0,0,0,0,0,0,0,NA,NA,NA,NA,NA,NA,NA
2013,chris williams,Chris Williams,LA,G,2,0,0,0,0,0,0,0,0,NA,NA,NA,NA,NA,NA,NA
2013,clyde gates,Clyde Gates,NYJ,WR,6,24,12,122,0,0,5,259,26,-12.373917922222995,0.5,5.083333333333333,10.166666666666666,0,10.791666666666666,2.1666666666666665
2013,cole beasley,Cole Beasley,DAL,WR,14,54,39,368,2,1,20,257,183,19.85300186926861,0.7222222222222222,6.814814814814815,9.435897435897436,0.037037037037037035,4.7592592592592595,4.6923076923076925
2013,d j moore,D.J. Moore,CAR,CB,2,0,0,0,0,0,0,0,0,NA,NA,NA,NA,NA,NA,NA
2013,da rick rogers,Da'Rick Rogers,IND,WR,4,23,14,192,2,0,9,245,117,4.653508253908438,0.6086956521739131,8.347826086956522,13.714285714285714,0.08695652173913043,10.652173913043478,8.357142857142858
2013,damaris johnson,Damaris Johnson,PHI,WR,10,3,2,14,0,0,0,40,1,-0.4516788935288787,0.6666666666666666,4.666666666666667,7,0,13.333333333333334,0.5
2013,damian williams,Damian Williams,TEN,WR,9,23,15,178,0,0,10,266,47,8.995162860141136,0.6521739130434783,7.739130434782608,11.866666666666667,0,11.565217391304348,3.1333333333333333
2013,dane sanzenbacher,Dane Sanzenbacher,CIN,WR,6,8,6,61,0,0,3,64,32,4.509126814532152,0.75,7.625,10.166666666666666,0,8,5.333333333333333
2013,danny amendola,Danny Amendola,NE,WR,12,83,54,633,2,0,37,674,252,29.5681472161954,0.6506024096385542,7.626506024096385,11.722222222222221,0.024096385542168676,8.120481927710843,4.666666666666667
2013,darius johnson,Darius Johnson,ATL,WR,10,43,22,210,1,1,12,362,83,-5.885588293014777,0.5116279069767442,4.883720930232558,9.545454545454545,0.023255813953488372,8.418604651162791,3.772727272727273
2013,darrius heyward bey,Darrius Heyward-Bey,IND,WR,15,64,29,309,1,0,16,658,124,-10.181174323213575,0.453125,4.828125,10.655172413793103,0.015625,10.28125,4.275862068965517
2013,david nelson,David Nelson,NYJ,WR,12,61,36,423,2,0,20,686,108,-3.94469884645415,0.5901639344262295,6.934426229508197,11.75,0.03278688524590164,11.245901639344263,3
2013,david reed,David Reed,IND,WR,7,3,1,2,0,0,0,37,2,-2.141833409317769,0.3333333333333333,0.6666666666666666,2,0,12.333333333333334,2
2013,davone bess,Davone Bess,CLE,WR,14,86,42,362,2,0,23,524,149,-9.987270655746826,0.4883720930232558,4.209302325581396,8.619047619047619,0.023255813953488372,6.093023255813954,3.5476190476190474
2013,deandre hopkins,DeAndre Hopkins,HOU,WR,16,91,52,802,2,1,38,1221,181,14.04005694634759,0.5714285714285714,8.813186813186814,15.423076923076923,0.02197802197802198,13.417582417582418,3.480769230769231
2013,demaryius thomas,Demaryius Thomas,DEN,WR,16,142,92,1430,14,1,66,1399,697,71.43793146146282,0.647887323943662,10.070422535211268,15.543478260869565,0.09859154929577464,9.852112676056338,7.576086956521739
2013,denarius moore,Denarius Moore,LV,WR,13,86,46,695,5,0,36,860,274,8.820318037614925,0.5348837209302325,8.081395348837209,15.108695652173912,0.05813953488372093,10,5.956521739130435
2013,deonte thompson,Deonte Thompson,BAL,WR,5,19,10,96,0,0,4,226,17,-4.843023359135259,0.5263157894736842,5.052631578947368,9.6,0,11.894736842105264,1.7
2013,derek moye,Derek Moye,PIT,WR,4,6,2,20,1,0,2,122,1,-0.9995540606032072,0.3333333333333333,3.3333333333333335,10,0.16666666666666666,20.333333333333332,0.5
2013,derrick johnson,Derrick Johnson,KC,LB,15,0,0,0,0,0,0,0,0,NA,NA,NA,NA,NA,NA,NA
2013,desean jackson,DeSean Jackson,PHI,WR,16,125,82,1332,9,1,61,1660,487,81.9710232491107,0.656,10.656,16.24390243902439,0.072,13.28,5.939024390243903
2013,devier posey,DeVier Posey,HOU,WR,9,25,15,155,0,0,5,218,74,-1.6589971693304477,0.6,6.2,10.333333333333334,0,8.72,4.933333333333334
2013,devin hester,Devin Hester,CHI,WR,16,0,0,0,0,0,0,0,0,NA,NA,NA,NA,NA,NA,NA
2013,devon wylie,Devon Wylie,TEN,WR,2,0,0,0,0,0,0,0,0,NA,NA,NA,NA,NA,NA,NA
2013,dez bryant,Dez Bryant,DAL,WR,16,160,93,1233,13,3,68,1849,524,44.7018696758464,0.58125,7.70625,13.258064516129032,0.08125,11.55625,5.634408602150538
2013,domenik hixon,Domenik Hixon,CAR,WR,7,9,7,55,1,0,2,70,9,0.2735930652706884,0.7777777777777778,6.111111111111111,7.857142857142857,0.1111111111111111,7.777777777777778,1.2857142857142858
2013,donnie avery,Donnie Avery,KC,WR,15,72,40,596,2,1,25,863,183,22.7382661368174,0.5555555555555556,8.277777777777779,14.9,0.027777777777777776,11.98611111111111,4.575
2013,doug baldwin,Doug Baldwin,SEA,WR,16,73,50,778,5,0,36,842,227,44.15606008135185,0.684931506849315,10.657534246575343,15.56,0.0684931506849315,11.534246575342467,4.54
2013,drew davis,Drew Davis,ATL,WR,12,17,12,216,2,0,9,169,110,6.865723058581352,0.7058823529411765,12.705882352941176,18,0.11764705882352941,9.941176470588236,9.166666666666666
2013,duke williams,Duke Williams,BUF,S,5,0,0,0,0,0,0,0,0,NA,NA,NA,NA,NA,NA,NA
2013,dwayne bowe,Dwayne Bowe,KC,WR,15,103,57,673,5,0,39,954,197,25.20278714515609,0.5533980582524272,6.533980582524272,11.807017543859649,0.04854368932038835,9.262135922330097,3.456140350877193
2013,dwayne harris,Dwayne Harris,DAL,WR,13,14,9,80,2,0,5,97,36,2.5077656818683067,0.6428571428571429,5.714285714285714,8.88888888888889,0.14285714285714285,6.928571428571429,4
2013,earl bennett,Earl Bennett,CHI,WR,14,43,32,243,4,0,13,327,61,4.661288745999858,0.7441860465116279,5.651162790697675,7.59375,0.09302325581395349,7.604651162790698,1.90625
2013,eddie royal,Eddie Royal,LAC,WR,15,67,47,631,8,0,33,667,340,43.73123234101821,0.7014925373134329,9.417910447761194,13.425531914893616,0.11940298507462686,9.955223880597014,7.23404255319149
2013,emmanuel sanders,Emmanuel Sanders,PIT,WR,16,112,67,740,6,1,37,1274,295,10.515376073532462,0.5982142857142857,6.607142857142857,11.044776119402986,0.05357142857142857,11.375,4.402985074626866
2013,eric decker,Eric Decker,DEN,WR,16,136,87,1288,11,2,63,1495,385,62.11230951799047,0.6397058823529411,9.470588235294118,14.804597701149426,0.08088235294117647,10.992647058823529,4.425287356321839
2013,eric page,Eric Page,TB,WR,16,9,4,68,0,0,3,92,21,-2.442369553318713,0.4444444444444444,7.555555555555555,17,0,10.222222222222221,5.25
2013,eric weems,Eric Weems,CHI,WR,9,2,1,8,0,0,1,22,4,-0.6113453558646142,0.5,4,8,0,11,4
2013,golden tate,Golden Tate,SEA,WR,16,98,64,898,5,1,41,1073,474,41.103901564076146,0.6530612244897959,9.16326530612245,14.03125,0.05102040816326531,10.948979591836734,7.40625
2013,greg jenkins,Greg Jenkins,LV,WR,5,1,0,0,0,0,0,17,0,-1.167695741634816,0,0,NA,0,17,NA
2013,greg jennings,Greg Jennings,MIN,WR,15,105,68,804,4,0,36,1023,342,6.991879942422681,0.6476190476190476,7.6571428571428575,11.823529411764707,0.0380952380952381,9.742857142857142,5.029411764705882
2013,greg little,Greg Little,CLE,WR,16,99,41,465,2,0,22,1126,190,-40.361573901844864,0.41414141414141414,4.696969696969697,11.341463414634147,0.020202020202020204,11.373737373737374,4.634146341463414
2013,greg salas,Greg Salas,NYJ,WR,5,13,8,143,0,0,5,152,78,2.310332498220184,0.6153846153846154,11,17.875,0,11.692307692307692,9.75
2013,griff whalen,Griff Whalen,IND,WR,8,40,24,259,2,0,14,322,121,12.396651362617556,0.6,6.475,10.791666666666666,0.05,8.05,5.041666666666667
2013,hakeem nicks,Hakeem Nicks,NYG,WR,15,101,56,896,0,0,38,1355,267,12.25039886302454,0.5544554455445545,8.871287128712872,16,0,13.415841584158416,4.767857142857143
2013,harry douglas,Harry Douglas,ATL,WR,16,132,85,1067,2,2,47,1107,510,18.252365159377817,0.6439393939393939,8.083333333333334,12.552941176470588,0.015151515151515152,8.386363636363637,6
2013,jacoby ford,Jacoby Ford,LV,WR,13,24,13,99,0,1,5,172,73,-13.43599174794128,0.5416666666666666,4.125,7.615384615384615,0,7.166666666666667,5.615384615384615
2013,jacoby jones,Jacoby Jones,BAL,WR,12,67,37,455,2,0,20,1006,108,5.842693925641626,0.5522388059701493,6.791044776119403,12.297297297297296,0.029850746268656716,15.014925373134329,2.918918918918919
2013,james jones,James Jones,GB,WR,14,93,59,817,3,2,31,963,365,20.792371772883055,0.6344086021505376,8.78494623655914,13.847457627118644,0.03225806451612903,10.35483870967742,6.186440677966102
2013,jarius wright,Jarius Wright,MIN,WR,15,43,26,434,3,0,20,618,118,22.687956016990285,0.6046511627906976,10.093023255813954,16.692307692307693,0.06976744186046512,14.372093023255815,4.538461538461538
2013,jaron brown,Jaron Brown,ARI,WR,12,18,11,140,1,0,6,219,32,9.560342779121129,0.6111111111111112,7.777777777777778,12.727272727272727,0.05555555555555555,12.166666666666666,2.909090909090909
2013,jarrett boykin,Jarrett Boykin,GB,WR,15,83,49,681,3,0,34,833,256,18.762315182243345,0.5903614457831325,8.204819277108435,13.89795918367347,0.03614457831325301,10.036144578313253,5.224489795918367
2013,jason avant,Jason Avant,PHI,WR,15,76,38,447,2,1,23,888,82,-5.532091840107402,0.5,5.881578947368421,11.763157894736842,0.02631578947368421,11.68421052631579,2.1578947368421053
2013,jeff maehl,Jeff Maehl,PHI,WR,7,9,4,67,1,0,3,100,34,3.357275999733247,0.4444444444444444,7.444444444444445,16.75,0.1111111111111111,11.11111111111111,8.5
2013,jeremy ebert,Jeremy Ebert,JAX,WR,4,8,3,18,0,0,0,46,6,-5.518313917315689,0.375,2.25,6,0,5.75,2
2013,jeremy kerley,Jeremy Kerley,NYJ,WR,12,72,43,523,3,0,30,633,178,17.985756185032812,0.5972222222222222,7.263888888888889,12.162790697674419,0.041666666666666664,8.791666666666666,4.1395348837209305
2013,jeremy ross,Jeremy Ross,DET,WR,12,12,6,67,1,0,6,71,19,-5.780643748275168,0.5,5.583333333333333,11.166666666666666,0.08333333333333333,5.916666666666667,3.1666666666666665
2013,jermaine kearse,Jermaine Kearse,SEA,WR,14,38,22,346,4,0,16,639,37,20.146302414713364,0.5789473684210527,9.105263157894736,15.727272727272727,0.10526315789473684,16.81578947368421,1.6818181818181819
2013,jerome simpson,Jerome Simpson,MIN,WR,16,100,48,726,1,1,35,1388,170,1.666196804940384,0.48,7.26,15.125,0.01,13.88,3.5416666666666665
2013,jerrel jernigan,Jerrel Jernigan,NYG,WR,13,44,29,329,2,0,16,462,126,12.317672797827981,0.6590909090909091,7.4772727272727275,11.344827586206897,0.045454545454545456,10.5,4.344827586206897
2013,jerricho cotchery,Jerricho Cotchery,PIT,WR,15,76,46,602,10,0,36,763,216,35.56945926738386,0.6052631578947368,7.921052631578948,13.08695652173913,0.13157894736842105,10.039473684210526,4.695652173913044
2013,jordy nelson,Jordy Nelson,GB,WR,16,127,85,1314,8,0,60,1367,408,55.64465729141074,0.6692913385826772,10.346456692913385,15.458823529411765,0.06299212598425197,10.763779527559056,4.8
2013,josh bellamy,Josh Bellamy,WAS,WR,2,0,0,0,0,0,0,0,0,NA,NA,NA,NA,NA,NA,NA
2013,josh boyce,Josh Boyce,NE,WR,6,19,9,121,0,0,6,156,78,0.12315512648836102,0.47368421052631576,6.368421052631579,13.444444444444445,0,8.210526315789474,8.666666666666666
2013,josh cooper,Josh Cooper,CLE,WR,2,14,9,60,0,0,5,82,20,-0.48121981957228854,0.6428571428571429,4.285714285714286,6.666666666666667,0,5.857142857142857,2.2222222222222223
2013,josh gordon,Josh Gordon,CLE,WR,14,159,87,1646,9,0,64,2177,631,61.02644117953426,0.5471698113207547,10.352201257861635,18.919540229885058,0.05660377358490566,13.69182389937107,7.252873563218391
2013,josh johnson,Josh Johnson,CIN,QB,2,0,0,0,0,0,0,0,0,NA,NA,NA,NA,NA,NA,NA
2013,josh morgan,Josh Morgan,WAS,WR,14,33,20,214,0,0,13,272,95,0.9867772663128562,0.6060606060606061,6.484848484848484,10.7,0,8.242424242424242,4.75
2013,julian edelman,Julian Edelman,NE,WR,16,151,105,1056,6,0,54,1218,497,49.25090894664126,0.695364238410596,6.993377483443709,10.057142857142857,0.039735099337748346,8.066225165562914,4.733333333333333
2013,julian talley,Julian Talley,NYG,WR,1,2,0,0,0,0,0,13,0,-1.9097655497025698,0,0,NA,0,6.5,NA
2013,julio jones,Julio Jones,ATL,WR,5,60,41,580,2,2,25,620,245,16.58956401441729,0.6833333333333333,9.666666666666666,14.146341463414634,0.03333333333333333,10.333333333333334,5.975609756097561
2013,junior hemingway,Junior Hemingway,KC,WR,12,19,13,125,2,1,6,180,23,4.650283209852427,0.6842105263157895,6.578947368421052,9.615384615384615,0.10526315789473684,9.473684210526315,1.7692307692307692
2013,juron criner,Juron Criner,LV,WR,1,8,3,32,0,0,2,77,9,-0.5356527279946022,0.375,4,10.666666666666666,0,9.625,3
2013,justin blackmon,Justin Blackmon,JAX,WR,4,48,29,415,1,0,17,402,219,1.1000653907170808,0.6041666666666666,8.645833333333334,14.310344827586206,0.020833333333333332,8.375,7.551724137931035
2013,justin hunter,Justin Hunter,TEN,WR,13,42,18,354,4,0,16,762,91,20.051927384353384,0.42857142857142855,8.428571428571429,19.666666666666668,0.09523809523809523,18.142857142857142,5.055555555555555
2013,justin veltung,Justin Veltung,LA,WR,3,0,0,0,0,0,0,0,0,NA,NA,NA,NA,NA,NA,NA
2013,kassim osgood,Kassim Osgood,SF,WR,9,1,1,17,0,0,0,12,5,1.3791675954125822,1,17,17,0,12,5
2013,keenan allen,Keenan Allen,LAC,WR,15,104,71,1046,8,1,54,1045,396,58.33108286247566,0.6826923076923077,10.057692307692308,14.732394366197184,0.07692307692307693,10.048076923076923,5.577464788732394
2013,kenbrell thompkins,Kenbrell Thompkins,NE,WR,11,69,32,466,4,0,21,795,139,16.87248003237047,0.463768115942029,6.753623188405797,14.5625,0.057971014492753624,11.521739130434783,4.34375
2013,kendall wright,Kendall Wright,TEN,WR,16,140,94,1079,2,2,52,1101,548,30.551451388931497,0.6714285714285714,7.707142857142857,11.47872340425532,0.014285714285714285,7.864285714285714,5.829787234042553
2013,kenny britt,Kenny Britt,TEN,WR,10,35,11,96,0,0,5,459,13,-14.777687279740348,0.3142857142857143,2.742857142857143,8.727272727272727,0,13.114285714285714,1.1818181818181819
2013,kenny stills,Kenny Stills,NO,WR,16,50,32,641,5,0,24,815,197,40.03816957108211,0.64,12.82,20.03125,0.1,16.3,6.15625
2013,kerry taylor,Kerry Taylor,JAX,WR,7,34,22,229,1,0,12,239,84,4.247260391470487,0.6470588235294118,6.735294117647059,10.409090909090908,0.029411764705882353,7.029411764705882,3.8181818181818183
2013,keshawn martin,Keshawn Martin,HOU,WR,16,40,22,253,2,0,12,314,89,1.3418142578357939,0.55,6.325,11.5,0.05,7.85,4.045454545454546
2013,kevin cone,Kevin Cone,ATL,WR,7,1,1,12,0,0,1,8,4,1.600996858207509,1,12,12,0,8,4
2013,kevin ogletree,Kevin Ogletree,DET,WR,12,45,21,269,2,0,15,576,90,4.665791410874854,0.4666666666666667,5.977777777777778,12.80952380952381,0.044444444444444446,12.8,4.285714285714286
2013,kris durham,Kris Durham,DET,WR,16,85,38,490,2,1,25,983,123,-8.836492499048504,0.4470588235294118,5.764705882352941,12.894736842105264,0.023529411764705882,11.564705882352941,3.236842105263158
2013,kyle williams,Kyle Williams,BUF/SF,DT,25,27,12,113,0,0,5,292,57,-11.394081480248133,0.4444444444444444,4.185185185185185,9.416666666666666,0,10.814814814814815,4.75
2013,lamaar thomas,Lamaar Thomas,JAX,WR,2,3,2,31,0,0,2,27,18,2.4464718310628086,0.6666666666666666,10.333333333333334,15.5,0,9,9
2013,lance moore,Lance Moore,NO,WR,13,54,37,457,2,0,26,632,67,17.97179521567204,0.6851851851851852,8.462962962962964,12.35135135135135,0.037037037037037035,11.703703703703704,1.8108108108108107
2013,larry fitzgerald,Larry Fitzgerald,ARI,WR,16,134,82,954,10,1,49,1363,335,20.223144244776627,0.6119402985074627,7.119402985074627,11.634146341463415,0.07462686567164178,10.171641791044776,4.085365853658536
2013,lavelle hawkins,Lavelle Hawkins,LAC,WR,4,0,0,0,0,0,0,0,0,NA,NA,NA,NA,NA,NA,NA
2013,lavon brazill,LaVon Brazill,IND,WR,9,27,12,161,2,1,7,313,53,-3.5284259155544344,0.4444444444444444,5.962962962962963,13.416666666666666,0.07407407407407407,11.592592592592593,4.416666666666667
2013,leonard hankerson,Leonard Hankerson,WAS,WR,10,50,30,375,3,0,21,500,131,8.150796802935496,0.6,7.5,12.5,0.06,10,4.366666666666666
2013,lestar jean,Lestar Jean,HOU,WR,8,8,4,35,0,0,3,95,3,2.51143902252079,0.5,4.375,8.75,0,11.875,0.75
2013,louis murphy,Louis Murphy,NYG,WR,7,13,6,37,1,1,2,124,6,-12.862402212282177,0.46153846153846156,2.8461538461538463,6.166666666666667,0.07692307692307693,9.538461538461538,1
2013,malcom floyd,Malcom Floyd,LAC,WR,2,11,6,149,0,0,5,177,12,7.570739408954978,0.5454545454545454,13.545454545454545,24.833333333333332,0,16.09090909090909,2
2013,marcus easley,Marcus Easley,BUF,WR,14,5,2,13,0,0,0,40,1,-4.249917391862255,0.4,2.6,6.5,0,8,0.5
2013,marcus thigpen,Marcus Thigpen,MIA,WR,16,11,8,97,1,0,4,26,75,7.12653135805944,0.7272727272727273,8.818181818181818,12.125,0.09090909090909091,2.3636363636363638,9.375
2013,mario manningham,Mario Manningham,SF,WR,5,23,9,85,0,0,5,207,17,-4.042653673960498,0.391304347826087,3.6956521739130435,9.444444444444445,0,9,1.8888888888888888
2013,mario williams,Mario Williams,BUF,DE,15,0,0,0,0,0,0,0,0,NA,NA,NA,NA,NA,NA,NA
2013,markus wheaton,Markus Wheaton,PIT,WR,9,13,6,64,0,0,5,159,36,-6.288742997276452,0.46153846153846156,4.923076923076923,10.666666666666666,0,12.23076923076923,6
2013,marlon brown,Marlon Brown,BAL,WR,14,83,49,524,7,0,29,829,237,2.145178337850364,0.5903614457831325,6.313253012048193,10.693877551020408,0.08433734939759036,9.987951807228916,4.836734693877551
2013,marlon moore,Marlon Moore,MIA,WR,11,15,7,62,0,0,4,173,8,-6.441594265052117,0.4666666666666667,4.133333333333334,8.857142857142858,0,11.533333333333333,1.1428571428571428
2013,marques colston,Marques Colston,NO,WR,15,110,75,943,5,0,54,1181,248,58.183244852094205,0.6818181818181818,8.572727272727272,12.573333333333334,0.045454545454545456,10.736363636363636,3.3066666666666666
2013,marquess wilson,Marquess Wilson,CHI,WR,3,3,2,13,0,0,1,10,9,-0.12788779276888818,0.6666666666666666,4.333333333333333,6.5,0,3.3333333333333335,4.5
2013,marquise goodwin,Marquise Goodwin,BUF,WR,12,32,17,283,3,1,13,640,45,3.8439598562254105,0.53125,8.84375,16.647058823529413,0.09375,20,2.6470588235294117
2013,marvin jones,Marvin Jones,CIN,WR,16,80,51,712,10,0,36,868,224,42.93832506933992,0.6375,8.9,13.96078431372549,0.125,10.85,4.392156862745098
2013,marvin mcnutt,Marvin McNutt,CAR,WR,1,1,0,0,0,0,0,20,0,-0.3387055995990522,0,0,NA,0,20,NA
2013,matthew slater,Matthew Slater,NE,WR,8,0,0,0,0,0,0,0,0,NA,NA,NA,NA,NA,NA,NA
2013,michael bennett,Michael Bennett,SEA,DE,15,0,0,0,0,0,0,0,0,NA,NA,NA,NA,NA,NA,NA
2013,michael campbell,Michael Campbell,NYJ,WR,1,2,0,0,0,0,0,49,0,-1.0085229784017429,0,0,NA,0,24.5,NA
2013,michael crabtree,Michael Crabtree,SF,WR,5,33,19,284,1,0,13,308,137,12.552910452179745,0.5757575757575758,8.606060606060606,14.947368421052632,0.030303030303030304,9.333333333333334,7.2105263157894735
2013,michael floyd,Michael Floyd,ARI,WR,16,112,65,1041,5,0,48,1529,282,24.59958415370513,0.5803571428571429,9.294642857142858,16.015384615384615,0.044642857142857144,13.651785714285714,4.338461538461538
2013,michael johnson,Michael Johnson,CIN,DE,15,0,0,0,0,0,0,0,0,NA,NA,NA,NA,NA,NA,NA
2013,michael preston,Michael Preston,TEN,WR,3,7,5,37,2,0,2,52,4,-0.36124677146400863,0.7142857142857143,5.285714285714286,7.4,0.2857142857142857,7.428571428571429,0.8
2013,michael thomas,Michael Thomas,MIA,DB,1,0,0,0,0,0,0,0,0,NA,NA,NA,NA,NA,NA,NA
2013,micheal spurlock,Micheal Spurlock,DET,WR,11,0,0,0,0,0,0,0,0,NA,NA,NA,NA,NA,NA,NA
2013,mike brown,Mike Brown,JAX,WR,11,56,32,446,2,2,20,550,154,8.10075533152742,0.5714285714285714,7.964285714285714,13.9375,0.03571428571428571,9.821428571428571,4.8125
2013,mike wallace,Mike Wallace,MIA,WR,16,141,73,930,5,0,46,2215,273,12.006981053373728,0.5177304964539007,6.595744680851064,12.73972602739726,0.03546099290780142,15.709219858156029,3.73972602739726
2013,mike williams,Mike Williams,TB,WR,6,40,22,216,2,0,12,404,67,6.055108261294663,0.55,5.4,9.818181818181818,0.05,10.1,3.0454545454545454
2013,miles austin,Miles Austin,DAL,WR,11,49,24,244,0,0,14,357,101,-11.173650675509661,0.4897959183673469,4.979591836734694,10.166666666666666,0,7.285714285714286,4.208333333333333
2013,mohamed sanu,Mohamed Sanu,CIN,WR,16,78,47,455,2,1,28,703,254,6.019905964183704,0.6025641025641025,5.833333333333333,9.680851063829786,0.02564102564102564,9.012820512820513,5.404255319148936
2013,myles white,Myles White,GB,WR,5,12,9,66,0,0,1,29,55,-1.1543354481400456,0.75,5.5,7.333333333333333,0,2.4166666666666665,6.111111111111111
2013,nate washington,Nate Washington,TEN,WR,16,104,58,919,3,0,43,1430,233,25.125490027569146,0.5576923076923077,8.836538461538462,15.844827586206897,0.028846153846153848,13.75,4.017241379310345
2013,nick toon,Nick Toon,NO,WR,5,12,4,68,0,0,2,218,9,-3.254443598840327,0.3333333333333333,5.666666666666667,17,0,18.166666666666668,2.25
2013,nick williams,Nick Williams,WAS,WR,5,11,3,15,0,0,2,104,1,-3.861491451025242,0.2727272727272727,1.3636363636363635,5,0,9.454545454545455,0.3333333333333333
2013,percy harvin,Percy Harvin,SEA,WR,1,1,1,17,0,0,1,12,5,2.22221637936309,1,17,17,0,12,5
2013,pierre garcon,Pierre Garcon,WAS,WR,16,181,113,1346,5,1,60,1651,661,25.688045324202417,0.6243093922651933,7.43646408839779,11.91150442477876,0.027624309392265192,9.121546961325967,5.849557522123894
2013,quinton patton,Quinton Patton,SF,WR,3,5,3,34,0,0,1,44,8,-2.5114593035982056,0.6,6.8,11.333333333333334,0,8.8,2.6666666666666665
2013,randall cobb,Randall Cobb,GB,WR,6,47,31,433,4,0,18,383,175,19.292982775967175,0.6595744680851063,9.212765957446809,13.96774193548387,0.0851063829787234,8.148936170212766,5.645161290322581
2013,reggie wayne,Reggie Wayne,IND,WR,7,58,38,503,2,0,28,600,158,23.422469306814715,0.6551724137931034,8.672413793103448,13.236842105263158,0.034482758620689655,10.344827586206897,4.157894736842105
2013,ricardo lockette,Ricardo Lockette,SEA,WR,7,7,5,82,0,0,3,144,12,2.4370935463230126,0.7142857142857143,11.714285714285714,16.4,0,20.571428571428573,2.4
2013,rishard matthews,Rishard Matthews,MIA,WR,14,67,41,448,2,0,26,577,151,14.368165467628721,0.6119402985074627,6.686567164179104,10.926829268292684,0.029850746268656716,8.611940298507463,3.682926829268293
2013,robert meachem,Robert Meachem,NO,WR,15,30,16,324,2,0,9,584,87,15.350119086403602,0.5333333333333333,10.8,20.25,0.06666666666666667,19.466666666666665,5.4375
2013,robert woods,Robert Woods,BUF,WR,14,85,40,587,3,0,26,1143,111,5.5027013224783055,0.47058823529411764,6.905882352941177,14.675,0.03529411764705882,13.447058823529412,2.775
2013,rod streater,Rod Streater,LV,WR,16,99,60,888,4,0,39,1140,314,26.49829651951557,0.6060606060606061,8.969696969696969,14.8,0.04040404040404041,11.515151515151516,5.233333333333333
2013,rodney smith,Rodney Smith,MIN,WR,1,0,0,0,0,0,0,0,0,NA,NA,NA,NA,NA,NA,NA
2013,rueben randle,Rueben Randle,NYG,WR,16,79,41,611,6,1,28,1151,198,-3.8527922769442586,0.5189873417721519,7.734177215189874,14.902439024390244,0.0759493670886076,14.569620253164556,4.829268292682927
2013,russell shepard,Russell Shepard,TB,WR,7,0,0,0,0,0,0,0,0,NA,NA,NA,NA,NA,NA,NA
2013,ryan broyles,Ryan Broyles,DET,WR,6,14,8,85,0,0,4,116,38,1.3775884586502798,0.5714285714285714,6.071428571428571,10.625,0,8.285714285714286,4.75
2013,ryan davis,Ryan Davis,JAX,DE,6,0,0,0,0,0,0,0,0,NA,NA,NA,NA,NA,NA,NA
2013,ryan spadola,Ryan Spadola,NYJ,WR,1,1,0,0,0,0,0,19,0,-0.5170817184261978,0,0,NA,0,19,NA
2013,ryan whalen,Ryan Whalen,CIN,WR,1,0,0,0,0,0,0,0,0,NA,NA,NA,NA,NA,NA,NA
2013,saalim hakim,Saalim Hakim,NYJ,WR,2,1,0,0,0,0,0,43,0,-0.7647159062325954,0,0,NA,0,43,NA
2013,santana moss,Santana Moss,WAS,WR,16,78,42,452,2,1,28,641,182,-12.320109463862062,0.5384615384615384,5.794871794871795,10.761904761904763,0.02564102564102564,8.217948717948717,4.333333333333333
2013,santonio holmes,Santonio Holmes,NYJ,WR,10,59,23,456,1,0,19,690,124,-2.246717702979497,0.3898305084745763,7.728813559322034,19.82608695652174,0.01694915254237288,11.694915254237289,5.391304347826087
2013,seyi ajirotutu,Seyi Ajirotutu,LAC,WR,12,4,3,64,1,0,3,100,2,5.537670202087611,0.75,16,21.333333333333332,0.25,25,0.6666666666666666
2013,sidney rice,Sidney Rice,SEA,WR,8,35,15,231,3,1,11,507,20,1.9532805574304728,0.42857142857142855,6.6,15.4,0.08571428571428572,14.485714285714286,1.3333333333333333
2013,skye dawson,Skye Dawson,TB,WR,6,7,2,12,0,0,0,145,5,-4.514187096175783,0.2857142857142857,1.7142857142857142,6,0,20.714285714285715,2.5
2013,stedman bailey,Stedman Bailey,LA,WR,11,25,17,226,0,0,10,280,46,6.35032502739341,0.68,9.04,13.294117647058824,0,11.2,2.7058823529411766
2013,stephen burton,Stephen Burton,JAX,WR,4,13,8,76,0,0,4,75,35,0.38165097542521353,0.6153846153846154,5.846153846153846,9.5,0,5.769230769230769,4.375
2013,stephen hill,Stephen Hill,NYJ,WR,12,59,24,342,1,1,15,861,91,-25.11030408320797,0.4067796610169492,5.796610169491525,14.25,0.01694915254237288,14.59322033898305,3.7916666666666665
2013,stephen williams,Stephen Williams,JAX,WR,3,4,0,0,0,0,0,101,0,-3.3253053498920053,0,0,NA,0,25.25,NA
2013,steve smith,Steve Smith,CAR,WR,15,110,64,745,4,0,44,1219,178,24.91491437830426,0.5818181818181818,6.7727272727272725,11.640625,0.03636363636363636,11.081818181818182,2.78125
2013,t y hilton,T.Y. Hilton,IND,WR,16,138,82,1083,5,0,46,1639,380,38.97001866429182,0.5942028985507246,7.8478260869565215,13.207317073170731,0.036231884057971016,11.876811594202898,4.634146341463414
2013,tandon doss,Tandon Doss,BAL,WR,12,36,19,305,0,0,13,374,86,3.1503139706019923,0.5277777777777778,8.472222222222221,16.05263157894737,0,10.38888888888889,4.526315789473684
2013,tavon austin,Tavon Austin,LA,WR,13,69,40,418,4,1,17,552,230,1.523100379579975,0.5797101449275363,6.057971014492754,10.45,0.057971014492753624,8,5.75
2013,terrance williams,Terrance Williams,DAL,WR,15,74,44,736,5,1,31,1027,204,16.991150104660413,0.5945945945945946,9.945945945945946,16.727272727272727,0.06756756756756757,13.878378378378379,4.636363636363637
2013,terrelle pryor,Terrelle Pryor,LV,WR,11,0,0,0,0,0,0,0,0,NA,NA,NA,NA,NA,NA,NA
2013,tiquan underwood,Tiquan Underwood,TB,WR,12,46,24,440,4,0,19,625,102,19.790703092316114,0.5217391304347826,9.565217391304348,18.333333333333332,0.08695652173913043,13.58695652173913,4.25
2013,tori gurley,Tori Gurley,CLE,WR,2,3,1,15,0,0,1,36,2,-0.11659274180419743,0.3333333333333333,5,15,0,12,2
2013,torrey smith,Torrey Smith,BAL,WR,16,137,65,1128,4,1,49,2116,360,35.135499661469005,0.4744525547445255,8.233576642335766,17.353846153846153,0.029197080291970802,15.445255474452555,5.538461538461538
2013,travis benjamin,Travis Benjamin,CLE,WR,8,13,5,105,0,0,4,236,60,2.0515227986034006,0.38461538461538464,8.076923076923077,21,0,18.153846153846153,12
2013,victor cruz,Victor Cruz,NYG,WR,14,122,73,998,4,1,45,1459,250,18.97055883576296,0.5983606557377049,8.180327868852459,13.67123287671233,0.03278688524590164,11.959016393442623,3.4246575342465753
2013,vincent brown,Vincent Brown,LAC,WR,16,69,41,472,1,0,28,843,84,9.241199945029228,0.5942028985507246,6.840579710144928,11.512195121951219,0.014492753623188406,12.217391304347826,2.048780487804878
2013,vincent jackson,Vincent Jackson,TB,WR,16,160,78,1224,7,1,60,2045,319,13.128300079233249,0.4875,7.65,15.692307692307692,0.04375,12.78125,4.089743589743589
2013,wes welker,Wes Welker,DEN,WR,13,111,73,778,10,0,49,829,322,37.13193959684532,0.6576576576576577,7.009009009009009,10.657534246575343,0.09009009009009009,7.468468468468468,4.410958904109589
2013,weslye saunders,Weslye Saunders,IND,TE,6,11,4,46,0,0,3,103,13,-1.35467438865453,0.36363636363636365,4.181818181818182,11.5,0,9.363636363636363,3.25
2014,a j green,A.J. Green,CIN,WR,12,116,69,1041,6,2,46,1548,314,12.956483705365738,0.5948275862068966,8.974137931034482,15.08695652173913,0.05172413793103448,13.344827586206897,4.550724637681159
2014,a j jenkins,A.J. Jenkins,KC,WR,7,15,9,93,0,0,5,131,43,3.408398269035388,0.6,6.2,10.333333333333334,0,8.733333333333333,4.777777777777778
2014,aaron dobson,Aaron Dobson,NE,WR,4,5,3,38,0,0,2,54,21,1.5955033982172608,0.6,7.6,12.666666666666666,0,10.8,7
2014,ace sanders,Ace Sanders,JAX,WR,12,7,6,55,0,0,1,26,24,-0.9499355657608248,0.8571428571428571,7.857142857142857,9.166666666666666,0,3.7142857142857144,4
2014,adam thielen,Adam Thielen,MIN,WR,12,13,8,137,1,0,7,170,34,3.0838632172943976,0.6153846153846154,10.538461538461538,17.125,0.07692307692307693,13.076923076923077,4.25
2014,albert wilson,Albert Wilson,KC,WR,10,28,16,260,0,0,12,264,119,5.742974415482331,0.5714285714285714,9.285714285714286,16.25,0,9.428571428571429,7.4375
2014,aldrick robinson,Aldrick Robinson,WAS,WR,2,3,1,6,0,0,0,40,8,-0.7061233426211402,0.3333333333333333,2,6,0,13.333333333333334,8
2014,allen hurns,Allen Hurns,JAX,WR,16,97,51,677,6,0,26,1051,205,-6.295513467065279,0.5257731958762887,6.979381443298969,13.27450980392157,0.061855670103092786,10.835051546391753,4.019607843137255
2014,allen robinson,Allen Robinson,JAX,WR,10,81,48,548,2,0,26,897,159,8.263412434824001,0.5925925925925926,6.765432098765432,11.416666666666666,0.024691358024691357,11.074074074074074,3.3125
2014,alshon jeffery,Alshon Jeffery,CHI,WR,16,145,85,1133,10,0,60,1592,466,49.58111960267687,0.5862068965517241,7.813793103448276,13.329411764705883,0.06896551724137931,10.979310344827587,5.482352941176471
2014,andre caldwell,Andre Caldwell,DEN,WR,13,15,5,47,0,0,4,155,18,-5.573756171594141,0.3333333333333333,3.1333333333333333,9.4,0,10.333333333333334,3.6
2014,andre holmes,Andre Holmes,LV,WR,16,98,47,693,4,0,32,1380,193,11.902435663307484,0.47959183673469385,7.071428571428571,14.74468085106383,0.04081632653061224,14.081632653061224,4.1063829787234045
2014,andre johnson,Andre Johnson,HOU,WR,15,147,85,936,3,3,49,1358,389,-3.757123900815823,0.5782312925170068,6.36734693877551,11.011764705882353,0.02040816326530612,9.238095238095237,4.576470588235294
2014,andre roberts,Andre Roberts,WAS,WR,16,73,36,453,2,1,28,733,207,-16.05131235066051,0.4931506849315068,6.205479452054795,12.583333333333334,0.0273972602739726,10.04109589041096,5.75
2014,andrew hawkins,Andrew Hawkins,CLE,WR,15,112,63,824,2,0,44,940,396,16.37152534473235,0.5625,7.357142857142857,13.079365079365079,0.017857142857142856,8.392857142857142,6.285714285714286
2014,anquan boldin,Anquan Boldin,SF,WR,16,131,83,1062,5,0,56,1270,400,54.70826144962791,0.6335877862595419,8.106870229007633,12.795180722891565,0.03816793893129771,9.694656488549619,4.819277108433735
2014,anthony johnson,Anthony Johnson,MIA,DE,3,0,0,0,0,0,0,0,0,NA,NA,NA,NA,NA,NA,NA
2014,antonio brown,Antonio Brown,PIT,WR,16,181,129,1698,13,1,85,1823,600,88.91022974935535,0.712707182320442,9.38121546961326,13.162790697674419,0.0718232044198895,10.07182320441989,4.651162790697675
2014,austin pettis,Austin Pettis,LA,WR,4,18,12,118,1,0,7,135,50,6.7903053475442485,0.6666666666666666,6.555555555555555,9.833333333333334,0.05555555555555555,7.5,4.166666666666667
2014,brad smith,Brad Smith,PHI,WR,8,3,1,11,0,0,1,17,13,-0.7371780693065375,0.3333333333333333,3.6666666666666665,11,0,5.666666666666667,13
2014,brandin cooks,Brandin Cooks,NO,WR,10,69,53,550,3,0,25,566,170,19.023769465326726,0.7681159420289855,7.971014492753623,10.377358490566039,0.043478260869565216,8.202898550724637,3.207547169811321
2014,brandon gibson,Brandon Gibson,MIA,WR,14,51,29,295,1,2,17,488,109,-2.232194247559513,0.5686274509803921,5.784313725490196,10.172413793103448,0.0196078431372549,9.568627450980392,3.7586206896551726
2014,brandon lafell,Brandon LaFell,NE,WR,16,119,74,953,7,1,50,1265,368,16.66891240202183,0.6218487394957983,8.008403361344538,12.878378378378379,0.058823529411764705,10.630252100840336,4.972972972972973
2014,brandon lloyd,Brandon Lloyd,SF,WR,12,35,14,294,1,0,11,677,74,-2.7320169453741983,0.4,8.4,21,0.02857142857142857,19.34285714285714,5.285714285714286
2014,brandon marshall,Brandon Marshall,CHI/DEN,WR,27,106,61,721,8,1,41,1241,224,11.128462686843704,0.5754716981132075,6.80188679245283,11.819672131147541,0.07547169811320754,11.70754716981132,3.6721311475409837
2014,brandon tate,Brandon Tate,CIN,WR,15,26,17,193,1,0,12,296,71,10.17131592794434,0.6538461538461539,7.423076923076923,11.352941176470589,0.038461538461538464,11.384615384615385,4.176470588235294
2014,brenton bersin,Brenton Bersin,CAR,WR,15,20,13,151,1,0,11,222,34,0.17216574226040393,0.65,7.55,11.615384615384615,0.05,11.1,2.6153846153846154
2014,brian hartline,Brian Hartline,MIA,WR,16,63,39,474,2,0,27,710,121,21.12195713579893,0.6190476190476191,7.523809523809524,12.153846153846153,0.031746031746031744,11.26984126984127,3.1025641025641026
2014,brian quick,Brian Quick,LA,WR,7,39,25,375,3,0,19,625,72,18.426418708454218,0.6410256410256411,9.615384615384615,15,0.07692307692307693,16.025641025641026,2.88
2014,brian tyms,Brian Tyms,NE,WR,5,11,5,82,1,0,3,284,3,1.1944877170026302,0.45454545454545453,7.454545454545454,16.4,0.09090909090909091,25.818181818181817,0.6
2014,brice butler,Brice Butler,LV,WR,14,36,21,280,2,0,14,429,83,7.37474395125173,0.5833333333333334,7.777777777777778,13.333333333333334,0.05555555555555555,11.916666666666666,3.9523809523809526
2014,bruce ellington,Bruce Ellington,SF,WR,13,12,6,62,2,0,5,101,33,5.415672765520867,0.5,5.166666666666667,10.333333333333334,0.16666666666666666,8.416666666666666,5.5
2014,bryan walters,Bryan Walters,SEA,WR,13,11,6,57,0,0,3,71,39,-3.9192291393990075,0.5454545454545454,5.181818181818182,9.5,0,6.454545454545454,6.5
2014,calvin johnson,Calvin Johnson,DET,WR,13,128,71,1077,8,0,59,1907,229,47.223567189657274,0.5546875,8.4140625,15.169014084507042,0.0625,14.8984375,3.2253521126760565
2014,cecil shorts,Cecil Shorts,JAX,WR,13,110,53,557,1,1,26,903,259,-34.05512275501351,0.4818181818181818,5.0636363636363635,10.50943396226415,0.00909090909090909,8.209090909090909,4.886792452830188
2014,chandler jones,Chandler Jones,NE,DE,9,0,0,0,0,0,0,0,0,NA,NA,NA,NA,NA,NA,NA
2014,charles johnson,Charles Johnson,CAR,DE,14,0,0,0,0,0,0,0,0,NA,NA,NA,NA,NA,NA,NA
2014,chris givens,Chris Givens,LA,WR,9,20,11,159,1,0,5,252,44,-2.2165290783691614,0.55,7.95,14.454545454545455,0.05,12.6,4
2014,chris hogan,Chris Hogan,BUF,WR,13,61,41,426,4,1,20,486,180,13.550931197269731,0.6721311475409836,6.983606557377049,10.390243902439025,0.06557377049180328,7.967213114754099,4.390243902439025
2014,chris matthews,Chris Matthews,SEA,WR,1,0,0,0,0,0,0,0,0,NA,NA,NA,NA,NA,NA,NA
2014,chris owusu,Chris Owusu,NYJ,WR,6,6,6,78,1,0,4,74,4,5.912235852098092,1,13,13,0.16666666666666666,12.333333333333334,0.6666666666666666
2014,chris thompson,Chris Thompson,WAS,RB,2,7,6,27,1,0,2,-6,36,0.9037724315421656,0.8571428571428571,3.857142857142857,4.5,0.14285714285714285,-0.8571428571428571,6
2014,chris williams,Chris Williams,CHI,WR,6,0,0,0,0,0,0,0,0,NA,NA,NA,NA,NA,NA,NA
2014,cody latimer,Cody Latimer,DEN,WR,4,4,2,23,0,0,1,45,16,1.6627577220788226,0.5,5.75,11.5,0,11.25,8
2014,cole beasley,Cole Beasley,DAL,WR,15,49,37,420,4,2,26,316,246,26.83564932188399,0.7551020408163265,8.571428571428571,11.35135135135135,0.08163265306122448,6.448979591836735,6.648648648648648
2014,corey brown,Corey Brown,CAR,WR,13,36,21,296,2,0,12,517,52,12.94942738985657,0.5833333333333334,8.222222222222221,14.095238095238095,0.05555555555555555,14.36111111111111,2.4761904761904763
2014,corey fuller,Corey Fuller,DET,WR,13,31,14,212,1,1,11,507,41,-3.0391346173128113,0.45161290322580644,6.838709677419355,15.142857142857142,0.03225806451612903,16.35483870967742,2.9285714285714284
2014,corey washington,Corey Washington,NYG,WR,3,8,5,52,1,0,4,64,14,3.172208740230417,0.625,6.5,10.4,0.125,8,2.8
2014,courtney roby,Courtney Roby,ATL,WR,1,2,1,11,0,0,1,15,1,-5.268581504700705,0.5,5.5,11,0,7.5,1
2014,damaris johnson,Damaris Johnson,HOU,WR,16,49,31,331,1,1,15,287,183,5.736823063102228,0.6326530612244898,6.755102040816326,10.67741935483871,0.02040816326530612,5.857142857142857,5.903225806451613
2014,damian williams,Damian Williams,MIA,WR,1,1,1,14,0,0,1,13,1,2.0191807289374992,1,14,14,0,13,1
2014,dane sanzenbacher,Dane Sanzenbacher,CIN,WR,6,15,9,105,0,1,5,123,43,-0.2976497982243953,0.6,7,11.666666666666666,0,8.2,4.777777777777778
2014,danny amendola,Danny Amendola,NE,WR,15,42,27,200,1,0,12,315,74,-2.2539141595930423,0.6428571428571429,4.761904761904762,7.407407407407407,0.023809523809523808,7.5,2.740740740740741
2014,darrius heyward bey,Darrius Heyward-Bey,PIT,WR,9,5,3,33,0,1,1,83,0,-7.2071551700355485,0.6,6.6,11,0,16.6,0
2014,davante adams,Davante Adams,GB,WR,14,66,38,446,3,0,23,675,173,9.285734822037167,0.5757575757575758,6.757575757575758,11.736842105263158,0.045454545454545456,10.227272727272727,4.552631578947368
2014,david nelson,David Nelson,NYJ,WR,6,16,8,65,0,2,6,187,3,-8.150715113169337,0.5,4.0625,8.125,0,11.6875,0.375
2014,de andre presley,De'Andre Presley,CAR,WR,3,1,0,0,0,0,0,24,0,-4.707363389607053,0,0,NA,0,24,NA
2014,de anthony thomas,De'Anthony Thomas,KC,WR,12,31,23,156,0,0,7,14,169,1.6381924100863996,0.7419354838709677,5.032258064516129,6.782608695652174,0,0.45161290322580644,7.3478260869565215
2014,deandre hopkins,DeAndre Hopkins,HOU,WR,16,127,76,1210,6,2,57,1642,373,36.473436700149456,0.5984251968503937,9.527559055118111,15.921052631578947,0.047244094488188976,12.929133858267717,4.907894736842105
2014,demaryius thomas,Demaryius Thomas,DEN,WR,16,184,111,1619,11,0,69,1820,642,47.46174864495944,0.6032608695652174,8.798913043478262,14.585585585585585,0.059782608695652176,9.891304347826088,5.783783783783784
2014,denarius moore,Denarius Moore,LV,WR,10,27,12,115,0,0,6,250,40,-11.55254658925721,0.4444444444444444,4.2592592592592595,9.583333333333334,0,9.25925925925926,3.3333333333333335
2014,derek hagan,Derek Hagan,TEN,WR,11,34,19,254,1,0,10,421,28,4.02728925255623,0.5588235294117647,7.470588235294118,13.368421052631579,0.029411764705882353,12.382352941176471,1.4736842105263157
2014,derrick johnson,Derrick Johnson,KC,LB,1,0,0,0,0,0,0,0,0,NA,NA,NA,NA,NA,NA,NA
2014,desean jackson,DeSean Jackson,WAS,WR,15,95,56,1169,6,0,35,1380,470,48.02997088174833,0.5894736842105263,12.305263157894737,20.875,0.06315789473684211,14.526315789473685,8.392857142857142
2014,devier posey,DeVier Posey,HOU,WR,1,1,1,30,0,0,1,27,3,2.6768660536035895,1,30,30,0,27,3
2014,devin hester,Devin Hester,ATL,WR,16,59,38,504,2,1,21,478,257,7.52148902663912,0.6440677966101694,8.542372881355933,13.263157894736842,0.03389830508474576,8.101694915254237,6.7631578947368425
2014,devin street,Devin Street,DAL,WR,5,7,2,18,0,0,1,124,5,-4.3639643673668616,0.2857142857142857,2.5714285714285716,9,0,17.714285714285715,2.5
2014,dez bryant,Dez Bryant,DAL,WR,16,137,88,1320,16,0,60,1699,407,65.07630237211534,0.6423357664233577,9.635036496350365,15,0.11678832116788321,12.401459854014599,4.625
2014,donnie avery,Donnie Avery,KC,WR,5,26,15,176,0,1,8,336,37,-5.310491025558996,0.5769230769230769,6.769230769230769,11.733333333333333,0,12.923076923076923,2.466666666666667
2014,donte moncrief,Donte Moncrief,IND,WR,14,49,32,444,3,0,15,596,208,21.395211634750012,0.6530612244897959,9.061224489795919,13.875,0.061224489795918366,12.16326530612245,6.5
2014,dontrelle inman,Dontrelle Inman,LAC,WR,2,17,12,158,0,0,7,214,14,4.269408701736415,0.7058823529411765,9.294117647058824,13.166666666666666,0,12.588235294117647,1.1666666666666667
2014,doug baldwin,Doug Baldwin,SEA,WR,16,98,66,825,3,0,42,903,338,34.492628193405544,0.673469387755102,8.418367346938776,12.5,0.030612244897959183,9.214285714285714,5.121212121212121
2014,drew davis,Drew Davis,ATL,WR,2,0,0,0,0,0,0,0,0,NA,NA,NA,NA,NA,NA,NA
2014,duke williams,Duke Williams,BUF,S,15,0,0,0,0,0,0,0,0,NA,NA,NA,NA,NA,NA,NA
2014,dwayne bowe,Dwayne Bowe,KC,WR,15,95,60,754,0,2,42,871,228,34.686361032932545,0.631578947368421,7.936842105263158,12.566666666666666,0,9.16842105263158,3.8
2014,dwayne harris,Dwayne Harris,DAL,WR,16,12,7,116,0,0,2,117,36,4.771331936062779,0.5833333333333334,9.666666666666666,16.571428571428573,0,9.75,5.142857142857143
2014,eddie royal,Eddie Royal,LAC,WR,16,91,62,778,7,1,39,883,360,35.436492869770326,0.6813186813186813,8.54945054945055,12.548387096774194,0.07692307692307693,9.703296703296703,5.806451612903226
2014,emmanuel sanders,Emmanuel Sanders,DEN,WR,16,141,101,1404,9,1,69,1777,353,82.63863971928359,0.7163120567375887,9.957446808510639,13.900990099009901,0.06382978723404255,12.602836879432624,3.495049504950495
2014,eric decker,Eric Decker,NYJ,WR,15,115,74,962,5,0,47,1257,322,35.19146775278689,0.6434782608695652,8.365217391304348,13,0.043478260869565216,10.930434782608696,4.351351351351352
2014,eric weems,Eric Weems,ATL,WR,10,11,10,102,2,0,5,93,28,11.461822064215085,0.9090909090909091,9.272727272727273,10.2,0.18181818181818182,8.454545454545455,2.8
2014,frankie hammond,Frankie Hammond,KC,WR,10,11,4,45,0,0,2,91,15,-0.8122518236632459,0.36363636363636365,4.090909090909091,11.25,0,8.272727272727273,3.75
2014,freddie martino,Freddie Martino,ATL,WR,1,1,0,0,0,0,0,9,0,-0.4084739903919399,0,0,NA,0,9,NA
2014,gerell robinson,Gerell Robinson,MIA,TE,1,1,0,0,0,0,0,3,0,-0.47818500618450344,0,0,NA,0,3,NA
2014,golden tate,Golden Tate,DET,WR,16,144,99,1331,4,1,58,1131,690,49.100374779577294,0.6875,9.243055555555555,13.444444444444445,0.027777777777777776,7.854166666666667,6.96969696969697
2014,greg jennings,Greg Jennings,MIN,WR,16,92,59,742,6,1,41,1007,197,27.939702162216207,0.6413043478260869,8.065217391304348,12.576271186440678,0.06521739130434782,10.945652173913043,3.3389830508474576
2014,greg little,Greg Little,CIN,WR,4,12,6,69,0,0,3,88,33,-4.053376473309277,0.5,5.75,11.5,0,7.333333333333333,5.5
2014,greg salas,Greg Salas,NYJ,WR,8,23,8,167,0,0,6,392,114,3.208531614538515,0.34782608695652173,7.260869565217392,20.875,0,17.043478260869566,14.25
2014,griff whalen,Griff Whalen,IND,WR,9,3,2,23,0,0,2,36,1,1.6311142457998358,0.6666666666666666,7.666666666666667,11.5,0,12,0.5
2014,hakeem nicks,Hakeem Nicks,IND,WR,15,68,38,405,4,0,18,681,130,-11.551301450993769,0.5588235294117647,5.955882352941177,10.657894736842104,0.058823529411764705,10.014705882352942,3.4210526315789473
2014,harry douglas,Harry Douglas,ATL,WR,12,74,51,556,2,0,28,614,238,4.586125454280832,0.6891891891891891,7.513513513513513,10.901960784313726,0.02702702702702703,8.297297297297296,4.666666666666667
2014,isaiah burse,Isaiah Burse,DEN,WR,12,1,0,0,0,0,0,20,0,-0.888791702920571,0,0,NA,0,20,NA
2014,jacoby jones,Jacoby Jones,BAL,WR,16,18,9,131,0,0,6,191,83,3.7597698543104343,0.5,7.277777777777778,14.555555555555555,0,10.61111111111111,9.222222222222221
2014,james jones,James Jones,LV,WR,16,112,73,666,6,2,41,954,217,7.5200447759577616,0.6517857142857143,5.946428571428571,9.123287671232877,0.05357142857142857,8.517857142857142,2.9726027397260273
2014,james wright,James Wright,CIN,WR,11,16,5,91,0,0,5,255,36,-3.082315514329821,0.3125,5.6875,18.2,0,15.9375,7.2
2014,jarius wright,Jarius Wright,MIN,WR,15,62,42,588,2,0,25,647,327,22.49319416587823,0.6774193548387096,9.483870967741936,14,0.03225806451612903,10.435483870967742,7.785714285714286
2014,jaron brown,Jaron Brown,ARI,WR,14,32,22,229,2,1,15,328,61,5.00768084805731,0.6875,7.15625,10.409090909090908,0.0625,10.25,2.772727272727273
2014,jarrett boykin,Jarrett Boykin,GB,WR,8,12,3,23,0,0,1,133,27,-9.838036132161506,0.25,1.9166666666666667,7.666666666666667,0,11.083333333333334,9
2014,jarvis landry,Jarvis Landry,MIA,WR,16,112,84,758,5,1,49,603,434,22.986076943299413,0.75,6.767857142857143,9.023809523809524,0.044642857142857144,5.383928571428571,5.166666666666667
2014,jason avant,Jason Avant,KC,WR,15,62,34,353,1,0,19,550,146,1.9759843890073152,0.5483870967741935,5.693548387096774,10.382352941176471,0.016129032258064516,8.870967741935484,4.294117647058823
2014,jeff janis,Jeff Janis,GB,WR,1,2,2,16,0,0,2,15,1,2.60051927017048,1,8,8,0,7.5,0.5
2014,jeff maehl,Jeff Maehl,PHI,WR,4,5,5,46,0,0,1,35,11,2.631224575918168,1,9.2,9.2,0,7,2.2
2014,jeremy kerley,Jeremy Kerley,NYJ,WR,16,75,38,409,1,0,20,630,150,-17.45558807213217,0.5066666666666667,5.453333333333333,10.763157894736842,0.013333333333333334,8.4,3.9473684210526314
2014,jeremy maclin,Jeremy Maclin,PHI,WR,16,143,85,1318,10,0,56,1892,496,55.556387460166626,0.5944055944055944,9.216783216783217,15.505882352941176,0.06993006993006994,13.23076923076923,5.8352941176470585
2014,jeremy ross,Jeremy Ross,DET,WR,16,35,24,314,1,1,15,339,138,14.988545882680924,0.6857142857142857,8.971428571428572,13.083333333333334,0.02857142857142857,9.685714285714285,5.75
2014,jermaine kearse,Jermaine Kearse,SEA,WR,15,69,38,537,1,0,21,825,223,11.952802342744725,0.5507246376811594,7.782608695652174,14.131578947368421,0.014492753623188406,11.956521739130435,5.868421052631579
2014,jerrel jernigan,Jerrel Jernigan,NYG,WR,2,9,6,40,0,0,2,81,10,-0.9667745624901727,0.6666666666666666,4.444444444444445,6.666666666666667,0,9,1.6666666666666667
2014,jerricho cotchery,Jerricho Cotchery,CAR,WR,15,78,48,580,1,0,29,888,199,15.701745248161215,0.6153846153846154,7.435897435897436,12.083333333333334,0.01282051282051282,11.384615384615385,4.145833333333333
2014,john brown,John Brown,ARI,WR,16,103,48,696,5,0,31,1528,180,1.472990692128848,0.46601941747572817,6.757281553398058,14.5,0.04854368932038835,14.83495145631068,3.75
2014,jordan matthews,Jordan Matthews,PHI,TE,16,103,67,872,8,0,42,905,387,38.14714647163498,0.6504854368932039,8.466019417475728,13.014925373134329,0.07766990291262135,8.78640776699029,5.776119402985074
2014,jordy nelson,Jordy Nelson,GB,WR,16,151,98,1519,13,0,71,1733,501,85.06249716227468,0.6490066225165563,10.059602649006623,15.5,0.08609271523178808,11.47682119205298,5.112244897959184
2014,joseph morgan,Joseph Morgan,NO,WR,4,10,4,92,0,0,3,287,23,-2.4242929097899353,0.4,9.2,23,0,28.7,5.75
2014,josh bellamy,Josh Bellamy,CHI,WR,1,1,0,0,0,0,0,51,0,-0.5481677874922752,0,0,NA,0,51,NA
2014,josh gordon,Josh Gordon,CLE,WR,5,47,24,303,0,0,16,539,161,-5.865709000772032,0.5106382978723404,6.446808510638298,12.625,0,11.46808510638298,6.708333333333333
2014,josh huff,Josh Huff,PHI,WR,12,18,8,98,0,1,4,182,77,-14.320702657161746,0.4444444444444444,5.444444444444445,12.25,0,10.11111111111111,9.625
2014,josh morgan,Josh Morgan,CHI,WR,8,19,10,70,1,0,4,135,50,-14.572730580344796,0.5263157894736842,3.6842105263157894,7,0.05263157894736842,7.105263157894737,5
2014,julian edelman,Julian Edelman,NE,WR,14,134,92,972,4,2,49,1001,431,49.56167361612369,0.6865671641791045,7.253731343283582,10.565217391304348,0.029850746268656716,7.470149253731344,4.684782608695652
2014,julio jones,Julio Jones,ATL,WR,15,163,104,1593,6,2,76,2006,538,66.18237572574111,0.6380368098159509,9.773006134969325,15.317307692307692,0.03680981595092025,12.306748466257668,5.173076923076923
2014,junior hemingway,Junior Hemingway,KC,WR,11,21,12,108,0,0,8,131,68,-1.846165579439135,0.5714285714285714,5.142857142857143,9,0,6.238095238095238,5.666666666666667
2014,justin brown,Justin Brown,PIT,WR,6,21,12,94,0,1,4,181,22,-8.098722133724909,0.5714285714285714,4.476190476190476,7.833333333333333,0,8.619047619047619,1.8333333333333333
2014,justin hunter,Justin Hunter,TEN,WR,12,67,28,498,3,0,20,1048,178,-5.629074127734992,0.417910447761194,7.432835820895522,17.785714285714285,0.04477611940298507,15.64179104477612,6.357142857142857
2014,kamar aiken,Kamar Aiken,BAL,WR,13,32,24,267,3,0,15,385,61,12.989697809854988,0.75,8.34375,11.125,0.09375,12.03125,2.5416666666666665
2014,kassim osgood,Kassim Osgood,SF,WR,5,1,0,0,0,0,0,5,0,-0.3637586822733283,0,0,NA,0,5,NA
2014,keenan allen,Keenan Allen,LAC,WR,14,121,77,783,4,1,41,1029,304,-11.499600319647536,0.6363636363636364,6.471074380165289,10.168831168831169,0.03305785123966942,8.50413223140496,3.948051948051948
2014,kenbrell thompkins,Kenbrell Thompkins,LV,WR,13,47,21,262,0,0,13,558,95,-8.339822118278475,0.44680851063829785,5.574468085106383,12.476190476190476,0,11.872340425531915,4.523809523809524
2014,kendall wright,Kendall Wright,TEN,WR,14,93,57,715,6,1,33,809,365,13.559426306066475,0.6129032258064516,7.688172043010753,12.543859649122806,0.06451612903225806,8.698924731182796,6.4035087719298245
2014,kenny britt,Kenny Britt,LA,WR,16,84,48,748,3,0,33,1357,166,3.303506526946404,0.5714285714285714,8.904761904761905,15.583333333333334,0.03571428571428571,16.154761904761905,3.4583333333333335
2014,kenny stills,Kenny Stills,NO,WR,15,84,63,931,3,1,48,1063,188,56.501364138086586,0.75,11.083333333333334,14.777777777777779,0.03571428571428571,12.654761904761905,2.984126984126984
2014,keshawn martin,Keshawn Martin,HOU,WR,14,12,6,78,0,0,3,81,57,-4.9582367513212375,0.5,6.5,13,0,6.75,9.5
2014,kevin dorsey,Kevin Dorsey,GB,WR,1,2,1,4,0,0,0,9,9,-0.6599112476687878,0.5,2,4,0,4.5,9
2014,kevin norwood,Kevin Norwood,SEA,WR,6,10,9,102,0,0,5,109,40,6.169828237150796,0.9,10.2,11.333333333333334,0,10.9,4.444444444444445
2014,kevin ogletree,Kevin Ogletree,NYG,WR,4,9,5,50,0,0,2,113,14,2.2586615511685193,0.5555555555555556,5.555555555555555,10,0,12.555555555555555,2.8
2014,kris durham,Kris Durham,TEN,WR,4,11,6,54,0,0,2,121,15,-2.793277771794237,0.5454545454545454,4.909090909090909,9,0,11,2.5
2014,kyle williams,Kyle Williams,BUF,DT,14,0,0,0,0,0,0,0,0,NA,NA,NA,NA,NA,NA,NA
2014,lance moore,Lance Moore,PIT,WR,11,26,14,198,2,0,11,324,40,8.251048484307947,0.5384615384615384,7.615384615384615,14.142857142857142,0.07692307692307693,12.461538461538462,2.857142857142857
2014,larry fitzgerald,Larry Fitzgerald,ARI,WR,14,104,63,784,2,1,39,1037,333,33.01351387807972,0.6057692307692307,7.538461538461538,12.444444444444445,0.019230769230769232,9.971153846153847,5.285714285714286
2014,leonard hankerson,Leonard Hankerson,WAS,WR,1,1,0,0,0,0,0,15,0,-0.8044585005845875,0,0,NA,0,15,NA
2014,louis murphy,Louis Murphy,TB,WR,11,56,31,380,2,1,14,642,127,-1.041851139577465,0.5535714285714286,6.785714285714286,12.258064516129032,0.03571428571428571,11.464285714285714,4.096774193548387
2014,malcom floyd,Malcom Floyd,LAC,WR,16,92,52,856,6,0,39,1568,124,40.24495633295737,0.5652173913043478,9.304347826086957,16.46153846153846,0.06521739130434782,17.043478260869566,2.3846153846153846
2014,marc mariani,Marc Mariani,CHI,WR,6,0,0,0,0,0,0,0,0,NA,NA,NA,NA,NA,NA,NA
2014,marcus easley,Marcus Easley,BUF,WR,6,0,0,0,0,0,0,0,0,NA,NA,NA,NA,NA,NA,NA
2014,marcus smith,Marcus Smith,PHI,LB,1,0,0,0,0,0,0,0,0,NA,NA,NA,NA,NA,NA,NA
2014,marcus thigpen,Marcus Thigpen,BUF,WR,9,1,0,0,0,0,0,0,0,-0.7682176642119884,0,0,NA,0,0,NA
2014,mario williams,Mario Williams,BUF,DE,16,0,0,0,0,0,0,0,0,NA,NA,NA,NA,NA,NA,NA
2014,markus wheaton,Markus Wheaton,PIT,WR,16,86,53,644,2,0,33,1080,157,10.961484573619,0.6162790697674418,7.488372093023256,12.150943396226415,0.023255813953488372,12.55813953488372,2.9622641509433962
2014,marlon brown,Marlon Brown,BAL,WR,13,31,24,255,0,0,16,308,98,10.69940793113688,0.7741935483870968,8.225806451612904,10.625,0,9.935483870967742,4.083333333333333
2014,marlon moore,Marlon Moore,CLE,WR,12,0,0,0,0,0,0,0,0,NA,NA,NA,NA,NA,NA,NA
2014,marqise lee,Marqise Lee,JAX,WR,12,68,37,422,1,0,20,506,178,1.7763031672442193,0.5441176470588235,6.205882352941177,11.405405405405405,0.014705882352941176,7.4411764705882355,4.8108108108108105
2014,marques colston,Marques Colston,NO,WR,15,99,59,902,5,1,45,1110,295,34.0788876254519,0.5959595959595959,9.11111111111111,15.288135593220339,0.050505050505050504,11.212121212121213,5
2014,marquess wilson,Marquess Wilson,CHI,WR,7,32,17,140,1,0,7,330,51,-4.8268535340300485,0.53125,4.375,8.235294117647058,0.03125,10.3125,3
2014,marquise goodwin,Marquise Goodwin,BUF,WR,8,9,1,42,0,1,1,169,6,-9.368305957061239,0.1111111111111111,4.666666666666667,42,0,18.77777777777778,6
2014,martavis bryant,Martavis Bryant,PIT,WR,10,49,26,549,8,0,16,864,190,24.395436549329993,0.5306122448979592,11.204081632653061,21.115384615384617,0.16326530612244897,17.632653061224488,7.3076923076923075
2014,matthew slater,Matthew Slater,NE,WR,9,0,0,0,0,0,0,0,0,NA,NA,NA,NA,NA,NA,NA
2014,maurice alexander,Maurice Alexander,LA,LB,4,0,0,0,0,0,0,0,0,NA,NA,NA,NA,NA,NA,NA
2014,michael bennett,Michael Bennett,SEA,DE,16,0,0,0,0,0,0,0,0,NA,NA,NA,NA,NA,NA,NA
2014,michael campanaro,Michael Campanaro,BAL,WR,4,9,7,102,1,0,5,83,35,9.048758175226798,0.7777777777777778,11.333333333333334,14.571428571428571,0.1111111111111111,9.222222222222221,5
2014,michael crabtree,Michael Crabtree,SF,WR,16,108,68,698,4,0,35,967,258,14.89057616873355,0.6296296296296297,6.462962962962963,10.264705882352942,0.037037037037037035,8.953703703703704,3.7941176470588234
2014,michael floyd,Michael Floyd,ARI,WR,16,99,47,841,6,3,34,1747,115,14.080606909754266,0.47474747474747475,8.494949494949495,17.893617021276597,0.06060606060606061,17.646464646464647,2.4468085106382977
2014,michael johnson,Michael Johnson,TB,DE,13,0,0,0,0,0,0,0,0,NA,NA,NA,NA,NA,NA,NA
2014,michael thomas,Michael Thomas,MIA,DB,7,0,0,0,0,0,0,0,0,NA,NA,NA,NA,NA,NA,NA
2014,micheal spurlock,Micheal Spurlock,CHI,WR,1,3,1,8,0,0,0,25,6,-1.7302176032452827,0.3333333333333333,2.6666666666666665,8,0,8.333333333333334,6
2014,mike brown,Mike Brown,JAX,WR,5,15,7,88,0,1,5,168,17,-4.036894263030263,0.4666666666666667,5.866666666666666,12.571428571428571,0,11.2,2.4285714285714284
2014,mike evans,Mike Evans,TB,WR,15,123,68,1051,12,0,46,1826,173,42.70047790711871,0.5528455284552846,8.544715447154472,15.455882352941176,0.0975609756097561,14.845528455284553,2.5441176470588234
2014,mike wallace,Mike Wallace,MIA,WR,16,115,67,862,10,1,47,1499,235,36.30592202538788,0.5826086956521739,7.495652173913044,12.865671641791044,0.08695652173913043,13.034782608695652,3.5074626865671643
2014,mike williams,Mike Williams,BUF,WR,6,19,8,142,1,0,3,273,35,0.7681446607705591,0.42105263157894735,7.473684210526316,17.75,0.05263157894736842,14.368421052631579,4.375
2014,miles austin,Miles Austin,CLE,WR,12,72,47,568,2,0,34,588,200,23.502176833202938,0.6527777777777778,7.888888888888889,12.085106382978724,0.027777777777777776,8.166666666666666,4.25531914893617
2014,mohamed sanu,Mohamed Sanu,CIN,WR,16,98,56,790,5,0,37,1059,322,27.635574899997128,0.5714285714285714,8.061224489795919,14.107142857142858,0.05102040816326531,10.806122448979592,5.75
2014,nate washington,Nate Washington,TEN,WR,16,72,40,647,2,0,26,1002,140,16.500150461157318,0.5555555555555556,8.98611111111111,16.175,0.027777777777777776,13.916666666666666,3.5
2014,nick toon,Nick Toon,NO,WR,6,23,17,215,1,1,13,311,42,9.666674205946038,0.7391304347826086,9.347826086956522,12.647058823529411,0.043478260869565216,13.521739130434783,2.4705882352941178
2014,odell beckham jr,Odell Beckham Jr.,NYG,WR,12,130,91,1305,12,0,57,1496,486,70.1866050578308,0.7,10.038461538461538,14.340659340659341,0.09230769230769231,11.507692307692308,5.34065934065934
2014,paul richardson,Paul Richardson,SEA,WR,12,44,29,271,1,0,15,481,65,-3.6644108446170303,0.6590909090909091,6.159090909090909,9.344827586206897,0.022727272727272728,10.931818181818182,2.2413793103448274
2014,percy harvin,Percy Harvin,NYJ,WR,13,78,51,483,1,1,23,601,259,-6.890116562971212,0.6538461538461539,6.1923076923076925,9.470588235294118,0.01282051282051282,7.705128205128205,5.078431372549019
2014,pierre garcon,Pierre Garcon,WAS,WR,16,105,68,752,3,0,32,977,341,-2.9444256152358825,0.6476190476190476,7.161904761904762,11.058823529411764,0.02857142857142857,9.304761904761905,5.014705882352941
2014,preston parker,Preston Parker,NYG,WR,16,56,36,418,2,0,25,563,118,21.030781542731457,0.6428571428571429,7.464285714285714,11.61111111111111,0.03571428571428571,10.053571428571429,3.2777777777777777
2014,quinton patton,Quinton Patton,SF,WR,3,8,3,44,0,0,1,121,0,-2.7142330620554276,0.375,5.5,14.666666666666666,0,15.125,0
2014,randall cobb,Randall Cobb,GB,WR,16,127,91,1287,12,1,71,1135,584,83.57893881610576,0.7165354330708661,10.133858267716535,14.142857142857142,0.09448818897637795,8.937007874015748,6.417582417582418
2014,rashad ross,Rashad Ross,CHI,WR,2,0,0,0,0,0,0,0,0,NA,NA,NA,NA,NA,NA,NA
2014,reggie wayne,Reggie Wayne,IND,WR,15,116,64,779,2,1,40,1124,273,-8.98855159084517,0.5517241379310345,6.7155172413793105,12.171875,0.017241379310344827,9.689655172413794,4.265625
2014,ricardo lockette,Ricardo Lockette,SEA,WR,16,15,11,195,2,0,5,186,68,10.344860194554506,0.7333333333333333,13,17.727272727272727,0.13333333333333333,12.4,6.181818181818182
2014,rishard matthews,Rishard Matthews,MIA,WR,11,22,12,135,2,1,9,260,42,-0.5910453938995488,0.5454545454545454,6.136363636363637,11.25,0.09090909090909091,11.818181818181818,3.5
2014,robert herron,Robert Herron,TB,WR,6,12,6,58,1,0,3,69,26,0.47001037385780364,0.5,4.833333333333333,9.666666666666666,0.08333333333333333,5.75,4.333333333333333
2014,robert meachem,Robert Meachem,NO,WR,10,21,7,114,0,0,7,417,21,-8.176574081997387,0.3333333333333333,5.428571428571429,16.285714285714285,0,19.857142857142858,3
2014,robert woods,Robert Woods,BUF,WR,16,104,65,699,5,1,35,976,198,9.297067473921674,0.625,6.721153846153846,10.753846153846155,0.04807692307692308,9.384615384615385,3.046153846153846
2014,rod streater,Rod Streater,LV,WR,3,13,9,84,1,0,5,127,30,5.394014964520466,0.6923076923076923,6.461538461538462,9.333333333333334,0.07692307692307693,9.76923076923077,3.3333333333333335
2014,rodney smith,Rodney Smith,CLE,WR,1,1,0,0,0,0,0,23,0,-2.5296810353174806,0,0,NA,0,23,NA
2014,rueben randle,Rueben Randle,NYG,WR,16,127,71,938,3,0,48,1521,232,10.010259754597985,0.5590551181102362,7.3858267716535435,13.211267605633802,0.023622047244094488,11.976377952755906,3.267605633802817
2014,russell shepard,Russell Shepard,TB,WR,12,8,4,63,0,0,3,127,22,2.8656552929314785,0.5,7.875,15.75,0,15.875,5.5
2014,ryan broyles,Ryan Broyles,DET,WR,3,5,2,25,0,0,2,46,9,1.0748250068863854,0.4,5,12.5,0,9.2,4.5
2014,ryan davis,Ryan Davis,JAX,DE,14,0,0,0,0,0,0,0,0,NA,NA,NA,NA,NA,NA,NA
2014,ryan grant,Ryan Grant,WAS,WR,6,15,7,68,0,0,4,170,23,-7.6116324760369025,0.4666666666666667,4.533333333333333,9.714285714285714,0,11.333333333333334,3.2857142857142856
2014,saalim hakim,Saalim Hakim,NYJ,WR,12,0,0,0,0,0,0,0,0,NA,NA,NA,NA,NA,NA,NA
2014,sammy watkins,Sammy Watkins,BUF,WR,16,128,65,982,6,1,47,1702,344,17.049071583815355,0.5078125,7.671875,15.107692307692307,0.046875,13.296875,5.292307692307692
2014,santana moss,Santana Moss,WAS,WR,5,15,10,116,0,0,6,111,74,4.047959221818019,0.6666666666666666,7.733333333333333,11.6,0,7.4,7.4
2014,santonio holmes,Santonio Holmes,CHI,WR,7,14,8,67,0,0,6,143,25,-6.28777261245286,0.5714285714285714,4.785714285714286,8.375,0,10.214285714285714,3.125
2014,seyi ajirotutu,Seyi Ajirotutu,LAC,WR,16,12,4,45,0,0,4,140,10,-4.02940678386949,0.3333333333333333,3.75,11.25,0,11.666666666666666,2.5
2014,stedman bailey,Stedman Bailey,LA,WR,13,46,30,435,1,0,19,526,182,24.77686143285803,0.6521739130434783,9.456521739130435,14.5,0.021739130434782608,11.434782608695652,6.066666666666666
2014,steve smith,Steve Smith,BAL,WR,16,134,79,1065,6,2,45,1413,363,39.161842215806765,0.5895522388059702,7.947761194029851,13.481012658227849,0.04477611940298507,10.544776119402986,4.594936708860759
2014,t y hilton,T.Y. Hilton,IND,WR,15,131,82,1345,7,3,63,1811,370,57.833871286736496,0.6259541984732825,10.267175572519085,16.402439024390244,0.05343511450381679,13.82442748091603,4.512195121951219
2014,tavarres king,Tavarres King,TB,WR,1,3,2,13,0,0,1,15,4,-2.5161467113066465,0.6666666666666666,4.333333333333333,6.5,0,5,2
2014,tavon austin,Tavon Austin,LA,WR,15,44,31,242,0,0,12,173,169,-9.798351216042647,0.7045454545454546,5.5,7.806451612903226,0,3.9318181818181817,5.451612903225806
2014,taylor gabriel,Taylor Gabriel,CLE,WR,16,72,36,621,1,0,26,1014,255,6.226415527470466,0.5,8.625,17.25,0.013888888888888888,14.083333333333334,7.083333333333333
2014,terrance williams,Terrance Williams,DAL,WR,15,65,37,621,8,0,30,1028,110,29.108838944841956,0.5692307692307692,9.553846153846154,16.783783783783782,0.12307692307692308,15.815384615384616,2.972972972972973
2014,tommy streeter,Tommy Streeter,JAX,WR,1,1,0,0,0,0,0,44,0,0.07257833651965484,0,0,NA,0,44,NA
2014,torrey smith,Torrey Smith,BAL,WR,15,92,49,767,11,0,38,1377,167,20.831984499704028,0.532608695652174,8.33695652173913,15.653061224489797,0.11956521739130435,14.967391304347826,3.4081632653061225
2014,travis benjamin,Travis Benjamin,CLE,WR,16,46,18,314,3,0,14,857,43,7.726294889360235,0.391304347826087,6.826086956521739,17.444444444444443,0.06521739130434782,18.630434782608695,2.388888888888889
2014,victor cruz,Victor Cruz,NYG,WR,6,41,23,337,1,0,13,442,174,-2.305104748892911,0.5609756097560976,8.21951219512195,14.652173913043478,0.024390243902439025,10.78048780487805,7.565217391304348
2014,vincent brown,Vincent Brown,LV,WR,6,21,12,118,0,0,6,206,47,-7.596605792467017,0.5714285714285714,5.619047619047619,9.833333333333334,0,9.80952380952381,3.9166666666666665
2014,vincent jackson,Vincent Jackson,TB,WR,16,142,70,1002,2,1,50,2027,140,7.516105610569034,0.49295774647887325,7.056338028169014,14.314285714285715,0.014084507042253521,14.274647887323944,2
2014,wes welker,Wes Welker,DEN,WR,14,64,49,464,2,0,24,408,193,5.184973468780589,0.765625,7.25,9.46938775510204,0.03125,6.375,3.938775510204082
2015,a j green,A.J. Green,CIN,WR,16,132,86,1297,10,1,63,1686,341,75.52670159810084,0.6515151515151515,9.825757575757576,15.081395348837209,0.07575757575757576,12.772727272727273,3.9651162790697674
2015,aaron dobson,Aaron Dobson,NE,WR,6,21,13,141,0,0,9,209,29,6.48672180873109,0.6190476190476191,6.714285714285714,10.846153846153847,0,9.952380952380953,2.230769230769231
2015,adam humphries,Adam Humphries,TB,WR,11,40,27,260,1,0,18,270,123,-4.408202131180772,0.675,6.5,9.62962962962963,0.025,6.75,4.555555555555555
2015,adam thielen,Adam Thielen,MIN,WR,10,18,12,144,0,0,5,174,47,3.905963844562374,0.6666666666666666,8,12,0,9.666666666666666,3.9166666666666665
2015,albert wilson,Albert Wilson,KC,WR,14,57,35,451,2,0,19,581,219,4.545530145763532,0.6140350877192983,7.912280701754386,12.885714285714286,0.03508771929824561,10.192982456140351,6.257142857142857
2015,allen hurns,Allen Hurns,JAX,WR,15,105,64,1031,10,2,48,1216,347,42.62760771596548,0.6095238095238096,9.81904761904762,16.109375,0.09523809523809523,11.58095238095238,5.421875
2015,allen robinson,Allen Robinson,JAX,WR,16,151,80,1400,14,0,61,2245,356,43.216318920977415,0.5298013245033113,9.271523178807946,17.5,0.09271523178807947,14.867549668874172,4.45
2015,alshon jeffery,Alshon Jeffery,CHI,WR,9,94,54,807,4,1,43,1371,177,19.65865686868429,0.574468085106383,8.585106382978724,14.944444444444445,0.0425531914893617,14.585106382978724,3.2777777777777777
2015,amari cooper,Amari Cooper,LV,WR,16,130,72,1070,6,1,45,1351,362,17.628872978313474,0.5538461538461539,8.23076923076923,14.86111111111111,0.046153846153846156,10.392307692307693,5.027777777777778
2015,andre caldwell,Andre Caldwell,DEN,WR,12,22,10,72,2,0,4,217,16,-9.161635125201428,0.45454545454545453,3.272727272727273,7.2,0.09090909090909091,9.863636363636363,1.6
2015,andre holmes,Andre Holmes,LV,WR,15,33,14,201,4,0,9,496,43,3.0233801048185454,0.42424242424242425,6.090909090909091,14.357142857142858,0.12121212121212122,15.030303030303031,3.0714285714285716
2015,andre johnson,Andre Johnson,IND,WR,16,77,41,503,4,0,31,792,147,13.297345614735576,0.5324675324675324,6.532467532467533,12.268292682926829,0.05194805194805195,10.285714285714286,3.5853658536585367
2015,andre roberts,Andre Roberts,WAS,WR,8,21,11,135,0,0,5,246,38,-1.3069675275250452,0.5238095238095238,6.428571428571429,12.272727272727273,0,11.714285714285714,3.4545454545454546
2015,andrew hawkins,Andrew Hawkins,CLE,WR,8,43,27,276,0,1,10,302,127,2.1935934299109503,0.627906976744186,6.4186046511627906,10.222222222222221,0,7.023255813953488,4.703703703703703
2015,andrew turzilli,Andrew Turzilli,TEN,WR,1,2,2,25,0,0,1,21,4,2.080803251126781,1,12.5,12.5,0,10.5,2
2015,anquan boldin,Anquan Boldin,SF,WR,14,111,69,789,4,1,35,894,282,0.23470334211550103,0.6216216216216216,7.108108108108108,11.434782608695652,0.036036036036036036,8.054054054054054,4.086956521739131
2015,antonio brown,Antonio Brown,PIT,WR,16,193,136,1834,10,1,84,2110,593,58.203196328282715,0.7046632124352331,9.50259067357513,13.485294117647058,0.05181347150259067,10.932642487046632,4.360294117647059
2015,b j daniels,B.J. Daniels,HOU,WR,6,2,2,18,0,0,0,11,7,1.234697689069435,1,9,9,0,5.5,3.5
2015,ben edwards,Ben Edwards,NYG,WR,1,2,1,9,0,0,0,18,7,-5.777667079120874,0.5,4.5,9,0,9,7
2015,bennie fowler,Bennie Fowler,DEN,WR,15,25,16,203,0,0,11,203,97,-0.0965057143192618,0.64,8.12,12.6875,0,8.12,6.0625
2015,bradley marquez,Bradley Marquez,LA,WR,14,22,13,88,0,0,3,195,23,-12.988533894082433,0.5909090909090909,4,6.769230769230769,0,8.863636363636363,1.7692307692307692
2015,brandin cooks,Brandin Cooks,NO,WR,16,129,84,1138,9,1,45,1597,384,25.67644192783081,0.6511627906976745,8.821705426356589,13.547619047619047,0.06976744186046512,12.37984496124031,4.571428571428571
2015,brandon coleman,Brandon Coleman,NO,WR,16,49,30,454,2,0,22,680,120,17.376414767670212,0.6122448979591837,9.26530612244898,15.133333333333333,0.04081632653061224,13.877551020408163,4
2015,brandon lafell,Brandon LaFell,NE,WR,11,74,37,515,0,0,22,1006,224,-1.970460785780506,0.5,6.95945945945946,13.91891891891892,0,13.594594594594595,6.054054054054054
2015,brandon marshall,Brandon Marshall,NYJ/DEN,WR,31,173,109,1502,14,3,77,2102,438,56.88848361650938,0.63005780346820806,8.68208092485549,13.779816513761467,0.08092485549132948,12.15028901734104,4.018348623853211
2015,brandon tate,Brandon Tate,CIN,WR,15,3,2,59,1,0,1,59,10,2.7341960628982633,0.6666666666666666,19.666666666666668,29.5,0.3333333333333333,19.666666666666668,5
2015,brenton bersin,Brenton Bersin,CAR,WR,5,11,9,119,0,1,5,100,33,0.6327876507421024,0.8181818181818182,10.818181818181818,13.222222222222221,0,9.090909090909092,3.6666666666666665
2015,brian hartline,Brian Hartline,CLE,WR,12,77,46,523,2,1,30,719,166,15.14083379739428,0.5974025974025974,6.792207792207792,11.369565217391305,0.025974025974025976,9.337662337662337,3.608695652173913
2015,brian quick,Brian Quick,LA,WR,9,32,10,102,0,0,5,512,39,-11.033990398471438,0.3125,3.1875,10.2,0,16,3.9
2015,brice butler,Brice Butler,DAL,WR,5,26,12,258,0,0,10,307,96,1.9717836053885636,0.46153846153846156,9.923076923076923,21.5,0,11.807692307692308,8
2015,brittan golden,Brittan Golden,ARI,WR,7,1,1,5,0,0,1,5,0,1.05905954958871,1,5,5,0,5,0
2015,bruce ellington,Bruce Ellington,SF,WR,13,19,13,153,0,1,5,167,110,2.044430249836296,0.6842105263157895,8.052631578947368,11.76923076923077,0,8.789473684210526,8.461538461538462
2015,bryan walters,Bryan Walters,JAX,WR,11,45,32,368,1,0,20,359,122,25.11698991723931,0.7111111111111111,8.177777777777777,11.5,0.022222222222222223,7.977777777777778,3.8125
2015,calvin johnson,Calvin Johnson,DET,WR,16,149,88,1214,9,1,66,1934,296,39.58906219457149,0.5906040268456376,8.14765100671141,13.795454545454545,0.06040268456375839,12.979865771812081,3.3636363636363638
2015,cam johnson,Cam Johnson,CLE,OLB,1,0,0,0,0,0,0,0,0,NA,NA,NA,NA,NA,NA,NA
2015,cameron meredith,Cameron Meredith,CHI,WR,6,16,11,120,0,0,5,178,37,-3.319755584234372,0.6875,7.5,10.909090909090908,0,11.125,3.3636363636363638
2015,cecil shorts,Cecil Shorts,HOU,WR,11,75,42,484,2,1,27,648,210,-5.725492215563753,0.56,6.453333333333333,11.523809523809524,0.02666666666666667,8.64,5
2015,chandler jones,Chandler Jones,NE,DE,15,0,0,0,0,0,0,0,0,NA,NA,NA,NA,NA,NA,NA
2015,chandler worthy,Chandler Worthy,HOU,WR,3,4,3,14,0,0,1,-1,21,-0.43514483474427834,0.75,3.5,4.666666666666667,0,-0.25,7
2015,charles johnson,Charles Johnson,CAR,DE,9,0,0,0,0,0,0,0,0,NA,NA,NA,NA,NA,NA,NA
2015,chris conley,Chris Conley,KC,WR,12,31,17,199,1,0,12,344,69,2.874864403958025,0.5483870967741935,6.419354838709677,11.705882352941176,0.03225806451612903,11.096774193548388,4.0588235294117645
2015,chris givens,Chris Givens,BAL,WR,14,54,20,353,1,0,13,723,52,-10.062253605159487,0.37037037037037035,6.537037037037037,17.65,0.018518518518518517,13.38888888888889,2.6
2015,chris harper,Chris Harper,NE,WR,3,3,1,6,0,0,0,56,1,-2.8626244486658834,0.3333333333333333,2,6,0,18.666666666666668,1
2015,chris hogan,Chris Hogan,BUF,WR,15,59,36,450,2,0,18,783,107,4.4573950079857045,0.6101694915254238,7.627118644067797,12.5,0.03389830508474576,13.271186440677965,2.9722222222222223
2015,chris matthews,Chris Matthews,BAL,WR,12,25,13,151,1,0,9,339,42,2.5618218599967806,0.52,6.04,11.615384615384615,0.04,13.56,3.230769230769231
2015,chris owusu,Chris Owusu,NYJ,WR,3,13,6,80,0,0,2,212,22,-1.680485270509962,0.46153846153846156,6.153846153846154,13.333333333333334,0,16.307692307692307,3.6666666666666665
2015,chris thompson,Chris Thompson,WAS,RB,13,48,35,240,2,1,15,172,164,4.260926074188216,0.7291666666666666,5,6.857142857142857,0.041666666666666664,3.5833333333333335,4.685714285714286
2015,cody latimer,Cody Latimer,DEN,WR,8,11,6,59,1,0,4,112,32,2.6102234713325743,0.5454545454545454,5.363636363636363,9.833333333333334,0.09090909090909091,10.181818181818182,5.333333333333333
2015,cole beasley,Cole Beasley,DAL,WR,16,75,52,536,5,1,31,351,324,16.296035809357296,0.6933333333333334,7.1466666666666665,10.307692307692308,0.06666666666666667,4.68,6.230769230769231
2015,corey brown,Corey Brown,CAR,WR,14,54,31,447,4,0,24,787,81,19.028687866116332,0.5740740740740741,8.277777777777779,14.419354838709678,0.07407407407407407,14.574074074074074,2.6129032258064515
2015,corey fuller,Corey Fuller,DET,WR,7,9,4,76,0,0,3,143,9,2.2595681460225023,0.4444444444444444,8.444444444444445,19,0,15.88888888888889,2.25
2015,damaris johnson,Damaris Johnson,NE,WR,1,0,0,0,0,0,0,0,0,NA,NA,NA,NA,NA,NA,NA
2015,danny amendola,Danny Amendola,NE,WR,14,87,65,648,3,0,32,593,264,17.562424137826056,0.7471264367816092,7.448275862068965,9.96923076923077,0.034482758620689655,6.816091954022989,4.061538461538461
2015,darius jennings,Darius Jennings,CLE,WR,3,21,14,117,0,1,7,139,37,-2.2379711428527655,0.6666666666666666,5.571428571428571,8.357142857142858,0,6.619047619047619,2.642857142857143
2015,darrius heyward bey,Darrius Heyward-Bey,PIT,WR,14,39,21,314,2,0,11,707,73,6.623211684510296,0.5384615384615384,8.051282051282051,14.952380952380953,0.05128205128205128,18.128205128205128,3.4761904761904763
2015,davante adams,Davante Adams,GB,WR,13,94,50,483,1,0,20,951,136,-11.30360851169139,0.5319148936170213,5.138297872340425,9.66,0.010638297872340425,10.117021276595745,2.72
2015,de anthony thomas,De'Anthony Thomas,KC,WR,10,24,17,140,1,0,6,29,149,-2.993347556307708,0.7083333333333334,5.833333333333333,8.235294117647058,0.041666666666666664,1.2083333333333333,8.764705882352942
2015,deandre hopkins,DeAndre Hopkins,HOU,WR,16,192,111,1521,11,1,83,2714,225,63.97902190718098,0.578125,7.921875,13.702702702702704,0.057291666666666664,14.135416666666666,2.027027027027027
2015,deandrew white,DeAndrew White,SF,WR,3,2,2,18,0,0,2,14,4,1.5516260528820567,1,9,9,0,7,2
2015,demaryius thomas,Demaryius Thomas,DEN,WR,16,177,105,1304,6,2,63,1852,479,6.497840101961248,0.5932203389830508,7.367231638418079,12.41904761904762,0.03389830508474576,10.463276836158192,4.561904761904762
2015,denarius moore,Denarius Moore,BUF,WR,5,0,0,0,0,0,0,0,0,NA,NA,NA,NA,NA,NA,NA
2015,deonte thompson,Deonte Thompson,CHI,WR,7,3,2,81,0,0,2,103,3,1.5542992213740945,0.6666666666666666,27,40.5,0,34.333333333333336,1.5
2015,derrick johnson,Derrick Johnson,KC,LB,16,0,0,0,0,0,0,0,0,NA,NA,NA,NA,NA,NA,NA
2015,desean jackson,DeSean Jackson,WAS,WR,9,49,30,528,4,0,15,770,158,19.416500512270325,0.6122448979591837,10.775510204081632,17.6,0.08163265306122448,15.714285714285714,5.266666666666667
2015,devante parker,DeVante Parker,MIA,WR,10,50,26,494,3,0,20,697,98,23.614892307923444,0.52,9.88,19,0.06,13.94,3.769230769230769
2015,devin funchess,Devin Funchess,CAR,WR,16,63,31,473,5,1,24,809,112,12.942795345929829,0.49206349206349204,7.507936507936508,15.258064516129032,0.07936507936507936,12.841269841269842,3.6129032258064515
2015,devin hester,Devin Hester,ATL,WR,5,0,0,0,0,0,0,0,0,NA,NA,NA,NA,NA,NA,NA
2015,devin smith,Devin Smith,NYJ,WR,7,28,9,115,1,0,5,574,18,-7.809339980106266,0.32142857142857145,4.107142857142857,12.777777777777779,0.03571428571428571,20.5,2
2015,devin street,Devin Street,DAL,WR,11,13,7,114,1,1,6,197,13,-3.807061426981818,0.5384615384615384,8.76923076923077,16.285714285714285,0.07692307692307693,15.153846153846153,1.8571428571428572
2015,dez bryant,Dez Bryant,DAL,WR,9,72,31,401,3,0,18,945,131,-13.410393697464349,0.4305555555555556,5.569444444444445,12.935483870967742,0.041666666666666664,13.125,4.225806451612903
2015,donte moncrief,Donte Moncrief,IND,WR,16,105,64,733,6,0,40,1077,267,36.946625294181416,0.6095238095238096,6.980952380952381,11.453125,0.05714285714285714,10.257142857142858,4.171875
2015,donteea dye,Donteea Dye,TB,WR,10,30,11,132,1,1,8,365,34,-6.4921736582870535,0.36666666666666664,4.4,12,0.03333333333333333,12.166666666666666,3.090909090909091
2015,dontrelle inman,Dontrelle Inman,LAC,WR,13,63,35,486,3,2,22,791,177,24.304337788952118,0.5555555555555556,7.714285714285714,13.885714285714286,0.047619047619047616,12.555555555555555,5.057142857142857
2015,dorial green beckham,Dorial Green-Beckham,TEN,WR,14,67,32,549,4,0,30,906,144,10.304686472163482,0.47761194029850745,8.194029850746269,17.15625,0.05970149253731343,13.522388059701493,4.5
2015,doug baldwin,Doug Baldwin,SEA,WR,16,103,78,1069,14,1,47,990,440,66.42752624314495,0.7572815533980582,10.37864077669903,13.705128205128204,0.13592233009708737,9.611650485436893,5.641025641025641
2015,duke williams,Duke Williams,BUF,S,14,0,0,0,0,0,0,0,0,NA,NA,NA,NA,NA,NA,NA
2015,dwayne bowe,Dwayne Bowe,CLE,WR,7,13,5,53,0,0,3,182,14,-3.457278981048148,0.38461538461538464,4.076923076923077,10.6,0,14,2.8
2015,dwayne harris,Dwayne Harris,NYG,WR,15,57,36,396,4,0,20,467,137,6.688647768739202,0.631578947368421,6.947368421052632,11,0.07017543859649122,8.192982456140351,3.8055555555555554
2015,eddie royal,Eddie Royal,CHI,WR,9,50,37,238,1,0,9,186,177,-7.139228799767833,0.74,4.76,6.4324324324324325,0.02,3.72,4.783783783783784
2015,emmanuel sanders,Emmanuel Sanders,DEN,WR,15,137,76,1135,6,1,51,1950,363,35.557368966872616,0.5547445255474452,8.284671532846716,14.93421052631579,0.043795620437956206,14.233576642335766,4.776315789473684
2015,eric decker,Eric Decker,NYJ,WR,15,132,80,1027,12,1,60,1520,214,56.39229168626985,0.6060606060606061,7.78030303030303,12.8375,0.09090909090909091,11.515151515151516,2.675
2015,eric weems,Eric Weems,ATL,WR,12,1,1,11,0,0,1,6,5,1.112096122931689,1,11,11,0,6,5
2015,evan spencer,Evan Spencer,TB,WR,1,0,0,0,0,0,0,0,0,NA,NA,NA,NA,NA,NA,NA
2015,frankie hammond,Frankie Hammond,KC,WR,7,0,0,0,0,0,0,0,0,NA,NA,NA,NA,NA,NA,NA
2015,geremy davis,Geremy Davis,NYG,WR,5,3,2,21,0,0,1,37,8,-0.5121643937891349,0.6666666666666666,7,10.5,0,12.333333333333334,4
2015,golden tate,Golden Tate,DET,WR,16,128,90,813,6,1,50,758,533,14.371192784730708,0.703125,6.3515625,9.033333333333333,0.046875,5.921875,5.9222222222222225
2015,greg jennings,Greg Jennings,MIA,WR,12,36,19,208,1,0,7,338,71,-3.4450667208827905,0.5277777777777778,5.777777777777778,10.947368421052632,0.027777777777777776,9.38888888888889,3.736842105263158
2015,greg salas,Greg Salas,BUF,WR,2,5,3,41,0,0,3,62,14,3.810433576174546,0.6,8.2,13.666666666666666,0,12.4,4.666666666666667
2015,griff whalen,Griff Whalen,IND,WR,12,26,19,205,1,1,11,208,51,0.888906447798945,0.7307692307692307,7.884615384615385,10.789473684210526,0.038461538461538464,8,2.6842105263157894
2015,hakeem nicks,Hakeem Nicks,NYG,WR,6,14,7,54,0,0,2,150,22,-11.655951995988184,0.5,3.857142857142857,7.714285714285714,0,10.714285714285714,3.142857142857143
2015,harry douglas,Harry Douglas,TEN,WR,14,72,36,411,2,0,22,867,130,1.3438587694782704,0.5,5.708333333333333,11.416666666666666,0.027777777777777776,12.041666666666666,3.611111111111111
2015,j j nelson,J.J. Nelson,ARI,WR,10,27,11,299,2,0,11,605,56,7.405108901829483,0.4074074074074074,11.074074074074074,27.181818181818183,0.07407407407407407,22.40740740740741,5.090909090909091
2015,jacoby jones,Jacoby Jones,PIT,WR,9,0,0,0,0,0,0,0,0,NA,NA,NA,NA,NA,NA,NA
2015,jaelen strong,Jaelen Strong,HOU,WR,10,24,14,161,3,0,9,248,63,11.553456435678527,0.5833333333333334,6.708333333333333,11.5,0.125,10.333333333333334,4.5
2015,james jones,James Jones,GB,WR,16,99,50,890,8,1,39,1491,221,33.6172742879428,0.5050505050505051,8.98989898989899,17.8,0.08080808080808081,15.06060606060606,4.42
2015,jamison crowder,Jamison Crowder,WAS,WR,16,78,59,604,2,2,35,459,338,30.857121925693,0.7564102564102564,7.743589743589744,10.23728813559322,0.02564102564102564,5.884615384615385,5.728813559322034
2015,jared abbrederis,Jared Abbrederis,GB,WR,8,16,9,111,0,1,5,249,15,2.729694974637823,0.5625,6.9375,12.333333333333334,0,15.5625,1.6666666666666667
2015,jarius wright,Jarius Wright,MIN,WR,15,50,34,442,0,1,25,476,175,16.03301113165345,0.68,8.84,13,0,9.52,5.147058823529412
2015,jaron brown,Jaron Brown,ARI,WR,12,23,11,144,1,0,8,313,22,-1.043495929334195,0.4782608695652174,6.260869565217392,13.090909090909092,0.043478260869565216,13.608695652173912,2
2015,jarvis landry,Jarvis Landry,MIA,WR,16,166,110,1157,4,0,60,1236,533,10.713816436971557,0.6626506024096386,6.969879518072289,10.518181818181818,0.024096385542168676,7.445783132530121,4.845454545454546
2015,jason avant,Jason Avant,KC,WR,10,24,15,119,0,0,5,149,49,0.15065241687547604,0.625,4.958333333333333,7.933333333333334,0,6.208333333333333,3.2666666666666666
2015,javontee herndon,Javontee Herndon,LAC,WR,8,33,24,195,0,0,8,189,102,4.073398824973433,0.7272727272727273,5.909090909090909,8.125,0,5.7272727272727275,4.25
2015,jeff janis,Jeff Janis,GB,WR,13,12,2,79,0,0,2,225,29,-4.094149338332061,0.16666666666666666,6.583333333333333,39.5,0,18.75,14.5
2015,jeremy butler,Jeremy Butler,BAL,WR,8,44,31,363,0,1,18,344,150,15.674452908797825,0.7045454545454546,8.25,11.709677419354838,0,7.818181818181818,4.838709677419355
2015,jeremy kerley,Jeremy Kerley,NYJ,WR,16,26,16,152,2,0,8,134,95,3.234650863625575,0.6153846153846154,5.846153846153846,9.5,0.07692307692307693,5.153846153846154,5.9375
2015,jeremy maclin,Jeremy Maclin,KC,WR,15,124,87,1088,8,2,49,1308,322,49.35093264722462,0.7016129032258065,8.774193548387096,12.505747126436782,0.06451612903225806,10.548387096774194,3.7011494252873565
2015,jeremy ross,Jeremy Ross,LV,WR,11,14,9,88,0,0,4,84,72,1.6733571340886744,0.6428571428571429,6.285714285714286,9.777777777777779,0,6,8
2015,jermaine kearse,Jermaine Kearse,SEA,WR,16,68,49,685,5,1,33,811,228,40.73033310095208,0.7205882352941176,10.073529411764707,13.979591836734693,0.07352941176470588,11.926470588235293,4.653061224489796
2015,jerome simpson,Jerome Simpson,SF,WR,5,19,5,54,1,0,4,269,16,-16.892039975132274,0.2631578947368421,2.8421052631578947,10.8,0.05263157894736842,14.157894736842104,3.2
2015,jerricho cotchery,Jerricho Cotchery,CAR,WR,14,54,39,485,3,0,26,451,196,30.54771545015596,0.7222222222222222,8.981481481481481,12.435897435897436,0.05555555555555555,8.351851851851851,5.0256410256410255
2015,john brown,John Brown,ARI,WR,15,101,65,1003,7,1,49,1491,315,44.5260283696281,0.6435643564356436,9.930693069306932,15.430769230769231,0.06930693069306931,14.762376237623762,4.846153846153846
2015,jonathan krause,Jonathan Krause,PHI,WR,2,4,2,11,0,0,0,43,6,-2.287996966857463,0.5,2.75,5.5,0,10.75,3
2015,jordan matthews,Jordan Matthews,PHI,TE,16,128,85,997,8,2,44,1063,414,30.926548245772004,0.6640625,7.7890625,11.729411764705882,0.0625,8.3046875,4.870588235294117
2015,jordan norwood,Jordan Norwood,DEN,WR,10,32,22,207,0,0,11,276,69,-2.534127008375357,0.6875,6.46875,9.409090909090908,0,8.625,3.1363636363636362
2015,josh bellamy,Josh Bellamy,CHI,WR,14,34,19,224,2,0,8,351,68,4.116640486760911,0.5588235294117647,6.588235294117647,11.789473684210526,0.058823529411764705,10.323529411764707,3.5789473684210527
2015,josh huff,Josh Huff,PHI,WR,15,40,27,312,3,0,16,218,181,10.488984914503131,0.675,7.8,11.555555555555555,0.075,5.45,6.703703703703703
2015,julian edelman,Julian Edelman,NE,WR,9,88,61,692,7,1,37,674,310,26.884426725238797,0.6931818181818182,7.863636363636363,11.344262295081966,0.07954545454545454,7.659090909090909,5.081967213114754
2015,julio jones,Julio Jones,ATL,WR,16,203,136,1871,8,3,94,2061,641,82.93261954082321,0.6699507389162561,9.216748768472906,13.757352941176471,0.03940886699507389,10.152709359605911,4.713235294117647
2015,justin hardy,Justin Hardy,ATL,WR,9,36,21,194,0,0,12,330,65,1.5427372513115856,0.5833333333333334,5.388888888888889,9.238095238095237,0,9.166666666666666,3.0952380952380953
2015,justin hunter,Justin Hunter,TEN,WR,9,31,22,264,1,0,12,377,33,8.304296479617477,0.7096774193548387,8.516129032258064,12,0.03225806451612903,12.161290322580646,1.5
2015,kaelin clay,Kaelin Clay,BAL,WR,7,0,0,0,0,0,0,0,0,NA,NA,NA,NA,NA,NA,NA
2015,kamar aiken,Kamar Aiken,BAL,WR,16,127,75,944,5,1,54,1564,211,16.704131536260565,0.5905511811023622,7.433070866141732,12.586666666666666,0.03937007874015748,12.31496062992126,2.8133333333333335
2015,kasen williams,Kasen Williams,SEA,WR,1,1,1,8,0,0,1,5,3,1.0250280789332464,1,8,8,0,5,3
2015,keenan allen,Keenan Allen,LAC,WR,8,89,67,725,4,0,34,681,236,31.593355914689806,0.7528089887640449,8.146067415730338,10.82089552238806,0.0449438202247191,7.651685393258427,3.5223880597014925
2015,keith mumphery,Keith Mumphery,HOU,WR,14,32,14,129,0,0,5,337,20,-4.233825619481552,0.4375,4.03125,9.214285714285714,0,10.53125,1.4285714285714286
2015,kenbrell thompkins,Kenbrell Thompkins,NYJ,WR,6,33,17,165,0,0,7,415,68,-11.161557337732724,0.5151515151515151,5,9.705882352941176,0,12.575757575757576,4
2015,kendall wright,Kendall Wright,TEN,WR,10,60,36,408,3,0,21,701,143,-1.3547647136064787,0.6,6.8,11.333333333333334,0.05,11.683333333333334,3.9722222222222223
2015,kenny britt,Kenny Britt,LA,WR,16,72,36,681,3,0,29,1153,118,8.974856848328175,0.5,9.458333333333334,18.916666666666668,0.041666666666666664,16.01388888888889,3.2777777777777777
2015,kenny stills,Kenny Stills,MIA,WR,15,63,27,440,3,0,18,1041,102,-2.3805534388634166,0.42857142857142855,6.984126984126984,16.296296296296298,0.047619047619047616,16.523809523809526,3.7777777777777777
2015,keshawn martin,Keshawn Martin,NE,WR,9,37,24,269,2,0,14,374,76,11.92617438943477,0.6486486486486487,7.27027027027027,11.208333333333334,0.05405405405405406,10.108108108108109,3.1666666666666665
2015,kevin norwood,Kevin Norwood,CAR,WR,1,1,0,0,0,0,0,21,0,-4.349118564918172,0,0,NA,0,21,NA
2015,kevin smith,Kevin Smith,SEA,WR,4,5,3,43,0,0,2,38,30,2.2643050144689623,0.6,8.6,14.333333333333334,0,7.6,10
2015,kyle williams,Kyle Williams,BUF,DT,6,0,0,0,0,0,0,0,0,NA,NA,NA,NA,NA,NA,NA
2015,lance moore,Lance Moore,DET,WR,13,43,29,337,4,1,20,421,59,9.18354128903593,0.6744186046511628,7.837209302325581,11.620689655172415,0.09302325581395349,9.790697674418604,2.0344827586206895
2015,larry fitzgerald,Larry Fitzgerald,ARI,WR,16,145,109,1215,9,2,65,1238,462,54.37646559989874,0.7517241379310344,8.379310344827585,11.146788990825687,0.06206896551724138,8.537931034482758,4.238532110091743
2015,leonard hankerson,Leonard Hankerson,ATL,WR,7,46,26,327,3,0,19,411,119,17.994874445151353,0.5652173913043478,7.108695652173913,12.576923076923077,0.06521739130434782,8.934782608695652,4.576923076923077
2015,louis murphy,Louis Murphy,TB,WR,5,18,10,198,0,0,6,255,37,7.5511232764958915,0.5555555555555556,11,19.8,0,14.166666666666666,3.7
2015,lucky whitehead,Lucky Whitehead,DAL,WR,12,8,6,16,0,0,1,10,20,-2.65176142193377,0.75,2,2.6666666666666665,0,1.25,3.3333333333333335
2015,malcom floyd,Malcom Floyd,LAC,WR,15,69,30,561,3,1,19,1387,86,-1.7142721395381386,0.43478260869565216,8.130434782608695,18.7,0.043478260869565216,20.10144927536232,2.8666666666666667
2015,marc mariani,Marc Mariani,CHI,WR,16,33,22,300,0,0,19,313,130,17.741931841148308,0.6666666666666666,9.090909090909092,13.636363636363637,0,9.484848484848484,5.909090909090909
2015,marcus easley,Marcus Easley,BUF,WR,11,3,1,58,1,0,1,74,16,5.017901156679727,0.3333333333333333,19.333333333333332,58,0.3333333333333333,24.666666666666668,16
2015,marcus smith,Marcus Smith,PHI,LB,4,0,0,0,0,0,0,0,0,NA,NA,NA,NA,NA,NA,NA
2015,marcus thigpen,Marcus Thigpen,BUF,WR,9,0,0,0,0,0,0,0,0,NA,NA,NA,NA,NA,NA,NA
2015,mario alford,Mario Alford,CIN,WR,1,1,1,15,0,0,1,10,5,1.6740141661721282,1,15,15,0,10,5
2015,mario williams,Mario Williams,BUF,DE,12,0,0,0,0,0,0,0,0,NA,NA,NA,NA,NA,NA,NA
2015,markus wheaton,Markus Wheaton,PIT,WR,16,79,44,749,5,0,32,1133,158,20.505662562402485,0.5569620253164557,9.481012658227849,17.022727272727273,0.06329113924050633,14.341772151898734,3.590909090909091
2015,marlon brown,Marlon Brown,BAL,WR,9,30,14,112,0,0,4,265,46,-3.8759968252473347,0.4666666666666667,3.7333333333333334,8,0,8.833333333333334,3.2857142857142856
2015,marlon moore,Marlon Moore,CLE,WR,10,10,7,81,1,0,6,69,32,5.9189615155919455,0.7,8.1,11.571428571428571,0.1,6.9,4.571428571428571
2015,marqise lee,Marqise Lee,JAX,WR,9,32,15,191,1,0,11,355,91,2.677034375752555,0.46875,5.96875,12.733333333333333,0.03125,11.09375,6.066666666666666
2015,marques colston,Marques Colston,NO,WR,13,67,45,520,4,0,26,572,192,13.52159034175772,0.6716417910447762,7.7611940298507465,11.555555555555555,0.05970149253731343,8.537313432835822,4.266666666666667
2015,marquess wilson,Marquess Wilson,CHI,WR,11,51,28,464,1,0,20,669,186,14.14654741185377,0.5490196078431373,9.098039215686274,16.571428571428573,0.0196078431372549,13.117647058823529,6.642857142857143
2015,marquise goodwin,Marquise Goodwin,BUF,WR,2,2,2,24,0,0,2,22,2,2.8088977159932256,1,12,12,0,11,1
2015,martavis bryant,Martavis Bryant,PIT,WR,11,92,50,765,6,1,25,1260,350,8.729296679943637,0.5434782608695652,8.315217391304348,15.3,0.06521739130434782,13.695652173913043,7
2015,marvin jones,Marvin Jones,CIN,WR,16,103,65,816,4,0,33,1330,289,26.82732409860648,0.6310679611650486,7.922330097087379,12.553846153846154,0.038834951456310676,12.912621359223301,4.446153846153846
2015,matt hazel,Matt Hazel,MIA,WR,1,1,0,0,0,0,0,5,0,-0.9076352613337804,0,0,NA,0,5,NA
2015,matthew slater,Matthew Slater,NE,WR,13,1,0,0,0,0,0,34,0,0.6956883372054377,0,0,NA,0,34,NA
2015,maurice alexander,Maurice Alexander,LA,LB,12,0,0,0,0,0,0,0,0,NA,NA,NA,NA,NA,NA,NA
2015,michael bennett,Michael Bennett,SEA/JAX,DE,25,0,0,0,0,0,0,0,0,NA,NA,NA,NA,NA,NA,NA
2015,michael campanaro,Michael Campanaro,BAL,WR,4,6,5,35,0,0,1,23,27,0.050874285028961186,0.8333333333333334,5.833333333333333,7,0,3.8333333333333335,5.4
2015,michael crabtree,Michael Crabtree,LV,WR,16,146,85,922,9,1,45,1440,263,25.534133376535173,0.5821917808219178,6.315068493150685,10.847058823529412,0.06164383561643835,9.863013698630137,3.0941176470588236
2015,michael floyd,Michael Floyd,ARI,WR,15,89,52,849,6,0,40,1413,208,41.159528626549594,0.5842696629213483,9.539325842696629,16.326923076923077,0.06741573033707865,15.876404494382022,4
2015,michael johnson,Michael Johnson,CIN,DE,16,0,0,0,0,0,0,0,0,NA,NA,NA,NA,NA,NA,NA
2015,michael thomas,Michael Thomas,MIA,DB,16,0,0,0,0,0,0,0,0,NA,NA,NA,NA,NA,NA,NA
2015,mike evans,Mike Evans,TB,WR,15,148,74,1206,3,0,63,2208,232,22.044482644259,0.5,8.14864864864865,16.2972972972973,0.02027027027027027,14.91891891891892,3.135135135135135
2015,mike wallace,Mike Wallace,MIN,WR,15,72,39,473,2,0,27,774,169,4.417034100275226,0.5416666666666666,6.569444444444445,12.128205128205128,0.027777777777777776,10.75,4.333333333333333
2015,miles austin,Miles Austin,PHI,WR,11,31,13,224,1,0,9,413,62,-6.642331094245926,0.41935483870967744,7.225806451612903,17.23076923076923,0.03225806451612903,13.32258064516129,4.769230769230769
2015,mohamed sanu,Mohamed Sanu,CIN,WR,16,49,33,394,0,1,17,341,203,6.450953740699931,0.673469387755102,8.040816326530612,11.93939393939394,0,6.959183673469388,6.151515151515151
2015,myles white,Myles White,NYG,WR,10,20,7,88,1,0,4,279,7,-2.3998992556605803,0.35,4.4,12.571428571428571,0.05,13.95,1
2015,nate washington,Nate Washington,HOU,WR,13,94,47,658,4,0,33,1067,162,13.62900992543073,0.5,7,14,0.0425531914893617,11.351063829787234,3.4468085106382977
2015,nelson agholor,Nelson Agholor,PHI,WR,13,44,23,283,1,0,11,480,95,2.349395475525208,0.5227272727272727,6.431818181818182,12.304347826086957,0.022727272727272728,10.909090909090908,4.130434782608695
2015,nick williams,Nick Williams,ATL/KC,WR,17,25,17,159,2,0,11,142,96,3.6353086954331957,0.68,6.36,9.352941176470589,0.08,5.68,5.647058823529412
2015,odell beckham jr,Odell Beckham Jr.,NYG,WR,15,158,96,1450,13,2,68,1819,590,85.5566076515192,0.6075949367088608,9.177215189873417,15.104166666666666,0.08227848101265822,11.512658227848101,6.145833333333333
2015,paul richardson,Paul Richardson,SEA,WR,1,1,1,40,0,0,1,28,12,2.652147823537234,1,40,40,0,28,12
2015,percy harvin,Percy Harvin,BUF,WR,5,30,19,218,1,1,10,354,83,6.750363540838877,0.6333333333333333,7.266666666666667,11.473684210526315,0.03333333333333333,11.8,4.368421052631579
2015,phillip dorsett,Phillip Dorsett,IND,WR,11,39,18,225,1,0,10,506,60,-4.832759720372363,0.46153846153846156,5.769230769230769,12.5,0.02564102564102564,12.974358974358974,3.3333333333333335
2015,pierre garcon,Pierre Garcon,WAS,WR,16,111,72,777,6,0,43,1189,164,24.792691713459817,0.6486486486486487,7,10.791666666666666,0.05405405405405406,10.711711711711711,2.2777777777777777
2015,preston parker,Preston Parker,NYG,WR,2,12,5,40,0,0,1,87,29,-4.951648536116737,0.4166666666666667,3.3333333333333335,8,0,7.25,5.8
2015,quan bray,Quan Bray,IND,WR,9,0,0,0,0,0,0,0,0,NA,NA,NA,NA,NA,NA,NA
2015,quincy enunwa,Quincy Enunwa,NYJ,WR,11,46,22,315,0,0,10,455,148,6.352938844107349,0.4782608695652174,6.8478260869565215,14.318181818181818,0,9.891304347826088,6.7272727272727275
2015,quinton patton,Quinton Patton,SF,WR,16,57,30,394,1,0,15,474,214,3.142653324389418,0.5263157894736842,6.912280701754386,13.133333333333333,0.017543859649122806,8.31578947368421,7.133333333333334
2015,randall cobb,Randall Cobb,GB,WR,16,129,79,829,6,0,42,974,436,25.994012578071136,0.6124031007751938,6.426356589147287,10.49367088607595,0.046511627906976744,7.550387596899225,5.518987341772152
2015,rashad greene,Rashad Greene,JAX,WR,9,35,19,93,2,0,8,219,54,-5.898536137850602,0.5428571428571428,2.657142857142857,4.894736842105263,0.05714285714285714,6.257142857142857,2.8421052631578947
2015,rashad ross,Rashad Ross,WAS,WR,13,13,8,184,1,0,5,261,64,10.433042412475722,0.6153846153846154,14.153846153846153,23,0.07692307692307693,20.076923076923077,8
2015,ricardo lockette,Ricardo Lockette,SEA,WR,6,7,4,69,1,0,2,77,13,3.305082441540435,0.5714285714285714,9.857142857142858,17.25,0.14285714285714285,11,3.25
2015,rico richardson,Rico Richardson,TEN,WR,3,5,0,0,0,0,0,106,0,-3.863680141570512,0,0,NA,0,21.2,NA
2015,rishard matthews,Rishard Matthews,MIA,WR,11,61,43,662,4,0,31,694,236,37.54779010661878,0.7049180327868853,10.852459016393443,15.395348837209303,0.06557377049180328,11.37704918032787,5.488372093023256
2015,robert woods,Robert Woods,BUF,WR,14,80,47,552,3,2,27,828,155,3.2938953575588785,0.5875,6.9,11.74468085106383,0.0375,10.35,3.297872340425532
2015,rod streater,Rod Streater,LV,WR,1,1,1,8,0,0,1,7,1,-0.17605531805008645,1,8,8,0,7,1
2015,rueben randle,Rueben Randle,NYG,WR,16,90,57,797,8,0,35,984,201,26.3799503807805,0.6333333333333333,8.855555555555556,13.982456140350877,0.08888888888888889,10.933333333333334,3.526315789473684
2015,russell shepard,Russell Shepard,TB,WR,11,9,3,28,1,0,3,135,1,-0.4864130205247975,0.3333333333333333,3.111111111111111,9.333333333333334,0.1111111111111111,15,0.3333333333333333
2015,ryan davis,Ryan Davis,JAX,DE,11,0,0,0,0,0,0,0,0,NA,NA,NA,NA,NA,NA,NA
2015,ryan grant,Ryan Grant,WAS,WR,14,42,23,268,2,0,18,389,98,-6.196108601341789,0.5476190476190477,6.380952380952381,11.652173913043478,0.047619047619047616,9.261904761904763,4.260869565217392
2015,saalim hakim,Saalim Hakim,KC,WR,1,0,0,0,0,0,0,0,0,NA,NA,NA,NA,NA,NA,NA
2015,sammie coates,Sammie Coates,PIT,WR,1,2,1,11,0,0,1,17,4,-0.5761323576168493,0.5,5.5,11,0,8.5,4
2015,sammy watkins,Sammy Watkins,BUF,WR,13,96,60,1047,9,0,41,1605,179,63.88141926633981,0.625,10.90625,17.45,0.09375,16.71875,2.9833333333333334
2015,seantavius jones,Seantavius Jones,NO,WR,1,1,0,0,0,0,0,7,0,-0.980056180851534,0,0,NA,0,7,NA
2015,seth roberts,Seth Roberts,LV,WR,16,55,32,480,5,0,21,499,134,5.534027974101528,0.5818181818181818,8.727272727272727,15,0.09090909090909091,9.072727272727272,4.1875
2015,seyi ajirotutu,Seyi Ajirotutu,PHI,WR,7,3,1,4,0,0,0,72,0,-1.3550095856189728,0.3333333333333333,1.3333333333333333,4,0,24,0
2015,stedman bailey,Stedman Bailey,LA,WR,8,25,12,182,1,0,6,262,71,-1.9169491793355935,0.48,7.28,15.166666666666666,0.04,10.48,5.916666666666667
2015,stefon diggs,Stefon Diggs,MIN,WR,13,84,52,720,4,2,31,890,292,21.836170082924017,0.6190476190476191,8.571428571428571,13.846153846153847,0.047619047619047616,10.595238095238095,5.615384615384615
2015,steve smith,Steve Smith,BAL,WR,7,73,46,670,3,0,28,719,256,22.4175988474965,0.6301369863013698,9.178082191780822,14.565217391304348,0.0410958904109589,9.849315068493151,5.565217391304348
2015,t y hilton,T.Y. Hilton,IND,WR,16,134,69,1124,5,1,49,1724,381,16.056471806234875,0.5149253731343284,8.388059701492537,16.28985507246377,0.03731343283582089,12.865671641791044,5.521739130434782
2015,tavon austin,Tavon Austin,LA,WR,16,87,52,473,5,1,21,668,348,-9.268174762805065,0.5977011494252874,5.436781609195402,9.096153846153847,0.05747126436781609,7.67816091954023,6.6923076923076925
2015,taylor gabriel,Taylor Gabriel,CLE,WR,12,48,28,241,0,1,11,360,108,-8.594862661251565,0.5833333333333334,5.020833333333333,8.607142857142858,0,7.5,3.857142857142857
2015,terrance williams,Terrance Williams,DAL,WR,16,93,52,840,3,0,36,1219,275,9.53623913761409,0.5591397849462365,9.03225806451613,16.153846153846153,0.03225806451612903,13.10752688172043,5.288461538461538
2015,terrelle pryor,Terrelle Pryor,CLE,WR,2,8,1,42,0,0,1,114,5,-2.0568026915793274,0.125,5.25,42,0,14.25,5
2015,tony washington,Tony Washington,JAX,WR,2,0,0,0,0,0,0,0,0,NA,NA,NA,NA,NA,NA,NA
2015,torrey smith,Torrey Smith,SF,WR,16,62,33,663,4,0,23,864,218,27.58774648777462,0.532258064516129,10.693548387096774,20.09090909090909,0.06451612903225806,13.935483870967742,6.606060606060606
2015,travis benjamin,Travis Benjamin,CLE,WR,16,125,68,966,5,1,39,1551,321,5.780716300262166,0.544,7.728,14.205882352941176,0.04,12.408,4.720588235294118
2015,tre mcbride,Tre McBride,TEN,WR,6,4,2,8,1,0,1,37,1,1.130203885724768,0.5,2,4,0.25,9.25,0.5
2015,ty montgomery,Ty Montgomery,GB,WR,6,19,15,136,2,0,6,125,91,9.15323498750244,0.7894736842105263,7.157894736842105,9.066666666666666,0.10526315789473684,6.578947368421052,6.066666666666666
2015,tyler lockett,Tyler Lockett,SEA,WR,16,69,51,664,6,0,31,905,255,53.301961559544246,0.7391304347826086,9.623188405797102,13.019607843137255,0.08695652173913043,13.115942028985508,5
2015,tyler murphy,Tyler Murphy,PIT,WR,1,1,1,16,0,0,1,15,1,1.3283281332696788,1,16,16,0,15,1
2015,tyrell williams,Tyrell Williams,LAC,WR,4,6,2,90,1,0,1,161,51,-0.6139512769295834,0.3333333333333333,15,45,0.16666666666666666,26.833333333333332,25.5
2015,vince mayle,Vince Mayle,DAL,TE,1,1,0,0,0,0,0,23,0,-5.210752336774021,0,0,NA,0,23,NA
2015,vincent brown,Vincent Brown,LAC,WR,1,2,1,22,0,0,1,18,2,1.3582337754196487,0.5,11,22,0,9,2
2015,vincent jackson,Vincent Jackson,TB,WR,10,62,33,543,3,0,28,831,103,23.45742598082167,0.532258064516129,8.758064516129032,16.454545454545453,0.04838709677419355,13.403225806451612,3.121212121212121
2015,wes welker,Wes Welker,LA,WR,7,22,13,102,0,0,5,119,50,-11.119287292775166,0.5909090909090909,4.636363636363637,7.846153846153846,0,5.409090909090909,3.8461538461538463
2015,willie snead,Willie Snead,NO,WR,15,101,69,984,3,2,44,1024,345,42.85102884895819,0.6831683168316832,9.742574257425742,14.26086956521739,0.0297029702970297,10.138613861386139,5
2016,a j green,A.J. Green,CIN,WR,10,100,66,964,4,0,41,1236,258,48.564233740320375,0.66,9.64,14.606060606060606,0.04,12.36,3.909090909090909
2016,aaron burbridge,Aaron Burbridge,SF,WR,15,16,7,88,0,0,5,139,43,-1.150844018335441,0.4375,5.5,12.571428571428571,0,8.6875,6.142857142857143
2016,adam humphries,Adam Humphries,TB,WR,15,83,55,622,2,0,27,461,382,15.279333283357797,0.6626506024096386,7.493975903614458,11.309090909090909,0.024096385542168676,5.554216867469879,6.945454545454545
2016,adam thielen,Adam Thielen,MIN,WR,16,92,69,967,5,1,44,989,299,50.3377507951227,0.75,10.51086956521739,14.014492753623188,0.05434782608695652,10.75,4.333333333333333
2016,albert wilson,Albert Wilson,KC,WR,14,51,31,279,2,0,11,361,168,-6.600628063254966,0.6078431372549019,5.470588235294118,9,0.0392156862745098,7.078431372549019,5.419354838709677
2016,aldrick robinson,Aldrick Robinson,ATL,WR,13,32,20,323,2,0,14,399,76,16.79936072061537,0.625,10.09375,16.15,0.0625,12.46875,3.8
2016,alex erickson,Alex Erickson,CIN,WR,16,8,6,71,0,0,3,85,31,5.102090301865246,0.75,8.875,11.833333333333334,0,10.625,5.166666666666667
2016,allen hurns,Allen Hurns,JAX,WR,11,76,35,477,3,1,23,749,211,-11.924849254552955,0.4605263157894737,6.276315789473684,13.628571428571428,0.039473684210526314,9.855263157894736,6.0285714285714285
2016,allen robinson,Allen Robinson,JAX,WR,16,151,73,883,6,1,51,1969,210,-15.183535311074468,0.48344370860927155,5.847682119205298,12.095890410958905,0.039735099337748346,13.039735099337749,2.8767123287671232
2016,alshon jeffery,Alshon Jeffery,CHI,WR,12,94,52,821,2,0,41,1270,199,-3.737622129617762,0.5531914893617021,8.73404255319149,15.788461538461538,0.02127659574468085,13.51063829787234,3.826923076923077
2016,amari cooper,Amari Cooper,LV,WR,16,132,83,1153,5,2,48,1287,436,33.48025299079852,0.6287878787878788,8.734848484848484,13.891566265060241,0.03787878787878788,9.75,5.253012048192771
2016,andre holmes,Andre Holmes,LV,WR,16,25,14,126,3,0,9,212,26,2.2180292589778565,0.56,5.04,9,0.12,8.48,1.8571428571428572
2016,andre johnson,Andre Johnson,TEN,WR,6,23,9,85,2,0,4,268,15,-2.164626367666127,0.391304347826087,3.6956521739130435,9.444444444444445,0.08695652173913043,11.652173913043478,1.6666666666666667
2016,andre roberts,Andre Roberts,DET,WR,16,25,14,188,1,0,9,359,63,6.5368645972131105,0.56,7.52,13.428571428571429,0.04,14.36,4.5
2016,andrew hawkins,Andrew Hawkins,CLE,WR,16,54,33,324,3,0,20,430,128,11.746849869294135,0.6111111111111112,6,9.818181818181818,0.05555555555555555,7.962962962962963,3.878787878787879
2016,anquan boldin,Anquan Boldin,DET,WR,16,95,67,584,8,0,41,546,231,28.075428572933383,0.7052631578947368,6.147368421052631,8.716417910447761,0.08421052631578947,5.747368421052632,3.4477611940298507
2016,anthony johnson,Anthony Johnson,NYJ,DE,6,0,0,0,0,0,0,0,0,NA,NA,NA,NA,NA,NA,NA
2016,antonio brown,Antonio Brown,PIT,WR,15,154,106,1284,12,0,64,1584,434,48.737866171706045,0.6883116883116883,8.337662337662337,12.11320754716981,0.07792207792207792,10.285714285714286,4.09433962264151
2016,arrelious benn,Arrelious Benn,JAX,WR,12,10,5,116,1,0,3,113,53,7.623646340507548,0.5,11.6,23.2,0.1,11.3,10.6
2016,bennie fowler,Bennie Fowler,DEN,WR,12,24,11,145,2,0,5,286,64,1.7975934862896992,0.4583333333333333,6.041666666666667,13.181818181818182,0.08333333333333333,11.916666666666666,5.818181818181818
2016,bradley marquez,Bradley Marquez,LA,WR,9,7,3,37,0,0,3,49,22,-0.49589915002003115,0.42857142857142855,5.285714285714286,12.333333333333334,0,7,7.333333333333333
2016,bralon addison,Bralon Addison,CHI,WR,2,1,1,11,0,0,1,3,8,0.8819087985903025,1,11,11,0,3,8
2016,brandin cooks,Brandin Cooks,NO,WR,15,117,78,1173,8,1,45,1522,384,55.069992097686665,0.6666666666666666,10.025641025641026,15.038461538461538,0.06837606837606838,13.008547008547009,4.923076923076923
2016,brandon coleman,Brandon Coleman,NO,WR,14,38,26,281,3,0,16,425,74,9.561085735292275,0.6842105263157895,7.394736842105263,10.807692307692308,0.07894736842105263,11.18421052631579,2.8461538461538463
2016,brandon lafell,Brandon LaFell,CIN,WR,16,107,64,862,6,0,42,1071,344,30.63561689877698,0.5981308411214953,8.05607476635514,13.46875,0.056074766355140186,10.009345794392523,5.375
2016,brandon marshall,Brandon Marshall,NYJ/DEN,WR,26,128,59,788,3,0,44,1602,176,-0.4043019765950251,0.4609375,6.15625,13.35593220338983,0.0234375,12.515625,2.983050847457627
2016,brandon tate,Brandon Tate,BUF,WR,15,11,8,117,0,0,6,85,52,8.454724602896022,0.7272727272727273,10.636363636363637,14.625,0,7.7272727272727275,6.5
2016,braxton miller,Braxton Miller,HOU,WR,10,28,15,99,1,0,6,202,52,-11.04939269937621,0.5357142857142857,3.5357142857142856,6.6,0.03571428571428571,7.214285714285714,3.466666666666667
2016,brenton bersin,Brenton Bersin,CAR,WR,2,6,2,17,0,0,2,71,2,-0.40018573234556243,0.3333333333333333,2.8333333333333335,8.5,0,11.833333333333334,1
2016,breshad perriman,Breshad Perriman,BAL,WR,15,66,33,499,3,0,19,944,166,-4.119788963836026,0.5,7.5606060606060606,15.121212121212121,0.045454545454545456,14.303030303030303,5.03030303030303
2016,brian quick,Brian Quick,LA,WR,16,77,41,564,3,0,22,895,177,6.424875993701537,0.5324675324675324,7.324675324675325,13.75609756097561,0.03896103896103896,11.623376623376624,4.317073170731708
2016,brice butler,Brice Butler,DAL,WR,14,32,16,219,3,0,11,454,19,2.3221394120010883,0.5,6.84375,13.6875,0.09375,14.1875,1.1875
2016,brittan golden,Brittan Golden,ARI,WR,12,14,8,82,1,1,4,180,12,-1.3256471313431768,0.5714285714285714,5.857142857142857,10.25,0.07142857142857142,12.857142857142858,1.5
2016,bryan walters,Bryan Walters,JAX,WR,10,34,24,231,2,0,15,212,98,10.313537450881794,0.7058823529411765,6.794117647058823,9.625,0.058823529411764705,6.235294117647059,4.083333333333333
2016,bryce treggs,Bryce Treggs,PHI,WR,6,12,3,80,0,0,3,339,16,-3.4984175287536345,0.25,6.666666666666667,26.666666666666668,0,28.25,5.333333333333333
2016,cam johnson,Cam Johnson,CLE,OLB,10,0,0,0,0,0,0,0,0,NA,NA,NA,NA,NA,NA,NA
2016,cameron meredith,Cameron Meredith,CHI,WR,14,97,66,888,4,3,44,960,309,24.938968116787862,0.6804123711340206,9.154639175257731,13.454545454545455,0.041237113402061855,9.896907216494846,4.681818181818182
2016,cecil shorts,Cecil Shorts,TB,WR,7,27,11,152,0,0,8,393,45,-0.3564607118163492,0.4074074074074074,5.62962962962963,13.818181818181818,0,14.555555555555555,4.090909090909091
2016,chandler jones,Chandler Jones,ARI,DE,16,0,0,0,0,0,0,0,0,NA,NA,NA,NA,NA,NA,NA
2016,charles johnson,Charles Johnson,CAR,DE,13,0,0,0,0,0,0,0,0,NA,NA,NA,NA,NA,NA,NA
2016,charone peake,Charone Peake,NYJ,WR,12,35,19,186,0,0,7,317,71,-1.0142151706972733,0.5428571428571428,5.314285714285714,9.789473684210526,0,9.057142857142857,3.736842105263158
2016,chester rogers,Chester Rogers,IND,WR,14,34,19,273,0,0,13,397,51,0.912622927294537,0.5588235294117647,8.029411764705882,14.368421052631579,0,11.676470588235293,2.6842105263157894
2016,chris conley,Chris Conley,KC,WR,16,69,44,530,0,1,30,657,167,15.645253049692254,0.6376811594202898,7.681159420289855,12.045454545454545,0,9.521739130434783,3.7954545454545454
2016,chris harper,Chris Harper,SF,WR,8,21,13,133,0,0,6,141,64,8.174246466660406,0.6190476190476191,6.333333333333333,10.23076923076923,0,6.714285714285714,4.923076923076923
2016,chris hogan,Chris Hogan,NE,WR,15,58,38,680,4,1,23,800,241,27.868162704158717,0.6551724137931034,11.724137931034482,17.894736842105264,0.06896551724137931,13.793103448275861,6.342105263157895
2016,chris moore,Chris Moore,BAL,WR,14,16,7,46,0,0,2,143,14,-6.278016573749483,0.4375,2.875,6.571428571428571,0,8.9375,2
2016,chris thompson,Chris Thompson,WAS,RB,16,62,49,349,2,1,18,103,252,5.648431458406753,0.7903225806451613,5.629032258064516,7.122448979591836,0.03225806451612903,1.6612903225806452,5.142857142857143
2016,cobi hamilton,Cobi Hamilton,PIT,WR,11,28,17,234,2,0,13,365,22,15.36451786931535,0.6071428571428571,8.357142857142858,13.764705882352942,0.07142857142857142,13.035714285714286,1.2941176470588236
2016,cody core,Cody Core,CIN,WR,7,27,17,200,0,0,7,195,118,1.1940294883970637,0.6296296296296297,7.407407407407407,11.764705882352942,0,7.222222222222222,6.9411764705882355
2016,cody latimer,Cody Latimer,DEN,WR,11,15,8,76,0,0,6,190,24,1.813044957916789,0.5333333333333333,5.066666666666666,9.5,0,12.666666666666666,3
2016,cole beasley,Cole Beasley,DAL,WR,16,98,75,833,5,0,51,596,427,61.7445283282865,0.7653061224489796,8.5,11.106666666666667,0.05102040816326531,6.081632653061225,5.693333333333333
2016,corey brown,Corey Brown,CAR,WR,16,53,27,276,1,0,16,535,112,-4.120156803974174,0.5094339622641509,5.2075471698113205,10.222222222222221,0.018867924528301886,10.09433962264151,4.148148148148148
2016,corey coleman,Corey Coleman,CLE,WR,10,73,33,413,3,0,17,1014,97,2.7048328515375033,0.4520547945205479,5.657534246575342,12.515151515151516,0.0410958904109589,13.89041095890411,2.9393939393939394
2016,damiere byrd,Damiere Byrd,CAR,WR,1,1,1,16,0,0,1,13,3,1.0952531285583973,1,16,16,0,13,3
2016,daniel braverman,Daniel Braverman,CHI,WR,2,2,0,0,0,0,0,22,0,-5.79052251833491,0,0,NA,0,11,NA
2016,danny amendola,Danny Amendola,NE,WR,12,29,23,243,4,1,14,255,73,17.840086875880424,0.7931034482758621,8.379310344827585,10.565217391304348,0.13793103448275862,8.793103448275861,3.1739130434782608
2016,darrius heyward bey,Darrius Heyward-Bey,PIT,WR,7,19,6,114,2,0,4,388,18,-2.9257306122913533,0.3157894736842105,6,19,0.10526315789473684,20.42105263157895,3
2016,davante adams,Davante Adams,GB,WR,16,121,75,997,12,2,46,1438,386,43.66298768045017,0.6198347107438017,8.239669421487603,13.293333333333333,0.09917355371900827,11.884297520661157,5.1466666666666665
2016,de anthony thomas,De'Anthony Thomas,KC,WR,10,9,7,35,0,0,2,32,24,-2.1976047871867195,0.7777777777777778,3.888888888888889,5,0,3.5555555555555554,3.4285714285714284
2016,deandre hopkins,DeAndre Hopkins,HOU,WR,16,151,78,954,4,0,56,1752,279,-2.149458001503671,0.5165562913907285,6.317880794701987,12.23076923076923,0.026490066225165563,11.602649006622517,3.576923076923077
2016,deandre smelter,DeAndre Smelter,SF,WR,1,1,1,23,0,0,1,13,10,1.409256712300703,1,23,23,0,13,10
2016,demarcus ayers,DeMarcus Ayers,PIT,WR,2,13,6,53,1,0,3,132,28,3.8232747125439346,0.46153846153846156,4.076923076923077,8.833333333333334,0.07692307692307693,10.153846153846153,4.666666666666667
2016,demarcus robinson,Demarcus Robinson,KC,WR,7,0,0,0,0,0,0,0,0,NA,NA,NA,NA,NA,NA,NA
2016,demaryius thomas,Demaryius Thomas,DEN,WR,16,144,90,1083,5,2,50,1481,322,25.78164704250673,0.625,7.520833333333333,12.033333333333333,0.034722222222222224,10.284722222222221,3.577777777777778
2016,deonte thompson,Deonte Thompson,CHI,WR,15,36,22,249,2,0,18,469,43,11.142349483154248,0.6111111111111112,6.916666666666667,11.318181818181818,0.05555555555555555,13.027777777777779,1.9545454545454546
2016,derrick johnson,Derrick Johnson,KC,LB,13,0,0,0,0,0,0,0,0,NA,NA,NA,NA,NA,NA,NA
2016,desean jackson,DeSean Jackson,WAS,WR,15,100,56,1005,4,0,35,1489,281,33.12515014055051,0.56,10.05,17.946428571428573,0.04,14.89,5.017857142857143
2016,devante parker,DeVante Parker,MIA,WR,15,87,56,744,4,0,34,1043,236,19.47090054746308,0.6436781609195402,8.551724137931034,13.285714285714286,0.04597701149425287,11.988505747126437,4.214285714285714
2016,devin funchess,Devin Funchess,CAR,WR,14,58,23,371,4,0,20,770,103,8.29144857490138,0.39655172413793105,6.396551724137931,16.130434782608695,0.06896551724137931,13.275862068965518,4.478260869565218
2016,devin hester,Devin Hester,BAL,WR,12,0,0,0,0,0,0,0,0,NA,NA,NA,NA,NA,NA,NA
2016,devin smith,Devin Smith,NYJ,WR,2,3,1,20,0,0,1,49,6,-0.9648651159036183,0.3333333333333333,6.666666666666667,20,0,16.333333333333332,6
2016,devin street,Devin Street,IND,WR,2,6,1,20,0,0,1,67,2,-1.1056539111887105,0.16666666666666666,3.3333333333333335,20,0,11.166666666666666,2
2016,dez bryant,Dez Bryant,DAL,WR,13,96,50,796,8,1,38,1386,140,27.27241085151642,0.5208333333333334,8.291666666666666,15.92,0.08333333333333333,14.4375,2.8
2016,dezmin lewis,Dezmin Lewis,BUF,WR,1,1,0,0,0,0,0,11,0,-0.06391341297421604,0,0,NA,0,11,NA
2016,donte moncrief,Donte Moncrief,IND,WR,9,56,30,307,7,0,22,576,78,10.318131066398898,0.5357142857142857,5.482142857142857,10.233333333333333,0.125,10.285714285714286,2.6
2016,dontrelle inman,Dontrelle Inman,LAC,WR,16,97,58,810,4,0,37,1062,214,26.094189591016494,0.5979381443298969,8.350515463917526,13.96551724137931,0.041237113402061855,10.948453608247423,3.689655172413793
2016,dorial green beckham,Dorial Green-Beckham,PHI,WR,14,74,36,392,2,0,25,735,145,11.752593362846094,0.4864864864864865,5.297297297297297,10.88888888888889,0.02702702702702703,9.932432432432432,4.027777777777778
2016,doug baldwin,Doug Baldwin,SEA,WR,16,125,94,1128,7,1,53,1110,472,58.60242049159021,0.752,9.024,12,0.056,8.88,5.0212765957446805
2016,duke williams,Duke Williams,BUF,S,4,0,0,0,0,0,0,0,0,NA,NA,NA,NA,NA,NA,NA
2016,dwayne harris,Dwayne Harris,NYG,WR,16,1,1,13,1,0,1,13,0,2.0587962546851486,1,13,13,1,13,0
2016,eddie royal,Eddie Royal,CHI,WR,9,43,33,369,2,1,16,258,187,14.686073957722522,0.7674418604651163,8.581395348837209,11.181818181818182,0.046511627906976744,6,5.666666666666667
2016,eli rogers,Eli Rogers,PIT,WR,13,66,48,594,3,0,24,623,204,25.521024208209408,0.7272727272727273,9,12.375,0.045454545454545456,9.43939393939394,4.25
2016,emmanuel sanders,Emmanuel Sanders,DEN,WR,15,137,79,1032,5,1,50,1683,252,20.22496931140637,0.5766423357664233,7.532846715328467,13.063291139240507,0.0364963503649635,12.284671532846716,3.189873417721519
2016,eric decker,Eric Decker,NYJ,WR,3,21,9,194,2,0,9,333,30,7.625696061958676,0.42857142857142855,9.238095238095237,21.555555555555557,0.09523809523809523,15.857142857142858,3.3333333333333335
2016,eric weems,Eric Weems,ATL,WR,16,0,0,0,0,0,0,0,0,NA,NA,NA,NA,NA,NA,NA
2016,freddie martino,Freddie Martino,TB,WR,7,11,8,142,1,0,5,131,30,8.337278046121355,0.7272727272727273,12.909090909090908,17.75,0.09090909090909091,11.909090909090908,3.75
2016,george farmer,George Farmer,SEA,RB,2,3,1,4,0,0,0,-2,4,-1.3645591127879184,0.3333333333333333,1.3333333333333333,4,0,-0.6666666666666666,4
2016,geremy davis,Geremy Davis,LAC,WR,3,2,0,0,0,0,0,4,0,-1.2750144591555,0,0,NA,0,2,NA
2016,geronimo allison,Geronimo Allison,GB,WR,7,22,12,202,2,0,11,294,50,14.123902697282867,0.5454545454545454,9.181818181818182,16.833333333333332,0.09090909090909091,13.363636363636363,4.166666666666667
2016,golden tate,Golden Tate,DET,WR,16,135,91,1077,4,1,46,1087,619,25.043181475901896,0.674074074074074,7.977777777777778,11.835164835164836,0.02962962962962963,8.051851851851852,6.802197802197802
2016,greg salas,Greg Salas,BUF,WR,2,6,4,89,1,0,3,93,33,6.676482838112861,0.6666666666666666,14.833333333333334,22.25,0.16666666666666666,15.5,8.25
2016,griff whalen,Griff Whalen,LAC,WR,4,4,2,22,0,0,1,9,19,-6.945503021095229,0.5,5.5,11,0,2.25,9.5
2016,harry douglas,Harry Douglas,TEN,WR,8,22,15,210,0,0,9,229,50,-2.116885844647186,0.6818181818181818,9.545454545454545,14,0,10.409090909090908,3.3333333333333335
2016,isaac fruechte,Isaac Fruechte,MIN,WR,1,1,0,0,0,0,0,35,0,-0.4229864338412881,0,0,NA,0,35,NA
2016,isaiah burse,Isaiah Burse,LAC,WR,8,4,0,0,0,0,0,64,0,-7.373336216784082,0,0,NA,0,16,NA
2016,j j nelson,J.J. Nelson,ARI,WR,14,74,34,568,6,1,26,1249,174,18.00205775609689,0.4594594594594595,7.675675675675675,16.705882352941178,0.08108108108108109,16.87837837837838,5.117647058823529
2016,jaelen strong,Jaelen Strong,HOU,WR,6,24,14,131,0,0,4,178,32,-6.758421195772883,0.5833333333333334,5.458333333333333,9.357142857142858,0,7.416666666666667,2.2857142857142856
2016,jake lampman,Jake Lampman,NO,WR,4,0,0,0,0,0,0,0,0,NA,NA,NA,NA,NA,NA,NA
2016,jakeem grant,Jakeem Grant,MIA,WR,14,1,0,0,0,0,0,-3,0,-0.6651508007198572,0,0,NA,0,-3,NA
2016,jalin marshall,Jalin Marshall,NYJ,WR,10,23,14,162,2,1,9,193,46,-5.506821934048386,0.6086956521739131,7.043478260869565,11.571428571428571,0.08695652173913043,8.391304347826088,3.2857142857142856
2016,james wright,James Wright,CIN,WR,12,19,13,106,0,0,7,202,35,0.3448295278358273,0.6842105263157895,5.578947368421052,8.153846153846153,0,10.631578947368421,2.6923076923076925
2016,jamison crowder,Jamison Crowder,WAS,WR,16,99,67,847,7,2,34,802,377,29.326146315803094,0.6767676767676768,8.555555555555555,12.64179104477612,0.0707070707070707,8.1010101010101,5.626865671641791
2016,jared abbrederis,Jared Abbrederis,GB,WR,2,2,1,8,0,0,0,9,2,-0.1250468879006803,0.5,4,8,0,4.5,2
2016,jarius wright,Jarius Wright,MIN,WR,4,14,11,67,1,0,5,56,42,5.345014750899281,0.7857142857142857,4.785714285714286,6.090909090909091,0.07142857142857142,4,3.8181818181818183
2016,jaron brown,Jaron Brown,ARI,WR,6,22,11,187,1,0,6,280,58,1.3380425092685684,0.5,8.5,17,0.045454545454545456,12.727272727272727,5.2727272727272725
2016,jarvis landry,Jarvis Landry,MIA,WR,16,131,94,1136,4,1,52,833,616,37.64140538992852,0.7175572519083969,8.67175572519084,12.085106382978724,0.030534351145038167,6.358778625954199,6.553191489361702
2016,jeff janis,Jeff Janis,GB,WR,14,19,11,93,1,0,4,198,30,0.8605397474602796,0.5789473684210527,4.894736842105263,8.454545454545455,0.05263157894736842,10.421052631578947,2.727272727272727
2016,jeremy butler,Jeremy Butler,LAC,WR,2,2,2,11,0,0,0,10,1,-0.6436242618365213,1,5.5,5.5,0,5,0.5
2016,jeremy kerley,Jeremy Kerley,SF,WR,16,115,64,667,3,1,33,988,207,-23.513111413726126,0.5565217391304348,5.8,10.421875,0.02608695652173913,8.591304347826087,3.234375
2016,jeremy maclin,Jeremy Maclin,KC,WR,12,76,44,536,2,0,29,817,141,4.165815355480065,0.5789473684210527,7.052631578947368,12.181818181818182,0.02631578947368421,10.75,3.2045454545454546
2016,jeremy ross,Jeremy Ross,ARI,WR,5,4,4,37,1,0,4,30,7,4.256614519341383,1,9.25,9.25,0.25,7.5,1.75
2016,jermaine kearse,Jermaine Kearse,SEA,WR,16,89,41,510,1,0,24,1041,138,-19.433143779207846,0.4606741573033708,5.730337078651686,12.439024390243903,0.011235955056179775,11.696629213483146,3.3658536585365852
2016,john brown,John Brown,ARI,WR,15,73,39,517,2,0,28,1012,99,-2.0084012340814574,0.5342465753424658,7.082191780821918,13.256410256410257,0.0273972602739726,13.863013698630137,2.5384615384615383
2016,johnny holton,Johnny Holton,LV,WR,12,3,2,34,0,0,2,35,14,2.665521098766476,0.6666666666666666,11.333333333333334,17,0,11.666666666666666,7
2016,jordan matthews,Jordan Matthews,PHI,TE,14,117,73,804,3,1,38,1133,243,28.018986603802663,0.6239316239316239,6.871794871794871,11.013698630136986,0.02564102564102564,9.683760683760683,3.328767123287671
2016,jordan norwood,Jordan Norwood,DEN,WR,14,35,21,232,1,1,9,284,69,-7.331804372543564,0.6,6.628571428571429,11.047619047619047,0.02857142857142857,8.114285714285714,3.2857142857142856
2016,jordan payton,Jordan Payton,CLE,WR,2,3,1,3,0,0,0,37,0,-0.8494233416276984,0.3333333333333333,1,3,0,12.333333333333334,0
2016,jordan taylor,Jordan Taylor,DEN,WR,11,25,16,209,2,1,10,260,82,6.936776317921492,0.64,8.36,13.0625,0.08,10.4,5.125
2016,jordy nelson,Jordy Nelson,GB,WR,16,152,97,1257,14,1,62,1862,361,72.27184235638282,0.6381578947368421,8.269736842105264,12.958762886597938,0.09210526315789473,12.25,3.7216494845360826
2016,josh bellamy,Josh Bellamy,CHI,WR,13,38,19,282,1,0,13,614,49,6.328701382655318,0.5,7.421052631578948,14.842105263157896,0.02631578947368421,16.157894736842106,2.5789473684210527
2016,josh doctson,Josh Doctson,WAS,WR,2,6,2,66,0,0,1,113,15,1.211374117876403,0.3333333333333333,11,33,0,18.833333333333332,7.5
2016,josh huff,Josh Huff,TB,WR,10,23,16,113,1,0,6,69,114,-0.5692117999030462,0.6956521739130435,4.913043478260869,7.0625,0.043478260869565216,3,7.125
2016,josh johnson,Josh Johnson,JAX,CB,4,0,0,0,0,0,0,0,0,NA,NA,NA,NA,NA,NA,NA
2016,julian edelman,Julian Edelman,NE,WR,16,159,98,1106,3,1,55,1421,494,40.31791160889003,0.6163522012578616,6.955974842767295,11.285714285714286,0.018867924528301886,8.937106918238994,5.040816326530612
2016,julio jones,Julio Jones,ATL,WR,14,129,83,1409,6,0,64,1821,396,61.018084480064545,0.6434108527131783,10.922480620155039,16.97590361445783,0.046511627906976744,14.116279069767442,4.771084337349397
2016,justin hardy,Justin Hardy,ATL,WR,13,31,21,203,4,0,17,267,48,14.634446776101356,0.6774193548387096,6.548387096774194,9.666666666666666,0.12903225806451613,8.612903225806452,2.2857142857142856
2016,justin hunter,Justin Hunter,BUF,WR,10,24,10,189,4,0,10,341,30,4.340934567432008,0.4166666666666667,7.875,18.9,0.16666666666666666,14.208333333333334,3
2016,kalif raymond,Kalif Raymond,DEN,WR,4,2,0,0,0,0,0,66,0,-1.4214068727451377,0,0,NA,0,33,NA
2016,kamar aiken,Kamar Aiken,BAL,WR,16,50,29,328,1,0,18,566,106,9.204020062810704,0.58,6.56,11.310344827586206,0.02,11.32,3.6551724137931036
2016,kasen williams,Kasen Williams,SEA,WR,1,1,0,0,0,0,0,10,0,-0.44170882157050073,0,0,NA,0,10,NA
2016,keenan allen,Keenan Allen,LAC,WR,1,7,6,63,0,0,5,50,18,5.888683334109373,0.8571428571428571,9,10.5,0,7.142857142857143,3
2016,keith mumphery,Keith Mumphery,HOU,WR,8,12,10,69,0,0,2,57,20,-0.26064125990805653,0.8333333333333334,5.75,6.9,0,4.75,2
2016,kendall wright,Kendall Wright,TEN,WR,11,43,29,416,3,0,18,435,124,9.355829584082711,0.6744186046511628,9.674418604651162,14.344827586206897,0.06976744186046512,10.116279069767442,4.275862068965517
2016,kenny britt,Kenny Britt,LA,WR,15,111,68,1002,5,2,47,1265,295,34.60714705582845,0.6126126126126126,9.027027027027026,14.735294117647058,0.04504504504504504,11.396396396396396,4.338235294117647
2016,kenny stills,Kenny Stills,MIA,WR,16,81,42,726,9,0,30,1159,193,13.204666486938605,0.5185185185185185,8.962962962962964,17.285714285714285,0.1111111111111111,14.308641975308642,4.595238095238095
2016,keshawn martin,Keshawn Martin,SF,WR,1,0,0,0,0,0,0,0,0,NA,NA,NA,NA,NA,NA,NA
2016,kevin white,Kevin White,CHI,WR,4,36,19,187,0,0,8,434,54,-10.022142385161715,0.5277777777777778,5.194444444444445,9.842105263157896,0,12.055555555555555,2.8421052631578947
2016,kyle williams,Kyle Williams,BUF,DT,15,0,0,0,0,0,0,0,0,NA,NA,NA,NA,NA,NA,NA
2016,laquon treadwell,Laquon Treadwell,MIN,WR,4,3,1,15,0,0,1,59,0,-0.4724558989054417,0.3333333333333333,5,15,0,19.666666666666668,0
2016,larry fitzgerald,Larry Fitzgerald,ARI,WR,16,150,107,1023,6,2,60,1150,358,30.592933922224805,0.7133333333333334,6.82,9.560747663551401,0.04,7.666666666666667,3.3457943925233646
2016,leonte carroo,Leonte Carroo,MIA,WR,5,6,3,29,1,0,2,101,13,-3.518894066219218,0.5,4.833333333333333,9.666666666666666,0.16666666666666666,16.833333333333332,4.333333333333333
2016,lucky whitehead,Lucky Whitehead,DAL,WR,15,3,3,48,0,0,1,14,34,4.421731213864405,1,16,16,0,4.666666666666667,11.333333333333334
2016,malcolm mitchell,Malcolm Mitchell,NE,WR,12,48,32,401,4,0,23,498,167,23.967641862621015,0.6666666666666666,8.354166666666666,12.53125,0.08333333333333333,10.375,5.21875
2016,marc mariani,Marc Mariani,TEN,WR,16,0,0,0,0,0,0,0,0,NA,NA,NA,NA,NA,NA,NA
2016,marcus smith,Marcus Smith,PHI,LB,12,0,0,0,0,0,0,0,0,NA,NA,NA,NA,NA,NA,NA
2016,mario alford,Mario Alford,CLE,WR,3,0,0,0,0,0,0,0,0,NA,NA,NA,NA,NA,NA,NA
2016,mario williams,Mario Williams,MIA,DE,8,0,0,0,0,0,0,0,0,NA,NA,NA,NA,NA,NA,NA
2016,markus wheaton,Markus Wheaton,PIT,WR,3,9,4,51,1,0,2,114,8,2.9341993307243714,0.4444444444444444,5.666666666666667,12.75,0.1111111111111111,12.666666666666666,2
2016,marqise lee,Marqise Lee,JAX,WR,16,105,63,851,3,0,44,1210,338,15.653464581617374,0.6,8.104761904761904,13.507936507936508,0.02857142857142857,11.523809523809524,5.365079365079365
2016,marquess wilson,Marquess Wilson,CHI,WR,3,16,9,160,1,0,8,272,50,7.321385859104339,0.5625,10,17.77777777777778,0.0625,17,5.555555555555555
2016,marquise goodwin,Marquise Goodwin,BUF,WR,14,68,29,431,3,0,20,1013,98,1.7478784634269626,0.4264705882352941,6.338235294117647,14.862068965517242,0.04411764705882353,14.897058823529411,3.3793103448275863
2016,marvin jones,Marvin Jones,DET,WR,15,103,55,930,4,0,41,1432,237,43.027203578496184,0.5339805825242718,9.029126213592233,16.90909090909091,0.038834951456310676,13.902912621359222,4.3090909090909095
2016,matthew slater,Matthew Slater,NE,WR,7,1,0,0,0,0,0,49,0,-0.4714699103496969,0,0,NA,0,49,NA
2016,maurice alexander,Maurice Alexander,LA,LB,14,0,0,0,0,0,0,0,0,NA,NA,NA,NA,NA,NA,NA
2016,maurice harris,Maurice Harris,WAS,WR,7,12,8,66,0,0,4,105,10,-1.0112981726997532,0.6666666666666666,5.5,8.25,0,8.75,1.25
2016,michael bennett,Michael Bennett,SEA,DE,11,0,0,0,0,0,0,0,0,NA,NA,NA,NA,NA,NA,NA
2016,michael campanaro,Michael Campanaro,BAL,WR,3,1,0,0,0,0,0,-2,0,-0.47421195544302464,0,0,NA,0,-2,NA
2016,michael crabtree,Michael Crabtree,LV,WR,16,145,89,1003,8,2,56,1514,252,38.53876783925308,0.6137931034482759,6.917241379310345,11.269662921348315,0.05517241379310345,10.441379310344828,2.831460674157303
2016,michael floyd,Michael Floyd,NE,WR,14,76,37,488,5,0,31,1110,69,7.092615031247172,0.4868421052631579,6.421052631578948,13.18918918918919,0.06578947368421052,14.605263157894736,1.864864864864865
2016,michael johnson,Michael Johnson,CIN,DE,16,0,0,0,0,0,0,0,0,NA,NA,NA,NA,NA,NA,NA
2016,michael thomas,Michael Thomas,MIA/NO,DB,31,121,92,1137,9,2,62,961,483,27.31972916859404,0.7603305785123967,9.396694214876034,12.358695652173912,0.0743801652892562,7.9421487603305785,5.25
2016,mike evans,Mike Evans,TB,WR,16,173,96,1321,12,0,81,2563,179,64.29338628899595,0.5549132947976878,7.635838150289017,13.760416666666666,0.06936416184971098,14.815028901734104,1.8645833333333333
2016,mike thomas,Mike Thomas,LA,WR,8,9,3,37,0,0,2,113,13,-3.4781622838927433,0.3333333333333333,4.111111111111111,12.333333333333334,0,12.555555555555555,4.333333333333333
2016,mike wallace,Mike Wallace,BAL,WR,16,116,72,1017,4,1,43,1414,427,34.285963687981095,0.6206896551724138,8.767241379310345,14.125,0.034482758620689655,12.189655172413794,5.930555555555555
2016,mohamed sanu,Mohamed Sanu,ATL,WR,15,81,59,653,4,1,33,642,287,36.148604096487304,0.7283950617283951,8.061728395061728,11.067796610169491,0.04938271604938271,7.925925925925926,4.864406779661017
2016,nelson agholor,Nelson Agholor,PHI,WR,15,69,36,365,2,1,15,736,98,-4.265174593178568,0.5217391304347826,5.2898550724637685,10.13888888888889,0.028985507246376812,10.666666666666666,2.7222222222222223
2016,nick williams,Nick Williams,ATL/MIA,WR,7,7,5,59,0,0,5,37,41,5.857450119627174,0.7142857142857143,8.428571428571429,11.8,0,5.285714285714286,8.2
2016,odell beckham jr,Odell Beckham Jr.,NYG,WR,16,169,101,1367,10,2,66,1799,534,38.2145366230116,0.5976331360946746,8.088757396449704,13.534653465346535,0.05917159763313609,10.644970414201184,5.287128712871287
2016,paul mcroberts,Paul McRoberts,LA,WR,1,1,1,6,0,0,0,6,0,-0.33305178489536047,1,6,6,0,6,0
2016,paul richardson,Paul Richardson,SEA,WR,13,36,21,288,1,0,17,453,95,12.114731710227481,0.5833333333333334,8,13.714285714285714,0.027777777777777776,12.583333333333334,4.523809523809524
2016,paul turner,Paul Turner,PHI,WR,3,14,9,126,0,0,6,140,52,4.717052493127994,0.6428571428571429,9,14,0,10,5.777777777777778
2016,percy harvin,Percy Harvin,BUF,WR,1,4,2,6,0,0,0,8,3,-2.5309912709053606,0.5,1.5,3,0,2,1.5
2016,pharoh cooper,Pharoh Cooper,LA,WR,9,20,14,106,0,0,4,70,72,-19.673912183164163,0.7,5.3,7.571428571428571,0,3.5,5.142857142857143
2016,phillip dorsett,Phillip Dorsett,IND,WR,15,59,33,528,2,1,20,762,150,5.396969089587013,0.559322033898305,8.94915254237288,16,0.03389830508474576,12.915254237288135,4.545454545454546
2016,pierre garcon,Pierre Garcon,WAS,WR,16,114,79,1041,3,0,52,1177,342,53.28865926061508,0.6929824561403509,9.131578947368421,13.177215189873417,0.02631578947368421,10.324561403508772,4.329113924050633
2016,quan bray,Quan Bray,IND,WR,6,4,3,36,0,0,1,26,13,2.1754744136705995,0.75,9,12,0,6.5,4.333333333333333
2016,quincy enunwa,Quincy Enunwa,NYJ,WR,16,105,58,857,4,0,37,938,352,5.316869214652215,0.5523809523809524,8.161904761904761,14.775862068965518,0.0380952380952381,8.933333333333334,6.068965517241379
2016,quinton patton,Quinton Patton,SF,WR,13,63,37,408,0,1,22,558,200,2.4687927012014006,0.5873015873015873,6.476190476190476,11.027027027027026,0,8.857142857142858,5.405405405405405
2016,randall cobb,Randall Cobb,GB,WR,13,84,60,610,4,0,36,531,364,27.2744475349977,0.7142857142857143,7.261904761904762,10.166666666666666,0.047619047619047616,6.321428571428571,6.066666666666666
2016,rashad greene,Rashad Greene,JAX,WR,8,8,5,32,0,0,1,59,17,-6.507435476640239,0.625,4,6.4,0,7.375,3.4
2016,rashad ross,Rashad Ross,WAS,WR,2,1,1,8,0,0,0,7,1,0.5034833343233913,1,8,8,0,7,1
2016,rashard higgins,Rashard Higgins,CLE,WR,10,12,6,77,0,0,5,138,31,-2.8509264990570955,0.5,6.416666666666667,12.833333333333334,0,11.5,5.166666666666667
2016,ricardo louis,Ricardo Louis,CLE,WR,14,35,18,205,0,1,7,373,82,1.7492866196408867,0.5142857142857142,5.857142857142857,11.38888888888889,0,10.657142857142857,4.555555555555555
2016,rishard matthews,Rishard Matthews,TEN,WR,16,108,65,945,9,1,43,1427,203,31.29905469387272,0.6018518518518519,8.75,14.538461538461538,0.08333333333333333,13.212962962962964,3.123076923076923
2016,robbie chosen,Robbie Chosen,NYJ,WR,14,78,42,587,2,1,18,1303,131,-8.892556305032755,0.5384615384615384,7.5256410256410255,13.976190476190476,0.02564102564102564,16.705128205128204,3.119047619047619
2016,robert woods,Robert Woods,BUF,WR,13,76,51,613,1,0,33,837,124,20.934242237629444,0.6710526315789473,8.06578947368421,12.019607843137255,0.013157894736842105,11.013157894736842,2.4313725490196076
2016,rod streater,Rod Streater,SF,WR,14,27,18,191,2,0,13,233,67,13.015134695044253,0.6666666666666666,7.074074074074074,10.61111111111111,0.07407407407407407,8.62962962962963,3.7222222222222223
2016,roger lewis,Roger Lewis,NYG,WR,10,19,7,97,2,0,4,333,4,-7.365462657522402,0.3684210526315789,5.105263157894737,13.857142857142858,0.10526315789473684,17.526315789473685,0.5714285714285714
2016,russell shepard,Russell Shepard,TB,WR,13,40,23,341,2,0,19,548,76,15.061176668947196,0.575,8.525,14.826086956521738,0.05,13.7,3.3043478260869565
2016,ryan davis,Ryan Davis,DAL,DE,7,0,0,0,0,0,0,0,0,NA,NA,NA,NA,NA,NA,NA
2016,ryan grant,Ryan Grant,WAS,WR,12,19,9,76,0,0,6,167,25,-1.7676905614201877,0.47368421052631576,4,8.444444444444445,0,8.789473684210526,2.7777777777777777
2016,sammie coates,Sammie Coates,PIT,WR,14,49,21,435,2,0,16,1018,109,5.557257386564743,0.42857142857142855,8.877551020408163,20.714285714285715,0.04081632653061224,20.775510204081634,5.190476190476191
2016,sammy watkins,Sammy Watkins,BUF,WR,8,52,28,430,2,0,20,745,52,12.858996454800945,0.5384615384615384,8.26923076923077,15.357142857142858,0.038461538461538464,14.326923076923077,1.8571428571428572
2016,seth roberts,Seth Roberts,LV,WR,16,77,38,397,5,0,22,643,195,2.484332665481162,0.4935064935064935,5.1558441558441555,10.447368421052632,0.06493506493506493,8.35064935064935,5.131578947368421
2016,shane wynn,Shane Wynn,JAX,WR,2,3,1,19,0,0,1,25,12,-0.18605275230947882,0.3333333333333333,6.333333333333333,19,0,8.333333333333334,12
2016,stefon diggs,Stefon Diggs,MIN,WR,13,112,84,903,3,0,47,951,319,46.049470711361266,0.75,8.0625,10.75,0.026785714285714284,8.491071428571429,3.7976190476190474
2016,sterling shepard,Sterling Shepard,NYG,WR,16,105,65,683,8,0,42,972,257,21.269035106054393,0.6190476190476191,6.504761904761905,10.507692307692308,0.0761904761904762,9.257142857142858,3.953846153846154
2016,steve smith,Steve Smith,BAL,WR,14,101,70,799,5,0,39,873,281,37.94716458611039,0.693069306930693,7.910891089108911,11.414285714285715,0.04950495049504951,8.643564356435643,4.014285714285714
2016,t y hilton,T.Y. Hilton,IND,WR,16,155,91,1448,6,0,66,1898,342,60.225750650346704,0.5870967741935483,9.341935483870968,15.912087912087912,0.03870967741935484,12.245161290322581,3.758241758241758
2016,tajae sharpe,Tajae Sharpe,TEN,WR,16,83,41,522,2,0,27,1089,90,5.797267936228309,0.4939759036144578,6.289156626506024,12.731707317073171,0.024096385542168676,13.120481927710843,2.1951219512195124
2016,tanner mcevoy,Tanner McEvoy,SEA,WR,8,11,9,140,2,0,7,121,30,9.059537869669326,0.8181818181818182,12.727272727272727,15.555555555555555,0.18181818181818182,11,3.3333333333333335
2016,tavarres king,Tavarres King,NYG,WR,3,4,2,50,0,0,1,120,6,-1.8990890232962556,0.5,12.5,25,0,30,3
2016,tavon austin,Tavon Austin,LA,WR,15,106,58,509,3,1,25,722,272,-38.16836684242132,0.5471698113207547,4.80188679245283,8.775862068965518,0.02830188679245283,6.811320754716981,4.689655172413793
2016,taylor gabriel,Taylor Gabriel,ATL,WR,12,50,35,579,6,0,21,523,284,29.391120771125795,0.7,11.58,16.542857142857144,0.12,10.46,8.114285714285714
2016,terrance williams,Terrance Williams,DAL,WR,15,61,44,594,4,1,34,726,165,29.555442061919514,0.7213114754098361,9.737704918032787,13.5,0.06557377049180328,11.901639344262295,3.75
2016,terrelle pryor,Terrelle Pryor,CLE,WR,16,140,77,1007,4,0,48,1968,226,37.331640285662075,0.55,7.192857142857143,13.077922077922079,0.02857142857142857,14.057142857142857,2.935064935064935
2016,tommylee lewis,Tommylee Lewis,NO,WR,12,11,7,76,0,0,4,76,20,-0.6813291487051174,0.6363636363636364,6.909090909090909,10.857142857142858,0,6.909090909090909,2.857142857142857
2016,tony washington,Tony Washington,JAX,WR,1,1,1,9,0,0,0,-2,11,1.0570348561741412,1,9,9,0,-2,11
2016,torrey smith,Torrey Smith,SF,WR,12,49,20,267,3,0,14,660,61,-14.124305083256306,0.40816326530612246,5.448979591836735,13.35,0.061224489795918366,13.46938775510204,3.05
2016,travis benjamin,Travis Benjamin,LAC,WR,14,75,47,677,4,3,27,997,246,17.786146456464973,0.6266666666666667,9.026666666666667,14.404255319148936,0.05333333333333334,13.293333333333333,5.23404255319149
2016,trevor davis,Trevor Davis,GB,WR,8,7,3,24,1,0,2,63,8,1.3233732712105848,0.42857142857142855,3.4285714285714284,8,0.14285714285714285,9,2.6666666666666665
2016,ty montgomery,Ty Montgomery,GB,WR,15,56,44,348,0,1,19,68,323,3.0770730501436105,0.7857142857142857,6.214285714285714,7.909090909090909,0,1.2142857142857142,7.340909090909091
2016,tyler boyd,Tyler Boyd,CIN,WR,16,81,54,603,1,1,33,681,201,5.409813045330502,0.6666666666666666,7.444444444444445,11.166666666666666,0.012345679012345678,8.407407407407407,3.7222222222222223
2016,tyler lockett,Tyler Lockett,SEA,WR,15,66,41,597,1,0,22,698,216,17.997203787639428,0.6212121212121212,9.045454545454545,14.560975609756097,0.015151515151515152,10.575757575757576,5.2682926829268295
2016,tyreek hill,Tyreek Hill,KC,WR,16,83,61,593,6,1,32,654,268,17.14329570084125,0.7349397590361446,7.144578313253012,9.721311475409836,0.07228915662650602,7.879518072289157,4.39344262295082
2016,tyrell williams,Tyrell Williams,LAC,WR,16,119,69,1059,7,0,48,1363,433,20.383556373604257,0.5798319327731093,8.899159663865547,15.347826086956522,0.058823529411764705,11.453781512605042,6.27536231884058
2016,victor cruz,Victor Cruz,NYG,WR,14,72,39,586,1,1,25,861,189,11.884511629839686,0.5416666666666666,8.13888888888889,15.025641025641026,0.013888888888888888,11.958333333333334,4.846153846153846
2016,vince mayle,Vince Mayle,DAL,TE,5,0,0,0,0,0,0,0,0,NA,NA,NA,NA,NA,NA,NA
2016,vincent jackson,Vincent Jackson,TB,WR,5,32,15,173,0,0,8,435,16,-6.982120840778856,0.46875,5.40625,11.533333333333333,0,13.59375,1.0666666666666667
2016,will fuller,Will Fuller,HOU,WR,14,92,47,635,2,0,31,1397,238,8.001082843113782,0.5108695652173914,6.9021739130434785,13.51063829787234,0.021739130434782608,15.184782608695652,5.0638297872340425
2016,willie snead,Willie Snead,NO,WR,15,104,72,895,4,2,51,727,387,37.93638735198935,0.6923076923076923,8.60576923076923,12.430555555555555,0.038461538461538464,6.990384615384615,5.375
2017,a j green,A.J. Green,CIN,WR,16,143,75,1078,8,2,55,1873,297,5.746161233083278,0.5244755244755245,7.538461538461538,14.373333333333333,0.055944055944055944,13.097902097902098,3.96
2017,adam humphries,Adam Humphries,TB,WR,16,83,61,631,1,1,34,543,307,28.47312291248818,0.7349397590361446,7.602409638554217,10.344262295081966,0.012048192771084338,6.542168674698795,5.032786885245901
2017,adam thielen,Adam Thielen,MIN,WR,16,142,91,1276,4,3,59,1496,447,41.05247690848531,0.6408450704225352,8.985915492957746,14.021978021978022,0.028169014084507043,10.535211267605634,4.912087912087912
2017,albert wilson,Albert Wilson,KC,WR,13,62,42,554,3,0,32,377,318,24.22273474881053,0.6774193548387096,8.935483870967742,13.19047619047619,0.04838709677419355,6.080645161290323,7.571428571428571
2017,aldrick robinson,Aldrick Robinson,SF,WR,14,48,19,260,2,0,12,524,45,-5.955819162308636,0.3958333333333333,5.416666666666667,13.68421052631579,0.041666666666666664,10.916666666666666,2.3684210526315788
2017,alex erickson,Alex Erickson,CIN,WR,16,16,12,180,1,1,9,189,39,10.767226262250915,0.75,11.25,15,0.0625,11.8125,3.25
2017,allen hurns,Allen Hurns,JAX,WR,10,56,39,484,2,0,28,542,175,20.982294546383496,0.6964285714285714,8.642857142857142,12.41025641025641,0.03571428571428571,9.678571428571429,4.487179487179487
2017,allen robinson,Allen Robinson,JAX,WR,1,1,1,17,0,0,1,15,2,1.892764791380614,1,17,17,0,15,2
2017,alshon jeffery,Alshon Jeffery,PHI,WR,16,120,57,789,9,0,44,1654,203,32.0184583537721,0.475,6.575,13.842105263157896,0.075,13.783333333333333,3.56140350877193
2017,amara darboh,Amara Darboh,SEA,WR,8,13,8,71,0,0,2,157,16,0.9580476683331653,0.6153846153846154,5.461538461538462,8.875,0,12.076923076923077,2
2017,amari cooper,Amari Cooper,LV,WR,14,96,48,680,7,1,28,1109,293,-3.9503574580555565,0.5,7.083333333333333,14.166666666666666,0.07291666666666667,11.552083333333334,6.104166666666667
2017,andre holmes,Andre Holmes,BUF,WR,10,23,13,120,3,0,10,308,11,8.645997199886427,0.5652173913043478,5.217391304347826,9.23076923076923,0.13043478260869565,13.391304347826088,0.8461538461538461
2017,andre roberts,Andre Roberts,ATL,WR,16,4,1,12,0,0,1,20,7,-1.89332136717104,0.25,3,12,0,5,7
2017,andy jones,Andy Jones,DET,WR,1,0,0,0,0,0,0,0,0,NA,NA,NA,NA,NA,NA,NA
2017,anthony johnson,Anthony Johnson,IND,DE,2,0,0,0,0,0,0,0,0,NA,NA,NA,NA,NA,NA,NA
2017,antonio brown,Antonio Brown,PIT,WR,14,163,101,1533,9,3,72,2187,481,42.91759481380346,0.6196319018404908,9.404907975460123,15.178217821782178,0.05521472392638037,13.417177914110429,4.762376237623762
2017,ardarius stewart,ArDarius Stewart,NYJ,WR,12,13,6,82,0,0,2,112,19,-1.4369276267825626,0.46153846153846156,6.3076923076923075,13.666666666666666,0,8.615384615384615,3.1666666666666665
2017,arrelious benn,Arrelious Benn,JAX,WR,5,2,1,12,0,0,1,14,2,1.3894950891262852,0.5,6,12,0,7,2
2017,bennie fowler,Bennie Fowler,DEN,WR,16,56,29,350,3,0,18,574,107,-12.10570221867701,0.5178571428571429,6.25,12.068965517241379,0.05357142857142857,10.25,3.689655172413793
2017,bernard reedy,Bernard Reedy,NE,WR,11,2,2,21,0,0,1,13,8,1.0491187802981585,1,10.5,10.5,0,6.5,4
2017,bobo wilson,Bobo Wilson,TB,WR,3,1,1,18,1,0,1,18,0,2.394654566072859,1,18,18,1,18,0
2017,brandin cooks,Brandin Cooks,NE,WR,16,114,65,1082,7,0,42,1759,227,40.72775058225482,0.5701754385964912,9.491228070175438,16.646153846153847,0.06140350877192982,15.429824561403509,3.4923076923076923
2017,brandon coleman,Brandon Coleman,NO,WR,15,37,23,364,3,2,14,325,143,-1.7191947904066183,0.6216216216216216,9.837837837837839,15.826086956521738,0.08108108108108109,8.783783783783784,6.217391304347826
2017,brandon lafell,Brandon LaFell,CIN,WR,16,89,52,548,3,1,26,774,239,3.6740421333946287,0.5842696629213483,6.157303370786517,10.538461538461538,0.033707865168539325,8.696629213483146,4.596153846153846
2017,brandon marshall,Brandon Marshall,NYG/DEN,WR,21,33,18,154,0,0,11,341,39,0.7442726374429185,0.5454545454545454,4.666666666666667,8.555555555555555,0,10.333333333333334,2.1666666666666665
2017,brandon tate,Brandon Tate,BUF,WR,13,14,6,81,1,0,5,142,37,2.5804105782299303,0.42857142857142855,5.785714285714286,13.5,0.07142857142857142,10.142857142857142,6.166666666666667
2017,braxton miller,Braxton Miller,HOU,WR,10,29,19,162,1,0,7,239,61,-0.1257127043752324,0.6551724137931034,5.586206896551724,8.526315789473685,0.034482758620689655,8.241379310344827,3.210526315789474
2017,brenton bersin,Brenton Bersin,CAR,WR,6,14,8,128,0,0,6,205,16,-1.8373911035305355,0.5714285714285714,9.142857142857142,16,0,14.642857142857142,2
2017,breshad perriman,Breshad Perriman,BAL,WR,11,35,10,77,0,0,3,491,5,-21.87575366303462,0.2857142857142857,2.2,7.7,0,14.028571428571428,0.5
2017,brian quick,Brian Quick,WAS,WR,6,8,6,76,0,0,5,55,27,4.953701818129048,0.75,9.5,12.666666666666666,0,6.875,4.5
2017,brice butler,Brice Butler,DAL,WR,13,23,15,317,3,0,10,425,35,17.456742389637046,0.6521739130434783,13.782608695652174,21.133333333333333,0.13043478260869565,18.47826086956522,2.3333333333333335
2017,brittan golden,Brittan Golden,ARI,WR,9,9,5,70,0,0,3,63,49,-0.8455079266257184,0.5555555555555556,7.777777777777778,14,0,7,9.8
2017,bruce ellington,Bruce Ellington,HOU,WR,11,57,29,330,2,1,14,562,136,-0.4770315823697011,0.5087719298245614,5.7894736842105265,11.379310344827585,0.03508771929824561,9.859649122807017,4.689655172413793
2017,bryce treggs,Bryce Treggs,CLE,WR,6,18,5,79,0,0,4,278,3,-6.4770919003058225,0.2777777777777778,4.388888888888889,15.8,0,15.444444444444445,0.6
2017,chad hansen,Chad Hansen,NYJ,WR,8,17,9,94,0,0,6,172,22,1.5083233588957228,0.5294117647058824,5.529411764705882,10.444444444444445,0,10.117647058823529,2.4444444444444446
2017,chad williams,Chad Williams,ARI,WR,6,7,3,31,0,0,1,80,6,-1.779278562462423,0.42857142857142855,4.428571428571429,10.333333333333334,0,11.428571428571429,2
2017,chandler jones,Chandler Jones,ARI,DE,16,0,0,0,0,0,0,0,0,NA,NA,NA,NA,NA,NA,NA
2017,charles johnson,Charles Johnson,CAR,DE,10,0,0,0,0,0,0,0,0,NA,NA,NA,NA,NA,NA,NA
2017,charone peake,Charone Peake,NYJ,WR,1,1,1,3,0,0,1,2,1,0.9011051466222852,1,3,3,0,2,1
2017,chester rogers,Chester Rogers,IND,WR,10,37,23,284,1,0,15,345,104,3.6451242685108705,0.6216216216216216,7.675675675675675,12.347826086956522,0.02702702702702703,9.324324324324325,4.521739130434782
2017,chris conley,Chris Conley,KC,WR,5,16,11,175,0,0,8,231,45,12.642985744486968,0.6875,10.9375,15.909090909090908,0,14.4375,4.090909090909091
2017,chris hogan,Chris Hogan,NE,WR,9,59,34,439,5,0,22,780,171,17.683891109461413,0.576271186440678,7.440677966101695,12.911764705882353,0.0847457627118644,13.220338983050848,5.029411764705882
2017,chris matthews,Chris Matthews,BAL,WR,4,6,3,25,0,0,2,39,5,-3.05435509351712,0.5,4.166666666666667,8.333333333333334,0,6.5,1.6666666666666667
2017,chris moore,Chris Moore,BAL,WR,13,38,18,248,3,0,11,516,41,-5.418636320682708,0.47368421052631576,6.526315789473684,13.777777777777779,0.07894736842105263,13.578947368421053,2.2777777777777777
2017,chris thompson,Chris Thompson,WAS/HOU,RB,22,60,44,594,4,0,27,191,515,31.566490691364617,0.7333333333333333,9.9,13.5,0.06666666666666667,3.183333333333333,11.704545454545455
2017,cobi hamilton,Cobi Hamilton,HOU,WR,2,6,1,8,0,0,1,68,4,-2.50981252946076,0.16666666666666666,1.3333333333333333,8,0,11.333333333333334,4
2017,cody core,Cody Core,CIN,WR,7,4,0,0,0,0,0,132,0,-3.238086669938639,0,0,NA,0,33,NA
2017,cody latimer,Cody Latimer,DEN,WR,11,31,19,287,2,0,15,324,64,12.191408185753236,0.6129032258064516,9.258064516129032,15.105263157894736,0.06451612903225806,10.451612903225806,3.3684210526315788
2017,cole beasley,Cole Beasley,DAL,WR,15,63,36,314,4,0,20,392,125,-17.082656341676213,0.5714285714285714,4.984126984126984,8.722222222222221,0.06349206349206349,6.222222222222222,3.4722222222222223
2017,cooper kupp,Cooper Kupp,LA,WR,15,94,62,869,5,1,42,808,364,40.96147139881659,0.6595744680851063,9.24468085106383,14.016129032258064,0.05319148936170213,8.595744680851064,5.870967741935484
2017,corey coleman,Corey Coleman,CLE,WR,9,58,23,305,2,0,17,785,58,-10.243532132956101,0.39655172413793105,5.258620689655173,13.26086956521739,0.034482758620689655,13.53448275862069,2.5217391304347827
2017,corey davis,Corey Davis,TEN,WR,11,65,34,375,0,1,18,745,101,-19.741055620523106,0.5230769230769231,5.769230769230769,11.029411764705882,0,11.461538461538462,2.9705882352941178
2017,curtis samuel,Curtis Samuel,CAR,WR,8,26,15,115,0,0,6,256,41,-3.5944613422971834,0.5769230769230769,4.423076923076923,7.666666666666667,0,9.846153846153847,2.7333333333333334
2017,damiere byrd,Damiere Byrd,CAR,WR,8,17,10,105,2,0,5,145,61,-0.7860539417648362,0.5882352941176471,6.176470588235294,10.5,0.11764705882352941,8.529411764705882,6.1
2017,danny amendola,Danny Amendola,NE,WR,15,86,61,659,2,1,40,682,210,40.33248273985568,0.7093023255813954,7.662790697674419,10.80327868852459,0.023255813953488372,7.930232558139535,3.442622950819672
2017,darius powe,Darius Powe,NYG,WR,1,4,2,13,0,0,0,16,13,-5.378289086103905,0.5,3.25,6.5,0,4,6.5
2017,darrius heyward bey,Darrius Heyward-Bey,PIT,WR,10,3,2,47,0,0,1,50,21,3.884383963479195,0.6666666666666666,15.666666666666666,23.5,0,16.666666666666668,10.5
2017,davante adams,Davante Adams,GB,WR,14,117,74,885,10,0,45,1137,338,52.29387886412638,0.6324786324786325,7.564102564102564,11.95945945945946,0.08547008547008547,9.717948717948717,4.5675675675675675
2017,de anthony thomas,De'Anthony Thomas,KC,WR,14,16,14,143,2,0,4,121,73,0.5157034917296812,0.875,8.9375,10.214285714285714,0.125,7.5625,5.214285714285714
2017,deandre hopkins,DeAndre Hopkins,HOU,WR,15,174,96,1378,13,1,69,2233,359,36.82187725179175,0.5517241379310345,7.919540229885057,14.354166666666666,0.07471264367816093,12.833333333333334,3.7395833333333335
2017,deandrew white,DeAndrew White,HOU,WR,2,7,1,24,0,0,1,106,1,-3.090126106282696,0.14285714285714285,3.4285714285714284,24,0,15.142857142857142,1
2017,dede westbrook,Dede Westbrook,JAX,WR,7,51,27,339,1,1,16,609,99,2.8978427119221877,0.5294117647058824,6.647058823529412,12.555555555555555,0.0196078431372549,11.941176470588236,3.6666666666666665
2017,demarcus robinson,Demarcus Robinson,KC,WR,10,39,21,212,0,0,13,407,47,-2.9003294234178716,0.5384615384615384,5.435897435897436,10.095238095238095,0,10.435897435897436,2.238095238095238
2017,demaryius thomas,Demaryius Thomas,DEN,WR,16,140,83,949,5,1,53,1462,299,-11.94272585742727,0.5928571428571429,6.7785714285714285,11.433734939759036,0.03571428571428571,10.442857142857143,3.602409638554217
2017,deonte thompson,Deonte Thompson,BUF,WR,16,69,38,555,2,0,25,1006,101,8.902639467954259,0.5507246376811594,8.043478260869565,14.605263157894736,0.028985507246376812,14.579710144927537,2.6578947368421053
2017,derrick johnson,Derrick Johnson,KC,LB,15,0,0,0,0,0,0,0,0,NA,NA,NA,NA,NA,NA,NA
2017,desean jackson,DeSean Jackson,TB,WR,14,90,50,668,3,0,36,1444,191,5.128710420909629,0.5555555555555556,7.4222222222222225,13.36,0.03333333333333333,16.044444444444444,3.82
2017,devante parker,DeVante Parker,MIA,WR,13,96,57,670,1,1,33,1206,207,-0.7217586674797412,0.59375,6.979166666666667,11.75438596491228,0.010416666666666666,12.5625,3.6315789473684212
2017,devin funchess,Devin Funchess,CAR,WR,16,111,63,840,8,0,40,1442,296,33.094376781871496,0.5675675675675675,7.5675675675675675,13.333333333333334,0.07207207207207207,12.99099099099099,4.698412698412699
2017,dez bryant,Dez Bryant,DAL,WR,16,132,69,838,6,1,44,1534,266,-10.809748987905397,0.5227272727272727,6.348484848484849,12.144927536231885,0.045454545454545456,11.621212121212121,3.8550724637681157
2017,donte moncrief,Donte Moncrief,IND,WR,12,47,26,391,2,0,22,641,79,17.19131405424678,0.5531914893617021,8.319148936170214,15.038461538461538,0.0425531914893617,13.638297872340425,3.0384615384615383
2017,dontrelle inman,Dontrelle Inman,CHI,WR,10,44,25,343,1,0,19,561,31,8.942546518986685,0.5681818181818182,7.795454545454546,13.72,0.022727272727272728,12.75,1.24
2017,doug baldwin,Doug Baldwin,SEA,WR,16,116,75,991,8,0,44,1476,274,43.87222422656889,0.646551724137931,8.543103448275861,13.213333333333333,0.06896551724137931,12.724137931034482,3.6533333333333333
2017,dwayne harris,Dwayne Harris,NYG,WR,5,0,0,0,0,0,0,0,0,NA,NA,NA,NA,NA,NA,NA
2017,ed eagan,Ed Eagan,NYG,WR,4,1,0,0,0,0,0,-2,0,-0.9062527697533369,0,0,NA,0,-2,NA
2017,eli rogers,Eli Rogers,PIT,WR,12,36,18,149,1,0,9,270,81,-11.132977260849106,0.5,4.138888888888889,8.277777777777779,0.027777777777777776,7.5,4.5
2017,emmanuel sanders,Emmanuel Sanders,DEN,WR,12,92,47,555,2,0,30,978,167,9.83096098528101,0.5108695652173914,6.032608695652174,11.808510638297872,0.021739130434782608,10.630434782608695,3.5531914893617023
2017,eric decker,Eric Decker,TEN,WR,16,83,54,563,1,0,31,826,113,20.84717631856535,0.6506024096385542,6.783132530120482,10.425925925925926,0.012048192771084338,9.951807228915662,2.0925925925925926
2017,eric weems,Eric Weems,TEN,WR,11,2,1,5,0,0,0,2,5,-1.3466859610634856,0.5,2.5,5,0,1,5
2017,freddie martino,Freddie Martino,TB,WR,7,6,5,96,0,0,4,86,15,7.020578898682352,0.8333333333333334,16,19.2,0,14.333333333333334,3
2017,geronimo allison,Geronimo Allison,GB,WR,12,39,23,253,0,1,10,300,119,-4.670966781902358,0.5897435897435898,6.487179487179487,11,0,7.6923076923076925,5.173913043478261
2017,golden tate,Golden Tate,DET,WR,16,120,92,1003,5,1,44,716,613,12.582135163041526,0.7666666666666667,8.358333333333333,10.902173913043478,0.041666666666666664,5.966666666666667,6.663043478260869
2017,griff whalen,Griff Whalen,BAL,WR,2,6,4,23,0,0,0,61,2,-0.8943786208401434,0.6666666666666666,3.8333333333333335,5.75,0,10.166666666666666,0.5
2017,harry douglas,Harry Douglas,TEN,WR,1,3,1,8,0,0,0,26,12,-6.086859192466363,0.3333333333333333,2.6666666666666665,8,0,8.666666666666666,12
2017,hunter sharp,Hunter Sharp,NYG,WR,3,9,5,54,1,0,2,76,23,-0.088334662723355,0.5555555555555556,6,10.8,0.1111111111111111,8.444444444444445,4.6
2017,isaac whitney,Isaac Whitney,LV,WR,1,1,0,0,0,0,0,50,0,-1.0878076772205532,0,0,NA,0,50,NA
2017,isaiah mckenzie,Isaiah McKenzie,DEN,WR,11,13,4,29,0,0,2,203,10,-13.413402824138757,0.3076923076923077,2.230769230769231,7.25,0,15.615384615384615,2.5
2017,j j nelson,J.J. Nelson,ARI,WR,16,61,29,508,2,1,22,1051,59,-11.640753574938284,0.47540983606557374,8.327868852459016,17.517241379310345,0.03278688524590164,17.229508196721312,2.0344827586206895
2017,jace billingsley,Jace Billingsley,DET,WR,1,0,0,0,0,0,0,0,0,NA,NA,NA,NA,NA,NA,NA
2017,jaelen strong,Jaelen Strong,JAX,WR,2,4,3,38,1,0,3,33,15,5.196219339617528,0.75,9.5,12.666666666666666,0.25,8.25,5
2017,jakeem grant,Jakeem Grant,MIA,WR,15,22,13,203,2,0,9,219,144,5.617363275644055,0.5909090909090909,9.227272727272727,15.615384615384615,0.09090909090909091,9.954545454545455,11.076923076923077
2017,jamal agnew,Jamal Agnew,DET,WR,13,2,2,18,0,0,1,-6,24,1.0608053867472336,1,9,9,0,-3,12
2017,jamison crowder,Jamison Crowder,WAS,WR,15,103,66,789,3,1,37,723,370,-4.75134421595579,0.6407766990291263,7.660194174757281,11.954545454545455,0.02912621359223301,7.019417475728155,5.606060606060606
2017,jared abbrederis,Jared Abbrederis,DET,WR,4,7,3,44,0,0,2,47,28,1.053962330350486,0.42857142857142855,6.285714285714286,14.666666666666666,0,6.714285714285714,9.333333333333334
2017,jarius wright,Jarius Wright,MIN,WR,12,25,18,198,2,0,13,190,86,11.425365449535844,0.72,7.92,11,0.08,7.6,4.777777777777778
2017,jaron brown,Jaron Brown,ARI,WR,16,69,31,477,4,0,23,1044,91,7.288855669143709,0.4492753623188406,6.913043478260869,15.387096774193548,0.057971014492753624,15.130434782608695,2.935483870967742
2017,jarvis landry,Jarvis Landry,MIA,WR,16,161,112,987,9,3,60,956,498,4.926314849618014,0.6956521739130435,6.130434782608695,8.8125,0.055900621118012424,5.937888198757764,4.446428571428571
2017,jaydon mickens,Jaydon Mickens,JAX,WR,10,11,6,77,2,0,4,82,39,3.6692925303650554,0.5454545454545454,7,12.833333333333334,0.18181818181818182,7.454545454545454,6.5
2017,jeff janis,Jeff Janis,GB,WR,8,5,2,12,0,0,1,107,0,-1.8984349216543297,0.4,2.4,6,0,21.4,0
2017,jehu chesson,Jehu Chesson,KC,WR,6,4,2,18,0,0,2,10,15,-0.4605886793578975,0.5,4.5,9,0,2.5,7.5
2017,jeremy kerley,Jeremy Kerley,NYJ,WR,8,27,22,217,1,0,13,244,57,16.02814856309989,0.8148148148148148,8.037037037037036,9.863636363636363,0.037037037037037035,9.037037037037036,2.590909090909091
2017,jeremy maclin,Jeremy Maclin,BAL,WR,12,72,40,440,3,0,23,702,108,0.8915093210576828,0.5555555555555556,6.111111111111111,11,0.041666666666666664,9.75,2.7
2017,jermaine kearse,Jermaine Kearse,NYJ,WR,16,102,65,810,5,1,38,963,295,25.440591993704686,0.6372549019607843,7.9411764705882355,12.461538461538462,0.049019607843137254,9.441176470588236,4.538461538461538
2017,joe walker,Joe Walker,PHI,LB,8,0,0,0,0,0,0,0,0,NA,NA,NA,NA,NA,NA,NA
2017,john brown,John Brown,ARI,WR,10,55,21,299,3,0,15,848,59,-3.610331008014967,0.38181818181818183,5.4363636363636365,14.238095238095237,0.05454545454545454,15.418181818181818,2.8095238095238093
2017,john ross,John Ross,CIN,WR,3,2,0,0,0,0,0,46,0,-2.8685771748423576,0,0,NA,0,23,NA
2017,johnny holton,Johnny Holton,LV,WR,14,18,9,218,3,2,5,413,40,1.6214814651757479,0.5,12.11111111111111,24.22222222222222,0.16666666666666666,22.944444444444443,4.444444444444445
2017,jojo natson,JoJo Natson,NYJ,WR,7,5,2,18,0,0,1,85,4,-0.0898759301926475,0.4,3.6,9,0,17,2
2017,jordan leslie,Jordan Leslie,CLE,WR,1,1,1,26,0,0,1,25,1,2.5293291207344737,1,26,26,0,25,1
2017,jordan matthews,Jordan Matthews,BUF,TE,10,36,25,282,1,1,14,253,124,13.796687329030787,0.6944444444444444,7.833333333333333,11.28,0.027777777777777776,7.027777777777778,4.96
2017,jordan taylor,Jordan Taylor,DEN,WR,10,20,13,142,0,0,5,206,45,-0.0471857457832936,0.65,7.1,10.923076923076923,0,10.3,3.4615384615384617
2017,jordan williams,Jordan Williams,NYG,LB,1,0,0,0,0,0,0,0,0,NA,NA,NA,NA,NA,NA,NA
2017,jordy nelson,Jordy Nelson,GB,WR,14,88,53,482,6,0,38,964,128,-5.501180268941393,0.6022727272727273,5.4772727272727275,9.09433962264151,0.06818181818181818,10.954545454545455,2.4150943396226414
2017,josh bellamy,Josh Bellamy,CHI,WR,11,46,24,376,1,0,17,574,116,9.66750995947772,0.5217391304347826,8.173913043478262,15.666666666666666,0.021739130434782608,12.478260869565217,4.833333333333333
2017,josh doctson,Josh Doctson,WAS,WR,15,78,35,502,6,0,25,1074,131,-5.437163366893374,0.44871794871794873,6.435897435897436,14.342857142857143,0.07692307692307693,13.76923076923077,3.742857142857143
2017,josh gordon,Josh Gordon,CLE,WR,5,42,18,335,1,0,12,699,123,3.631848707617075,0.42857142857142855,7.976190476190476,18.61111111111111,0.023809523809523808,16.642857142857142,6.833333333333333
2017,josh malone,Josh Malone,CIN,WR,9,17,6,63,1,0,3,272,19,-5.422391399775453,0.35294117647058826,3.7058823529411766,10.5,0.058823529411764705,16,3.1666666666666665
2017,josh reynolds,Josh Reynolds,LA,WR,10,24,11,104,1,0,7,180,34,2.081343814983015,0.4583333333333333,4.333333333333333,9.454545454545455,0.041666666666666664,7.5,3.090909090909091
2017,juju smith schuster,JuJu Smith-Schuster,PIT,WR,14,79,58,917,7,0,39,729,430,53.23566540769243,0.7341772151898734,11.60759493670886,15.810344827586206,0.08860759493670886,9.227848101265822,7.413793103448276
2017,julio jones,Julio Jones,ATL,WR,16,148,88,1444,3,0,67,2105,486,57.43416191778,0.5945945945945946,9.756756756756756,16.40909090909091,0.02027027027027027,14.222972972972974,5.5227272727272725
2017,justin hardy,Justin Hardy,ATL,WR,10,29,20,221,3,1,13,245,76,16.83068387073473,0.6896551724137931,7.620689655172414,11.05,0.10344827586206896,8.448275862068966,3.8
2017,justin hunter,Justin Hunter,PIT,WR,5,10,4,23,1,0,2,124,14,0.2544891679685386,0.4,2.3,5.75,0.1,12.4,3.5
2017,k j brent,K.J. Brent,IND,WR,1,1,0,0,0,0,0,13,0,-1.7677416554652154,0,0,NA,0,13,NA
2017,kaelin clay,Kaelin Clay,CAR,WR,13,20,6,85,0,0,5,338,20,-2.0801809641125146,0.3,4.25,14.166666666666666,0,16.9,3.3333333333333335
2017,kalif raymond,Kalif Raymond,NYG,WR,8,1,1,12,0,0,1,5,7,1.82117984094657,1,12,12,0,5,7
2017,kamar aiken,Kamar Aiken,IND,WR,14,44,15,133,0,0,7,417,47,-26.342176874139113,0.3409090909090909,3.022727272727273,8.866666666666667,0,9.477272727272727,3.1333333333333333
2017,kasen williams,Kasen Williams,CLE,WR,6,18,9,84,0,0,2,196,21,-10.058603522280464,0.5,4.666666666666667,9.333333333333334,0,10.88888888888889,2.3333333333333335
2017,keelan cole,Keelan Cole,JAX,WR,16,83,42,748,3,2,33,1038,299,2.831980458823523,0.5060240963855421,9.012048192771084,17.80952380952381,0.03614457831325301,12.506024096385541,7.119047619047619
2017,keenan allen,Keenan Allen,LAC,WR,16,159,102,1393,6,1,74,1434,501,61.41771509445934,0.6415094339622641,8.761006289308176,13.656862745098039,0.03773584905660377,9.018867924528301,4.911764705882353
2017,kendall wright,Kendall Wright,CHI,WR,15,91,59,614,1,0,33,707,182,15.983014429744557,0.6483516483516484,6.747252747252747,10.40677966101695,0.01098901098901099,7.769230769230769,3.0847457627118646
2017,kendrick bourne,Kendrick Bourne,SF,WR,10,34,16,257,0,0,12,392,114,7.814919425674928,0.47058823529411764,7.5588235294117645,16.0625,0,11.529411764705882,7.125
2017,kenny britt,Kenny Britt,NE,WR,12,43,20,256,2,0,10,505,88,-12.00703659443522,0.46511627906976744,5.953488372093023,12.8,0.046511627906976744,11.744186046511627,4.4
2017,kenny golladay,Kenny Golladay,DET,WR,11,48,28,477,3,0,18,711,181,16.98947708387372,0.5833333333333334,9.9375,17.035714285714285,0.0625,14.8125,6.464285714285714
2017,kenny stills,Kenny Stills,MIA,WR,16,105,58,847,6,4,37,1555,159,14.644295740571025,0.5523809523809524,8.066666666666666,14.60344827586207,0.05714285714285714,14.80952380952381,2.7413793103448274
2017,kevin white,Kevin White,CHI,WR,1,4,2,6,0,0,0,12,2,-2.459279178758152,0.5,1.5,3,0,3,1
2017,krishawn hogan,Krishawn Hogan,IND,WR,2,0,0,0,0,0,0,0,0,NA,NA,NA,NA,NA,NA,NA
2017,kyle williams,Kyle Williams,BUF,DT,16,0,0,0,0,0,0,0,0,NA,NA,NA,NA,NA,NA,NA
2017,laquon treadwell,Laquon Treadwell,MIN,WR,13,35,20,200,0,1,12,416,58,-8.252692556200575,0.5714285714285714,5.714285714285714,10,0,11.885714285714286,2.9
2017,larry fitzgerald,Larry Fitzgerald,ARI,WR,16,161,109,1156,6,1,66,1336,408,28.81674384251805,0.6770186335403726,7.180124223602484,10.605504587155963,0.037267080745341616,8.298136645962733,3.743119266055046
2017,larry pinkard,Larry Pinkard,JAX,WR,2,1,1,5,0,0,0,5,0,-0.25176779367029667,1,5,5,0,5,0
2017,leonte carroo,Leonte Carroo,MIA,WR,4,14,7,69,0,0,4,116,11,-5.902490208439833,0.5,4.928571428571429,9.857142857142858,0,8.285714285714286,1.5714285714285714
2017,louis murphy,Louis Murphy,SF,WR,6,17,8,121,1,0,6,181,39,3.5885088692302816,0.47058823529411764,7.117647058823529,15.125,0.058823529411764705,10.647058823529411,4.875
2017,mack hollins,Mack Hollins,PHI,WR,12,22,16,226,1,0,8,277,43,11.71817397052655,0.7272727272727273,10.272727272727273,14.125,0.045454545454545456,12.590909090909092,2.6875
2017,marcus johnson,Marcus Johnson,PHI,WR,6,8,5,45,0,0,3,138,7,0.6149397487170063,0.625,5.625,9,0,17.25,1.4
2017,marcus smith,Marcus Smith,SEA,LB,11,0,0,0,0,0,0,0,0,NA,NA,NA,NA,NA,NA,NA
2017,markus wheaton,Markus Wheaton,CHI,WR,7,17,3,51,0,0,2,244,3,-6.234935447922908,0.17647058823529413,3,17,0,14.352941176470589,1
2017,marqise lee,Marqise Lee,JAX,WR,13,96,56,702,3,1,40,1087,289,16.370007282591555,0.5833333333333334,7.3125,12.535714285714286,0.03125,11.322916666666666,5.160714285714286
2017,marquis bundy,Marquis Bundy,NYG,WR,1,3,0,0,0,0,0,20,0,-2.527619566172183,0,0,NA,0,6.666666666666667,NA
2017,marquise goodwin,Marquise Goodwin,SF,WR,16,105,56,962,2,0,46,1544,198,30.616913255263526,0.5333333333333333,9.161904761904761,17.178571428571427,0.01904761904761905,14.704761904761904,3.5357142857142856
2017,martavis bryant,Martavis Bryant,PIT,WR,15,84,50,603,3,0,30,1203,170,18.871270785892285,0.5952380952380952,7.178571428571429,12.06,0.03571428571428571,14.321428571428571,3.4
2017,marvin hall,Marvin Hall,ATL,WR,6,9,2,60,1,0,2,144,0,-1.3842374762753025,0.2222222222222222,6.666666666666667,30,0.1111111111111111,16,0
2017,marvin jones,Marvin Jones,DET,WR,16,107,61,1101,9,0,44,1624,195,57.917087664858556,0.5700934579439252,10.289719626168225,18.049180327868854,0.08411214953271028,15.177570093457945,3.19672131147541
2017,matt hazel,Matt Hazel,IND,WR,2,1,1,1,0,0,0,-1,2,-1.208107203943655,1,1,1,0,-1,2
2017,matthew slater,Matthew Slater,NE,WR,6,0,0,0,0,0,0,0,0,NA,NA,NA,NA,NA,NA,NA
2017,maurice alexander,Maurice Alexander,LA,LB,4,0,0,0,0,0,0,0,0,NA,NA,NA,NA,NA,NA,NA
2017,maurice harris,Maurice Harris,WAS,WR,4,6,4,62,1,0,3,62,8,2.7624362411443144,0.6666666666666666,10.333333333333334,15.5,0.16666666666666666,10.333333333333334,2
2017,max mccaffrey,Max McCaffrey,JAX,WR,2,1,1,4,0,0,0,-1,5,-0.18680868647061288,1,4,4,0,-1,5
2017,michael bennett,Michael Bennett,SEA/JAX,DE,17,0,0,0,0,0,0,0,0,NA,NA,NA,NA,NA,NA,NA
2017,michael campanaro,Michael Campanaro,BAL,WR,13,27,19,173,1,0,11,151,81,6.6755019662104615,0.7037037037037037,6.407407407407407,9.105263157894736,0.037037037037037035,5.592592592592593,4.2631578947368425
2017,michael clark,Michael Clark,GB,WR,2,14,4,41,0,0,2,234,11,-12.776034762850031,0.2857142857142857,2.9285714285714284,10.25,0,16.714285714285715,2.75
2017,michael crabtree,Michael Crabtree,LV,WR,13,101,58,618,8,1,35,1059,190,15.431959906160174,0.5742574257425742,6.118811881188119,10.655172413793103,0.07920792079207921,10.485148514851485,3.2758620689655173
2017,michael floyd,Michael Floyd,MIN,WR,10,17,10,78,0,0,3,125,34,-7.5610450492822565,0.5882352941176471,4.588235294117647,7.8,0,7.352941176470588,3.4
2017,michael johnson,Michael Johnson,CIN,DE,15,0,0,0,0,0,0,0,0,NA,NA,NA,NA,NA,NA,NA
2017,michael thomas,Michael Thomas,MIA/NO,DB,26,149,104,1245,5,0,70,1418,425,62.13817887585697,0.697986577181208,8.355704697986576,11.971153846153847,0.03355704697986577,9.516778523489933,4.086538461538462
2017,mike evans,Mike Evans,TB,WR,15,136,71,1001,5,0,55,1868,134,23.097707846180043,0.5220588235294118,7.360294117647059,14.098591549295774,0.03676470588235294,13.735294117647058,1.8873239436619718
2017,mike thomas,Mike Thomas,LA,WR,6,7,5,93,0,1,4,103,29,2.187294379724791,0.7142857142857143,13.285714285714286,18.6,0,14.714285714285714,5.8
2017,mike wallace,Mike Wallace,BAL,WR,15,92,52,748,4,0,33,1231,157,25.620314623906623,0.5652173913043478,8.130434782608695,14.384615384615385,0.043478260869565216,13.380434782608695,3.019230769230769
2017,mike williams,Mike Williams,LAC,WR,9,23,11,95,0,0,7,262,11,-14.17670312973569,0.4782608695652174,4.130434782608695,8.636363636363637,0,11.391304347826088,1
2017,mohamed sanu,Mohamed Sanu,ATL,WR,15,96,67,703,5,0,41,746,245,17.76927930692161,0.6979166666666666,7.322916666666667,10.492537313432836,0.052083333333333336,7.770833333333333,3.656716417910448
2017,nelson agholor,Nelson Agholor,PHI,WR,16,95,62,768,8,0,35,986,301,39.38771227975565,0.6526315789473685,8.08421052631579,12.387096774193548,0.08421052631578947,10.378947368421052,4.854838709677419
2017,nick williams,Nick Williams,ATL,WR,1,4,3,30,0,0,3,46,5,0.26965165860019624,0.75,7.5,10,0,11.5,1.6666666666666667
2017,noah brown,Noah Brown,DAL,WR,7,9,4,33,0,0,3,59,22,-2.998299908475019,0.4444444444444444,3.6666666666666665,8.25,0,6.555555555555555,5.5
2017,odell beckham jr,Odell Beckham Jr.,NYG,WR,4,41,25,302,3,0,15,520,65,6.0398197478133,0.6097560975609756,7.365853658536586,12.08,0.07317073170731707,12.682926829268293,2.6
2017,paul richardson,Paul Richardson,SEA,WR,16,80,44,703,6,0,33,1210,125,27.70854277551599,0.55,8.7875,15.977272727272727,0.075,15.125,2.840909090909091
2017,pharoh cooper,Pharoh Cooper,LA,WR,16,19,11,84,0,0,3,138,54,-10.901905744264253,0.5789473684210527,4.421052631578948,7.636363636363637,0,7.2631578947368425,4.909090909090909
2017,phillip dorsett,Phillip Dorsett,NE,WR,11,18,12,194,0,0,8,365,68,6.7302245672326535,0.6666666666666666,10.777777777777779,16.166666666666668,0,20.27777777777778,5.666666666666667
2017,pierre garcon,Pierre Garcon,SF,WR,8,67,40,500,0,0,25,639,190,7.71951843470654,0.5970149253731343,7.462686567164179,12.5,0,9.537313432835822,4.75
2017,quan bray,Quan Bray,IND,WR,9,4,3,39,0,0,2,39,10,1.5074749421328306,0.75,9.75,13,0,9.75,3.3333333333333335
2017,randall cobb,Randall Cobb,GB,WR,14,92,66,653,4,1,29,555,412,20.007561304939376,0.717391304347826,7.0978260869565215,9.893939393939394,0.043478260869565216,6.032608695652174,6.242424242424242
2017,rashard higgins,Rashard Higgins,CLE,WR,14,50,27,312,2,1,13,464,142,-16.015635651710454,0.54,6.24,11.555555555555555,0.04,9.28,5.2592592592592595
2017,rashawn scott,Rashawn Scott,MIA,WR,1,0,0,0,0,0,0,0,0,NA,NA,NA,NA,NA,NA,NA
2017,ricardo louis,Ricardo Louis,CLE,WR,14,61,27,357,0,0,18,753,82,-16.297139728176138,0.4426229508196721,5.852459016393443,13.222222222222221,0,12.344262295081966,3.037037037037037
2017,rishard matthews,Rishard Matthews,TEN,WR,14,87,53,795,4,0,36,1023,277,16.828490644460633,0.6091954022988506,9.137931034482758,15,0.04597701149425287,11.758620689655173,5.226415094339623
2017,robbie chosen,Robbie Chosen,NYJ,WR,16,114,63,941,7,0,36,1460,273,20.59528161624017,0.5526315789473685,8.25438596491228,14.936507936507937,0.06140350877192982,12.807017543859649,4.333333333333333
2017,robert woods,Robert Woods,LA,WR,12,85,56,781,5,1,36,866,304,42.78340392170647,0.6588235294117647,9.188235294117646,13.946428571428571,0.058823529411764705,10.188235294117646,5.428571428571429
2017,roger lewis,Roger Lewis,NYG,WR,15,72,36,416,2,0,20,740,76,-10.981447366829276,0.5,5.777777777777778,11.555555555555555,0.027777777777777776,10.277777777777779,2.111111111111111
2017,russell shepard,Russell Shepard,CAR,WR,15,32,17,202,1,1,10,266,106,3.8582582921348063,0.53125,6.3125,11.882352941176471,0.03125,8.3125,6.235294117647059
2017,ryan davis,Ryan Davis,BUF,DE,13,0,0,0,0,0,0,0,0,NA,NA,NA,NA,NA,NA,NA
2017,ryan grant,Ryan Grant,WAS,WR,16,65,45,573,4,0,29,631,235,25.578371603086865,0.6923076923076923,8.815384615384616,12.733333333333333,0.06153846153846154,9.707692307692307,5.222222222222222
2017,ryan switzer,Ryan Switzer,DAL,WR,16,7,6,41,0,0,4,33,18,3.161506590549834,0.8571428571428571,5.857142857142857,6.833333333333333,0,4.714285714285714,3
2017,sammie coates,Sammie Coates,CLE,WR,7,11,6,70,0,0,2,146,16,-0.9639375371916685,0.5454545454545454,6.363636363636363,11.666666666666666,0,13.272727272727273,2.6666666666666665
2017,sammy watkins,Sammy Watkins,LA,WR,15,70,39,593,8,0,33,1009,185,30.117355675183408,0.5571428571428572,8.471428571428572,15.205128205128204,0.11428571428571428,14.414285714285715,4.743589743589744
2017,seth roberts,Seth Roberts,LV,WR,15,65,43,455,1,2,22,643,104,-0.611451533442775,0.6615384615384615,7,10.581395348837209,0.015384615384615385,9.892307692307693,2.4186046511627906
2017,shelton gibson,Shelton Gibson,PHI,WR,2,3,2,11,0,0,0,23,-3,-3.8621380975528155,0.6666666666666666,3.6666666666666665,5.5,0,7.666666666666667,-1.5
2017,stacy coley,Stacy Coley,MIN,WR,2,1,0,0,0,0,0,6,0,-0.4584053149446845,0,0,NA,0,6,NA
2017,stefon diggs,Stefon Diggs,MIN,WR,14,95,64,849,8,0,42,1075,298,47.16293415772212,0.6736842105263158,8.936842105263159,13.265625,0.08421052631578947,11.31578947368421,4.65625
2017,sterling shepard,Sterling Shepard,NYG,WR,11,84,59,731,2,1,36,750,295,29.800766855198624,0.7023809523809523,8.702380952380953,12.389830508474576,0.023809523809523808,8.928571428571429,5
2017,t y hilton,T.Y. Hilton,IND,WR,16,109,57,966,4,2,38,1390,304,13.008626685222085,0.5229357798165137,8.862385321100918,16.94736842105263,0.03669724770642202,12.752293577981652,5.333333333333333
2017,tanner gentry,Tanner Gentry,CHI,WR,4,6,3,35,0,0,2,71,1,0.013405534147750586,0.5,5.833333333333333,11.666666666666666,0,11.833333333333334,0.3333333333333333
2017,tanner mcevoy,Tanner McEvoy,SEA,WR,10,9,5,113,0,1,4,176,19,0.6242380450460239,0.5555555555555556,12.555555555555555,22.6,0,19.555555555555557,3.8
2017,tavarres king,Tavarres King,NYG,WR,8,37,18,240,3,0,11,462,78,4.37655797895137,0.4864864864864865,6.486486486486487,13.333333333333334,0.08108108108108109,12.486486486486486,4.333333333333333
2017,tavon austin,Tavon Austin,LA,WR,14,22,13,47,0,0,2,46,73,-8.39526670975921,0.5909090909090909,2.1363636363636362,3.6153846153846154,0,2.090909090909091,5.615384615384615
2017,taylor gabriel,Taylor Gabriel,ATL,WR,16,51,33,378,1,0,17,528,217,1.3558661528990896,0.6470588235294118,7.411764705882353,11.454545454545455,0.0196078431372549,10.352941176470589,6.575757575757576
2017,taywan taylor,Taywan Taylor,TEN,WR,16,28,16,231,1,0,9,386,54,1.2510689816980136,0.5714285714285714,8.25,14.4375,0.03571428571428571,13.785714285714286,3.375
2017,terrance williams,Terrance Williams,DAL,WR,16,78,53,568,0,0,31,665,230,1.8693084024540587,0.6794871794871795,7.282051282051282,10.716981132075471,0,8.525641025641026,4.339622641509434
2017,terrelle pryor,Terrelle Pryor,WAS,WR,8,37,20,240,1,0,15,400,58,8.433277449606361,0.5405405405405406,6.486486486486487,12,0.02702702702702703,10.81081081081081,2.9
2017,tommylee lewis,Tommylee Lewis,NO,WR,14,15,10,116,1,0,4,152,52,1.6728037624549295,0.6666666666666666,7.733333333333333,11.6,0.06666666666666667,10.133333333333333,5.2
2017,torrey smith,Torrey Smith,PHI,WR,16,68,36,430,2,0,11,881,131,3.9375534906608642,0.5294117647058824,6.323529411764706,11.944444444444445,0.029411764705882353,12.955882352941176,3.638888888888889
2017,travis benjamin,Travis Benjamin,LAC,WR,16,65,34,567,4,0,20,1012,210,12.641210522589972,0.5230769230769231,8.723076923076922,16.676470588235293,0.06153846153846154,15.569230769230769,6.176470588235294
2017,travis rudolph,Travis Rudolph,NYG,WR,6,21,8,101,0,0,4,168,43,-8.484876227637752,0.38095238095238093,4.809523809523809,12.625,0,8,5.375
2017,tre mcbride,Tre McBride,CHI,WR,6,15,8,144,0,0,6,213,50,-2.8927709010433666,0.5333333333333333,9.6,18,0,14.2,6.25
2017,trent taylor,Trent Taylor,SF,WR,15,60,43,430,2,0,27,408,190,11.478320438744284,0.7166666666666667,7.166666666666667,10,0.03333333333333333,6.8,4.4186046511627906
2017,trevor davis,Trevor Davis,GB,WR,15,7,5,70,0,0,2,69,34,1.9480827703940617,0.7142857142857143,10,14,0,9.857142857142858,6.8
2017,ty montgomery,Ty Montgomery,GB,WR,8,31,23,173,1,0,8,-27,215,3.810566627876424,0.7419354838709677,5.580645161290323,7.521739130434782,0.03225806451612903,-0.8709677419354839,9.347826086956522
2017,tyler boyd,Tyler Boyd,CIN,WR,10,32,22,225,2,0,14,205,91,4.935726026270622,0.6875,7.03125,10.227272727272727,0.0625,6.40625,4.136363636363637
2017,tyler lockett,Tyler Lockett,SEA,WR,16,71,45,555,2,0,23,907,188,13.268964080584855,0.6338028169014085,7.816901408450704,12.333333333333334,0.028169014084507043,12.774647887323944,4.177777777777778
2017,tyreek hill,Tyreek Hill,KC,WR,15,105,75,1183,7,0,41,1214,455,55.83549784655953,0.7142857142857143,11.266666666666667,15.773333333333333,0.06666666666666667,11.561904761904762,6.066666666666666
2017,tyrell williams,Tyrell Williams,LAC,WR,16,69,43,728,4,1,29,988,320,25.948356785400836,0.6231884057971014,10.55072463768116,16.930232558139537,0.057971014492753624,14.318840579710145,7.441860465116279
2017,victor bolden,Victor Bolden,SF,WR,8,0,0,0,0,0,0,0,0,NA,NA,NA,NA,NA,NA,NA
2017,vince mayle,Vince Mayle,BAL,TE,12,1,0,0,0,0,0,7,0,-0.6086202956503257,0,0,NA,0,7,NA
2017,will fuller,Will Fuller,HOU,WR,10,50,28,423,7,0,21,794,99,11.601080227257999,0.56,8.46,15.107142857142858,0.14,15.88,3.5357142857142856
2017,willie snead,Willie Snead,NO,WR,8,16,8,92,0,0,4,102,32,-1.751362743867059,0.5,5.75,11.5,0,6.375,4
2017,zay jones,Zay Jones,BUF,WR,14,74,27,316,2,0,19,994,63,-14.758285795448781,0.36486486486486486,4.27027027027027,11.703703703703704,0.02702702702702703,13.432432432432432,2.3333333333333335
2018,a j green,A.J. Green,CIN,WR,9,77,46,694,6,2,37,958,163,28.690858022653796,0.5974025974025974,9.012987012987013,15.08695652173913,0.07792207792207792,12.441558441558442,3.5434782608695654
2018,adam humphries,Adam Humphries,TB,WR,16,105,76,816,5,0,48,661,415,38.97349099955333,0.7238095238095238,7.771428571428571,10.736842105263158,0.047619047619047616,6.295238095238095,5.4605263157894735
2018,adam thielen,Adam Thielen,MIN,WR,16,153,113,1373,9,1,74,1443,416,57.16984805656414,0.738562091503268,8.973856209150327,12.150442477876107,0.058823529411764705,9.431372549019608,3.6814159292035398
2018,ahmad thomas,Ahmad Thomas,IND,LB,1,0,0,0,0,0,0,0,0,NA,NA,NA,NA,NA,NA,NA
2018,albert wilson,Albert Wilson,MIA,WR,7,35,26,391,4,0,11,246,335,10.864029575372115,0.7428571428571429,11.17142857142857,15.038461538461538,0.11428571428571428,7.0285714285714285,12.884615384615385
2018,aldrick robinson,Aldrick Robinson,MIN,WR,14,35,17,231,5,0,12,601,42,9.123688747541161,0.4857142857142857,6.6,13.588235294117647,0.14285714285714285,17.17142857142857,2.4705882352941178
2018,alex erickson,Alex Erickson,CIN,WR,16,29,20,167,0,0,7,265,75,1.3854515431540495,0.6896551724137931,5.758620689655173,8.35,0,9.137931034482758,3.75
2018,allen hurns,Allen Hurns,DAL,WR,14,35,20,295,2,1,11,399,78,13.281690645253692,0.5714285714285714,8.428571428571429,14.75,0.05714285714285714,11.4,3.9
2018,allen lazard,Allen Lazard,GB,WR,1,1,1,7,0,0,0,7,0,0.3258859268389642,1,7,7,0,7,0
2018,allen robinson,Allen Robinson,CHI,WR,13,94,55,754,4,1,36,1141,216,21.359216246284447,0.5851063829787234,8.02127659574468,13.709090909090909,0.0425531914893617,12.138297872340425,3.9272727272727272
2018,alshon jeffery,Alshon Jeffery,PHI,WR,13,92,65,843,6,1,49,1013,272,46.41484980411651,0.7065217391304348,9.16304347826087,12.96923076923077,0.06521739130434782,11.01086956521739,4.184615384615385
2018,amari cooper,Amari Cooper,DAL,WR,15,107,75,1005,7,2,53,1048,415,28.446020306700714,0.7009345794392523,9.392523364485982,13.4,0.06542056074766354,9.794392523364486,5.533333333333333
2018,andre holmes,Andre Holmes,DEN,WR,13,24,13,162,0,0,8,313,50,1.09109961532522,0.5416666666666666,6.75,12.461538461538462,0,13.041666666666666,3.8461538461538463
2018,andre roberts,Andre Roberts,NYJ,WR,16,18,10,79,1,0,4,153,17,-6.519613921060227,0.5555555555555556,4.388888888888889,7.9,0.05555555555555555,8.5,1.7
2018,andy jones,Andy Jones,DET,WR,6,24,11,80,1,0,6,219,26,-3.6557247393147807,0.4583333333333333,3.3333333333333335,7.2727272727272725,0.041666666666666664,9.125,2.3636363636363638
2018,anthony miller,Anthony Miller,CHI,WR,15,54,33,423,7,0,19,604,170,22.69112068935801,0.6111111111111112,7.833333333333333,12.818181818181818,0.12962962962962962,11.185185185185185,5.151515151515151
2018,antonio brown,Antonio Brown,PIT,WR,15,168,104,1297,15,0,63,1891,485,25.73871904556821,0.6190476190476191,7.720238095238095,12.471153846153847,0.08928571428571429,11.255952380952381,4.663461538461538
2018,antonio callaway,Antonio Callaway,CLE,WR,16,79,43,586,5,1,27,1093,236,-13.872374927806234,0.5443037974683544,7.417721518987341,13.627906976744185,0.06329113924050633,13.835443037974683,5.488372093023256
2018,auden tate,Auden Tate,CIN,WR,5,12,4,35,0,0,2,122,2,-6.885728283086792,0.3333333333333333,2.9166666666666665,8.75,0,10.166666666666666,0.5
2018,austin carr,Austin Carr,NO,WR,9,14,9,97,2,0,5,131,22,6.957009186996713,0.6428571428571429,6.928571428571429,10.777777777777779,0.14285714285714285,9.357142857142858,2.4444444444444446
2018,bennie fowler,Bennie Fowler,NYG,WR,10,27,16,199,1,1,12,261,76,11.148995845171157,0.5925925925925926,7.37037037037037,12.4375,0.037037037037037035,9.666666666666666,4.75
2018,bobo wilson,Bobo Wilson,TB,WR,5,5,4,52,0,0,2,54,20,0.7902646153233945,0.8,10.4,13,0,10.8,5
2018,brandin cooks,Brandin Cooks,LA,WR,15,117,80,1204,5,1,56,1498,346,56.79046279721018,0.6837606837606838,10.290598290598291,15.05,0.042735042735042736,12.803418803418804,4.325
2018,brandon lafell,Brandon LaFell,LV,WR,4,16,12,135,2,0,9,133,53,9.545440757310201,0.75,8.4375,11.25,0.125,8.3125,4.416666666666667
2018,brandon marshall,Brandon Marshall,SEA/DEN,WR,17,23,11,136,1,0,7,257,23,-2.5143833623611003,0.4782608695652174,5.913043478260869,12.363636363636363,0.043478260869565216,11.173913043478262,2.090909090909091
2018,brandon powell,Brandon Powell,DET,WR,6,17,11,129,0,0,6,57,115,3.8456888650185315,0.6470588235294118,7.588235294117647,11.727272727272727,0,3.3529411764705883,10.454545454545455
2018,brandon tate,Brandon Tate,NO,WR,1,0,0,0,0,0,0,0,0,NA,NA,NA,NA,NA,NA,NA
2018,brandon zylstra,Brandon Zylstra,MIN,WR,5,2,1,23,0,0,1,43,8,0.2106180161354132,0.5,11.5,23,0,21.5,8
2018,breshad perriman,Breshad Perriman,CLE,WR,10,25,16,340,2,0,13,459,75,19.239862038753927,0.64,13.6,21.25,0.08,18.36,4.6875
2018,brian quick,Brian Quick,WAS,WR,2,3,3,18,0,0,2,17,1,2.321300958516076,1,6,6,0,5.666666666666667,0.3333333333333333
2018,brice butler,Brice Butler,MIA,WR,6,10,6,60,1,0,4,138,1,1.1553999001625925,0.6,6,10,0.1,13.8,0.16666666666666666
2018,bruce ellington,Bruce Ellington,DET,WR,7,42,31,224,1,0,14,204,108,0.8546899637538292,0.7380952380952381,5.333333333333333,7.225806451612903,0.023809523809523808,4.857142857142857,3.4838709677419355
2018,calvin ridley,Calvin Ridley,ATL,WR,16,92,64,821,10,2,39,936,364,35.496222248432446,0.6956521739130435,8.923913043478262,12.828125,0.10869565217391304,10.173913043478262,5.6875
2018,cam phillips,Cam Phillips,BUF,WR,2,1,1,9,0,0,0,2,7,0.3518520479556173,1,9,9,0,2,7
2018,cameron batson,Cameron Batson,TEN,WR,8,11,8,82,0,0,5,73,54,-1.950682099093683,0.7272727272727273,7.454545454545454,10.25,0,6.636363636363637,6.75
2018,cameron meredith,Cameron Meredith,NO,WR,3,10,9,114,1,1,4,92,38,1.606668576885768,0.9,11.4,12.666666666666666,0.1,9.2,4.222222222222222
2018,chad beebe,Chad Beebe,MIN,WR,3,4,4,39,0,0,3,27,12,3.847014303668402,1,9.75,9.75,0,6.75,3
2018,chad williams,Chad Williams,ARI,WR,10,46,17,171,1,0,9,586,16,-17.672273260353684,0.3695652173913043,3.717391304347826,10.058823529411764,0.021739130434782608,12.73913043478261,0.9411764705882353
2018,chandler jones,Chandler Jones,ARI,DE,16,0,0,0,0,0,0,0,0,NA,NA,NA,NA,NA,NA,NA
2018,charone peake,Charone Peake,NYJ,WR,6,3,2,25,0,0,2,32,4,-3.9269224772579037,0.6666666666666666,8.333333333333334,12.5,0,10.666666666666666,2
2018,chester rogers,Chester Rogers,IND,WR,16,72,53,485,2,0,28,457,258,12.276432766850235,0.7361111111111112,6.736111111111111,9.150943396226415,0.027777777777777776,6.347222222222222,4.867924528301887
2018,chris conley,Chris Conley,KC,WR,16,52,32,334,5,2,18,435,140,10.665284123221898,0.6153846153846154,6.423076923076923,10.4375,0.09615384615384616,8.365384615384615,4.375
2018,chris hogan,Chris Hogan,NE,WR,15,55,35,532,3,0,22,652,193,21.275753913663166,0.6363636363636364,9.672727272727272,15.2,0.05454545454545454,11.854545454545455,5.514285714285714
2018,chris lacy,Chris Lacy,DET,WR,1,1,0,0,0,0,0,9,0,-0.49524105165619403,0,0,NA,0,9,NA
2018,chris moore,Chris Moore,BAL,WR,15,25,19,196,1,0,8,288,59,9.032177807145224,0.76,7.84,10.31578947368421,0.04,11.52,3.1052631578947367
2018,chris thompson,Chris Thompson,WAS,RB,10,55,41,268,1,0,12,80,219,-3.1597166053711487,0.7454545454545455,4.872727272727273,6.536585365853658,0.01818181818181818,1.4545454545454546,5.341463414634147
2018,christian kirk,Christian Kirk,ARI,WR,12,68,43,590,3,0,21,654,225,9.216901698600967,0.6323529411764706,8.676470588235293,13.720930232558139,0.04411764705882353,9.617647058823529,5.232558139534884
2018,cody core,Cody Core,CIN,WR,10,28,13,160,1,0,7,367,36,2.1869792346226498,0.4642857142857143,5.714285714285714,12.307692307692308,0.03571428571428571,13.107142857142858,2.769230769230769
2018,cody latimer,Cody Latimer,NYG,WR,6,16,11,190,1,0,6,318,23,11.226079690561164,0.6875,11.875,17.272727272727273,0.0625,19.875,2.090909090909091
2018,cole beasley,Cole Beasley,DAL,WR,16,87,65,672,3,0,39,644,213,45.47449393645592,0.7471264367816092,7.724137931034483,10.338461538461539,0.034482758620689655,7.402298850574713,3.276923076923077
2018,cooper kupp,Cooper Kupp,LA,WR,8,55,40,566,6,0,25,460,303,35.6904458918328,0.7272727272727273,10.290909090909091,14.15,0.10909090909090909,8.363636363636363,7.575
2018,corey coleman,Corey Coleman,NYG,WR,8,8,5,71,0,0,5,100,8,5.716740560426842,0.625,8.875,14.2,0,12.5,1.6
2018,corey davis,Corey Davis,TEN,WR,16,112,65,891,4,1,47,1159,267,30.047386738862663,0.5803571428571429,7.955357142857143,13.707692307692307,0.03571428571428571,10.348214285714286,4.107692307692307
2018,courtland sutton,Courtland Sutton,DEN,WR,16,84,42,704,4,0,31,1178,163,12.687085229922438,0.5,8.380952380952381,16.761904761904763,0.047619047619047616,14.023809523809524,3.880952380952381
2018,curtis samuel,Curtis Samuel,CAR,WR,13,65,39,494,5,0,24,776,111,8.35417715011863,0.6,7.6,12.666666666666666,0.07692307692307693,11.938461538461539,2.8461538461538463
2018,da mari scott,Da'Mari Scott,BUF,WR,1,0,0,0,0,0,0,0,0,NA,NA,NA,NA,NA,NA,NA
2018,daesean hamilton,DaeSean Hamilton,DEN,WR,11,46,30,243,2,0,16,397,67,6.318098905554507,0.6521739130434783,5.282608695652174,8.1,0.043478260869565216,8.630434782608695,2.2333333333333334
2018,damiere byrd,Damiere Byrd,CAR,WR,7,2,1,8,0,0,1,25,1,-1.090431323973462,0.5,4,8,0,12.5,1
2018,damion ratley,Damion Ratley,CLE,WR,5,20,13,144,0,0,5,227,51,0.3225212873513811,0.65,7.2,11.076923076923077,0,11.35,3.923076923076923
2018,danny amendola,Danny Amendola,MIA,WR,15,79,59,575,1,0,27,589,229,-2.7380614959452387,0.7468354430379747,7.2784810126582276,9.745762711864407,0.012658227848101266,7.455696202531645,3.8813559322033897
2018,dante pettis,Dante Pettis,SF,WR,12,45,27,467,5,0,19,501,205,17.539478366822564,0.6,10.377777777777778,17.296296296296298,0.1111111111111111,11.133333333333333,7.592592592592593
2018,darius jennings,Darius Jennings,TEN,WR,14,15,11,101,0,0,2,153,37,-1.8181403869239148,0.7333333333333333,6.733333333333333,9.181818181818182,0,10.2,3.3636363636363638
2018,darrius heyward bey,Darrius Heyward-Bey,PIT,WR,8,2,1,9,0,0,0,25,10,0.2791185217211023,0.5,4.5,9,0,12.5,10
2018,darvin kidsy,Darvin Kidsy,WAS,WR,1,2,1,8,0,0,1,18,2,1.993958842358552,0.5,4,8,0,9,2
2018,davante adams,Davante Adams,GB,WR,15,169,111,1386,13,0,64,1906,475,81.60807196811716,0.6568047337278107,8.201183431952662,12.486486486486486,0.07692307692307693,11.278106508875739,4.2792792792792795
2018,david moore,David Moore,SEA,WR,14,53,26,445,5,2,19,839,93,11.817852405275444,0.49056603773584906,8.39622641509434,17.115384615384617,0.09433962264150944,15.830188679245284,3.576923076923077
2018,de anthony thomas,De'Anthony Thomas,KC,WR,5,5,3,29,1,0,3,68,30,2.2320516325125936,0.6,5.8,9.666666666666666,0.2,13.6,10
2018,deandre carter,DeAndre Carter,HOU,WR,13,25,22,216,0,1,11,86,150,7.261611666883074,0.88,8.64,9.818181818181818,0,3.44,6.818181818181818
2018,deandre hopkins,DeAndre Hopkins,HOU,WR,16,163,115,1572,11,2,81,1869,387,76.18711758378704,0.7055214723926381,9.644171779141104,13.669565217391304,0.06748466257668712,11.466257668711657,3.365217391304348
2018,dede westbrook,Dede Westbrook,JAX,WR,16,101,66,717,5,2,39,852,362,22.027247968129032,0.6534653465346535,7.099009900990099,10.863636363636363,0.04950495049504951,8.435643564356436,5.484848484848484
2018,demarcus robinson,Demarcus Robinson,KC,WR,14,33,22,288,4,0,12,386,116,9.826948309204752,0.6666666666666666,8.727272727272727,13.090909090909092,0.12121212121212122,11.696969696969697,5.2727272727272725
2018,demaryius thomas,Demaryius Thomas,HOU,WR,15,89,59,677,5,0,37,907,277,27.850222771787386,0.6629213483146067,7.606741573033708,11.474576271186441,0.056179775280898875,10.191011235955056,4.694915254237288
2018,deontay burnett,Deontay Burnett,NYJ,WR,5,15,10,143,0,0,7,162,25,6.029267899342813,0.6666666666666666,9.533333333333333,14.3,0,10.8,2.5
2018,deonte thompson,Deonte Thompson,BUF,WR,13,30,17,161,0,0,10,377,38,-5.939142334100325,0.5666666666666667,5.366666666666666,9.470588235294118,0,12.566666666666666,2.235294117647059
2018,derrick johnson,Derrick Johnson,LV,LB,5,0,0,0,0,0,0,0,0,NA,NA,NA,NA,NA,NA,NA
2018,derrick jones,Derrick Jones,NYJ,CB,1,0,0,0,0,0,0,0,0,NA,NA,NA,NA,NA,NA,NA
2018,derrick willies,Derrick Willies,CLE,WR,1,5,3,61,0,1,2,57,32,0.732745485031046,0.6,12.2,20.333333333333332,0,11.4,10.666666666666666
2018,desean jackson,DeSean Jackson,TB,WR,12,74,41,774,4,0,31,1421,181,14.000156519695318,0.5540540540540541,10.45945945945946,18.878048780487806,0.05405405405405406,19.2027027027027,4.414634146341464
2018,devante parker,DeVante Parker,MIA,WR,11,47,24,309,1,0,14,608,94,1.2130028360968188,0.5106382978723404,6.574468085106383,12.875,0.02127659574468085,12.936170212765957,3.9166666666666665
2018,devin funchess,Devin Funchess,CAR,WR,14,79,44,549,4,0,35,1013,76,1.5113612549030222,0.5569620253164557,6.949367088607595,12.477272727272727,0.05063291139240506,12.822784810126583,1.7272727272727273
2018,dj chark,DJ Chark,JAX,WR,11,32,14,174,0,1,6,314,45,-12.559183318275004,0.4375,5.4375,12.428571428571429,0,9.8125,3.2142857142857144
2018,donte moncrief,Donte Moncrief,JAX,WR,16,89,48,668,3,0,29,1166,236,8.841532439965032,0.5393258426966292,7.50561797752809,13.916666666666666,0.033707865168539325,13.101123595505618,4.916666666666667
2018,dontrelle inman,Dontrelle Inman,IND,WR,8,39,28,304,3,0,16,401,58,23.832007669975965,0.717948717948718,7.794871794871795,10.857142857142858,0.07692307692307693,10.282051282051283,2.0714285714285716
2018,doug baldwin,Doug Baldwin,SEA,WR,13,73,50,618,5,0,32,830,156,36.43538712280276,0.684931506849315,8.465753424657533,12.36,0.0684931506849315,11.36986301369863,3.12
2018,dwayne harris,Dwayne Harris,LV,WR,15,6,6,40,0,1,2,-7,47,-1.151859609031817,1,6.666666666666667,6.666666666666667,0,-1.1666666666666667,7.833333333333333
2018,eli rogers,Eli Rogers,PIT,WR,3,14,12,79,0,1,5,62,40,1.1370856698341667,0.8571428571428571,5.642857142857143,6.583333333333333,0,4.428571428571429,3.3333333333333335
2018,emmanuel sanders,Emmanuel Sanders,DEN,WR,12,98,71,868,4,0,36,943,297,18.678641149075702,0.7244897959183674,8.857142857142858,12.225352112676056,0.04081632653061224,9.622448979591837,4.183098591549296
2018,equanimeous st brown,Equanimeous St. Brown,GB,WR,11,36,21,328,0,0,13,505,120,10.266845571847089,0.5833333333333334,9.11111111111111,15.619047619047619,0,14.027777777777779,5.714285714285714
2018,freddie martino,Freddie Martino,TB,WR,1,1,0,0,0,0,0,3,0,-2.092099741152769,0,0,NA,0,3,NA
2018,gehrig dieter,Gehrig Dieter,KC,WR,2,3,1,22,0,0,1,54,13,-1.5199202921357937,0.3333333333333333,7.333333333333333,22,0,18,13
2018,geremy davis,Geremy Davis,LAC,WR,5,1,0,0,0,0,0,0,0,-0.7954914977308363,0,0,NA,0,0,NA
2018,geronimo allison,Geronimo Allison,GB,WR,5,30,20,303,2,1,12,388,106,17.38324403551285,0.6666666666666666,10.1,15.15,0.06666666666666667,12.933333333333334,5.3
2018,golden tate,Golden Tate,PHI,WR,15,113,74,795,4,2,33,742,427,15.042471259041552,0.6548672566371682,7.035398230088496,10.743243243243244,0.035398230088495575,6.566371681415929,5.77027027027027
2018,isaiah ford,Isaiah Ford,MIA,WR,1,1,0,0,0,0,0,6,0,-0.7439061626209877,0,0,NA,0,6,NA
2018,isaiah mckenzie,Isaiah McKenzie,BUF,WR,8,30,18,179,0,0,10,246,76,0.5867288662666001,0.6,5.966666666666667,9.944444444444445,0,8.2,4.222222222222222
2018,j j jones,J.J. Jones,NYJ,WR,4,1,1,3,0,0,0,2,1,-0.6238946538651362,1,3,3,0,2,1
2018,j j nelson,J.J. Nelson,ARI,WR,9,19,7,64,0,0,4,358,24,-12.315986474413917,0.3684210526315789,3.3684210526315788,9.142857142857142,0,18.842105263157894,3.4285714285714284
2018,j mon moore,J'Mon Moore,GB,WR,7,3,2,15,0,0,1,19,6,-0.4876242187456228,0.6666666666666666,5,7.5,0,6.333333333333333,3
2018,jake kumerow,Jake Kumerow,GB,WR,5,11,8,103,1,0,4,111,23,7.742036345996894,0.7272727272727273,9.363636363636363,12.875,0.09090909090909091,10.090909090909092,2.875
2018,jakeem grant,Jakeem Grant,MIA,WR,10,34,21,268,2,0,13,275,140,11.298091192958232,0.6176470588235294,7.882352941176471,12.761904761904763,0.058823529411764705,8.088235294117647,6.666666666666667
2018,jalen tolliver,Jalen Tolliver,ARI,WR,3,6,3,37,0,0,3,83,14,-0.4535807525389828,0.5,6.166666666666667,12.333333333333334,0,13.833333333333334,4.666666666666667
2018,jamal agnew,Jamal Agnew,DET,WR,6,0,0,0,0,0,0,0,0,NA,NA,NA,NA,NA,NA,NA
2018,james washington,James Washington,PIT,WR,12,38,16,217,1,0,11,640,53,2.991474294969284,0.42105263157894735,5.7105263157894735,13.5625,0.02631578947368421,16.842105263157894,3.3125
2018,jamison crowder,Jamison Crowder,WAS,WR,9,49,29,388,2,0,15,461,204,11.170570054934636,0.5918367346938775,7.918367346938775,13.379310344827585,0.04081632653061224,9.408163265306122,7.0344827586206895
2018,janarion grant,Janarion Grant,BAL,WR,2,0,0,0,0,0,0,0,0,NA,NA,NA,NA,NA,NA,NA
2018,jarius wright,Jarius Wright,CAR,WR,16,59,43,447,1,3,25,365,198,11.477391762410441,0.7288135593220338,7.576271186440678,10.395348837209303,0.01694915254237288,6.186440677966102,4.604651162790698
2018,jaron brown,Jaron Brown,SEA,WR,12,19,14,166,5,0,9,244,46,17.41999465218396,0.7368421052631579,8.736842105263158,11.857142857142858,0.2631578947368421,12.842105263157896,3.2857142857142856
2018,jarvis landry,Jarvis Landry,CLE,WR,16,149,81,976,4,1,44,1645,274,-0.6695404128092494,0.5436241610738255,6.550335570469799,12.049382716049383,0.026845637583892617,11.04026845637584,3.382716049382716
2018,javon wims,Javon Wims,CHI,WR,2,5,4,32,0,0,2,34,2,2.233539526409004,0.8,6.4,8,0,6.8,0.5
2018,jawill davis,Jawill Davis,NYG,WR,7,8,4,40,0,0,3,127,4,1.0969587510860548,0.5,5,10,0,15.875,1
2018,jaydon mickens,Jaydon Mickens,JAX,WR,6,0,0,0,0,0,0,0,0,NA,NA,NA,NA,NA,NA,NA
2018,jehu chesson,Jehu Chesson,WAS,WR,6,2,1,7,0,0,1,22,0,1.119048398686573,0.5,3.5,7,0,11,0
2018,jeremy kerley,Jeremy Kerley,BUF,WR,1,4,2,7,0,0,0,15,15,-2.0337088025407866,0.5,1.75,3.5,0,3.75,7.5
2018,jermaine kearse,Jermaine Kearse,NYJ,WR,13,76,37,371,1,0,20,707,125,-6.9956193311596255,0.4868421052631579,4.881578947368421,10.027027027027026,0.013157894736842105,9.302631578947368,3.3783783783783785
2018,joe walker,Joe Walker,ARI,LB,6,0,0,0,0,0,0,0,0,NA,NA,NA,NA,NA,NA,NA
2018,john brown,John Brown,BAL,WR,16,97,42,715,5,0,28,1583,156,16.295025026528126,0.4329896907216495,7.371134020618556,17.023809523809526,0.05154639175257732,16.31958762886598,3.7142857142857144
2018,john ross,John Ross,CIN,WR,13,58,21,210,7,0,13,807,59,-21.53323482101056,0.3620689655172414,3.6206896551724137,10,0.1206896551724138,13.913793103448276,2.8095238095238093
2018,johnny holton,Johnny Holton,LV,WR,1,1,0,0,0,0,0,45,0,-0.744821694213897,0,0,NA,0,45,NA
2018,jojo natson,JoJo Natson,LA,WR,13,0,0,0,0,0,0,0,0,NA,NA,NA,NA,NA,NA,NA
2018,jordan matthews,Jordan Matthews,PHI,TE,11,28,20,300,2,0,14,285,83,17.71372689194216,0.7142857142857143,10.714285714285714,15,0.07142857142857142,10.178571428571429,4.15
2018,jordy nelson,Jordy Nelson,LV,WR,15,88,63,739,3,0,36,812,241,20.12270356851592,0.7159090909090909,8.397727272727273,11.73015873015873,0.03409090909090909,9.227272727272727,3.8253968253968256
2018,josh bellamy,Josh Bellamy,CHI,WR,14,25,14,117,1,0,8,294,46,-8.498983384540939,0.56,4.68,8.357142857142858,0.04,11.76,3.2857142857142856
2018,josh doctson,Josh Doctson,WAS,WR,15,78,44,532,2,0,31,1130,132,0.06900909173801906,0.5641025641025641,6.82051282051282,12.090909090909092,0.02564102564102564,14.487179487179487,3
2018,josh gordon,Josh Gordon,NE,WR,12,71,41,737,4,0,30,1014,264,35.34485662022345,0.5774647887323944,10.380281690140846,17.975609756097562,0.056338028169014086,14.28169014084507,6.439024390243903
2018,josh johnson,Josh Johnson,WAS,QB,4,0,0,0,0,0,0,0,0,NA,NA,NA,NA,NA,NA,NA
2018,josh malone,Josh Malone,CIN,WR,3,5,1,12,0,0,1,36,0,-7.437227292859461,0.2,2.4,12,0,7.2,0
2018,josh reynolds,Josh Reynolds,LA,WR,12,53,29,402,5,0,23,657,129,6.0970915253206215,0.5471698113207547,7.584905660377358,13.862068965517242,0.09433962264150944,12.39622641509434,4.448275862068965
2018,juju smith schuster,JuJu Smith-Schuster,PIT,WR,16,166,111,1426,7,1,67,1461,648,52.10090878440716,0.6686746987951807,8.590361445783133,12.846846846846846,0.04216867469879518,8.801204819277109,5.837837837837838
2018,julian edelman,Julian Edelman,NE,WR,12,108,74,850,6,0,41,831,348,25.83930809800154,0.6851851851851852,7.87037037037037,11.486486486486486,0.05555555555555555,7.694444444444445,4.702702702702703
2018,julio jones,Julio Jones,ATL,WR,16,170,113,1677,8,2,80,2377,448,68.96176188756698,0.6647058823529411,9.864705882352942,14.84070796460177,0.047058823529411764,13.98235294117647,3.9646017699115044
2018,justin hardy,Justin Hardy,ATL,WR,16,22,14,133,2,0,8,132,71,-0.12093831883976236,0.6363636363636364,6.045454545454546,9.5,0.09090909090909091,6,5.071428571428571
2018,justin hunter,Justin Hunter,PIT,WR,4,13,3,21,0,0,2,266,2,-3.96140977225828,0.23076923076923078,1.6153846153846154,7,0,20.46153846153846,0.6666666666666666
2018,justin watson,Justin Watson,TB,WR,7,3,1,5,0,0,0,15,0,-1.89102562982589,0.3333333333333333,1.6666666666666667,5,0,5,0
2018,kaelin clay,Kaelin Clay,NYG,WR,2,0,0,0,0,0,0,0,0,NA,NA,NA,NA,NA,NA,NA
2018,kamar aiken,Kamar Aiken,PHI,WR,3,7,6,53,0,0,2,47,11,-0.21040557592641562,0.8571428571428571,7.571428571428571,8.833333333333334,0,6.714285714285714,1.8333333333333333
2018,keelan cole,Keelan Cole,JAX,WR,14,70,38,491,1,2,25,691,136,-4.619932648813119,0.5428571428571428,7.014285714285714,12.921052631578947,0.014285714285714285,9.871428571428572,3.5789473684210527
2018,keenan allen,Keenan Allen,LAC,WR,15,136,97,1196,6,1,62,1169,403,58.47222582240636,0.7132352941176471,8.794117647058824,12.329896907216495,0.04411764705882353,8.595588235294118,4.154639175257732
2018,keith kirkwood,Keith Kirkwood,NO,WR,7,21,13,209,2,0,10,288,49,10.983537581865676,0.6190476190476191,9.952380952380953,16.076923076923077,0.09523809523809523,13.714285714285714,3.769230769230769
2018,keke coutee,Keke Coutee,HOU,WR,6,41,28,287,1,0,13,208,210,2.2172091346702265,0.6829268292682927,7,10.25,0.024390243902439025,5.073170731707317,7.5
2018,kendrick bourne,Kendrick Bourne,SF,WR,16,67,42,487,4,1,30,568,147,6.489901050646307,0.6268656716417911,7.268656716417911,11.595238095238095,0.05970149253731343,8.477611940298507,3.5
2018,kenny golladay,Kenny Golladay,DET,WR,15,119,70,1063,5,1,56,1475,350,49.75978507223327,0.5882352941176471,8.932773109243698,15.185714285714285,0.04201680672268908,12.394957983193278,5
2018,kenny stills,Kenny Stills,MIA,WR,15,64,37,553,6,0,27,1040,131,28.884151184695728,0.578125,8.640625,14.945945945945946,0.09375,16.25,3.5405405405405403
2018,keon hatcher,Keon Hatcher,LV,WR,2,2,1,8,0,0,0,14,8,-1.301157385110855,0.5,4,8,0,7,8
2018,kevin white,Kevin White,CHI,WR,3,8,4,92,0,0,3,185,6,-0.7030131961801089,0.5,11.5,23,0,23.125,1.5
2018,khadarel hodge,KhaDarel Hodge,LA,WR,6,3,2,17,0,0,1,24,0,-2.0050313068786636,0.6666666666666666,5.666666666666667,8.5,0,8,0
2018,kyle williams,Kyle Williams,BUF,DT,16,1,1,9,0,0,0,-1,10,0.5565327272051945,1,9,9,0,-1,10
2018,lance lenoir,Lance Lenoir,DAL,WR,1,0,0,0,0,0,0,0,0,NA,NA,NA,NA,NA,NA,NA
2018,laquon treadwell,Laquon Treadwell,MIN,WR,15,53,35,302,1,0,16,320,120,-11.564563894609513,0.660377358490566,5.69811320754717,8.628571428571428,0.018867924528301886,6.037735849056604,3.4285714285714284
2018,larry fitzgerald,Larry Fitzgerald,ARI,WR,16,112,69,734,6,0,39,1033,205,1.6673362071169415,0.6160714285714286,6.553571428571429,10.63768115942029,0.05357142857142857,9.223214285714286,2.971014492753623
2018,leonte carroo,Leonte Carroo,MIA,WR,5,4,2,94,1,0,2,105,36,6.87026060473629,0.5,23.5,47,0.25,26.25,18
2018,malik turner,Malik Turner,SEA,WR,3,3,2,20,0,0,1,11,14,0.9187523573637009,0.6666666666666666,6.666666666666667,10,0,3.6666666666666665,7
2018,marcell ateman,Marcell Ateman,LV,WR,7,31,15,154,1,0,7,339,31,-1.6332776340522213,0.4838709677419355,4.967741935483871,10.266666666666667,0.03225806451612903,10.935483870967742,2.066666666666667
2018,marcus johnson,Marcus Johnson,IND,WR,4,8,6,102,1,0,5,110,28,9.559566368184637,0.75,12.75,17,0.125,13.75,4.666666666666667
2018,marcus kemp,Marcus Kemp,KC,WR,5,2,1,7,0,0,0,4,8,-0.8026111635845155,0.5,3.5,7,0,2,8
2018,marquez valdes scantling,Marquez Valdes-Scantling,GB,WR,16,73,38,581,2,0,23,889,213,7.247093253930219,0.5205479452054794,7.958904109589041,15.289473684210526,0.0273972602739726,12.178082191780822,5.605263157894737
2018,marquise goodwin,Marquise Goodwin,SF,WR,11,44,23,395,4,1,20,615,126,9.557082711689873,0.5227272727272727,8.977272727272727,17.17391304347826,0.09090909090909091,13.977272727272727,5.478260869565218
2018,martavis bryant,Martavis Bryant,LV,WR,7,27,19,266,0,1,10,320,131,0.5992677746689878,0.7037037037037037,9.851851851851851,14,0,11.851851851851851,6.894736842105263
2018,marvin hall,Marvin Hall,ATL,WR,14,19,10,149,1,0,5,208,57,0.5598536581820809,0.5263157894736842,7.842105263157895,14.9,0.05263157894736842,10.947368421052632,5.7
2018,marvin jones,Marvin Jones,DET,WR,9,62,35,508,5,0,27,904,107,17.29347855206013,0.5645161290322581,8.193548387096774,14.514285714285714,0.08064516129032258,14.580645161290322,3.057142857142857
2018,matthew slater,Matthew Slater,NE,WR,9,0,0,0,0,0,0,0,0,NA,NA,NA,NA,NA,NA,NA
2018,maurice alexander,Maurice Alexander,SEA,LB,5,0,0,0,0,0,0,0,0,NA,NA,NA,NA,NA,NA,NA
2018,maurice harris,Maurice Harris,WAS,WR,11,47,28,304,0,0,12,464,100,-8.833983354091508,0.5957446808510638,6.468085106382978,10.857142857142858,0,9.872340425531915,3.5714285714285716
2018,michael bennett,Michael Bennett,PHI/ATL,DE,18,0,0,0,0,0,0,0,0,NA,NA,NA,NA,NA,NA,NA
2018,michael crabtree,Michael Crabtree,BAL,WR,16,100,54,607,3,0,35,1091,129,-3.934738807833363,0.54,6.07,11.24074074074074,0.03,10.91,2.388888888888889
2018,michael floyd,Michael Floyd,WAS,WR,10,24,10,100,1,0,5,343,29,-3.1619820024889442,0.4166666666666667,4.166666666666667,10,0.041666666666666664,14.291666666666666,2.9
2018,michael gallup,Michael Gallup,DAL,WR,15,68,33,507,2,0,21,957,173,8.702782129957688,0.4852941176470588,7.455882352941177,15.363636363636363,0.029411764705882353,14.073529411764707,5.242424242424242
2018,michael johnson,Michael Johnson,CIN,DE,13,0,0,0,0,0,0,0,0,NA,NA,NA,NA,NA,NA,NA
2018,michael thomas,Michael Thomas,NYG/NO,DB,32,147,125,1405,9,2,75,1134,514,84.23303383044963,0.8503401360544217,9.5578231292517,11.24,0.061224489795918366,7.714285714285714,4.112
2018,mike evans,Mike Evans,TB,WR,16,138,86,1524,8,1,69,2147,282,59.715864680378324,0.6231884057971014,11.043478260869565,17.72093023255814,0.057971014492753624,15.557971014492754,3.2790697674418605
2018,mike wallace,Mike Wallace,PHI,WR,1,3,0,0,0,0,0,109,0,-0.7305784642230719,0,0,NA,0,36.333333333333336,NA
2018,mike williams,Mike Williams,LAC,WR,16,66,43,664,10,0,36,974,118,48.19609137453155,0.6515151515151515,10.06060606060606,15.44186046511628,0.15151515151515152,14.757575757575758,2.744186046511628
2018,mohamed sanu,Mohamed Sanu,ATL,WR,16,94,66,838,4,2,41,754,401,46.01487200983832,0.7021276595744681,8.914893617021276,12.696969696969697,0.0425531914893617,8.02127659574468,6.075757575757576
2018,nelson agholor,Nelson Agholor,PHI,WR,16,97,64,736,4,1,29,1006,345,31.4352554737904,0.6597938144329897,7.587628865979381,11.5,0.041237113402061855,10.371134020618557,5.390625
2018,nick williams,Nick Williams,LA/CHI,WR,5,5,2,17,0,0,1,47,5,-3.2232726339038122,0.4,3.4,8.5,0,9.4,2.5
2018,noah brown,Noah Brown,DAL,WR,7,8,5,54,0,0,2,75,20,1.8283106333692558,0.625,6.75,10.8,0,9.375,4
2018,odell beckham jr,Odell Beckham Jr.,NYG,WR,12,124,77,1052,6,0,51,1412,315,31.035721994048323,0.6209677419354839,8.483870967741936,13.662337662337663,0.04838709677419355,11.387096774193548,4.090909090909091
2018,paul richardson,Paul Richardson,WAS,WR,7,35,20,262,2,0,12,432,46,7.824051356466953,0.5714285714285714,7.485714285714286,13.1,0.05714285714285714,12.342857142857143,2.3
2018,pharoh cooper,Pharoh Cooper,ARI,WR,7,1,0,0,0,0,0,6,0,-1.0020666057243943,0,0,NA,0,6,NA
2018,phillip dorsett,Phillip Dorsett,NE,WR,11,42,32,290,3,0,17,442,100,4.3560179193736985,0.7619047619047619,6.904761904761905,9.0625,0.07142857142857142,10.523809523809524,3.125
2018,pierre garcon,Pierre Garcon,SF,WR,8,46,24,286,1,0,14,407,98,4.822645611027976,0.5217391304347826,6.217391304347826,11.916666666666666,0.021739130434782608,8.847826086956522,4.083333333333333
2018,quadree henderson,Quadree Henderson,NYG,WR,5,0,0,0,0,0,0,0,0,NA,NA,NA,NA,NA,NA,NA
2018,quincy enunwa,Quincy Enunwa,NYJ,WR,11,68,38,449,1,2,22,487,285,-2.9041484035134593,0.5588235294117647,6.602941176470588,11.81578947368421,0.014705882352941176,7.161764705882353,7.5
2018,randall cobb,Randall Cobb,GB,WR,9,61,38,383,2,1,18,522,233,2.080078100334066,0.6229508196721312,6.278688524590164,10.078947368421053,0.03278688524590164,8.557377049180328,6.131578947368421
2018,rashad greene,Rashad Greene,JAX,WR,7,8,6,60,0,2,3,60,15,0.5849626668496057,0.75,7.5,10,0,7.5,2.5
2018,rashard higgins,Rashard Higgins,CLE,WR,13,53,39,572,4,2,27,594,146,29.178309583553407,0.7358490566037735,10.79245283018868,14.666666666666666,0.07547169811320754,11.20754716981132,3.7435897435897436
2018,ray ray mccloud,Ray-Ray McCloud,BUF,WR,8,6,5,36,0,0,2,13,28,-0.5715004879748449,0.8333333333333334,6,7.2,0,2.1666666666666665,5.6
2018,richie james,Richie James,SF,WR,12,14,9,130,1,0,4,56,101,-4.700166995608015,0.6428571428571429,9.285714285714286,14.444444444444445,0.07142857142857142,4,11.222222222222221
2018,riley mccarron,Riley McCarron,NE,WR,1,1,0,0,0,0,0,27,0,-0.5395764196291566,0,0,NA,0,27,NA
2018,rishard matthews,Rishard Matthews,NYJ,WR,6,9,5,24,0,0,1,45,5,-3.3011899778710982,0.5555555555555556,2.6666666666666665,4.8,0,5,1
2018,river cracraft,River Cracraft,DEN,WR,8,2,1,44,0,0,1,74,1,0.1950834181625396,0.5,22,44,0,37,1
2018,robbie chosen,Robbie Chosen,NYJ,WR,14,94,50,752,6,2,30,1495,180,8.85236043484386,0.5319148936170213,8,15.04,0.06382978723404255,15.904255319148936,3.6
2018,robert foster,Robert Foster,BUF,WR,11,44,27,541,3,0,20,906,167,36.378686328824216,0.6136363636363636,12.295454545454545,20.037037037037038,0.06818181818181818,20.59090909090909,6.185185185185185
2018,robert woods,Robert Woods,LA,WR,16,130,86,1219,6,0,66,1483,420,61.293135247290465,0.6615384615384615,9.376923076923077,14.174418604651162,0.046153846153846156,11.407692307692308,4.883720930232558
2018,rod streater,Rod Streater,CLE,WR,1,0,0,0,0,0,0,0,0,NA,NA,NA,NA,NA,NA,NA
2018,russell gage,Russell Gage,ATL,WR,9,10,6,63,0,0,2,105,19,3.9139236978953704,0.6,6.3,10.5,0,10.5,3.1666666666666665
2018,russell shepard,Russell Shepard,NYG,WR,8,19,10,188,2,0,7,333,16,6.761215153692047,0.5263157894736842,9.894736842105264,18.8,0.10526315789473684,17.526315789473685,1.6
2018,ryan grant,Ryan Grant,IND,WR,14,52,35,334,1,0,18,475,93,10.105562247132184,0.6730769230769231,6.423076923076923,9.542857142857143,0.019230769230769232,9.134615384615385,2.657142857142857
2018,ryan switzer,Ryan Switzer,PIT,WR,16,44,36,253,1,0,15,148,137,6.3495394713448565,0.8181818181818182,5.75,7.027777777777778,0.022727272727272728,3.3636363636363638,3.8055555555555554
2018,sammie coates,Sammie Coates,HOU,WR,4,2,1,12,0,0,1,9,5,0.2602258964907378,0.5,6,12,0,4.5,5
2018,sammy watkins,Sammy Watkins,KC,WR,10,55,40,519,3,0,24,460,238,31.16478547216387,0.7272727272727273,9.436363636363636,12.975,0.05454545454545454,8.363636363636363,5.95
2018,seth roberts,Seth Roberts,LV,WR,15,64,45,494,2,0,24,572,211,24.732818695883392,0.703125,7.71875,10.977777777777778,0.03125,8.9375,4.688888888888889
2018,shelton gibson,Shelton Gibson,PHI,WR,5,3,1,48,0,0,1,100,0,0.23367100534960628,0.3333333333333333,16,48,0,33.333333333333336,0
2018,stacy coley,Stacy Coley,NYG,WR,2,1,0,0,0,0,0,9,0,-0.22384623857215047,0,0,NA,0,9,NA
2018,stefon diggs,Stefon Diggs,MIN,WR,15,149,102,1021,9,0,49,1286,438,8.548501646929534,0.6845637583892618,6.852348993288591,10.009803921568627,0.06040268456375839,8.630872483221477,4.294117647058823
2018,sterling shepard,Sterling Shepard,NYG,WR,16,107,66,872,4,0,47,1082,309,35.707296759389465,0.616822429906542,8.149532710280374,13.212121212121213,0.037383177570093455,10.11214953271028,4.681818181818182
2018,t y hilton,T.Y. Hilton,IND,WR,14,120,76,1270,6,0,55,1342,455,63.524430302733954,0.6333333333333333,10.583333333333334,16.710526315789473,0.05,11.183333333333334,5.9868421052631575
2018,tajae sharpe,Tajae Sharpe,TEN,WR,15,47,26,316,2,0,22,503,83,4.836671485287754,0.5531914893617021,6.723404255319149,12.153846153846153,0.0425531914893617,10.702127659574469,3.1923076923076925
2018,tanner mcevoy,Tanner McEvoy,MIA,WR,1,0,0,0,0,0,0,0,0,NA,NA,NA,NA,NA,NA,NA
2018,taquan mizzell,Taquan Mizzell,CHI,RB,8,10,8,78,1,0,4,50,34,4.044338186766254,0.8,7.8,9.75,0.1,5,4.25
2018,tavon austin,Tavon Austin,DAL,WR,7,13,8,140,2,0,5,208,37,2.7909867776324973,0.6153846153846154,10.76923076923077,17.5,0.15384615384615385,16,4.625
2018,taylor gabriel,Taylor Gabriel,CHI,WR,16,93,67,688,2,1,31,1039,216,26.71875612806775,0.7204301075268817,7.397849462365591,10.26865671641791,0.021505376344086023,11.172043010752688,3.2238805970149254
2018,taywan taylor,Taywan Taylor,TEN,WR,13,56,37,466,1,1,19,732,161,0.4650146774908027,0.6607142857142857,8.321428571428571,12.594594594594595,0.017857142857142856,13.071428571428571,4.351351351351352
2018,terrance williams,Terrance Williams,DAL,WR,2,3,2,18,0,0,1,27,6,0.6237396486103535,0.6666666666666666,6,9,0,9,3
2018,terrelle pryor,Terrelle Pryor,BUF,WR,8,30,16,252,2,0,11,372,62,4.022542124697342,0.5333333333333333,8.4,15.75,0.06666666666666667,12.4,3.875
2018,tim patrick,Tim Patrick,DEN,WR,12,41,23,315,1,2,15,435,112,3.326771789936956,0.5609756097560976,7.682926829268292,13.695652173913043,0.024390243902439025,10.609756097560975,4.869565217391305
2018,tim white,Tim White,BAL,WR,3,1,1,14,0,0,1,14,0,2.1641340674832463,1,14,14,0,14,0
2018,tommylee lewis,Tommylee Lewis,NO,WR,7,3,3,60,1,0,3,59,1,5.036624509841204,1,20,20,0.3333333333333333,19.666666666666668,0.3333333333333333
2018,tony brown,Tony Brown,GB,DB,10,0,0,0,0,0,0,0,0,NA,NA,NA,NA,NA,NA,NA
2018,torrey smith,Torrey Smith,CAR,WR,8,31,17,190,2,0,12,417,48,7.399663475444075,0.5483870967741935,6.129032258064516,11.176470588235293,0.06451612903225806,13.451612903225806,2.823529411764706
2018,travis benjamin,Travis Benjamin,LAC,WR,12,24,12,186,1,0,9,472,65,-2.617685193865327,0.5,7.75,15.5,0.041666666666666664,19.666666666666668,5.416666666666667
2018,tre quan smith,Tre'Quan Smith,NO,WR,13,44,28,427,5,0,23,517,116,23.72305752482498,0.6363636363636364,9.704545454545455,15.25,0.11363636363636363,11.75,4.142857142857143
2018,trent sherfield,Trent Sherfield,ARI,WR,9,28,19,210,1,0,11,315,38,5.988651794523182,0.6785714285714286,7.5,11.052631578947368,0.03571428571428571,11.25,2
2018,trent taylor,Trent Taylor,SF,WR,13,40,26,215,1,0,11,239,101,-6.390503083981341,0.65,5.375,8.26923076923077,0.025,5.975,3.8846153846153846
2018,trevor davis,Trevor Davis,GB,WR,2,0,0,0,0,0,0,0,0,NA,NA,NA,NA,NA,NA,NA
2018,trey quinn,Trey Quinn,WAS,WR,3,10,9,75,1,0,5,73,17,0.2574326132889837,0.9,7.5,8.333333333333334,0.1,7.3,1.8888888888888888
2018,ty montgomery,Ty Montgomery,BAL,WR,13,40,25,235,0,0,7,68,213,-5.521360935817938,0.625,5.875,9.4,0,1.7,8.52
2018,tyler boyd,Tyler Boyd,CIN,WR,14,108,76,1028,7,0,54,1008,418,72.99665160286108,0.7037037037037037,9.518518518518519,13.526315789473685,0.06481481481481481,9.333333333333334,5.5
2018,tyler lockett,Tyler Lockett,SEA,WR,16,70,57,965,10,1,37,953,213,74.89907241786165,0.8142857142857143,13.785714285714286,16.92982456140351,0.14285714285714285,13.614285714285714,3.736842105263158
2018,tyreek hill,Tyreek Hill,KC,WR,16,137,87,1479,12,0,60,2026,527,81.78507907917542,0.635036496350365,10.795620437956204,17,0.08759124087591241,14.788321167883211,6.057471264367816
2018,tyrell williams,Tyrell Williams,LAC,WR,15,65,41,653,5,2,30,806,195,24.338325792725925,0.6307692307692307,10.046153846153846,15.926829268292684,0.07692307692307693,12.4,4.7560975609756095
2018,victor bolden,Victor Bolden,BUF,WR,3,4,1,10,0,0,1,47,1,-2.803767072298797,0.25,2.5,10,0,11.75,1
2018,vyncint smith,Vyncint Smith,HOU,WR,4,10,5,91,1,0,3,193,6,3.391473364055855,0.5,9.1,18.2,0.1,19.3,1.2
2018,will fuller,Will Fuller,HOU,WR,7,45,32,503,4,0,23,662,166,31.365112055510984,0.7111111111111111,11.177777777777777,15.71875,0.08888888888888889,14.71111111111111,5.1875
2018,willie snead,Willie Snead,BAL,WR,15,95,62,651,1,0,37,770,282,5.16020262218723,0.6526315789473685,6.852631578947369,10.5,0.010526315789473684,8.105263157894736,4.548387096774194
2018,zach pascal,Zach Pascal,IND,WR,14,46,27,268,2,0,15,438,81,-4.782546684620978,0.5869565217391305,5.826086956521739,9.925925925925926,0.043478260869565216,9.521739130434783,3
2018,zay jones,Zay Jones,BUF,WR,16,102,56,652,7,1,33,1226,142,0.49097685757819187,0.5490196078431373,6.392156862745098,11.642857142857142,0.06862745098039216,12.019607843137255,2.5357142857142856
2019,a j brown,A.J. Brown,TEN,WR,16,84,52,1051,8,1,39,1107,465,49.557836954787206,0.6190476190476191,12.511904761904763,20.21153846153846,0.09523809523809523,13.178571428571429,8.942307692307692
2019,adam humphries,Adam Humphries,TEN,WR,12,47,37,374,2,0,20,351,120,16.815918813186034,0.7872340425531915,7.957446808510638,10.108108108108109,0.0425531914893617,7.468085106382978,3.2432432432432434
2019,adam thielen,Adam Thielen,MIN,WR,10,48,30,418,6,0,18,586,117,19.65867541752011,0.625,8.708333333333334,13.933333333333334,0.125,12.208333333333334,3.9
2019,ahmad thomas,Ahmad Thomas,ATL,LB,1,0,0,0,0,0,0,0,0,NA,NA,NA,NA,NA,NA,NA
2019,albert wilson,Albert Wilson,MIA,WR,13,62,43,351,1,0,22,327,179,4.941902907507028,0.6935483870967742,5.661290322580645,8.162790697674419,0.016129032258064516,5.274193548387097,4.162790697674419
2019,alex erickson,Alex Erickson,CIN,WR,16,78,43,529,0,1,26,685,227,-9.91224208404907,0.5512820512820513,6.782051282051282,12.30232558139535,0,8.782051282051283,5.27906976744186
2019,alexander hollins,Alexander Hollins,MIN,WR,2,4,2,46,0,0,2,75,6,1.0903646012746537,0.5,11.5,23,0,18.75,3
2019,allen hurns,Allen Hurns,MIA,WR,14,47,32,416,2,1,18,507,96,16.386341612795555,0.6808510638297872,8.851063829787234,13,0.0425531914893617,10.787234042553191,3
2019,allen lazard,Allen Lazard,GB,WR,12,52,35,477,3,0,24,736,131,28.52228903901414,0.6730769230769231,9.173076923076923,13.628571428571428,0.057692307692307696,14.153846153846153,3.742857142857143
2019,allen robinson,Allen Robinson,CHI,WR,16,154,98,1147,7,0,63,1702,272,41.167987832213406,0.6363636363636364,7.4480519480519485,11.704081632653061,0.045454545454545456,11.051948051948052,2.7755102040816326
2019,alshon jeffery,Alshon Jeffery,PHI,WR,9,73,43,490,4,0,36,803,116,9.211864992602736,0.589041095890411,6.712328767123288,11.395348837209303,0.0547945205479452,11,2.697674418604651
2019,amari cooper,Amari Cooper,DAL,WR,16,119,79,1189,8,0,54,1523,240,52.46482940563674,0.6638655462184874,9.991596638655462,15.050632911392405,0.06722689075630252,12.798319327731093,3.037974683544304
2019,andre patton,Andre Patton,LAC,WR,8,17,6,56,0,0,4,272,28,-0.1817587765087847,0.35294117647058826,3.2941176470588234,9.333333333333334,0,16,4.666666666666667
2019,andre roberts,Andre Roberts,BUF,WR,13,7,3,20,0,0,1,109,5,-2.4162485988927074,0.42857142857142855,2.857142857142857,6.666666666666667,0,15.571428571428571,1.6666666666666667
2019,andy isabella,Andy Isabella,ARI,WR,12,13,9,189,1,0,4,82,140,11.823979745088264,0.6923076923076923,14.538461538461538,21,0.07692307692307693,6.3076923076923075,15.555555555555555
2019,anthony miller,Anthony Miller,CHI,WR,16,85,52,656,2,0,34,865,217,20.283292861139984,0.611764705882353,7.7176470588235295,12.615384615384615,0.023529411764705882,10.176470588235293,4.173076923076923
2019,antonio brown,Antonio Brown,NE,WR,1,8,4,56,1,0,3,92,7,2.0536659490748033,0.5,7,14,0.125,11.5,1.75
2019,antonio callaway,Antonio Callaway,CLE,WR,4,15,8,89,0,0,3,153,44,-7.24780752181117,0.5333333333333333,5.933333333333334,11.125,0,10.2,5.5
2019,ashton dulin,Ashton Dulin,IND,WR,8,2,2,17,0,0,0,-6,23,-0.42156618367880583,1,8.5,8.5,0,-3,11.5
2019,auden tate,Auden Tate,CIN,WR,12,80,40,575,1,1,29,933,134,7.3296323422084235,0.5,7.1875,14.375,0.0125,11.6625,3.35
2019,austin carr,Austin Carr,NO,WR,2,4,1,9,0,0,1,41,4,-1.2282090739070068,0.25,2.25,9,0,10.25,4
2019,bennie fowler,Bennie Fowler,NYG,WR,8,36,23,193,0,0,12,370,29,4.7030290372487595,0.6388888888888888,5.361111111111111,8.391304347826088,0,10.277777777777779,1.2608695652173914
2019,bobo wilson,Bobo Wilson,TB,WR,6,11,3,35,0,0,2,135,3,-11.108800250629429,0.2727272727272727,3.1818181818181817,11.666666666666666,0,12.272727272727273,1
2019,brandin cooks,Brandin Cooks,LA,WR,14,72,42,583,2,0,32,1004,169,17.609150399231478,0.5833333333333334,8.097222222222221,13.880952380952381,0.027777777777777776,13.944444444444445,4.023809523809524
2019,brandon zylstra,Brandon Zylstra,CAR,WR,5,12,8,106,0,0,5,160,10,5.457556397159351,0.6666666666666666,8.833333333333334,13.25,0,13.333333333333334,1.25
2019,braxton berrios,Braxton Berrios,NYJ,WR,16,13,6,115,0,0,3,107,87,0.5288416584953666,0.46153846153846156,8.846153846153847,19.166666666666668,0,8.23076923076923,14.5
2019,breshad perriman,Breshad Perriman,TB,WR,14,69,36,645,6,0,29,1128,127,28.64028909689873,0.5217391304347826,9.347826086956522,17.916666666666668,0.08695652173913043,16.347826086956523,3.5277777777777777
2019,byron pringle,Byron Pringle,KC,WR,12,16,12,170,1,0,7,178,63,7.159080422366969,0.75,10.625,14.166666666666666,0.0625,11.125,5.25
2019,c j board,C.J. Board,JAX,WR,2,4,2,31,0,0,1,31,6,-0.2528004284831695,0.5,7.75,15.5,0,7.75,3
2019,calvin ridley,Calvin Ridley,ATL,WR,13,93,63,866,7,0,47,1246,138,46.754113138943595,0.6774193548387096,9.311827956989248,13.746031746031745,0.07526881720430108,13.397849462365592,2.1904761904761907
2019,cam sims,Cam Sims,WAS,WR,3,3,2,27,0,0,1,35,8,1.9953935709781945,0.6666666666666666,9,13.5,0,11.666666666666666,4
2019,chad beebe,Chad Beebe,MIN,WR,3,2,2,70,0,0,2,4,66,6.3147899011091795,1,35,35,0,2,33
2019,chad williams,Chad Williams,IND,WR,1,1,0,0,0,0,0,15,0,-1.0844576968811452,0,0,NA,0,15,NA
2019,chandler jones,Chandler Jones,ARI,DE,16,0,0,0,0,0,0,0,0,NA,NA,NA,NA,NA,NA,NA
2019,chester rogers,Chester Rogers,IND,WR,10,28,16,179,2,0,11,243,69,8.08224491054548,0.5714285714285714,6.392857142857143,11.1875,0.07142857142857142,8.678571428571429,4.3125
2019,chris conley,Chris Conley,JAX,WR,16,90,47,775,5,0,36,1293,240,36.00992852146104,0.5222222222222223,8.61111111111111,16.48936170212766,0.05555555555555555,14.366666666666667,5.1063829787234045
2019,chris hogan,Chris Hogan,CAR,WR,7,15,8,67,0,0,3,122,29,-1.4322379477962386,0.5333333333333333,4.466666666666667,8.375,0,8.133333333333333,3.625
2019,chris lacy,Chris Lacy,DET,WR,4,10,3,60,0,0,2,134,9,-7.0539656023611315,0.3,6,20,0,13.4,3
2019,chris moore,Chris Moore,BAL,WR,7,5,3,21,0,0,0,61,10,-1.204615340800956,0.6,4.2,7,0,12.2,3.3333333333333335
2019,chris thompson,Chris Thompson,WAS,RB,11,58,42,378,0,1,16,101,337,-2.5568377826070012,0.7241379310344828,6.517241379310345,9,0,1.7413793103448276,8.023809523809524
2019,christian blake,Christian Blake,ATL,WR,7,24,11,91,0,0,5,184,24,-4.830818015048746,0.4583333333333333,3.7916666666666665,8.272727272727273,0,7.666666666666667,2.1818181818181817
2019,christian kirk,Christian Kirk,ARI,WR,13,108,68,709,3,0,31,1079,286,18.621992069290304,0.6296296296296297,6.564814814814815,10.426470588235293,0.027777777777777776,9.99074074074074,4.205882352941177
2019,cody core,Cody Core,NYG,WR,7,5,3,28,0,0,2,32,3,0.9164393155369908,0.6,5.6,9.333333333333334,0,6.4,1
2019,cody hollister,Cody Hollister,TEN,WR,3,2,2,13,0,0,0,10,3,0.18655621848301962,1,6.5,6.5,0,5,1.5
2019,cody latimer,Cody Latimer,NYG,WR,14,42,24,300,2,0,19,497,69,4.301605467364425,0.5714285714285714,7.142857142857143,12.5,0.047619047619047616,11.833333333333334,2.875
2019,cole beasley,Cole Beasley,BUF,WR,15,106,67,778,6,0,37,844,330,15.962949763499962,0.6320754716981132,7.339622641509434,11.611940298507463,0.05660377358490566,7.962264150943396,4.925373134328358
2019,cooper kupp,Cooper Kupp,LA,WR,16,134,94,1161,10,3,51,970,538,66.45693193061692,0.7014925373134329,8.664179104477611,12.351063829787234,0.07462686567164178,7.2388059701492535,5.723404255319149
2019,corey davis,Corey Davis,TEN,WR,15,69,43,601,2,1,33,830,217,34.33207314162864,0.6231884057971014,8.710144927536232,13.976744186046512,0.028985507246376812,12.028985507246377,5.046511627906977
2019,courtland sutton,Courtland Sutton,DEN,WR,16,124,72,1112,6,2,51,1436,352,50.33848615373541,0.5806451612903226,8.96774193548387,15.444444444444445,0.04838709677419355,11.580645161290322,4.888888888888889
2019,curtis samuel,Curtis Samuel,CAR,WR,16,105,54,627,6,0,36,1538,153,8.635538646602072,0.5142857142857142,5.9714285714285715,11.61111111111111,0.05714285714285714,14.647619047619047,2.8333333333333335
2019,cyril grayson,Cyril Grayson,TB,WR,1,1,1,3,0,0,0,2,1,-1.3904312084023176,1,3,3,0,2,1
2019,da mari scott,Da'Mari Scott,NYG,WR,5,3,2,22,0,0,2,19,14,1.1078750813030638,0.6666666666666666,7.333333333333333,11,0,6.333333333333333,7
2019,daesean hamilton,DaeSean Hamilton,DEN,WR,13,52,28,297,1,0,19,423,128,-0.8636450897144092,0.5384615384615384,5.711538461538462,10.607142857142858,0.019230769230769232,8.134615384615385,4.571428571428571
2019,damiere byrd,Damiere Byrd,ARI,WR,11,46,32,359,1,1,16,458,150,14.252060979313683,0.6956521739130435,7.804347826086956,11.21875,0.021739130434782608,9.956521739130435,4.6875
2019,damion ratley,Damion Ratley,CLE,WR,9,24,12,200,1,0,11,307,47,11.012048862115186,0.5,8.333333333333334,16.666666666666668,0.041666666666666664,12.791666666666666,3.9166666666666665
2019,damion willis,Damion Willis,CIN,WR,7,16,9,82,0,0,3,179,16,-1.4770114178245421,0.5625,5.125,9.11111111111111,0,11.1875,1.7777777777777777
2019,danny amendola,Danny Amendola,DET,WR,15,97,62,678,1,0,36,855,207,14.556618191871172,0.6391752577319587,6.989690721649485,10.935483870967742,0.010309278350515464,8.814432989690722,3.338709677419355
2019,dante pettis,Dante Pettis,SF,WR,9,24,11,109,2,0,7,189,23,-2.046573807754464,0.4583333333333333,4.541666666666667,9.909090909090908,0.08333333333333333,7.875,2.090909090909091
2019,darius jennings,Darius Jennings,TEN,WR,8,5,2,17,0,0,2,77,14,-1.1199249636556488,0.4,3.4,8.5,0,15.4,7
2019,darius slayton,Darius Slayton,NYG,WR,14,84,48,740,8,0,32,1178,192,32.98321270132443,0.5714285714285714,8.80952380952381,15.416666666666666,0.09523809523809523,14.023809523809524,4
2019,darrius shepherd,Darrius Shepherd,GB,WR,6,2,1,1,0,0,0,8,3,-7.770364667579997,0.5,0.5,1,0,4,3
2019,darvin kidsy,Darvin Kidsy,WAS,WR,1,0,0,0,0,0,0,0,0,NA,NA,NA,NA,NA,NA,NA
2019,davante adams,Davante Adams,GB,WR,12,127,83,997,5,2,54,1270,388,49.372686160942536,0.6535433070866141,7.850393700787402,12.012048192771084,0.03937007874015748,10,4.674698795180723
2019,david moore,David Moore,SEA,WR,14,34,17,301,2,1,14,482,128,6.5977633842895145,0.5,8.852941176470589,17.705882352941178,0.058823529411764705,14.176470588235293,7.529411764705882
2019,de anthony thomas,De'Anthony Thomas,BAL,WR,14,2,1,6,0,0,0,-1,3,-0.24766006378922611,0.5,3,6,0,-0.5,3
2019,deandre carter,DeAndre Carter,HOU,WR,16,14,11,162,0,0,6,151,57,7.207822197175119,0.7857142857142857,11.571428571428571,14.727272727272727,0,10.785714285714286,5.181818181818182
2019,deandre hopkins,DeAndre Hopkins,HOU,WR,15,150,104,1165,7,0,68,1517,387,59.909036032297436,0.6933333333333334,7.766666666666667,11.201923076923077,0.04666666666666667,10.113333333333333,3.7211538461538463
2019,deandrew white,DeAndrew White,CAR,WR,8,9,4,51,0,0,3,133,28,-3.470974192430731,0.4444444444444444,5.666666666666667,12.75,0,14.777777777777779,7
2019,dede westbrook,Dede Westbrook,JAX,WR,15,101,66,660,3,0,31,670,311,-0.037438622790943565,0.6534653465346535,6.534653465346534,10,0.0297029702970297,6.633663366336633,4.712121212121212
2019,demarcus robinson,Demarcus Robinson,KC,WR,15,55,32,449,4,0,19,732,103,12.941736614161183,0.5818181818181818,8.163636363636364,14.03125,0.07272727272727272,13.309090909090909,3.21875
2019,demaryius thomas,Demaryius Thomas,NYJ,WR,11,58,36,433,1,0,22,590,170,10.301719296599954,0.6206896551724138,7.4655172413793105,12.027777777777779,0.017241379310344827,10.172413793103448,4.722222222222222
2019,deon cain,Deon Cain,PIT,WR,11,20,9,124,0,0,7,227,22,-1.9670185821014456,0.45,6.2,13.777777777777779,0,11.35,2.4444444444444446
2019,deontay burnett,Deontay Burnett,PHI,WR,1,4,2,48,0,0,1,88,6,1.4192315010586753,0.5,12,24,0,22,3
2019,deonte harty,Deonte Harty,NO,WR,14,6,6,24,0,0,2,-13,37,-0.6251476678666548,1,4,4,0,-2.1666666666666665,6.166666666666667
2019,desean jackson,DeSean Jackson,PHI,WR,2,10,9,159,2,0,6,147,15,15.269081482605543,0.9,15.9,17.666666666666668,0.2,14.7,1.6666666666666667
2019,devante parker,DeVante Parker,MIA,WR,16,128,72,1202,9,0,58,1798,263,57.74218488756519,0.5625,9.390625,16.694444444444443,0.0703125,14.046875,3.6527777777777777
2019,devin funchess,Devin Funchess,IND,WR,1,5,3,32,0,0,2,49,6,3.1633725824649446,0.6,6.4,10.666666666666666,0,9.8,2
2019,devin smith,Devin Smith,DAL,WR,3,9,5,113,1,0,4,179,32,7.640205747273285,0.5555555555555556,12.555555555555555,22.6,0.1111111111111111,19.88888888888889,6.4
2019,diontae johnson,Diontae Johnson,PIT,WR,16,92,59,680,5,3,31,843,305,20.43145449354032,0.6413043478260869,7.391304347826087,11.525423728813559,0.05434782608695652,9.16304347826087,5.169491525423729
2019,diontae spencer,Diontae Spencer,DEN,WR,16,8,6,31,0,1,1,49,33,-2.538457585789729,0.75,3.875,5.166666666666667,0,6.125,5.5
2019,dj chark,DJ Chark,JAX,WR,15,118,73,1008,8,0,42,1391,316,34.669345252862584,0.6186440677966102,8.542372881355933,13.808219178082192,0.06779661016949153,11.788135593220339,4.328767123287672
2019,donte moncrief,Donte Moncrief,PIT,WR,4,15,4,18,0,0,1,202,3,-15.651088900425027,0.26666666666666666,1.2,4.5,0,13.466666666666667,0.75
2019,dontrelle inman,Dontrelle Inman,IND,WR,7,21,12,181,0,0,9,286,30,3.3179547235486098,0.5714285714285714,8.619047619047619,15.083333333333334,0,13.619047619047619,2.5
2019,duke williams,Duke Williams,BUF,WR,4,19,12,166,1,0,8,210,50,4.899763711437117,0.631578947368421,8.736842105263158,13.833333333333334,0.05263157894736842,11.052631578947368,4.166666666666667
2019,dwayne harris,Dwayne Harris,LV,WR,3,1,1,7,0,0,0,0,7,-0.5586881316266954,1,7,7,0,0,7
2019,emmanuel sanders,Emmanuel Sanders,SF,WR,17,97,66,869,5,0,41,1028,237,18.49478042788236,0.6804123711340206,8.958762886597938,13.166666666666666,0.05154639175257732,10.597938144329897,3.590909090909091
2019,fred brown,Fred Brown,DEN,WR,6,3,2,21,0,0,1,34,0,0.02402360294945538,0.6666666666666666,7,10.5,0,11.333333333333334,0
2019,gehrig dieter,Gehrig Dieter,KC,WR,2,0,0,0,0,0,0,0,0,NA,NA,NA,NA,NA,NA,NA
2019,geremy davis,Geremy Davis,LAC,WR,6,3,3,38,0,0,1,36,2,3.737691536778584,1,12.666666666666666,12.666666666666666,0,12,0.6666666666666666
2019,geronimo allison,Geronimo Allison,GB,WR,15,55,34,287,2,2,17,421,110,4.239191799007283,0.6181818181818182,5.218181818181818,8.441176470588236,0.03636363636363636,7.654545454545454,3.235294117647059
2019,golden tate,Golden Tate,NYG,WR,11,85,49,676,6,0,30,817,284,19.648802899057046,0.5764705882352941,7.952941176470588,13.795918367346939,0.07058823529411765,9.611764705882353,5.795918367346939
2019,greg dortch,Greg Dortch,CAR,WR,2,0,0,0,0,0,0,0,0,NA,NA,NA,NA,NA,NA,NA
2019,greg little,Greg Little,CAR,OT,2,0,0,0,0,0,0,0,0,NA,NA,NA,NA,NA,NA,NA
2019,greg ward,Greg Ward,PHI,WR,6,40,28,254,1,0,18,264,98,7.955861738518167,0.7,6.35,9.071428571428571,0.025,6.6,3.5
2019,gunner olszewski,Gunner Olszewski,NE,WR,8,4,2,34,0,0,1,24,16,0.5635710118804127,0.5,8.5,17,0,6,8
2019,hunter renfrow,Hunter Renfrow,LV,WR,13,71,49,605,4,0,31,499,301,34.853485876787104,0.6901408450704225,8.52112676056338,12.346938775510203,0.056338028169014086,7.028169014084507,6.142857142857143
2019,isaiah ford,Isaiah Ford,MIA,WR,8,35,23,244,0,0,16,295,86,1.6740514877410295,0.6571428571428571,6.9714285714285715,10.608695652173912,0,8.428571428571429,3.739130434782609
2019,isaiah mckenzie,Isaiah McKenzie,BUF,WR,12,39,27,254,1,0,12,169,206,9.882050172956212,0.6923076923076923,6.512820512820513,9.407407407407407,0.02564102564102564,4.333333333333333,7.62962962962963
2019,ishmael hyman,Ishmael Hyman,TB,WR,2,4,2,34,0,0,2,58,1,-0.32037907477933913,0.5,8.5,17,0,14.5,0.5
2019,j j arcega whiteside,J.J. Arcega-Whiteside,PHI,WR,9,22,10,169,1,0,7,366,16,1.2769552568363318,0.45454545454545453,7.681818181818182,16.9,0.045454545454545456,16.636363636363637,1.6
2019,j j nelson,J.J. Nelson,LV,WR,1,5,4,36,1,0,1,26,15,-0.363978857989423,0.8,7.2,9,0.2,5.2,3.75
2019,jake kumerow,Jake Kumerow,GB,WR,11,21,12,219,1,0,8,317,85,12.428664686320197,0.5714285714285714,10.428571428571429,18.25,0.047619047619047616,15.095238095238095,7.083333333333333
2019,jakeem grant,Jakeem Grant,MIA,WR,9,33,19,164,0,0,9,406,87,-3.347908795985859,0.5757575757575758,4.96969696969697,8.631578947368421,0,12.303030303030303,4.578947368421052
2019,jakobi meyers,Jakobi Meyers,NE,WR,11,41,26,359,0,0,17,422,114,14.22073630063096,0.6341463414634146,8.75609756097561,13.807692307692308,0,10.292682926829269,4.384615384615385
2019,jaleel scott,Jaleel Scott,BAL,WR,1,3,1,6,0,0,0,39,6,-1.3548586406977847,0.3333333333333333,2,6,0,13,6
2019,jalen guyton,Jalen Guyton,LAC,WR,1,2,0,0,0,0,0,75,0,-1.744832213036716,0,0,NA,0,37.5,NA
2019,jamal agnew,Jamal Agnew,DET,WR,13,2,1,-2,0,0,0,29,1,-1.6746988990344107,0.5,-1,-2,0,14.5,1
2019,james washington,James Washington,PIT,WR,15,80,44,735,3,1,31,1266,185,13.630626367460062,0.55,9.1875,16.704545454545453,0.0375,15.825,4.204545454545454
2019,jamison crowder,Jamison Crowder,NYJ,WR,16,122,78,833,6,0,41,970,353,5.13715343588669,0.639344262295082,6.827868852459017,10.679487179487179,0.04918032786885246,7.950819672131147,4.5256410256410255
2019,jarius wright,Jarius Wright,CAR,WR,16,58,28,296,0,0,16,618,89,-19.728893921813725,0.4827586206896552,5.103448275862069,10.571428571428571,0,10.655172413793103,3.1785714285714284
2019,jaron brown,Jaron Brown,SEA,WR,10,28,16,220,2,1,10,256,59,-1.3565595607570566,0.5714285714285714,7.857142857142857,13.75,0.07142857142857142,9.142857142857142,3.6875
2019,jarvis landry,Jarvis Landry,CLE,WR,16,138,83,1174,6,0,55,1343,436,22.077806889377975,0.6014492753623188,8.507246376811594,14.144578313253012,0.043478260869565216,9.731884057971014,5.253012048192771
2019,jason moore,Jason Moore,LAC,WR,6,5,2,43,0,0,2,119,6,3.0612258879700676,0.4,8.6,21.5,0,23.8,3
2019,javon wims,Javon Wims,CHI,WR,11,39,18,186,1,0,9,451,45,-12.689872959678823,0.46153846153846156,4.769230769230769,10.333333333333334,0.02564102564102564,11.564102564102564,2.5
2019,jaydon mickens,Jaydon Mickens,TB,WR,1,0,0,0,0,0,0,0,0,NA,NA,NA,NA,NA,NA,NA
2019,jeff smith,Jeff Smith,NYJ,WR,1,2,1,12,0,0,1,48,0,0.47950040316209197,0.5,6,12,0,24,0
2019,joe walker,Joe Walker,ARI,LB,13,0,0,0,0,0,0,0,0,NA,NA,NA,NA,NA,NA,NA
2019,john brown,John Brown,BUF,WR,15,115,72,1060,6,0,53,1667,210,50.547770424188975,0.6260869565217392,9.217391304347826,14.722222222222221,0.05217391304347826,14.495652173913044,2.9166666666666665
2019,john franklin,John Franklin,TB,WR,1,0,0,0,0,0,0,0,0,NA,NA,NA,NA,NA,NA,NA
2019,john ross,John Ross,CIN,WR,8,56,28,506,3,1,22,875,198,16.6189156075065,0.5,9.035714285714286,18.071428571428573,0.05357142857142857,15.625,7.071428571428571
2019,john ursua,John Ursua,SEA,WR,1,1,1,11,0,0,1,11,0,3.1887068092473783,1,11,11,0,11,0
2019,johnny holton,Johnny Holton,PIT,WR,12,15,3,21,0,0,1,381,10,-16.1900049324031,0.2,1.4,7,0,25.4,3.3333333333333335
2019,jojo natson,JoJo Natson,LA,WR,12,0,0,0,0,0,0,0,0,NA,NA,NA,NA,NA,NA,NA
2019,jordan matthews,Jordan Matthews,PHI,TE,2,12,4,33,0,0,1,175,7,-8.29453275253751,0.3333333333333333,2.75,8.25,0,14.583333333333334,1.75
2019,josh bellamy,Josh Bellamy,NYJ,WR,5,3,2,20,0,0,1,23,10,0.8723856026190333,0.6666666666666666,6.666666666666667,10,0,7.666666666666667,5
2019,josh gordon,Josh Gordon,SEA,WR,11,47,27,426,1,0,16,518,149,23.476325346980037,0.574468085106383,9.063829787234043,15.777777777777779,0.02127659574468085,11.02127659574468,5.518518518518518
2019,josh reynolds,Josh Reynolds,LA,WR,16,43,21,326,1,0,15,459,139,3.595844851826799,0.4883720930232558,7.5813953488372094,15.523809523809524,0.023255813953488372,10.674418604651162,6.619047619047619
2019,juju smith schuster,JuJu Smith-Schuster,PIT,WR,12,70,42,552,3,1,23,683,222,-3.0516275937913937,0.6,7.885714285714286,13.142857142857142,0.04285714285714286,9.757142857142858,5.285714285714286
2019,julian edelman,Julian Edelman,NE,WR,16,153,100,1117,6,3,55,1451,320,18.45794731106496,0.6535947712418301,7.300653594771242,11.17,0.0392156862745098,9.483660130718954,3.2
2019,julio jones,Julio Jones,ATL,WR,15,157,99,1394,6,1,77,1955,342,65.67904137241881,0.6305732484076433,8.878980891719745,14.080808080808081,0.03821656050955414,12.452229299363058,3.4545454545454546
2019,justin hardy,Justin Hardy,ATL,WR,12,26,19,195,0,0,9,199,81,3.4252092203325994,0.7307692307692307,7.5,10.263157894736842,0,7.653846153846154,4.2631578947368425
2019,justin watson,Justin Watson,TB,WR,9,26,15,159,2,0,10,352,14,1.9160884254706407,0.5769230769230769,6.115384615384615,10.6,0.07692307692307693,13.538461538461538,0.9333333333333333
2019,juwann winfree,Juwann Winfree,DEN,WR,2,0,0,0,0,0,0,0,0,NA,NA,NA,NA,NA,NA,NA
2019,kalif raymond,Kalif Raymond,TEN,WR,8,12,9,170,1,1,6,219,14,0.9521221377654001,0.75,14.166666666666666,18.88888888888889,0.08333333333333333,18.25,1.5555555555555556
2019,keelan cole,Keelan Cole,JAX,WR,12,35,24,361,3,0,19,374,99,21.298077289408074,0.6857142857142857,10.314285714285715,15.041666666666666,0.08571428571428572,10.685714285714285,4.125
2019,keelan doss,Keelan Doss,LV,WR,6,14,11,133,0,0,6,124,57,8.400988622161094,0.7857142857142857,9.5,12.090909090909092,0,8.857142857142858,5.181818181818182
2019,keenan allen,Keenan Allen,LAC,WR,16,149,104,1199,6,0,63,1506,369,42.864699255076104,0.697986577181208,8.046979865771812,11.528846153846153,0.040268456375838924,10.10738255033557,3.548076923076923
2019,keesean johnson,KeeSean Johnson,ARI,WR,10,42,21,187,1,1,10,394,43,-6.419638571299059,0.5,4.4523809523809526,8.904761904761905,0.023809523809523808,9.380952380952381,2.0476190476190474
2019,keke coutee,Keke Coutee,HOU,WR,8,36,22,254,0,1,10,272,140,-11.968206063917693,0.6111111111111112,7.055555555555555,11.545454545454545,0,7.555555555555555,6.363636363636363
2019,kelvin harmon,Kelvin Harmon,WAS,WR,15,44,30,365,0,0,16,502,94,10.1114557127006,0.6818181818181818,8.295454545454545,12.166666666666666,0,11.409090909090908,3.1333333333333333
2019,kendrick bourne,Kendrick Bourne,SF,WR,16,44,30,358,5,0,23,377,122,24.313045263430503,0.6818181818181818,8.136363636363637,11.933333333333334,0.11363636363636363,8.568181818181818,4.066666666666666
2019,kenny golladay,Kenny Golladay,DET,WR,16,116,65,1190,11,1,52,1698,304,45.12200791834721,0.5603448275862069,10.258620689655173,18.307692307692307,0.09482758620689655,14.637931034482758,4.676923076923077
2019,kenny stills,Kenny Stills,HOU,WR,13,55,40,561,4,0,27,576,144,29.41188397565167,0.7272727272727273,10.2,14.025,0.07272727272727272,10.472727272727273,3.6
2019,khadarel hodge,KhaDarel Hodge,CLE,WR,12,10,4,76,0,0,3,161,9,-0.2766908408800748,0.4,7.6,19,0,16.1,2.25
2019,krishawn hogan,Krishawn Hogan,NO,WR,1,1,1,4,0,0,0,2,2,-1.018983525922522,1,4,4,0,2,2
2019,laquon treadwell,Laquon Treadwell,MIN,WR,10,16,9,184,1,0,8,190,57,11.688131054401381,0.5625,11.5,20.444444444444443,0.0625,11.875,6.333333333333333
2019,larry fitzgerald,Larry Fitzgerald,ARI,WR,16,109,75,804,4,1,40,852,343,4.5841431221782,0.6880733944954128,7.376146788990826,10.72,0.03669724770642202,7.81651376146789,4.573333333333333
2019,lil jordan humphrey,Lil'Jordan Humphrey,NO,WR,1,1,0,0,0,0,0,15,0,-0.7341083255596459,0,0,NA,0,15,NA
2019,mack hollins,Mack Hollins,MIA,WR,12,23,10,125,0,0,7,303,33,-2.253836012758903,0.43478260869565216,5.434782608695652,12.5,0,13.173913043478262,3.3
2019,malik turner,Malik Turner,SEA,WR,11,22,15,245,1,0,10,264,101,6.44353505114052,0.6818181818181818,11.136363636363637,16.333333333333332,0.045454545454545456,12,6.733333333333333
2019,marcell ateman,Marcell Ateman,LV,WR,4,10,5,116,0,1,3,128,19,-0.9247830607637297,0.5,11.6,23.2,0,12.8,3.8
2019,marcus johnson,Marcus Johnson,IND,WR,8,33,17,277,2,0,12,573,43,8.329632459033746,0.5151515151515151,8.393939393939394,16.294117647058822,0.06060606060606061,17.363636363636363,2.5294117647058822
2019,marqise lee,Marqise Lee,JAX,WR,4,4,3,18,0,0,2,18,5,0.4488396856468171,0.75,4.5,6,0,4.5,1.6666666666666667
2019,marquez valdes scantling,Marquez Valdes-Scantling,GB,WR,15,56,26,452,2,0,14,940,155,4.492168597472965,0.4642857142857143,8.071428571428571,17.384615384615383,0.03571428571428571,16.785714285714285,5.961538461538462
2019,marquise brown,Marquise Brown,BAL,WR,14,71,46,584,7,0,24,782,226,24.435256682165708,0.647887323943662,8.225352112676056,12.695652173913043,0.09859154929577464,11.014084507042254,4.913043478260869
2019,marquise goodwin,Marquise Goodwin,SF,WR,8,21,12,186,1,0,10,281,33,11.009969880242155,0.5714285714285714,8.857142857142858,15.5,0.047619047619047616,13.380952380952381,2.75
2019,marvin hall,Marvin Hall,DET,WR,7,11,7,261,1,0,7,304,36,17.189301109290682,0.6363636363636364,23.727272727272727,37.285714285714285,0.09090909090909091,27.636363636363637,5.142857142857143
2019,marvin jones,Marvin Jones,DET,WR,13,91,62,779,9,0,41,1186,106,36.77289621137164,0.6813186813186813,8.56043956043956,12.564516129032258,0.0989010989010989,13.032967032967033,1.7096774193548387
2019,matthew slater,Matthew Slater,NE,WR,7,0,0,0,0,0,0,0,0,NA,NA,NA,NA,NA,NA,NA
2019,maurice alexander,Maurice Alexander,BUF,LB,4,0,0,0,0,0,0,0,0,NA,NA,NA,NA,NA,NA,NA
2019,mecole hardman,Mecole Hardman,KC,WR,16,41,26,538,6,0,18,453,292,36.931444483159176,0.6341463414634146,13.121951219512194,20.692307692307693,0.14634146341463414,11.048780487804878,11.23076923076923
2019,michael bennett,Michael Bennett,DAL,DE,13,0,0,0,0,0,0,0,0,NA,NA,NA,NA,NA,NA,NA
2019,michael crabtree,Michael Crabtree,ARI,WR,2,5,4,22,0,0,0,26,5,-0.27008600858971477,0.8,4.4,5.5,0,5.2,1.25
2019,michael gallup,Michael Gallup,DAL,WR,14,113,66,1107,6,0,50,1421,333,44.76889219917001,0.584070796460177,9.79646017699115,16.772727272727273,0.05309734513274336,12.575221238938052,5.045454545454546
2019,michael thomas,Michael Thomas,NYG/NO,DB,31,185,149,1725,9,1,92,1497,579,98.99722826508759,0.8054054054054054,9.324324324324325,11.577181208053691,0.04864864864864865,8.091891891891892,3.8859060402684564
2019,michael walker,Michael Walker,JAX,WR,7,3,2,15,0,0,1,12,7,2.660991317825392,0.6666666666666666,5,7.5,0,4,3.5
2019,mike evans,Mike Evans,TB,WR,13,118,67,1157,8,0,54,1777,261,28.760308330718146,0.5677966101694916,9.805084745762711,17.26865671641791,0.06779661016949153,15.059322033898304,3.8955223880597014
2019,mike thomas,Mike Thomas,LA,WR,7,5,2,14,0,0,1,52,10,0.8486340768868104,0.4,2.8,7,0,10.4,5
2019,mike williams,Mike Williams,LAC,WR,15,90,49,1001,2,0,41,1603,187,33.57327314391637,0.5444444444444444,11.122222222222222,20.428571428571427,0.022222222222222223,17.81111111111111,3.816326530612245
2019,miles boykin,Miles Boykin,BAL,WR,12,22,13,198,3,0,10,378,12,17.068263829307398,0.5909090909090909,9,15.23076923076923,0.13636363636363635,17.181818181818183,0.9230769230769231
2019,mohamed sanu,Mohamed Sanu,NE,WR,15,89,59,520,2,0,30,671,194,6.37450805540779,0.6629213483146067,5.842696629213483,8.813559322033898,0.02247191011235955,7.53932584269663,3.288135593220339
2019,n keal harry,N'Keal Harry,NE,TE,7,24,12,105,2,0,7,224,42,0.6218932658375707,0.5,4.375,8.75,0.08333333333333333,9.333333333333334,3.5
2019,nelson agholor,Nelson Agholor,PHI,WR,11,69,39,363,3,2,17,764,132,-3.4588190979700837,0.5652173913043478,5.260869565217392,9.307692307692308,0.043478260869565216,11.072463768115941,3.3846153846153846
2019,nick williams,Nick Williams,CHI,DT,15,0,0,0,0,0,0,0,0,NA,NA,NA,NA,NA,NA,NA
2019,nsimba webster,Nsimba Webster,LA,WR,4,0,0,0,0,0,0,0,0,NA,NA,NA,NA,NA,NA,NA
2019,odell beckham jr,Odell Beckham Jr.,CLE,WR,16,133,74,1035,4,0,44,1726,326,3.461329075272003,0.556390977443609,7.7819548872180455,13.986486486486486,0.03007518796992481,12.977443609022556,4.405405405405405
2019,olamide zaccheaus,Olamide Zaccheaus,ATL,WR,6,5,3,115,1,0,2,69,63,7.170720484224148,0.6,23,38.333333333333336,0.2,13.8,21
2019,parris campbell,Parris Campbell,IND,WR,7,24,18,127,1,2,6,188,106,-4.273801218638937,0.75,5.291666666666667,7.055555555555555,0.041666666666666664,7.833333333333333,5.888888888888889
2019,paul richardson,Paul Richardson,WAS,WR,10,42,28,245,2,0,13,403,50,4.94714808392766,0.6666666666666666,5.833333333333333,8.75,0.047619047619047616,9.595238095238095,1.7857142857142858
2019,pharoh cooper,Pharoh Cooper,ARI,WR,12,33,25,243,1,0,10,336,70,15.527027287199207,0.7575757575757576,7.363636363636363,9.72,0.030303030303030304,10.181818181818182,2.8
2019,phillip dorsett,Phillip Dorsett,NE,WR,11,54,29,397,5,0,17,762,79,13.465028225492532,0.5370370370370371,7.351851851851852,13.689655172413794,0.09259259259259259,14.11111111111111,2.7241379310344827
2019,preston williams,Preston Williams,MIA,WR,8,60,32,428,3,2,25,841,61,-0.0026121254854242215,0.5333333333333333,7.133333333333334,13.375,0.05,14.016666666666667,1.90625
2019,quincy enunwa,Quincy Enunwa,NYJ,WR,1,3,1,-4,0,0,0,35,-4,-0.631674739997834,0.3333333333333333,-1.3333333333333333,-4,0,11.666666666666666,-4
2019,randall cobb,Randall Cobb,DAL,WR,15,83,55,828,3,2,41,824,329,28.761129977707373,0.6626506024096386,9.975903614457831,15.054545454545455,0.03614457831325301,9.927710843373495,5.9818181818181815
2019,rashard davis,Rashard Davis,TEN,WR,1,1,1,16,0,0,1,16,0,1.5548523624311201,1,16,16,0,16,0
2019,rashard higgins,Rashard Higgins,CLE,WR,7,11,4,55,1,0,3,116,9,3.7604448641744397,0.36363636363636365,5,13.75,0.09090909090909091,10.545454545454545,2.25
2019,ray ray mccloud,Ray-Ray McCloud,CAR,WR,6,0,0,0,0,0,0,0,0,NA,NA,NA,NA,NA,NA,NA
2019,richie james,Richie James,SF,WR,16,10,6,165,1,0,5,119,103,6.76800043196954,0.6,16.5,27.5,0.1,11.9,17.166666666666668
2019,rico gafford,Rico Gafford,LV,WR,3,2,2,66,1,0,2,49,17,6.527572239749134,1,33,33,0.5,24.5,8.5
2019,riley ridley,Riley Ridley,CHI,WR,3,7,6,69,0,0,4,62,15,6.886670341016725,0.8571428571428571,9.857142857142858,11.5,0,8.857142857142858,2.5
2019,robbie chosen,Robbie Chosen,NYJ,WR,16,96,52,779,5,1,35,1444,193,5.21252898542976,0.5416666666666666,8.114583333333334,14.98076923076923,0.052083333333333336,15.041666666666666,3.7115384615384617
2019,robert davis,Robert Davis,PHI,WR,3,5,2,17,0,0,2,36,2,-3.873420423013158,0.4,3.4,8.5,0,7.2,1
2019,robert foster,Robert Foster,BUF,WR,10,18,3,64,0,0,3,451,32,-6.545377287115805,0.16666666666666666,3.5555555555555554,21.333333333333332,0,25.055555555555557,10.666666666666666
2019,robert woods,Robert Woods,LA,WR,15,139,90,1134,2,0,54,1169,576,22.652444494903904,0.6474820143884892,8.158273381294965,12.6,0.014388489208633094,8.410071942446043,6.4
2019,russell gage,Russell Gage,ATL,WR,14,74,49,446,1,0,25,525,151,6.7814319912815275,0.6621621621621622,6.027027027027027,9.10204081632653,0.013513513513513514,7.094594594594595,3.0816326530612246
2019,russell shepard,Russell Shepard,NYG,WR,2,8,3,25,0,0,1,72,13,-3.316081190753762,0.375,3.125,8.333333333333334,0,9,4.333333333333333
2019,ryan grant,Ryan Grant,LV,WR,2,9,4,14,0,0,1,35,5,-8.120011132501531,0.4444444444444444,1.5555555555555556,3.5,0,3.888888888888889,1.25
2019,ryan switzer,Ryan Switzer,PIT,WR,9,11,8,27,0,0,2,17,17,-3.9815152431838214,0.7272727272727273,2.4545454545454546,3.375,0,1.5454545454545454,2.125
2019,sammy watkins,Sammy Watkins,KC,WR,13,90,52,673,3,2,30,854,297,18.266603643066034,0.5777777777777777,7.477777777777778,12.942307692307692,0.03333333333333333,9.488888888888889,5.711538461538462
2019,seth roberts,Seth Roberts,BAL,WR,14,35,21,271,2,0,18,330,70,14.65364791775016,0.6,7.742857142857143,12.904761904761905,0.05714285714285714,9.428571428571429,3.3333333333333335
2019,spencer schnell,Spencer Schnell,TB,WR,1,0,0,0,0,0,0,0,0,NA,NA,NA,NA,NA,NA,NA
2019,stanley morgan,Stanley Morgan,CIN,WR,7,10,3,18,0,0,0,66,10,-11.468316034784609,0.3,1.8,6,0,6.6,3.3333333333333335
2019,stefon diggs,Stefon Diggs,MIN,WR,15,94,63,1130,6,3,41,1399,302,45.604219466150305,0.6702127659574468,12.02127659574468,17.936507936507937,0.06382978723404255,14.882978723404255,4.7936507936507935
2019,sterling shepard,Sterling Shepard,NYG,WR,10,83,57,576,3,0,29,822,179,7.504501938508465,0.6867469879518072,6.9397590361445785,10.105263157894736,0.03614457831325301,9.903614457831326,3.1403508771929824
2019,steven mitchell,Steven Mitchell,HOU,WR,2,6,2,37,0,0,2,101,14,1.290878518630052,0.3333333333333333,6.166666666666667,18.5,0,16.833333333333332,7
2019,t y hilton,T.Y. Hilton,IND,WR,10,68,45,501,5,0,24,697,213,22.32530835185154,0.6617647058823529,7.367647058823529,11.133333333333333,0.07352941176470588,10.25,4.733333333333333
2019,tajae sharpe,Tajae Sharpe,TEN,WR,13,35,25,329,4,0,20,498,58,28.748569521529134,0.7142857142857143,9.4,13.16,0.11428571428571428,14.228571428571428,2.32
2019,tavon austin,Tavon Austin,DAL,WR,14,24,13,177,1,0,8,299,85,4.456576896107697,0.5416666666666666,7.375,13.615384615384615,0.041666666666666664,12.458333333333334,6.538461538461538
2019,taylor gabriel,Taylor Gabriel,CHI,WR,9,48,29,353,4,0,17,556,79,13.536392647598404,0.6041666666666666,7.354166666666667,12.172413793103448,0.08333333333333333,11.583333333333334,2.7241379310344827
2019,taywan taylor,Taywan Taylor,CLE,WR,2,1,0,0,0,0,0,33,0,-0.5335959969088435,0,0,NA,0,33,NA
2019,terry mclaurin,Terry McLaurin,WAS,WR,14,93,58,919,7,0,43,1304,217,47.47664202802236,0.6236559139784946,9.881720430107526,15.844827586206897,0.07526881720430108,14.021505376344086,3.7413793103448274
2019,tevin jones,Tevin Jones,PIT,WR,4,10,4,61,0,0,1,124,11,-10.82306965987307,0.4,6.1,15.25,0,12.4,2.75
2019,tim patrick,Tim Patrick,DEN,WR,8,31,16,218,0,0,14,315,38,7.0338983384135645,0.5161290322580645,7.032258064516129,13.625,0,10.161290322580646,2.375
2019,tony brown,Tony Brown,GB,DB,5,0,0,0,0,0,0,0,0,NA,NA,NA,NA,NA,NA,NA
2019,travis benjamin,Travis Benjamin,LAC,WR,5,16,6,30,0,0,3,207,19,-7.920708825637121,0.375,1.875,5,0,12.9375,3.1666666666666665
2019,travis fulgham,Travis Fulgham,DET,WR,2,3,0,0,0,0,0,66,0,-2.6458554891869426,0,0,NA,0,22,NA
2019,tre quan smith,Tre'Quan Smith,NO,WR,10,25,18,234,5,0,17,222,115,15.477235858517933,0.72,9.36,13,0.2,8.88,6.388888888888889
2019,trent sherfield,Trent Sherfield,ARI,WR,10,13,4,80,0,0,4,207,10,-0.25900706547475005,0.3076923076923077,6.153846153846154,20,0,15.923076923076923,2.5
2019,trevor davis,Trevor Davis,MIA,WR,14,11,8,111,0,1,4,100,65,-1.1704695301596075,0.7272727272727273,10.090909090909092,13.875,0,9.090909090909092,8.125
2019,trey quinn,Trey Quinn,WAS,WR,12,47,26,198,1,1,10,324,61,-19.505337472477947,0.5531914893617021,4.212765957446808,7.615384615384615,0.02127659574468085,6.8936170212765955,2.3461538461538463
2019,ty montgomery,Ty Montgomery,NYJ,WR,15,17,13,90,0,0,3,23,94,-4.40978340228321,0.7647058823529411,5.294117647058823,6.923076923076923,0,1.3529411764705883,7.230769230769231
2019,tyler boyd,Tyler Boyd,CIN,WR,16,148,90,1046,5,2,51,1377,348,8.115524891119065,0.6081081081081081,7.0675675675675675,11.622222222222222,0.033783783783783786,9.304054054054054,3.8666666666666667
2019,tyler lockett,Tyler Lockett,SEA,WR,16,110,82,1057,8,1,53,1371,301,56.17775046031695,0.7454545454545455,9.60909090909091,12.890243902439025,0.07272727272727272,12.463636363636363,3.6707317073170733
2019,tyreek hill,Tyreek Hill,KC,WR,12,89,58,860,7,0,39,1144,280,50.06710867684786,0.651685393258427,9.662921348314606,14.827586206896552,0.07865168539325842,12.853932584269662,4.827586206896552
2019,tyrell williams,Tyrell Williams,LV,WR,13,64,42,651,6,0,33,870,190,28.849046739292316,0.65625,10.171875,15.5,0.09375,13.59375,4.523809523809524
2019,ventell bryant,Ventell Bryant,DAL,WR,7,1,1,15,1,0,1,15,0,2.007214820536319,1,15,15,1,15,0
2019,vyncint smith,Vyncint Smith,NYJ,WR,13,31,17,225,0,0,11,373,105,-3.259753139980603,0.5483870967741935,7.258064516129032,13.235294117647058,0,12.03225806451613,6.176470588235294
2019,will fuller,Will Fuller,HOU,WR,11,71,49,670,3,1,26,1011,219,26.955851422365374,0.6901408450704225,9.43661971830986,13.673469387755102,0.04225352112676056,14.23943661971831,4.469387755102041
2019,willie snead,Willie Snead,BAL,WR,16,46,31,339,5,0,20,409,126,14.616783879212315,0.6739130434782609,7.369565217391305,10.935483870967742,0.10869565217391304,8.891304347826088,4.064516129032258
2019,zach pascal,Zach Pascal,IND,WR,16,72,41,607,5,0,29,810,239,20.31916379597896,0.5694444444444444,8.430555555555555,14.804878048780488,0.06944444444444445,11.25,5.829268292682927
2019,zay jones,Zay Jones,LV,WR,14,45,27,216,0,0,10,484,77,-15.21688171878769,0.6,4.8,8,0,10.755555555555556,2.8518518518518516
2020,a j brown,A.J. Brown,TEN,WR,14,106,70,1075,11,2,55,1150,432,65.5729433268161,0.660377358490566,10.141509433962264,15.357142857142858,0.10377358490566038,10.849056603773585,6.171428571428572
2020,a j green,A.J. Green,CIN,WR,16,104,47,523,2,0,34,1427,86,-15.264712276453274,0.4519230769230769,5.028846153846154,11.127659574468085,0.019230769230769232,13.721153846153847,1.8297872340425532
2020,adam humphries,Adam Humphries,TEN,WR,7,35,23,228,2,0,11,335,45,5.427032957863096,0.6571428571428571,6.514285714285714,9.91304347826087,0.05714285714285714,9.571428571428571,1.9565217391304348
2020,adam thielen,Adam Thielen,MIN,WR,15,108,74,925,14,0,52,1239,243,46.13811530578091,0.6851851851851852,8.564814814814815,12.5,0.12962962962962962,11.472222222222221,3.2837837837837838
2020,alex erickson,Alex Erickson,CIN,WR,16,17,12,139,0,0,5,122,67,2.6832760619713047,0.7058823529411765,8.176470588235293,11.583333333333334,0,7.176470588235294,5.583333333333333
2020,allen lazard,Allen Lazard,GB,WR,10,46,33,451,3,0,23,458,195,38.19180166986189,0.717391304347826,9.804347826086957,13.666666666666666,0.06521739130434782,9.956521739130435,5.909090909090909
2020,allen robinson,Allen Robinson,CHI,WR,16,151,102,1250,6,0,68,1450,319,35.1943996496704,0.6754966887417219,8.278145695364238,12.254901960784315,0.039735099337748346,9.602649006622517,3.127450980392157
2020,alshon jeffery,Alshon Jeffery,PHI,WR,7,13,6,115,1,0,5,188,25,4.1628675240208395,0.46153846153846156,8.846153846153847,19.166666666666668,0.07692307692307693,14.461538461538462,4.166666666666667
2020,amari cooper,Amari Cooper,DAL,WR,16,130,92,1114,5,0,54,1145,413,38.77717453875379,0.7076923076923077,8.569230769230769,12.108695652173912,0.038461538461538464,8.807692307692308,4.489130434782608
2020,andre roberts,Andre Roberts,BUF,WR,15,5,4,34,0,0,2,48,5,-1.6239815693115816,0.8,6.8,8.5,0,9.6,1.25
2020,andy isabella,Andy Isabella,ARI,WR,11,35,21,224,2,0,10,394,82,-13.553059875064347,0.6,6.4,10.666666666666666,0.05714285714285714,11.257142857142858,3.9047619047619047
2020,anthony miller,Anthony Miller,CHI,WR,16,76,49,485,2,1,23,735,148,3.230421506153111,0.6447368421052632,6.381578947368421,9.89795918367347,0.02631578947368421,9.671052631578947,3.020408163265306
2020,antonio brown,Antonio Brown,TB,WR,8,62,45,483,4,0,27,549,251,24.550108062686895,0.7258064516129032,7.790322580645161,10.733333333333333,0.06451612903225806,8.85483870967742,5.5777777777777775
2020,antonio callaway,Antonio Callaway,MIA,WR,4,4,2,20,0,0,1,28,3,0.8983612400479615,0.5,5,10,0,7,1.5
2020,antonio gandy golden,Antonio Gandy-Golden,WAS,WR,4,7,1,3,0,0,0,79,1,-6.3122500904719345,0.14285714285714285,0.42857142857142855,3,0,11.285714285714286,1
2020,ashton dulin,Ashton Dulin,IND,WR,10,6,3,53,0,1,2,31,28,1.8435714414226823,0.5,8.833333333333334,17.666666666666668,0,5.166666666666667,9.333333333333334
2020,auden tate,Auden Tate,CIN,WR,8,22,14,150,0,0,9,207,58,2.484761249696892,0.6363636363636364,6.818181818181818,10.714285714285714,0,9.409090909090908,4.142857142857143
2020,austin carr,Austin Carr,NO,WR,5,4,3,27,1,0,3,32,11,2.6246782994130626,0.75,6.75,9,0.25,8,3.6666666666666665
2020,austin mack,Austin Mack,NYG,WR,5,11,7,91,0,0,5,91,37,4.9344875540839155,0.6363636363636364,8.272727272727273,13,0,8.272727272727273,5.285714285714286
2020,bennie fowler,Bennie Fowler,NO,WR,2,6,2,11,0,0,1,47,1,-8.02471927148872,0.3333333333333333,1.8333333333333333,5.5,0,7.833333333333333,0.5
2020,brandin cooks,Brandin Cooks,HOU,WR,15,119,81,1150,6,0,51,1408,345,48.26113919501093,0.680672268907563,9.663865546218487,14.197530864197532,0.05042016806722689,11.831932773109244,4.2592592592592595
2020,brandon aiyuk,Brandon Aiyuk,SF,WR,12,96,60,748,5,0,43,902,289,24.30090025831074,0.625,7.791666666666667,12.466666666666667,0.052083333333333336,9.395833333333334,4.816666666666666
2020,brandon jones,Brandon Jones,MIA,SAF,16,0,0,0,0,0,0,0,0,NA,NA,NA,NA,NA,NA,NA
2020,brandon powell,Brandon Powell,ATL,WR,15,18,12,69,2,1,5,83,34,-4.475280727320845,0.6666666666666666,3.8333333333333335,5.75,0.1111111111111111,4.611111111111111,2.8333333333333335
2020,brandon zylstra,Brandon Zylstra,CAR,WR,5,4,3,35,0,0,3,55,15,5.771752778324299,0.75,8.75,11.666666666666666,0,13.75,5
2020,braxton berrios,Braxton Berrios,NYJ,WR,16,55,37,394,3,0,19,416,216,4.318439460412354,0.6727272727272727,7.163636363636364,10.64864864864865,0.05454545454545454,7.5636363636363635,5.837837837837838
2020,breshad perriman,Breshad Perriman,NYJ,WR,12,60,30,505,3,0,20,906,160,0.9599217566556779,0.5,8.416666666666666,16.833333333333332,0.05,15.1,5.333333333333333
2020,bryan edwards,Bryan Edwards,LV,WR,9,15,11,193,1,0,9,127,80,11.832363059701432,0.7333333333333333,12.866666666666667,17.545454545454547,0.06666666666666667,8.466666666666667,7.2727272727272725
2020,byron pringle,Byron Pringle,KC,WR,7,17,13,160,1,0,9,173,68,15.089731177809881,0.7647058823529411,9.411764705882353,12.307692307692308,0.058823529411764705,10.176470588235293,5.230769230769231
2020,c j board,C.J. Board,NYG,WR,11,16,11,101,0,0,6,160,33,2.3401165840914473,0.6875,6.3125,9.181818181818182,0,10,3
2020,calvin ridley,Calvin Ridley,ATL,WR,15,143,90,1374,9,1,65,2052,275,50.08249604699734,0.6293706293706294,9.608391608391608,15.266666666666667,0.06293706293706294,14.34965034965035,3.0555555555555554
2020,cam sims,Cam Sims,WAS,WR,13,48,32,477,1,0,18,523,249,19.660104081075612,0.6666666666666666,9.9375,14.90625,0.020833333333333332,10.895833333333334,7.78125
2020,cameron batson,Cameron Batson,TEN,WR,10,13,12,100,1,0,7,80,43,10.975554894503016,0.9230769230769231,7.6923076923076925,8.333333333333334,0.07692307692307693,6.153846153846154,3.5833333333333335
2020,ceedee lamb,CeeDee Lamb,DAL,WR,16,111,74,935,5,1,46,1031,311,16.42462300020956,0.6666666666666666,8.423423423423424,12.635135135135135,0.04504504504504504,9.288288288288289,4.202702702702703
2020,chad beebe,Chad Beebe,MIN,WR,12,30,20,201,2,0,12,181,73,6.102052922127768,0.6666666666666666,6.7,10.05,0.06666666666666667,6.033333333333333,3.65
2020,chad hansen,Chad Hansen,HOU,WR,5,24,17,236,1,0,12,290,39,10.101060331299953,0.7083333333333334,9.833333333333334,13.882352941176471,0.041666666666666664,12.083333333333334,2.2941176470588234
2020,chandler jones,Chandler Jones,ARI,DE,5,0,0,0,0,0,0,0,0,NA,NA,NA,NA,NA,NA,NA
2020,chase claypool,Chase Claypool,PIT,WR,16,109,62,873,9,3,40,1438,329,44.061786396743784,0.5688073394495413,8.009174311926605,14.080645161290322,0.08256880733944955,13.192660550458715,5.306451612903226
2020,chris conley,Chris Conley,JAX,WR,14,63,40,471,2,1,24,652,180,12.111614303506483,0.6349206349206349,7.476190476190476,11.775,0.031746031746031744,10.34920634920635,4.5
2020,chris hogan,Chris Hogan,NYJ,WR,5,26,14,118,0,0,6,259,40,-6.594691073513939,0.5384615384615384,4.538461538461538,8.428571428571429,0,9.961538461538462,2.857142857142857
2020,chris moore,Chris Moore,BAL,WR,2,0,0,0,0,0,0,0,0,NA,NA,NA,NA,NA,NA,NA
2020,chris rowland,Chris Rowland,ATL,WR,2,0,0,0,0,0,0,0,0,NA,NA,NA,NA,NA,NA,NA
2020,chris thompson,Chris Thompson,JAX,RB,6,23,20,146,1,0,5,64,107,-0.5434789085836969,0.8695652173913043,6.3478260869565215,7.3,0.043478260869565216,2.782608695652174,5.35
2020,christian blake,Christian Blake,ATL,WR,10,18,13,141,0,0,6,173,26,1.3524434753030015,0.7222222222222222,7.833333333333333,10.846153846153847,0,9.61111111111111,2
2020,christian kirk,Christian Kirk,ARI,WR,14,79,48,621,6,0,30,935,175,11.20278127851201,0.6075949367088608,7.860759493670886,12.9375,0.0759493670886076,11.835443037974683,3.6458333333333335
2020,cody hollister,Cody Hollister,TEN,WR,1,1,1,12,0,0,1,10,2,1.6473786304704845,1,12,12,0,10,2
2020,cole beasley,Cole Beasley,BUF,WR,15,107,82,967,4,0,53,832,355,59.43579756924594,0.7663551401869159,9.037383177570094,11.792682926829269,0.037383177570093455,7.775700934579439,4.329268292682927
2020,collin johnson,Collin Johnson,JAX,WR,11,31,18,272,2,0,12,375,65,11.161504588905023,0.5806451612903226,8.774193548387096,15.11111111111111,0.06451612903225806,12.096774193548388,3.611111111111111
2020,cooper kupp,Cooper Kupp,LA,WR,15,124,92,974,3,0,45,782,525,28.34769537814477,0.7419354838709677,7.854838709677419,10.58695652173913,0.024193548387096774,6.306451612903226,5.706521739130435
2020,corey davis,Corey Davis,TEN,WR,14,92,65,984,5,1,49,1080,291,55.97207082288508,0.7065217391304348,10.695652173913043,15.138461538461538,0.05434782608695652,11.73913043478261,4.476923076923077
2020,courtland sutton,Courtland Sutton,DEN,WR,1,6,3,66,0,0,2,106,7,-4.61644256112127,0.5,11,22,0,17.666666666666668,2.3333333333333335
2020,curtis samuel,Curtis Samuel,CAR,WR,15,97,77,851,3,1,39,711,320,37.836861780344236,0.7938144329896907,8.77319587628866,11.051948051948052,0.030927835051546393,7.329896907216495,4.1558441558441555
2020,cyril grayson,Cyril Grayson,TB,WR,2,3,0,0,0,0,0,71,0,-3.0834270485211164,0,0,NA,0,23.666666666666668,NA
2020,daesean hamilton,DaeSean Hamilton,DEN,WR,12,44,23,293,2,1,16,591,95,-8.628780534589879,0.5227272727272727,6.659090909090909,12.73913043478261,0.045454545454545456,13.431818181818182,4.130434782608695
2020,damiere byrd,Damiere Byrd,NE,WR,15,77,47,604,1,1,30,882,172,16.151309471417342,0.6103896103896104,7.8441558441558445,12.851063829787234,0.012987012987012988,11.454545454545455,3.6595744680851063
2020,damion ratley,Damion Ratley,NYG,WR,5,10,4,63,0,1,2,104,10,-3.5606625072019993,0.4,6.3,15.75,0,10.4,2.5
2020,dan chisena,Dan Chisena,MIN,WR,7,0,0,0,0,0,0,0,0,NA,NA,NA,NA,NA,NA,NA
2020,danny amendola,Danny Amendola,DET,WR,14,69,46,602,0,0,30,558,290,12.317427298847228,0.6666666666666666,8.72463768115942,13.08695652173913,0,8.08695652173913,6.304347826086956
2020,dante pettis,Dante Pettis,NYG,WR,6,6,4,76,1,0,3,110,6,4.824209358668044,0.6666666666666666,12.666666666666666,19,0.16666666666666666,18.333333333333332,1.5
2020,darius slayton,Darius Slayton,NYG,WR,16,96,50,751,3,1,40,1303,159,16.846943651304876,0.5208333333333334,7.822916666666667,15.02,0.03125,13.572916666666666,3.18
2020,darnell mooney,Darnell Mooney,CHI,WR,16,98,61,631,4,1,33,1128,254,11.089569511422168,0.6224489795918368,6.438775510204081,10.344262295081966,0.04081632653061224,11.510204081632653,4.163934426229508
2020,darrius shepherd,Darrius Shepherd,GB,WR,8,8,5,46,0,0,1,120,18,0.5665892803226598,0.625,5.75,9.2,0,15,3.6
2020,daurice fountain,Daurice Fountain,IND,WR,2,3,2,23,0,0,2,28,0,0.5846643310505897,0.6666666666666666,7.666666666666667,11.5,0,9.333333333333334,0
2020,davante adams,Davante Adams,GB,WR,14,149,115,1374,18,1,73,1330,597,77.43359819182902,0.7718120805369127,9.221476510067115,11.947826086956521,0.12080536912751678,8.926174496644295,5.191304347826087
2020,david moore,David Moore,SEA,WR,16,47,35,417,6,0,18,416,169,25.611138898638462,0.7446808510638298,8.872340425531915,11.914285714285715,0.1276595744680851,8.851063829787234,4.828571428571428
2020,de michael harris,De'Michael Harris,IND,WR,6,10,10,79,0,0,3,16,63,4.228856289701071,1,7.9,7.9,0,1.6,6.3
2020,deandre carter,DeAndre Carter,CHI,WR,13,2,1,8,0,0,0,16,4,1.1507289875298738,0.5,4,8,0,8,4
2020,deandre hopkins,DeAndre Hopkins,ARI,WR,16,160,115,1407,6,3,76,1432,519,52.76243513266094,0.71875,8.79375,12.234782608695653,0.0375,8.95,4.51304347826087
2020,dede westbrook,Dede Westbrook,JAX,WR,2,1,1,4,0,0,0,4,0,-0.041800702281761914,1,4,4,0,4,0
2020,demarcus robinson,Demarcus Robinson,KC,WR,15,59,45,466,3,1,26,525,173,20.569485662534134,0.7627118644067796,7.898305084745763,10.355555555555556,0.05084745762711865,8.898305084745763,3.8444444444444446
2020,denzel mims,Denzel Mims,NYJ,WR,9,44,23,357,0,0,15,675,106,4.711854636186287,0.5227272727272727,8.113636363636363,15.521739130434783,0,15.340909090909092,4.608695652173913
2020,deontay burnett,Deontay Burnett,PHI,WR,1,4,3,19,0,0,1,15,4,-0.3903473241953179,0.75,4.75,6.333333333333333,0,3.75,1.3333333333333333
2020,deonte harty,Deonte Harty,NO,WR,9,25,20,186,1,0,10,101,127,12.096646738180425,0.8,7.44,9.3,0.04,4.04,6.35
2020,desean jackson,DeSean Jackson,PHI,WR,5,26,14,236,1,0,10,432,65,7.337002054729991,0.5384615384615384,9.076923076923077,16.857142857142858,0.038461538461538464,16.615384615384617,4.642857142857143
2020,devante parker,DeVante Parker,MIA,WR,14,103,63,793,4,1,45,1010,173,18.370443866528525,0.6116504854368932,7.699029126213592,12.587301587301587,0.038834951456310676,9.805825242718447,2.746031746031746
2020,devin duvernay,Devin Duvernay,BAL,WR,15,26,20,201,0,0,8,161,118,4.225897641823394,0.7692307692307693,7.730769230769231,10.05,0,6.1923076923076925,5.9
2020,dez bryant,Dez Bryant,BAL,WR,4,11,6,47,2,0,3,52,34,1.4943519641621994,0.5454545454545454,4.2727272727272725,7.833333333333333,0.18181818181818182,4.7272727272727275,5.666666666666667
2020,diontae johnson,Diontae Johnson,PIT,WR,15,144,88,923,7,1,46,1140,394,18.395281626645158,0.6111111111111112,6.409722222222222,10.488636363636363,0.04861111111111111,7.916666666666667,4.4772727272727275
2020,diontae spencer,Diontae Spencer,DEN,WR,11,6,3,26,0,0,1,33,12,0.7865765070467853,0.5,4.333333333333333,8.666666666666666,0,5.5,4
2020,dj chark,DJ Chark,JAX,WR,13,93,53,706,5,0,37,1300,165,9.889873072498416,0.5698924731182796,7.591397849462366,13.320754716981131,0.053763440860215055,13.978494623655914,3.1132075471698113
2020,donovan peoples jones,Donovan Peoples-Jones,CLE,WR,12,20,14,304,2,0,10,344,77,19.96815910770977,0.7,15.2,21.714285714285715,0.1,17.2,5.5
2020,donte moncrief,Donte Moncrief,NE,WR,5,2,1,15,0,0,1,5,14,1.103159950580448,0.5,7.5,15,0,2.5,14
2020,dontrelle inman,Dontrelle Inman,WAS,WR,7,28,18,163,2,1,11,231,44,5.135408563350327,0.6428571428571429,5.821428571428571,9.055555555555555,0.07142857142857142,8.25,2.4444444444444446
2020,dwayne harris,Dwayne Harris,CHI,WR,3,0,0,0,0,0,0,0,0,NA,NA,NA,NA,NA,NA,NA
2020,emmanuel sanders,Emmanuel Sanders,NO,WR,14,82,61,726,5,1,34,723,170,32.73749560655138,0.7439024390243902,8.853658536585366,11.901639344262295,0.06097560975609756,8.817073170731707,2.7868852459016393
2020,equanimeous st brown,Equanimeous St. Brown,GB,WR,8,13,7,117,1,0,6,157,59,5.776400765753351,0.5384615384615384,9,16.714285714285715,0.07692307692307693,12.076923076923077,8.428571428571429
2020,freddie swain,Freddie Swain,SEA,WR,13,21,13,159,2,0,6,225,101,4.559376681790892,0.6190476190476191,7.571428571428571,12.23076923076923,0.09523809523809523,10.714285714285714,7.769230769230769
2020,gehrig dieter,Gehrig Dieter,KC,WR,1,2,1,10,0,0,1,15,5,0.053238297696225345,0.5,5,10,0,7.5,5
2020,golden tate,Golden Tate,NYG,WR,12,52,35,388,2,0,19,464,75,13.469360281098071,0.6730769230769231,7.461538461538462,11.085714285714285,0.038461538461538464,8.923076923076923,2.142857142857143
2020,greg little,Greg Little,CAR,OT,1,0,0,0,0,0,0,0,0,NA,NA,NA,NA,NA,NA,NA
2020,greg ward,Greg Ward,PHI,WR,16,79,53,419,6,1,25,444,164,14.49471095384639,0.6708860759493671,5.30379746835443,7.90566037735849,0.0759493670886076,5.620253164556962,3.0943396226415096
2020,gunner olszewski,Gunner Olszewski,NE,WR,13,5,5,62,1,0,3,27,35,6.976626084244344,1,12.4,12.4,0.2,5.4,7
2020,hakeem butler,Hakeem Butler,PHI,TE,1,1,0,0,0,0,0,3,0,-2.6381635736324824,0,0,NA,0,3,NA
2020,hunter renfrow,Hunter Renfrow,LV,WR,16,77,56,656,2,1,32,547,338,27.794448672879632,0.7272727272727273,8.519480519480519,11.714285714285714,0.025974025974025976,7.103896103896104,6.035714285714286
2020,isaiah ford,Isaiah Ford,MIA,WR,9,44,28,276,0,0,18,405,68,4.657289844949446,0.6363636363636364,6.2727272727272725,9.857142857142858,0,9.204545454545455,2.4285714285714284
2020,isaiah mckenzie,Isaiah McKenzie,BUF,WR,15,34,30,282,5,0,17,149,190,21.49181298541686,0.8823529411764706,8.294117647058824,9.4,0.14705882352941177,4.382352941176471,6.333333333333333
2020,isaiah wright,Isaiah Wright,WAS,WR,11,35,27,197,0,0,10,136,143,0.9226537626974105,0.7714285714285715,5.628571428571429,7.296296296296297,0,3.8857142857142857,5.296296296296297
2020,isaiah zuber,Isaiah Zuber,NE,WR,4,2,2,29,0,0,1,-1,30,1.0644603648688644,1,14.5,14.5,0,-0.5,15
2020,j j arcega whiteside,J.J. Arcega-Whiteside,PHI,WR,5,8,4,85,0,0,4,121,11,-1.575963614377426,0.5,10.625,21.25,0,15.125,2.75
2020,jake kumerow,Jake Kumerow,BUF,WR,1,1,1,22,1,0,1,22,0,3.948037074704189,1,22,22,1,22,0
2020,jakeem grant,Jakeem Grant,MIA,WR,14,54,36,373,1,0,22,567,172,6.3093393336996275,0.6666666666666666,6.907407407407407,10.36111111111111,0.018518518518518517,10.5,4.777777777777778
2020,jakobi meyers,Jakobi Meyers,NE,WR,12,81,59,729,0,1,37,826,216,25.61967516175825,0.7283950617283951,9,12.35593220338983,0,10.197530864197532,3.6610169491525424
2020,jaleel scott,Jaleel Scott,NYJ,WR,1,1,1,16,0,0,1,13,3,1.1558837895281613,1,16,16,0,13,3
2020,jalen guyton,Jalen Guyton,LAC,WR,16,55,28,511,3,0,18,895,179,8.435678717515177,0.509090909090909,9.290909090909091,18.25,0.05454545454545454,16.272727272727273,6.392857142857143
2020,jalen reagor,Jalen Reagor,PHI,WR,11,54,31,396,1,0,19,705,173,3.80148724858878,0.5740740740740741,7.333333333333333,12.774193548387096,0.018518518518518517,13.055555555555555,5.580645161290323
2020,jamal agnew,Jamal Agnew,DET,WR,14,20,13,89,0,0,4,97,101,-5.324974207825944,0.65,4.45,6.846153846153846,0,4.85,7.769230769230769
2020,james proche,James Proche,BAL,WR,13,3,1,14,0,0,1,12,8,-11.361122009344399,0.3333333333333333,4.666666666666667,14,0,4,8
2020,james washington,James Washington,PIT,WR,16,56,30,392,5,0,19,699,139,6.91602764633717,0.5357142857142857,7,13.066666666666666,0.08928571428571429,12.482142857142858,4.633333333333334
2020,jamison crowder,Jamison Crowder,NYJ,WR,12,89,59,699,6,0,32,673,327,24.324352867736742,0.6629213483146067,7.853932584269663,11.847457627118644,0.06741573033707865,7.561797752808989,5.5423728813559325
2020,jarvis landry,Jarvis Landry,CLE,WR,15,101,72,840,3,1,46,826,347,48.56912168855472,0.7128712871287128,8.316831683168317,11.666666666666666,0.0297029702970297,8.178217821782178,4.819444444444445
2020,javon wims,Javon Wims,CHI,WR,10,12,6,48,1,0,4,177,4,-1.2713892628124062,0.5,4,8,0.08333333333333333,14.75,0.6666666666666666
2020,jaydon mickens,Jaydon Mickens,TB,WR,10,10,7,58,0,0,6,73,31,4.593217787790051,0.7,5.8,8.285714285714286,0,7.3,4.428571428571429
2020,jeff badet,Jeff Badet,WAS,WR,1,1,0,0,0,0,0,25,0,-0.22888036421500146,0,0,NA,0,25,NA
2020,jeff smith,Jeff Smith,NYJ,WR,9,37,17,167,0,0,9,468,49,-10.767100835695368,0.4594594594594595,4.513513513513513,9.823529411764707,0,12.64864864864865,2.8823529411764706
2020,jerry jeudy,Jerry Jeudy,DEN,WR,16,113,52,856,3,2,39,1529,284,-0.6760956838539612,0.46017699115044247,7.575221238938053,16.46153846153846,0.02654867256637168,13.530973451327434,5.461538461538462
2020,joe reed,Joe Reed,LAC,WR,10,1,0,0,0,0,0,-9,0,-0.9312107772566378,0,0,NA,0,-9,NA
2020,joe walker,Joe Walker,SF,LB,3,0,0,0,0,0,0,0,0,NA,NA,NA,NA,NA,NA,NA
2020,john brown,John Brown,BUF,WR,9,52,33,458,3,0,22,643,177,27.627609191676296,0.6346153846153846,8.807692307692308,13.878787878787879,0.057692307692307696,12.365384615384615,5.363636363636363
2020,john hightower,John Hightower,PHI,WR,10,29,10,167,0,0,5,655,57,-8.496545789835974,0.3448275862068966,5.758620689655173,16.7,0,22.586206896551722,5.7
2020,john ross,John Ross,CIN,WR,2,7,2,17,0,0,1,84,3,-2.3238688118872233,0.2857142857142857,2.4285714285714284,8.5,0,12,1.5
2020,jojo natson,JoJo Natson,CLE,WR,3,0,0,0,0,0,0,0,0,NA,NA,NA,NA,NA,NA,NA
2020,josh malone,Josh Malone,NYJ,WR,3,6,4,16,0,0,1,17,8,-4.075895040819887,0.6666666666666666,2.6666666666666665,4,0,2.8333333333333335,2
2020,josh reynolds,Josh Reynolds,LA,WR,16,81,52,618,2,1,31,886,225,9.792746040639628,0.6419753086419753,7.62962962962963,11.884615384615385,0.024691358024691357,10.938271604938272,4.326923076923077
2020,juju smith schuster,JuJu Smith-Schuster,PIT,WR,16,128,97,831,9,3,49,703,409,25.034840247974817,0.7578125,6.4921875,8.56701030927835,0.0703125,5.4921875,4.216494845360825
2020,julian edelman,Julian Edelman,NE,WR,6,39,21,315,0,0,18,401,64,-0.34573898459212193,0.5384615384615384,8.076923076923077,15,0,10.282051282051283,3.0476190476190474
2020,julio jones,Julio Jones,ATL,WR,9,68,51,771,3,0,36,764,231,53.42866038358502,0.75,11.338235294117647,15.117647058823529,0.04411764705882353,11.235294117647058,4.529411764705882
2020,justin jefferson,Justin Jefferson,MIN,WR,16,125,88,1400,7,1,58,1430,453,66.18497520993378,0.704,11.2,15.909090909090908,0.056,11.44,5.1477272727272725
2020,justin watson,Justin Watson,TB,WR,7,11,7,94,0,0,5,106,19,-12.898699100071099,0.6363636363636364,8.545454545454545,13.428571428571429,0,9.636363636363637,2.7142857142857144
2020,k j hill,K.J. Hill,LAC,WR,12,11,7,73,0,0,2,79,18,0.0636240232270211,0.6363636363636364,6.636363636363637,10.428571428571429,0,7.181818181818182,2.5714285714285716
2020,k j osborn,K.J. Osborn,MIN,WR,8,0,0,0,0,0,0,0,0,NA,NA,NA,NA,NA,NA,NA
2020,kalif raymond,Kalif Raymond,TEN,WR,15,15,9,187,0,0,7,263,38,6.811269694606538,0.6,12.466666666666667,20.77777777777778,0,17.533333333333335,4.222222222222222
2020,keelan cole,Keelan Cole,JAX,WR,16,88,55,642,5,0,34,957,174,26.07806036502677,0.625,7.295454545454546,11.672727272727272,0.056818181818181816,10.875,3.1636363636363636
2020,keenan allen,Keenan Allen,LAC,WR,14,147,100,992,8,3,61,1052,437,29.982660581923728,0.6802721088435374,6.7482993197278915,9.92,0.05442176870748299,7.156462585034014,4.37
2020,keesean johnson,KeeSean Johnson,ARI,WR,8,23,15,173,0,0,7,250,50,-2.4878906927187927,0.6521739130434783,7.521739130434782,11.533333333333333,0,10.869565217391305,3.3333333333333335
2020,keith kirkwood,Keith Kirkwood,CAR,WR,1,2,1,13,0,0,0,32,9,-0.9609215835037486,0.5,6.5,13,0,16,9
2020,keke coutee,Keke Coutee,HOU,WR,8,40,33,400,3,3,19,377,148,11.695675106250839,0.825,10,12.121212121212121,0.075,9.425,4.484848484848484
2020,kendall hinton,Kendall Hinton,DEN,WR,1,0,0,0,0,0,0,0,0,NA,NA,NA,NA,NA,NA,NA
2020,kendrick bourne,Kendrick Bourne,SF,WR,15,74,49,667,2,0,35,686,219,31.191795847122773,0.6621621621621622,9.013513513513514,13.612244897959183,0.02702702702702703,9.27027027027027,4.469387755102041
2020,kenny golladay,Kenny Golladay,DET,WR,5,32,20,338,2,0,16,466,38,21.662456989948417,0.625,10.5625,16.9,0.0625,14.5625,1.9
2020,kenny stills,Kenny Stills,HOU,WR,7,19,11,144,1,0,8,238,17,4.0013313359813765,0.5789473684210527,7.578947368421052,13.090909090909092,0.05263157894736842,12.526315789473685,1.5454545454545454
2020,kevin white,Kevin White,SF,WR,1,0,0,0,0,0,0,0,0,NA,NA,NA,NA,NA,NA,NA
2020,khadarel hodge,KhaDarel Hodge,CLE,WR,7,17,11,180,0,0,11,278,23,10.484842254576506,0.6470588235294118,10.588235294117647,16.363636363636363,0,16.352941176470587,2.090909090909091
2020,laquon treadwell,Laquon Treadwell,ATL,WR,4,7,6,49,2,0,4,39,13,3.866599450383584,0.8571428571428571,7,8.166666666666666,0.2857142857142857,5.571428571428571,2.1666666666666665
2020,larry fitzgerald,Larry Fitzgerald,ARI,WR,13,72,54,409,1,0,25,432,185,-1.7713509171222102,0.75,5.680555555555555,7.574074074074074,0.013888888888888888,6,3.425925925925926
2020,lawrence cager,Lawrence Cager,NYJ,TE,2,6,2,35,0,0,2,84,14,-13.18233124940889,0.3333333333333333,5.833333333333333,17.5,0,14,7
2020,lil jordan humphrey,Lil'Jordan Humphrey,NO,WR,2,5,3,46,1,0,3,53,10,-1.9649074470507912,0.6,9.2,15.333333333333334,0.2,10.6,3.3333333333333335
2020,mack hollins,Mack Hollins,MIA,WR,11,25,16,176,1,1,7,240,29,-1.6465793714394619,0.64,7.04,11,0.04,9.6,1.8125
2020,malik taylor,Malik Taylor,GB,WR,10,6,5,66,1,0,4,40,47,7.335954393295479,0.8333333333333334,11,13.2,0.16666666666666666,6.666666666666667,9.4
2020,malik turner,Malik Turner,DAL,WR,1,0,0,0,0,0,0,0,0,NA,NA,NA,NA,NA,NA,NA
2020,marcus johnson,Marcus Johnson,IND,WR,9,28,14,255,0,0,11,487,49,8.794779760514768,0.5,9.107142857142858,18.214285714285715,0,17.392857142857142,3.5
2020,marcus kemp,Marcus Kemp,KC,WR,4,1,1,11,0,0,1,1,10,0.9683585079037584,1,11,11,0,1,10
2020,marquez callaway,Marquez Callaway,NO,WR,9,27,21,213,0,0,10,226,58,10.63859724550221,0.7777777777777778,7.888888888888889,10.142857142857142,0,8.37037037037037,2.761904761904762
2020,marquez valdes scantling,Marquez Valdes-Scantling,GB,WR,14,63,33,690,6,1,27,1153,241,29.160337658657227,0.5238095238095238,10.952380952380953,20.90909090909091,0.09523809523809523,18.3015873015873,7.303030303030303
2020,marquise brown,Marquise Brown,BAL,WR,16,100,58,769,8,0,35,1291,274,26.96447493026773,0.58,7.69,13.258620689655173,0.08,12.91,4.724137931034483
2020,marvin hall,Marvin Hall,CLE,WR,11,32,18,302,2,0,10,549,58,17.01694719522493,0.5625,9.4375,16.77777777777778,0.0625,17.15625,3.2222222222222223
2020,marvin jones,Marvin Jones,DET,WR,16,115,76,978,9,0,52,1461,196,25.59572630227832,0.6608695652173913,8.504347826086956,12.868421052631579,0.0782608695652174,12.704347826086957,2.5789473684210527
2020,matt cole,Matt Cole,SF,WR,1,0,0,0,0,0,0,0,0,NA,NA,NA,NA,NA,NA,NA
2020,matthew slater,Matthew Slater,NE,WR,6,0,0,0,0,0,0,0,0,NA,NA,NA,NA,NA,NA,NA
2020,mecole hardman,Mecole Hardman,KC,WR,16,62,41,560,4,1,23,660,285,31.62693694727216,0.6612903225806451,9.03225806451613,13.658536585365853,0.06451612903225806,10.64516129032258,6.951219512195122
2020,michael gallup,Michael Gallup,DAL,WR,16,105,59,843,5,0,44,1237,252,29.17307774765558,0.5619047619047619,8.028571428571428,14.288135593220339,0.047619047619047616,11.780952380952382,4.271186440677966
2020,michael thomas,Michael Thomas,HOU/NO,DB,14,55,40,438,0,0,25,528,82,15.378163100121979,0.7272727272727273,7.963636363636364,10.95,0,9.6,2.05
2020,mike evans,Mike Evans,TB,WR,16,109,70,1006,13,0,55,1320,265,49.982845885751466,0.6422018348623854,9.229357798165138,14.371428571428572,0.11926605504587157,12.110091743119266,3.7857142857142856
2020,mike thomas,Mike Thomas,CIN,WR,12,21,13,132,1,1,7,181,28,-6.5722332806908526,0.6190476190476191,6.285714285714286,10.153846153846153,0.047619047619047616,8.619047619047619,2.1538461538461537
2020,mike williams,Mike Williams,LAC,WR,14,85,48,756,5,0,35,1236,162,29.817666042266257,0.5647058823529412,8.894117647058824,15.75,0.058823529411764705,14.541176470588235,3.375
2020,miles boykin,Miles Boykin,BAL,WR,14,33,19,266,4,0,14,383,80,10.527551754531254,0.5757575757575758,8.06060606060606,14,0.12121212121212122,11.606060606060606,4.2105263157894735
2020,mohamed sanu,Mohamed Sanu,DET,WR,7,24,17,187,1,0,13,289,37,17.233491204996312,0.7083333333333334,7.791666666666667,11,0.041666666666666664,12.041666666666666,2.176470588235294
2020,n keal harry,N'Keal Harry,NE,TE,13,57,33,309,2,1,16,457,105,-5.77965460617097,0.5789473684210527,5.421052631578948,9.363636363636363,0.03508771929824561,8.017543859649123,3.1818181818181817
2020,nelson agholor,Nelson Agholor,LV,WR,16,82,48,896,8,0,37,1269,230,36.94452028729543,0.5853658536585366,10.926829268292684,18.666666666666668,0.0975609756097561,15.475609756097562,4.791666666666667
2020,nick williams,Nick Williams,DET,DT,12,0,0,0,0,0,0,0,0,NA,NA,NA,NA,NA,NA,NA
2020,noah brown,Noah Brown,DAL,WR,10,24,14,154,0,0,6,247,47,5.429197339218726,0.5833333333333334,6.416666666666667,11,0,10.291666666666666,3.357142857142857
2020,nsimba webster,Nsimba Webster,LA,WR,16,0,0,0,0,0,0,0,0,NA,NA,NA,NA,NA,NA,NA
2020,odell beckham jr,Odell Beckham Jr.,CLE,WR,7,43,23,319,3,0,17,584,46,2.1501875737073535,0.5348837209302325,7.4186046511627906,13.869565217391305,0.06976744186046512,13.581395348837209,2
2020,olamide zaccheaus,Olamide Zaccheaus,ATL,WR,10,32,20,274,1,0,16,440,63,12.340582720455858,0.625,8.5625,13.7,0.03125,13.75,3.15
2020,parris campbell,Parris Campbell,IND,WR,2,9,6,71,0,0,4,107,18,-0.544535634398926,0.6666666666666666,7.888888888888889,11.833333333333334,0,11.88888888888889,3
2020,penny hart,Penny Hart,SEA,WR,5,1,1,3,0,0,0,-1,4,-0.20425559463910758,1,3,3,0,-1,4
2020,pharoh cooper,Pharoh Cooper,CAR,WR,15,8,5,73,0,0,3,79,35,2.664461337553803,0.625,9.125,14.6,0,9.875,7
2020,preston williams,Preston Williams,MIA,WR,8,35,18,288,4,0,14,508,42,6.211110540545777,0.5142857142857142,8.228571428571428,16,0.11428571428571428,14.514285714285714,2.3333333333333335
2020,quez watkins,Quez Watkins,PHI,WR,4,13,7,106,1,0,4,123,58,1.8359698799904436,0.5384615384615384,8.153846153846153,15.142857142857142,0.07692307692307693,9.461538461538462,8.285714285714286
2020,quintez cephus,Quintez Cephus,DET,WR,12,35,20,349,2,0,16,509,85,14.935999359607035,0.5714285714285714,9.971428571428572,17.45,0.05714285714285714,14.542857142857143,4.25
2020,randall cobb,Randall Cobb,HOU,WR,10,48,38,441,3,0,20,323,171,23.973501427764166,0.7916666666666666,9.1875,11.605263157894736,0.0625,6.729166666666667,4.5
2020,rashard higgins,Rashard Higgins,CLE,WR,12,52,37,599,4,2,26,733,78,36.121477919022574,0.7115384615384616,11.51923076923077,16.18918918918919,0.07692307692307693,14.096153846153847,2.108108108108108
2020,ray ray mccloud,Ray-Ray McCloud,PIT,WR,16,22,20,77,0,0,4,-33,105,0.09034955844981596,0.9090909090909091,3.5,3.85,0,-1.5,5.25
2020,richie james,Richie James,SF,WR,10,35,23,394,1,0,14,373,193,23.662511031026952,0.6571428571428571,11.257142857142858,17.130434782608695,0.02857142857142857,10.657142857142857,8.391304347826088
2020,rico gafford,Rico Gafford,LV,WR,3,2,0,0,0,0,0,64,0,-2.364953874028288,0,0,NA,0,32,NA
2020,riley ridley,Riley Ridley,CHI,WR,2,4,4,39,0,0,3,36,3,4.779556889494415,1,9.75,9.75,0,9,0.75
2020,river cracraft,River Cracraft,SF,WR,5,9,6,41,0,0,2,58,11,0.23572055560310945,0.6666666666666666,4.555555555555555,6.833333333333333,0,6.444444444444445,1.8333333333333333
2020,robbie chosen,Robbie Chosen,CAR,WR,16,136,95,1096,3,1,49,1318,497,28.139570654186716,0.6985294117647058,8.058823529411764,11.536842105263158,0.022058823529411766,9.691176470588236,5.231578947368421
2020,robert foster,Robert Foster,WAS,WR,3,6,2,37,0,0,2,84,32,1.6460745032527484,0.3333333333333333,6.166666666666667,18.5,0,14,16
2020,robert woods,Robert Woods,LA,WR,16,129,90,936,6,1,46,898,494,12.133043187420958,0.6976744186046512,7.255813953488372,10.4,0.046511627906976744,6.961240310077519,5.488888888888889
2020,rodney smith,Rodney Smith,CAR,RB,7,11,9,59,0,0,1,16,46,-1.757329558080528,0.8181818181818182,5.363636363636363,6.555555555555555,0,1.4545454545454546,5.111111111111111
2020,russell gage,Russell Gage,ATL,WR,16,109,72,786,4,0,50,927,281,31.42884212508111,0.6605504587155964,7.2110091743119265,10.916666666666666,0.03669724770642202,8.504587155963304,3.9027777777777777
2020,sammy watkins,Sammy Watkins,KC,WR,10,55,37,421,2,1,27,443,157,21.287328498766737,0.6727272727272727,7.654545454545454,11.378378378378379,0.03636363636363636,8.054545454545455,4.243243243243243
2020,seth roberts,Seth Roberts,CAR,WR,3,6,4,31,0,0,2,44,22,-1.0353864721608304,0.6666666666666666,5.166666666666667,7.75,0,7.333333333333333,5.5
2020,stanley morgan,Stanley Morgan,CIN,WR,2,0,0,0,0,0,0,0,0,NA,NA,NA,NA,NA,NA,NA
2020,stefon diggs,Stefon Diggs,BUF,WR,16,166,127,1535,8,0,73,1674,464,84.82890373178043,0.7650602409638554,9.24698795180723,12.086614173228346,0.04819277108433735,10.08433734939759,3.6535433070866143
2020,stephen sullivan,Stephen Sullivan,SEA,TE,1,0,0,0,0,0,0,0,0,NA,NA,NA,NA,NA,NA,NA
2020,sterling shepard,Sterling Shepard,NYG,WR,12,90,66,656,3,0,37,746,204,25.966774109460182,0.7333333333333333,7.288888888888889,9.93939393939394,0.03333333333333333,8.28888888888889,3.090909090909091
2020,steven mitchell,Steven Mitchell,HOU,WR,4,8,5,60,0,0,3,110,10,4.716525048483163,0.625,7.5,12,0,13.75,2
2020,t y hilton,T.Y. Hilton,IND,WR,15,93,56,762,5,0,42,1166,194,29.483317407048336,0.6021505376344086,8.193548387096774,13.607142857142858,0.053763440860215055,12.53763440860215,3.4642857142857144
2020,tajae sharpe,Tajae Sharpe,MIN,WR,3,3,0,0,0,0,0,112,0,-4.866008272161707,0,0,NA,0,37.333333333333336,NA
2020,tavon austin,Tavon Austin,GB,WR,4,5,5,20,0,0,1,-22,42,-0.30719311494613066,1,4,4,0,-4.4,8.4
2020,taywan taylor,Taywan Taylor,CLE,WR,1,1,0,0,0,0,0,15,0,-0.49715586588717997,0,0,NA,0,15,NA
2020,tee higgins,Tee Higgins,CIN,WR,15,108,67,908,6,1,52,1241,310,52.87847781305133,0.6203703703703703,8.407407407407407,13.552238805970148,0.05555555555555555,11.49074074074074,4.626865671641791
2020,terry godwin,Terry Godwin,JAX,WR,2,6,3,32,0,0,2,70,3,-2.034411488682963,0.5,5.333333333333333,10.666666666666666,0,11.666666666666666,1
2020,terry mclaurin,Terry McLaurin,WAS,WR,15,134,87,1118,4,1,51,1300,478,28.037404904104164,0.6492537313432836,8.343283582089553,12.850574712643677,0.029850746268656716,9.701492537313433,5.494252873563219
2020,tim patrick,Tim Patrick,DEN,WR,15,79,51,742,6,0,33,986,238,34.38974193332603,0.6455696202531646,9.39240506329114,14.549019607843137,0.0759493670886076,12.481012658227849,4.666666666666667
2020,tommylee lewis,Tommylee Lewis,NO,WR,5,3,1,5,0,0,0,38,0,-1.68247993348632,0.3333333333333333,1.6666666666666667,5,0,12.666666666666666,0
2020,tony brown,Tony Brown,CIN,DB,5,0,0,0,0,0,0,0,0,NA,NA,NA,NA,NA,NA,NA
2020,tony jones,Tony Jones,NO,RB,1,0,0,0,0,0,0,0,0,NA,NA,NA,NA,NA,NA,NA
2020,travis fulgham,Travis Fulgham,PHI,WR,12,67,38,539,4,0,26,803,100,23.91789065169523,0.5671641791044776,8.044776119402986,14.18421052631579,0.05970149253731343,11.985074626865671,2.6315789473684212
2020,tre quan smith,Tre'Quan Smith,NO,WR,13,50,34,448,4,1,22,450,135,24.341424969179037,0.68,8.96,13.176470588235293,0.08,9,3.9705882352941178
2020,trent sherfield,Trent Sherfield,ARI,WR,9,7,5,50,0,0,2,82,27,-7.4889869700418785,0.7142857142857143,7.142857142857143,10,0,11.714285714285714,5.4
2020,trent taylor,Trent Taylor,SF,WR,12,21,10,86,0,0,5,117,43,-12.918861228424461,0.47619047619047616,4.095238095238095,8.6,0,5.571428571428571,4.3
2020,trenton irwin,Trenton Irwin,CIN,WR,1,2,1,5,0,0,0,12,1,-0.8627662873182,0.5,2.5,5,0,6,1
2020,trey quinn,Trey Quinn,JAX,WR,1,0,0,0,0,0,0,0,0,NA,NA,NA,NA,NA,NA,NA
2020,ty montgomery,Ty Montgomery,NO,WR,4,6,3,27,0,0,1,10,33,-2.394389351422433,0.5,4.5,9,0,1.6666666666666667,11
2020,tyler boyd,Tyler Boyd,CIN,WR,15,110,79,841,4,1,43,940,350,37.62876973810486,0.7181818181818181,7.6454545454545455,10.645569620253164,0.03636363636363636,8.545454545454545,4.430379746835443
2020,tyler johnson,Tyler Johnson,TB,WR,10,17,12,169,2,0,9,169,72,11.56046851416574,0.7058823529411765,9.941176470588236,14.083333333333334,0.11764705882352941,9.941176470588236,6
2020,tyler lockett,Tyler Lockett,SEA,WR,16,132,100,1054,10,1,57,1285,327,73.64311364111445,0.7575757575757576,7.984848484848484,10.54,0.07575757575757576,9.734848484848484,3.27
2020,tyreek hill,Tyreek Hill,KC,WR,15,135,87,1276,15,0,57,1739,434,75.19457852968284,0.6444444444444445,9.451851851851853,14.666666666666666,0.1111111111111111,12.881481481481481,4.988505747126437
2020,tyrie cleveland,Tyrie Cleveland,DEN,WR,7,9,6,63,0,0,4,79,18,2.9151737425709143,0.6666666666666666,7,10.5,0,8.777777777777779,3
2020,tyron johnson,Tyron Johnson,LAC,WR,11,26,20,398,3,0,15,534,59,29.332042717229342,0.7692307692307693,15.307692307692308,19.9,0.11538461538461539,20.53846153846154,2.95
2020,van jefferson,Van Jefferson,LA,WR,14,31,19,220,1,0,11,351,46,1.7644151145989286,0.6129032258064516,7.096774193548387,11.578947368421053,0.03225806451612903,11.32258064516129,2.4210526315789473
2020,vyncint smith,Vyncint Smith,NYJ,WR,4,3,1,13,0,0,1,39,1,-0.7697453142609447,0.3333333333333333,4.333333333333333,13,0,13,1
2020,will fuller,Will Fuller,HOU,WR,11,75,53,879,8,0,38,940,291,58.204213190034345,0.7066666666666667,11.72,16.58490566037736,0.10666666666666667,12.533333333333333,5.490566037735849
2020,willie snead,Willie Snead,BAL,WR,13,48,33,432,3,1,23,428,187,18.345950578026663,0.6875,9,13.090909090909092,0.0625,8.916666666666666,5.666666666666667
2020,zach pascal,Zach Pascal,IND,WR,16,71,44,629,5,0,29,772,233,21.678771989918136,0.6197183098591549,8.859154929577464,14.295454545454545,0.07042253521126761,10.873239436619718,5.295454545454546
2020,zay jones,Zay Jones,LV,WR,11,20,14,154,1,0,6,142,65,-1.1626644140924327,0.7,7.7,11,0.05,7.1,4.642857142857143
2021,a j brown,A.J. Brown,TEN,WR,13,105,63,869,5,0,45,1218,235,33.827210485994684,0.6,8.276190476190477,13.793650793650794,0.047619047619047616,11.6,3.7301587301587302
2021,a j green,A.J. Green,ARI/CLE,WR,24,92,54,848,3,0,37,1109,181,28.473385656513347,0.5869565217391305,9.217391304347826,15.703703703703704,0.03260869565217391,12.054347826086957,3.3518518518518516
2021,adam humphries,Adam Humphries,WAS,WR,17,62,41,383,0,0,23,411,158,-6.258268998434428,0.6612903225806451,6.17741935483871,9.341463414634147,0,6.629032258064516,3.8536585365853657
2021,adam thielen,Adam Thielen,MIN,WR,13,95,67,726,10,1,38,903,239,24.06156817936718,0.7052631578947368,7.6421052631578945,10.835820895522389,0.10526315789473684,9.505263157894737,3.5671641791044775
2021,albert wilson,Albert Wilson,MIA,WR,10,39,25,213,0,0,10,210,143,-5.400652059959029,0.6410256410256411,5.461538461538462,8.52,0,5.384615384615385,5.72
2021,alex bachman,Alex Bachman,NYG,WR,2,0,0,0,0,0,0,0,0,NA,NA,NA,NA,NA,NA,NA
2021,alex erickson,Alex Erickson,CAR,WR,17,4,3,55,0,0,2,33,30,1.9176059016608633,0.75,13.75,18.333333333333332,0,8.25,10
2021,allen lazard,Allen Lazard,GB,WR,14,60,40,513,8,0,28,647,174,36.58736934207987,0.6666666666666666,8.55,12.825,0.13333333333333333,10.783333333333333,4.35
2021,allen robinson,Allen Robinson,CHI,WR,12,66,38,410,1,0,22,755,92,9.734412072468036,0.5757575757575758,6.212121212121212,10.789473684210526,0.015151515151515152,11.43939393939394,2.4210526315789473
2021,amari cooper,Amari Cooper,DAL,WR,15,104,68,865,8,1,45,1152,229,48.26934522552408,0.6538461538461539,8.317307692307692,12.720588235294118,0.07692307692307693,11.076923076923077,3.3676470588235294
2021,amari rodgers,Amari Rodgers,GB,WR,16,8,4,45,0,0,2,40,24,-4.549814701367112,0.5,5.625,11.25,0,5,6
2021,amon ra st brown,Amon-Ra St. Brown,DET,WR,16,119,90,912,5,0,48,831,424,53.23664180432879,0.7563025210084033,7.663865546218488,10.133333333333333,0.04201680672268908,6.983193277310924,4.711111111111111
2021,andre roberts,Andre Roberts,LAC,WR,16,2,1,35,0,0,1,29,16,-0.8368861800990999,0.5,17.5,35,0,14.5,16
2021,andy isabella,Andy Isabella,ARI,WR,3,1,1,13,0,0,1,6,7,0.8104088391410187,1,13,13,0,6,7
2021,anthony miller,Anthony Miller,PIT,WR,3,12,6,25,1,0,3,76,10,-11.383189313637558,0.5,2.0833333333333335,4.166666666666667,0.08333333333333333,6.333333333333333,1.6666666666666667
2021,anthony schwartz,Anthony Schwartz,CLE,WR,13,23,10,135,1,0,6,396,10,-7.83959086597315,0.43478260869565216,5.869565217391305,13.5,0.043478260869565216,17.217391304347824,1
2021,antoine wesley,Antoine Wesley,ARI,WR,8,32,19,208,3,0,9,317,61,-3.424818518032093,0.59375,6.5,10.947368421052632,0.09375,9.90625,3.210526315789474
2021,antonio brown,Antonio Brown,TB,WR,7,62,42,545,4,0,29,734,190,33.95373083089263,0.6774193548387096,8.790322580645162,12.976190476190476,0.06451612903225806,11.838709677419354,4.523809523809524
2021,antonio gandy golden,Antonio Gandy-Golden,WAS,WR,1,0,0,0,0,0,0,0,0,NA,NA,NA,NA,NA,NA,NA
2021,ashton dulin,Ashton Dulin,IND,WR,16,22,13,173,2,0,9,304,50,5.9716478186892346,0.5909090909090909,7.863636363636363,13.307692307692308,0.09090909090909091,13.818181818181818,3.8461538461538463
2021,auden tate,Auden Tate,CIN,WR,4,4,3,39,1,0,3,45,21,0.003112844016868621,0.75,9.75,13,0.25,11.25,7
2021,ben skowronek,Ben Skowronek,LA,WR,12,20,11,133,0,0,7,210,53,1.4085599618961386,0.55,6.65,12.090909090909092,0,10.5,4.818181818181818
2021,brandin cooks,Brandin Cooks,HOU,WR,16,134,90,1037,6,0,45,1423,344,24.50105738538634,0.6716417910447762,7.7388059701492535,11.522222222222222,0.04477611940298507,10.619402985074627,3.8222222222222224
2021,brandon aiyuk,Brandon Aiyuk,SF,WR,17,84,56,826,5,1,37,813,349,40.75678996943231,0.6666666666666666,9.833333333333334,14.75,0.05952380952380952,9.678571428571429,6.232142857142857
2021,brandon jones,Brandon Jones,MIA,SAF,14,0,0,0,0,0,0,0,0,NA,NA,NA,NA,NA,NA,NA
2021,brandon powell,Brandon Powell,LA,WR,6,0,0,0,0,0,0,0,0,NA,NA,NA,NA,NA,NA,NA
2021,brandon zylstra,Brandon Zylstra,CAR,WR,12,25,18,250,1,0,10,262,118,9.140306190529373,0.72,10,13.88888888888889,0.04,10.48,6.555555555555555
2021,braxton berrios,Braxton Berrios,NYJ,WR,16,65,46,431,2,1,21,332,264,7.82737549621379,0.7076923076923077,6.630769230769231,9.369565217391305,0.03076923076923077,5.107692307692307,5.739130434782608
2021,breshad perriman,Breshad Perriman,TB,WR,5,18,11,167,1,0,5,169,102,7.000882647704898,0.6111111111111112,9.277777777777779,15.181818181818182,0.05555555555555555,9.38888888888889,9.272727272727273
2021,bryan edwards,Bryan Edwards,LV,WR,16,59,34,571,3,1,26,827,190,17.335616587656475,0.576271186440678,9.677966101694915,16.794117647058822,0.05084745762711865,14.016949152542374,5.588235294117647
2021,byron pringle,Byron Pringle,KC,WR,16,60,42,568,5,0,32,641,187,36.73909083536926,0.7,9.466666666666667,13.523809523809524,0.08333333333333333,10.683333333333334,4.4523809523809526
2021,c j board,C.J. Board,NYG,WR,6,6,4,51,0,0,3,102,13,-0.5555203012190759,0.6666666666666666,8.5,12.75,0,17,3.25
2021,c j saunders,C.J. Saunders,CAR,WR,1,2,2,11,0,0,1,11,0,-0.3376889335922897,1,5.5,5.5,0,5.5,0
2021,calvin ridley,Calvin Ridley,ATL,WR,5,52,31,281,2,0,16,521,91,7.901234673704039,0.5961538461538461,5.403846153846154,9.064516129032258,0.038461538461538464,10.01923076923077,2.935483870967742
2021,cam sims,Cam Sims,WAS,WR,12,23,15,211,2,0,11,267,42,8.951436545556941,0.6521739130434783,9.173913043478262,14.066666666666666,0.08695652173913043,11.608695652173912,2.8
2021,cameron batson,Cameron Batson,TEN,WR,4,5,2,15,1,0,2,84,1,0.9303044960252009,0.4,3,7.5,0.2,16.8,0.5
2021,ceedee lamb,CeeDee Lamb,DAL,WR,16,120,79,1102,6,0,54,1233,441,27.878307176290985,0.6583333333333333,9.183333333333334,13.949367088607595,0.05,10.275,5.582278481012659
2021,chandler jones,Chandler Jones,ARI,DE,15,0,0,0,0,0,0,0,0,NA,NA,NA,NA,NA,NA,NA
2021,chase claypool,Chase Claypool,PIT,WR,15,105,59,860,2,0,35,1202,295,9.79091478392468,0.5619047619047619,8.19047619047619,14.576271186440678,0.01904761904761905,11.447619047619048,5
2021,chester rogers,Chester Rogers,TEN,WR,16,43,30,301,1,0,12,323,103,2.8218427654397105,0.6976744186046512,7,10.033333333333333,0.023255813953488372,7.511627906976744,3.433333333333333
2021,chris conley,Chris Conley,HOU,WR,14,37,22,323,2,1,15,340,126,10.734472966737542,0.5945945945945946,8.72972972972973,14.681818181818182,0.05405405405405406,9.18918918918919,5.7272727272727275
2021,chris hogan,Chris Hogan,NO,WR,5,8,4,41,1,0,2,49,13,0.032242007087916136,0.5,5.125,10.25,0.125,6.125,3.25
2021,chris moore,Chris Moore,HOU,WR,10,22,21,227,2,0,6,90,150,7.926040963793639,0.9545454545454546,10.318181818181818,10.80952380952381,0.09090909090909091,4.090909090909091,7.142857142857143
2021,chris williams,Chris Williams,IND,DL,3,0,0,0,0,0,0,0,0,NA,NA,NA,NA,NA,NA,NA
2021,christian blake,Christian Blake,ATL,WR,9,9,4,25,0,0,2,58,2,-4.044391768111382,0.4444444444444444,2.7777777777777777,6.25,0,6.444444444444445,0.5
2021,christian kirk,Christian Kirk,ARI,WR,17,103,77,982,5,0,44,1201,231,51.099387971530916,0.7475728155339806,9.533980582524272,12.753246753246753,0.04854368932038835,11.660194174757281,3
2021,cody hollister,Cody Hollister,TEN,WR,3,7,4,33,0,0,4,72,17,-1.7773421431193128,0.5714285714285714,4.714285714285714,8.25,0,10.285714285714286,4.25
2021,cody thompson,Cody Thompson,SEA,WR,2,0,0,0,0,0,0,0,0,NA,NA,NA,NA,NA,NA,NA
2021,cody white,Cody White,PIT,WR,6,6,5,33,0,0,3,38,14,2.2627104824059643,0.8333333333333334,5.5,6.6,0,6.333333333333333,2.8
2021,cole beasley,Cole Beasley,BUF,WR,16,112,82,693,1,1,35,630,305,6.190129305082185,0.7321428571428571,6.1875,8.451219512195122,0.008928571428571428,5.625,3.7195121951219514
2021,collin johnson,Collin Johnson,NYG,WR,8,21,11,105,0,0,6,178,18,-12.104881962764281,0.5238095238095238,5,9.545454545454545,0,8.476190476190476,1.6363636363636365
2021,cooper kupp,Cooper Kupp,LA,WR,17,191,145,1947,16,0,89,1641,846,112.93584767521602,0.7591623036649214,10.193717277486911,13.427586206896551,0.08376963350785341,8.591623036649215,5.834482758620689
2021,corey davis,Corey Davis,NYJ,WR,9,59,34,492,4,2,23,765,129,-0.8347992301747356,0.576271186440678,8.3389830508474585,14.470588235294118,0.06779661016949153,12.966101694915254,3.7941176470588234
2021,courtland sutton,Courtland Sutton,DEN,WR,17,98,58,776,2,0,35,1509,135,20.20711837010122,0.5918367346938775,7.918367346938775,13.379310344827585,0.02040816326530612,15.39795918367347,2.3275862068965516
2021,curtis samuel,Curtis Samuel,WAS,WR,5,9,6,27,0,0,4,21,40,-0.04461636405903846,0.6666666666666666,3,4.5,0,2.3333333333333335,6.666666666666667
2021,cyril grayson,Cyril Grayson,TB,WR,3,12,10,212,2,0,8,185,70,17.28436093009077,0.8333333333333334,17.666666666666668,21.2,0.16666666666666666,15.416666666666666,7
2021,damiere byrd,Damiere Byrd,CHI,WR,11,38,26,329,1,0,18,325,116,8.973832560497478,0.6842105263157895,8.657894736842104,12.653846153846153,0.02631578947368421,8.552631578947368,4.461538461538462
2021,dan chisena,Dan Chisena,MIN,WR,2,0,0,0,0,0,0,0,0,NA,NA,NA,NA,NA,NA,NA
2021,danny amendola,Danny Amendola,HOU,WR,8,38,24,248,3,1,11,321,105,0.9343841800807087,0.631578947368421,6.526315789473684,10.333333333333334,0.07894736842105263,8.447368421052632,4.375
2021,dante pettis,Dante Pettis,NYG,WR,3,16,10,87,1,0,5,103,38,-1.9642320835057556,0.625,5.4375,8.7,0.0625,6.4375,3.8
2021,darius slayton,Darius Slayton,NYG,WR,13,58,26,339,2,1,14,773,65,-14.252361351251919,0.4482758620689655,5.844827586206897,13.038461538461538,0.034482758620689655,13.327586206896552,2.5
2021,darnell mooney,Darnell Mooney,CHI,WR,17,140,81,1055,4,0,49,1556,381,0.5429042949728003,0.5785714285714286,7.535714285714286,13.024691358024691,0.02857142857142857,11.114285714285714,4.703703703703703
2021,daurice fountain,Daurice Fountain,KC,WR,1,0,0,0,0,0,0,0,0,NA,NA,NA,NA,NA,NA,NA
2021,davante adams,Davante Adams,GB,WR,16,169,123,1553,11,0,84,1614,601,71.96588018300136,0.727810650887574,9.189349112426035,12.626016260162602,0.0650887573964497,9.550295857988166,4.8861788617886175
2021,david moore,David Moore,GB,WR,2,2,0,0,0,0,0,28,0,-0.9738130733603612,0,0,NA,0,14,NA
2021,david sills,David Sills,NYG,WR,4,6,2,17,0,0,1,58,2,-2.9543511403899174,0.3333333333333333,2.8333333333333335,8.5,0,9.666666666666666,1
2021,davion davis,Davion Davis,HOU,WR,2,3,1,17,0,0,1,14,13,-4.320512734120712,0.3333333333333333,5.666666666666667,17,0,4.666666666666667,13
2021,dax milne,Dax Milne,WAS,WR,9,14,9,83,0,1,4,102,39,-5.622943584632594,0.6428571428571429,5.928571428571429,9.222222222222221,0,7.285714285714286,4.333333333333333
2021,dazz newsome,Dazz Newsome,CHI,WR,3,5,2,23,0,0,1,36,15,-9.422695572604425,0.4,4.6,11.5,0,7.2,7.5
2021,deandre carter,DeAndre Carter,WAS,WR,17,44,24,296,3,0,17,485,78,9.942710329416977,0.5454545454545454,6.7272727272727275,12.333333333333334,0.06818181818181818,11.022727272727273,3.25
2021,deandre hopkins,DeAndre Hopkins,ARI,WR,10,64,42,572,8,0,32,788,140,42.37796969614686,0.65625,8.9375,13.619047619047619,0.125,12.3125,3.3333333333333335
2021,dede westbrook,Dede Westbrook,MIN,WR,15,15,10,68,0,0,3,110,17,-1.9098853867621823,0.6666666666666666,4.533333333333333,6.8,0,7.333333333333333,1.7
2021,demarcus robinson,Demarcus Robinson,KC,WR,14,41,25,264,3,0,13,427,62,9.856429052995656,0.6097560975609756,6.439024390243903,10.56,0.07317073170731707,10.414634146341463,2.48
2021,demetric felton,Demetric Felton,CLE,RB,15,21,18,181,2,0,10,9,201,9.55242118309252,0.8571428571428571,8.619047619047619,10.055555555555555,0.09523809523809523,0.42857142857142855,11.166666666666666
2021,denzel mims,Denzel Mims,NYJ,WR,10,23,8,133,0,0,5,268,49,-6.652713170672055,0.34782608695652173,5.782608695652174,16.625,0,11.652173913043478,6.125
2021,deonte harty,Deonte Harty,NO,WR,13,59,36,570,3,0,23,585,246,9.929468594910395,0.6101694915254238,9.6610169491525415,15.833333333333334,0.05084745762711865,9.915254237288135,6.833333333333333
2021,desean jackson,DeSean Jackson,LV,WR,14,34,20,454,2,1,12,647,175,11.046789813728537,0.5882352941176471,13.352941176470589,22.7,0.058823529411764705,19.029411764705884,8.75
2021,devante parker,DeVante Parker,MIA,WR,9,73,40,515,2,0,29,856,104,24.061896761366867,0.547945205479452,7.054794520547945,12.875,0.0273972602739726,11.726027397260275,2.6
2021,devin duvernay,Devin Duvernay,BAL,WR,16,47,33,272,2,0,14,284,141,7.4482302006255114,0.7021276595744681,5.787234042553192,8.242424242424242,0.0425531914893617,6.042553191489362,4.2727272727272725
2021,devin smith,Devin Smith,JAX,WR,1,1,0,0,0,0,0,19,0,-4.469863481936045,0,0,NA,0,19,NA
2021,devonta smith,DeVonta Smith,PHI,WR,17,104,64,916,5,1,43,1476,208,29.674990696259094,0.6153846153846154,8.807692307692308,14.3125,0.04807692307692308,14.192307692307692,3.25
2021,dez fitzpatrick,Dez Fitzpatrick,TEN,WR,3,8,5,49,1,0,4,109,3,-4.218251272744965,0.625,6.125,9.8,0.125,13.625,0.6
2021,dezmon patmon,Dezmon Patmon,IND,WR,4,4,2,21,1,0,1,36,3,1.1738232796196826,0.5,5.25,10.5,0.25,9,1.5
2021,dillon stoner,Dillon Stoner,LV,WR,2,0,0,0,0,0,0,0,0,NA,NA,NA,NA,NA,NA,NA
2021,diontae johnson,Diontae Johnson,PIT,WR,16,169,107,1161,8,2,59,1440,527,22.046528781486174,0.6331360946745562,6.8698224852071,10.850467289719626,0.047337278106508875,8.520710059171599,4.925233644859813
2021,diontae spencer,Diontae Spencer,DEN,WR,15,4,1,-3,0,0,0,9,0,-3.410681068256963,0.25,-0.75,-3,0,2.25,0
2021,dj chark,DJ Chark,JAX,WR,3,22,7,154,2,0,7,359,24,-0.6727991132660601,0.3181818181818182,7,22,0.09090909090909091,16.318181818181817,3.4285714285714284
2021,donovan peoples jones,Donovan Peoples-Jones,CLE,WR,13,58,34,597,3,1,26,904,146,25.022869365793994,0.5862068965517241,10.293103448275861,17.558823529411764,0.05172413793103448,15.586206896551724,4.294117647058823
2021,dyami brown,Dyami Brown,WAS,WR,10,25,12,165,0,0,6,381,34,-1.5833218638767814,0.48,6.6,13.75,0,15.24,2.8333333333333335
2021,easop winston,Easop Winston,NO,WR,3,1,1,5,0,0,0,-4,9,-0.50927493860945106,1,5,5,0,-4,9
2021,elijah moore,Elijah Moore,NYJ,WR,11,77,43,538,5,0,24,899,207,-1.2907747868831332,0.5584415584415584,6.987012987012987,12.511627906976743,0.06493506493506493,11.675324675324676,4.813953488372093
2021,emmanuel sanders,Emmanuel Sanders,BUF,WR,14,72,42,626,4,0,31,1077,85,24.830480036758914,0.5833333333333334,8.694444444444445,14.904761904761905,0.05555555555555555,14.958333333333334,2.0238095238095237
2021,equanimeous st brown,Equanimeous St. Brown,GB,WR,12,17,9,98,0,0,6,175,58,4.694028524769237,0.5294117647058824,5.764705882352941,10.88888888888889,0,10.294117647058824,6.444444444444445
2021,frank darby,Frank Darby,ATL,WR,4,4,1,14,0,0,1,83,11,-3.1446534376009367,0.25,3.5,14,0,20.75,11
2021,freddie swain,Freddie Swain,SEA,WR,17,40,25,343,4,0,12,324,206,12.286259284678149,0.625,8.575,13.72,0.1,8.1,8.24
2021,geronimo allison,Geronimo Allison,DET,WR,1,2,0,0,0,0,0,20,0,-1.2163728820083386,0,0,NA,0,10,NA
2021,greg dortch,Greg Dortch,ARI,WR,5,3,3,15,0,0,0,-16,31,-0.3387913668411784,1,5,5,0,-5.333333333333333,10.333333333333334
2021,greg ward,Greg Ward,PHI,WR,10,11,7,95,3,0,4,85,16,10.643124117166735,0.6363636363636364,8.636363636363637,13.571428571428571,0.2727272727272727,7.7272727272727275,2.2857142857142856
2021,gunner olszewski,Gunner Olszewski,NE,WR,16,3,2,31,0,0,2,29,14,1.6776933936052956,0.6666666666666666,10.333333333333334,15.5,0,9.666666666666666,7
2021,hunter renfrow,Hunter Renfrow,LV,WR,17,128,103,1038,9,1,51,828,452,50.453046968609016,0.8046875,8.109375,10.077669902912621,0.0703125,6.46875,4.388349514563107
2021,ihmir smith marsette,Ihmir Smith-Marsette,MIN,WR,6,6,5,116,2,0,4,128,17,11.404099471285008,0.8333333333333334,19.333333333333332,23.2,0.3333333333333333,21.333333333333332,3.4
2021,isaiah coulter,Isaiah Coulter,CHI,WR,1,1,0,0,0,0,0,22,0,-0.8571832496672869,0,0,NA,0,22,NA
2021,isaiah ford,Isaiah Ford,MIA,WR,10,17,12,161,2,0,7,144,60,10.600430672289804,0.7058823529411765,9.470588235294118,13.416666666666666,0.11764705882352941,8.470588235294118,5
2021,isaiah mckenzie,Isaiah McKenzie,BUF,WR,15,26,20,178,1,0,13,157,81,16.954948930360842,0.7692307692307693,6.846153846153846,8.9,0.038461538461538464,6.038461538461538,4.05
2021,isaiah williams,Isaiah Williams,NYJ,OT,1,0,0,0,0,0,0,0,0,NA,NA,NA,NA,NA,NA,NA
2021,j j arcega whiteside,J.J. Arcega-Whiteside,PHI,WR,7,5,2,36,0,0,2,41,29,-3.3505652281455696,0.4,7.2,18,0,8.2,14.5
2021,j j koski,J.J. Koski,LA,WR,3,0,0,0,0,0,0,0,0,NA,NA,NA,NA,NA,NA,NA
2021,ja marr chase,Ja'Marr Chase,CIN,WR,17,128,81,1455,13,2,56,1617,651,65.33957198970779,0.6328125,11.3671875,17.962962962962962,0.1015625,12.6328125,8.037037037037036
2021,jacob harris,Jacob Harris,LA,WR,2,0,0,0,0,0,0,0,0,NA,NA,NA,NA,NA,NA,NA
2021,jaelon darden,Jaelon Darden,TB,WR,9,12,6,43,0,0,1,156,24,-9.377901166287083,0.5,3.5833333333333335,7.166666666666667,0,13,4
2021,jake kumerow,Jake Kumerow,BUF,WR,7,6,2,28,0,0,2,86,7,-1.3694363178364002,0.3333333333333333,4.666666666666667,14,0,14.333333333333334,3.5
2021,jakeem grant,Jakeem Grant,CHI,WR,15,17,11,132,2,1,7,80,103,2.442662993678823,0.6470588235294118,7.764705882352941,12,0.11764705882352941,4.705882352941177,9.363636363636363
2021,jakobi meyers,Jakobi Meyers,NE,WR,16,126,83,866,2,1,42,1221,222,19.095091447288684,0.6587301587301587,6.873015873015873,10.433734939759036,0.015873015873015872,9.69047619047619,2.674698795180723
2021,jalen camp,Jalen Camp,HOU,WR,1,0,0,0,0,0,0,0,0,NA,NA,NA,NA,NA,NA,NA
2021,jalen guyton,Jalen Guyton,LAC,WR,16,48,31,448,3,0,21,503,149,26.991135289979866,0.6458333333333334,9.333333333333334,14.451612903225806,0.0625,10.479166666666666,4.806451612903226
2021,jalen reagor,Jalen Reagor,PHI,WR,17,57,33,299,2,0,13,549,151,-10.805154635583914,0.5789473684210527,5.245614035087719,9.06060606060606,0.03508771929824561,9.631578947368421,4.575757575757576
2021,jamal agnew,Jamal Agnew,JAX,WR,10,39,24,229,1,0,14,291,118,5.709054323579577,0.6153846153846154,5.871794871794871,9.541666666666666,0.02564102564102564,7.461538461538462,4.916666666666667
2021,james proche,James Proche,BAL,WR,7,20,16,202,0,0,10,192,55,14.315364896436222,0.8,10.1,12.625,0,9.6,3.4375
2021,james washington,James Washington,PIT,WR,15,44,24,285,2,0,9,514,79,-7.22128224318722,0.5454545454545454,6.4772727272727275,11.875,0.045454545454545456,11.681818181818182,3.2916666666666665
2021,jamison crowder,Jamison Crowder,NYJ,WR,12,71,51,447,2,1,24,448,174,6.700944275106748,0.7183098591549296,6.295774647887324,8.764705882352942,0.028169014084507043,6.309859154929577,3.411764705882353
2021,jarvis landry,Jarvis Landry,CLE,WR,12,87,52,570,2,1,29,696,273,-13.1820960384178,0.5977011494252874,6.551724137931035,10.961538461538462,0.022988505747126436,8,5.25
2021,jason moore,Jason Moore,LAC,WR,1,4,3,56,0,0,3,60,26,2.601492775778752,0.75,14,18.666666666666668,0,15,8.666666666666666
2021,jauan jennings,Jauan Jennings,SF,WR,13,38,24,282,5,1,15,355,103,18.174912513681285,0.631578947368421,7.421052631578948,11.75,0.13157894736842105,9.342105263157896,4.291666666666667
2021,jaydon mickens,Jaydon Mickens,JAX,WR,11,3,2,10,0,0,1,58,3,0.5903129952494055,0.6666666666666666,3.3333333333333335,5,0,19.333333333333332,1.5
2021,jaylen waddle,Jaylen Waddle,MIA,WR,16,140,104,1015,6,1,59,993,439,20.223480459799163,0.7428571428571429,7.25,9.759615384615385,0.04285714285714286,7.0928571428571425,4.221153846153846
2021,jaylon moore,Jaylon Moore,SF,OT,1,0,0,0,0,0,0,0,0,NA,NA,NA,NA,NA,NA,NA
2021,jeff smith,Jeff Smith,NYJ,WR,9,17,8,113,0,0,6,192,15,5.477149774771166,0.47058823529411764,6.647058823529412,14.125,0,11.294117647058824,1.875
2021,jerry jeudy,Jerry Jeudy,DEN,WR,10,56,38,467,0,1,22,595,178,15.39769679902086,0.6785714285714286,8.339285714285714,12.289473684210526,0,10.625,4.684210526315789
2021,joe walker,Joe Walker,ARI,LB,6,0,0,0,0,0,0,0,0,NA,NA,NA,NA,NA,NA,NA
2021,john brown,John Brown,JAX,WR,3,3,0,0,0,0,0,93,0,-5.6706744490657,0,0,NA,0,31,NA
2021,john hightower,John Hightower,PHI,WR,1,0,0,0,0,0,0,0,0,NA,NA,NA,NA,NA,NA,NA
2021,john ross,John Ross,NYG,WR,9,20,11,224,1,1,8,314,40,12.21210288227303,0.55,11.2,20.363636363636363,0.05,15.7,3.6363636363636362
2021,jojo natson,JoJo Natson,CLE,WR,3,0,0,0,0,0,0,0,0,NA,NA,NA,NA,NA,NA,NA
2021,jordan veasy,Jordan Veasy,HOU,WR,1,0,0,0,0,0,0,0,0,NA,NA,NA,NA,NA,NA,NA
2021,josh gordon,Josh Gordon,KC,WR,9,14,5,32,1,0,3,153,5,-12.496325224316571,0.35714285714285715,2.2857142857142856,6.4,0.07142857142857142,10.928571428571429,1
2021,josh johnson,Josh Johnson,BAL/SEA,QB,5,0,0,0,0,0,0,0,0,NA,NA,NA,NA,NA,NA,NA
2021,josh palmer,Josh Palmer,LAC,WR,15,49,33,353,4,0,18,489,100,12.51690165518087,0.673469387755102,7.204081632653061,10.696969696969697,0.08163265306122448,9.979591836734693,3.0303030303030303
2021,josh reynolds,Josh Reynolds,DET,WR,11,49,29,396,2,0,21,668,119,18.884278442147465,0.5918367346938775,8.081632653061224,13.655172413793103,0.04081632653061224,13.63265306122449,4.103448275862069
2021,juju smith schuster,JuJu Smith-Schuster,PIT,WR,5,28,15,129,0,0,6,183,68,-8.17464221835365,0.5357142857142857,4.607142857142857,8.6,0,6.535714285714286,4.533333333333333
2021,julio jones,Julio Jones,TEN,WR,10,48,31,434,1,0,19,579,112,15.380997685733822,0.6458333333333334,9.041666666666666,14,0.020833333333333332,12.0625,3.6129032258064515
2021,justin jefferson,Justin Jefferson,MIN,WR,17,167,108,1616,10,1,75,2063,490,77.73013027379446,0.6467065868263473,9.676646706586826,14.962962962962964,0.059880239520958084,12.353293413173652,4.537037037037037
2021,juwann winfree,Juwann Winfree,GB,WR,5,13,8,58,0,2,6,75,31,-1.6387730676215142,0.6153846153846154,4.461538461538462,7.25,0,5.769230769230769,3.875
2021,k j hill,K.J. Hill,LAC,WR,6,3,3,30,0,0,1,18,12,1.762588310695719,1,10,10,0,6,4
2021,k j osborn,K.J. Osborn,MIN,WR,17,82,50,655,7,0,26,861,179,14.607148827083604,0.6097560975609756,7.987804878048781,13.1,0.08536585365853659,10.5,3.58
2021,kadarius toney,Kadarius Toney,NYG,WR,9,57,39,420,0,0,21,367,228,14.437597982451354,0.6842105263157895,7.368421052631579,10.76923076923077,0,6.43859649122807,5.846153846153846
2021,kalif raymond,Kalif Raymond,DET,WR,16,71,48,576,4,0,28,725,262,17.047283275853175,0.676056338028169,8.112676056338028,12,0.056338028169014086,10.211267605633802,5.458333333333333
2021,kawaan baker,Kawaan Baker,NO,WR,1,0,0,0,0,0,0,0,0,NA,NA,NA,NA,NA,NA,NA
2021,keelan cole,Keelan Cole,NYJ,WR,14,51,28,449,1,0,20,686,85,7.281594383905823,0.5490196078431373,8.803921568627452,16.035714285714285,0.0196078431372549,13.450980392156863,3.0357142857142856
2021,keenan allen,Keenan Allen,LAC,WR,16,157,106,1138,6,1,66,1306,341,30.701160211185925,0.6751592356687898,7.248407643312102,10.735849056603774,0.03821656050955414,8.318471337579618,3.2169811320754715
2021,keith kirkwood,Keith Kirkwood,CAR,WR,3,7,3,17,0,0,1,55,16,-0.8913638396188617,0.42857142857142855,2.4285714285714284,5.666666666666667,0,7.857142857142857,5.333333333333333
2021,keke coutee,Keke Coutee,IND,WR,1,1,1,5,0,0,0,5,0,-0.1689153602346778,1,5,5,0,5,0
2021,kendall hinton,Kendall Hinton,DEN,WR,11,23,15,175,1,0,10,185,57,10.06909498119787,0.6521739130434783,7.608695652173913,11.666666666666666,0.043478260869565216,8.043478260869565,3.8
2021,kendrick bourne,Kendrick Bourne,NE,WR,17,70,55,800,5,1,27,592,385,42.377612264712354,0.7857142857142857,11.428571428571429,14.545454545454545,0.07142857142857142,8.457142857142857,7
2021,kenny golladay,Kenny Golladay,NYG,WR,14,76,37,521,0,0,27,1050,119,-3.4490646329655883,0.4868421052631579,6.855263157894737,14.08108108108108,0,13.81578947368421,3.2162162162162162
2021,kenny stills,Kenny Stills,NO,WR,7,23,6,68,1,0,4,430,10,-9.398541503527667,0.2608695652173913,2.9565217391304346,11.333333333333334,0.043478260869565216,18.695652173913043,1.6666666666666667
2021,kevin white,Kevin White,NO,WR,4,5,1,38,0,0,1,158,9,-1.2480545353610069,0.2,7.6,38,0,31.6,9
2021,khadarel hodge,KhaDarel Hodge,DET,WR,12,27,13,157,0,0,7,304,37,-6.31410539101227,0.48148148148148145,5.814814814814815,12.076923076923077,0,11.25925925925926,2.8461538461538463
2021,kirk merritt,Kirk Merritt,MIA,WR,1,3,1,13,0,0,1,56,6,-0.2178100550081581,0.3333333333333333,4.333333333333333,13,0,18.666666666666668,6
2021,kristian wilkerson,Kristian Wilkerson,NE,WR,1,8,4,42,2,0,2,132,5,1.9433473990065977,0.5,5.25,10.5,0.25,16.5,1.25
2021,landen akers,Landen Akers,LA,WR,1,0,0,0,0,0,0,0,0,NA,NA,NA,NA,NA,NA,NA
2021,laquon treadwell,Laquon Treadwell,JAX,WR,12,51,33,434,1,0,22,613,122,23.1323142503435,0.6470588235294118,8.509803921568627,13.151515151515152,0.0196078431372549,12.019607843137255,3.696969696969697
2021,lil jordan humphrey,Lil'Jordan Humphrey,NO,WR,8,18,13,249,2,0,9,192,101,4.856066745662363,0.7222222222222222,13.833333333333334,19.153846153846153,0.1111111111111111,10.666666666666666,7.769230769230769
2021,mack hollins,Mack Hollins,MIA,WR,15,28,14,223,4,0,11,425,41,12.595832518130205,0.5,7.964285714285714,15.928571428571429,0.14285714285714285,15.178571428571429,2.9285714285714284
2021,malik taylor,Malik Taylor,GB,WR,7,3,2,14,0,0,1,30,8,-0.4294887233118061,0.6666666666666666,4.666666666666667,7,0,10,4
2021,malik turner,Malik Turner,DAL,WR,7,16,12,149,3,0,8,149,74,6.502443870471325,0.75,9.3125,12.416666666666666,0.1875,9.3125,6.166666666666667
2021,marcus johnson,Marcus Johnson,TEN,WR,7,19,9,160,0,0,7,171,95,0.2852655313326977,0.47368421052631576,8.421052631578947,17.77777777777778,0,9,10.555555555555555
2021,marcus kemp,Marcus Kemp,KC,WR,12,5,2,24,0,0,1,62,8,-0.5244607966160402,0.4,4.8,12,0,12.4,4
2021,marquez callaway,Marquez Callaway,NO,WR,17,84,46,698,6,0,32,1060,144,27.968855190039477,0.5476190476190477,8.30952380952381,15.173913043478262,0.07142857142857142,12.619047619047619,3.130434782608696
2021,marquez stevenson,Marquez Stevenson,BUF,WR,5,0,0,0,0,0,0,0,0,NA,NA,NA,NA,NA,NA,NA
2021,marquez valdes scantling,Marquez Valdes-Scantling,GB,WR,11,55,26,430,3,0,18,985,146,9.810256269082616,0.4727272727272727,7.818181818181818,16.53846153846154,0.05454545454545454,17.90909090909091,5.615384615384615
2021,marquise brown,Marquise Brown,BAL,WR,16,146,91,1008,6,2,42,1622,388,11.889530107876274,0.6232876712328768,6.904109589041096,11.076923076923077,0.0410958904109589,11.10958904109589,4.263736263736264
2021,marquise goodwin,Marquise Goodwin,CHI,WR,14,40,20,313,1,1,12,475,83,11.874486479927489,0.5,7.825,15.65,0.025,11.875,4.15
2021,marvin hall,Marvin Hall,ATL,WR,1,1,1,10,0,0,1,5,5,1.1529732060153037,1,10,10,0,5,5
2021,marvin jones,Marvin Jones,JAX,WR,17,120,73,832,4,0,42,1438,120,25.553950244378097,0.6083333333333333,6.933333333333334,11.397260273972602,0.03333333333333333,11.983333333333333,1.643835616438356
2021,mason kinsey,Mason Kinsey,TEN,WR,1,0,0,0,0,0,0,0,0,NA,NA,NA,NA,NA,NA,NA
2021,matt cole,Matt Cole,CAR,WR,1,0,0,0,0,0,0,0,0,NA,NA,NA,NA,NA,NA,NA
2021,matthew slater,Matthew Slater,NE,WR,10,0,0,0,0,0,0,0,0,NA,NA,NA,NA,NA,NA,NA
2021,maurice ffrench,Maurice Ffrench,LAC,WR,2,0,0,0,0,0,0,0,0,NA,NA,NA,NA,NA,NA,NA
2021,mecole hardman,Mecole Hardman,KC,WR,17,83,59,693,2,1,33,612,502,17.99454054358648,0.7108433734939759,8.349397590361447,11.745762711864407,0.024096385542168676,7.373493975903615,8.508474576271187
2021,michael bandy,Michael Bandy,LAC,WR,1,0,0,0,0,0,0,0,0,NA,NA,NA,NA,NA,NA,NA
2021,michael gallup,Michael Gallup,DAL,WR,9,62,35,445,2,0,23,722,123,18.40413693504282,0.5645161290322581,7.17741935483871,12.714285714285714,0.03225806451612903,11.64516129032258,3.5142857142857142
2021,michael thomas,Michael Thomas,CIN,DB,6,0,0,0,0,0,0,0,0,NA,NA,NA,NA,NA,NA,NA
2021,mike evans,Mike Evans,TB,WR,16,114,74,1035,14,0,56,1497,239,65.69545162617443,0.6491228070175439,9.078947368421053,13.986486486486486,0.12280701754385964,13.131578947368421,3.22972972972973
2021,mike strachan,Mike Strachan,IND,WR,2,3,2,26,0,0,2,54,0,4.277141111512052,0.6666666666666666,8.666666666666666,13,0,18,0
2021,mike thomas,Mike Thomas,CIN,WR,7,11,5,52,0,0,3,109,13,-2.6988665318174827,0.45454545454545453,4.7272727272727275,10.4,0,9.909090909090908,2.6
2021,mike williams,Mike Williams,LAC,WR,16,129,76,1146,9,0,51,1497,415,66.66828882257889,0.5891472868217055,8.883720930232558,15.078947368421053,0.06976744186046512,11.604651162790697,5.4605263157894735
2021,miles boykin,Miles Boykin,BAL,WR,1,1,1,6,0,0,0,6,0,0.08530826517380774,1,6,6,0,6,0
2021,milton williams,Milton Williams,PHI,DE,16,0,0,0,0,0,0,0,0,NA,NA,NA,NA,NA,NA,NA
2021,mohamed sanu,Mohamed Sanu,SF,WR,8,24,15,177,0,0,12,227,44,12.058742377809107,0.625,7.375,11.8,0,9.458333333333334,2.933333333333333
2021,n keal harry,N'Keal Harry,NE,TE,10,22,12,184,0,0,7,327,25,7.7237242978590075,0.5454545454545454,8.363636363636363,15.333333333333334,0,14.863636363636363,2.0833333333333335
2021,nelson agholor,Nelson Agholor,NE,WR,14,64,37,473,3,0,23,914,104,3.639473476525111,0.578125,7.390625,12.783783783783784,0.046875,14.28125,2.810810810810811
2021,nick williams,Nick Williams,DET,DT,14,0,0,0,0,0,0,0,0,NA,NA,NA,NA,NA,NA,NA
2021,nico collins,Nico Collins,HOU,WR,14,60,33,446,1,0,22,637,131,-0.25164409651455055,0.55,7.433333333333334,13.515151515151516,0.016666666666666666,10.616666666666667,3.9696969696969697
2021,noah brown,Noah Brown,DAL,WR,9,25,16,184,0,0,6,227,68,0.19712335924850777,0.64,7.36,11.5,0,9.08,4.25
2021,nsimba webster,Nsimba Webster,CHI,WR,6,0,0,0,0,0,0,0,0,NA,NA,NA,NA,NA,NA,NA
2021,odell beckham jr,Odell Beckham Jr.,LA,WR,14,82,44,537,5,0,27,1092,151,8.331478546044837,0.5365853658536586,6.548780487804878,12.204545454545455,0.06097560975609756,13.317073170731707,3.4318181818181817
2021,olamide zaccheaus,Olamide Zaccheaus,ATL,WR,15,53,31,406,3,0,22,477,96,11.59271291705966,0.5849056603773585,7.660377358490566,13.096774193548388,0.05660377358490566,9,3.096774193548387
2021,parris campbell,Parris Campbell,IND,WR,6,20,10,162,1,0,7,334,17,2.3772227646550164,0.5,8.1,16.2,0.05,16.7,1.7
2021,penny hart,Penny Hart,SEA,WR,11,12,7,59,0,0,3,108,41,-3.16131397546269,0.5833333333333334,4.916666666666667,8.428571428571429,0,9,5.857142857142857
2021,pharoh cooper,Pharoh Cooper,NYG,WR,8,11,4,33,0,0,1,79,7,-10.620481441050325,0.36363636363636365,3,8.25,0,7.181818181818182,1.75
2021,phillip dorsett,Phillip Dorsett,HOU,WR,5,14,7,110,0,0,3,210,27,-0.9020297382123899,0.5,7.857142857142857,15.714285714285714,0,15,3.857142857142857
2021,preston williams,Preston Williams,MIA,WR,6,16,6,71,0,0,3,137,38,-5.443816471208018,0.375,4.4375,11.833333333333334,0,8.5625,6.333333333333333
2021,quez watkins,Quez Watkins,PHI,WR,17,62,43,647,1,0,25,746,253,30.81724546715188,0.6935483870967742,10.435483870967742,15.046511627906977,0.016129032258064516,12.03225806451613,5.883720930232558
2021,quintez cephus,Quintez Cephus,DET,WR,5,22,15,204,2,0,9,251,95,9.401441617881094,0.6818181818181818,9.272727272727273,13.6,0.09090909090909091,11.409090909090908,6.333333333333333
2021,racey mcmath,Racey McMath,TEN,WR,6,6,2,8,0,1,0,67,9,-6.968731027736794,0.3333333333333333,1.3333333333333333,4,0,11.166666666666666,4.5
2021,randall cobb,Randall Cobb,GB,WR,11,39,28,375,5,0,21,307,138,21.414158601906966,0.717948717948718,9.615384615384615,13.392857142857142,0.1282051282051282,7.871794871794871,4.928571428571429
2021,rashard higgins,Rashard Higgins,CLE,WR,12,47,24,275,1,0,16,546,41,5.273095316000005,0.5106382978723404,5.851063829787234,11.458333333333334,0.02127659574468085,11.617021276595745,1.7083333333333333
2021,rashod bateman,Rashod Bateman,BAL,WR,12,68,46,515,1,0,29,606,163,14.884151672314442,0.6764705882352942,7.573529411764706,11.195652173913043,0.014705882352941176,8.911764705882353,3.5434782608695654
2021,ray ray mccloud,Ray-Ray McCloud,PIT,WR,16,66,39,277,0,1,18,421,116,-14.2788928315848,0.5909090909090909,4.196969696969697,7.102564102564102,0,6.378787878787879,2.9743589743589745
2021,river cracraft,River Cracraft,SF,WR,3,0,0,0,0,0,0,0,0,NA,NA,NA,NA,NA,NA,NA
2021,robbie chosen,Robbie Chosen,CAR,WR,17,110,53,519,5,0,27,1156,158,-28.594330022858593,0.4818181818181818,4.718181818181818,9.79245283018868,0.045454545454545456,10.50909090909091,2.981132075471698
2021,robert woods,Robert Woods,LA,WR,9,69,45,556,4,0,34,563,198,30.61831766193761,0.6521739130434783,8.057971014492754,12.355555555555556,0.057971014492753624,8.159420289855072,4.4
2021,rodney adams,Rodney Adams,CHI,WR,1,1,0,0,0,0,0,15,0,-0.815943880006671,0,0,NA,0,15,NA
2021,rodney smith,Rodney Smith,CAR,RB,1,5,5,48,0,0,2,16,32,2.8780167452641763,1,9.6,9.6,0,3.2,6.4
2021,rondale moore,Rondale Moore,ARI,WR,14,64,54,435,1,1,19,92,438,1.4988294399605682,0.84375,6.796875,8.055555555555555,0.015625,1.4375,8.11111111111111
2021,russell gage,Russell Gage,ATL,WR,13,94,66,770,4,2,37,882,248,9.49708630586398,0.7021276595744681,8.191489361702128,11.666666666666666,0.0425531914893617,9.382978723404255,3.757575757575758
2021,sammy watkins,Sammy Watkins,BAL,WR,11,49,27,394,1,1,17,630,107,-1.9972376012962414,0.5510204081632653,8.040816326530612,14.592592592592593,0.02040816326530612,12.857142857142858,3.962962962962963
2021,seth williams,Seth Williams,DEN,WR,1,1,1,34,0,0,1,30,4,2.065914782579057,1,34,34,0,30,4
2021,shi smith,Shi Smith,CAR,WR,5,11,6,104,0,0,3,74,71,-2.5148959513753653,0.5454545454545454,9.454545454545455,17.333333333333332,0,6.7272727272727275,11.833333333333334
2021,stanley morgan,Stanley Morgan,CIN,WR,11,4,2,11,0,0,0,32,20,-1.1837685892824084,0.5,2.75,5.5,0,8,10
2021,stefon diggs,Stefon Diggs,BUF,WR,17,164,103,1225,10,1,66,1827,326,31.989855666641777,0.6280487804878049,7.469512195121951,11.893203883495145,0.06097560975609756,11.140243902439025,3.1650485436893203
2021,stephen sullivan,Stephen Sullivan,CAR,TE,1,1,0,0,0,0,0,-2,0,-0.37562500091735274,0,0,NA,0,-2,NA
2021,sterling shepard,Sterling Shepard,NYG,WR,7,53,36,366,1,0,19,404,111,1.8174775529000091,0.6792452830188679,6.90566037735849,10.166666666666666,0.018867924528301886,7.622641509433962,3.0833333333333335
2021,t y hilton,T.Y. Hilton,IND,WR,10,37,23,331,3,0,15,476,71,20.310024556005374,0.6216216216216216,8.945945945945946,14.391304347826088,0.08108108108108109,12.864864864864865,3.0869565217391304
2021,tajae sharpe,Tajae Sharpe,ATL,WR,14,37,25,230,0,0,14,347,69,4.768193417044516,0.6756756756756757,6.216216216216216,9.2,0,9.378378378378379,2.76
2021,tarik black,Tarik Black,NYJ,WR,1,2,1,10,0,0,1,18,0,1.0964359322097152,0.5,5,10,0,9,0
2021,tavon austin,Tavon Austin,JAX,WR,11,37,24,213,1,0,11,320,68,-9.35806463314757,0.6486486486486487,5.756756756756757,8.875,0.02702702702702703,8.64864864864865,2.8333333333333335
2021,tee higgins,Tee Higgins,CIN,WR,14,110,74,1091,6,1,53,1323,285,58.07817947462154,0.6727272727272727,9.918181818181818,14.743243243243244,0.05454545454545454,12.027272727272727,3.8513513513513513
2021,terry mclaurin,Terry McLaurin,WAS,WR,17,130,77,1053,5,0,47,1707,307,12.17581440386006,0.5923076923076923,8.1,13.675324675324676,0.038461538461538464,13.13076923076923,3.987012987012987
2021,tim patrick,Tim Patrick,DEN,WR,16,85,53,734,5,0,39,995,202,37.65879882428589,0.6235294117647059,8.635294117647058,13.849056603773585,0.058823529411764705,11.705882352941176,3.811320754716981
2021,tom kennedy,Tom Kennedy,DET,WR,6,10,6,54,0,0,2,77,17,-4.6357488874928094,0.6,5.4,9,0,7.7,2.8333333333333335
2021,tommylee lewis,Tommylee Lewis,MIA,WR,2,2,1,7,0,0,1,6,11,0.25353055144660175,0.5,3.5,7,0,3,11
2021,tony jones,Tony Jones,NO,RB,10,8,5,29,0,0,2,1,28,-1.5437731991405599,0.625,3.625,5.8,0,0.125,5.6
2021,travis benjamin,Travis Benjamin,SF,WR,5,5,0,0,0,0,0,141,0,-9.597965894034132,0,0,NA,0,28.2,NA
2021,tre quan smith,Tre'Quan Smith,NO,WR,10,50,32,377,3,1,19,480,113,12.518628092726908,0.64,7.54,11.78125,0.06,9.6,3.53125
2021,trent sherfield,Trent Sherfield,SF,WR,12,20,9,87,1,0,7,174,23,-5.662714003073322,0.45,4.35,9.666666666666666,0.05,8.7,2.5555555555555554
2021,trent taylor,Trent Taylor,CIN,WR,4,3,2,41,0,0,2,39,7,3.1954914814997464,0.6666666666666666,13.666666666666666,20.5,0,13,3.5
2021,trenton irwin,Trenton Irwin,CIN,WR,5,5,2,34,0,0,1,86,5,-1.706758976506535,0.4,6.8,17,0,17.2,2.5
2021,trinity benson,Trinity Benson,DET,WR,7,22,10,103,0,0,4,175,59,-9.613334177061915,0.45454545454545453,4.681818181818182,10.3,0,7.954545454545454,5.9
2021,tutu atwell,Tutu Atwell,LA,WR,6,0,0,0,0,0,0,0,0,NA,NA,NA,NA,NA,NA,NA
2021,ty montgomery,Ty Montgomery,NO,WR,14,26,16,95,0,0,5,46,87,-4.376274906502047,0.6153846153846154,3.6538461538461537,5.9375,0,1.7692307692307692,5.4375
2021,tylan wallace,Tylan Wallace,BAL,WR,10,6,2,23,0,0,1,38,14,-2.7527126162312925,0.3333333333333333,3.8333333333333335,11.5,0,6.333333333333333,7
2021,tyler boyd,Tyler Boyd,CIN,WR,16,94,67,828,5,1,37,744,389,19.29710014353026,0.7127659574468085,8.808510638297872,12.35820895522388,0.05319148936170213,7.914893617021277,5.8059701492537314
2021,tyler johnson,Tyler Johnson,TB,WR,16,55,36,360,0,0,14,432,137,6.540266867442439,0.6545454545454545,6.545454545454546,10,0,7.8545454545454545,3.8055555555555554
2021,tyler lockett,Tyler Lockett,SEA,WR,16,107,73,1175,8,0,41,1562,277,53.62214624355258,0.6822429906542056,10.981308411214954,16.095890410958905,0.07476635514018691,14.598130841121495,3.7945205479452055
2021,tyreek hill,Tyreek Hill,KC,WR,17,159,111,1239,9,2,75,1647,444,62.36571529114821,0.6981132075471698,7.7924528301886795,11.162162162162161,0.05660377358490566,10.358490566037736,4
2021,tyrell williams,Tyrell Williams,DET,WR,1,3,2,14,0,0,1,13,8,0.7994729118198198,0.6666666666666666,4.666666666666667,7,0,4.333333333333333,4
2021,tyrie cleveland,Tyrie Cleveland,DEN,WR,4,1,0,0,0,0,0,5,0,-0.6472259720321745,0,0,NA,0,5,NA
2021,tyron johnson,Tyron Johnson,LV,WR,7,5,2,16,0,0,1,102,9,-3.6356850985321216,0.4,3.2,8,0,20.4,4.5
2021,van jefferson,Van Jefferson,LA,WR,17,89,50,802,6,0,32,1195,220,33.406992377025105,0.5617977528089888,9.01123595505618,16.04,0.06741573033707865,13.426966292134832,4.4
2021,vyncint smith,Vyncint Smith,NYJ,WR,1,1,0,0,0,0,0,18,0,-0.44284594018245116,0,0,NA,0,18,NA
2021,will fuller,Will Fuller,MIA,WR,2,8,4,26,0,0,3,131,10,0.30389932035189116,0.5,3.25,6.5,0,16.375,2.5
2021,willie snead,Willie Snead,CAR,WR,7,8,4,38,0,0,3,67,12,-4.782851389725693,0.5,4.75,9.5,0,8.375,3
2021,zach pascal,Zach Pascal,IND,WR,16,69,38,384,3,1,16,608,121,-12.86810332951071,0.5507246376811594,5.565217391304348,10.105263157894736,0.043478260869565216,8.81159420289855,3.1842105263157894
2021,zay jones,Zay Jones,LV,WR,15,70,47,546,1,1,29,979,170,6.003509571934941,0.6714285714285714,7.8,11.617021276595745,0.014285714285714285,13.985714285714286,3.617021276595745
2022,a j brown,A.J. Brown,PHI,WR,17,145,88,1496,11,2,59,1750,552,55.87002713848922,0.6068965517241379,10.317241379310344,17,0.07586206896551724,12.068965517241379,6.2727272727272725
2022,a j green,A.J. Green,ARI/CLE,WR,22,47,24,236,2,0,11,515,56,-17.96692251307027,0.5106382978723404,5.0212765957446805,9.833333333333334,0.0425531914893617,10.957446808510639,2.3333333333333335
2022,adam thielen,Adam Thielen,MIN,WR,17,107,70,716,6,0,45,1036,152,11.184383340258071,0.6542056074766355,6.691588785046729,10.228571428571428,0.056074766355140186,9.682242990654206,2.1714285714285713
2022,alec pierce,Alec Pierce,IND,WR,16,78,41,593,2,1,28,914,113,19.428831803716417,0.5256410256410257,7.602564102564102,14.463414634146341,0.02564102564102564,11.717948717948717,2.7560975609756095
2022,alex erickson,Alex Erickson,WAS,WR,2,0,0,0,0,0,0,0,0,NA,NA,NA,NA,NA,NA,NA
2022,allen lazard,Allen Lazard,GB,WR,15,100,60,788,6,0,45,1249,248,11.311200733877264,0.6,7.88,13.133333333333333,0.06,12.49,4.133333333333334
2022,allen robinson,Allen Robinson,LA,WR,10,52,33,339,3,0,23,502,71,9.003204972820457,0.6346153846153846,6.519230769230769,10.272727272727273,0.057692307692307696,9.653846153846153,2.1515151515151514
2022,amari cooper,Amari Cooper,CLE,WR,17,132,78,1160,9,0,61,1642,299,52.517987040827116,0.5909090909090909,8.787878787878787,14.871794871794872,0.06818181818181818,12.43939393939394,3.8333333333333335
2022,amari rodgers,Amari Rodgers,HOU,WR,15,25,16,204,1,1,13,240,63,3.755423111128155,0.64,8.16,12.75,0.04,9.6,3.9375
2022,amon ra st brown,Amon-Ra St. Brown,DET,WR,16,146,106,1161,6,0,68,933,531,57.19009879805758,0.726027397260274,7.9520547945205475,10.952830188679245,0.0410958904109589,6.390410958904109,5.009433962264151
2022,andre baccellia,Andre Baccellia,ARI,WR,5,10,7,45,0,0,4,91,11,1.4270980003959286,0.7,4.5,6.428571428571429,0,9.1,1.5714285714285714
2022,andre roberts,Andre Roberts,CAR,WR,3,0,0,0,0,0,0,0,0,NA,NA,NA,NA,NA,NA,NA
2022,andy isabella,Andy Isabella,BAL,WR,4,5,2,21,0,0,2,70,5,0.3533556764500596,0.4,4.2,10.5,0,14,2.5
2022,anthony schwartz,Anthony Schwartz,CLE,WR,7,10,4,51,0,1,2,142,27,-7.990639030584134,0.4,5.1,12.75,0,14.2,6.75
2022,ashton dulin,Ashton Dulin,IND,WR,10,22,15,207,1,0,12,252,35,8.30038729403168,0.6818181818181818,9.409090909090908,13.8,0.045454545454545456,11.454545454545455,2.3333333333333335
2022,austin trammell,Austin Trammell,LA,WR,2,4,2,13,0,0,1,30,0,0.3555282881716266,0.5,3.25,6.5,0,7.5,0
2022,ben skowronek,Ben Skowronek,LA,WR,14,61,39,376,0,0,16,475,142,-5.488619681622367,0.639344262295082,6.163934426229508,9.64102564102564,0,7.786885245901639,3.641025641025641
2022,brandin cooks,Brandin Cooks,HOU,WR,13,93,57,699,3,0,29,1013,205,5.043835464450634,0.6129032258064516,7.516129032258065,12.263157894736842,0.03225806451612903,10.89247311827957,3.5964912280701755
2022,brandon aiyuk,Brandon Aiyuk,SF,WR,17,114,78,1015,8,1,47,1143,375,41.961446469648976,0.6842105263157895,8.903508771929825,13.012820512820513,0.07017543859649122,10.026315789473685,4.8076923076923075
2022,brandon johnson,Brandon Johnson,DEN,WR,5,14,6,42,1,0,2,180,13,-12.879826729331398,0.42857142857142855,3,7,0.07142857142857142,12.857142857142858,2.1666666666666665
2022,brandon jones,Brandon Jones,MIA,SAF,7,0,0,0,0,0,0,0,0,NA,NA,NA,NA,NA,NA,NA
2022,brandon powell,Brandon Powell,LA,WR,17,32,24,156,0,0,7,48,184,0.10276000197735069,0.75,4.875,6.5,0,1.5,7.666666666666667
2022,brandon smith,Brandon Smith,CAR,LB,5,0,0,0,0,0,0,0,0,NA,NA,NA,NA,NA,NA,NA
2022,brandon zylstra,Brandon Zylstra,DET,WR,1,0,0,0,0,0,0,0,0,NA,NA,NA,NA,NA,NA,NA
2022,braxton berrios,Braxton Berrios,NYJ,WR,17,32,18,145,0,0,8,218,92,-8.999093093793949,0.5625,4.53125,8.055555555555555,0,6.8125,5.111111111111111
2022,braylon sanders,Braylon Sanders,MIA,WR,2,3,2,17,0,1,0,42,3,-5.948913088068366,0.6666666666666666,5.666666666666667,8.5,0,14,1.5
2022,breshad perriman,Breshad Perriman,TB,WR,8,19,9,110,1,1,5,269,52,-2.4256956706636768,0.47368421052631576,5.7894736842105265,12.222222222222221,0.05263157894736842,14.157894736842104,5.777777777777778
2022,britain covey,Britain Covey,PHI,WR,17,0,0,0,0,0,0,0,0,NA,NA,NA,NA,NA,NA,NA
2022,bryan edwards,Bryan Edwards,ATL,WR,4,5,3,15,0,0,0,39,9,-5.9509937554339745,0.6,3,5,0,7.8,3
2022,byron pringle,Byron Pringle,CHI,WR,10,16,10,135,2,0,8,225,14,8.891196727927309,0.625,8.4375,13.5,0.125,14.0625,1.4
2022,c j board,C.J. Board,TEN,WR,4,1,1,6,0,0,0,6,0,0.20860908593749627,1,6,6,0,6,0
2022,cade johnson,Cade Johnson,SEA,WR,2,4,2,21,0,0,2,36,6,-0.3890964424936101,0.5,5.25,10.5,0,9,3
2022,cam sims,Cam Sims,WAS,WR,13,18,8,89,0,0,5,232,18,-8.603708994982298,0.4444444444444444,4.944444444444445,11.125,0,12.88888888888889,2.25
2022,ceedee lamb,CeeDee Lamb,DAL,WR,17,156,107,1359,9,0,67,1565,494,61.797073013132525,0.6858974358974359,8.711538461538462,12.700934579439252,0.057692307692307696,10.032051282051283,4.616822429906542
2022,chandler jones,Chandler Jones,LV,DE,15,0,0,0,0,0,0,0,0,NA,NA,NA,NA,NA,NA,NA
2022,chase claypool,Chase Claypool,CHI,WR,15,79,46,451,1,1,24,817,143,-5.912490091524573,0.5822784810126582,5.708860759493671,9.804347826086957,0.012658227848101266,10.341772151898734,3.108695652173913
2022,chester rogers,Chester Rogers,CLE,WR,3,0,0,0,0,0,0,0,0,NA,NA,NA,NA,NA,NA,NA
2022,chris conley,Chris Conley,TEN,WR,4,7,4,46,0,0,2,87,3,0.42514541291166097,0.5714285714285714,6.571428571428571,11.5,0,12.428571428571429,0.75
2022,chris moore,Chris Moore,HOU,WR,15,74,48,548,2,0,24,639,267,7.128327410024395,0.6486486486486487,7.405405405405405,11.416666666666666,0.02702702702702703,8.635135135135135,5.5625
2022,chris olave,Chris Olave,NO,WR,15,119,72,1042,4,2,48,1686,210,24.856349911270897,0.6050420168067226,8.756302521008404,14.472222222222221,0.03361344537815126,14.168067226890756,2.9166666666666665
2022,chris williams,Chris Williams,IND,DL,3,0,0,0,0,0,0,0,0,NA,NA,NA,NA,NA,NA,NA
2022,christian kirk,Christian Kirk,JAX,WR,17,133,84,1108,8,1,54,1216,371,31.983595938659242,0.631578947368421,8.330827067669173,13.19047619047619,0.06015037593984962,9.142857142857142,4.416666666666667
2022,christian watson,Christian Watson,GB,WR,14,66,41,611,7,0,28,923,264,30.71060199712872,0.6212121212121212,9.257575757575758,14.902439024390244,0.10606060606060606,13.984848484848484,6.439024390243903
2022,cody hollister,Cody Hollister,TEN,WR,6,5,3,54,0,0,2,78,8,-4.383588089811383,0.6,10.8,18,0,15.6,2.6666666666666665
2022,cody white,Cody White,PIT,WR,1,1,1,2,0,0,0,0,2,-0.4159273165278137,1,2,2,0,0,2
2022,cole beasley,Cole Beasley,BUF,WR,4,7,6,35,0,0,1,26,14,0.32574742403812706,0.8571428571428571,5,5.833333333333333,0,3.7142857142857144,2.3333333333333335
2022,cooper kupp,Cooper Kupp,LA,WR,9,98,75,812,6,2,42,713,413,16.34206747923786,0.7653061224489796,8.285714285714286,10.826666666666666,0.061224489795918366,7.275510204081633,5.506666666666667
2022,corey davis,Corey Davis,NYJ,WR,13,64,32,536,2,0,28,861,109,11.822724843409087,0.5,8.375,16.75,0.03125,13.453125,3.40625
2022,courtland sutton,Courtland Sutton,DEN,WR,15,109,64,829,2,0,38,1343,147,23.830661869054634,0.5871559633027523,7.605504587155964,12.953125,0.01834862385321101,12.321100917431192,2.296875
2022,curtis samuel,Curtis Samuel,WAS,WR,17,92,64,656,4,0,36,615,289,24.736758419933494,0.6956521739130435,7.130434782608695,10.25,0.043478260869565216,6.684782608695652,4.515625
2022,damiere byrd,Damiere Byrd,ATL,WR,12,23,13,268,2,0,9,468,105,7.558480436913669,0.5652173913043478,11.652173913043478,20.615384615384617,0.08695652173913043,20.347826086956523,8.076923076923077
2022,dan chisena,Dan Chisena,MIN,WR,2,0,0,0,0,0,0,0,0,NA,NA,NA,NA,NA,NA,NA
2022,danny gray,Danny Gray,SF,WR,7,7,1,10,0,0,1,160,4,-2.9469830194721,0.14285714285714285,1.4285714285714286,10,0,22.857142857142858,4
2022,dante pettis,Dante Pettis,CHI,WR,17,41,19,245,3,0,9,371,63,-16.316224520156858,0.4634146341463415,5.975609756097561,12.894736842105264,0.07317073170731707,9.048780487804878,3.3157894736842106
2022,dareke young,Dareke Young,SEA,WR,6,2,2,24,0,0,2,1,23,2.090640461887233,1,12,12,0,0.5,11.5
2022,darius slayton,Darius Slayton,NYG,WR,13,71,46,724,2,2,30,884,262,35.254165374586414,0.647887323943662,10.19718309859155,15.73913043478261,0.028169014084507043,12.450704225352112,5.695652173913044
2022,darnell mooney,Darnell Mooney,CHI,WR,11,61,40,493,2,0,20,727,168,14.498919421472998,0.6557377049180327,8.081967213114755,12.325,0.03278688524590164,11.918032786885245,4.2
2022,davante adams,Davante Adams,LV,WR,17,180,100,1516,14,1,65,2129,493,34.0245853953429,0.5555555555555556,8.422222222222222,15.16,0.07777777777777778,11.827777777777778,4.93
2022,david bell,David Bell,CLE,WR,15,35,24,214,0,0,7,256,69,-11.099134047195548,0.6857142857142857,6.114285714285714,8.916666666666666,0,7.314285714285714,2.875
2022,david sills,David Sills,NYG,WR,7,17,11,106,0,0,7,133,40,4.902425638021668,0.6470588235294118,6.235294117647059,9.636363636363637,0,7.823529411764706,3.6363636363636362
2022,dax milne,Dax Milne,WAS,WR,15,7,6,37,1,0,2,38,13,2.4906449001282454,0.8571428571428571,5.285714285714286,6.166666666666667,0.14285714285714285,5.428571428571429,2.1666666666666665
2022,daylen baldwin,Daylen Baldwin,CLE,WR,1,2,2,25,0,0,2,25,0,1.7913616475998424,1,12.5,12.5,0,12.5,0
2022,deandre carter,DeAndre Carter,LAC,WR,17,65,46,538,3,1,29,576,206,13.81492393538428,0.7076923076923077,8.276923076923078,11.695652173913043,0.046153846153846156,8.861538461538462,4.478260869565218
2022,deandre hopkins,DeAndre Hopkins,ARI,WR,9,96,64,717,3,2,35,976,165,6.7717179560614715,0.6666666666666666,7.46875,11.203125,0.03125,10.166666666666666,2.578125
2022,demarcus robinson,Demarcus Robinson,BAL,WR,16,75,48,458,2,2,24,676,150,3.598600458722443,0.64,6.1066666666666665,9.541666666666666,0.02666666666666667,9.013333333333334,3.125
2022,demetric felton,Demetric Felton,CLE,RB,6,4,2,8,0,0,0,16,11,-1.4629614923615009,0.5,2,4,0,4,5.5
2022,dennis houston,Dennis Houston,DAL,WR,2,6,2,16,0,0,0,79,6,-5.053622178034857,0.3333333333333333,2.6666666666666665,8,0,13.166666666666666,3
2022,denzel mims,Denzel Mims,NYJ,WR,9,25,11,186,0,0,7,313,75,-2.842088099441946,0.44,7.44,16.90909090909091,0,12.52,6.818181818181818
2022,deonte harty,Deonte Harty,NO,WR,4,2,2,13,0,0,0,5,8,-1.210729691607412,1,6.5,6.5,0,2.5,4
2022,desean jackson,DeSean Jackson,BAL,WR,7,17,9,153,0,0,5,302,23,1.6338267779265516,0.5294117647058824,9,17,0,17.764705882352942,2.5555555555555554
2022,devante parker,DeVante Parker,NE,WR,12,47,31,539,3,0,25,745,105,15.64754109456332,0.6595744680851063,11.46808510638298,17.387096774193548,0.06382978723404255,15.851063829787234,3.3870967741935485
2022,deven thompkins,Deven Thompkins,TB,WR,5,10,5,32,0,0,1,79,32,-5.980001142423134,0.5,3.2,6.4,0,7.9,6.4
2022,devin duvernay,Devin Duvernay,BAL,WR,14,49,37,407,3,0,19,437,159,19.672693191823782,0.7551020408163265,8.306122448979592,11,0.061224489795918366,8.918367346938776,4.297297297297297
2022,devonta smith,DeVonta Smith,PHI,WR,17,136,95,1196,7,0,57,1315,476,59.69536659034412,0.6985294117647058,8.794117647058824,12.589473684210526,0.051470588235294115,9.669117647058824,5.010526315789473
2022,dez fitzpatrick,Dez Fitzpatrick,TEN,WR,1,0,0,0,0,0,0,0,0,NA,NA,NA,NA,NA,NA,NA
2022,dezmon patmon,Dezmon Patmon,IND,WR,1,6,2,24,0,0,1,73,7,-7.643115597777069,0.3333333333333333,4,12,0,12.166666666666666,3.5
2022,diontae johnson,Diontae Johnson,PIT,WR,17,147,86,882,0,1,46,1499,236,-4.805297742808783,0.5850340136054422,6,10.255813953488373,0,10.197278911564625,2.744186046511628
2022,dj chark,DJ Chark,DET,WR,11,52,30,502,3,0,24,799,132,21.15313317053699,0.5769230769230769,9.653846153846153,16.733333333333334,0.057692307692307696,15.365384615384615,4.4
2022,donovan peoples jones,Donovan Peoples-Jones,CLE,WR,17,96,61,839,3,1,33,1107,191,18.412429526132733,0.6354166666666666,8.739583333333334,13.754098360655737,0.03125,11.53125,3.1311475409836067
2022,drake london,Drake London,ATL,WR,17,117,72,866,4,3,48,1219,224,12.79535431805301,0.6153846153846154,7.401709401709402,12.027777777777779,0.03418803418803419,10.418803418803419,3.111111111111111
2022,dyami brown,Dyami Brown,WAS,WR,9,14,5,143,2,0,5,361,31,4.948256991163362,0.35714285714285715,10.214285714285714,28.6,0.14285714285714285,25.785714285714285,6.2
2022,elijah moore,Elijah Moore,NYJ,WR,14,65,37,446,1,0,22,785,93,1.4694274856722445,0.5692307692307692,6.861538461538461,12.054054054054054,0.015384615384615385,12.076923076923077,2.5135135135135136
2022,equanimeous st brown,Equanimeous St. Brown,CHI,WR,16,38,21,323,1,0,14,495,98,2.969664967786953,0.5526315789473685,8.5,15.380952380952381,0.02631578947368421,13.026315789473685,4.666666666666667
2022,erik ezukanma,Erik Ezukanma,MIA,WR,1,1,1,3,0,0,0,-4,7,-1.0125225936062634,1,3,3,0,-4,7
2022,frank darby,Frank Darby,ATL,WR,1,1,1,15,0,0,1,14,1,1.2657943648518994,1,15,15,0,14,1
2022,freddie swain,Freddie Swain,DEN,WR,3,6,4,74,0,0,3,62,27,-3.900425541854929,0.6666666666666666,12.333333333333334,18.5,0,10.333333333333334,6.75
2022,garrett wilson,Garrett Wilson,NYJ,WR,17,147,83,1103,4,1,57,1548,384,33.51924622376474,0.564625850340136,7.503401360544218,13.289156626506024,0.027210884353741496,10.53061224489796,4.626506024096385
2022,george pickens,George Pickens,PIT,WR,17,84,52,801,4,0,38,1240,104,45.349109522304204,0.6190476190476191,9.535714285714286,15.403846153846153,0.047619047619047616,14.761904761904763,2
2022,greg dortch,Greg Dortch,ARI,WR,16,64,52,467,2,0,19,316,293,12.061898299110204,0.8125,7.296875,8.98076923076923,0.03125,4.9375,5.634615384615385
2022,greg little,Greg Little,MIA,OT,3,0,0,0,0,0,0,0,0,NA,NA,NA,NA,NA,NA,NA
2022,gunner olszewski,Gunner Olszewski,PIT,WR,15,7,5,53,0,0,1,57,13,0.9955764255428221,0.7142857142857143,7.571428571428571,10.6,0,8.142857142857142,2.6
2022,hunter renfrow,Hunter Renfrow,LV,WR,10,50,36,330,2,3,18,339,149,3.097914962097703,0.72,6.6,9.166666666666666,0.04,6.78,4.138888888888889
2022,ihmir smith marsette,Ihmir Smith-Marsette,CHI,WR,4,4,1,15,0,1,0,28,5,-8.025093835021835,0.25,3.75,15,0,7,5
2022,isaiah hodgins,Isaiah Hodgins,NYG,WR,9,48,37,392,4,1,24,435,88,10.570879366526295,0.7708333333333334,8.166666666666666,10.594594594594595,0.08333333333333333,9.0625,2.3783783783783785
2022,isaiah mckenzie,Isaiah McKenzie,BUF,WR,15,65,42,423,4,0,27,564,128,11.355487141730395,0.6461538461538462,6.507692307692308,10.071428571428571,0.06153846153846154,8.676923076923076,3.0476190476190474
2022,ja marr chase,Ja'Marr Chase,CIN,WR,12,134,87,1046,9,2,58,1220,421,30.303484140081736,0.6492537313432836,7.8059701492537314,12.022988505747126,0.06716417910447761,9.104477611940299,4.839080459770115
2022,jacob harris,Jacob Harris,LA,WR,3,1,1,6,0,0,1,4,2,2.770695556886494,1,6,6,0,4,2
2022,jaelon darden,Jaelon Darden,CLE,WR,14,2,2,26,0,0,1,10,16,0.8616639436222613,1,13,13,0,5,8
2022,jahan dotson,Jahan Dotson,WAS,WR,12,61,35,523,7,0,26,853,137,21.872810560561252,0.5737704918032787,8.573770491803279,14.942857142857143,0.11475409836065574,13.98360655737705,3.914285714285714
2022,jake kumerow,Jake Kumerow,BUF,WR,5,7,4,64,0,0,4,90,17,2.8402738700388,0.5714285714285714,9.142857142857142,16,0,12.857142857142858,4.25
2022,jakobi meyers,Jakobi Meyers,NE,WR,14,96,67,804,6,1,38,950,238,37.045144056010734,0.6979166666666666,8.375,12,0.0625,9.895833333333334,3.5522388059701493
2022,jalen camp,Jalen Camp,HOU,WR,1,1,1,7,0,0,1,7,0,0.5108519167988561,1,7,7,0,7,0
2022,jalen guyton,Jalen Guyton,LAC,WR,2,4,2,64,0,0,2,115,7,4.264032681277691,0.5,16,32,0,28.75,3.5
2022,jalen nailor,Jalen Nailor,MIN,WR,8,13,9,179,1,0,7,151,67,7.696757680212613,0.6923076923076923,13.76923076923077,19.88888888888889,0.07692307692307693,11.615384615384615,7.444444444444445
2022,jalen reagor,Jalen Reagor,MIN,WR,17,13,8,104,1,0,5,176,28,-0.13737014075741172,0.6153846153846154,8,13,0.07692307692307693,13.538461538461538,3.5
2022,jalen tolbert,Jalen Tolbert,DAL,WR,3,3,2,12,0,0,0,45,2,-0.6873334759147838,0.6666666666666666,4,6,0,15,1
2022,jalen virgil,Jalen Virgil,DEN,WR,7,5,2,75,1,0,2,70,43,5.6061608234304,0.4,15,37.5,0.2,14,21.5
2022,jamal agnew,Jamal Agnew,JAX,WR,15,30,23,187,3,0,9,178,125,7.7840157297821,0.7666666666666667,6.233333333333333,8.130434782608695,0.1,5.933333333333334,5.434782608695652
2022,james proche,James Proche,BAL,WR,11,17,8,62,0,0,3,155,16,-9.627682750840904,0.47058823529411764,3.6470588235294117,7.75,0,9.117647058823529,2
2022,james washington,James Washington,DAL,WR,1,1,0,0,0,0,0,6,0,-0.3206392116844654,0,0,NA,0,6,NA
2022,jameson williams,Jameson Williams,DET,WR,6,9,1,41,1,0,1,148,5,-1.3496521239867434,0.1111111111111111,4.555555555555555,41,0.1111111111111111,16.444444444444443,5
2022,jamison crowder,Jamison Crowder,BUF,WR,4,13,6,60,0,0,4,121,30,-1.0964831524179317,0.46153846153846156,4.615384615384615,10,0,9.307692307692308,5
2022,jarvis landry,Jarvis Landry,NO,WR,9,39,25,272,1,0,12,374,61,-7.741342624677978,0.6410256410256411,6.9743589743589745,10.88,0.02564102564102564,9.58974358974359,2.44
2022,jason moore,Jason Moore,LAC,WR,1,2,1,5,0,0,0,24,0,-0.7422923792619258,0.5,2.5,5,0,12,0
2022,jauan jennings,Jauan Jennings,SF,WR,16,56,35,416,1,1,23,468,176,13.955326858104126,0.625,7.428571428571429,11.885714285714286,0.017857142857142856,8.357142857142858,5.0285714285714285
2022,jaylen waddle,Jaylen Waddle,MIA,WR,17,117,75,1356,8,1,60,1415,510,75.9575872573306,0.6410256410256411,11.58974358974359,18.08,0.06837606837606838,12.094017094017094,6.8
2022,jaylon moore,Jaylon Moore,SF,OT,1,0,0,0,0,0,0,0,0,NA,NA,NA,NA,NA,NA,NA
2022,jeff smith,Jeff Smith,NYJ,WR,7,11,8,134,0,0,5,144,37,6.636773693899158,0.7272727272727273,12.181818181818182,16.75,0,13.090909090909092,4.625
2022,jerry jeudy,Jerry Jeudy,DEN,WR,15,100,67,972,6,0,41,1146,396,47.38234580733356,0.67,9.72,14.507462686567164,0.06,11.46,5.91044776119403
2022,john brown,John Brown,BUF,WR,2,2,1,42,1,0,1,86,0,3.6592344772070646,0.5,21,42,0.5,43,0
2022,josh ali,Josh Ali,ATL,WR,1,1,0,0,0,0,0,45,0,-0.5190199017524719,0,0,NA,0,45,NA
2022,josh gordon,Josh Gordon,TEN,WR,1,1,0,0,0,0,0,12,0,-0.4884473676793277,0,0,NA,0,12,NA
2022,josh johnson,Josh Johnson,SF,QB,1,0,0,0,0,0,0,0,0,NA,NA,NA,NA,NA,NA,NA
2022,josh palmer,Josh Palmer,LAC,WR,16,107,72,769,3,1,39,929,252,23.628483592745216,0.6728971962616822,7.186915887850467,10.680555555555555,0.028037383177570093,8.682242990654206,3.5
2022,josh reynolds,Josh Reynolds,DET,WR,12,59,38,479,3,0,25,704,115,11.604702909754556,0.6440677966101694,8.11864406779661,12.605263157894736,0.05084745762711865,11.932203389830509,3.026315789473684
2022,juju smith schuster,JuJu Smith-Schuster,KC,WR,16,101,78,933,3,3,48,750,457,48.642162269153296,0.7722772277227723,9.237623762376238,11.961538461538462,0.0297029702970297,7.425742574257426,5.858974358974359
2022,julio jones,Julio Jones,TB,WR,10,43,24,299,2,0,13,603,114,7.485836521878732,0.5581395348837209,6.953488372093023,12.458333333333334,0.046511627906976744,14.023255813953488,4.75
2022,justin jefferson,Justin Jefferson,MIN,WR,17,184,128,1809,8,0,80,1867,613,75.37003681422581,0.6956521739130435,9.831521739130435,14.1328125,0.043478260869565216,10.146739130434783,4.7890625
2022,justin watson,Justin Watson,KC,WR,17,34,15,315,2,0,12,637,60,7.577325679885094,0.4411764705882353,9.264705882352942,21,0.058823529411764705,18.735294117647058,4
2022,juwann winfree,Juwann Winfree,GB,WR,3,4,1,17,0,0,1,52,5,-0.9984831518377177,0.25,4.25,17,0,13,5
2022,k j osborn,K.J. Osborn,MIN,WR,17,90,60,650,5,1,32,753,300,21.834048940413645,0.6666666666666666,7.222222222222222,10.833333333333334,0.05555555555555555,8.366666666666667,5
2022,kadarius toney,Kadarius Toney,KC,WR,9,20,16,171,2,0,8,75,108,7.4545686305277465,0.8,8.55,10.6875,0.1,3.75,6.75
2022,kalif raymond,Kalif Raymond,DET,WR,17,64,47,616,0,1,24,638,218,21.02153123925591,0.734375,9.625,13.106382978723405,0,9.96875,4.638297872340425
2022,kavontae turpin,KaVontae Turpin,DAL,WR,17,2,1,9,0,0,0,13,5,-1.638943190847054,0.5,4.5,9,0,6.5,5
2022,keelan cole,Keelan Cole,LV,WR,12,21,10,141,1,0,8,345,20,6.316290947957896,0.47619047619047616,6.714285714285714,14.1,0.047619047619047616,16.428571428571427,2
2022,keenan allen,Keenan Allen,LAC,WR,10,89,66,752,4,1,39,770,257,27.14227377292331,0.7415730337078652,8.44943820224719,11.393939393939394,0.0449438202247191,8.651685393258427,3.893939393939394
2022,keith kirkwood,Keith Kirkwood,NO,WR,3,4,2,18,0,0,1,55,4,-1.6444360294844955,0.5,4.5,9,0,13.75,2
2022,keke coutee,Keke Coutee,IND,WR,7,1,1,20,0,1,0,12,8,-3.799164329539053,1,20,20,0,12,8
2022,kendall hinton,Kendall Hinton,DEN,WR,11,33,24,311,0,0,14,303,139,16.512483252125094,0.7272727272727273,9.424242424242424,12.958333333333334,0,9.181818181818182,5.791666666666667
2022,kendrick bourne,Kendrick Bourne,NE,WR,16,48,35,434,1,2,22,493,145,13.377406082941615,0.7291666666666666,9.041666666666666,12.4,0.020833333333333332,10.270833333333334,4.142857142857143
2022,kenny golladay,Kenny Golladay,NYG,WR,6,17,6,81,1,0,4,164,11,-1.7573862481870193,0.35294117647058826,4.764705882352941,13.5,0.058823529411764705,9.647058823529411,1.8333333333333333
2022,kevin white,Kevin White,NO,WR,6,5,2,74,0,0,2,91,68,2.513822603505105,0.4,14.8,37,0,18.2,34
2022,khadarel hodge,KhaDarel Hodge,ATL,WR,13,20,13,202,1,0,7,268,61,13.562926854167134,0.65,10.1,15.538461538461538,0.05,13.4,4.6923076923076925
2022,khalil shakir,Khalil Shakir,BUF,WR,10,20,10,161,1,0,7,204,74,7.746274182645771,0.5,8.05,16.1,0.05,10.2,7.4
2022,kyle philips,Kyle Philips,TEN,WR,4,13,8,78,0,0,3,100,21,-1.9355736239813268,0.6153846153846154,6,9.75,0,7.6923076923076925,2.625
2022,lance mccutcheon,Lance McCutcheon,LA,WR,4,5,0,0,0,0,0,71,0,-4.001597410067916,0,0,NA,0,14.2,NA
2022,laquon treadwell,Laquon Treadwell,SEA,WR,3,10,6,42,0,0,3,52,11,-3.099431679554982,0.6,4.2,7,0,5.2,1.8333333333333333
2022,lawrence cager,Lawrence Cager,NYG,TE,6,19,13,118,1,0,8,110,78,-5.217745262387209,0.6842105263157895,6.2105263157894735,9.076923076923077,0.05263157894736842,5.7894736842105265,6
2022,lil jordan humphrey,Lil'Jordan Humphrey,NE,WR,4,4,2,20,0,0,0,27,15,0.31961415556725115,0.5,5,10,0,6.75,7.5
2022,mack hollins,Mack Hollins,LV,WR,17,94,57,690,4,0,34,1196,192,31.43468787536654,0.6063829787234043,7.340425531914893,12.105263157894736,0.0425531914893617,12.72340425531915,3.3684210526315788
2022,malik turner,Malik Turner,SF,WR,2,0,0,0,0,0,0,0,0,NA,NA,NA,NA,NA,NA,NA
2022,marcus johnson,Marcus Johnson,NYG,WR,8,22,9,99,0,0,6,233,36,-6.112587836323539,0.4090909090909091,4.5,11,0,10.590909090909092,4
2022,marcus kemp,Marcus Kemp,KC,WR,2,0,0,0,0,0,0,0,0,NA,NA,NA,NA,NA,NA,NA
2022,marquez callaway,Marquez Callaway,NO,WR,10,32,16,158,1,0,11,389,35,-6.193596414298177,0.5,4.9375,9.875,0.03125,12.15625,2.1875
2022,marquez valdes scantling,Marquez Valdes-Scantling,KC,WR,17,81,42,687,2,0,32,1153,122,17.297868028928427,0.5185185185185185,8.481481481481481,16.357142857142858,0.024691358024691357,14.234567901234568,2.9047619047619047
2022,marquise brown,Marquise Brown,ARI,WR,12,107,67,709,3,1,33,1205,236,-3.331899893946776,0.6261682242990654,6.626168224299065,10.582089552238806,0.028037383177570093,11.261682242990654,3.5223880597014925
2022,marquise goodwin,Marquise Goodwin,SEA,WR,13,42,27,387,4,0,18,442,114,20.900176979249792,0.6428571428571429,9.214285714285714,14.333333333333334,0.09523809523809523,10.523809523809524,4.222222222222222
2022,marvin jones,Marvin Jones,JAX,WR,16,81,46,529,3,0,30,1071,95,11.479467955404148,0.5679012345679012,6.530864197530864,11.5,0.037037037037037035,13.222222222222221,2.0652173913043477
2022,mason kinsey,Mason Kinsey,TEN,WR,2,1,1,3,0,0,0,3,0,0.004852446261793375,1,3,3,0,3,0
2022,matthew slater,Matthew Slater,NE,WR,8,0,0,0,0,0,0,0,0,NA,NA,NA,NA,NA,NA,NA
2022,maurice alexander,Maurice Alexander,DET,WR,3,1,1,7,0,0,0,3,4,-0.6631927502994128,1,7,7,0,3,4
2022,mecole hardman,Mecole Hardman,KC,WR,8,34,25,297,4,0,14,275,160,18.585516858866452,0.7352941176470589,8.735294117647058,11.88,0.11764705882352941,8.088235294117647,6.4
2022,michael bandy,Michael Bandy,LAC,WR,8,21,10,89,0,0,5,184,25,-2.3061191533342935,0.47619047619047616,4.238095238095238,8.9,0,8.761904761904763,2.5
2022,michael gallup,Michael Gallup,DAL,WR,14,74,39,424,4,0,25,819,107,-0.47733926229543444,0.527027027027027,5.72972972972973,10.871794871794872,0.05405405405405406,11.067567567567568,2.7435897435897436
2022,michael thomas,Michael Thomas,CIN/NO,DB,10,22,16,171,3,0,13,237,21,16.696307317644823,0.7272727272727273,7.7727272727272725,10.6875,0.13636363636363635,10.772727272727273,1.3125
2022,mike brown,Mike Brown,CLE,SAF,1,0,0,0,0,0,0,0,0,NA,NA,NA,NA,NA,NA,NA
2022,mike evans,Mike Evans,TB,WR,15,127,77,1124,6,0,53,1677,216,26.091298192754156,0.6062992125984252,8.850393700787402,14.597402597402597,0.047244094488188976,13.204724409448819,2.8051948051948052
2022,mike strachan,Mike Strachan,IND,WR,5,9,3,59,0,0,3,129,13,-2.6660449231769827,0.3333333333333333,6.555555555555555,19.666666666666668,0,14.333333333333334,4.333333333333333
2022,mike thomas,Mike Thomas,CIN,WR,5,10,2,38,0,0,1,122,24,-3.8829947583870963,0.2,3.8,19,0,12.2,12
2022,mike williams,Mike Williams,LAC,WR,13,93,63,895,4,0,39,1111,324,31.584319500410423,0.6774193548387096,9.623655913978494,14.206349206349206,0.043010752688172046,11.946236559139784,5.142857142857143
2022,mike woods,Mike Woods,CLE,WR,7,10,5,45,0,0,3,159,17,-7.736738331062952,0.5,4.5,9,0,15.9,3.4
2022,miles boykin,Miles Boykin,PIT,WR,10,3,2,11,0,0,1,46,0,-0.8803758839494549,0.6666666666666666,3.6666666666666665,5.5,0,15.333333333333334,0
2022,milton williams,Milton Williams,PHI,DE,15,0,0,0,0,0,0,0,0,NA,NA,NA,NA,NA,NA,NA
2022,montrell washington,Montrell Washington,DEN,WR,15,9,4,2,0,0,0,153,13,-7.784386477782391,0.4444444444444444,0.2222222222222222,0.5,0,17,3.25
2022,n keal harry,N'Keal Harry,CHI,TE,6,9,7,116,1,0,4,153,16,8.584231152955908,0.7777777777777778,12.88888888888889,16.571428571428573,0.1111111111111111,17,2.2857142857142856
2022,nelson agholor,Nelson Agholor,NE,WR,14,53,31,362,2,2,12,653,147,-12.491907305548832,0.5849056603773585,6.830188679245283,11.67741935483871,0.03773584905660377,12.320754716981131,4.741935483870968
2022,nick williams,Nick Williams,NYG,DT,6,0,0,0,0,0,0,0,0,NA,NA,NA,NA,NA,NA,NA
2022,nico collins,Nico Collins,HOU,WR,10,66,37,481,2,0,21,775,143,-1.3270556627888639,0.5606060606060606,7.287878787878788,13,0.030303030303030304,11.742424242424242,3.864864864864865
2022,noah brown,Noah Brown,DAL,WR,16,74,43,555,3,1,25,800,128,-3.5267449333169063,0.581081081081081,7.5,12.906976744186046,0.04054054054054054,10.81081081081081,2.9767441860465116
2022,nsimba webster,Nsimba Webster,CHI,WR,1,3,2,14,0,1,2,22,4,0.3813299947651103,0.6666666666666666,4.666666666666667,7,0,7.333333333333333,2
2022,olamide zaccheaus,Olamide Zaccheaus,ATL,WR,16,61,40,533,3,1,25,718,193,23.677558913227276,0.6557377049180327,8.737704918032787,13.325,0.04918032786885246,11.770491803278688,4.825
2022,parris campbell,Parris Campbell,IND,WR,17,91,63,623,3,1,32,582,276,-7.994461106525233,0.6923076923076923,6.846153846153846,9.88888888888889,0.03296703296703297,6.395604395604396,4.380952380952381
2022,penny hart,Penny Hart,SEA,WR,4,4,3,20,0,0,1,31,12,-1.825406166622881,0.75,5,6.666666666666667,0,7.75,4
2022,pharoh cooper,Pharoh Cooper,ARI,WR,5,2,2,6,0,0,0,-6,12,-0.7791096055880189,1,3,3,0,-3,6
2022,phillip dorsett,Phillip Dorsett,HOU,WR,15,40,20,257,1,0,11,445,62,-3.7097915057484996,0.5,6.425,12.85,0.025,11.125,3.1
2022,quez watkins,Quez Watkins,PHI,WR,17,51,33,354,3,1,13,476,146,-12.772953875300066,0.6470588235294118,6.9411764705882355,10.727272727272727,0.058823529411764705,9.333333333333334,4.424242424242424
2022,quintez cephus,Quintez Cephus,DET,WR,3,3,2,15,0,0,1,14,4,2.9725595135823824,0.6666666666666666,5,7.5,0,4.666666666666667,2
2022,racey mcmath,Racey McMath,TEN,WR,4,8,2,40,0,0,1,176,7,-5.562793552991934,0.25,5,20,0,22,3.5
2022,raleigh webb,Raleigh Webb,NE,WR,3,0,0,0,0,0,0,0,0,NA,NA,NA,NA,NA,NA,NA
2022,randall cobb,Randall Cobb,GB,WR,13,50,34,417,1,1,19,475,185,22.56483781379832,0.68,8.34,12.264705882352942,0.02,9.5,5.4411764705882355
2022,rashid shaheed,Rashid Shaheed,NO,WR,12,34,28,488,2,1,18,397,175,31.05510401758989,0.8235294117647058,14.352941176470589,17.428571428571427,0.058823529411764705,11.676470588235293,6.25
2022,rashod bateman,Rashod Bateman,BAL,WR,6,28,15,285,2,1,7,374,133,2.6476170575045197,0.5357142857142857,10.178571428571429,19,0.07142857142857142,13.357142857142858,8.866666666666667
2022,ray ray mccloud,Ray-Ray McCloud,SF,WR,17,25,14,243,1,0,11,295,92,12.392493324063253,0.56,9.72,17.357142857142858,0.04,11.8,6.571428571428571
2022,richie james,Richie James,NYG,WR,16,70,57,569,4,0,29,509,176,24.495805307908885,0.8142857142857143,8.128571428571428,9.982456140350877,0.05714285714285714,7.271428571428571,3.087719298245614
2022,river cracraft,River Cracraft,MIA,WR,8,14,9,102,2,0,8,122,26,1.4560171206831,0.6428571428571429,7.285714285714286,11.333333333333334,0.14285714285714285,8.714285714285714,2.888888888888889
2022,robbie chosen,Robbie Chosen,ARI,WR,12,44,20,282,1,1,10,625,92,-7.144595923484226,0.45454545454545453,6.409090909090909,14.1,0.022727272727272728,14.204545454545455,4.6
2022,robert woods,Robert Woods,TEN,WR,17,91,53,527,2,0,31,716,156,8.946638316698975,0.5824175824175825,5.791208791208791,9.943396226415095,0.02197802197802198,7.868131868131868,2.943396226415094
2022,romeo doubs,Romeo Doubs,GB,WR,13,67,42,425,3,2,20,637,191,-2.379796117582551,0.6268656716417911,6.343283582089552,10.119047619047619,0.04477611940298507,9.507462686567164,4.5476190476190474
2022,rondale moore,Rondale Moore,ARI,WR,8,56,41,414,1,0,16,309,281,11.375221044392879,0.7321428571428571,7.392857142857143,10.097560975609756,0.017857142857142856,5.517857142857143,6.853658536585366
2022,russell gage,Russell Gage,TB,WR,13,70,51,426,5,1,31,383,171,20.507765041897308,0.7285714285714285,6.085714285714285,8.352941176470589,0.07142857142857142,5.4714285714285715,3.3529411764705883
2022,sammy watkins,Sammy Watkins,BAL,WR,9,27,16,325,0,1,11,354,126,10.209629020801316,0.5925925925925926,12.037037037037036,20.3125,0,13.11111111111111,7.875
2022,samori toure,Samori Toure,GB,WR,4,10,5,82,1,1,2,174,11,3.206173419358109,0.5,8.2,16.4,0.1,17.4,2.2
2022,shi smith,Shi Smith,CAR,WR,17,41,22,296,2,1,14,351,97,-9.333155053369486,0.5365853658536586,7.219512195121951,13.454545454545455,0.04878048780487805,8.560975609756097,4.409090909090909
2022,simi fehoko,Simi Fehoko,DAL,WR,3,4,3,24,0,0,1,51,10,-1.1463221836526871,0.75,6,8,0,12.75,3.3333333333333335
2022,skyy moore,Skyy Moore,KC,WR,16,33,22,250,0,0,13,258,151,5.486092451597976,0.6666666666666666,7.575757575757576,11.363636363636363,0,7.818181818181818,6.863636363636363
2022,stanley berryhill,Stanley Berryhill,DET,WR,1,0,0,0,0,0,0,0,0,NA,NA,NA,NA,NA,NA,NA
2022,stanley morgan,Stanley Morgan,CIN,WR,9,1,0,0,0,0,0,0,0,-3.1803987219464034,0,0,NA,0,0,NA
2022,stefon diggs,Stefon Diggs,BUF,WR,16,154,108,1429,11,1,72,1729,419,75.10441460938806,0.7012987012987013,9.279220779220779,13.231481481481481,0.07142857142857142,11.227272727272727,3.8796296296296298
2022,stephen sullivan,Stephen Sullivan,CAR,TE,8,6,2,46,0,0,2,87,21,-2.4585835977923125,0.3333333333333333,7.666666666666667,23,0,14.5,10.5
2022,sterling shepard,Sterling Shepard,NYG,WR,3,24,13,154,1,0,4,225,55,-3.1267536524625905,0.5416666666666666,6.416666666666667,11.846153846153847,0.041666666666666664,9.375,4.230769230769231
2022,t y hilton,T.Y. Hilton,DAL,WR,3,10,7,121,0,0,5,175,33,10.084503951016814,0.7,12.1,17.285714285714285,0,17.5,4.714285714285714
2022,tanner conner,Tanner Conner,MIA,TE,2,3,0,0,0,0,0,20,0,-2.6595457083312795,0,0,NA,0,6.666666666666667,NA
2022,tanner gentry,Tanner Gentry,BUF,WR,1,1,0,0,0,0,0,7,0,-0.7896298202686012,0,0,NA,0,7,NA
2022,tay martin,Tay Martin,SF,WR,1,0,0,0,0,0,0,0,0,NA,NA,NA,NA,NA,NA,NA
2022,tee higgins,Tee Higgins,CIN,WR,14,109,74,1029,7,0,46,1185,286,54.56832947387763,0.6788990825688074,9.440366972477063,13.905405405405405,0.06422018348623854,10.871559633027523,3.864864864864865
2022,terry mclaurin,Terry McLaurin,WAS,WR,17,120,77,1191,5,0,56,1549,382,48.660015074449284,0.6416666666666667,9.925,15.467532467532468,0.041666666666666664,12.908333333333333,4.961038961038961
2022,tim jones,Tim Jones,JAX,WR,7,4,3,30,0,0,1,7,21,1.1887424494489096,0.75,7.5,10,0,1.75,7
2022,tom kennedy,Tom Kennedy,DET,WR,5,15,8,141,0,0,7,134,73,7.931223585629738,0.5333333333333333,9.4,17.625,0,8.933333333333334,9.125
2022,tony brown,Tony Brown,IND,DB,7,0,0,0,0,0,0,0,0,NA,NA,NA,NA,NA,NA,NA
2022,tony jones,Tony Jones,SEA,RB,3,8,5,30,0,0,0,-22,34,-5.515736845671199,0.625,3.75,6,0,-2.75,6.8
2022,tre quan smith,Tre'Quan Smith,NO,WR,10,27,19,278,1,0,14,331,66,7.385662595776214,0.7037037037037037,10.296296296296296,14.631578947368421,0.037037037037037035,12.25925925925926,3.473684210526316
2022,trent sherfield,Trent Sherfield,MIA,WR,16,51,30,417,2,0,18,561,138,6.536412975165587,0.5882352941176471,8.176470588235293,13.9,0.0392156862745098,11,4.6
2022,trent taylor,Trent Taylor,CIN,WR,16,10,6,62,0,0,1,45,43,-0.3390488504928677,0.6,6.2,10.333333333333334,0,4.5,7.166666666666667
2022,trenton irwin,Trenton Irwin,CIN,WR,9,23,15,231,4,0,12,259,59,19.67878938527383,0.6521739130434783,10.043478260869565,15.4,0.17391304347826086,11.26086956521739,3.933333333333333
2022,treylon burks,Treylon Burks,TEN,WR,11,54,33,444,1,0,19,624,165,3.9022393491599328,0.6111111111111112,8.222222222222221,13.454545454545455,0.018518518518518517,11.555555555555555,5
2022,trinity benson,Trinity Benson,DET,WR,1,0,0,0,0,0,0,0,0,NA,NA,NA,NA,NA,NA,NA
2022,tutu atwell,Tutu Atwell,LA,WR,12,35,18,298,1,0,11,622,60,4.0469003132936034,0.5142857142857142,8.514285714285714,16.555555555555557,0.02857142857142857,17.771428571428572,3.3333333333333335
2022,ty montgomery,Ty Montgomery,NE,WR,1,4,3,15,1,0,1,13,7,2.1808464441564865,0.75,3.75,5,0.25,3.25,2.3333333333333335
2022,tylan wallace,Tylan Wallace,BAL,WR,5,7,4,33,0,0,1,94,9,-2.95119739335496,0.5714285714285714,4.714285714285714,8.25,0,13.428571428571429,2.25
2022,tyler boyd,Tyler Boyd,CIN,WR,16,82,58,762,5,0,41,755,249,28.99062020583348,0.7073170731707317,9.292682926829269,13.137931034482758,0.06097560975609756,9.207317073170731,4.293103448275862
2022,tyler lockett,Tyler Lockett,SEA,WR,16,117,84,1033,9,1,50,1242,272,38.25288152779134,0.717948717948718,8.82905982905983,12.297619047619047,0.07692307692307693,10.615384615384615,3.238095238095238
2022,tyquan thornton,Tyquan Thornton,NE,WR,12,45,22,247,2,0,13,646,63,-2.893325515402396,0.4888888888888889,5.488888888888889,11.227272727272727,0.044444444444444446,14.355555555555556,2.8636363636363638
2022,tyreek hill,Tyreek Hill,MIA,WR,17,170,119,1710,7,1,77,2107,482,64.06243745761115,0.7,10.058823529411764,14.369747899159664,0.041176470588235294,12.394117647058824,4.050420168067227
2022,tyrie cleveland,Tyrie Cleveland,DEN,WR,5,7,2,28,0,0,1,99,17,-4.329919437528258,0.2857142857142857,4,14,0,14.142857142857142,8.5
2022,tyron johnson,Tyron Johnson,HOU,WR,2,1,1,8,0,0,0,-2,10,0.6337599324760959,1,8,8,0,-2,10
2022,van jefferson,Van Jefferson,LA,WR,10,44,24,369,3,0,20,695,38,11.800790292327292,0.5454545454545454,8.386363636363637,15.375,0.06818181818181818,15.795454545454545,1.5833333333333333
2022,wan dale robinson,Wan'Dale Robinson,NYG,WR,6,31,23,227,1,0,13,192,126,11.781825616408776,0.7419354838709677,7.32258064516129,9.869565217391305,0.03225806451612903,6.193548387096774,5.478260869565218
2022,zach pascal,Zach Pascal,PHI,WR,15,19,15,150,1,0,9,115,86,0.30220998800359666,0.7894736842105263,7.894736842105263,10,0.05263157894736842,6.052631578947368,5.733333333333333
2022,zay jones,Zay Jones,JAX,WR,16,121,82,823,5,0,44,1018,293,41.48386222549859,0.6776859504132231,6.801652892561983,10.036585365853659,0.04132231404958678,8.413223140495868,3.573170731707317
2023,a j brown,A.J. Brown,PHI,WR,17,158,106,1456,7,2,70,1853,473,65.87283749351664,0.6708860759493671,9.2151898734177209,13.735849056603774,0.04430379746835443,11.727848101265822,4.462264150943396
2023,a j green,A.J. Green,CLE,CB,1,0,0,0,0,0,0,0,0,NA,NA,NA,NA,NA,NA,NA
2023,a t perry,A.T. Perry,NO,WR,8,18,12,246,4,0,10,293,20,19.071494034456784,0.6666666666666666,13.666666666666666,20.5,0.2222222222222222,16.27777777777778,1.6666666666666667
2023,adam thielen,Adam Thielen,CAR,WR,17,137,103,1014,4,2,57,1058,340,60.728397488386285,0.7518248175182481,7.401459854014599,9.844660194174757,0.029197080291970802,7.7226277372262775,3.3009708737864076
2023,alec pierce,Alec Pierce,IND,WR,17,65,32,514,2,0,24,977,97,17.1916585591053,0.49230769230769234,7.907692307692308,16.0625,0.03076923076923077,15.03076923076923,3.03125
2023,alex erickson,Alex Erickson,LAC,WR,8,29,16,232,1,0,12,295,58,5.394800698268227,0.5517241379310345,8,14.5,0.034482758620689655,10.172413793103448,3.625
2023,allen lazard,Allen Lazard,NYJ,WR,14,49,23,311,1,0,17,597,56,0.37687926477519795,0.46938775510204084,6.346938775510204,13.521739130434783,0.02040816326530612,12.183673469387756,2.4347826086956523
2023,allen robinson,Allen Robinson,PIT,WR,15,49,34,280,0,0,9,370,68,-4.572062466759873,0.6938775510204082,5.714285714285714,8.235294117647058,0,7.551020408163265,2
2023,amari cooper,Amari Cooper,CLE,WR,15,128,72,1250,5,2,50,1834,271,46.09748478105425,0.5625,9.765625,17.36111111111111,0.0390625,14.328125,3.763888888888889
2023,amari rodgers,Amari Rodgers,IND,WR,1,2,0,0,0,0,0,30,0,-2.0035566507140175,0,0,NA,0,15,NA
2023,amon ra st brown,Amon-Ra St. Brown,DET,WR,16,164,119,1515,10,1,75,1271,668,71.34393314206709,0.725609756097561,9.237804878048781,12.731092436974789,0.06097560975609756,7.75,5.61344537815126
2023,andre baccellia,Andre Baccellia,ARI,WR,1,0,0,0,0,0,0,0,0,NA,NA,NA,NA,NA,NA,NA
2023,andrei iosivas,Andrei Iosivas,CIN,WR,11,25,15,116,4,0,11,215,35,5.361129631346557,0.6,4.64,7.733333333333333,0.16,8.6,2.3333333333333335
2023,andy isabella,Andy Isabella,BUF,WR,1,0,0,0,0,0,0,0,0,NA,NA,NA,NA,NA,NA,NA
2023,antoine green,Antoine Green,DET,WR,2,2,1,2,0,0,0,11,1,-3.5383273064508103,0.5,1,2,0,5.5,1
2023,austin trammell,Austin Trammell,LA,WR,15,7,4,29,0,0,2,25,35,-3.0054264192585833,0.5714285714285714,4.142857142857143,7.25,0,3.5714285714285716,8.75
2023,ben skowronek,Ben Skowronek,LA,WR,13,12,8,66,1,0,3,88,30,1.4252855206141248,0.6666666666666666,5.5,8.25,0.08333333333333333,7.333333333333333,3.75
2023,bo melton,Bo Melton,GB,CB,4,24,16,218,1,0,13,267,37,8.540199223249303,0.6666666666666666,9.083333333333334,13.625,0.041666666666666664,11.125,2.3125
2023,brandin cooks,Brandin Cooks,DAL,WR,16,81,54,657,8,1,39,1069,125,35.82621821005463,0.6666666666666666,8.11111111111111,12.166666666666666,0.09876543209876543,13.197530864197532,2.314814814814815
2023,brandon aiyuk,Brandon Aiyuk,SF,WR,16,105,75,1342,7,1,61,1467,362,81.7904670821315,0.7142857142857143,12.780952380952382,17.893333333333334,0.06666666666666667,13.971428571428572,4.826666666666667
2023,brandon johnson,Brandon Johnson,DEN,WR,10,30,19,284,4,0,12,328,89,21.36165455165671,0.6333333333333333,9.466666666666667,14.947368421052632,0.13333333333333333,10.933333333333334,4.684210526315789
2023,brandon jones,Brandon Jones,MIA,SAF,10,0,0,0,0,0,0,0,0,NA,NA,NA,NA,NA,NA,NA
2023,brandon powell,Brandon Powell,MIN,WR,17,44,29,324,1,0,18,332,104,-1.467711050703791,0.6590909090909091,7.363636363636363,11.172413793103448,0.022727272727272728,7.545454545454546,3.586206896551724
2023,brandon smith,Brandon Smith,PHI,LB,1,0,0,0,0,0,0,0,0,NA,NA,NA,NA,NA,NA,NA
2023,braxton berrios,Braxton Berrios,MIA,WR,16,33,27,238,1,0,15,229,85,10.86630826399778,0.8181818181818182,7.212121212121212,8.814814814814815,0.030303030303030304,6.9393939393939394,3.1481481481481484
2023,britain covey,Britain Covey,PHI,WR,15,6,4,42,0,0,2,52,26,0.5605941915431587,0.6666666666666666,7,10.5,0,8.666666666666666,6.5
2023,byron pringle,Byron Pringle,WAS,WR,13,22,14,161,0,0,7,297,31,1.0596630637301132,0.6363636363636364,7.318181818181818,11.5,0,13.5,2.2142857142857144
2023,calvin ridley,Calvin Ridley,JAX,WR,17,136,76,1016,8,1,49,1771,194,32.38094421554435,0.5588235294117647,7.470588235294118,13.368421052631579,0.058823529411764705,13.022058823529411,2.5526315789473686
2023,cedric tillman,Cedric Tillman,CLE,WR,11,44,21,224,0,0,12,468,88,-26.516042324695917,0.4772727272727273,5.090909090909091,10.666666666666666,0,10.636363636363637,4.190476190476191
2023,ceedee lamb,CeeDee Lamb,DAL,WR,17,181,135,1749,12,3,81,1722,680,103.5199851185705,0.7458563535911602,9.662983425414364,12.955555555555556,0.06629834254143646,9.513812154696133,5.037037037037037
2023,charlie jones,Charlie Jones,CIN,WR,11,9,7,64,0,0,3,79,38,2.376261502795387,0.7777777777777778,7.111111111111111,9.142857142857142,0,8.777777777777779,5.428571428571429
2023,chase claypool,Chase Claypool,MIA,WR,11,21,8,77,1,0,4,230,25,-13.195911553726338,0.38095238095238093,3.6666666666666665,9.625,0.047619047619047616,10.952380952380953,3.125
2023,chris conley,Chris Conley,SF,WR,1,6,3,69,0,0,2,74,28,1.337810616765637,0.5,11.5,23,0,12.333333333333334,9.333333333333334
2023,chris moore,Chris Moore,TEN,WR,15,35,22,424,0,1,16,641,57,18.269116410272552,0.6285714285714286,12.114285714285714,19.272727272727273,0,18.314285714285713,2.590909090909091
2023,chris olave,Chris Olave,NO,WR,16,138,87,1123,5,0,57,1834,347,43.398492794719395,0.6304347826086957,8.13768115942029,12.908045977011493,0.036231884057971016,13.289855072463768,3.9885057471264367
2023,christian kirk,Christian Kirk,JAX,WR,12,85,57,787,3,2,34,842,247,23.392445049216278,0.6705882352941176,9.258823529411766,13.807017543859649,0.03529411764705882,9.905882352941177,4.333333333333333
2023,christian watson,Christian Watson,GB,WR,9,53,28,422,5,0,20,817,105,1.8825399146626935,0.5283018867924528,7.962264150943396,15.071428571428571,0.09433962264150944,15.415094339622641,3.75
2023,cody thompson,Cody Thompson,SEA,WR,2,1,1,10,0,0,0,6,4,0.41286147478967905,1,10,10,0,6,4
2023,collin johnson,Collin Johnson,CHI,WR,1,1,1,11,0,0,1,7,4,1.250328631605953,1,11,11,0,7,4
2023,colton dowell,Colton Dowell,TEN,WR,4,2,1,3,0,0,0,40,0,-2.652739236073103,0.5,1.5,3,0,20,0
2023,cooper kupp,Cooper Kupp,LA,WR,12,95,59,737,5,0,33,781,322,9.771191192790091,0.6210526315789474,7.757894736842105,12.491525423728813,0.05263157894736842,8.221052631578948,5.4576271186440675
2023,courtland sutton,Courtland Sutton,DEN,WR,16,90,59,772,10,3,37,1060,156,22.047587154528944,0.6555555555555556,8.577777777777778,13.084745762711865,0.1111111111111111,11.777777777777779,2.6440677966101696
2023,curtis samuel,Curtis Samuel,WAS,WR,16,91,62,613,4,0,26,598,260,6.00624226880546,0.6813186813186813,6.736263736263736,9.887096774193548,0.04395604395604396,6.571428571428571,4.193548387096774
2023,damiere byrd,Damiere Byrd,ATL,WR,1,2,0,0,0,0,0,45,0,-6.793155206134543,0,0,NA,0,22.5,NA
2023,dan chisena,Dan Chisena,ARI,WR,1,0,0,0,0,0,0,0,0,NA,NA,NA,NA,NA,NA,NA
2023,dareke young,Dareke Young,SEA,WR,1,0,0,0,0,0,0,0,0,NA,NA,NA,NA,NA,NA,NA
2023,darius slayton,Darius Slayton,NYG,WR,17,79,50,770,4,0,29,967,298,29.193758920556547,0.6329113924050633,9.746835443037975,15.4,0.05063291139240506,12.240506329113924,5.96
2023,darnell mooney,Darnell Mooney,CHI,WR,14,61,31,414,1,0,20,630,181,-4.804643356433066,0.5081967213114754,6.786885245901639,13.35483870967742,0.01639344262295082,10.327868852459016,5.838709677419355
2023,davante adams,Davante Adams,LV,WR,17,175,103,1144,8,0,59,1896,336,13.481438699578932,0.5885714285714285,6.537142857142857,11.106796116504855,0.045714285714285714,10.834285714285715,3.262135922330097
2023,david bell,David Bell,CLE,WR,9,23,14,167,3,0,9,142,73,8.862044934998266,0.6086956521739131,7.260869565217392,11.928571428571429,0.13043478260869565,6.173913043478261,5.214285714285714
2023,david moore,David Moore,TB,WR,6,7,5,94,1,0,3,49,62,2.777235616638791,0.7142857142857143,13.428571428571429,18.8,0.14285714285714285,7,12.4
2023,deandre carter,DeAndre Carter,LV,WR,17,7,4,39,0,0,0,4,50,-2.609521462970684,0.5714285714285714,5.571428571428571,9.75,0,0.5714285714285714,12.5
2023,deandre hopkins,DeAndre Hopkins,TEN,WR,17,137,75,1057,7,0,48,1934,223,19.165303081635933,0.5474452554744526,7.7153284671532845,14.093333333333334,0.051094890510948905,14.116788321167883,2.973333333333333
2023,demarcus robinson,Demarcus Robinson,LA,WR,8,39,26,371,4,2,20,478,89,16.264673426186366,0.6666666666666666,9.512820512820513,14.26923076923077,0.10256410256410256,12.256410256410257,3.423076923076923
2023,demario douglas,DeMario Douglas,NE,WR,14,79,49,561,0,1,26,648,336,-5.602887880623224,0.620253164556962,7.10126582278481,11.448979591836734,0,8.20253164556962,6.857142857142857
2023,deonte harty,Deonte Harty,BUF,WR,16,21,15,150,1,0,9,227,79,6.185579963892329,0.7142857142857143,7.142857142857143,10,0.047619047619047616,10.80952380952381,5.266666666666667
2023,derius davis,Derius Davis,LAC,WR,17,17,15,66,0,0,0,-38,115,-5.932091548147568,0.8823529411764706,3.8823529411764706,4.4,0,-2.235294117647059,7.666666666666667
2023,devante parker,DeVante Parker,NE,WR,13,55,33,394,0,0,17,640,126,1.0191893047730458,0.6,7.163636363636364,11.93939393939394,0,11.636363636363637,3.8181818181818183
2023,deven thompkins,Deven Thompkins,TB,WR,17,25,17,83,1,1,5,163,74,-8.702345053430081,0.68,3.32,4.882352941176471,0.04,6.52,4.352941176470588
2023,devin duvernay,Devin Duvernay,BAL,WR,13,9,4,18,0,0,0,81,17,-4.006126745357719,0.4444444444444444,2,4.5,0,9,4.25
2023,devon allen,Devon Allen,PHI,WR,1,0,0,0,0,0,0,0,0,NA,NA,NA,NA,NA,NA,NA
2023,devonta smith,DeVonta Smith,PHI,WR,16,112,81,1066,7,1,47,1350,294,34.021787702105996,0.7232142857142857,9.517857142857142,13.160493827160494,0.0625,12.053571428571429,3.6296296296296298
2023,diontae johnson,Diontae Johnson,PIT,WR,13,87,51,717,5,1,37,1106,261,25.97815332977907,0.5862068965517241,8.241379310344827,14.058823529411764,0.05747126436781609,12.71264367816092,5.117647058823529
2023,dj chark,DJ Chark,CAR,WR,14,66,35,525,5,2,22,1016,84,15.333778778289522,0.5303030303030303,7.954545454545454,15,0.07575757575757576,15.393939393939394,2.4
2023,donovan peoples jones,Donovan Peoples-Jones,DET,WR,14,25,13,155,0,0,7,273,35,-3.968731564570747,0.52,6.2,11.923076923076923,0,10.92,2.6923076923076925
2023,dontayvion wicks,Dontayvion Wicks,GB,WR,15,58,39,581,4,3,29,591,211,29.157121740925746,0.6724137931034483,10.017241379310345,14.897435897435898,0.06896551724137931,10.189655172413794,5.410256410256411
2023,drake london,Drake London,ATL,WR,16,110,69,905,2,0,45,1264,188,11.86987583838163,0.6272727272727273,8.227272727272727,13.115942028985508,0.01818181818181818,11.49090909090909,2.7246376811594204
2023,dyami brown,Dyami Brown,WAS,WR,16,23,12,168,1,0,8,387,76,8.516261250188109,0.5217391304347826,7.304347826086956,14,0.043478260869565216,16.82608695652174,6.333333333333333
2023,elijah cooks,Elijah Cooks,JAX,WR,4,4,3,38,0,0,2,33,8,3.9043628774344454,0.75,9.5,12.666666666666666,0,8.25,2.6666666666666665
2023,elijah higgins,Elijah Higgins,ARI,TE,11,19,14,163,1,0,9,128,67,10.236289127060445,0.7368421052631579,8.578947368421053,11.642857142857142,0.05263157894736842,6.7368421052631575,4.785714285714286
2023,elijah moore,Elijah Moore,CLE,WR,16,104,59,640,2,1,29,1155,191,-1.7487402335777857,0.5673076923076923,6.153846153846154,10.847457627118644,0.019230769230769232,11.10576923076923,3.23728813559322
2023,equanimeous st brown,Equanimeous St. Brown,CHI,WR,5,6,5,62,0,0,3,53,7,2.9717228445224464,0.8333333333333334,10.333333333333334,12.4,0,8.833333333333334,1.4
2023,erik ezukanma,Erik Ezukanma,MIA,WR,2,1,0,0,0,0,0,8,0,-0.9126537921924407,0,0,NA,0,8,NA
2023,garrett wilson,Garrett Wilson,NYJ,WR,17,168,95,1042,3,2,47,1707,327,-10.460633023866336,0.5654761904761905,6.2023809523809526,10.968421052631578,0.017857142857142856,10.160714285714286,3.442105263157895
2023,george pickens,George Pickens,PIT,WR,17,106,63,1140,5,3,43,1428,388,28.604735998749263,0.5943396226415094,10.754716981132075,18.095238095238095,0.04716981132075472,13.471698113207546,6.158730158730159
2023,greg dortch,Greg Dortch,ARI,WR,16,41,24,280,2,0,14,383,152,4.755318414332578,0.5853658536585366,6.829268292682927,11.666666666666666,0.04878048780487805,9.341463414634147,6.333333333333333
2023,gunner olszewski,Gunner Olszewski,NYG,WR,12,1,1,0,0,1,0,-1,0,-6.185572614893317,1,0,0,0,-1,0
2023,hunter renfrow,Hunter Renfrow,LV,WR,14,37,25,255,0,1,11,207,152,-0.2694767814949546,0.6756756756756757,6.891891891891892,10.2,0,5.594594594594595,6.08
2023,ihmir smith marsette,Ihmir Smith-Marsette,CAR,WR,17,10,8,51,0,0,5,9,48,1.515756132430397,0.8,5.1,6.375,0,0.9,6
2023,irvin charles,Irvin Charles,NYJ,WR,6,1,0,0,0,0,0,4,0,-1.5179237490519881,0,0,NA,0,4,NA
2023,isaiah hodgins,Isaiah Hodgins,NYG,WR,14,33,21,230,3,1,12,269,75,3.9315880485913994,0.6363636363636364,6.96969696969697,10.952380952380953,0.09090909090909091,8.151515151515152,3.5714285714285716
2023,isaiah mckenzie,Isaiah McKenzie,IND,WR,13,14,11,82,0,0,4,35,72,2.2149172026048127,0.7857142857142857,5.857142857142857,7.454545454545454,0,2.5,6.545454545454546
2023,ja marr chase,Ja'Marr Chase,CIN,WR,16,145,100,1216,7,1,63,1254,541,60.54723269477342,0.6896551724137931,8.386206896551725,12.16,0.04827586206896552,8.648275862068965,5.41
2023,jaelon darden,Jaelon Darden,CLE,WR,1,0,0,0,0,0,0,0,0,NA,NA,NA,NA,NA,NA,NA
2023,jahan dotson,Jahan Dotson,WAS,WR,17,83,49,518,4,0,27,768,115,-15.9861186813161,0.5903614457831325,6.240963855421687,10.571428571428571,0.04819277108433735,9.25301204819277,2.3469387755102042
2023,jake bobo,Jake Bobo,SEA,WR,14,25,19,196,2,0,9,150,87,8.033546223537996,0.76,7.84,10.31578947368421,0.08,6,4.578947368421052
2023,jakobi meyers,Jakobi Meyers,LV,WR,16,106,71,807,8,0,46,1028,242,18.46127164592127,0.6698113207547169,7.613207547169812,11.366197183098592,0.07547169811320754,9.69811320754717,3.408450704225352
2023,jalen brooks,Jalen Brooks,DAL,WR,3,6,6,64,0,0,4,36,28,3.8548707699228544,1,10.666666666666666,10.666666666666666,0,6,4.666666666666667
2023,jalen guyton,Jalen Guyton,LAC,WR,7,21,10,89,1,0,6,218,32,-2.365805578621803,0.47619047619047616,4.238095238095238,8.9,0.047619047619047616,10.380952380952381,3.2
2023,jalen nailor,Jalen Nailor,MIN,WR,3,6,3,29,0,0,1,54,21,-2.0255367812351324,0.5,4.833333333333333,9.666666666666666,0,9,7
2023,jalen reagor,Jalen Reagor,NE,WR,9,23,7,138,0,0,5,359,18,-11.385845331475139,0.30434782608695654,6,19.714285714285715,0,15.608695652173912,2.5714285714285716
2023,jalen tolbert,Jalen Tolbert,DAL,WR,14,36,22,268,2,0,13,474,34,3.3950989600425427,0.6111111111111112,7.444444444444445,12.181818181818182,0.05555555555555555,13.166666666666666,1.5454545454545454
2023,jalin hyatt,Jalin Hyatt,NYG,WR,13,40,23,373,0,1,11,841,48,3.0651579910464024,0.575,9.325,16.217391304347824,0,21.025,2.0869565217391304
2023,jamal agnew,Jamal Agnew,JAX,WR,11,21,14,225,1,1,8,253,76,2.579681091464221,0.6666666666666666,10.714285714285714,16.071428571428573,0.047619047619047616,12.047619047619047,5.428571428571429
2023,james proche,James Proche,CLE,WR,10,5,0,0,0,0,0,86,0,-7.283761017082725,0,0,NA,0,17.2,NA
2023,jameson williams,Jameson Williams,DET,WR,12,42,24,354,2,1,14,665,105,13.631020210159477,0.5714285714285714,8.428571428571429,14.75,0.047619047619047616,15.833333333333334,4.375
2023,jamison crowder,Jamison Crowder,WAS,WR,16,20,16,159,1,0,8,122,80,5.320990374864893,0.8,7.95,9.9375,0.05,6.1,5
2023,jason brownlee,Jason Brownlee,NYJ,WR,4,8,5,56,1,0,2,62,20,-4.2100681482988875,0.625,7,11.2,0.125,7.75,4
2023,jauan jennings,Jauan Jennings,SF,WR,13,33,19,265,1,0,12,340,89,7.912213970729925,0.5757575757575758,8.030303030303031,13.947368421052632,0.030303030303030304,10.303030303030303,4.684210526315789
2023,jaxon smith njigba,Jaxon Smith-Njigba,SEA,WR,17,93,63,628,4,0,29,569,366,12.165431976956652,0.6774193548387096,6.752688172043011,9.968253968253968,0.043010752688172046,6.118279569892473,5.809523809523809
2023,jayden reed,Jayden Reed,GB,WR,16,94,64,793,8,0,32,970,335,34.3522616618623,0.6808510638297872,8.436170212765957,12.390625,0.0851063829787234,10.319148936170214,5.234375
2023,jaylen waddle,Jaylen Waddle,MIA,WR,14,104,72,1014,4,0,47,1051,421,45.95691770556518,0.6923076923076923,9.75,14.083333333333334,0.038461538461538464,10.10576923076923,5.847222222222222
2023,jerry jeudy,Jerry Jeudy,DEN,WR,16,87,54,758,2,1,28,1109,323,16.952773686104997,0.6206896551724138,8.71264367816092,14.037037037037036,0.022988505747126436,12.74712643678161,5.981481481481482
2023,jonathan mingo,Jonathan Mingo,CAR,WR,15,85,43,418,0,1,15,921,155,-24.645943882652734,0.5058823529411764,4.91764705882353,9.720930232558139,0,10.83529411764706,3.604651162790698
2023,jordan addison,Jordan Addison,MIN,WR,17,108,70,911,10,0,38,1347,262,26.098682321514307,0.6481481481481481,8.435185185185185,13.014285714285714,0.09259259259259259,12.472222222222221,3.742857142857143
2023,josh downs,Josh Downs,IND,WR,17,98,68,771,2,0,30,707,371,26.50760102279591,0.6938775510204082,7.86734693877551,11.338235294117647,0.02040816326530612,7.214285714285714,5.455882352941177
2023,josh palmer,Josh Palmer,LAC,WR,10,61,38,581,2,1,22,693,196,8.454436657690362,0.6229508196721312,9.524590163934427,15.289473684210526,0.03278688524590164,11.360655737704919,5.157894736842105
2023,josh reynolds,Josh Reynolds,DET,WR,16,64,40,608,5,1,32,645,173,14.700263801555883,0.625,9.5,15.2,0.078125,10.078125,4.325
2023,juju smith schuster,JuJu Smith-Schuster,NE,WR,11,47,29,260,1,0,13,338,94,-10.345766047132201,0.6170212765957447,5.531914893617022,8.96551724137931,0.02127659574468085,7.191489361702128,3.2413793103448274
2023,julio jones,Julio Jones,PHI,WR,8,19,11,74,3,0,4,131,28,2.2336344543156166,0.5789473684210527,3.8947368421052633,6.7272727272727275,0.15789473684210525,6.894736842105263,2.5454545454545454
2023,justin jefferson,Justin Jefferson,MIN,WR,10,100,68,1074,5,1,52,1258,260,42.82270591843974,0.68,10.74,15.794117647058824,0.05,12.58,3.823529411764706
2023,justin watson,Justin Watson,KC,WR,15,53,27,460,3,1,21,928,47,4.295495750731789,0.5094339622641509,8.679245283018869,17.037037037037038,0.05660377358490566,17.50943396226415,1.7407407407407407
2023,justyn ross,Justyn Ross,KC,WR,6,11,6,53,0,0,2,117,15,1.1094381852308288,0.5454545454545454,4.818181818181818,8.833333333333334,0,10.636363636363637,2.5
2023,juwann winfree,Juwann Winfree,IND,WR,1,1,0,0,0,0,0,26,0,-1.0963185988366604,0,0,NA,0,26,NA
2023,k j osborn,K.J. Osborn,MIN,WR,15,75,48,540,3,1,28,659,185,6.300214012577381,0.64,7.2,11.25,0.04,8.786666666666667,3.8541666666666665
2023,kadarius toney,Kadarius Toney,KC,WR,13,38,27,169,1,1,12,112,128,-8.356740063003516,0.7105263157894737,4.447368421052632,6.2592592592592595,0.02631578947368421,2.9473684210526314,4.7407407407407405
2023,kalif raymond,Kalif Raymond,DET,WR,17,44,35,489,1,0,20,388,214,29.94192427557341,0.7954545454545454,11.113636363636363,13.971428571428572,0.022727272727272728,8.818181818181818,6.114285714285714
2023,kavontae turpin,KaVontae Turpin,DAL,WR,16,18,12,127,3,0,9,163,39,12.217260575415434,0.6666666666666666,7.055555555555555,10.583333333333334,0.16666666666666666,9.055555555555555,3.25
2023,kayshon boutte,Kayshon Boutte,NE,WR,3,7,2,19,0,0,1,125,10,-2.6910366584779695,0.2857142857142857,2.7142857142857144,9.5,0,17.857142857142858,5
2023,kearis jackson,Kearis Jackson,TEN,WR,2,0,0,0,0,0,0,0,0,NA,NA,NA,NA,NA,NA,NA
2023,keelan doss,Keelan Doss,LAC,WR,2,13,6,33,0,0,1,97,14,-3.0227712826710764,0.46153846153846156,2.5384615384615383,5.5,0,7.461538461538462,2.3333333333333335
2023,keenan allen,Keenan Allen,LAC,WR,13,150,108,1243,7,2,57,1452,396,60.83327256819727,0.72,8.286666666666667,11.50925925925926,0.04666666666666667,9.68,3.6666666666666665
2023,keith kirkwood,Keith Kirkwood,NO,WR,7,9,5,37,1,0,3,91,1,2.2577621507807635,0.5555555555555556,4.111111111111111,7.4,0.1111111111111111,10.11111111111111,0.2
2023,kendrick bourne,Kendrick Bourne,NE,WR,8,55,37,406,4,1,15,574,203,-9.540425373947777,0.6727272727272727,7.381818181818182,10.972972972972974,0.07272727272727272,10.436363636363636,5.486486486486487
2023,khadarel hodge,KhaDarel Hodge,ATL,WR,14,23,14,232,0,0,13,330,83,5.243100800266969,0.6086956521739131,10.08695652173913,16.571428571428573,0,14.347826086956522,5.928571428571429
2023,khalil shakir,Khalil Shakir,BUF,WR,16,45,39,611,2,0,26,402,282,43.20398259095673,0.8666666666666667,13.577777777777778,15.666666666666666,0.044444444444444446,8.933333333333334,7.230769230769231
2023,kyle philips,Kyle Philips,TEN,WR,8,22,15,181,0,0,9,197,79,6.535338858000354,0.6818181818181818,8.227272727272727,12.066666666666666,0,8.954545454545455,5.266666666666667
2023,laquon treadwell,Laquon Treadwell,BAL,WR,3,3,1,16,0,0,1,36,0,0.20309738523792475,0.3333333333333333,5.333333333333333,16,0,12,0
2023,lawrence cager,Lawrence Cager,NYG,TE,5,5,4,36,1,0,2,21,27,3.254882011679001,0.8,7.2,9,0.2,4.2,6.75
2023,lil jordan humphrey,Lil'Jordan Humphrey,DEN,WR,11,19,13,162,3,0,9,186,99,14.200789617898408,0.6842105263157895,8.526315789473685,12.461538461538462,0.15789473684210525,9.789473684210526,7.615384615384615
2023,mack hollins,Mack Hollins,ATL,WR,12,30,18,251,0,0,9,375,55,9.698308007929825,0.6,8.366666666666667,13.944444444444445,0,12.5,3.0555555555555554
2023,malik cunningham,Malik Cunningham,NE,WR,1,0,0,0,0,0,0,0,0,NA,NA,NA,NA,NA,NA,NA
2023,malik heath,Malik Heath,GB,WR,12,24,15,125,1,0,6,210,35,4.743851487571687,0.625,5.208333333333333,8.333333333333334,0.041666666666666664,8.75,2.3333333333333335
2023,malik taylor,Malik Taylor,NYJ,WR,2,4,2,13,0,0,0,89,7,-2.06693132489454,0.5,3.25,6.5,0,22.25,3.5
2023,marquez valdes scantling,Marquez Valdes-Scantling,KC,WR,16,42,21,315,1,1,14,742,92,0.6663176012461647,0.5,7.5,15,0.023809523809523808,17.666666666666668,4.380952380952381
2023,marquise brown,Marquise Brown,ARI,WR,13,101,51,574,4,0,32,1186,164,-7.5753404949496375,0.504950495049505,5.683168316831683,11.254901960784315,0.039603960396039604,11.742574257425742,3.215686274509804
2023,marquise goodwin,Marquise Goodwin,CLE,WR,10,13,4,67,0,0,1,391,21,-8.266660540830372,0.3076923076923077,5.153846153846154,16.75,0,30.076923076923077,5.25
2023,marvin jones,Marvin Jones,DET,WR,4,10,5,35,0,1,2,80,9,-5.426966988511735,0.5,3.5,7,0,8,1.8
2023,mason kinsey,Mason Kinsey,TEN,WR,6,1,1,6,0,0,0,-2,8,-1.066386302234605,1,6,6,0,-2,8
2023,matthew slater,Matthew Slater,NE,WR,5,0,0,0,0,0,0,0,0,NA,NA,NA,NA,NA,NA,NA
2023,mecole hardman,Mecole Hardman,KC,WR,7,24,15,124,0,0,8,137,108,0.7286804677598284,0.625,5.166666666666667,8.266666666666667,0,5.708333333333333,7.2
2023,michael bandy,Michael Bandy,DEN,WR,1,0,0,0,0,0,0,0,0,NA,NA,NA,NA,NA,NA,NA
2023,michael gallup,Michael Gallup,DAL,WR,16,57,34,418,2,0,19,624,104,5.54470849578704,0.5964912280701754,7.333333333333333,12.294117647058824,0.03508771929824561,10.947368421052632,3.0588235294117645
2023,michael thomas,Michael Thomas,NO,WR,10,64,39,448,1,0,21,650,100,12.60810909650738,0.609375,7,11.487179487179487,0.015625,10.15625,2.5641025641025643
2023,michael wilson,Michael Wilson,ARI,WR,13,58,38,565,3,0,29,720,139,19.10879741826415,0.6551724137931034,9.741379310344827,14.868421052631579,0.05172413793103448,12.413793103448276,3.6578947368421053
2023,mike brown,Mike Brown,TEN,SAF,4,0,0,0,0,0,0,0,0,NA,NA,NA,NA,NA,NA,NA
2023,mike evans,Mike Evans,TB,WR,17,136,79,1255,13,0,54,1906,322,54.08850365635298,0.5808823529411765,9.227941176470589,15.886075949367088,0.09558823529411764,14.014705882352942,4.075949367088608
2023,mike strachan,Mike Strachan,CAR,WR,2,3,1,45,0,0,1,73,8,1.1621588364942,0.3333333333333333,15,45,0,24.333333333333332,8
2023,mike williams,Mike Williams,LAC,WR,3,26,19,249,1,0,9,307,108,12.852714901445927,0.7307692307692307,9.576923076923077,13.105263157894736,0.038461538461538464,11.807692307692308,5.684210526315789
2023,miles boykin,Miles Boykin,PIT,WR,8,4,3,17,0,0,0,19,2,-1.6712805205169134,0.75,4.25,5.666666666666667,0,4.75,0.6666666666666666
2023,milton williams,Milton Williams,PHI,DE,15,0,0,0,0,0,0,0,0,NA,NA,NA,NA,NA,NA,NA
2023,montrell washington,Montrell Washington,KC,WR,4,0,0,0,0,0,0,0,0,NA,NA,NA,NA,NA,NA,NA
2023,nelson agholor,Nelson Agholor,BAL,WR,16,45,35,381,4,1,19,418,141,17.871011294482273,0.7777777777777778,8.466666666666667,10.885714285714286,0.08888888888888889,9.28888888888889,4.0285714285714285
2023,nick williams,Nick Williams,LAC,DT,13,0,0,0,0,0,0,0,0,NA,NA,NA,NA,NA,NA,NA
2023,nico collins,Nico Collins,HOU,WR,15,109,80,1297,8,1,53,1186,549,72.15688174884806,0.7339449541284404,11.899082568807339,16.2125,0.07339449541284404,10.880733944954128,6.8625
2023,noah brown,Noah Brown,HOU,WR,10,55,33,567,2,0,24,658,223,20.87416976229356,0.6,10.309090909090909,17.181818181818183,0.03636363636363636,11.963636363636363,6.757575757575758
2023,odell beckham jr,Odell Beckham Jr.,BAL,WR,14,64,35,565,3,1,27,888,155,21.68043598897827,0.546875,8.828125,16.142857142857142,0.046875,13.875,4.428571428571429
2023,olamide zaccheaus,Olamide Zaccheaus,PHI,WR,11,20,10,164,2,0,7,207,52,11.092271303525195,0.5,8.2,16.4,0.1,10.35,5.2
2023,parker washington,Parker Washington,JAX,WR,8,21,16,132,2,1,5,155,34,-1.5196061322349124,0.7619047619047619,6.285714285714286,8.25,0.09523809523809523,7.380952380952381,2.125
2023,parris campbell,Parris Campbell,NYG,WR,10,27,20,104,0,0,2,91,65,-22.297170607696668,0.7407407407407407,3.8518518518518516,5.2,0,3.3703703703703702,3.25
2023,phillip dorsett,Phillip Dorsett,DEN,WR,2,3,0,0,0,0,0,78,0,-1.748801541980356,0,0,NA,0,26,NA
2023,puka nacua,Puka Nacua,LA,WR,17,160,105,1486,6,1,68,1453,639,67.80774026007683,0.65625,9.2875,14.152380952380952,0.0375,9.08125,6.085714285714285
2023,quentin johnston,Quentin Johnston,LAC,WR,17,67,38,431,2,0,20,861,152,7.059383286199804,0.5671641791044776,6.432835820895522,11.342105263157896,0.029850746268656716,12.850746268656716,4
2023,quez watkins,Quez Watkins,PHI,WR,5,21,15,142,1,0,8,245,46,-3.3150641940333117,0.7142857142857143,6.761904761904762,9.466666666666667,0.047619047619047616,11.666666666666666,3.066666666666667
2023,rakim jarrett,Rakim Jarrett,TB,WR,7,9,4,60,0,0,1,142,27,-1.1475128345191479,0.4444444444444444,6.666666666666667,15,0,15.777777777777779,6.75
2023,randall cobb,Randall Cobb,NYJ,WR,9,17,5,39,1,0,3,165,23,-14.41447042973763,0.29411764705882354,2.2941176470588234,7.8,0.058823529411764705,9.705882352941176,4.6
2023,rashee rice,Rashee Rice,KC,WR,16,102,79,938,7,2,44,491,654,39.4724151469952,0.7745098039215687,9.196078431372548,11.873417721518987,0.06862745098039216,4.813725490196078,8.278481012658228
2023,rashid shaheed,Rashid Shaheed,NO,WR,15,75,46,719,5,0,27,1094,151,12.090541416417992,0.6133333333333333,9.586666666666666,15.630434782608695,0.06666666666666667,14.586666666666666,3.282608695652174
2023,rashod bateman,Rashod Bateman,BAL,WR,15,56,32,367,1,0,20,811,59,3.5081551851469532,0.5714285714285714,6.553571428571429,11.46875,0.017857142857142856,14.482142857142858,1.84375
2023,ray ray mccloud,Ray-Ray McCloud,SF,WR,12,15,12,135,0,0,7,94,87,2.3845920271705836,0.8,9,11.25,0,6.266666666666667,7.25
2023,richie james,Richie James,KC,WR,9,14,10,114,0,0,5,129,61,4.2132022925361525,0.7142857142857143,8.142857142857142,11.4,0,9.214285714285714,6.1
2023,river cracraft,River Cracraft,MIA,WR,6,12,9,121,1,0,8,92,49,5.9576272064005025,0.75,10.083333333333334,13.444444444444445,0.08333333333333333,7.666666666666667,5.444444444444445
2023,robbie chosen,Robbie Chosen,MIA,WR,6,6,4,126,1,0,3,141,31,2.1532594937016256,0.6666666666666666,21,31.5,0.16666666666666666,23.5,7.75
2023,robert woods,Robert Woods,HOU,WR,14,75,40,426,1,0,26,732,126,2.1483266097997857,0.5333333333333333,5.68,10.65,0.013333333333333334,9.76,3.15
2023,romeo doubs,Romeo Doubs,GB,WR,17,96,59,674,8,1,41,1126,134,25.05756660561879,0.6145833333333334,7.020833333333333,11.423728813559322,0.08333333333333333,11.729166666666666,2.2711864406779663
2023,rondale moore,Rondale Moore,ARI,WR,17,62,40,352,1,1,17,322,216,-4.296013924347385,0.6451612903225806,5.67741935483871,8.8,0.016129032258064516,5.193548387096774,5.4
2023,ronnie bell,Ronnie Bell,SF,WR,13,13,6,68,3,0,5,160,10,6.735426280842981,0.46153846153846156,5.230769230769231,11.333333333333334,0.23076923076923078,12.307692307692308,1.6666666666666667
2023,samori toure,Samori Toure,GB,WR,8,18,8,78,0,0,4,316,18,-2.534043906098644,0.4444444444444444,4.333333333333333,9.75,0,17.555555555555557,2.25
2023,shedrick jackson,Shedrick Jackson,CIN,WR,2,1,0,0,0,0,0,30,0,-0.856143947923556,0,0,NA,0,30,NA
2023,simi fehoko,Simi Fehoko,LAC,WR,2,2,1,9,1,0,1,18,7,1.0416169919772074,0.5,4.5,9,0.5,9,7
2023,skyy moore,Skyy Moore,KC,WR,13,38,21,244,1,0,13,339,109,-9.6188584768043075,0.5526315789473685,6.421052631578948,11.619047619047619,0.02631578947368421,8.921052631578947,5.190476190476191
2023,stanley morgan,Stanley Morgan,CIN,WR,1,0,0,0,0,0,0,0,0,NA,NA,NA,NA,NA,NA,NA
2023,stefon diggs,Stefon Diggs,BUF,WR,17,160,107,1183,8,2,59,1658,399,39.284095169305964,0.66875,7.39375,11.05607476635514,0.05,10.3625,3.7289719626168223
2023,stephen sullivan,Stephen Sullivan,CAR,TE,10,24,12,125,0,0,5,255,8,-1.629873273887861,0.5,5.208333333333333,10.416666666666666,0,10.625,0.6666666666666666
2023,sterling shepard,Sterling Shepard,NYG,WR,10,22,10,57,1,0,4,160,33,-11.138027666812537,0.45454545454545453,2.590909090909091,5.7,0.045454545454545456,7.2727272727272725,3.3
2023,tank dell,Tank Dell,HOU,WR,10,75,47,709,7,0,34,1070,152,30.07528327010287,0.6266666666666667,9.453333333333333,15.085106382978724,0.09333333333333334,14.266666666666667,3.234042553191489
2023,tee higgins,Tee Higgins,CIN,WR,12,76,42,656,5,0,33,973,235,26.474022851910785,0.5526315789473685,8.631578947368421,15.619047619047619,0.06578947368421052,12.802631578947368,5.595238095238095
2023,terry mclaurin,Terry McLaurin,WAS,WR,17,132,79,1002,4,0,47,1514,350,9.272234423388017,0.5984848484848485,7.590909090909091,12.683544303797468,0.030303030303030304,11.469696969696969,4.430379746835443
2023,tim jones,Tim Jones,JAX,WR,10,18,11,83,0,0,4,152,31,-1.0348130930853312,0.6111111111111112,4.611111111111111,7.545454545454546,0,8.444444444444445,2.8181818181818183
2023,tony brown,Tony Brown,IND,DB,4,0,0,0,0,0,0,0,0,NA,NA,NA,NA,NA,NA,NA
2023,tony jones,Tony Jones,ARI,RB,6,10,7,37,0,0,1,-18,44,-4.623583573488871,0.7,3.7,5.285714285714286,0,-1.8,6.285714285714286
2023,tre tucker,Tre Tucker,LV,WR,13,34,19,331,2,0,12,624,28,6.242420197464526,0.5588235294117647,9.735294117647058,17.42105263157895,0.058823529411764705,18.352941176470587,1.4736842105263157
2023,trent sherfield,Trent Sherfield,BUF,WR,11,22,11,86,1,0,4,190,49,-2.21938811756037,0.5,3.909090909090909,7.818181818181818,0.045454545454545456,8.636363636363637,4.454545454545454
2023,trent taylor,Trent Taylor,CHI,WR,15,2,0,0,0,0,0,0,0,-1.2993067152565345,0,0,NA,0,0,NA
2023,trenton irwin,Trenton Irwin,CIN,WR,12,32,25,316,1,1,16,337,110,19.366652398907792,0.78125,9.875,12.64,0.03125,10.53125,4.4
2023,trey palmer,Trey Palmer,TB,WR,17,68,39,385,3,3,17,736,103,-9.260565892752012,0.5735294117647058,5.661764705882353,9.871794871794872,0.04411764705882353,10.823529411764707,2.641025641025641
2023,treylon burks,Treylon Burks,TEN,WR,9,30,16,221,0,0,8,547,71,-0.7511070060006744,0.5333333333333333,7.366666666666666,13.8125,0,18.233333333333334,4.4375
2023,trishton jackson,Trishton Jackson,MIN,WR,2,4,2,9,0,0,0,16,7,-1.6050638459699047,0.5,2.25,4.5,0,4,3.5
2023,tutu atwell,Tutu Atwell,LA,WR,14,67,39,483,3,0,26,767,104,9.334208720669695,0.582089552238806,7.208955223880597,12.384615384615385,0.04477611940298507,11.447761194029852,2.6666666666666665
2023,ty montgomery,Ty Montgomery,NE,WR,11,12,5,40,0,0,3,90,27,-8.515426965081133,0.4166666666666667,3.3333333333333335,8,0,7.5,5.4
2023,tylan wallace,Tylan Wallace,BAL,WR,6,2,1,11,0,0,1,23,0,-0.7508965742890723,0.5,5.5,11,0,11.5,0
2023,tyler boyd,Tyler Boyd,CIN,WR,17,98,67,667,2,0,28,629,279,5.828839830407998,0.6836734693877551,6.8061224489795915,9.955223880597014,0.02040816326530612,6.418367346938775,4.164179104477612
2023,tyler johnson,Tyler Johnson,LA,WR,1,3,2,8,1,0,1,16,1,1.852269433264155,0.6666666666666666,2.6666666666666665,4,0.3333333333333333,5.333333333333333,0.5
2023,tyler lockett,Tyler Lockett,SEA,WR,17,122,79,894,5,0,47,1322,210,41.28231917026342,0.6475409836065574,7.327868852459017,11.316455696202532,0.040983606557377046,10.836065573770492,2.6582278481012658
2023,tyler scott,Tyler Scott,CHI,WR,13,32,17,168,0,1,10,370,70,-11.053834886963601,0.53125,5.25,9.882352941176471,0,11.5625,4.117647058823529
2023,tyquan thornton,Tyquan Thornton,NE,WR,9,23,13,91,0,0,3,230,50,-13.239605868468061,0.5652173913043478,3.9565217391304346,7,0,10,3.8461538461538463
2023,tyreek hill,Tyreek Hill,MIA,WR,16,171,119,1799,13,1,83,1847,652,91.74883128512815,0.695906432748538,10.52046783625731,15.117647058823529,0.07602339181286549,10.801169590643275,5.4789915966386555
2023,van jefferson,Van Jefferson,ATL,WR,14,43,20,209,0,0,10,686,25,-17.639562277257596,0.46511627906976744,4.8604651162790695,10.45,0,15.953488372093023,1.25
2023,wan dale robinson,Wan'Dale Robinson,NYG,WR,15,78,60,525,1,0,29,410,287,21.910620719088797,0.7692307692307693,6.730769230769231,8.75,0.01282051282051282,5.256410256410256,4.783333333333333
2023,willie snead,Willie Snead,SF,WR,2,3,2,14,0,0,0,18,3,-0.5363106988370419,0.6666666666666666,4.666666666666667,7,0,6,1.5
2023,xavier gipson,Xavier Gipson,NYJ,WR,17,38,21,229,0,0,9,358,109,-0.6364557228929271,0.5526315789473685,6.026315789473684,10.904761904761905,0,9.421052631578947,5.190476190476191
2023,xavier hutchinson,Xavier Hutchinson,HOU,WR,12,19,8,90,0,0,3,216,20,-6.574253347999138,0.42105263157894735,4.7368421052631575,11.25,0,11.368421052631579,2.5
2023,zach pascal,Zach Pascal,ARI,WR,10,15,4,19,0,0,1,160,12,-17.391983720619464,0.26666666666666666,1.2666666666666666,4.75,0,10.666666666666666,3
2023,zay flowers,Zay Flowers,BAL,WR,16,108,77,858,5,0,41,921,387,28.935609554954237,0.7129629629629629,7.944444444444445,11.142857142857142,0.046296296296296294,8.527777777777779,5.025974025974026
2023,zay jones,Zay Jones,JAX,WR,9,64,34,321,2,0,14,871,51,-4.416608735239675,0.53125,5.015625,9.441176470588236,0.03125,13.609375,1.5
2024,a j brown,A.J. Brown,PHI,WR,13,97,67,1079,7,0,51,1168,353,61.81116601604732,0.6907216494845361,11.123711340206185,16.104477611940297,0.07216494845360824,12.041237113402062,5.268656716417911
2024,adam thielen,Adam Thielen,CAR,WR,10,62,48,615,5,0,28,692,152,40.429083193776734,0.7741935483870968,9.919354838709678,12.8125,0.08064516129032258,11.161290322580646,3.1666666666666665
2024,adonai mitchell,Adonai Mitchell,IND,WR,17,55,23,312,0,1,16,775,101,-4.951546875899231,0.41818181818181815,5.672727272727273,13.565217391304348,0,14.090909090909092,4.391304347826087
2024,ainias smith,Ainias Smith,PHI,WR,3,9,7,41,1,0,1,38,23,-0.6391997685423121,0.7777777777777778,4.555555555555555,5.857142857142857,0.1111111111111111,4.222222222222222,3.2857142857142856
2024,alec pierce,Alec Pierce,IND,WR,16,69,37,824,7,0,32,1500,118,40.30308590596193,0.5362318840579711,11.942028985507246,22.27027027027027,0.10144927536231885,21.73913043478261,3.189189189189189
2024,alex bachman,Alex Bachman,LV,WR,5,3,3,31,0,0,2,21,10,0.07557450111210351,1,10.333333333333334,10.333333333333334,0,7,3.3333333333333335
2024,alex erickson,Alex Erickson,NE,WR,3,0,0,0,0,0,0,0,0,NA,NA,NA,NA,NA,NA,NA
2024,allen lazard,Allen Lazard,NYJ,WR,12,61,37,530,6,0,29,686,155,29.926232110356914,0.6065573770491803,8.688524590163935,14.324324324324325,0.09836065573770492,11.245901639344263,4.1891891891891895
2024,allen robinson,Allen Robinson,DET,WR,6,7,3,30,0,0,3,51,4,1.3374940109000493,0.42857142857142855,4.285714285714286,10,0,7.285714285714286,1.3333333333333333
2024,amari cooper,Amari Cooper,BUF,WR,13,85,44,547,4,0,25,1161,111,6.906823084573158,0.5176470588235295,6.435294117647059,12.431818181818182,0.047058823529411764,13.658823529411764,2.522727272727273
2024,amon ra st brown,Amon-Ra St. Brown,DET,WR,17,141,115,1263,12,1,75,1081,412,96.38150294092755,0.8156028368794326,8.957446808510639,10.982608695652173,0.0851063829787234,7.666666666666667,3.582608695652174
2024,andrei iosivas,Andrei Iosivas,CIN,WR,17,61,36,479,6,0,26,692,67,23.963512064683744,0.5901639344262295,7.852459016393443,13.305555555555555,0.09836065573770492,11.344262295081966,1.8611111111111112
2024,anthony gould,Anthony Gould,IND,WR,8,1,1,23,0,0,1,18,5,1.8886133068008348,1,23,23,0,18,5
2024,anthony miller,Anthony Miller,BAL,WR,1,1,1,16,0,0,1,15,1,2.180934162577614,1,16,16,0,15,1
2024,ashton dulin,Ashton Dulin,IND,WR,13,8,2,67,1,0,2,154,43,-6.190151987073477,0.25,8.375,33.5,0.125,19.25,21.5
2024,austin trammell,Austin Trammell,JAX,WR,1,3,2,40,0,0,2,44,9,2.7444012030318845,0.6666666666666666,13.333333333333334,20,0,14.666666666666666,4.5
2024,ben skowronek,Ben Skowronek,PIT,WR,9,5,5,69,0,0,4,40,29,6.3531590475467965,1,13.8,13.8,0,8,5.8
2024,bo melton,Bo Melton,GB,CB,13,17,8,91,0,0,5,303,7,-1.1558007349667605,0.47058823529411764,5.352941176470588,11.375,0,17.823529411764707,0.875
2024,brandin cooks,Brandin Cooks,DAL,WR,10,54,26,259,3,0,19,634,55,-11.122766286566897,0.48148148148148145,4.796296296296297,9.961538461538462,0.05555555555555555,11.74074074074074,2.1153846153846154
2024,brandon aiyuk,Brandon Aiyuk,SF,WR,7,47,25,374,0,0,19,556,107,12.814397382476514,0.5319148936170213,7.957446808510638,14.96,0,11.829787234042554,4.28
2024,brandon coleman,Brandon Coleman,WAS,OT,3,0,0,0,0,0,0,0,0,NA,NA,NA,NA,NA,NA,NA
2024,brandon johnson,Brandon Johnson,PIT,WR,1,1,1,9,0,0,0,5,4,0.7032771672820672,1,9,9,0,5,4
2024,brandon jones,Brandon Jones,DEN,SAF,16,0,0,0,0,0,0,0,0,NA,NA,NA,NA,NA,NA,NA
2024,brandon powell,Brandon Powell,MIN,WR,16,10,7,71,0,0,5,102,12,5.094511381350458,0.7,7.1,10.142857142857142,0,10.2,1.7142857142857142
2024,braxton berrios,Braxton Berrios,MIA,WR,6,4,0,0,0,0,0,26,0,-9.013496233848855,0,0,NA,0,6.5,NA
2024,brian thomas jr,Brian Thomas Jr.,JAX,WR,17,133,87,1282,10,0,53,1542,562,54.242993103261064,0.6541353383458647,9.639097744360901,14.735632183908047,0.07518796992481203,11.593984962406015,6.459770114942529
2024,britain covey,Britain Covey,PHI,WR,5,8,7,34,0,0,2,9,28,-0.0438859926071018,0.875,4.25,4.857142857142857,0,1.125,4
2024,bryce ford wheaton,Bryce Ford-Wheaton,NYG,WR,5,0,0,0,0,0,0,0,0,NA,NA,NA,NA,NA,NA,NA
2024,bryce oliver,Bryce Oliver,TEN,WR,8,9,6,95,0,0,4,95,26,4.337509178032633,0.6666666666666666,10.555555555555555,15.833333333333334,0,10.555555555555555,4.333333333333333
2024,bub means,Bub Means,NO,WR,4,15,9,118,1,0,7,170,20,3.358492489263881,0.6,7.866666666666666,13.11111111111111,0.06666666666666667,11.333333333333334,2.2222222222222223
2024,calvin ridley,Calvin Ridley,TEN,WR,17,120,64,1017,4,0,40,1883,231,28.17815911828616,0.5333333333333333,8.475,15.890625,0.03333333333333333,15.691666666666666,3.609375
2024,casey washington,Casey Washington,ATL,WR,2,2,1,14,0,0,1,36,11,0.9507967630634084,0.5,7,14,0,18,11
2024,cedric tillman,Cedric Tillman,CLE,WR,9,49,29,339,3,1,15,552,104,-1.2665879018350807,0.5918367346938775,6.918367346938775,11.689655172413794,0.061224489795918366,11.26530612244898,3.586206896551724
2024,ceedee lamb,CeeDee Lamb,DAL,WR,15,152,101,1194,6,1,54,1190,537,19.784045063838462,0.6644736842105263,7.855263157894737,11.821782178217822,0.039473684210526314,7.828947368421052,5.316831683168317
2024,charlie jones,Charlie Jones,CIN,WR,7,1,1,5,0,0,0,5,0,0.16390190861420706,1,5,5,0,5,0
2024,chris blair,Chris Blair,ATL,WR,2,2,1,17,0,0,1,37,0,-3.7777424185769632,0.5,8.5,17,0,18.5,0
2024,chris conley,Chris Conley,SF,WR,9,12,6,76,0,0,3,207,19,-1.8939166229683906,0.5,6.333333333333333,12.666666666666666,0,17.25,3.1666666666666665
2024,chris olave,Chris Olave,NO,WR,8,44,32,400,1,1,22,455,121,1.4877366393345328,0.7272727272727273,9.090909090909092,12.5,0.022727272727272728,10.340909090909092,3.78125
2024,chris williams,Chris Williams,CHI,DL,16,0,0,0,0,0,0,0,0,NA,NA,NA,NA,NA,NA,NA
2024,christian kirk,Christian Kirk,JAX,WR,8,47,27,379,1,0,18,644,113,8.420426437177847,0.574468085106383,8.063829787234043,14.037037037037036,0.02127659574468085,13.702127659574469,4.185185185185185
2024,christian watson,Christian Watson,GB,WR,14,53,29,620,2,1,21,944,149,19.813962031477995,0.5471698113207547,11.69811320754717,21.379310344827587,0.03773584905660377,17.81132075471698,5.137931034482759
2024,cody thompson,Cody Thompson,TB,WR,1,0,0,0,0,0,0,0,0,NA,NA,NA,NA,NA,NA,NA
2024,cody white,Cody White,SEA,WR,2,3,2,44,0,0,2,40,13,2.547461475885939,0.6666666666666666,14.666666666666666,22,0,13.333333333333334,6.5
2024,collin johnson,Collin Johnson,CHI,WR,6,2,1,6,0,0,1,16,3,-0.3189183409558609,0.5,3,6,0,8,3
2024,cooper kupp,Cooper Kupp,LA,WR,12,100,67,710,6,1,29,758,269,3.8681466335284114,0.67,7.1,10.597014925373134,0.06,7.58,4.014925373134329
2024,courtland sutton,Courtland Sutton,DEN,WR,16,135,81,1081,8,1,57,1787,179,37.14292305415117,0.6,8.007407407407408,13.345679012345679,0.05925925925925926,13.237037037037037,2.2098765432098766
2024,curtis samuel,Curtis Samuel,BUF,WR,14,46,31,253,1,0,9,212,160,-10.305069814420941,0.6739130434782609,5.5,8.161290322580646,0.021739130434782608,4.608695652173913,5.161290322580645
2024,dan chisena,Dan Chisena,CAR,WR,4,4,3,37,0,0,2,30,9,2.039961123140529,0.75,9.25,12.333333333333334,0,7.5,3
2024,dante pettis,Dante Pettis,NO,WR,8,28,12,120,1,0,8,282,36,-1.7816817793437045,0.42857142857142855,4.285714285714286,10,0.03571428571428571,10.071428571428571,3
2024,dareke young,Dareke Young,SEA,WR,7,1,0,0,0,0,0,9,0,-1.76345443446689,0,0,NA,0,9,NA
2024,darius slayton,Darius Slayton,NYG,WR,16,71,39,573,2,0,30,928,124,14.51692875208025,0.5492957746478874,8.070422535211268,14.692307692307692,0.028169014084507043,13.070422535211268,3.1794871794871793
2024,darnell mooney,Darnell Mooney,ATL,WR,16,106,64,992,5,0,48,1294,275,43.90698854503186,0.6037735849056604,9.358490566037736,15.5,0.04716981132075472,12.20754716981132,4.296875
2024,davante adams,Davante Adams,NYJ,WR,14,141,85,1063,8,0,49,1172,473,20.73202473900241,0.6028368794326241,7.539007092198582,12.505882352941176,0.05673758865248227,8.312056737588652,5.564705882352941
2024,david bell,David Bell,CLE,WR,1,3,3,27,0,0,1,19,8,3.214173211832531,1,9,9,0,6.333333333333333,2.6666666666666665
2024,david moore,David Moore,CAR,WR,15,57,32,351,3,0,18,631,60,8.29301634245876,0.5614035087719298,6.157894736842105,10.96875,0.05263157894736842,11.070175438596491,1.875
2024,deandre carter,DeAndre Carter,CHI,WR,13,14,9,72,0,0,3,155,32,-4.037748288712464,0.6428571428571429,5.142857142857143,8,0,11.071428571428571,3.5555555555555554
2024,deandre hopkins,DeAndre Hopkins,KC,WR,16,80,56,610,5,0,35,896,109,19.209225964236232,0.7,7.625,10.892857142857142,0.0625,11.2,1.9464285714285714
2024,dee williams,Dee Williams,NYG,CB,13,0,0,0,0,0,0,0,0,NA,NA,NA,NA,NA,NA,NA
2024,demarcus robinson,Demarcus Robinson,LA,WR,17,64,31,505,7,0,27,983,71,8.234387025030207,0.484375,7.890625,16.29032258064516,0.109375,15.359375,2.2903225806451615
2024,demario douglas,DeMario Douglas,NE,WR,16,87,66,621,3,1,31,531,359,20.82534351814231,0.7586206896551724,7.137931034482759,9.409090909090908,0.034482758620689655,6.103448275862069,5.4393939393939394
2024,deonte harty,Deonte Harty,BAL,WR,5,0,0,0,0,0,0,0,0,NA,NA,NA,NA,NA,NA,NA
2024,derius davis,Derius Davis,LAC,WR,15,17,13,112,2,0,5,65,119,5.425932061683852,0.7647058823529411,6.588235294117647,8.615384615384615,0.11764705882352941,3.823529411764706,9.153846153846153
2024,devaughn vele,Devaughn Vele,DEN,WR,13,55,41,475,3,0,26,461,127,35.08660535645322,0.7454545454545455,8.636363636363637,11.585365853658537,0.05454545454545454,8.381818181818181,3.097560975609756
2024,deven thompkins,Deven Thompkins,CAR,WR,5,4,4,20,0,0,2,-8,28,-0.12848315184237435,1,5,5,0,-2,7
2024,devin duvernay,Devin Duvernay,JAX,WR,13,16,11,79,0,0,7,183,63,3.422312750655692,0.6875,4.9375,7.181818181818182,0,11.4375,5.7272727272727275
2024,devonta smith,DeVonta Smith,PHI,WR,13,89,68,833,8,0,42,809,299,56.79894755193605,0.7640449438202247,9.359550561797754,12.25,0.0898876404494382,9.089887640449438,4.397058823529412
2024,devontez walker,Devontez Walker,BAL,WR,3,3,1,21,1,0,1,84,0,1.2227359302341938,0.3333333333333333,7,21,0.3333333333333333,28,0
2024,diontae johnson,Diontae Johnson,HOU,WR,11,67,33,375,3,0,21,731,91,-17.98220351655812,0.4925373134328358,5.597014925373134,11.363636363636363,0.04477611940298507,10.91044776119403,2.757575757575758
2024,dj chark,DJ Chark,LAC,WR,4,10,4,31,1,0,1,115,7,-4.062413258827291,0.4,3.1,7.75,0.1,11.5,1.75
2024,dontayvion wicks,Dontayvion Wicks,GB,WR,17,76,39,415,5,0,25,880,139,-7.7587960267081595,0.5131578947368421,5.4605263157894735,10.64102564102564,0.06578947368421052,11.578947368421053,3.5641025641025643
2024,drake london,Drake London,ATL,WR,17,158,100,1271,9,0,67,1723,327,36.73072831476383,0.6329113924050633,8.044303797468354,12.71,0.056962025316455694,10.905063291139241,3.27
2024,dyami brown,Dyami Brown,WAS,WR,15,40,30,308,1,1,13,293,218,1.8323590611617766,0.75,7.7,10.266666666666667,0.025,7.325,7.266666666666667
2024,elijah higgins,Elijah Higgins,ARI,TE,15,24,20,172,2,0,10,108,90,9.530997933354229,0.8333333333333334,7.166666666666667,8.6,0.08333333333333333,4.5,4.5
2024,elijah moore,Elijah Moore,CLE,WR,17,102,61,538,1,0,25,950,133,-36.91097573652386,0.5980392156862745,5.2745098039215685,8.819672131147541,0.00980392156862745,9.313725490196079,2.180327868852459
2024,erik ezukanma,Erik Ezukanma,MIA,WR,1,2,0,0,0,0,0,59,0,-2.4191449070349336,0,0,NA,0,29.5,NA
2024,garrett wilson,Garrett Wilson,NYJ,WR,17,153,101,1104,7,2,60,1378,442,22.76757248401531,0.6601307189542484,7.215686274509804,10.930693069306932,0.0457516339869281,9.006535947712418,4.376237623762377
2024,george pickens,George Pickens,PIT,WR,14,103,59,900,3,1,37,1411,215,27.91763200609961,0.5728155339805825,8.737864077669903,15.254237288135593,0.02912621359223301,13.699029126213592,3.6440677966101696
2024,grant dubose,Grant DuBose,MIA,WR,2,4,2,11,0,0,1,47,3,-4.104269569506869,0.5,2.75,5.5,0,11.75,1.5
2024,greg dortch,Greg Dortch,ARI,WR,17,50,37,342,3,1,16,207,294,7.380935106859431,0.74,6.84,9.243243243243244,0.06,4.14,7.945945945945946
2024,ihmir smith marsette,Ihmir Smith-Marsette,NYG,WR,15,0,0,0,0,0,0,0,0,NA,NA,NA,NA,NA,NA,NA
2024,irvin charles,Irvin Charles,NYJ,WR,8,1,0,0,0,0,0,3,0,-0.4098327741958201,0,0,NA,0,3,NA
2024,isaiah hodgins,Isaiah Hodgins,NYG,WR,2,2,2,12,0,0,0,11,1,0.5176436412148178,1,6,6,0,5.5,0.5
2024,isaiah williams,Isaiah Williams,CIN,WR,8,3,2,6,0,0,0,15,7,-2.3470915579237044,0.6666666666666666,2,3,0,5,3.5
2024,ja lynn polk,Ja'Lynn Polk,NE,WR,14,33,12,87,2,0,4,395,13,-20.74777425544374,0.36363636363636365,2.6363636363636362,7.25,0.06060606060606061,11.969696969696969,1.0833333333333333
2024,ja marr chase,Ja'Marr Chase,CIN,WR,17,175,127,1708,17,0,75,1526,787,77.01044129782667,0.7257142857142858,9.76,13.448818897637794,0.09714285714285714,8.72,6.196850393700787
2024,jacob cowing,Jacob Cowing,SF,WR,15,6,4,80,0,0,3,86,26,4.25527123385109,0.6666666666666666,13.333333333333334,20,0,14.333333333333334,6.5
2024,jaelon darden,Jaelon Darden,SEA,WR,11,1,1,6,0,0,1,-3,9,0.7367906065192074,1,6,6,0,-3,9
2024,jahan dotson,Jahan Dotson,PHI,WR,14,33,19,216,0,0,12,327,72,-1.1443664636740785,0.5757575757575758,6.545454545454546,11.368421052631579,0,9.909090909090908,3.789473684210526
2024,jake bobo,Jake Bobo,SEA,WR,12,17,13,107,1,0,8,138,27,3.863579474491533,0.7647058823529411,6.294117647058823,8.23076923076923,0.058823529411764705,8.117647058823529,2.076923076923077
2024,jakobi meyers,Jakobi Meyers,LV,WR,15,129,87,1027,4,0,52,1281,293,32.401305825246496,0.6744186046511628,7.961240310077519,11.804597701149426,0.031007751937984496,9.930232558139535,3.367816091954023
2024,jalen brooks,Jalen Brooks,DAL,WR,12,30,12,177,1,0,8,409,37,-17.67517785263065,0.4,5.9,14.75,0.03333333333333333,13.633333333333333,3.0833333333333335
2024,jalen coker,Jalen Coker,CAR,WR,11,46,32,478,2,0,23,516,171,29.074603088482547,0.6956521739130435,10.391304347826088,14.9375,0.043478260869565216,11.217391304347826,5.34375
2024,jalen mcmillan,Jalen McMillan,TB,WR,13,58,37,461,8,0,23,704,133,10.131911177256264,0.6379310344827587,7.948275862068965,12.45945945945946,0.13793103448275862,12.137931034482758,3.5945945945945947
2024,jalen nailor,Jalen Nailor,MIN,WR,15,42,28,414,6,0,22,487,106,24.563125994595126,0.6666666666666666,9.857142857142858,14.785714285714286,0.14285714285714285,11.595238095238095,3.7857142857142856
2024,jalen reagor,Jalen Reagor,LAC,WR,7,12,7,100,0,1,3,123,26,-7.275862330124428,0.5833333333333334,8.333333333333334,14.285714285714286,0,10.25,3.7142857142857144
2024,jalen tolbert,Jalen Tolbert,DAL,WR,17,79,49,610,7,0,29,906,166,25.219016282343407,0.620253164556962,7.7215189873417724,12.448979591836734,0.08860759493670886,11.468354430379748,3.3877551020408165
2024,jalen virgil,Jalen Virgil,BUF,WR,3,0,0,0,0,0,0,0,0,NA,NA,NA,NA,NA,NA,NA
2024,jalin hyatt,Jalin Hyatt,NYG,WR,10,19,8,62,0,0,3,363,6,-6.58760229247855,0.42105263157894735,3.263157894736842,7.75,0,19.105263157894736,0.75
2024,jamari thrash,Jamari Thrash,CLE,WR,6,7,3,22,0,0,2,51,14,-2.1402778712799773,0.42857142857142855,3.142857142857143,7.333333333333333,0,7.285714285714286,4.666666666666667
2024,james proche,James Proche,CLE,WR,9,3,3,21,0,0,1,17,4,0.9430871069780551,1,7,7,0,5.666666666666667,1.3333333333333333
2024,jameson williams,Jameson Williams,DET,WR,15,91,58,1001,7,0,40,1037,497,37.617236418510416,0.6373626373626373,11,17.25862068965517,0.07692307692307693,11.395604395604396,8.568965517241379
2024,jamison crowder,Jamison Crowder,WAS,WR,5,13,9,72,2,0,4,108,11,2.0736022491999746,0.6923076923076923,5.538461538461538,8,0.15384615384615385,8.307692307692308,1.2222222222222223
2024,jauan jennings,Jauan Jennings,SF,WR,15,113,77,975,6,1,48,1119,238,43.23980611464997,0.6814159292035398,8.628318584070797,12.662337662337663,0.05309734513274336,9.902654867256636,3.090909090909091
2024,javon baker,Javon Baker,NE,WR,6,4,1,12,0,0,1,50,0,-0.8412758953636512,0.25,3,12,0,12.5,0
2024,jaxon smith njigba,Jaxon Smith-Njigba,SEA,WR,17,137,100,1130,6,1,57,1186,477,48.44434049367878,0.7299270072992701,8.248175182481752,11.3,0.043795620437956206,8.656934306569344,4.77
2024,jayden reed,Jayden Reed,GB,WR,17,75,55,857,6,0,29,680,380,41.130441204358625,0.7333333333333333,11.426666666666666,15.581818181818182,0.08,9.066666666666666,6.909090909090909
2024,jaylen waddle,Jaylen Waddle,MIA,WR,15,83,58,744,2,0,38,827,236,40.15584197024369,0.6987951807228916,8.963855421686747,12.827586206896552,0.024096385542168676,9.963855421686747,4.068965517241379
2024,jermaine burton,Jermaine Burton,CIN,WR,8,14,4,107,0,0,4,296,22,-4.540557391491651,0.2857142857142857,7.642857142857143,26.75,0,21.142857142857142,5.5
2024,jermaine jackson,Jermaine Jackson,NO,WR,4,0,0,0,0,0,0,0,0,NA,NA,NA,NA,NA,NA,NA
2024,jerry jeudy,Jerry Jeudy,CLE,WR,17,145,90,1229,4,0,57,1611,387,38.79855886689231,0.6206896551724138,8.475862068965517,13.655555555555555,0.027586206896551724,11.110344827586207,4.3
2024,jha quan jackson,Jha'Quan Jackson,TEN,WR,12,3,1,8,0,0,1,78,2,-1.8484907689853571,0.3333333333333333,2.6666666666666665,8,0,26,2
2024,john ross,John Ross,PHI,WR,1,2,1,6,0,0,1,47,2,0.0889839306473732,0.5,3,6,0,23.5,2
2024,johnny wilson,Johnny Wilson,PHI,WR,10,15,5,38,1,0,3,147,15,-1.154108721046577,0.3333333333333333,2.533333333333333,7.6,0.06666666666666667,9.8,3
2024,jonathan mingo,Jonathan Mingo,DAL,WR,14,42,17,167,0,0,6,462,67,-13.365285038730876,0.40476190476190477,3.9761904761904763,9.823529411764707,0,11,3.9411764705882355
2024,jordan addison,Jordan Addison,MIN,WR,15,99,63,875,9,0,39,1284,213,35.261808667586095,0.6363636363636364,8.83838383838384,13.88888888888889,0.09090909090909091,12.969696969696969,3.380952380952381
2024,jordan matthews,Jordan Matthews,CAR,TE,2,1,0,0,0,0,0,16,0,-0.5819352744147182,0,0,NA,0,16,NA
2024,jordan whittington,Jordan Whittington,LA,WR,14,28,22,293,0,0,14,151,203,16.51188130240189,0.7857142857142857,10.464285714285714,13.318181818181818,0,5.392857142857143,9.227272727272727
2024,josh downs,Josh Downs,IND,WR,14,107,72,803,5,0,40,734,396,25.597263740516762,0.6728971962616822,7.5046728971962615,11.152777777777779,0.04672897196261682,6.859813084112149,5.5
2024,josh johnson,Josh Johnson,BAL,QB,4,0,0,0,0,0,0,0,0,NA,NA,NA,NA,NA,NA,NA
2024,josh palmer,Josh Palmer,LAC,WR,15,65,39,584,1,0,28,991,101,27.32570903005195,0.6,8.984615384615385,14.974358974358974,0.015384615384615385,15.246153846153845,2.58974358974359
2024,josh reynolds,Josh Reynolds,JAX,WR,8,24,13,194,1,0,8,270,35,8.287608537243461,0.5416666666666666,8.083333333333334,14.923076923076923,0.041666666666666664,11.25,2.6923076923076925
2024,juju smith schuster,JuJu Smith-Schuster,KC,WR,11,26,18,231,2,0,11,143,155,1.2846852903427872,0.6923076923076923,8.884615384615385,12.833333333333334,0.07692307692307693,5.5,8.61111111111111
2024,justin jefferson,Justin Jefferson,MIN,WR,17,154,103,1533,10,1,63,1682,487,64.19311160311119,0.6688311688311688,9.954545454545455,14.883495145631068,0.06493506493506493,10.922077922077921,4.728155339805825
2024,justin watson,Justin Watson,KC,WR,15,32,22,289,2,0,13,486,68,19.086959395985367,0.6875,9.03125,13.136363636363637,0.0625,15.1875,3.090909090909091
2024,justyn ross,Justyn Ross,KC,WR,1,1,0,0,0,0,0,10,0,-1.2165282016349956,0,0,NA,0,10,NA
2024,k j osborn,K.J. Osborn,WAS,WR,7,18,7,57,1,0,2,107,16,-7.306763498627287,0.3888888888888889,3.1666666666666665,8.142857142857142,0.05555555555555555,5.944444444444445,2.2857142857142856
2024,kadarius toney,Kadarius Toney,CLE,WR,3,1,0,0,0,0,0,-5,0,-0.5141766218002886,0,0,NA,0,-5,NA
2024,kaden davis,Kaden Davis,CLE,WR,1,0,0,0,0,0,0,0,0,NA,NA,NA,NA,NA,NA,NA
2024,kalif raymond,Kalif Raymond,DET,WR,12,22,17,215,2,0,10,176,137,13.291553911174425,0.7727272727272727,9.772727272727273,12.647058823529411,0.09090909090909091,8,8.058823529411764
2024,kameron johnson,Kameron Johnson,TB,WR,4,1,0,0,0,0,0,3,0,-1.6478445230446175,0,0,NA,0,3,NA
2024,kavontae turpin,KaVontae Turpin,DAL,WR,17,52,31,420,2,1,18,439,260,9.198658747604764,0.5961538461538461,8.076923076923077,13.548387096774194,0.038461538461538464,8.442307692307692,8.387096774193548
2024,kayshon boutte,Kayshon Boutte,NE,WR,15,68,43,589,3,0,25,1011,150,20.736525434125156,0.6323529411764706,8.661764705882353,13.69767441860465,0.04411764705882353,14.867647058823529,3.488372093023256
2024,keenan allen,Keenan Allen,CHI,WR,15,121,70,744,7,1,43,1115,240,21.270839895550488,0.5785123966942148,6.148760330578512,10.628571428571428,0.05785123966942149,9.214876033057852,3.4285714285714284
2024,kendric pryor,Kendric Pryor,CIN,WR,1,1,1,9,0,0,0,9,0,0.6801677733892575,1,9,9,0,9,0
2024,kendrick bourne,Kendrick Bourne,NE,WR,12,38,28,305,1,0,13,353,94,8.128402362737233,0.7368421052631579,8.026315789473685,10.892857142857142,0.02631578947368421,9.289473684210526,3.357142857142857
2024,keon coleman,Keon Coleman,BUF,WR,13,57,29,556,4,0,22,864,215,25.26914595579427,0.5087719298245614,9.75438596491228,19.17241379310345,0.07017543859649122,15.157894736842104,7.413793103448276
2024,khadarel hodge,KhaDarel Hodge,ATL,WR,10,12,7,131,1,0,6,126,89,8.256850501289591,0.5833333333333334,10.916666666666666,18.714285714285715,0.08333333333333333,10.5,12.714285714285714
2024,khalil shakir,Khalil Shakir,BUF,WR,15,100,76,821,4,1,35,548,597,44.17583134297296,0.76,8.21,10.802631578947368,0.04,5.48,7.855263157894737
2024,kristian wilkerson,Kristian Wilkerson,LV,WR,1,3,2,18,1,0,2,16,11,2.8614929061732255,0.6666666666666666,6,9,0.3333333333333333,5.333333333333333,5.5
2024,ladd mcconkey,Ladd McConkey,LAC,WR,16,112,82,1149,7,2,53,1114,390,65.70744334692658,0.7321428571428571,10.258928571428571,14.012195121951219,0.0625,9.946428571428571,4.7560975609756095
2024,lil jordan humphrey,Lil'Jordan Humphrey,DEN,WR,14,45,31,293,1,2,12,293,192,-8.642496813287035,0.6888888888888889,6.511111111111111,9.451612903225806,0.022222222222222223,6.511111111111111,6.193548387096774
2024,luke mccaffrey,Luke McCaffrey,WAS,WR,13,24,18,168,0,0,8,170,97,3.363106011154052,0.75,7,9.333333333333334,0,7.083333333333333,5.388888888888889
2024,mack hollins,Mack Hollins,BUF,WR,17,50,31,378,5,0,25,649,90,24.44057267723045,0.62,7.56,12.193548387096774,0.1,12.98,2.903225806451613
2024,malachi corley,Malachi Corley,NYJ,WR,5,6,3,16,0,0,1,50,5,-3.643815412768163,0.5,2.6666666666666665,5.333333333333333,0,8.333333333333334,1.6666666666666667
2024,malik heath,Malik Heath,GB,WR,5,13,10,97,2,0,5,84,23,8.319539334159344,0.7692307692307693,7.461538461538462,9.7,0.15384615384615385,6.461538461538462,2.3
2024,malik nabers,Malik Nabers,NYG,WR,15,170,109,1204,7,1,55,1609,462,45.6944160882511,0.6411764705882353,7.08235294117647,11.045871559633028,0.041176470588235294,9.464705882352941,4.238532110091743
2024,malik washington,Malik Washington,MIA,WR,14,36,26,223,0,0,13,195,123,7.022316479822621,0.7222222222222222,6.194444444444445,8.576923076923077,0,5.416666666666667,4.730769230769231
2024,marquez valdes scantling,Marquez Valdes-Scantling,NO,WR,13,44,19,411,4,0,14,765,143,10.253649778934479,0.4318181818181818,9.340909090909092,21.63157894736842,0.09090909090909091,17.386363636363637,7.526315789473684
2024,marquise brown,Marquise Brown,KC,WR,2,15,9,91,0,0,5,123,46,4.157604897452984,0.6,6.066666666666666,10.11111111111111,0,8.2,5.111111111111111
2024,marvin harrison jr,Marvin Harrison Jr.,ARI,WR,17,116,62,885,8,1,43,1566,148,27.308877169188353,0.5344827586206896,7.629310344827586,14.274193548387096,0.06896551724137931,13.5,2.3870967741935485
2024,mason kinsey,Mason Kinsey,TEN,WR,6,2,2,17,0,0,1,17,0,0.798377008002717,1,8.5,8.5,0,8.5,0
2024,mason tipton,Mason Tipton,NO,WR,9,26,14,99,0,0,2,326,27,-10.480804391489038,0.5384615384615384,3.8076923076923075,7.071428571428571,0,12.538461538461538,1.9285714285714286
2024,maurice alexander,Maurice Alexander,DET,WR,2,0,0,0,0,0,0,0,0,NA,NA,NA,NA,NA,NA,NA
2024,mecole hardman,Mecole Hardman,KC,WR,12,14,12,90,0,0,6,-14,99,4.308099643734749,0.8571428571428571,6.428571428571429,7.5,0,-1,8.25
2024,michael wilson,Michael Wilson,ARI,WR,16,71,47,548,4,1,27,805,130,10.123561753464637,0.6619718309859155,7.71830985915493,11.659574468085106,0.056338028169014086,11.338028169014084,2.765957446808511
2024,mike brown,Mike Brown,TEN,SAF,14,0,0,0,0,0,0,0,0,NA,NA,NA,NA,NA,NA,NA
2024,mike evans,Mike Evans,TB,WR,14,110,74,1004,11,0,53,1274,226,38.52560734764584,0.6727272727272727,9.127272727272727,13.567567567567568,0.1,11.581818181818182,3.054054054054054
2024,mike williams,Mike Williams,PIT,WR,14,34,21,298,1,0,14,518,35,14.53535466580683,0.6176470588235294,8.764705882352942,14.19047619047619,0.029411764705882353,15.235294117647058,1.6666666666666667
2024,mike woods,Mike Woods,CLE,WR,5,17,7,65,0,0,4,187,35,-9.09170924811042,0.4117647058823529,3.823529411764706,9.285714285714286,0,11,5
2024,milton williams,Milton Williams,PHI,DE,16,0,0,0,0,0,0,0,0,NA,NA,NA,NA,NA,NA,NA
2024,montrell washington,Montrell Washington,KC,WR,1,0,0,0,0,0,0,0,0,NA,NA,NA,NA,NA,NA,NA
2024,nelson agholor,Nelson Agholor,BAL,WR,13,29,14,231,2,0,10,387,85,7.090263242885357,0.4827586206896552,7.9655172413793105,16.5,0.06896551724137931,13.344827586206897,6.071428571428571
2024,nico collins,Nico Collins,HOU,WR,12,99,68,1006,7,0,48,1083,365,42.83286833071891,0.6868686868686869,10.16161616161616,14.794117647058824,0.0707070707070707,10.93939393939394,5.367647058823529
2024,nikko remigio,Nikko Remigio,KC,WR,5,6,2,48,0,0,2,64,14,-0.4014542973600328,0.3333333333333333,8,24,0,10.666666666666666,7
2024,noah brown,Noah Brown,WAS,WR,11,56,35,453,1,0,21,637,83,12.031629731719004,0.625,8.089285714285714,12.942857142857143,0.017857142857142856,11.375,2.3714285714285714
2024,odell beckham jr,Odell Beckham Jr.,MIA,WR,8,19,9,55,0,0,3,164,14,-11.280472586230427,0.47368421052631576,2.8947368421052633,6.111111111111111,0,8.631578947368421,1.5555555555555556
2024,olamide zaccheaus,Olamide Zaccheaus,WAS,WR,16,64,45,506,3,0,26,406,284,25.082292633426693,0.703125,7.90625,11.244444444444444,0.046875,6.34375,6.311111111111111
2024,parker washington,Parker Washington,JAX,WR,14,51,32,390,3,1,19,601,108,13.440562373751664,0.6274509803921569,7.647058823529412,12.1875,0.058823529411764705,11.784313725490197,3.375
2024,parris campbell,Parris Campbell,PHI,WR,4,8,6,30,1,0,1,34,9,0.38846751931123435,0.75,3.75,5,0.125,4.25,1.5
2024,puka nacua,Puka Nacua,LA,WR,11,106,79,990,3,0,47,839,518,52.345289923626964,0.7452830188679245,9.339622641509434,12.531645569620252,0.02830188679245283,7.915094339622642,6.556962025316456
2024,quentin johnston,Quentin Johnston,LAC,WR,15,91,55,711,8,0,32,986,306,34.90808236158111,0.6043956043956044,7.813186813186813,12.927272727272728,0.08791208791208792,10.835164835164836,5.5636363636363635
2024,rakim jarrett,Rakim Jarrett,TB,WR,8,11,9,124,0,0,5,127,18,7.4145855561285785,0.8181818181818182,11.272727272727273,13.777777777777779,0,11.545454545454545,2
2024,ramel keyton,Ramel Keyton,LV,WR,3,3,1,7,0,0,1,30,0,0.06258599541615695,0.3333333333333333,2.3333333333333335,7,0,10,0
2024,rashee rice,Rashee Rice,KC,WR,4,29,24,288,2,0,15,151,186,16.473272208531853,0.8275862068965517,9.931034482758621,12,0.06896551724137931,5.206896551724138,7.75
2024,rashid shaheed,Rashid Shaheed,NO,WR,6,41,20,349,3,0,12,721,106,-5.933859090629678,0.4878048780487805,8.512195121951219,17.45,0.07317073170731707,17.585365853658537,5.3
2024,rashod bateman,Rashod Bateman,BAL,WR,16,72,45,756,9,0,35,973,184,44.981979110995624,0.625,10.5,16.8,0.125,13.51388888888889,4.088888888888889
2024,ray ray mccloud,Ray-Ray McCloud,ATL,WR,17,87,62,686,1,3,30,589,335,5.625330584082679,0.7126436781609196,7.885057471264368,11.064516129032258,0.011494252873563218,6.7701149425287355,5.403225806451613
2024,ricky pearsall,Ricky Pearsall,SF,WR,11,46,31,400,3,0,19,528,114,7.521673774945366,0.6739130434782609,8.695652173913043,12.903225806451612,0.06521739130434782,11.478260869565217,3.6774193548387095
2024,river cracraft,River Cracraft,MIA,WR,5,9,7,66,0,0,4,71,11,4.595730058965273,0.7777777777777778,7.333333333333333,9.428571428571429,0,7.888888888888889,1.5714285714285714
2024,robbie chosen,Robbie Chosen,MIA,WR,1,4,1,5,0,0,0,47,1,-8.406382423301693,0.25,1.25,5,0,11.75,1
2024,robert woods,Robert Woods,HOU,WR,14,30,20,203,0,3,12,284,73,0.9846309969664491,0.6666666666666666,6.766666666666667,10.15,0,9.466666666666667,3.65
2024,rome odunze,Rome Odunze,CHI,WR,17,101,54,734,3,2,37,1398,253,16.061161296314502,0.5346534653465347,7.267326732673268,13.592592592592593,0.0297029702970297,13.841584158415841,4.685185185185185
2024,romeo doubs,Romeo Doubs,GB,WR,13,72,46,601,4,0,33,886,135,29.73358125259811,0.6388888888888888,8.347222222222221,13.065217391304348,0.05555555555555555,12.305555555555555,2.9347826086956523
2024,ronnie bell,Ronnie Bell,SF,WR,4,6,2,22,0,0,2,65,2,-4.306386332027614,0.3333333333333333,3.6666666666666665,11,0,10.833333333333334,1
2024,ryan flournoy,Ryan Flournoy,DAL,WR,9,14,10,102,0,1,5,115,34,-2.804956874344498,0.7142857142857143,7.285714285714286,10.2,0,8.214285714285714,3.4
2024,ryan miller,Ryan Miller,TB,WR,9,20,12,128,2,0,7,195,55,4.8478659505378845,0.6,6.4,10.666666666666666,0.1,9.75,4.583333333333333
2024,simi fehoko,Simi Fehoko,LAC,WR,6,16,6,106,0,0,6,236,16,2.6842536491641606,0.375,6.625,17.666666666666668,0,14.75,2.6666666666666665
2024,skyy moore,Skyy Moore,KC,WR,3,3,0,0,0,0,0,18,0,-2.9197579972678795,0,0,NA,0,6,NA
2024,stefon diggs,Stefon Diggs,HOU,WR,8,64,47,496,3,0,31,556,185,18.081069017473652,0.734375,7.75,10.553191489361701,0.046875,8.6875,3.9361702127659575
2024,stephen sullivan,Stephen Sullivan,CAR,TE,1,1,0,0,0,0,0,16,0,-0.5321595503482968,0,0,NA,0,16,NA
2024,sterling shepard,Sterling Shepard,TB,WR,13,51,32,334,1,0,16,473,99,15.6184279738549,0.6274509803921569,6.549019607843137,10.4375,0.0196078431372549,9.27450980392157,3.09375
2024,tank dell,Tank Dell,HOU,WR,14,81,51,667,3,0,35,1016,164,21.898456696416915,0.6296296296296297,8.234567901234568,13.07843137254902,0.037037037037037035,12.54320987654321,3.215686274509804
2024,tanner conner,Tanner Conner,MIA,TE,4,4,3,16,0,0,1,46,5,-0.8357988308998756,0.75,4,5.333333333333333,0,11.5,1.6666666666666667
2024,tay martin,Tay Martin,TEN,WR,1,2,1,49,1,0,1,63,5,5.3682950005168095,0.5,24.5,49,0.5,31.5,5
2024,tee higgins,Tee Higgins,CIN,WR,12,109,73,911,10,1,48,1067,228,56.40129599279861,0.6697247706422018,8.357798165137615,12.479452054794521,0.09174311926605505,9.788990825688073,3.1232876712328768
2024,terry mclaurin,Terry McLaurin,WAS,WR,17,117,82,1096,13,0,56,1561,292,70.81990818604919,0.7008547008547008,9.367521367521368,13.365853658536585,0.1111111111111111,13.341880341880342,3.5609756097560976
2024,tim jones,Tim Jones,JAX,WR,8,5,3,41,0,0,3,40,17,1.9941945006139576,0.6,8.2,13.666666666666666,0,8,5.666666666666667
2024,tim patrick,Tim Patrick,DET,WR,15,44,33,394,3,0,20,439,141,19.74853268615203,0.75,8.954545454545455,11.93939393939394,0.06818181818181818,9.977272727272727,4.2727272727272725
2024,tom kennedy,Tom Kennedy,DET,WR,3,1,0,0,0,0,0,11,0,-2.2307364916196093,0,0,NA,0,11,NA
2024,tony brown,Tony Brown,CLE,DB,4,0,0,0,0,0,0,0,0,NA,NA,NA,NA,NA,NA,NA
2024,tony jones,Tony Jones,ARI,RB,1,0,0,0,0,0,0,0,0,NA,NA,NA,NA,NA,NA,NA
2024,tre tucker,Tre Tucker,LV,WR,17,81,47,539,3,0,24,1017,208,12.27349475010778,0.5802469135802469,6.654320987654321,11.46808510638298,0.037037037037037035,12.555555555555555,4.425531914893617
2024,trent sherfield,Trent Sherfield,MIN,WR,13,9,8,83,1,0,4,54,40,1.973562387865968,0.8888888888888888,9.222222222222221,10.375,0.1111111111111111,6,5
2024,trent taylor,Trent Taylor,SF,WR,2,1,1,11,0,0,0,9,2,0.504246017197147,1,11,11,0,9,2
2024,trenton irwin,Trenton Irwin,CIN,WR,6,10,3,15,0,0,1,62,4,-6.57105825309387,0.3,1.5,5,0,6.2,1.3333333333333333
2024,trey palmer,Trey Palmer,TB,WR,15,22,12,172,1,0,7,315,42,5.945010595227359,0.5454545454545454,7.818181818181818,14.333333333333334,0.045454545454545456,14.318181818181818,3.5
2024,treylon burks,Treylon Burks,TEN,WR,5,8,4,34,0,0,3,135,5,0.17075724701862782,0.5,4.25,8.5,0,16.875,1.25
2024,troy franklin,Troy Franklin,DEN,WR,16,53,28,263,2,0,11,690,163,-18.429685633488514,0.5283018867924528,4.962264150943396,9.392857142857142,0.03773584905660377,13.018867924528301,5.821428571428571
2024,tutu atwell,Tutu Atwell,LA,WR,15,62,42,562,0,0,29,741,126,18.690671786649013,0.6774193548387096,9.064516129032258,13.380952380952381,0,11.951612903225806,3
2024,tylan wallace,Tylan Wallace,BAL,WR,12,12,11,193,1,0,5,74,127,12.686041927838232,0.9166666666666666,16.083333333333332,17.545454545454547,0.08333333333333333,6.166666666666667,11.545454545454545
2024,tyler boyd,Tyler Boyd,TEN,WR,15,57,39,390,0,0,20,420,189,2.8788736898387164,0.6842105263157895,6.842105263157895,10,0,7.368421052631579,4.846153846153846
2024,tyler johnson,Tyler Johnson,LA,WR,11,41,26,291,1,0,10,229,183,-2.6642196009207817,0.6341463414634146,7.097560975609756,11.192307692307692,0.024390243902439025,5.585365853658536,7.038461538461538
2024,tyler lockett,Tyler Lockett,SEA,WR,17,74,49,600,2,0,36,783,134,12.303688607082538,0.6621621621621622,8.108108108108109,12.244897959183673,0.02702702702702703,10.58108108108108,2.7346938775510203
2024,tyler scott,Tyler Scott,CHI,WR,4,1,1,5,0,0,0,-2,7,-0.072181174706202,1,5,5,0,-2,7
2024,tyquan thornton,Tyquan Thornton,NE,WR,4,8,4,47,0,0,2,126,24,-4.84829464572249,0.5,5.875,11.75,0,15.75,6
2024,tyreek hill,Tyreek Hill,MIA,WR,17,122,81,959,6,0,54,1369,292,27.086697996261123,0.6639344262295082,7.860655737704918,11.839506172839506,0.04918032786885246,11.221311475409836,3.6049382716049383
2024,tyrell shavers,Tyrell Shavers,BUF,WR,1,1,1,69,1,0,1,-2,71,7.094042852520943,1,69,69,1,-2,71
2024,van jefferson,Van Jefferson,PIT,WR,15,40,24,276,2,0,12,465,78,2.069952699894431,0.6,6.9,11.5,0.05,11.625,3.25
2024,wan dale robinson,Wan'Dale Robinson,NYG,WR,17,140,93,699,3,0,36,656,361,-24.239516190521087,0.6642857142857143,4.992857142857143,7.516129032258065,0.02142857142857143,4.685714285714286,3.881720430107527
2024,xavier gipson,Xavier Gipson,NYJ,WR,17,10,6,39,1,0,3,112,22,-2.6579581913682633,0.6,3.9,6.5,0.1,11.2,3.6666666666666665
2024,xavier hutchinson,Xavier Hutchinson,HOU,WR,14,26,12,117,0,0,6,264,37,-7.808886946424382,0.46153846153846156,4.5,9.75,0,10.153846153846153,3.0833333333333335
2024,xavier legette,Xavier Legette,CAR,WR,15,84,49,497,4,0,27,1030,112,4.517763540836107,0.5833333333333334,5.916666666666667,10.142857142857142,0.047619047619047616,12.261904761904763,2.2857142857142856
2024,xavier smith,Xavier Smith,LA,WR,14,2,2,6,0,0,1,1,5,-0.0994464058894664,1,3,3,0,0.5,2.5
2024,xavier weaver,Xavier Weaver,ARI,WR,2,2,0,0,0,0,0,39,0,-1.6448100185267425,0,0,NA,0,19.5,NA
2024,xavier worthy,Xavier Worthy,KC,WR,16,98,59,638,6,0,36,904,407,19.35543148920299,0.6020408163265306,6.510204081632653,10.813559322033898,0.061224489795918366,9.224489795918368,6.898305084745763
2024,zach pascal,Zach Pascal,ARI,WR,3,0,0,0,0,0,0,0,0,NA,NA,NA,NA,NA,NA,NA
2024,zay flowers,Zay Flowers,BAL,WR,17,116,74,1059,4,0,48,1207,463,44.65668916783794,0.6379310344827587,9.129310344827585,14.31081081081081,0.034482758620689655,10.405172413793103,6.256756756756757
2024,zay jones,Zay Jones,ARI,WR,6,11,8,84,0,0,5,119,19,-0.47508573124650866,0.7272727272727273,7.636363636363637,10.5,0,10.818181818181818,2.375
2025,a j brown,A.J. Brown,PHI,WR,15,121,78,1003,7,0,47,1425,268,33.68347278376969,0.6446280991735537,8.289256198347108,12.85897435897436,0.05785123966942149,11.776859504132231,3.4358974358974357
2025,a j green,A.J. Green,MIA,CB,1,0,0,0,0,0,0,0,0,NA,NA,NA,NA,NA,NA,NA
2025,adam thielen,Adam Thielen,PIT,WR,14,35,19,186,0,0,10,306,44,5.179502845028881,0.5428571428571428,5.314285714285714,9.789473684210526,0,8.742857142857142,2.3157894736842106
2025,adonai mitchell,Adonai Mitchell,NYJ,WR,16,74,33,453,2,1,16,1102,80,-16.11009648335977,0.44594594594594594,6.121621621621622,13.727272727272727,0.02702702702702703,14.891891891891891,2.4242424242424243
2025,alec pierce,Alec Pierce,IND,WR,15,84,47,1003,6,0,41,1593,174,55.77911305843583,0.5595238095238095,11.94047619047619,21.340425531914892,0.07142857142857142,18.964285714285715,3.702127659574468
2025,alex bachman,Alex Bachman,LV,WR,11,3,2,12,0,0,2,14,2,1.0650289835757576,0.6666666666666666,4,6,0,4.666666666666667,1
2025,allen lazard,Allen Lazard,NYJ,WR,9,18,10,70,1,0,4,142,33,-9.657388184568845,0.5555555555555556,3.888888888888889,7,0.05555555555555555,7.888888888888889,3.3
2025,amon ra st brown,Amon-Ra St. Brown,DET,WR,17,172,117,1401,11,1,72,1390,570,55.614716241154795,0.6802325581395349,8.145348837209303,11.974358974358974,0.06395348837209303,8.081395348837209,4.871794871794871
2025,andre baccellia,Andre Baccellia,ARI,WR,4,4,2,8,0,0,0,7,7,-1.8098246662411839,0.5,2,4,0,1.75,3.5
2025,andrei iosivas,Andrei Iosivas,CIN,WR,15,58,33,435,2,0,24,606,103,11.676757565341108,0.5689655172413793,7.5,13.181818181818182,0.034482758620689655,10.448275862068966,3.121212121212121
2025,anthony gould,Anthony Gould,IND,WR,11,2,2,6,0,0,0,-2,8,-0.9898295255261473,1,3,3,0,-1,4
2025,arian smith,Arian Smith,NYJ,WR,13,16,7,52,0,0,4,216,33,-6.329420673835557,0.4375,3.25,7.428571428571429,0,13.5,4.714285714285714
2025,ashton dulin,Ashton Dulin,IND,WR,12,10,5,106,0,0,4,158,53,5.759459519234952,0.5,10.6,21.2,0,15.8,10.6
2025,austin trammell,Austin Trammell,JAX,WR,6,10,3,46,0,0,2,130,2,-4.970840585587128,0.3,4.6,15.333333333333334,0,13,0.6666666666666666
2025,beaux collins,Beaux Collins,NYG,WR,4,6,2,25,0,0,1,73,6,-5.74455542647047,0.3333333333333333,4.166666666666667,12.5,0,12.166666666666666,3
2025,ben skowronek,Ben Skowronek,PIT,WR,16,6,4,69,1,0,4,61,23,5.408946100738831,0.6666666666666666,11.5,17.25,0.16666666666666666,10.166666666666666,5.75
2025,bo melton,Bo Melton,GB,CB,13,13,4,107,1,0,4,222,7,-2.578225619858131,0.3076923076923077,8.23076923076923,26.75,0.07692307692307693,17.076923076923077,1.75
2025,brandin cooks,Brandin Cooks,BUF,WR,13,36,24,279,0,0,14,516,43,16.035737761522906,0.6666666666666666,7.75,11.625,0,14.333333333333334,1.7916666666666667
2025,brandon coleman,Brandon Coleman,WAS,OT,4,0,0,0,0,0,0,0,0,NA,NA,NA,NA,NA,NA,NA
2025,brandon johnson,Brandon Johnson,PHI,CB,2,0,0,0,0,0,0,0,0,NA,NA,NA,NA,NA,NA,NA
2025,brandon jones,Brandon Jones,DEN,SAF,14,0,0,0,0,0,0,0,0,NA,NA,NA,NA,NA,NA,NA
2025,braxton berrios,Braxton Berrios,HOU,WR,4,8,6,37,0,0,3,24,18,2.3596400750102475,0.75,4.625,6.166666666666667,0,3,3
2025,brian thomas jr,Brian Thomas Jr.,JAX,WR,14,91,48,707,2,0,33,1315,159,17.201031782087778,0.5274725274725275,7.769230769230769,14.729166666666666,0.02197802197802198,14.45054945054945,3.3125
2025,britain covey,Britain Covey,PHI,WR,6,4,2,20,0,0,2,8,20,0.5963683022642061,0.5,5,10,0,2,10
2025,bryce oliver,Bryce Oliver,TEN,WR,2,1,1,8,0,0,0,6,2,0.5178800749126822,1,8,8,0,6,2
2025,calvin ridley,Calvin Ridley,TEN,WR,7,36,17,303,0,0,13,453,84,12.221225031865272,0.4722222222222222,8.416666666666666,17.823529411764707,0,12.583333333333334,4.9411764705882355
2025,casey washington,Casey Washington,ATL,WR,5,14,6,94,0,0,6,262,12,3.7288784982520156,0.42857142857142855,6.714285714285714,15.666666666666666,0,18.714285714285715,2
2025,cedric tillman,Cedric Tillman,CLE,WR,12,39,21,270,2,0,13,463,62,6.527347081549641,0.5384615384615384,6.923076923076923,12.857142857142858,0.05128205128205128,11.871794871794872,2.9523809523809526
2025,ceedee lamb,CeeDee Lamb,DAL,WR,13,117,75,1077,3,0,43,1403,323,28.990819384612788,0.6410256410256411,9.205128205128204,14.36,0.02564102564102564,11.991452991452991,4.306666666666667
2025,charlie jones,Charlie Jones,CIN,WR,14,1,0,0,0,0,0,42,0,-0.5337089993990958,0,0,NA,0,42,NA
2025,chimere dike,Chimere Dike,TEN,WR,17,74,48,423,4,0,20,599,220,1.5662332190759594,0.6486486486486487,5.716216216216216,8.8125,0.05405405405405406,8.094594594594595,4.583333333333333
2025,chris blair,Chris Blair,ATL,WR,1,0,0,0,0,0,0,0,0,NA,NA,NA,NA,NA,NA,NA
2025,chris moore,Chris Moore,WAS,WR,10,23,11,207,1,0,10,332,53,12.282829990267677,0.4782608695652174,9,18.818181818181817,0.043478260869565216,14.434782608695652,4.818181818181818
2025,chris olave,Chris Olave,NO,WR,16,156,100,1163,9,0,53,1841,289,35.62936226270581,0.6410256410256411,7.455128205128205,11.63,0.057692307692307696,11.801282051282051,2.89
2025,chris williams,Chris Williams,CHI,DL,10,0,0,0,0,0,0,0,0,NA,NA,NA,NA,NA,NA,NA
2025,christian kirk,Christian Kirk,HOU,WR,11,52,28,239,1,0,12,365,115,-21.167927348362852,0.5384615384615384,4.596153846153846,8.535714285714286,0.019230769230769232,7.019230769230769,4.107142857142857
2025,christian watson,Christian Watson,GB,WR,10,55,35,611,6,0,28,977,118,32.272833978563845,0.6363636363636364,11.10909090909091,17.457142857142856,0.10909090909090909,17.763636363636362,3.3714285714285714
2025,cody white,Cody White,SEA,WR,8,4,3,90,1,0,2,39,58,4.8423199583776295,0.75,22.5,30,0.25,9.75,19.333333333333332
2025,coleman owen,Coleman Owen,IND,WR,2,1,0,0,0,0,0,2,0,-3.259766154224053,0,0,NA,0,2,NA
2025,cooper kupp,Cooper Kupp,SEA,WR,16,70,47,593,2,1,26,525,293,7.638549692919277,0.6714285714285714,8.471428571428572,12.617021276595745,0.02857142857142857,7.5,6.23404255319149
2025,courtland sutton,Courtland Sutton,DEN,WR,17,124,74,1017,7,0,52,1542,222,45.593916971176796,0.5967741935483871,8.201612903225806,13.743243243243244,0.056451612903225805,12.435483870967742,3
2025,curtis samuel,Curtis Samuel,BUF,WR,6,9,7,81,1,0,5,145,27,8.805984938517213,0.7777777777777778,9,11.571428571428571,0.1111111111111111,16.11111111111111,3.857142857142857
2025,dalen cambre,Dalen Cambre,NYG,WR,3,0,0,0,0,0,0,0,0,NA,NA,NA,NA,NA,NA,NA
2025,dalevon campbell,Dalevon Campbell,CAR,WR,1,0,0,0,0,0,0,0,0,NA,NA,NA,NA,NA,NA,NA
2025,dante pettis,Dante Pettis,NO,WR,8,11,9,127,0,1,4,105,86,-4.032648357970084,0.8181818181818182,11.545454545454545,14.11111111111111,0,9.545454545454545,9.555555555555555
2025,dareke young,Dareke Young,SEA,WR,8,3,2,48,0,0,2,57,0,1.9701104544801638,0.6666666666666666,16,24,0,19,0
2025,darius cooper,Darius Cooper,PHI,WR,6,11,9,92,0,0,6,109,22,3.887109417555621,0.8181818181818182,8.363636363636363,10.222222222222221,0,9.909090909090908,2.4444444444444446
2025,darius slayton,Darius Slayton,NYG,WR,14,63,37,538,1,1,23,843,198,18.001405174971303,0.5873015873015873,8.53968253968254,14.54054054054054,0.015873015873015872,13.380952380952381,5.351351351351352
2025,darnell mooney,Darnell Mooney,ATL,WR,15,72,32,443,1,2,25,1019,73,3.6679175114696045,0.4444444444444444,6.152777777777778,13.84375,0.013888888888888888,14.152777777777779,2.28125
2025,davante adams,Davante Adams,LA,WR,14,114,60,789,14,0,51,1444,117,27.033441679594226,0.5263157894736842,6.921052631578948,13.15,0.12280701754385964,12.666666666666666,1.95
2025,david moore,David Moore,CAR,WR,3,1,1,5,0,0,0,5,0,-0.30323291127569973,1,5,5,0,5,0
2025,david sills,David Sills,ATL,WR,12,36,18,191,2,0,9,404,56,-1.7800313001570753,0.5,5.305555555555555,10.61111111111111,0.05555555555555555,11.222222222222221,3.111111111111111
2025,deandre carter,DeAndre Carter,CLE,WR,4,0,0,0,0,0,0,0,0,NA,NA,NA,NA,NA,NA,NA
2025,deandre hopkins,DeAndre Hopkins,BAL,WR,17,39,22,330,2,0,15,513,65,9.447229077659696,0.5641025641025641,8.461538461538462,15,0.05128205128205128,13.153846153846153,2.9545454545454546
2025,demarcus robinson,Demarcus Robinson,SF,WR,14,35,22,276,1,0,15,472,36,7.571534263031625,0.6285714285714286,7.885714285714286,12.545454545454545,0.02857142857142857,13.485714285714286,1.6363636363636365
2025,demario douglas,DeMario Douglas,NE,WR,16,46,31,447,3,0,17,445,214,28.142252345996887,0.6739130434782609,9.717391304347826,14.419354838709678,0.06521739130434782,9.673913043478262,6.903225806451613
2025,derius davis,Derius Davis,LAC,WR,11,3,2,10,0,0,0,33,8,-1.0258204450365156,0.6666666666666666,3.3333333333333335,5,0,11,4
2025,devaughn vele,Devaughn Vele,NO,WR,9,39,25,293,2,0,19,432,34,16.811545222313843,0.6410256410256411,7.512820512820513,11.72,0.05128205128205128,11.076923076923077,1.36
2025,deven thompkins,Deven Thompkins,ATL,WR,7,3,3,27,0,0,1,7,20,0.9335535314166918,1,9,9,0,2.3333333333333335,6.666666666666667
2025,devin duvernay,Devin Duvernay,CHI,WR,17,5,2,26,0,0,1,75,0,-0.3087802017147605,0.4,5.2,13,0,15,0
2025,devonta smith,DeVonta Smith,PHI,WR,17,113,77,1008,4,0,44,1355,293,54.36954212163124,0.6814159292035398,8.920353982300885,13.090909090909092,0.035398230088495575,11.991150442477876,3.8051948051948052
2025,devontez walker,Devontez Walker,BAL,WR,8,8,6,136,3,0,5,196,23,17.93757535755867,0.75,17,22.666666666666668,0.375,24.5,3.8333333333333335
2025,dominic lovett,Dominic Lovett,DET,WR,2,0,0,0,0,0,0,0,0,NA,NA,NA,NA,NA,NA,NA
2025,dont e thornton jr,Dont'e Thornton Jr.,LV,WR,11,30,10,135,0,0,7,497,38,-12.038327714126549,0.3333333333333333,4.5,13.5,0,16.566666666666666,3.8
2025,dontayvion wicks,Dontayvion Wicks,GB,WR,13,46,30,332,2,0,21,517,67,14.157983337128767,0.6521739130434783,7.217391304347826,11.066666666666666,0.043478260869565216,11.23913043478261,2.2333333333333334
2025,drake london,Drake London,ATL,WR,12,112,68,919,7,1,46,1221,229,24.780595332661015,0.6071428571428571,8.205357142857142,13.514705882352942,0.0625,10.901785714285714,3.3676470588235294
2025,dyami brown,Dyami Brown,JAX,WR,11,37,20,227,1,0,13,518,31,-2.0839201905844327,0.5405405405405406,6.135135135135135,11.35,0.02702702702702703,14,1.55
2025,dylan drummond,Dylan Drummond,ATL,WR,6,11,7,42,0,0,2,85,14,-7.062778018525137,0.6363636363636364,3.8181818181818183,6,0,7.7272727272727275,2
2025,efton chism iii,Efton Chism III,NE,WR,8,3,3,75,1,0,3,35,40,6.780070101725869,1,25,25,0.3333333333333333,11.666666666666666,13.333333333333334
2025,elic ayomanor,Elic Ayomanor,TEN,WR,16,89,41,515,4,0,30,1126,115,-9.59570349645603,0.4606741573033708,5.786516853932584,12.560975609756097,0.0449438202247191,12.651685393258427,2.8048780487804876
2025,elijah higgins,Elijah Higgins,ARI,TE,17,37,30,301,0,1,15,148,209,1.4276832967298105,0.8108108108108109,8.135135135135135,10.033333333333333,0,4,6.966666666666667
2025,elijah moore,Elijah Moore,BUF,WR,9,17,9,112,0,0,4,142,58,-3.889523251040373,0.5294117647058824,6.588235294117647,12.444444444444445,0,8.352941176470589,6.444444444444445
2025,emeka egbuka,Emeka Egbuka,TB,WR,17,127,63,938,6,0,34,1572,335,7.143142977189891,0.49606299212598426,7.3858267716535435,14.88888888888889,0.047244094488188976,12.377952755905511,5.317460317460317
2025,gage larvadain,Gage Larvadain,CLE,WR,13,14,7,71,0,0,3,125,28,-4.781514537156792,0.5,5.071428571428571,10.142857142857142,0,8.928571428571429,4
2025,garrett wilson,Garrett Wilson,NYJ,WR,7,59,36,395,4,1,18,535,100,-2.065128048153619,0.6101694915254238,6.694915254237288,10.972222222222221,0.06779661016949153,9.067796610169491,2.7777777777777777
2025,george pickens,George Pickens,DAL,WR,17,137,93,1429,9,4,73,1547,479,88.7427112801041,0.6788321167883211,10.430656934306569,15.365591397849462,0.06569343065693431,11.291970802919709,5.150537634408602
2025,greg dortch,Greg Dortch,ARI,WR,12,33,29,206,3,0,10,58,194,4.251081109633556,0.8787878787878788,6.242424242424242,7.103448275862069,0.09090909090909091,1.7575757575757576,6.689655172413793
2025,gunner olszewski,Gunner Olszewski,NYG,WR,16,13,10,145,1,0,7,130,74,10.609890480312094,0.7692307692307693,11.153846153846153,14.5,0.07692307692307693,10,7.4
2025,hunter renfrow,Hunter Renfrow,CAR,WR,6,26,15,89,2,0,8,194,24,-2.0028398223078985,0.5769230769230769,3.423076923076923,5.933333333333334,0.07692307692307693,7.461538461538462,1.6
2025,isaac teslaa,Isaac TeSlaa,DET,WR,14,27,16,239,6,0,14,352,55,17.83113294077018,0.5925925925925926,8.851851851851851,14.9375,0.2222222222222222,13.037037037037036,3.4375
2025,isaiah bond,Isaiah Bond,CLE,WR,15,44,18,338,0,0,11,751,79,-0.8045055419750642,0.4090909090909091,7.681818181818182,18.77777777777778,0,17.068181818181817,4.388888888888889
2025,isaiah hodgins,Isaiah Hodgins,NYG,WR,6,19,10,115,1,0,6,207,17,5.5144292789116545,0.5263157894736842,6.052631578947368,11.5,0.05263157894736842,10.894736842105264,1.7
2025,isaiah williams,Isaiah Williams,NYJ,WR,15,36,26,193,0,0,10,122,119,1.1812743464005453,0.7222222222222222,5.361111111111111,7.423076923076923,0,3.388888888888889,4.576923076923077
2025,ja marr chase,Ja'Marr Chase,CIN,WR,16,185,125,1412,8,1,73,1570,640,41.379473743756826,0.6756756756756757,7.632432432432433,11.296,0.043243243243243246,8.486486486486486,5.12
2025,jack bech,Jack Bech,LV,WR,14,29,20,224,0,0,11,240,68,-2.0305611165089203,0.6896551724137931,7.724137931034483,11.2,0,8.275862068965518,3.4
2025,jacoby jones,Jacoby Jones,WAS,WR,1,1,1,25,0,0,1,3,22,1.5626438096514903,1,25,25,0,3,22
2025,jahan dotson,Jahan Dotson,PHI,WR,15,36,18,262,1,0,10,555,50,-15.057267140948838,0.5,7.277777777777778,14.555555555555555,0.027777777777777776,15.416666666666666,2.7777777777777777
2025,jahdae walker,Jahdae Walker,CHI,WR,6,10,6,87,2,0,4,130,8,6.853540320356842,0.6,8.7,14.5,0.2,13,1.3333333333333333
2025,jake bobo,Jake Bobo,SEA,WR,5,2,2,20,0,0,1,14,6,1.1352619304088876,1,10,10,0,7,3
2025,jakobi meyers,Jakobi Meyers,JAX,WR,16,110,75,835,3,1,43,1008,282,10.014071694386388,0.6818181818181818,7.590909090909091,11.133333333333333,0.02727272727272727,9.163636363636364,3.76
2025,jakobie keeney james,Jakobie Keeney-James,GB,WR,1,2,2,15,0,0,0,15,0,-0.05045412038452923,1,7.5,7.5,0,7.5,0
2025,jalen brooks,Jalen Brooks,ARI,WR,5,6,3,51,0,0,3,68,19,1.8382254684111103,0.5,8.5,17,0,11.333333333333334,6.333333333333333
2025,jalen coker,Jalen Coker,CAR,WR,11,43,33,394,3,1,22,435,102,21.855756275938127,0.7674418604651163,9.162790697674419,11.93939393939394,0.06976744186046512,10.116279069767442,3.090909090909091
2025,jalen cropper,Jalen Cropper,DAL,WR,2,0,0,0,0,0,0,0,0,NA,NA,NA,NA,NA,NA,NA
2025,jalen mcmillan,Jalen McMillan,TB,WR,4,15,12,178,0,0,8,179,59,12.489781276620626,0.8,11.866666666666667,14.833333333333334,0,11.933333333333334,4.916666666666667
2025,jalen nailor,Jalen Nailor,MIN,WR,17,53,29,444,4,0,23,656,112,11.562589095304297,0.5471698113207547,8.377358490566039,15.310344827586206,0.07547169811320754,12.377358490566039,3.8620689655172415
2025,jalen royals,Jalen Royals,KC,WR,2,3,2,4,0,0,0,22,4,-1.6252292616991326,0.6666666666666666,1.3333333333333333,2,0,7.333333333333333,2
2025,jalen tolbert,Jalen Tolbert,DAL,WR,12,34,18,203,1,0,12,408,46,4.911031921774263,0.5294117647058824,5.970588235294118,11.277777777777779,0.029411764705882353,12,2.5555555555555554
2025,jalin hyatt,Jalin Hyatt,NYG,WR,6,14,5,35,0,0,2,280,2,-9.084065895585809,0.35714285714285715,2.5,7,0,20,0.4
2025,jamal agnew,Jamal Agnew,ATL,WR,11,0,0,0,0,0,0,0,0,NA,NA,NA,NA,NA,NA,NA
2025,jamari thrash,Jamari Thrash,CLE,WR,8,15,10,107,0,0,5,102,39,2.350799160922179,0.6666666666666666,7.133333333333334,10.7,0,6.8,3.9
2025,james proche,James Proche,TEN,WR,6,12,6,65,0,0,2,175,2,1.6769203548901714,0.5,5.416666666666667,10.833333333333334,0,14.583333333333334,0.3333333333333333
2025,jameson williams,Jameson Williams,DET,WR,17,102,65,1117,7,0,49,1289,441,56.1684345240439,0.6372549019607843,10.950980392156863,17.184615384615384,0.06862745098039216,12.637254901960784,6.7846153846153845
2025,jared wayne,Jared Wayne,HOU,WR,1,2,2,20,0,0,1,17,3,0.594522395520471,1,10,10,0,8.5,1.5
2025,jason brownlee,Jason Brownlee,KC,WR,3,1,0,0,0,0,0,9,0,-0.7134253880445582,0,0,NA,0,9,NA
2025,jauan jennings,Jauan Jennings,SF,WR,15,90,55,643,9,1,36,905,181,-2.2711951457619803,0.6111111111111112,7.144444444444445,11.690909090909091,0.1,10.055555555555555,3.290909090909091
2025,jaxon smith njigba,Jaxon Smith-Njigba,SEA,WR,17,163,119,1793,10,3,81,1833,528,90.67234604483376,0.7300613496932515,11,15.067226890756302,0.06134969325153374,11.245398773006135,4.436974789915967
2025,jayden higgins,Jayden Higgins,HOU,WR,17,68,41,525,6,0,28,839,123,16.757682784795296,0.6029411764705882,7.720588235294118,12.804878048780488,0.08823529411764706,12.338235294117647,3
2025,jayden reed,Jayden Reed,GB,WR,5,22,19,207,1,0,8,179,85,11.54951262965493,0.8636363636363636,9.409090909090908,10.894736842105264,0.045454545454545456,8.136363636363637,4.473684210526316
2025,jaylen waddle,Jaylen Waddle,MIA,WR,16,100,64,910,6,1,48,1306,228,34.451660055798726,0.64,9.1,14.21875,0.06,13.06,3.5625
2025,jaylin lane,Jaylin Lane,WAS,WR,15,32,16,225,0,0,10,427,39,-5.651687835667194,0.5,7.03125,14.0625,0,13.34375,2.4375
2025,jaylin noel,Jaylin Noel,HOU,WR,17,35,26,292,2,0,13,327,99,14.1749713203277,0.7428571428571429,8.342857142857143,11.23076923076923,0.05714285714285714,9.342857142857143,3.8076923076923075
2025,jerry jeudy,Jerry Jeudy,CLE,WR,17,106,50,602,2,1,31,1288,166,-32.30545349802261,0.4716981132075472,5.679245283018868,12.04,0.018867924528301886,12.150943396226415,3.32
2025,jeshaun jones,Jeshaun Jones,MIN,WR,1,0,0,0,0,0,0,0,0,NA,NA,NA,NA,NA,NA,NA
2025,jimmy horn jr,Jimmy Horn Jr.,CAR,WR,10,15,11,108,0,0,4,90,71,3.458589691873493,0.7333333333333333,7.2,9.818181818181818,0,6,6.454545454545454
2025,jonathan mingo,Jonathan Mingo,DAL,WR,5,5,1,25,0,0,1,97,4,-4.196077800996136,0.2,5,25,0,19.4,4
2025,jordan addison,Jordan Addison,MIN,WR,14,79,42,610,3,0,26,1083,139,13.98937148091309,0.5316455696202531,7.7215189873417724,14.523809523809524,0.0379746835443038,13.708860759493671,3.3095238095238093
2025,jordan watkins,Jordan Watkins,SF,WR,2,3,2,26,0,0,1,43,1,0.9922397133777849,0.6666666666666666,8.666666666666666,13,0,14.333333333333334,0.5
2025,jordan whittington,Jordan Whittington,LA,WR,15,25,18,171,0,0,7,171,88,2.5636294847566576,0.72,6.84,9.5,0,6.84,4.888888888888889
2025,josh downs,Josh Downs,IND,WR,16,88,58,566,4,0,36,659,144,8.65751017263293,0.6590909090909091,6.431818181818182,9.758620689655173,0.045454545454545456,7.488636363636363,2.4827586206896552
2025,josh johnson,Josh Johnson,WAS,QB,3,0,0,0,0,0,0,0,0,NA,NA,NA,NA,NA,NA,NA
2025,josh palmer,Josh Palmer,BUF,WR,12,37,22,303,0,0,14,424,54,6.743612439486232,0.5945945945945946,8.18918918918919,13.772727272727273,0,11.45945945945946,2.4545454545454546
2025,josh reynolds,Josh Reynolds,NYJ,WR,5,21,11,101,0,0,4,276,14,-2.4222081790647936,0.5238095238095238,4.809523809523809,9.181818181818182,0,13.142857142857142,1.2727272727272727
2025,juju smith schuster,JuJu Smith-Schuster,KC,WR,17,45,33,345,1,0,19,244,191,2.62107560196893,0.7333333333333333,7.666666666666667,10.454545454545455,0.022222222222222223,5.4222222222222225,5.787878787878788
2025,justin jefferson,Justin Jefferson,MIN,WR,17,141,84,1048,2,0,47,1438,451,-13.828682236003711,0.5957446808510638,7.432624113475177,12.476190476190476,0.014184397163120567,10.198581560283689,5.369047619047619
2025,justin watson,Justin Watson,HOU,WR,3,4,3,30,0,0,1,33,14,1.3515022930677918,0.75,7.5,10,0,8.25,4.666666666666667
2025,kaden davis,Kaden Davis,CLE,WR,1,0,0,0,0,0,0,0,0,NA,NA,NA,NA,NA,NA,NA
2025,kalif raymond,Kalif Raymond,DET,WR,15,30,24,289,1,0,14,169,157,15.205083017843219,0.8,9.633333333333333,12.041666666666666,0.03333333333333333,5.633333333333334,6.541666666666667
2025,kameron johnson,Kameron Johnson,TB,WR,17,7,4,64,1,0,3,88,20,0.5218187012884652,0.5714285714285714,9.142857142857142,16,0.14285714285714285,12.571428571428571,5
2025,kavontae turpin,KaVontae Turpin,DAL,WR,15,38,26,396,2,0,16,339,214,16.721002287897193,0.6842105263157895,10.421052631578947,15.23076923076923,0.05263157894736842,8.921052631578947,8.23076923076923
2025,kayshon boutte,Kayshon Boutte,NE,WR,14,46,33,551,6,0,27,781,38,36.86034117618686,0.717391304347826,11.978260869565217,16.696969696969695,0.13043478260869565,16.97826086956522,1.1515151515151516
2025,ke shawn williams,Ke'Shawn Williams,CIN,WR,11,1,1,5,0,0,0,5,0,0.0076984986662864685,1,5,5,0,5,0
2025,keandre lambert smith,KeAndre Lambert-Smith,LAC,WR,10,12,5,51,1,0,3,211,21,-4.9158868087072864,0.4166666666666667,4.25,10.2,0.08333333333333333,17.583333333333332,4.2
2025,keenan allen,Keenan Allen,LAC,WR,17,122,81,777,4,2,49,1027,231,34.920523438576666,0.6639344262295082,6.368852459016393,9.592592592592593,0.03278688524590164,8.418032786885245,2.8518518518518516
2025,kendrick bourne,Kendrick Bourne,SF,WR,14,53,37,551,0,0,27,584,165,20.54687538966086,0.6981132075471698,10.39622641509434,14.891891891891891,0,11.018867924528301,4.45945945945946
2025,keon coleman,Keon Coleman,BUF,WR,12,59,38,404,4,1,26,659,88,12.39113741616928,0.6440677966101694,6.8474576271186445,10.631578947368421,0.06779661016949153,11.169491525423728,2.3157894736842106
2025,khadarel hodge,KhaDarel Hodge,ATL,WR,8,10,3,31,0,0,2,150,9,-2.792162029421752,0.3,3.1,10.333333333333334,0,15,3
2025,khalil shakir,Khalil Shakir,BUF,WR,16,95,72,719,4,1,28,349,541,7.502132030080418,0.7578947368421053,7.568421052631579,9.98611111111111,0.042105263157894736,3.6736842105263157,7.513888888888889
2025,konata mumpfield,Konata Mumpfield,LA,WR,10,23,10,92,1,0,7,296,25,-8.764106865245363,0.43478260869565216,4,9.2,0.043478260869565216,12.869565217391305,2.5
2025,kyle williams,Kyle Williams,NE,WR,14,21,10,209,3,0,7,400,79,9.837597537944696,0.47619047619047616,9.952380952380953,20.9,0.14285714285714285,19.047619047619047,7.9
2025,ladd mcconkey,Ladd McConkey,LAC,WR,16,106,66,789,6,0,35,1046,310,7.235227504492885,0.6226415094339622,7.443396226415095,11.954545454545455,0.05660377358490566,9.867924528301886,4.696969696969697
2025,lajohntay wester,LaJohntay Wester,BAL,WR,14,0,0,0,0,0,0,0,0,NA,NA,NA,NA,NA,NA,NA
2025,laquon treadwell,Laquon Treadwell,IND,WR,6,0,0,0,0,0,0,0,0,NA,NA,NA,NA,NA,NA,NA
2025,lil jordan humphrey,Lil'Jordan Humphrey,DEN,WR,7,25,13,156,1,0,9,277,29,7.935661617713379,0.52,6.24,12,0.04,11.08,2.230769230769231
2025,luke mccaffrey,Luke McCaffrey,WAS,WR,9,15,11,203,3,0,6,218,69,9.45131037094779,0.7333333333333333,13.533333333333333,18.454545454545453,0.2,14.533333333333333,6.2727272727272725
2025,luther burden iii,Luther Burden III,CHI,WR,15,60,47,652,2,0,27,460,334,30.07064408043516,0.7833333333333333,10.866666666666667,13.872340425531915,0.03333333333333333,7.666666666666667,7.1063829787234045
2025,mack hollins,Mack Hollins,NE,WR,14,65,46,550,2,1,29,851,108,27.20059189906663,0.7076923076923077,8.461538461538462,11.956521739130435,0.03076923076923077,13.092307692307692,2.347826086956522
2025,malachi corley,Malachi Corley,CLE,WR,12,14,11,79,0,0,5,-7,68,-3.2238153658108786,0.7857142857142857,5.642857142857143,7.181818181818182,0,-0.5,6.181818181818182
2025,malik cunningham,Malik Cunningham,DET,WR,1,0,0,0,0,0,0,0,0,NA,NA,NA,NA,NA,NA,NA
2025,malik heath,Malik Heath,GB,WR,7,7,6,86,0,0,4,65,29,6.949825530622253,0.8571428571428571,12.285714285714286,14.333333333333334,0,9.285714285714286,4.833333333333333
2025,malik nabers,Malik Nabers,NYG,WR,4,35,18,271,2,0,11,555,52,2.3088885260292957,0.5142857142857142,7.742857142857143,15.055555555555555,0.05714285714285714,15.857142857142858,2.888888888888889
2025,malik turner,Malik Turner,SF,WR,2,1,0,0,0,0,0,-5,0,-0.5652746770065278,0,0,NA,0,-5,NA
2025,malik washington,Malik Washington,MIA,WR,17,65,46,317,3,0,16,337,253,-9.825857283310667,0.7076923076923077,4.876923076923077,6.891304347826087,0.046153846153846156,5.184615384615385,5.5
2025,marcus harris,Marcus Harris,TEN,CB,11,0,0,0,0,0,0,0,0,NA,NA,NA,NA,NA,NA,NA
2025,marquez valdes scantling,Marquez Valdes-Scantling,PIT,WR,9,29,14,120,1,1,6,354,28,-3.0449687097139573,0.4827586206896552,4.137931034482759,8.571428571428571,0.034482758620689655,12.206896551724139,2
2025,marquise brown,Marquise Brown,KC,WR,16,74,49,587,5,1,29,836,190,22.347303343925745,0.6621621621621622,7.9324324324324325,11.979591836734693,0.06756756756756757,11.297297297297296,3.877551020408163
2025,marvin harrison jr,Marvin Harrison Jr.,ARI,WR,12,73,41,608,4,0,30,946,119,31.114757475455512,0.5616438356164384,8.32876712328767,14.829268292682928,0.0547945205479452,12.95890410958904,2.902439024390244
2025,mason kinsey,Mason Kinsey,TEN,WR,6,4,2,48,0,0,2,92,3,3.3984646108583547,0.5,12,24,0,23,1.5
2025,mason tipton,Mason Tipton,NO,WR,8,17,11,76,0,0,4,149,37,-7.460746831760796,0.6470588235294118,4.470588235294118,6.909090909090909,0,8.764705882352942,3.3636363636363638
2025,matthew golden,Matthew Golden,GB,WR,14,44,29,361,0,0,16,552,101,16.79884555261497,0.6590909090909091,8.204545454545455,12.448275862068966,0,12.545454545454545,3.4827586206896552
2025,mecole hardman,Mecole Hardman,BUF,WR,2,1,0,0,0,0,0,46,0,-0.5083634960465133,0,0,NA,0,46,NA
2025,michael bandy,Michael Bandy,DEN,WR,4,4,4,50,1,0,3,24,26,7.25989974103868,1,12.5,12.5,0.25,6,6.5
2025,michael wilson,Michael Wilson,ARI,WR,17,126,78,1006,7,0,51,1502,273,25.752180702367646,0.6190476190476191,7.984126984126984,12.897435897435898,0.05555555555555555,11.920634920634921,3.5
2025,mike brown,Mike Brown,TEN,SAF,4,0,0,0,0,0,0,0,0,NA,NA,NA,NA,NA,NA,NA
2025,mike evans,Mike Evans,TB,WR,8,62,30,368,3,0,23,824,37,5.266324962874822,0.4838709677419355,5.935483870967742,12.266666666666667,0.04838709677419355,13.290322580645162,1.2333333333333334
2025,milton williams,Milton Williams,NE,DE,11,0,0,0,0,0,0,0,0,NA,NA,NA,NA,NA,NA,NA
2025,mitchell tinsley,Mitchell Tinsley,CIN,WR,8,24,8,116,2,0,6,354,16,2.628396723910416,0.3333333333333333,4.833333333333333,14.5,0.08333333333333333,14.75,2
2025,myles price,Myles Price,MIN,WR,16,0,0,0,0,0,0,0,0,NA,NA,NA,NA,NA,NA,NA
2025,nico collins,Nico Collins,HOU,WR,15,120,71,1117,6,1,48,1529,324,39.31019932264183,0.5916666666666667,9.308333333333334,15.732394366197184,0.05,12.741666666666667,4.563380281690141
2025,nikko remigio,Nikko Remigio,KC,WR,14,1,1,21,0,0,1,18,3,2.176661997975316,1,21,21,0,18,3
2025,noah brown,Noah Brown,WAS,WR,4,10,5,83,0,0,3,145,11,2.284025734901661,0.5,8.3,16.6,0,14.5,2.2
2025,olamide zaccheaus,Olamide Zaccheaus,CHI,WR,14,65,39,313,2,0,15,462,138,-3.7957926920527654,0.6,4.815384615384615,8.025641025641026,0.03076923076923077,7.107692307692307,3.5384615384615383
2025,parker washington,Parker Washington,JAX,WR,16,95,58,847,5,0,37,1187,265,29.718381770590817,0.6105263157894737,8.91578947368421,14.60344827586207,0.05263157894736842,12.494736842105263,4.568965517241379
2025,parris campbell,Parris Campbell,DAL,WR,1,0,0,0,0,0,0,0,0,NA,NA,NA,NA,NA,NA,NA
2025,pat bryant,Pat Bryant,DEN,WR,13,49,31,378,1,0,22,410,147,14.231253681904544,0.6326530612244898,7.714285714285714,12.193548387096774,0.02040816326530612,8.36734693877551,4.741935483870968
2025,puka nacua,Puka Nacua,LA,WR,16,166,129,1715,10,1,80,1566,666,115.70040865301243,0.7771084337349398,10.331325301204819,13.294573643410853,0.060240963855421686,9.433734939759036,5.162790697674419
2025,quentin johnston,Quentin Johnston,LAC,WR,13,84,51,735,8,1,27,989,221,23.91051853808693,0.6071428571428571,8.75,14.411764705882353,0.09523809523809523,11.773809523809524,4.333333333333333
2025,quentin skinner,Quentin Skinner,NYJ,WR,1,1,1,10,0,0,1,4,6,2.3122854901449754,1,10,10,0,4,6
2025,rashee rice,Rashee Rice,KC,WR,8,78,53,571,5,1,28,338,414,16.019448061033202,0.6794871794871795,7.32051282051282,10.773584905660377,0.0641025641025641,4.333333333333333,7.811320754716981
2025,rashid shaheed,Rashid Shaheed,SEA,WR,18,92,59,687,2,1,29,1053,177,-4.27938954224811,0.6413043478260869,7.467391304347826,11.64406779661017,0.021739130434782608,11.445652173913043,3
2025,rashod bateman,Rashod Bateman,BAL,WR,13,38,19,224,2,0,12,468,39,-1.6757597344176505,0.5,5.894736842105263,11.789473684210526,0.05263157894736842,12.31578947368421,2.0526315789473686
2025,ray ray mccloud,Ray-Ray McCloud,NYG,WR,6,15,7,69,0,0,4,84,46,-9.451976196961434,0.4666666666666667,4.6,9.857142857142858,0,5.6,6.571428571428571
2025,ricky pearsall,Ricky Pearsall,SF,WR,9,53,36,528,0,0,28,748,74,26.707000381800015,0.6792452830188679,9.962264150943396,14.666666666666666,0,14.11320754716981,2.0555555555555554
2025,river cracraft,River Cracraft,WAS,WR,2,0,0,0,0,0,0,0,0,NA,NA,NA,NA,NA,NA,NA
2025,robbie chosen,Robbie Chosen,WAS,WR,3,9,5,53,0,0,2,131,5,-0.27111587714171037,0.5555555555555556,5.888888888888889,10.6,0,14.555555555555555,1
2025,roman wilson,Roman Wilson,PIT,WR,9,21,12,166,2,1,7,277,66,4.069125154677604,0.5714285714285714,7.904761904761905,13.833333333333334,0.09523809523809523,13.19047619047619,5.5
2025,rome odunze,Rome Odunze,CHI,WR,12,90,44,661,6,0,37,1252,214,20.892721082810432,0.4888888888888889,7.344444444444444,15.022727272727273,0.06666666666666667,13.911111111111111,4.863636363636363
2025,romeo doubs,Romeo Doubs,GB,WR,16,85,55,724,6,1,41,1085,163,34.645472560090084,0.6470588235294118,8.51764705882353,13.163636363636364,0.07058823529411765,12.764705882352942,2.963636363636364
2025,ronnie bell,Ronnie Bell,NO,WR,2,4,2,23,1,0,1,78,1,1.188012222701218,0.5,5.75,11.5,0.25,19.5,0.5
2025,ryan flournoy,Ryan Flournoy,DAL,WR,15,56,40,475,4,0,29,466,204,28.6348330703759,0.7142857142857143,8.482142857142858,11.875,0.07142857142857142,8.321428571428571,5.1
2025,ryan miller,Ryan Miller,TB,WR,9,4,2,34,1,0,1,70,0,-0.7049306242245401,0.5,8.5,17,0.25,17.5,0
2025,samori toure,Samori Toure,NO,WR,1,3,1,3,0,0,0,30,0,-8.685179700725712,0.3333333333333333,1,3,0,10,0
2025,savion williams,Savion Williams,GB,WR,12,10,10,78,1,0,3,17,61,4.625004964240361,1,7.8,7.8,0.1,1.7,6.1
2025,shedrick jackson,Shedrick Jackson,LV,WR,3,5,4,56,1,0,2,81,4,4.502880117041059,0.8,11.2,14,0.2,16.2,1
2025,simi fehoko,Simi Fehoko,ARI,WR,7,0,0,0,0,0,0,0,0,NA,NA,NA,NA,NA,NA,NA
2025,skyy moore,Skyy Moore,SF,WR,17,7,5,87,0,0,5,110,29,4.717117530817632,0.7142857142857143,12.428571428571429,17.4,0,15.714285714285714,5.8
2025,stefon diggs,Stefon Diggs,NE,WR,17,102,85,1013,4,0,51,871,354,70.37037388862554,0.8333333333333334,9.931372549019608,11.91764705882353,0.0392156862745098,8.53921568627451,4.1647058823529415
2025,sterling shepard,Sterling Shepard,TB,WR,13,53,39,371,1,1,18,453,149,-2.8266655006483474,0.7358490566037735,7,9.512820512820513,0.018867924528301886,8.547169811320755,3.8205128205128207
2025,tahj washington,Tahj Washington,MIA,WR,2,5,3,37,0,1,1,124,8,-5.326549560180865,0.6,7.4,12.333333333333334,0,24.8,2.6666666666666665
2025,tai felton,Tai Felton,MIN,WR,12,3,3,25,0,0,2,11,14,1.3819832485169172,1,8.333333333333334,8.333333333333334,0,3.6666666666666665,4.666666666666667
2025,tanner conner,Tanner Conner,MIA,TE,8,15,9,91,0,0,3,119,39,-6.508350265794434,0.6,6.066666666666666,10.11111111111111,0,7.933333333333334,4.333333333333333
2025,tay martin,Tay Martin,WAS,WR,2,2,2,23,0,0,1,18,5,2.5324949176283553,1,11.5,11.5,0,9,2.5
2025,tee higgins,Tee Higgins,CIN,WR,15,98,59,846,11,0,41,1314,166,35.986866589897986,0.6020408163265306,8.63265306122449,14.338983050847459,0.11224489795918367,13.408163265306122,2.8135593220338984
2025,terry mclaurin,Terry McLaurin,WAS,WR,10,60,38,582,3,0,33,839,93,31.749826540501754,0.6333333333333333,9.7,15.31578947368421,0.05,13.983333333333333,2.4473684210526314
2025,tez johnson,Tez Johnson,TB,WR,15,44,28,322,5,0,16,516,110,16.342394185250168,0.6363636363636364,7.318181818181818,11.5,0.11363636363636363,11.727272727272727,3.9285714285714284
2025,theo wease jr,Theo Wease Jr.,MIA,WR,3,10,6,139,1,0,6,137,63,2.137158262950834,0.6,13.9,23.166666666666668,0.1,13.7,10.5
2025,tim jones,Tim Jones,JAX,WR,2,1,1,15,0,0,1,4,11,1.0751921531627886,1,15,15,0,4,11
2025,tim patrick,Tim Patrick,JAX,WR,13,24,15,187,3,0,10,258,54,5.696503462025859,0.625,7.791666666666667,12.466666666666667,0.125,10.75,3.6
2025,tom kennedy,Tom Kennedy,DET,WR,6,4,4,36,0,0,2,32,4,4.502742598298937,1,9,9,0,8,1
2025,tory horton,Tory Horton,SEA,WR,8,22,13,161,5,0,7,337,33,10.245775616387846,0.5909090909090909,7.318181818181818,12.384615384615385,0.22727272727272727,15.318181818181818,2.5384615384615383
2025,travis hunter,Travis Hunter,JAX,WR,7,45,28,298,1,1,12,354,140,-2.307090115044134,0.6222222222222222,6.622222222222222,10.642857142857142,0.022222222222222223,7.866666666666666,5
2025,tre harris,Tre Harris,LAC,WR,16,43,30,324,1,0,18,398,139,15.32728224309757,0.6976744186046512,7.534883720930233,10.8,0.023255813953488372,9.255813953488373,4.633333333333334
2025,tre tucker,Tre Tucker,LV,WR,17,92,57,696,5,0,32,935,291,21.81887260248699,0.6195652173913043,7.565217391304348,12.210526315789474,0.05434782608695652,10.16304347826087,5.105263157894737
2025,trent sherfield,Trent Sherfield,ARI,WR,4,5,3,21,0,0,1,45,14,-0.8546745961648412,0.6,4.2,7,0,9,4.666666666666667
2025,treylon burks,Treylon Burks,WAS,WR,8,22,10,130,1,0,7,296,34,-8.81426042576667,0.45454545454545453,5.909090909090909,13,0.045454545454545456,13.454545454545455,3.4
2025,troy franklin,Troy Franklin,DEN,WR,17,104,65,709,6,1,32,1321,282,9.788528783931133,0.625,6.8173076923076925,10.907692307692308,0.057692307692307696,12.701923076923077,4.338461538461538
2025,tutu atwell,Tutu Atwell,LA,WR,8,15,6,192,1,0,4,302,67,2.775519557569714,0.4,12.8,32,0.06666666666666667,20.133333333333333,11.166666666666666
2025,tylan wallace,Tylan Wallace,BAL,WR,11,8,4,45,1,0,3,107,17,1.511378120412774,0.5,5.625,11.25,0.125,13.375,4.25
2025,tyler johnson,Tyler Johnson,NYJ,WR,9,18,12,197,1,0,8,210,64,10.579077500229882,0.6666666666666666,10.944444444444445,16.416666666666668,0.05555555555555555,11.666666666666666,5.333333333333333
2025,tyler lockett,Tyler Lockett,LV,WR,17,55,32,291,1,0,14,426,79,-8.545786031314679,0.5818181818181818,5.290909090909091,9.09375,0.01818181818181818,7.745454545454545,2.46875
2025,tyquan thornton,Tyquan Thornton,KC,WR,12,37,19,438,3,0,15,995,59,26.24813281281208,0.5135135135135135,11.837837837837839,23.05263157894737,0.08108108108108109,26.89189189189189,3.1052631578947367
2025,tyreek hill,Tyreek Hill,MIA,WR,4,29,21,265,1,0,17,399,57,19.8345950107323,0.7241379310344828,9.137931034482758,12.619047619047619,0.034482758620689655,13.758620689655173,2.7142857142857144
2025,tyrell shavers,Tyrell Shavers,BUF,WR,11,23,15,245,1,0,11,298,64,12.273498607915826,0.6521739130434783,10.652173913043478,16.333333333333332,0.043478260869565216,12.956521739130435,4.266666666666667
2025,van jefferson,Van Jefferson,TEN,WR,14,52,29,350,1,0,17,623,83,8.938446541217816,0.5576923076923077,6.730769230769231,12.068965517241379,0.019230769230769232,11.98076923076923,2.8620689655172415
2025,wan dale robinson,Wan'Dale Robinson,NYG,WR,16,140,92,1014,4,1,40,1187,386,19.46254311013073,0.6571428571428571,7.242857142857143,11.021739130434783,0.02857142857142857,8.478571428571428,4.195652173913044
2025,xavier gipson,Xavier Gipson,PHI,WR,6,2,2,6,0,0,0,-9,15,-0.6137133189477026,1,3,3,0,-4.5,7.5
2025,xavier hutchinson,Xavier Hutchinson,HOU,WR,16,57,35,428,3,0,19,584,146,12.88556666651169,0.6140350877192983,7.508771929824562,12.228571428571428,0.05263157894736842,10.24561403508772,4.171428571428572
2025,xavier legette,Xavier Legette,CAR,WR,15,64,35,363,3,1,18,633,75,-4.082821242714836,0.546875,5.671875,10.371428571428572,0.046875,9.890625,2.142857142857143
2025,xavier restrepo,Xavier Restrepo,TEN,WR,2,7,3,41,0,0,3,77,9,3.0452236733108293,0.42857142857142855,5.857142857142857,13.666666666666666,0,11,3
2025,xavier smith,Xavier Smith,LA,WR,16,24,18,303,0,0,11,405,107,21.934939986560494,0.75,12.625,16.833333333333332,0,16.875,5.944444444444445
2025,xavier weaver,Xavier Weaver,ARI,WR,7,13,7,67,0,0,2,192,20,1.14794683235327,0.5384615384615384,5.153846153846154,9.571428571428571,0,14.76923076923077,2.857142857142857
2025,xavier worthy,Xavier Worthy,KC,WR,14,73,42,532,1,0,22,944,193,14.82801236860376,0.5753424657534246,7.287671232876712,12.666666666666666,0.0136986301369863,12.931506849315069,4.595238095238095
2025,zavier scott,Zavier Scott,MIN,RB,11,16,14,98,1,0,7,17,105,-0.7624529692693613,0.875,6.125,7,0.0625,1.0625,7.5
2025,zay flowers,Zay Flowers,BAL,WR,17,118,86,1211,5,3,48,1204,458,46.3842026584022,0.7288135593220338,10.26271186440678,14.081395348837209,0.0423728813559322,10.203389830508474,5.325581395348837
2025,zay jones,Zay Jones,ARI,WR,6,18,12,183,0,0,7,241,36,5.602521057240665,0.6666666666666666,10.166666666666666,15.25,0,13.38888888888889,3
